{"type":"FeatureCollection","features":[{"type":"Feature","geometry":{"type":"Polygon","coordinates":[[[-111.81959616409995,40.387598191531445],[-111.82024499349582,40.38766996207198],[-111.82025116060856,40.38763049917042],[-111.82001711687471,40.38761159186695],[-111.82001716632703,40.387611336857745],[-111.81959935988561,40.387577106617925],[-111.81959616409995,40.387598191531445]]]},"properties":{"zone_code":"RA-1","zone_description":"Residential Agricultural","zone_class_normalized":"Agriculture/Rural","jurisdiction":"american_fork_ut","source_rest_url":"https://maps.afcity.org/arcgis/rest/services/Planning/Zoning2/MapServer/0","extraction_method":"arcgis_rest","confidence":"rest_api"}},{"type":"Feature","geometry":{"type":"Polygon","coordinates":[[[-111.7854575593005,40.36506875058222],[-111.7853984576448,40.36725081503807],[-111.78719571615255,40.367273282113906],[-111.78719695646686,40.36692923243476],[-111.78720137712473,40.366928797385654],[-111.78721525303285,40.36583068877129],[-111.78720404454823,40.36478912737487],[-111.78878362455282,40.36480602516348],[-111.78878406998176,40.36499551730119],[-111.78931138346223,40.36499442638364],[-111.78931064389752,40.36494232281934],[-111.78937454936136,40.364942115156325],[-111.79029399301324,40.36495455053791],[-111.79029437306615,40.3650493948332],[-111.79036313131762,40.36504959877496],[-111.7913441273168,40.36504715870646],[-111.79134298578164,40.36477908735636],[-111.79084375212254,40.3644592886351],[-111.79014238652572,40.36400458836314],[-111.79014223867294,40.363969445608184],[-111.78966367551469,40.36366283412811],[-111.78960562636028,40.363663031951035],[-111.78843910008048,40.36291572420185],[-111.7880691598218,40.36281019988182],[-111.78803667435488,40.36278266596745],[-111.78597310029602,40.36214258283464],[-111.78531237965282,40.362151343324875],[-111.78528924475914,40.36214717676051],[-111.78425575818001,40.361485491921805],[-111.78291534626962,40.35976519642414],[-111.7829134896389,40.3597660520041],[-111.78173463008875,40.36030925524059],[-111.78175262552028,40.36041102084167],[-111.7817553424491,40.36050385396443],[-111.78175570152216,40.36059133767072],[-111.78172936685716,40.36156979382232],[-111.78173198823508,40.36163941813244],[-111.78173928630893,40.36171081530299],[-111.78174895084047,40.361789349595405],[-111.78176793204375,40.361862504540184],[-111.78180329752634,40.36194454785117],[-111.78184565242898,40.362023002439194],[-111.78187149311042,40.36206043390487],[-111.78191849664519,40.36213352126431],[-111.781979536521,40.36221282326343],[-111.78202881727104,40.36227162213539],[-111.78207579903801,40.36233935348677],[-111.78212273701858,40.36242413998261],[-111.78216280206091,40.362513311954864],[-111.78218647039388,40.36259002646684],[-111.7822074520883,40.36265505469543],[-111.78222173265858,40.362718762571674],[-111.78222785862964,40.36280641331889],[-111.78222786781205,40.36282233987555],[-111.78222790751751,40.36289418860709],[-111.78221434941949,40.36432723568572],[-111.78444242850613,40.364331719539855],[-111.78442221492382,40.365065278042024],[-111.78442227968087,40.365065277884526],[-111.7854575593005,40.36506875058222]]]},"properties":{"zone_code":"GC-2","zone_description":"Planned Commercial","zone_class_normalized":"Commercial","jurisdiction":"american_fork_ut","source_rest_url":"https://maps.afcity.org/arcgis/rest/services/Planning/Zoning2/MapServer/0","extraction_method":"arcgis_rest","confidence":"rest_api"}},{"type":"Feature","geometry":{"type":"MultiPolygon","coordinates":[[[[-111.77528536646723,40.3719360589713],[-111.77527497928817,40.371933673368375],[-111.77529946399868,40.37311852599383],[-111.77528536646723,40.3719360589713]]],[[[-111.77590766397368,40.372079000223955],[-111.77591652751286,40.37327695209682],[-111.77529946399868,40.37311852599383],[-111.77530202872082,40.37322767209374],[-111.77566698123599,40.37332043969791],[-111.7760099924388,40.37339313815485],[-111.77778942734328,40.373874360464384],[-111.7782167127026,40.37399081587595],[-111.7782233657155,40.373344806982495],[-111.77822001343945,40.37252518084795],[-111.77821870770525,40.372236549453305],[-111.77795409229046,40.37217523508561],[-111.77799004370996,40.37148993515892],[-111.77871315509302,40.37166455413417],[-111.7787591441688,40.37071372043158],[-111.77694763285935,40.37048670339464],[-111.7769487642854,40.37122081265548],[-111.7777053289862,40.371399096201486],[-111.7775039490732,40.371898930904095],[-111.77744422441145,40.37205709052747],[-111.7769512846966,40.3719428663766],[-111.77526908190336,40.3715499429608],[-111.77443617912088,40.37135654025525],[-111.7730054697434,40.3710188933741],[-111.77300696772326,40.371281547920184],[-111.77315088153891,40.37131451131493],[-111.77528378086366,40.37180304594582],[-111.77528536646723,40.3719360589713],[-111.77590766397368,40.372079000223955]]]]},"properties":{"zone_code":"GC-2","zone_description":"Planned Commercial","zone_class_normalized":"Commercial","jurisdiction":"american_fork_ut","source_rest_url":"https://maps.afcity.org/arcgis/rest/services/Planning/Zoning2/MapServer/0","extraction_method":"arcgis_rest","confidence":"rest_api"}},{"type":"Feature","geometry":{"type":"Polygon","coordinates":[[[-111.7677759371742,40.395535472158635],[-111.76777885391034,40.39553551411533],[-111.76850077119894,40.39554325821928],[-111.76847281614647,40.39189611631368],[-111.76847355753797,40.39180623177806],[-111.76789058173945,40.39180756917008],[-111.76787912368839,40.39099782483316],[-111.76787881509918,40.39099782734102],[-111.76787635801689,40.39080234436306],[-111.76721090138857,40.39080984909992],[-111.76721138018453,40.3910152964716],[-111.76626387176101,40.39101748130854],[-111.76626131156532,40.39119035234997],[-111.7644775641338,40.39119119442305],[-111.76447757936526,40.39066242183317],[-111.764477582063,40.390569004065455],[-111.76365303354133,40.390570624923704],[-111.76365818994142,40.391909689455524],[-111.76367217247963,40.39554342990087],[-111.76485653413023,40.395540755427746],[-111.76486018279564,40.39554881663551],[-111.76491366420267,40.39554869554088],[-111.76491343829805,40.395509232209385],[-111.76546407743368,40.39550888101787],[-111.76546411523479,40.395493432763104],[-111.7677759371742,40.395535472158635]],[[-111.76710777047401,40.393339751770625],[-111.7667094407085,40.39334256448942],[-111.76670569464734,40.39310235844166],[-111.76633385512322,40.393103450562],[-111.76632630776076,40.39203982872946],[-111.76668337726632,40.39203250834052],[-111.76668585455046,40.39203256213333],[-111.76668558360161,40.39202047024114],[-111.76668279824541,40.39189519703312],[-111.7670343176509,40.3918923129276],[-111.76703630612828,40.392583176391305],[-111.76710567781886,40.39258259652904],[-111.76710777047401,40.393339751770625]]]},"properties":{"zone_code":"R1-15000","zone_description":"Residential","zone_class_normalized":"Residential-Low","jurisdiction":"american_fork_ut","source_rest_url":"https://maps.afcity.org/arcgis/rest/services/Planning/Zoning2/MapServer/0","extraction_method":"arcgis_rest","confidence":"rest_api"}},{"type":"Feature","geometry":{"type":"Polygon","coordinates":[[[-111.80337376243693,40.37215924633878],[-111.8038141511975,40.37231323825549],[-111.80405137227822,40.37241604428443],[-111.80458195825854,40.37256979876502],[-111.80760736398992,40.37342158541231],[-111.81108802017283,40.37438302362454],[-111.81109083167668,40.37366329865313],[-111.80960220339205,40.37324825967057],[-111.80960146347176,40.37308450845069],[-111.8092744645852,40.373076754754116],[-111.80928182631115,40.3725656620865],[-111.80865161074,40.37243247833051],[-111.80768692666251,40.37223580892326],[-111.80686636310767,40.37203705851103],[-111.80649475640952,40.37192576457197],[-111.80596556688707,40.37175341280098],[-111.80566161196268,40.371634436137214],[-111.805653156666,40.37209128725456],[-111.80505122876926,40.37190873641097],[-111.80454343496217,40.37174664529445],[-111.80391106029268,40.37151646838148],[-111.80329100895996,40.37126155480608],[-111.8031328372469,40.37119031346634],[-111.80313284472858,40.37119279915535],[-111.80285724317444,40.37106866671267],[-111.80251101611296,40.37090424791697],[-111.80210494758254,40.37069404481902],[-111.80168136541032,40.370463650373054],[-111.80121219963289,40.37017347521963],[-111.80091061232496,40.36998748842129],[-111.80034686634298,40.369622241506534],[-111.7996201690087,40.36915688501973],[-111.79962051734293,40.36899095398767],[-111.80034959743257,40.36899394794038],[-111.8007278372359,40.36899524992357],[-111.80046036432228,40.368802798685955],[-111.80018547995056,40.36856348049342],[-111.79995792010925,40.36881563990885],[-111.79931731247707,40.36881307725458],[-111.79856253307742,40.368329706944095],[-111.79856132377111,40.36805206067157],[-111.79863825822123,40.368023752275626],[-111.79929549017639,40.36773053503543],[-111.7990539348915,40.367489304153764],[-111.79711419330903,40.36749080924158],[-111.79682799806099,40.36730558235351],[-111.79658023467951,40.3671452422916],[-111.79643559456109,40.367042819480375],[-111.79631788726662,40.3669394645486],[-111.79620884952372,40.3668229808114],[-111.79602820839774,40.36660254945837],[-111.79593984940631,40.366500661696044],[-111.79582947324727,40.36639728590313],[-111.79572413189331,40.3663284495654],[-111.79565555837416,40.3662884688113],[-111.79558945514763,40.36625501847392],[-111.79551121120615,40.36623840795683],[-111.79543299552513,40.366228333117],[-111.79524601507995,40.36622522179749],[-111.79512759452098,40.36622654203585],[-111.79512758428169,40.36624218313313],[-111.79399689488558,40.36552352101768],[-111.79399036908805,40.365511889701],[-111.7938935990233,40.365477037579],[-111.79368739530373,40.365402771736186],[-111.7932134362613,40.36510067270975],[-111.7932127620098,40.36512027370375],[-111.79272741852141,40.364804548727825],[-111.79272592108305,40.36443694705404],[-111.79246651715926,40.3644259826473],[-111.79148872011686,40.363799264038484],[-111.79148785354178,40.36379870781376],[-111.78960359653814,40.36258628335488],[-111.78948760259065,40.3626916109261],[-111.78921364825896,40.36251395505563],[-111.78874727648042,40.361968147778384],[-111.78828281268257,40.36142632090691],[-111.7875972658778,40.36061984356328],[-111.78759248468069,40.36061423364281],[-111.78757928569712,40.36061426610645],[-111.78685879339079,40.3597645007519],[-111.78575153055266,40.35904933436359],[-111.78534045064964,40.35900023308049],[-111.78486476711657,40.3589993350542],[-111.7839162940546,40.35878051407611],[-111.78350208094463,40.358633992745354],[-111.78326650181755,40.358579733841275],[-111.78313998142012,40.35852611824309],[-111.78278615396664,40.35836022884769],[-111.78100027694744,40.35721776672159],[-111.78098400172664,40.35721878391154],[-111.78092343630773,40.35717941103375],[-111.780922272637,40.35716838750855],[-111.77966579862343,40.356364059084854],[-111.77967627360132,40.35635447842177],[-111.77887669964916,40.3558598236632],[-111.77846224684161,40.355594157787955],[-111.77790295662064,40.355057598664295],[-111.77748486915803,40.35479024924521],[-111.77462368387395,40.35295530324139],[-111.77434880502591,40.35277900758919],[-111.77435220790781,40.35362923409061],[-111.7731664996281,40.35286927431066],[-111.77317279694853,40.354446752637706],[-111.77409378686828,40.35444455748801],[-111.7741219616487,40.35382335503805],[-111.77467365068622,40.354143172938514],[-111.77603694605361,40.35501712941496],[-111.77703666833663,40.35565820765372],[-111.77835643984699,40.356503612717674],[-111.78015751993341,40.357659340583595],[-111.78012605921664,40.35768806836159],[-111.7806155214559,40.35800177021496],[-111.78064669599296,40.357973320386684],[-111.78128928692638,40.35839365286309],[-111.7825780845882,40.35933639466372],[-111.78291534626962,40.35976519642414],[-111.78425575818001,40.361485491921805],[-111.78528924475914,40.36214717676051],[-111.78531237965282,40.362151343324875],[-111.78597310029602,40.36214258283464],[-111.78803667435488,40.36278266596745],[-111.7880691598218,40.36281019988182],[-111.78843910008048,40.36291572420185],[-111.78960562636028,40.363663031951035],[-111.78966367551469,40.36366283412811],[-111.79014223867294,40.363969445608184],[-111.79014238652572,40.36400458836314],[-111.7903616872933,40.36415060021593],[-111.79084375212254,40.3644592886351],[-111.79134298578164,40.36477908735636],[-111.79227331809572,40.365383130954065],[-111.79227903706496,40.3653851178381],[-111.79232666842606,40.36540166565393],[-111.79371456232165,40.36629093756453],[-111.79371434107934,40.366483497909165],[-111.79479625688519,40.36717783909776],[-111.7950144235108,40.36725249516838],[-111.79513145515548,40.3673275718372],[-111.7953463485763,40.36746888231877],[-111.79606611229649,40.367832046509946],[-111.79685747972542,40.36834069252346],[-111.79685782482768,40.36843867726191],[-111.79695611579429,40.36843875733017],[-111.79698991072853,40.36847788988818],[-111.79707204872842,40.368530741258596],[-111.79717229553825,40.368584205806755],[-111.7975077207953,40.36880013566],[-111.79887446063327,40.3695098177814],[-111.80053691581132,40.37057428506863],[-111.80063371572358,40.3706880032989],[-111.80119287747502,40.37104231170846],[-111.8012324126843,40.3710594468242],[-111.80156585454397,40.37125250601796],[-111.80201785048256,40.37148404058938],[-111.80201895750058,40.37148460692157],[-111.80237997024611,40.37166875840055],[-111.8026448986606,40.37177976242866],[-111.80264520596374,40.371863865017986],[-111.80300669584494,40.372017991187974],[-111.80300686970482,40.37205245831703],[-111.80310265985595,40.37205221729037],[-111.80337376243693,40.37215924633878]]]},"properties":{"zone_code":"PF","zone_description":"Public Facilities","zone_class_normalized":"Open Space/Public","jurisdiction":"american_fork_ut","source_rest_url":"https://maps.afcity.org/arcgis/rest/services/Planning/Zoning2/MapServer/0","extraction_method":"arcgis_rest","confidence":"rest_api"}},{"type":"Feature","geometry":{"type":"Polygon","coordinates":[[[-111.79116319298208,40.38248681323746],[-111.79179926601611,40.38249140272596],[-111.79179935976676,40.382513378402706],[-111.79270361862059,40.38251990989053],[-111.79270724631097,40.38238706277054],[-111.792745434301,40.382375392490324],[-111.79288525971458,40.38222725327893],[-111.79307115719241,40.38222910221241],[-111.79309275341669,40.382232809967675],[-111.79310576567104,40.38223769832225],[-111.79310576644029,40.38223732816744],[-111.79323229875054,40.38223715511333],[-111.79323413189064,40.38211505409968],[-111.79252121865953,40.38211088527252],[-111.79252122178728,40.38211051511182],[-111.79252436871622,40.38195191968865],[-111.79276122887926,40.381953647048235],[-111.79276123463863,40.38195334172521],[-111.79276898127752,40.381568064273814],[-111.7927528752561,40.38156810368708],[-111.79275663417046,40.38135726198782],[-111.79199098053822,40.3813518449038],[-111.79199478277174,40.38102204439821],[-111.79252216887843,40.38102969672125],[-111.79312517608892,40.38103772455984],[-111.79313011781045,40.380483741630854],[-111.79314939925804,40.37947399741796],[-111.79315587313108,40.37913524953636],[-111.79312093669063,40.379134948933654],[-111.79285661560486,40.37991562658435],[-111.79251359357357,40.37991121277189],[-111.79251121756701,40.38003168240359],[-111.7925112146434,40.38003210029667],[-111.79147858000306,40.38001806374641],[-111.79148050676366,40.38047104710025],[-111.79135413806652,40.38046960305589],[-111.79134263944611,40.38101601272176],[-111.79128773660803,40.381015687451935],[-111.79127788399929,40.38194268936531],[-111.79116961597182,40.381942009690505],[-111.79116319298208,40.38248681323746]]]},"properties":{"zone_code":"PF","zone_description":"Public Facilities","zone_class_normalized":"Open Space/Public","jurisdiction":"american_fork_ut","source_rest_url":"https://maps.afcity.org/arcgis/rest/services/Planning/Zoning2/MapServer/0","extraction_method":"arcgis_rest","confidence":"rest_api"}},{"type":"Feature","geometry":{"type":"Polygon","coordinates":[[[-111.82014019348622,40.37814571041997],[-111.82128155302216,40.37870017902143],[-111.8256755694737,40.38130529510093],[-111.82567580554428,40.381305901459235],[-111.82566445582502,40.38133849395784],[-111.8276924832797,40.382532732804854],[-111.82769695929531,40.382524766020424],[-111.82814366828107,40.38192682636451],[-111.8281341843417,40.38192120520489],[-111.82810086052166,40.381901427483626],[-111.82791655290771,40.38179203760257],[-111.82791301325925,40.3817899364809],[-111.82709840414982,40.3813064437283],[-111.82709830494487,40.38130638546566],[-111.82641774614355,40.38090244450618],[-111.8263008015803,40.380833032452635],[-111.82591108531649,40.38060171485265],[-111.82421166709149,40.37959436955645],[-111.82251041037527,40.37849841429662],[-111.82212646027762,40.378029561718805],[-111.82177777918585,40.37808034011433],[-111.82164025240483,40.3779541600232],[-111.82152636894948,40.377815587116146],[-111.82144403646103,40.377666610806365],[-111.82138996689098,40.377507995812145],[-111.82136750113216,40.37735004956709],[-111.82136539097931,40.37714152902357],[-111.82136414759138,40.37702325339828],[-111.82248294425746,40.37702214440089],[-111.82248229156522,40.376883445636864],[-111.82320361449037,40.37688145538174],[-111.82320309464566,40.37677118245017],[-111.82255390565402,40.3767729746861],[-111.8225514080081,40.37624228697864],[-111.82502023913295,40.37623090927471],[-111.82502336750723,40.376890558333166],[-111.82645987444798,40.37691369658939],[-111.8268934457763,40.37691623030758],[-111.8274260058861,40.37694149162024],[-111.82773364948987,40.376978844962146],[-111.82799387157019,40.3770316175883],[-111.82832168706601,40.37710521852793],[-111.82873432248594,40.377237813819896],[-111.82873209225573,40.37675412960823],[-111.82873006590934,40.37675370841082],[-111.82872941665693,40.3766186057928],[-111.82494325610759,40.37580812619261],[-111.82494400580212,40.37596594936758],[-111.82083954872579,40.37511115305577],[-111.82083850700296,40.37488904448897],[-111.82063306034036,40.374856234604955],[-111.8208384463523,40.37487184464335],[-111.82082862921072,40.372779636802264],[-111.81896950131353,40.37276658112456],[-111.81896733692132,40.372766568114876],[-111.81897908471825,40.37482085736553],[-111.81928476834324,40.3748826071995],[-111.81933582747017,40.37576481435361],[-111.81757794521153,40.37527994390593],[-111.81635331986219,40.3760105435631],[-111.81504648819835,40.37548664406831],[-111.81504778870917,40.37593011028892],[-111.81531681337135,40.376136375201725],[-111.81575283659431,40.37636208879116],[-111.81612889291236,40.376556744737854],[-111.81668443992592,40.377036277016806],[-111.81716273186761,40.37729919604524],[-111.81781406813181,40.377435580856904],[-111.82014019348622,40.37814571041997]]]},"properties":{"zone_code":"PF","zone_description":"Public Facilities","zone_class_normalized":"Open Space/Public","jurisdiction":"american_fork_ut","source_rest_url":"https://maps.afcity.org/arcgis/rest/services/Planning/Zoning2/MapServer/0","extraction_method":"arcgis_rest","confidence":"rest_api"}},{"type":"Feature","geometry":{"type":"Polygon","coordinates":[[[-111.77192106895443,40.37226871074265],[-111.77203268066127,40.37229568044673],[-111.77302739242981,40.37256455907407],[-111.7730054697434,40.3710188933741],[-111.77135313925587,40.370652494963636],[-111.7713516546786,40.37161886150352],[-111.77135354928225,40.37224286181738],[-111.77162828316703,40.37224331016801],[-111.77171987020206,40.372245842488034],[-111.77179351634666,40.3722525349584],[-111.77185817959388,40.372257874822864],[-111.77192106895443,40.37226871074265]]]},"properties":{"zone_code":"PF","zone_description":"Public Facilities","zone_class_normalized":"Open Space/Public","jurisdiction":"american_fork_ut","source_rest_url":"https://maps.afcity.org/arcgis/rest/services/Planning/Zoning2/MapServer/0","extraction_method":"arcgis_rest","confidence":"rest_api"}},{"type":"Feature","geometry":{"type":"Polygon","coordinates":[[[-111.78292863769299,40.408767582522096],[-111.78655041451307,40.40876035594953],[-111.7866464892363,40.408755586974436],[-111.78664939069833,40.40874988082633],[-111.78673856282136,40.40874293390635],[-111.78682737532024,40.408733676842594],[-111.78691572573982,40.4087221224957],[-111.7870035127994,40.40870828282291],[-111.78798510493688,40.40854005760179],[-111.78820951661552,40.408483070328224],[-111.7882170343291,40.40850036778149],[-111.78831160815298,40.40848595113069],[-111.78840676727087,40.40847399792197],[-111.78850240336011,40.40846452193018],[-111.78859840573064,40.40845753423448],[-111.78869466250663,40.40845304411613],[-111.78879106296804,40.408451055450236],[-111.78888749638705,40.40845157031109],[-111.78898385202838,40.408454588972084],[-111.78908001678508,40.408460108110425],[-111.78908374421968,40.408460324053266],[-111.789087478331,40.408460447216946],[-111.7890912155884,40.40846047851084],[-111.78909495244977,40.40846041614244],[-111.7890986842025,40.40846026012343],[-111.78910240731979,40.40846001226371],[-111.78910611826328,40.408459671671416],[-111.78910981350242,40.40845923925593],[-111.78911348714637,40.40845871503173],[-111.78953615398756,40.40635024056194],[-111.79021626176993,40.40473236958131],[-111.79031931405032,40.40473197072694],[-111.79044347428272,40.40440818299784],[-111.79059347845534,40.40405895897163],[-111.79073574496164,40.4037541386263],[-111.79062543342714,40.40375309869852],[-111.79073422446567,40.403489630057514],[-111.79085584461643,40.40349055711274],[-111.79105674512957,40.40307260916696],[-111.79125336964638,40.402646748797466],[-111.7912853778517,40.402574364625934],[-111.79134528255456,40.402426534512344],[-111.79137509719018,40.40234589628733],[-111.79162863492195,40.40163633210814],[-111.79176993718515,40.40123285807833],[-111.79257373870108,40.399135484978494],[-111.79271135481163,40.39878373078998],[-111.7929230715201,40.398222035139455],[-111.79299690485001,40.39799595465227],[-111.79301801276542,40.39790357459605],[-111.79303477821229,40.39781030863939],[-111.79304716451823,40.39771636079054],[-111.79305514458964,40.397621936549264],[-111.7930677080612,40.39728091589456],[-111.79307207326772,40.396335858929255],[-111.79204473265379,40.39643419000367],[-111.79060532034838,40.396571866370984],[-111.79047968320086,40.398426014846905],[-111.79053571295093,40.39980565615892],[-111.78973129970547,40.39988380567397],[-111.78952626889823,40.40115780212715],[-111.7892655404833,40.40148281318297],[-111.78761173403073,40.40148688857817],[-111.78756097515574,40.39906837240244],[-111.78676363145442,40.39907032859808],[-111.78674873499058,40.39727506719451],[-111.78644972741711,40.39727297808269],[-111.78644205571665,40.39720389302717],[-111.78590311447682,40.39720238973432],[-111.7846152600061,40.39641577016366],[-111.78308250291829,40.39502932335451],[-111.78311370205168,40.39483566909178],[-111.78315129849894,40.3946431545039],[-111.78319525100012,40.39445199086449],[-111.78324551131992,40.394262387964595],[-111.78330202430053,40.39407455388245],[-111.7835163269342,40.39348506725982],[-111.78395864725785,40.39230928064949],[-111.78406000017752,40.39230977668753],[-111.78426769754404,40.391827530313115],[-111.78242588191678,40.39183199060121],[-111.78244082196429,40.39545639858738],[-111.77805934322174,40.395464072196624],[-111.77806017924703,40.39566997413132],[-111.77809360681466,40.395720664799164],[-111.77814163800426,40.395731833463486],[-111.77821564596988,40.39577678708301],[-111.77824925614564,40.39587260596796],[-111.77824967959371,40.39597696681554],[-111.7783497899343,40.39608673104069],[-111.77846450524706,40.396156972244874],[-111.77856790572511,40.396168008925976],[-111.77918442540346,40.396186283353224],[-111.77933002859515,40.39658927869807],[-111.7793862424644,40.396796456870945],[-111.77952417255344,40.3968980197467],[-111.7793687288784,40.397027785331446],[-111.77932451383168,40.39704763498674],[-111.7793767794344,40.397191359258414],[-111.77953324661864,40.3975421478247],[-111.77959436640725,40.39759418222121],[-111.77965543446952,40.39764621941064],[-111.78009607367443,40.39798080103059],[-111.78018264892081,40.39839242284044],[-111.78030881675058,40.398548651112726],[-111.7807008229956,40.398728215049374],[-111.78073639860786,40.3993007184283],[-111.78069737011324,40.39968582085976],[-111.78054831580876,40.40024466428797],[-111.78070732275754,40.40031477178003],[-111.78077890683302,40.400665773671605],[-111.78089818652873,40.400941905016175],[-111.78091291647067,40.4009418678488],[-111.78097290876032,40.4011617416883],[-111.78052862008057,40.40174665098558],[-111.78046635180841,40.40186948751037],[-111.78041949246514,40.40214320477532],[-111.78040902955738,40.40229272008934],[-111.78042070463557,40.40243936163068],[-111.78048399363885,40.40256895610423],[-111.78051762190705,40.40266759569162],[-111.7806106163107,40.40283942764935],[-111.78065911357383,40.40296483813648],[-111.78076673111441,40.4030971233824],[-111.78080083249529,40.4033142511801],[-111.78092684041738,40.40342957600015],[-111.7812926791005,40.40352459019904],[-111.78134504684604,40.40368806608705],[-111.78139437602621,40.40401372357035],[-111.78182392583585,40.40522977854866],[-111.78202017673787,40.40537314085042],[-111.78222025928557,40.40554752041257],[-111.7821586099852,40.40581845750862],[-111.7821443835611,40.40595247881163],[-111.78221870573815,40.40606510066779],[-111.78223790817587,40.40624840273234],[-111.78223864793519,40.40625066147277],[-111.78225563951067,40.4063067679583],[-111.78228619003164,40.40640707866698],[-111.78244189239321,40.40672741552166],[-111.78260259448604,40.40712001829631],[-111.78261934086363,40.408132231388265],[-111.78292863769299,40.408767582522096]]]},"properties":{"zone_code":"PF","zone_description":"Public Facilities","zone_class_normalized":"Open Space/Public","jurisdiction":"american_fork_ut","source_rest_url":"https://maps.afcity.org/arcgis/rest/services/Planning/Zoning2/MapServer/0","extraction_method":"arcgis_rest","confidence":"rest_api"}},{"type":"Feature","geometry":{"type":"Polygon","coordinates":[[[-111.79994765989217,40.39161056401167],[-111.80010901547686,40.391743221088035],[-111.80030332284834,40.39174365637312],[-111.80112252863725,40.39174548887885],[-111.8011255598077,40.39119131876091],[-111.80112513141249,40.39045413396814],[-111.79924111574216,40.39044314846431],[-111.79925267232586,40.3890847240414],[-111.79846696189313,40.3890804928949],[-111.79848921594495,40.38788660980856],[-111.7984854152909,40.38705190536301],[-111.79849577420082,40.38632978815739],[-111.79851395854062,40.385062157593616],[-111.79762813164749,40.38506245160496],[-111.79763048579085,40.38569438337645],[-111.79691050136287,40.38569621316646],[-111.79677085294308,40.38636711809573],[-111.79673464629062,40.38648264706719],[-111.79644196180439,40.386968853468936],[-111.79581310789717,40.38697218636856],[-111.79581262273729,40.387024219663935],[-111.79580156745864,40.387305139179134],[-111.79578559868769,40.38903990716536],[-111.795771534343,40.391708453273004],[-111.79716810368318,40.391697434281134],[-111.79786335408843,40.391691942019214],[-111.79866400058246,40.39168946291928],[-111.79920007987862,40.39168576313429],[-111.79927810062708,40.39168084704665],[-111.79935146241283,40.391671787402835],[-111.79938552936704,40.39166626232196],[-111.7994177093867,40.391660742060864],[-111.79945252049227,40.39165435226882],[-111.79949143333178,40.39164509342085],[-111.79951838437091,40.391637869951424],[-111.79954195133442,40.39163036694508],[-111.79956627115402,40.3916237166874],[-111.7995984190296,40.39161463093338],[-111.79960591955471,40.391612175566365],[-111.79962307391041,40.3916064946955],[-111.79963712885495,40.39160179082024],[-111.79965112326516,40.39159698172669],[-111.79967509064551,40.39158866531507],[-111.79971997072224,40.391571661145655],[-111.79973753772431,40.391564461668274],[-111.79975698412125,40.3915555399041],[-111.7997681924726,40.39155064427185],[-111.7997992204219,40.39153625041931],[-111.79982053228177,40.391526461977286],[-111.79984729303433,40.39151319851012],[-111.79994765989217,40.39161056401167]]]},"properties":{"zone_code":"PF","zone_description":"Public Facilities","zone_class_normalized":"Open Space/Public","jurisdiction":"american_fork_ut","source_rest_url":"https://maps.afcity.org/arcgis/rest/services/Planning/Zoning2/MapServer/0","extraction_method":"arcgis_rest","confidence":"rest_api"}},{"type":"Feature","geometry":{"type":"MultiPolygon","coordinates":[[[[-111.77804701382806,40.39364351454237],[-111.77803481841723,40.391842713053556],[-111.77605107647047,40.39185437824204],[-111.7751642835049,40.39186169378505],[-111.77328118595958,40.3918661441108],[-111.77328100950271,40.391890076477495],[-111.7732865512034,40.39387613677661],[-111.77342107023918,40.39387660598136],[-111.7746915453066,40.39484623097218],[-111.77481963778135,40.394790578590055],[-111.77506155878449,40.39473465938391],[-111.77509445770667,40.39463966484446],[-111.7751397908826,40.39463167968948],[-111.77501356173444,40.39412037363191],[-111.77727106630596,40.394034170812425],[-111.7771978562448,40.39382422991964],[-111.77707089640097,40.39364740657458],[-111.77804701382806,40.39364351454237]]],[[[-111.77805934322174,40.395464072196624],[-111.7780496440457,40.3936435037878],[-111.77804701382806,40.39364351454237],[-111.77805934322174,40.395464072196624]]]]},"properties":{"zone_code":"PF","zone_description":"Public Facilities","zone_class_normalized":"Open Space/Public","jurisdiction":"american_fork_ut","source_rest_url":"https://maps.afcity.org/arcgis/rest/services/Planning/Zoning2/MapServer/0","extraction_method":"arcgis_rest","confidence":"rest_api"}},{"type":"Feature","geometry":{"type":"Polygon","coordinates":[[[-111.77200336805215,40.36668941197483],[-111.77345132205888,40.36670004499768],[-111.77428389981996,40.36695468154792],[-111.77437910990254,40.366956909673405],[-111.77435768259235,40.36529706670748],[-111.77432870800017,40.364001321677996],[-111.77199256491691,40.363999587605996],[-111.77200053370203,40.36633158896991],[-111.77200336805215,40.36668941197483]]]},"properties":{"zone_code":"PF","zone_description":"Public Facilities","zone_class_normalized":"Open Space/Public","jurisdiction":"american_fork_ut","source_rest_url":"https://maps.afcity.org/arcgis/rest/services/Planning/Zoning2/MapServer/0","extraction_method":"arcgis_rest","confidence":"rest_api"}},{"type":"Feature","geometry":{"type":"Polygon","coordinates":[[[-111.81571783098654,40.393315910768614],[-111.81571765165228,40.39334442374842],[-111.81602818624373,40.39340835281378],[-111.8163064406969,40.39349208635316],[-111.8164339331648,40.393815832400165],[-111.81642929985394,40.39394171813882],[-111.81639926116662,40.394077508175165],[-111.81640497148616,40.39420221404201],[-111.81657185616861,40.39428946959314],[-111.81657096297819,40.394355558045405],[-111.81671207032971,40.3948278264491],[-111.81671897775851,40.39491279041709],[-111.81660370611785,40.395082843514714],[-111.81658319566239,40.39515605664463],[-111.81662190677591,40.3952320283854],[-111.8166290511043,40.39527276895091],[-111.81666220643068,40.395319576782235],[-111.81673873982945,40.39538328423112],[-111.81675993645887,40.39543102142026],[-111.8168898002126,40.39546171652022],[-111.81689521499918,40.39555267807607],[-111.81692122403582,40.39562641907663],[-111.81698899399302,40.39569746576765],[-111.81708996428506,40.39571843757058],[-111.81710529377173,40.39572829014249],[-111.81718879153395,40.39600750294677],[-111.81714572093475,40.39607554476316],[-111.8171284728299,40.39618489787756],[-111.81721702688617,40.39632085731564],[-111.81722949401716,40.396387826323455],[-111.81717589098176,40.39655895099786],[-111.8172067387899,40.396647466836136],[-111.81723820904907,40.396767557320665],[-111.81729067445795,40.39689505692243],[-111.81733618911193,40.39705052673011],[-111.81739345845503,40.39710996123546],[-111.81742224437005,40.39781722785374],[-111.81745860541946,40.397822386961316],[-111.81740800219156,40.39659260866331],[-111.81739978250913,40.39659263096425],[-111.81687652934068,40.3948416395908],[-111.81705297049056,40.39484660213389],[-111.81701055542604,40.39453831411421],[-111.81678878682278,40.393765781416775],[-111.8169587369622,40.39343596434033],[-111.81691243934401,40.393315449101216],[-111.81691230407169,40.39331523512186],[-111.81654030395424,40.39300904779698],[-111.81660294068358,40.39280519840139],[-111.81671274556751,40.39272928121292],[-111.81679850069638,40.39253017657046],[-111.81689294075841,40.392398882493985],[-111.81687947562109,40.39223628267067],[-111.81670551192599,40.39223655564089],[-111.81651797936115,40.39302789408429],[-111.81661809522427,40.3935004862553],[-111.81571783098654,40.393315910768614]]]},"properties":{"zone_code":"PF","zone_description":"Public Facilities","zone_class_normalized":"Open Space/Public","jurisdiction":"american_fork_ut","source_rest_url":"https://maps.afcity.org/arcgis/rest/services/Planning/Zoning2/MapServer/0","extraction_method":"arcgis_rest","confidence":"rest_api"}},{"type":"Feature","geometry":{"type":"Polygon","coordinates":[[[-111.79163552370605,40.34680549096455],[-111.79278127726835,40.346817721523955],[-111.7927870684257,40.34582719662897],[-111.79192306515792,40.34582800196916],[-111.7919230321466,40.34582026297042],[-111.7904796821502,40.34582385839462],[-111.7904640921369,40.34679796291254],[-111.79163552370605,40.34680549096455]]]},"properties":{"zone_code":"I-1","zone_description":"Industrial","zone_class_normalized":"Industrial/Flex","jurisdiction":"american_fork_ut","source_rest_url":"https://maps.afcity.org/arcgis/rest/services/Planning/Zoning2/MapServer/0","extraction_method":"arcgis_rest","confidence":"rest_api"}},{"type":"Feature","geometry":{"type":"Polygon","coordinates":[[[-111.77236010538776,40.410661169735455],[-111.7723575848523,40.410027249910996],[-111.77235751555259,40.41001695164253],[-111.77216620713614,40.41001597201552],[-111.77204673968808,40.410004000688566],[-111.77199156157666,40.409996569274384],[-111.7718986420088,40.40998127588985],[-111.77179111152144,40.409959095212876],[-111.77173710828595,40.409946071788866],[-111.7717373043527,40.40999540382873],[-111.77100313397794,40.40999715331575],[-111.77100575500984,40.410663459598325],[-111.77236010538776,40.410661169735455]]]},"properties":{"zone_code":"PF","zone_description":"Residential Agricultural","zone_class_normalized":"Agriculture/Rural","jurisdiction":"american_fork_ut","source_rest_url":"https://maps.afcity.org/arcgis/rest/services/Planning/Zoning2/MapServer/0","extraction_method":"arcgis_rest","confidence":"rest_api"}},{"type":"Feature","geometry":{"type":"Polygon","coordinates":[[[-111.77691768399606,40.374804479647985],[-111.77635426876778,40.374803711212834],[-111.77635825171987,40.37571178930218],[-111.7765170253889,40.37571197869942],[-111.77691607468425,40.37571103542533],[-111.77691768399606,40.374804479647985]]]},"properties":{"zone_code":"R1-7500","zone_description":"Residential","zone_class_normalized":"Residential-Medium","jurisdiction":"american_fork_ut","source_rest_url":"https://maps.afcity.org/arcgis/rest/services/Planning/Zoning2/MapServer/0","extraction_method":"arcgis_rest","confidence":"rest_api"}},{"type":"Feature","geometry":{"type":"Polygon","coordinates":[[[-111.79054799778258,40.40416636410636],[-111.79044347428272,40.40440818299784],[-111.79031931405032,40.40473197072694],[-111.79038416792842,40.40475575155662],[-111.79045326462172,40.40477638402138],[-111.79052397159597,40.40479054648648],[-111.7905956843955,40.40479811788063],[-111.79116878919243,40.4048283764805],[-111.79121916952629,40.404833130898034],[-111.79126894098702,40.40484227333872],[-111.79131772213323,40.40485573373621],[-111.79136513911313,40.40487340893193],[-111.79173765289639,40.404269290158574],[-111.79153012824518,40.40425113060619],[-111.79070397006757,40.4042213929181],[-111.79054799778258,40.40416636410636]]]},"properties":{"zone_code":"R1-12000","zone_description":"Residential","zone_class_normalized":"Residential-Low","jurisdiction":"american_fork_ut","source_rest_url":"https://maps.afcity.org/arcgis/rest/services/Planning/Zoning2/MapServer/0","extraction_method":"arcgis_rest","confidence":"rest_api"}},{"type":"Feature","geometry":{"type":"Polygon","coordinates":[[[-111.81625798420667,40.384872406145455],[-111.81747138331339,40.38534768169494],[-111.8181270244898,40.385604481370876],[-111.81979730469413,40.38625866629832],[-111.82053109487663,40.38654605242105],[-111.82591211342363,40.38864750012941],[-111.82599970557084,40.38836728111664],[-111.82595941748708,40.3883512786938],[-111.82682328686984,40.385589085750766],[-111.82666731158119,40.38436130420279],[-111.82668860164046,40.384323315306716],[-111.8267193886614,40.38431829033755],[-111.82671515317897,40.38426891419734],[-111.8276924832797,40.382532732804854],[-111.82566445582502,40.38133849395784],[-111.82567580554428,40.381305901459235],[-111.8256755694737,40.38130529510093],[-111.82567490658849,40.38130359658236],[-111.82128155302216,40.37870017902143],[-111.82014019348622,40.37814571041997],[-111.81781406813181,40.377435580856904],[-111.81716273186761,40.37729919604524],[-111.81668443992592,40.377036277016806],[-111.81612889291236,40.376556744737854],[-111.81575283659431,40.37636208879116],[-111.81531681337135,40.376136375201725],[-111.81504778870917,40.37593011028892],[-111.81504648819835,40.37548664406831],[-111.81495897865376,40.37545156113049],[-111.81109771081579,40.37438569700001],[-111.81109279413636,40.374884352667884],[-111.81061586868584,40.37478564181147],[-111.81060158649248,40.375890632645905],[-111.8105961698893,40.37688897361306],[-111.81083704621952,40.37689168036308],[-111.8117944776491,40.37690536004375],[-111.81179518636765,40.377094949851625],[-111.81179828740859,40.377115956592974],[-111.81180544525454,40.37714520757843],[-111.81181231476025,40.377165454057796],[-111.8118224421672,40.377187380508296],[-111.81183461700044,40.3772081712238],[-111.81184786798566,40.37722840068571],[-111.81186313066544,40.377246372337495],[-111.81187995840084,40.37726434071436],[-111.8118995152067,40.37728267826887],[-111.81192086937612,40.377298756780945],[-111.81193686791349,40.377309971829476],[-111.81195759926682,40.37732323846707],[-111.81207273497537,40.37740568453764],[-111.81213779034293,40.37744227413425],[-111.81215391024767,40.37745348972941],[-111.81217397098331,40.377467133675566],[-111.81219648854334,40.377482646145516],[-111.812214702261,40.37749591945746],[-111.81223279758333,40.3775095686401],[-111.8122483039742,40.37752078405873],[-111.8122662162469,40.377534059068005],[-111.81228652668148,40.3775497656423],[-111.81230665341751,40.377565472703566],[-111.81232413640839,40.37757912170568],[-111.81234245499279,40.37759445983304],[-111.81236557386755,40.37761372353662],[-111.8123847834887,40.37762999501888],[-111.81240147300954,40.37764420811381],[-111.8124192104196,40.377659922438056],[-111.81243891189038,40.37767713194127],[-111.81245508661954,40.37769285043453],[-111.81247328472723,40.37770912820669],[-111.81248658969788,40.37772203633105],[-111.81250017871218,40.377735510183186],[-111.81251993604543,40.377754369454074],[-111.81253945286988,40.37777368237473],[-111.812556464613,40.37779164835888],[-111.81257162545378,40.377807366843285],[-111.81258928534251,40.37782645776259],[-111.81260694524516,40.377845549579696],[-111.81262303495555,40.37786351981953],[-111.81263672498785,40.37787924402789],[-111.81264868304191,40.377892718619464],[-111.81266243572983,40.37790900824483],[-111.8126776122805,40.3779286677742],[-111.81269568055446,40.37795000822755],[-111.81270950050005,40.37796760986668],[-111.81272073178879,40.37798258772269],[-111.81273421387283,40.377999440047944],[-111.81275359624239,40.378026406736524],[-111.81276651697948,40.37804411254288],[-111.81277517149542,40.37805674487193],[-111.81278535141243,40.378070227806646],[-111.81280008281233,40.37809270383917],[-111.81281970162229,40.378121918724915],[-111.81283380655225,40.378144397329066],[-111.81284298711995,40.378159006901704],[-111.81285216063816,40.37817361919428],[-111.81286239061185,40.378191602372034],[-111.81287348874119,40.37821015061525],[-111.81288702910456,40.378234319379935],[-111.81289834693648,40.37825455388875],[-111.81290929735127,40.37827478847874],[-111.81291969309758,40.37829502184977],[-111.81292881967806,40.378313009774466],[-111.81293761299875,40.37833099949066],[-111.81294628149949,40.37834899044066],[-111.81295359011654,40.3783647280822],[-111.81296195833859,40.3783827216356],[-111.81296883713227,40.37839846132673],[-111.81297552965997,40.378413642232665],[-111.81298418535864,40.37843500782606],[-111.81299283260307,40.37845581145623],[-111.81300093342804,40.37847661564735],[-111.81300792052313,40.3784951730769],[-111.81301620926634,40.378517666321464],[-111.8130221978713,40.37853960103444],[-111.8130273840962,40.37856041752684],[-111.81303592132177,40.378582907402695],[-111.81304169796255,40.37859866624958],[-111.81304568891032,40.3786097097416],[-111.81304735436782,40.37861439930011],[-111.81305539583539,40.37863689320294],[-111.81306240356662,40.37865995275774],[-111.81306763321275,40.37867738641364],[-111.81314351665428,40.37895351598446],[-111.81344072061938,40.379863728938425],[-111.81255317364513,40.379855421901325],[-111.8125530958475,40.37985927224554],[-111.81255309597097,40.37985929926371],[-111.81254733161718,40.38009468632451],[-111.81255031451194,40.38069697825682],[-111.81243853536206,40.38069686532492],[-111.8126957257384,40.38150003029651],[-111.81168312441739,40.38149364225662],[-111.81169708100047,40.383092024476305],[-111.81295513509103,40.383580420204275],[-111.81295708642827,40.383790421411334],[-111.81295575375677,40.38357946839954],[-111.81466076661204,40.38424750340211],[-111.81548887817999,40.38457188448826],[-111.81548930542391,40.384571313246354],[-111.81625798420667,40.384872406145455]]]},"properties":{"zone_code":"SC-1","zone_description":"Planned Shopping Center","zone_class_normalized":"Commercial","jurisdiction":"american_fork_ut","source_rest_url":"https://maps.afcity.org/arcgis/rest/services/Planning/Zoning2/MapServer/0","extraction_method":"arcgis_rest","confidence":"rest_api"}},{"type":"Feature","geometry":{"type":"Polygon","coordinates":[[[-111.77332281878073,40.399718374147426],[-111.77343583541214,40.39971680237843],[-111.77344632216476,40.40269336290465],[-111.77809514425918,40.40268224252063],[-111.77809020308226,40.40098525971456],[-111.7781219256594,40.400839708030226],[-111.77820211324936,40.40077667198045],[-111.7787771929555,40.400447738944756],[-111.77937049944818,40.40015257829025],[-111.77960932207745,40.4000220021065],[-111.77959436640725,40.39759418222121],[-111.77953324661864,40.3975421478247],[-111.7793767794344,40.397191359258414],[-111.77932451383168,40.39704763498674],[-111.7793687288784,40.397027785331446],[-111.77952417255344,40.3968980197467],[-111.7793862424644,40.396796456870945],[-111.77933002859515,40.39658927869807],[-111.77918442540346,40.396186283353224],[-111.77856790572511,40.396168008925976],[-111.77846450524706,40.396156972244874],[-111.7783497899343,40.39608673104069],[-111.77824967959371,40.39597696681554],[-111.77824925614564,40.39587260596796],[-111.77821564596988,40.39577678708301],[-111.77814163800426,40.395731833463486],[-111.77809360681466,40.395720664799164],[-111.77806017924703,40.39566997413132],[-111.77805934322174,40.395464072196624],[-111.7780496440457,40.3936435037878],[-111.77707089640097,40.39364740657458],[-111.7771978562448,40.39382422991964],[-111.77727106630596,40.394034170812425],[-111.77501356173444,40.39412037363191],[-111.7751397908826,40.39463167968948],[-111.77509445770667,40.39463966484446],[-111.77506155878449,40.39473465938391],[-111.77481963778135,40.394790578590055],[-111.7746915453066,40.39484623097218],[-111.77342107023918,40.39387660598136],[-111.7732865512034,40.39387613677661],[-111.77328936803471,40.39488580059135],[-111.77330317251365,40.39534687200864],[-111.77331098909902,40.397616291649],[-111.77331518525497,40.39768973378834],[-111.77331762098933,40.39778072571988],[-111.77331955707868,40.3990944900389],[-111.77332281878073,40.399718374147426]]]},"properties":{"zone_code":"S-1","zone_description":"Special Institutional","zone_class_normalized":"Open Space/Public","jurisdiction":"american_fork_ut","source_rest_url":"https://maps.afcity.org/arcgis/rest/services/Planning/Zoning2/MapServer/0","extraction_method":"arcgis_rest","confidence":"rest_api"}},{"type":"Feature","geometry":{"type":"Polygon","coordinates":[[[-111.81456118286619,40.372743156089385],[-111.81504839964715,40.37274619275897],[-111.81505875899084,40.37224438857085],[-111.81543606227875,40.372245946358206],[-111.81545635906636,40.37135413266502],[-111.81547893666018,40.37031713805955],[-111.81460702890105,40.370321312528915],[-111.8145965046999,40.37087114387278],[-111.81459588180255,40.37087114554846],[-111.81348353416385,40.37087410381735],[-111.8134857267556,40.37182540499915],[-111.81457882194329,40.37182244990845],[-111.81456118286619,40.372743156089385]]]},"properties":{"zone_code":"RA-1","zone_description":"Residential Agricultural","zone_class_normalized":"Agriculture/Rural","jurisdiction":"american_fork_ut","source_rest_url":"https://maps.afcity.org/arcgis/rest/services/Planning/Zoning2/MapServer/0","extraction_method":"arcgis_rest","confidence":"rest_api"}},{"type":"Feature","geometry":{"type":"Polygon","coordinates":[[[-111.79381056219866,40.393433827982356],[-111.79365731851013,40.39343386512635],[-111.79365854656155,40.3946629484033],[-111.79309248841614,40.39466427699867],[-111.79308803118153,40.394911096222586],[-111.79307207326772,40.396335858929255],[-111.7930677080612,40.39728091589456],[-111.79305514458964,40.397621936549264],[-111.79304716451823,40.39771636079054],[-111.7930347782123,40.39781030863939],[-111.79301801276542,40.39790357459605],[-111.79299690485001,40.39799595465227],[-111.7929230715201,40.398222035139455],[-111.79271135481163,40.39878373078998],[-111.79257373870108,40.399135484978494],[-111.79314949771481,40.39913102757611],[-111.79394851106281,40.39913448496466],[-111.79412660863781,40.39913940846447],[-111.7943043660525,40.39915146203633],[-111.79440857446272,40.39915806249592],[-111.79441521790676,40.3991429029194],[-111.79444224780256,40.399053325956416],[-111.79462544205168,40.39857980843313],[-111.79461901508115,40.39857820171845],[-111.79463194177421,40.39854498617821],[-111.79463450000232,40.39854544805293],[-111.79463947266004,40.39854635235094],[-111.79464004256373,40.39854492885195],[-111.79473406376754,40.39831013976908],[-111.79472421955296,40.398308275988924],[-111.79474283969263,40.3982598356811],[-111.79474535371853,40.39826043005453],[-111.7947544240244,40.39826257497197],[-111.79475728825759,40.398263249517726],[-111.79475753096527,40.398261619702],[-111.79503190341393,40.396417737359386],[-111.79541467720584,40.39644205967697],[-111.79541465098414,40.396440897954996],[-111.79541778990946,40.39644109626858],[-111.79536205654388,40.39401277268206],[-111.79519569513991,40.39368935691302],[-111.79517484090736,40.39342832575553],[-111.79381056219866,40.393433827982356]]]},"properties":{"zone_code":"RA-1","zone_description":"Residential Agricultural","zone_class_normalized":"Agriculture/Rural","jurisdiction":"american_fork_ut","source_rest_url":"https://maps.afcity.org/arcgis/rest/services/Planning/Zoning2/MapServer/0","extraction_method":"arcgis_rest","confidence":"rest_api"}},{"type":"Feature","geometry":{"type":"Polygon","coordinates":[[[-111.83561662032122,40.37088662576579],[-111.83629140044945,40.36840286403853],[-111.83491374721278,40.3684068177478],[-111.83468239183975,40.37056348938565],[-111.83445385449252,40.370890262317694],[-111.83561662032122,40.37088662576579]]]},"properties":{"zone_code":"RA-1","zone_description":"Residential Agricultural","zone_class_normalized":"Agriculture/Rural","jurisdiction":"american_fork_ut","source_rest_url":"https://maps.afcity.org/arcgis/rest/services/Planning/Zoning2/MapServer/0","extraction_method":"arcgis_rest","confidence":"rest_api"}},{"type":"Feature","geometry":{"type":"Polygon","coordinates":[[[-111.81964478263137,40.387423803271815],[-111.82004561587854,40.387457239516344],[-111.82001716632703,40.387611336857745],[-111.82023580449592,40.38647163465775],[-111.82052448157266,40.386585249092725],[-111.82053109487663,40.38654605242105],[-111.81979730469413,40.38625866629832],[-111.81964478263137,40.387423803271815]]]},"properties":{"zone_code":"RA-1","zone_description":"Residential Agricultural","zone_class_normalized":"Agriculture/Rural","jurisdiction":"american_fork_ut","source_rest_url":"https://maps.afcity.org/arcgis/rest/services/Planning/Zoning2/MapServer/0","extraction_method":"arcgis_rest","confidence":"rest_api"}},{"type":"Feature","geometry":{"type":"Polygon","coordinates":[[[-111.81999793094614,40.390499597726496],[-111.82061938403969,40.390500198035475],[-111.82061959477944,40.3905459045033],[-111.82065616666682,40.390550077671456],[-111.82069636831076,40.3905546695693],[-111.82069844730559,40.390554938556924],[-111.82077628172895,40.39056613502079],[-111.82120603725924,40.39064946304423],[-111.82116664205515,40.3907842624859],[-111.8211291525039,40.39090100747933],[-111.82110841383383,40.39096169551677],[-111.82105072436521,40.39111871822543],[-111.82101473968474,40.39120935295443],[-111.82098771580408,40.39127432351656],[-111.82094768884225,40.39136628240585],[-111.82089934764493,40.391471390526654],[-111.82085586153819,40.39156219977727],[-111.82083594728991,40.39160363037647],[-111.82082424199808,40.39162932545723],[-111.8208016104394,40.39168131959084],[-111.82079482386227,40.39169896680734],[-111.821290458379,40.39169763269575],[-111.82133103874682,40.39169744197916],[-111.8213597440106,40.3916022934776],[-111.82271067437578,40.39159006999616],[-111.82277078147096,40.39047729511474],[-111.82142595580332,40.39023445056305],[-111.82143141000381,40.39018674627326],[-111.82007228941859,40.38997876568929],[-111.81999793094614,40.390499597726496]]]},"properties":{"zone_code":"RA-1","zone_description":"Residential Agricultural","zone_class_normalized":"Agriculture/Rural","jurisdiction":"american_fork_ut","source_rest_url":"https://maps.afcity.org/arcgis/rest/services/Planning/Zoning2/MapServer/0","extraction_method":"arcgis_rest","confidence":"rest_api"}},{"type":"Feature","geometry":{"type":"Polygon","coordinates":[[[-111.81767309232062,40.389659872562255],[-111.81759048732685,40.390551241522004],[-111.81793820558902,40.39054505179198],[-111.81905116876467,40.390542841101365],[-111.8191525826508,40.39054148281982],[-111.819254335116,40.38985367393038],[-111.8192577980051,40.389830468268975],[-111.81767309232062,40.389659872562255]]]},"properties":{"zone_code":"RA-1","zone_description":"Residential Agricultural","zone_class_normalized":"Agriculture/Rural","jurisdiction":"american_fork_ut","source_rest_url":"https://maps.afcity.org/arcgis/rest/services/Planning/Zoning2/MapServer/0","extraction_method":"arcgis_rest","confidence":"rest_api"}},{"type":"Feature","geometry":{"type":"Polygon","coordinates":[[[-111.81543713318794,40.39215588883692],[-111.81560036726852,40.39215610691332],[-111.8156039475786,40.392990642972684],[-111.81560251623588,40.39314425444006],[-111.81560248992669,40.393151825961986],[-111.81560355675332,40.39329340840289],[-111.81661185459417,40.39349919365477],[-111.81661809522427,40.3935004862553],[-111.81651797936115,40.39302789408429],[-111.81670551192599,40.39223655564089],[-111.81670976480576,40.39221865344919],[-111.81670939980378,40.39214746638039],[-111.8166695488116,40.39214751932711],[-111.81543713318794,40.39215588883692]]]},"properties":{"zone_code":"RA-1","zone_description":"Residential Agricultural","zone_class_normalized":"Agriculture/Rural","jurisdiction":"american_fork_ut","source_rest_url":"https://maps.afcity.org/arcgis/rest/services/Planning/Zoning2/MapServer/0","extraction_method":"arcgis_rest","confidence":"rest_api"}},{"type":"Feature","geometry":{"type":"Polygon","coordinates":[[[-111.82072772365876,40.398196203241994],[-111.82073825615349,40.398284636912514],[-111.8207443770415,40.398375567460896],[-111.82074870656227,40.398959567713284],[-111.82167320550673,40.398955568654046],[-111.82169543510959,40.39816870833529],[-111.8216950134474,40.39816872030203],[-111.82072772365876,40.398196203241994]]]},"properties":{"zone_code":"RA-1","zone_description":"Residential Agricultural","zone_class_normalized":"Agriculture/Rural","jurisdiction":"american_fork_ut","source_rest_url":"https://maps.afcity.org/arcgis/rest/services/Planning/Zoning2/MapServer/0","extraction_method":"arcgis_rest","confidence":"rest_api"}},{"type":"Feature","geometry":{"type":"Polygon","coordinates":[[[-111.81225535544988,40.402551726190566],[-111.8122720353837,40.40288883568703],[-111.81451558944084,40.4028250718417],[-111.81450928497418,40.402219960092694],[-111.81458979432185,40.40220561037377],[-111.81476522568326,40.402166518584195],[-111.81487795895967,40.40212956582113],[-111.81500876111083,40.40203866369857],[-111.81507251428502,40.401935756753524],[-111.81515394556807,40.40184420927794],[-111.81522511130645,40.4018137732745],[-111.81530255730962,40.4017895038908],[-111.81540845748944,40.40177998269218],[-111.81554576480687,40.401803746098366],[-111.81558124237901,40.401797513652596],[-111.8156420453753,40.40178281198445],[-111.81578834467891,40.4017590995058],[-111.81585051819717,40.40173864723707],[-111.815876082872,40.40170725860414],[-111.81589669297279,40.40164992595946],[-111.81592191948577,40.40152623199795],[-111.81596526404019,40.401468797419],[-111.81598760781608,40.40143486332642],[-111.81626764381814,40.4012125997901],[-111.81665773669599,40.40099741193492],[-111.81674365465153,40.400851023814496],[-111.81704438566015,40.40070387268049],[-111.81752922346733,40.40027799292931],[-111.81763807715312,40.400114133054295],[-111.81783996427399,40.40002837889059],[-111.8180517382487,40.400023985683355],[-111.81819405008952,40.400084574564154],[-111.8183062560827,40.40014704640488],[-111.81838323733358,40.40010962100475],[-111.81830290735961,40.39980876813313],[-111.81838285270318,40.399615109315896],[-111.81860897238504,40.399548528505356],[-111.81880958437553,40.3990764374495],[-111.81916739090464,40.39823967853961],[-111.81915640995932,40.3982324099429],[-111.81912258944024,40.39765196723124],[-111.8190406492441,40.39651748584092],[-111.8184489511392,40.39656348642133],[-111.81740800219156,40.39659260866331],[-111.81745857177481,40.397829095706314],[-111.81746363545226,40.397831028186815],[-111.81745925960634,40.397838461098125],[-111.81743526718904,40.39787869706664],[-111.81764900593623,40.39802964387518],[-111.81763849110756,40.39819571991838],[-111.81752001560861,40.39844264057089],[-111.81741162310539,40.39859164900987],[-111.81730093945623,40.39859403146615],[-111.81718538904897,40.399006722870084],[-111.81693986087748,40.39903539457399],[-111.81676594500647,40.3990700698932],[-111.81644052730282,40.39914696208748],[-111.81624688152421,40.39918719813156],[-111.81594962989435,40.39924419757537],[-111.81575855373603,40.39927775234276],[-111.81567969261029,40.39929160040531],[-111.81542198361076,40.39931878245252],[-111.81515928982098,40.39933819878431],[-111.81462149314443,40.399377897013714],[-111.81461963477255,40.399378010084554],[-111.81414076831224,40.39940871442208],[-111.81406808453104,40.399413406312625],[-111.81349030714267,40.399450720072615],[-111.81349037128217,40.39945417554388],[-111.81349039761676,40.3994555516064],[-111.81349042394717,40.399456926768345],[-111.81352524568521,40.401310655268084],[-111.81337970417758,40.4014698614757],[-111.81328387318815,40.40163757484474],[-111.81311247939658,40.40180424843061],[-111.81293868762198,40.40204175032529],[-111.81282133306716,40.40209104922735],[-111.8128219608981,40.40223781362372],[-111.81260392406057,40.40226586048547],[-111.81258317104887,40.40228767826691],[-111.81256076980013,40.40230328353865],[-111.81258793433523,40.40232152666619],[-111.81225535544988,40.402551726190566]]]},"properties":{"zone_code":"RA-1","zone_description":"Residential Agricultural","zone_class_normalized":"Agriculture/Rural","jurisdiction":"american_fork_ut","source_rest_url":"https://maps.afcity.org/arcgis/rest/services/Planning/Zoning2/MapServer/0","extraction_method":"arcgis_rest","confidence":"rest_api"}},{"type":"Feature","geometry":{"type":"MultiPolygon","coordinates":[[[[-111.80287783813858,40.395996260917066],[-111.80286705666295,40.39635219331131],[-111.80287661568593,40.39609100209279],[-111.80287783813858,40.395996260917066]]],[[[-111.80287783813858,40.395996260917066],[-111.8028824005563,40.3956428527823],[-111.80118982063752,40.39564366344937],[-111.80118795008968,40.395643668265194],[-111.79961029048582,40.39387114221522],[-111.79922848597135,40.39328013276123],[-111.8011811299321,40.39329083031414],[-111.80116363857351,40.393223528468425],[-111.80114305433358,40.39306586805207],[-111.80112252863725,40.39174548887885],[-111.80030332284834,40.39174365637312],[-111.80030370326914,40.39216854728061],[-111.79989299470999,40.39219582132603],[-111.79960591955471,40.391612175566365],[-111.7995984190296,40.39161463093338],[-111.79956627115402,40.3916237166874],[-111.79954195133442,40.39163036694508],[-111.79951838437091,40.391637869951424],[-111.79949143333178,40.39164509342085],[-111.79945252049227,40.39165435226882],[-111.7994177093867,40.391660742060864],[-111.79938552936704,40.39166626232196],[-111.79935146241283,40.391671787402835],[-111.79927810062708,40.39168084704665],[-111.79920007987862,40.39168576313429],[-111.79866400058246,40.39168946291928],[-111.79866617501132,40.39227233376204],[-111.79813006679738,40.39227370127725],[-111.7981603168865,40.39231659509775],[-111.79721495591329,40.392975350775245],[-111.79771973386259,40.39358947703051],[-111.79833925688541,40.39351588398741],[-111.79880666736999,40.39423207613814],[-111.8000639769453,40.39564655387586],[-111.80045721371518,40.395645544589954],[-111.80075599288116,40.39597055320285],[-111.80115944152736,40.39641560697569],[-111.80113944513302,40.39707752293865],[-111.80126670358206,40.397362679959485],[-111.80126711998916,40.39736361462189],[-111.8008791774313,40.397366696101514],[-111.8008683621285,40.397745465890836],[-111.80083181288423,40.39902537882547],[-111.80083368351667,40.39902537221417],[-111.80135937937327,40.399024015666775],[-111.80136125000958,40.399024009947645],[-111.80136159929943,40.399057292005025],[-111.80205754483922,40.39905840532603],[-111.80205941550027,40.39905840499931],[-111.8020591579514,40.39902116722537],[-111.8023191730775,40.39901989040483],[-111.80232104371363,40.39901988467035],[-111.80263080928387,40.399019682702935],[-111.80263218128798,40.398984730966085],[-111.80266601787181,40.3987643081812],[-111.80271710788051,40.39850468217905],[-111.8029274215483,40.3985041783311],[-111.80292929217026,40.39850417258683],[-111.80290681091145,40.398474805145504],[-111.80320636088716,40.39847407962489],[-111.80320675176279,40.3985593123994],[-111.80320862238223,40.39855930575009],[-111.80436070625979,40.398556327732784],[-111.80436257688307,40.39855632196562],[-111.80453561819502,40.39846012684098],[-111.8045715060467,40.39849222394466],[-111.80461435388192,40.39852017631755],[-111.80466239353406,40.39854266105644],[-111.80471444334967,40.39855912195355],[-111.80476921986862,40.39856915617173],[-111.80477203103167,40.398569263226086],[-111.80482578156554,40.3985724329344],[-111.8048276513565,40.398572504614485],[-111.80484382995603,40.39761277160012],[-111.80484196385366,40.39761272873024],[-111.80282455571012,40.3975134981266],[-111.80286705666295,40.39635219331131],[-111.80274607368128,40.396352415495514],[-111.80219944759384,40.39635383870051],[-111.80219769371938,40.39599799999998],[-111.80287783813858,40.395996260917066]]]]},"properties":{"zone_code":"RA-1","zone_description":"Residential Agricultural","zone_class_normalized":"Agriculture/Rural","jurisdiction":"american_fork_ut","source_rest_url":"https://maps.afcity.org/arcgis/rest/services/Planning/Zoning2/MapServer/0","extraction_method":"arcgis_rest","confidence":"rest_api"}},{"type":"Feature","geometry":{"type":"Polygon","coordinates":[[[-111.77809020308226,40.40098525971456],[-111.77809514425918,40.40268224252063],[-111.77344632216476,40.40269336290465],[-111.77334654345869,40.402694412011485],[-111.77334751787136,40.403058400476645],[-111.773363133669,40.405986754076714],[-111.77336524934732,40.40633559574983],[-111.78225563951067,40.4063067679583],[-111.78223864793519,40.40625066147277],[-111.78223790817587,40.40624840273234],[-111.78221870573815,40.40606510066779],[-111.7821443835611,40.40595247881163],[-111.7821586099852,40.40581845750862],[-111.78222025928557,40.40554752041257],[-111.78202017673787,40.40537314085042],[-111.78182392583585,40.40522977854866],[-111.78139437602621,40.40401372357035],[-111.78134504684604,40.40368806608705],[-111.7812926791005,40.40352459019904],[-111.78092684041738,40.40342957600015],[-111.78080083249529,40.4033142511801],[-111.78076673111441,40.4030971233824],[-111.78065911357383,40.40296483813648],[-111.7806106163107,40.40283942764935],[-111.78051762190705,40.40266759569162],[-111.78048399363885,40.40256895610423],[-111.78042070463557,40.40243936163068],[-111.78040902955738,40.40229272008934],[-111.78041949246514,40.40214320477532],[-111.78046635180841,40.40186948751037],[-111.78052862008057,40.40174665098558],[-111.78097290876032,40.4011617416883],[-111.78091291647067,40.4009418678488],[-111.78089818652873,40.400941905016175],[-111.78077890683302,40.400665773671605],[-111.78070732275754,40.40031477178003],[-111.78054831580876,40.40024466428797],[-111.78069737011324,40.39968582085976],[-111.78073639860786,40.3993007184283],[-111.7807008229956,40.398728215049374],[-111.78030881675058,40.398548651112726],[-111.78018264892081,40.39839242284044],[-111.78009607367443,40.39798080103059],[-111.77965543446952,40.39764621941064],[-111.77959436640725,40.39759418222121],[-111.77960932207745,40.4000220021065],[-111.77937049944818,40.40015257829025],[-111.7787771929555,40.400447738944756],[-111.77820211324936,40.40077667198045],[-111.7781219256594,40.400839708030226],[-111.77809020308226,40.40098525971456]]]},"properties":{"zone_code":"RA-1","zone_description":"Residential Agricultural","zone_class_normalized":"Agriculture/Rural","jurisdiction":"american_fork_ut","source_rest_url":"https://maps.afcity.org/arcgis/rest/services/Planning/Zoning2/MapServer/0","extraction_method":"arcgis_rest","confidence":"rest_api"}},{"type":"Feature","geometry":{"type":"Polygon","coordinates":[[[-111.76847355753797,40.39180623177806],[-111.76847281614647,40.39189611631368],[-111.7691556320832,40.39189488137444],[-111.77274916470273,40.39188673540898],[-111.77252721089617,40.391015382125055],[-111.7732862874282,40.39102697812002],[-111.77329108500949,40.390613178018505],[-111.7720011776814,40.390613772613115],[-111.77200811013218,40.39100459057203],[-111.76985530551914,40.39101805677177],[-111.76984072632479,40.390210032518915],[-111.77201125174015,40.39020447232134],[-111.77201025471149,40.3900669169352],[-111.77145570405122,40.39006844108844],[-111.77144173927358,40.38927244568412],[-111.77090288109267,40.389273896593416],[-111.77091684077678,40.390069892058946],[-111.76983660773591,40.390072793235205],[-111.76983728040041,40.39013849944413],[-111.76909734167579,40.39014792579867],[-111.76909868723656,40.39005943576216],[-111.76842184891242,40.390220774715836],[-111.76770151779975,40.3902268627122],[-111.76771157744604,40.39080300347848],[-111.76787635801689,40.39080234436306],[-111.76787881509918,40.39099782734102],[-111.76787889169681,40.39100264814057],[-111.76843523489092,40.390997947782104],[-111.7684242133447,40.39037275297418],[-111.76910102526263,40.3902103090284],[-111.76913262571851,40.3911133456654],[-111.76844490111195,40.391118460781364],[-111.76844782958136,40.39176820305756],[-111.7684738572888,40.39176797130932],[-111.76847355753797,40.39180623177806]]]},"properties":{"zone_code":"RA-1","zone_description":"Residential Agricultural","zone_class_normalized":"Agriculture/Rural","jurisdiction":"american_fork_ut","source_rest_url":"https://maps.afcity.org/arcgis/rest/services/Planning/Zoning2/MapServer/0","extraction_method":"arcgis_rest","confidence":"rest_api"}},{"type":"Feature","geometry":{"type":"Polygon","coordinates":[[[-111.7658378162279,40.38447756206533],[-111.76581865198486,40.38303538493112],[-111.7654041865776,40.38303496529433],[-111.76540447021584,40.38312263223432],[-111.7648055603332,40.38312232354141],[-111.76480506044912,40.383034271628425],[-111.76417910133601,40.38303362919768],[-111.76418418966087,40.38446964209361],[-111.76420234799721,40.38446960198031],[-111.76420231837827,40.38447931336469],[-111.7650261301355,40.38447610505439],[-111.76532169370667,40.38447819807499],[-111.7658378162279,40.38447756206533]]]},"properties":{"zone_code":"RA-1","zone_description":"Residential Agricultural","zone_class_normalized":"Agriculture/Rural","jurisdiction":"american_fork_ut","source_rest_url":"https://maps.afcity.org/arcgis/rest/services/Planning/Zoning2/MapServer/0","extraction_method":"arcgis_rest","confidence":"rest_api"}},{"type":"Feature","geometry":{"type":"Polygon","coordinates":[[[-111.7665897596701,40.38252148752799],[-111.767186763572,40.382525430809764],[-111.76717522337444,40.38122448608398],[-111.76658261910791,40.381224825970385],[-111.7665897596701,40.38252148752799]]]},"properties":{"zone_code":"RA-1","zone_description":"Residential Agricultural","zone_class_normalized":"Agriculture/Rural","jurisdiction":"american_fork_ut","source_rest_url":"https://maps.afcity.org/arcgis/rest/services/Planning/Zoning2/MapServer/0","extraction_method":"arcgis_rest","confidence":"rest_api"}},{"type":"Feature","geometry":{"type":"Polygon","coordinates":[[[-111.76787395779968,40.3844752808283],[-111.76828314536039,40.384473069543446],[-111.7682997702053,40.38385721593286],[-111.7689442928792,40.383859526427436],[-111.76907052551998,40.383859067694935],[-111.76906688861628,40.3831204679915],[-111.76865592923187,40.38311838207197],[-111.76788751965488,40.38311492183261],[-111.76787395779968,40.3844752808283]]]},"properties":{"zone_code":"RA-1","zone_description":"Residential Agricultural","zone_class_normalized":"Agriculture/Rural","jurisdiction":"american_fork_ut","source_rest_url":"https://maps.afcity.org/arcgis/rest/services/Planning/Zoning2/MapServer/0","extraction_method":"arcgis_rest","confidence":"rest_api"}},{"type":"Feature","geometry":{"type":"Polygon","coordinates":[[[-111.8013862550793,40.366249656578276],[-111.80137731312905,40.367117699268995],[-111.80247519143677,40.36711451606091],[-111.80247441362313,40.36665362294544],[-111.80215476367893,40.36665082433635],[-111.80215892770921,40.366132957740085],[-111.80204545400323,40.36612765534357],[-111.80138755491899,40.36612348891196],[-111.8013862550793,40.366249656578276]]]},"properties":{"zone_code":"RA-1","zone_description":"Residential Agricultural","zone_class_normalized":"Agriculture/Rural","jurisdiction":"american_fork_ut","source_rest_url":"https://maps.afcity.org/arcgis/rest/services/Planning/Zoning2/MapServer/0","extraction_method":"arcgis_rest","confidence":"rest_api"}},{"type":"Feature","geometry":{"type":"Polygon","coordinates":[[[-111.8057182607995,40.36916846981132],[-111.80648196241862,40.36918670319505],[-111.80648254736677,40.36898110548437],[-111.80571900620457,40.36896954438153],[-111.8057182607995,40.36916846981132]]]},"properties":{"zone_code":"RA-1","zone_description":"Residential Agricultural","zone_class_normalized":"Agriculture/Rural","jurisdiction":"american_fork_ut","source_rest_url":"https://maps.afcity.org/arcgis/rest/services/Planning/Zoning2/MapServer/0","extraction_method":"arcgis_rest","confidence":"rest_api"}},{"type":"Feature","geometry":{"type":"Polygon","coordinates":[[[-111.81645801146064,40.37284297248157],[-111.81749649719092,40.37284931252946],[-111.81749725270907,40.37267059344146],[-111.81752481494331,40.37136088583573],[-111.81648482104275,40.371355567878815],[-111.81645801146064,40.37284297248157]]]},"properties":{"zone_code":"RA-1","zone_description":"Residential Agricultural","zone_class_normalized":"Agriculture/Rural","jurisdiction":"american_fork_ut","source_rest_url":"https://maps.afcity.org/arcgis/rest/services/Planning/Zoning2/MapServer/0","extraction_method":"arcgis_rest","confidence":"rest_api"}},{"type":"Feature","geometry":{"type":"Polygon","coordinates":[[[-111.78647945866729,40.37264883334995],[-111.7865397047013,40.372648964043584],[-111.78725374087004,40.37265560251352],[-111.78726451594629,40.37031701686142],[-111.78727270784933,40.36875062761949],[-111.78727538164723,40.368204046012394],[-111.78720353704331,40.36820398201991],[-111.78719571615255,40.367273282113906],[-111.7853984576448,40.36725081503807],[-111.78537133378396,40.368180062936496],[-111.78644433606387,40.368184669696376],[-111.78647945866729,40.37264883334995]]]},"properties":{"zone_code":"R4-7500","zone_description":"Residential","zone_class_normalized":"Residential-High","jurisdiction":"american_fork_ut","source_rest_url":"https://maps.afcity.org/arcgis/rest/services/Planning/Zoning2/MapServer/0","extraction_method":"arcgis_rest","confidence":"rest_api"}},{"type":"Feature","geometry":{"type":"Polygon","coordinates":[[[-111.7977990777848,40.382555020563565],[-111.79853819310318,40.38255862924301],[-111.79854567818082,40.381835390688266],[-111.79854841540264,40.38157102059078],[-111.7980254924856,40.38156795648303],[-111.79797242941208,40.38173432100671],[-111.79799522787839,40.3817344448479],[-111.79798594516649,40.38176551541937],[-111.798005608728,40.381765667959456],[-111.79797823627878,40.38195158692474],[-111.7977990777848,40.382555020563565]]]},"properties":{"zone_code":"R4-7500","zone_description":"Residential","zone_class_normalized":"Residential-High","jurisdiction":"american_fork_ut","source_rest_url":"https://maps.afcity.org/arcgis/rest/services/Planning/Zoning2/MapServer/0","extraction_method":"arcgis_rest","confidence":"rest_api"}},{"type":"Feature","geometry":{"type":"Polygon","coordinates":[[[-111.80389033954656,40.37643982621774],[-111.80449905893433,40.376445119160344],[-111.80449997195824,40.37630763842804],[-111.8048046536153,40.376308009259475],[-111.80481015085434,40.37582917259636],[-111.80571708126645,40.37583313581239],[-111.805723756239,40.3754941006356],[-111.80551614740249,40.37549271673994],[-111.80551655529402,40.37564653488073],[-111.80512873747224,40.37564386831909],[-111.80513123888574,40.37541291188183],[-111.80474376347982,40.37541067725126],[-111.80474440438006,40.37535628907511],[-111.80444131070674,40.37535430455986],[-111.8044467616956,40.374856318947984],[-111.80446372477144,40.37474440182888],[-111.8044689104529,40.37432602153655],[-111.80392018225405,40.37432437320547],[-111.80391977951143,40.37441236823855],[-111.80127137190627,40.37438995873058],[-111.79863395691092,40.37437085831303],[-111.79863409084433,40.374261810256094],[-111.79802751498822,40.37425659845207],[-111.79802548151793,40.3743682757471],[-111.79593072192692,40.374359360832365],[-111.79593090717938,40.37470596940329],[-111.79652882544724,40.37471247760893],[-111.79652883571012,40.37479797321999],[-111.79652646453006,40.37499829640963],[-111.79649918553599,40.374999325630036],[-111.79649632534289,40.37525176247791],[-111.79862692123714,40.37526596962774],[-111.7986334273327,40.37473536041103],[-111.79914759488531,40.37473661311417],[-111.79914361792187,40.37504569007567],[-111.79929064328154,40.375046563070974],[-111.79928990895304,40.37510965592065],[-111.79963261421074,40.375111918855424],[-111.7996318277494,40.37518051281289],[-111.79970358857264,40.375181005302004],[-111.79970397531973,40.37514805881597],[-111.79992538104932,40.37514951401075],[-111.79992400561721,40.37527413510341],[-111.80014663792456,40.37527565698291],[-111.80014597566623,40.37533325678317],[-111.80046562527617,40.3753353458896],[-111.80046775142397,40.37514325488883],[-111.80054311097493,40.375143759231754],[-111.80054402101244,40.37506141971966],[-111.80128814501522,40.375066343474195],[-111.80127675005612,40.375752025653306],[-111.80127463583835,40.37627439012939],[-111.80260316798015,40.37628446951181],[-111.80323801069524,40.37629286619003],[-111.80324076195438,40.3761176223124],[-111.80389557214612,40.37612316992819],[-111.80389033954656,40.37643982621774]]]},"properties":{"zone_code":"R4-7500","zone_description":"Residential","zone_class_normalized":"Residential-High","jurisdiction":"american_fork_ut","source_rest_url":"https://maps.afcity.org/arcgis/rest/services/Planning/Zoning2/MapServer/0","extraction_method":"arcgis_rest","confidence":"rest_api"}},{"type":"Feature","geometry":{"type":"Polygon","coordinates":[[[-111.80384769753488,40.37985938934927],[-111.80383579740936,40.38110022980646],[-111.80383055676286,40.38164323466178],[-111.80513957549982,40.381652241925295],[-111.80513942415419,40.38166636307637],[-111.80539912108709,40.38158961115112],[-111.80586974653993,40.380912396087105],[-111.80568883257828,40.3805806065395],[-111.80580147482621,40.38002175705295],[-111.80541403892528,40.380019190346296],[-111.80541969068867,40.379529166384316],[-111.80563721212609,40.37953049215593],[-111.80565952963826,40.377662929193704],[-111.80565715311056,40.37766291378985],[-111.80479988530735,40.37765742557647],[-111.80480198596915,40.37747633752251],[-111.80479982851237,40.37747632783467],[-111.80400265949827,40.37747103108593],[-111.80387759081272,40.37747687509242],[-111.80387327944379,40.37795190684197],[-111.80328670147111,40.377947388968586],[-111.80328156715825,40.37840003070837],[-111.80386917572015,40.378403974047615],[-111.80386182333753,40.379214051939286],[-111.80384769753488,40.37985938934927]]]},"properties":{"zone_code":"R4-7500","zone_description":"Residential","zone_class_normalized":"Residential-High","jurisdiction":"american_fork_ut","source_rest_url":"https://maps.afcity.org/arcgis/rest/services/Planning/Zoning2/MapServer/0","extraction_method":"arcgis_rest","confidence":"rest_api"}},{"type":"Feature","geometry":{"type":"Polygon","coordinates":[[[-111.79003613497994,40.38300992575522],[-111.79002848165224,40.38361724554269],[-111.79059701134125,40.3836223458839],[-111.79060066687417,40.384122658891535],[-111.79160250197698,40.38413095223784],[-111.79160651029916,40.38379100432153],[-111.79132425036376,40.38378928052011],[-111.79132424728738,40.38378855823477],[-111.79133116339212,40.38301389153492],[-111.79115674827648,40.38301270562341],[-111.79057115727156,40.38300872393329],[-111.79057505056625,40.382674884192205],[-111.79058363582273,40.38193880178089],[-111.79116961597182,40.381942009690505],[-111.79127788399929,40.38194268936531],[-111.79128773660803,40.381015687451935],[-111.79134263944611,40.38101601272176],[-111.79135413806652,40.38046960305589],[-111.79148050676366,40.38047104710025],[-111.79147858000306,40.38001806374641],[-111.7925112146434,40.38003210029667],[-111.79251121756701,40.38003168240359],[-111.79251359357357,40.37991121277189],[-111.79285661560486,40.37991562658435],[-111.79300587427466,40.37947210642555],[-111.79269937733744,40.37946826000478],[-111.79270738344854,40.37903379532721],[-111.79211197572846,40.37902605080166],[-111.79211546434249,40.37946212854474],[-111.79060785661726,40.37944519166028],[-111.79059836532234,40.38025228510383],[-111.78894462214399,40.38025687852496],[-111.78894541363896,40.380991233164224],[-111.78793826389638,40.38098792506224],[-111.78792751239254,40.38199446123091],[-111.78866417643303,40.38199427738742],[-111.78866417812596,40.38199356229477],[-111.78866734829633,40.38167622358206],[-111.789855422518,40.381685287849365],[-111.78984653920291,40.38200074677091],[-111.78984653045617,40.38200146188111],[-111.79036083744181,40.3820047379574],[-111.79036162888168,40.382004743197555],[-111.79023748684605,40.38211655558772],[-111.79011950767782,40.38226093050775],[-111.78986655885421,40.38264878162606],[-111.78963482809682,40.38290664157653],[-111.7896352596422,40.383007440936126],[-111.78866743648118,40.38300143527311],[-111.78858192261458,40.383003513262935],[-111.78848910348947,40.3830112128345],[-111.78838654084818,40.38302640695668],[-111.78829133184516,40.383047185589184],[-111.78803013296043,40.383107592992346],[-111.78791782768893,40.3831302812936],[-111.78790238453712,40.38390176967089],[-111.78864168724584,40.38390689225063],[-111.78864065898762,40.38399757227022],[-111.78917656544375,40.38400115422694],[-111.78917836794437,40.38384334047028],[-111.78923644843782,40.38384371831842],[-111.78923910756552,40.383612232148856],[-111.78963383453116,40.38361513163053],[-111.78963831002103,40.383007459500384],[-111.79003613497994,40.38300992575522]]]},"properties":{"zone_code":"R4-7500","zone_description":"Residential","zone_class_normalized":"Residential-High","jurisdiction":"american_fork_ut","source_rest_url":"https://maps.afcity.org/arcgis/rest/services/Planning/Zoning2/MapServer/0","extraction_method":"arcgis_rest","confidence":"rest_api"}},{"type":"Feature","geometry":{"type":"Polygon","coordinates":[[[-111.78686341636427,40.37857333401163],[-111.7861420072964,40.37857730951023],[-111.78614316470066,40.378944640077066],[-111.78794962605946,40.37896163039236],[-111.78799407537922,40.376747442737965],[-111.78687455054437,40.37673790073712],[-111.78686341636427,40.37857333401163]]]},"properties":{"zone_code":"R4-7500","zone_description":"Residential","zone_class_normalized":"Residential-High","jurisdiction":"american_fork_ut","source_rest_url":"https://maps.afcity.org/arcgis/rest/services/Planning/Zoning2/MapServer/0","extraction_method":"arcgis_rest","confidence":"rest_api"}},{"type":"Feature","geometry":{"type":"Polygon","coordinates":[[[-111.78538018653256,40.37777296618597],[-111.78613738669978,40.3777711359309],[-111.78613488717326,40.37673609672737],[-111.78538122744399,40.376729662402376],[-111.7853819063405,40.377479515933665],[-111.78538018653256,40.37777296618597]]]},"properties":{"zone_code":"R4-7500","zone_description":"Residential","zone_class_normalized":"Residential-High","jurisdiction":"american_fork_ut","source_rest_url":"https://maps.afcity.org/arcgis/rest/services/Planning/Zoning2/MapServer/0","extraction_method":"arcgis_rest","confidence":"rest_api"}},{"type":"Feature","geometry":{"type":"Polygon","coordinates":[[[-111.78258097924706,40.37573666098929],[-111.78256399820077,40.376689108774436],[-111.78255381431569,40.377612847991955],[-111.78375126574025,40.37760448669563],[-111.78374525354668,40.37672487091259],[-111.78326236776608,40.376718756368064],[-111.78316426375301,40.376715206841325],[-111.78315309171262,40.37618775167486],[-111.78341485156002,40.376189072879626],[-111.78341620006243,40.37604614081791],[-111.78326115993804,40.376045715780876],[-111.78326393371209,40.37573387496104],[-111.78258097924706,40.37573666098929]]]},"properties":{"zone_code":"R4-7500","zone_description":"Residential","zone_class_normalized":"Residential-High","jurisdiction":"american_fork_ut","source_rest_url":"https://maps.afcity.org/arcgis/rest/services/Planning/Zoning2/MapServer/0","extraction_method":"arcgis_rest","confidence":"rest_api"}},{"type":"Feature","geometry":{"type":"Polygon","coordinates":[[[-111.779558804651,40.37735427883074],[-111.78010056991496,40.377472280934626],[-111.78025820834621,40.37755941798382],[-111.7810439221977,40.37755724976245],[-111.7810447817844,40.375707051549504],[-111.78155358806424,40.37570562150445],[-111.78242053916846,40.37570994446857],[-111.78250307251334,40.37571829649306],[-111.78258097924706,40.37573666098929],[-111.78256701653436,40.37569562118904],[-111.78255596613153,40.374233980446746],[-111.78175006526354,40.37369482029108],[-111.78155013147114,40.37357027626685],[-111.78106262877118,40.37412136952196],[-111.78132954468299,40.37422071338377],[-111.78132675781296,40.374340796695414],[-111.78132014235608,40.37466726745606],[-111.78121440857807,40.37495624790416],[-111.78065234390911,40.375713826341546],[-111.78015734224837,40.37571403868883],[-111.77955373322365,40.37570847896806],[-111.77955913370077,40.37644009827522],[-111.77955852999101,40.37730349733353],[-111.779558804651,40.37735427883074]]]},"properties":{"zone_code":"R4-7500","zone_description":"Residential","zone_class_normalized":"Residential-High","jurisdiction":"american_fork_ut","source_rest_url":"https://maps.afcity.org/arcgis/rest/services/Planning/Zoning2/MapServer/0","extraction_method":"arcgis_rest","confidence":"rest_api"}},{"type":"Feature","geometry":{"type":"Polygon","coordinates":[[[-111.78758685934343,40.36727603858028],[-111.78758381801944,40.36651610579427],[-111.78758199122339,40.36610448013598],[-111.78805685804498,40.3661032347696],[-111.78878650279096,40.36610131801951],[-111.78878405221191,40.36498768104704],[-111.78878362455282,40.36480602516348],[-111.78720404454823,40.36478912737487],[-111.7872152447191,40.36583067167992],[-111.78720000601851,40.36692922494501],[-111.78719695646686,40.36692923243476],[-111.78719571615255,40.367273282113906],[-111.78758685934343,40.36727603858028]]]},"properties":{"zone_code":"R3-7500","zone_description":"Residential","zone_class_normalized":"Residential-High","jurisdiction":"american_fork_ut","source_rest_url":"https://maps.afcity.org/arcgis/rest/services/Planning/Zoning2/MapServer/0","extraction_method":"arcgis_rest","confidence":"rest_api"}},{"type":"Feature","geometry":{"type":"Polygon","coordinates":[[[-111.81243923863805,40.383799583542306],[-111.8129580048881,40.383999390559836],[-111.81295840720547,40.38399954528985],[-111.8129590313268,40.38399978498485],[-111.81295901309478,40.383997859517855],[-111.81295708642827,40.383790421411334],[-111.81295513509103,40.383580420204275],[-111.81169708100047,40.383092024476305],[-111.81168312441739,40.38149364225662],[-111.81128272538038,40.3814911142021],[-111.81128171752766,40.38126965086514],[-111.81011192082453,40.381272758304036],[-111.81011192176128,40.38127270516525],[-111.81011194607183,40.381268975649256],[-111.81011672250517,40.380661860268596],[-111.81011757817475,40.38055317071619],[-111.81012319259416,40.379839725270905],[-111.81076245222098,40.37984438865303],[-111.81077120730026,40.37984445275019],[-111.8108958888459,40.379845361543374],[-111.81131136526913,40.3798483911373],[-111.81131137588197,40.379844771530806],[-111.81131386322313,40.379844794630536],[-111.81188159087458,40.3798501150965],[-111.81191646077937,40.37985044179531],[-111.81191646100943,40.37984945922193],[-111.81191821626197,40.37951745660012],[-111.81192069996403,40.37951745898248],[-111.8119207049991,40.37951649711035],[-111.81206175663227,40.379516625196366],[-111.81206771920547,40.37893403356562],[-111.81207019719132,40.37893407828897],[-111.81207020791935,40.37893307407246],[-111.81314351665428,40.37895351598446],[-111.81306763321275,40.37867738641364],[-111.81306240356662,40.37865995275774],[-111.81305539583539,40.37863689320294],[-111.81304735436782,40.37861439930011],[-111.81304568891032,40.3786097097416],[-111.81107816963349,40.378615085503874],[-111.81107813669594,40.378607842829474],[-111.81083766753194,40.37860847586784],[-111.8108373304254,40.37767545271282],[-111.8096782174228,40.37766867573383],[-111.80967727919237,40.3774770385695],[-111.80920369361809,40.3774782915826],[-111.80920328526211,40.37738795174046],[-111.80899014005774,40.37738856729025],[-111.80899237036012,40.377882310386795],[-111.80854820495279,40.37789421656271],[-111.80854602244018,40.37738947140124],[-111.80806613700979,40.37739094987573],[-111.80806353753736,40.377690776702174],[-111.80806110774533,40.377971019132325],[-111.80806039812998,40.378124363667325],[-111.807655275504,40.37812550750161],[-111.80765602896554,40.378293031091395],[-111.80805962057784,40.37829217228234],[-111.80805883193858,40.378462488234625],[-111.8074809165524,40.37845846570881],[-111.80700608367307,40.37845515776359],[-111.80700536375794,40.378294754372654],[-111.80733759964225,40.37829387999775],[-111.80733684685536,40.378126332990185],[-111.80731664587752,40.378126386072324],[-111.80731591847247,40.377964476851425],[-111.80801338047007,40.3779626421096],[-111.80801216517268,40.37769091560913],[-111.80732772472103,40.37769276386754],[-111.80732517727019,40.377534917586566],[-111.80732803051525,40.377490587113485],[-111.8073281663739,40.37741493220709],[-111.80701586231245,40.37741575244463],[-111.80701423752896,40.37734341102721],[-111.80647838247471,40.37734362763691],[-111.80647698531482,40.377514626984734],[-111.80566122376065,40.3775133908004],[-111.80565874601565,40.377513387369085],[-111.80565715311056,40.37766291378985],[-111.80565952963826,40.377662929193704],[-111.80563721212609,40.37953049215593],[-111.80541969068867,40.379529166384316],[-111.80541403892528,40.380019190346296],[-111.80580147482621,40.38002175705295],[-111.80568883257828,40.3805806065395],[-111.80644488566551,40.38087675725434],[-111.80788925222213,40.38143413612116],[-111.80904368427082,40.38188621331419],[-111.80901809837508,40.38306598848677],[-111.8090180761582,40.38306706658235],[-111.81017748322725,40.383122952016905],[-111.8101777363062,40.38312188411626],[-111.8101799721159,40.383121991664744],[-111.81031661592445,40.38254584129147],[-111.81031703540106,40.38254407046856],[-111.81054941539595,40.38263519133495],[-111.81052151902662,40.38335071086786],[-111.81064271388703,40.38336304540584],[-111.81066205525255,40.38336501411719],[-111.81078129836571,40.38338505846142],[-111.81165585500293,40.38361755616103],[-111.81165673905967,40.38361617136064],[-111.81165834389297,40.38361659667813],[-111.8117187076493,40.38352205852119],[-111.81243923863805,40.383799583542306]]]},"properties":{"zone_code":"R3-7500","zone_description":"Residential","zone_class_normalized":"Residential-High","jurisdiction":"american_fork_ut","source_rest_url":"https://maps.afcity.org/arcgis/rest/services/Planning/Zoning2/MapServer/0","extraction_method":"arcgis_rest","confidence":"rest_api"}},{"type":"Feature","geometry":{"type":"Polygon","coordinates":[[[-111.77012343894987,40.36828917763437],[-111.77012351149048,40.36830069097757],[-111.77026670446344,40.368300367327436],[-111.77026715191502,40.36830037079636],[-111.77049958687006,40.36830463997126],[-111.77061349514408,40.36830464030927],[-111.77061370036961,40.36849851514027],[-111.77061449766428,40.36856046866025],[-111.7706156233346,40.368577735419606],[-111.77061674900548,40.36859500217881],[-111.7706188955626,40.368609891643835],[-111.7706210421206,40.368624781108785],[-111.77062476506568,40.36864109530681],[-111.77062848920063,40.368657412203696],[-111.77063342776928,40.36867265365301],[-111.77063836752824,40.368687897801095],[-111.77064603070781,40.368706097780766],[-111.7706764325724,40.36877917206215],[-111.77065149357877,40.36878570883533],[-111.77062632235057,40.36879307110737],[-111.77061006689327,40.36879862771622],[-111.7705938114333,40.368804184322784],[-111.77057590312589,40.368811313629145],[-111.77055798776055,40.368818445650966],[-111.77052489351853,40.36883272046755],[-111.77049179338249,40.36884699708954],[-111.7704596402249,40.36886105176095],[-111.77042748822791,40.3688751055201],[-111.77039578361064,40.36888974273739],[-111.77036408015728,40.368904379943274],[-111.77032699641462,40.36892071013234],[-111.77028991265075,40.36893703940895],[-111.770263396108,40.368945159430105],[-111.77023687955901,40.36895327944525],[-111.77020938762607,40.3689592050993],[-111.77018189568487,40.36896512984634],[-111.7701255798638,40.368972456789116],[-111.77009707376186,40.36897382222558],[-111.77006856765533,40.368975186754454],[-111.77001387068889,40.368975313061476],[-111.77001417336396,40.36904991330189],[-111.77001004809522,40.36920401595905],[-111.77044185755071,40.36920468608508],[-111.77124177139694,40.369202833442046],[-111.77119814174776,40.36819401561433],[-111.77199849727663,40.36819753794051],[-111.77200053370203,40.36633158896991],[-111.77199256491691,40.363999587605996],[-111.771215005737,40.36399903225545],[-111.77121540081093,40.36392702045402],[-111.77010622682465,40.36392123999772],[-111.77012343894987,40.36828917763437]]]},"properties":{"zone_code":"R3-7500","zone_description":"Residential","zone_class_normalized":"Residential-High","jurisdiction":"american_fork_ut","source_rest_url":"https://maps.afcity.org/arcgis/rest/services/Planning/Zoning2/MapServer/0","extraction_method":"arcgis_rest","confidence":"rest_api"}},{"type":"Feature","geometry":{"type":"Polygon","coordinates":[[[-111.80807290178232,40.37578661433262],[-111.80807495639918,40.37624570599602],[-111.80947108906574,40.37625170885184],[-111.80965051278068,40.376252496605105],[-111.80964349232532,40.37688034471597],[-111.8105961698893,40.37688897361306],[-111.81060158649248,40.375890632645905],[-111.81061586868584,40.37478564181147],[-111.81109279413636,40.374884352667884],[-111.81109771081579,40.37438569700001],[-111.80760736398992,40.37342158541231],[-111.80458195825854,40.37256979876502],[-111.80405137227822,40.37241604428443],[-111.8038141511975,40.37231323825549],[-111.80337376243693,40.37215924633878],[-111.80310265985595,40.37205221729037],[-111.80300686970482,40.37205245831703],[-111.80300669584494,40.372017991187974],[-111.80264520596374,40.371863865017986],[-111.8026448986606,40.37177976242866],[-111.80237997024611,40.37166875840055],[-111.80201895750058,40.37148460692157],[-111.80201785048256,40.37148404058938],[-111.80156585454397,40.37125250601796],[-111.8012324126843,40.3710594468242],[-111.80119287747502,40.37104231170846],[-111.80063371572358,40.3706880032989],[-111.80053691581132,40.37057428506863],[-111.79887446063327,40.3695098177814],[-111.7975077207953,40.36880013566],[-111.79717229553825,40.368584205806755],[-111.79707204872842,40.368530741258596],[-111.79698991072853,40.36847788988818],[-111.79695611579429,40.36843875733017],[-111.79685782482768,40.36843867726191],[-111.79685747972542,40.36834069252346],[-111.79606611229649,40.367832046509946],[-111.7953463485763,40.36746888231877],[-111.79513145515548,40.3673275718372],[-111.7950144235108,40.36725249516838],[-111.79479625688519,40.36717783909776],[-111.79468390824205,40.367178678855005],[-111.79320346501926,40.3671711938082],[-111.79198258131532,40.36715897320931],[-111.7919802002571,40.366750315668966],[-111.79030067199156,40.366754234255176],[-111.79030043703567,40.366727165806374],[-111.78984416994,40.36672991243115],[-111.78984366278175,40.366509869722975],[-111.78973768151373,40.36651013236505],[-111.78972046698206,40.36621169873894],[-111.78878674722561,40.36621334193996],[-111.78878650279096,40.36610131801951],[-111.78805685804498,40.3661032347696],[-111.7880575962053,40.36651485860626],[-111.78758381801944,40.36651610579427],[-111.78758685934343,40.36727603858028],[-111.78719571615255,40.367273282113906],[-111.78720353704331,40.36820398201991],[-111.78727538164723,40.368204046012394],[-111.78727270784933,40.36875062761949],[-111.78726451594629,40.37031701686142],[-111.78725374087004,40.37265560251352],[-111.78749855824807,40.37265787749314],[-111.78750098966803,40.37323894390637],[-111.78802106885688,40.3732377272487],[-111.7880306605478,40.37266283648217],[-111.7886116816836,40.372666129575855],[-111.78860671385684,40.37315854751515],[-111.78860389047831,40.37338221572774],[-111.78925614400384,40.37338870534139],[-111.78998024635858,40.373395767903915],[-111.78996193414365,40.374459783272286],[-111.7906776008653,40.37445818050399],[-111.79067817200229,40.37445818358749],[-111.79067908484741,40.374352096670876],[-111.79210054381718,40.374358399648436],[-111.79209784903212,40.37459186988369],[-111.79209918797707,40.37459187914813],[-111.79246744946695,40.374593553465445],[-111.79312967181231,40.37459656251714],[-111.79312906038896,40.374645418052175],[-111.79312847067786,40.37469247049556],[-111.79592633028713,40.3747014247597],[-111.79593072192692,40.374359360832365],[-111.79802548151793,40.3743682757471],[-111.79802751498822,40.37425659845207],[-111.79863409084433,40.374261810256094],[-111.79863395691092,40.37437085831303],[-111.80127137190627,40.37438995873058],[-111.80391977951143,40.37441236823855],[-111.80392018225405,40.37432437320547],[-111.8044689104529,40.37432602153655],[-111.80446372477144,40.37474440182888],[-111.8044467616956,40.374856318947984],[-111.80444131070674,40.37535430455986],[-111.80474440438006,40.37535628907511],[-111.80474376347982,40.37541067725126],[-111.80513123888574,40.37541291188183],[-111.80512873747224,40.37564386831909],[-111.80551655529402,40.37564653488073],[-111.80551614740249,40.37549271673994],[-111.805723756239,40.3754941006356],[-111.80571708126645,40.37583313581239],[-111.80647795954805,40.37583646072602],[-111.8064793561847,40.37583646156918],[-111.80647734891068,40.37577376132155],[-111.80807290178232,40.37578661433262]]]},"properties":{"zone_code":"R2-7500","zone_description":"Residential","zone_class_normalized":"Residential-Medium","jurisdiction":"american_fork_ut","source_rest_url":"https://maps.afcity.org/arcgis/rest/services/Planning/Zoning2/MapServer/0","extraction_method":"arcgis_rest","confidence":"rest_api"}},{"type":"Feature","geometry":{"type":"Polygon","coordinates":[[[-111.79116319298208,40.38248681323746],[-111.79115674827648,40.38301270562341],[-111.79133116339212,40.38301389153492],[-111.79132424728738,40.38378855823477],[-111.79132425036376,40.38378928052011],[-111.79160651029916,40.38379100432153],[-111.79160253937967,40.38412867539074],[-111.79060066687417,40.384122658891535],[-111.79059701134125,40.3836223458839],[-111.78963383453116,40.38361513163053],[-111.78923910756552,40.383612232148856],[-111.78923644843782,40.38384371831842],[-111.78917836794437,40.38384334047028],[-111.78917656544375,40.38400115422694],[-111.78864065898762,40.38399757227022],[-111.78864168724584,40.38390689225063],[-111.78790238453712,40.38390176967089],[-111.78788795918169,40.384741107623434],[-111.78790562047583,40.38487366610419],[-111.78793300876238,40.38499499428927],[-111.78796822399318,40.385233963938816],[-111.78797110973456,40.385339477295375],[-111.78797106284316,40.38552471212488],[-111.7879710335239,40.385641949636785],[-111.78797102207056,40.38568734331593],[-111.78797097118765,40.38589093174601],[-111.78795447975469,40.38662017059023],[-111.78794467125607,40.38676734421559],[-111.787960907783,40.386903753526894],[-111.78800575576231,40.38710908209327],[-111.78802106455286,40.38720189946411],[-111.7880214037903,40.38735181746633],[-111.78806316443273,40.387354215635725],[-111.78806553206097,40.38762944269752],[-111.78806063040666,40.38790329978988],[-111.78805422560747,40.38796345131842],[-111.78804594618569,40.388009729009894],[-111.7880310001095,40.388053711241426],[-111.78801479258861,40.388085668885374],[-111.78799254305909,40.38812018473441],[-111.78793894327563,40.38818369014217],[-111.78773228764916,40.38840924209287],[-111.78769796646593,40.38845188408714],[-111.78767211856463,40.38849427287468],[-111.78765956529264,40.388531772856695],[-111.7876546722586,40.3885706076213],[-111.78765985712855,40.38860115897984],[-111.78766785620046,40.38863236266588],[-111.78769229562066,40.388686886922386],[-111.78771364507242,40.38872615338074],[-111.78773052915055,40.3887661936378],[-111.78774407976576,40.38882213250927],[-111.78774831300942,40.38888851619291],[-111.78775106078533,40.38896660069122],[-111.78773858755359,40.38928153701243],[-111.7877492881989,40.389542182289496],[-111.78779415627125,40.39033394557567],[-111.7877970937959,40.39097015355335],[-111.78801677635853,40.390972124682385],[-111.7885225065324,40.390974879840755],[-111.78886785220406,40.39097676001288],[-111.78961016258872,40.39098313278025],[-111.79051436333842,40.39098462645746],[-111.7905329150334,40.38897427206436],[-111.79055351221349,40.38746424532843],[-111.79055634746072,40.386980523184285],[-111.79162670991442,40.38699280071002],[-111.79317617102784,40.38700148739849],[-111.79317594100206,40.38702338549955],[-111.79411659000405,40.387024756242546],[-111.79411708467886,40.38702475679991],[-111.79412424908693,40.38633072206573],[-111.79412807884039,40.38602827270745],[-111.7938912641115,40.386026982965184],[-111.79389404138506,40.38580745218004],[-111.79389717383827,40.38556039861373],[-111.79389987330997,40.385347712657996],[-111.79390273042276,40.3851212847157],[-111.79390383309679,40.38503337116793],[-111.7937873169527,40.38503185364172],[-111.79378803970152,40.384938810246254],[-111.79379156988128,40.38448595166837],[-111.79402834869727,40.3844875262842],[-111.79427960478971,40.38448919098489],[-111.79450724291218,40.38449071467833],[-111.79451109253647,40.38431118456231],[-111.79451127934084,40.38429412014515],[-111.79452396176086,40.383675552271086],[-111.79452489325566,40.3835852731877],[-111.79453007098975,40.38313217695826],[-111.79452944550415,40.38303642423774],[-111.79584996710238,40.383046200036475],[-111.79729167400546,40.383057485724116],[-111.79853298491108,40.38306179558698],[-111.79990450639438,40.38307444851926],[-111.79990918200356,40.38307445904604],[-111.79988821927712,40.385075284748225],[-111.79988337820441,40.38552994811133],[-111.79929125571027,40.38552575928851],[-111.79928514930906,40.386063876708434],[-111.79930384004881,40.38606401981432],[-111.7997456334069,40.38654007448351],[-111.79975889451671,40.38654017649311],[-111.80016171699926,40.38697506325537],[-111.80016084005055,40.38707125558981],[-111.80115899882861,40.38707651990668],[-111.80375461567488,40.387081210153084],[-111.80508221756358,40.38709670941399],[-111.80556370393273,40.38710114721292],[-111.80556413260369,40.38695218810057],[-111.80556945064919,40.385103480028576],[-111.80639170858814,40.38510761536026],[-111.80898936137115,40.3851225644092],[-111.80900358724259,40.38393609158722],[-111.80953706558309,40.383937456718655],[-111.80953958164326,40.38362057394463],[-111.8090074296464,40.38361558125067],[-111.8090180761582,40.38306706658235],[-111.80901809837508,40.38306598848677],[-111.80904368427082,40.38188621331419],[-111.80788925222213,40.38143413612116],[-111.80644488566551,40.38087675725434],[-111.80568883257828,40.3805806065395],[-111.80586974653993,40.380912396087105],[-111.80539912108709,40.38158961115112],[-111.80513942415419,40.38166636307637],[-111.80513957549982,40.381652241925295],[-111.80383055676286,40.38164323466178],[-111.80383579740936,40.38110022980646],[-111.80384769753488,40.37985938934927],[-111.80329669324951,40.37965826727006],[-111.80305302858746,40.37957908175306],[-111.80277315733971,40.37949219732826],[-111.80268834298482,40.37947057150494],[-111.80260548784526,40.37946055309971],[-111.80257022644011,40.379458720608845],[-111.80248364759292,40.37946095833299],[-111.80234366007674,40.379463342174475],[-111.80225141652748,40.37945648733657],[-111.80215438296018,40.37944152394214],[-111.80208013418768,40.379422417325515],[-111.80199074355492,40.37939941316492],[-111.80155058202732,40.37927058088483],[-111.80140871078868,40.37923104296671],[-111.80124591275064,40.379194713638306],[-111.80124237053846,40.37948863713814],[-111.80122300499728,40.381095586174055],[-111.80121915892225,40.38149037113012],[-111.8005226471035,40.38148801278082],[-111.80052098198881,40.3817062398537],[-111.80022105336985,40.38170485492423],[-111.80022109169754,40.3816988297069],[-111.79992500654468,40.381697579152004],[-111.79992224848115,40.382070401466024],[-111.79932588398005,40.38206638767973],[-111.79932808396921,40.38183845155584],[-111.79854567818082,40.381835390688266],[-111.79853819310318,40.38255862924301],[-111.7977990777848,40.382555020563565],[-111.79797823627878,40.38195158692474],[-111.798005608728,40.381765667959456],[-111.79798594516649,40.38176551541937],[-111.79799522787839,40.3817344448479],[-111.79797242941208,40.38173432100671],[-111.79784826739805,40.381733646576556],[-111.79724522339369,40.38173036869674],[-111.79723196540138,40.38177846734198],[-111.79586786296811,40.381772349666996],[-111.79586247820592,40.3821556355093],[-111.7951327155987,40.382151637795026],[-111.79513331781162,40.38203764088121],[-111.79323067962412,40.38203556633898],[-111.79323185773922,40.38195709366908],[-111.79276123463863,40.38195334172521],[-111.79276122887926,40.381953647048235],[-111.79252436871622,40.38195191968865],[-111.79252122178728,40.38211051511182],[-111.79252121865953,40.38211088527252],[-111.79323413189064,40.38211505409968],[-111.79323229875054,40.38223715511333],[-111.79310576644029,40.38223732816744],[-111.79310576567104,40.38223769832225],[-111.79309275341669,40.382232809967675],[-111.79307115719241,40.38222910221241],[-111.79288525971458,40.38222725327893],[-111.792745434301,40.382375392490324],[-111.79270724631097,40.38238706277054],[-111.79270361862059,40.38251990989053],[-111.79179935976676,40.382513378402706],[-111.79179926601611,40.38249140272596],[-111.79116319298208,40.38248681323746]]]},"properties":{"zone_code":"R2-7500","zone_description":"Residential","zone_class_normalized":"Residential-Medium","jurisdiction":"american_fork_ut","source_rest_url":"https://maps.afcity.org/arcgis/rest/services/Planning/Zoning2/MapServer/0","extraction_method":"arcgis_rest","confidence":"rest_api"}},{"type":"Feature","geometry":{"type":"Polygon","coordinates":[[[-111.78127143008268,40.38061815195815],[-111.7813180810826,40.38061803976109],[-111.78131839270586,40.38105088555015],[-111.78252667723615,40.38106146524029],[-111.78252056122686,40.38151161831668],[-111.78249701082652,40.38316493309755],[-111.7835551971236,40.383173085372206],[-111.78532987211481,40.38317404812998],[-111.78535253512543,40.380987932550056],[-111.78537333627989,40.37894189269795],[-111.78614316470066,40.378944640077066],[-111.78613738669978,40.3777711359309],[-111.78538018653256,40.37777296618597],[-111.7853819063405,40.377479515933665],[-111.78538122744399,40.376729662402376],[-111.78421731214895,40.37672808097034],[-111.78422069340857,40.37734517524085],[-111.78423383203094,40.37734514331108],[-111.78423563574066,40.3777806446109],[-111.78375376175512,40.37778093210195],[-111.78375126574025,40.37760448669563],[-111.78255381431569,40.377612847991955],[-111.78256399820077,40.376689108774436],[-111.78258097924706,40.37573666098929],[-111.78250307251334,40.37571829649306],[-111.78242053916846,40.37570994446857],[-111.78155358806424,40.37570562150445],[-111.7810447817844,40.375707051549504],[-111.78104508239174,40.37755014021108],[-111.78104508147571,40.377690364371674],[-111.78126775335866,40.37769057298798],[-111.78126688324538,40.3783078042893],[-111.78126600164502,40.3789082119836],[-111.78126037077232,40.37907019138765],[-111.78127143008268,40.38061815195815]]]},"properties":{"zone_code":"R2-7500","zone_description":"Residential","zone_class_normalized":"Residential-Medium","jurisdiction":"american_fork_ut","source_rest_url":"https://maps.afcity.org/arcgis/rest/services/Planning/Zoning2/MapServer/0","extraction_method":"arcgis_rest","confidence":"rest_api"}},{"type":"Feature","geometry":{"type":"Polygon","coordinates":[[[-111.78374525354668,40.37672487091259],[-111.78377147385612,40.37672504956185],[-111.78376833593023,40.37619032678631],[-111.78341485987409,40.37618908997119],[-111.78315309171262,40.37618775167486],[-111.78316426375301,40.376715206841325],[-111.78326236776608,40.376718756368064],[-111.78374525354668,40.37672487091259]]]},"properties":{"zone_code":"R2-7500","zone_description":"Residential","zone_class_normalized":"Residential-Medium","jurisdiction":"american_fork_ut","source_rest_url":"https://maps.afcity.org/arcgis/rest/services/Planning/Zoning2/MapServer/0","extraction_method":"arcgis_rest","confidence":"rest_api"}},{"type":"Feature","geometry":{"type":"Polygon","coordinates":[[[-111.78794962605946,40.37896163039236],[-111.7906129411671,40.37900653844428],[-111.79061542611385,40.37883442811219],[-111.7906187279268,40.37860567598048],[-111.7906217060942,40.37841384270187],[-111.79062454578519,40.37822185034567],[-111.79064059991637,40.37688577268487],[-111.79063519032663,40.3767625223005],[-111.78969461656438,40.37675444924874],[-111.78970517032553,40.37716263487213],[-111.78836419852617,40.37715338075607],[-111.78836775889613,40.376748984249545],[-111.78799407537922,40.376747442737965],[-111.78794962605946,40.37896163039236]]]},"properties":{"zone_code":"R2-7500","zone_description":"Residential","zone_class_normalized":"Residential-Medium","jurisdiction":"american_fork_ut","source_rest_url":"https://maps.afcity.org/arcgis/rest/services/Planning/Zoning2/MapServer/0","extraction_method":"arcgis_rest","confidence":"rest_api"}},{"type":"Feature","geometry":{"type":"Polygon","coordinates":[[[-111.80135367569224,40.369458511605615],[-111.8013591805365,40.369182402605226],[-111.80227553316332,40.369180260007],[-111.80227165825397,40.369498503932185],[-111.80387281340256,40.36951506673203],[-111.80385826814194,40.37069830580246],[-111.80385557365828,40.37089653187074],[-111.80416097880314,40.3710375070906],[-111.80466635158847,40.37125517889529],[-111.8048003761323,40.37130890732395],[-111.80510455445247,40.37143084778457],[-111.80566161196268,40.371634436137214],[-111.80567318594487,40.37100908627204],[-111.8056790777918,40.370649533784025],[-111.80568490939025,40.37029364062596],[-111.8056976693622,40.36990323558801],[-111.80570081005642,40.36980106290455],[-111.80570217228654,40.36976545965557],[-111.8057154822158,40.36938934323984],[-111.80571781677845,40.369286754758],[-111.8057182607995,40.36916846981132],[-111.80571900620457,40.36896954438153],[-111.80571914242482,40.36893336342774],[-111.80572186300435,40.368208104241056],[-111.80575857455871,40.36712459373831],[-111.80576139668806,40.36704129248822],[-111.8046269159448,40.36702669037322],[-111.80462795982389,40.36711939210289],[-111.80247519143677,40.36711451606091],[-111.80137731312905,40.367117699268995],[-111.80084906675567,40.367119227918224],[-111.80084897218842,40.36714190307491],[-111.79870997101851,40.367145797005236],[-111.7990539348915,40.367489304153764],[-111.79929549017639,40.36773053503543],[-111.79974928224772,40.36818371380944],[-111.80018547995056,40.36856348049342],[-111.80046036432228,40.368802798685955],[-111.8007278372359,40.36899524992357],[-111.80093435338826,40.3691524896313],[-111.80114297894846,40.36930691962352],[-111.80135367569224,40.369458511605615]]]},"properties":{"zone_code":"R2-7500","zone_description":"Residential","zone_class_normalized":"Residential-Medium","jurisdiction":"american_fork_ut","source_rest_url":"https://maps.afcity.org/arcgis/rest/services/Planning/Zoning2/MapServer/0","extraction_method":"arcgis_rest","confidence":"rest_api"}},{"type":"Feature","geometry":{"type":"Polygon","coordinates":[[[-111.83349142758516,40.3693359003158],[-111.83349844319557,40.37056587928179],[-111.83468239183975,40.37056348938565],[-111.83491374721278,40.3684068177478],[-111.83491293889912,40.36832107464012],[-111.83387341225853,40.36832404721682],[-111.83387271970433,40.36837660402941],[-111.83384984846734,40.36837611814669],[-111.8338508015663,40.36933487490309],[-111.83349142758516,40.3693359003158]]]},"properties":{"zone_code":"R1-20000","zone_description":"Residential","zone_class_normalized":"Residential-Low","jurisdiction":"american_fork_ut","source_rest_url":"https://maps.afcity.org/arcgis/rest/services/Planning/Zoning2/MapServer/0","extraction_method":"arcgis_rest","confidence":"rest_api"}},{"type":"Feature","geometry":{"type":"Polygon","coordinates":[[[-111.81579066307272,40.3728388935734],[-111.81645801146064,40.37284297248157],[-111.81648431978945,40.3713553936146],[-111.81545635906636,40.37135413266502],[-111.81543606227875,40.372245946358206],[-111.81505875899084,40.37224438857085],[-111.81504839964715,40.37274619275897],[-111.815805007874,40.37275061669605],[-111.81579066307272,40.3728388935734]]]},"properties":{"zone_code":"R1-15000","zone_description":"Residential","zone_class_normalized":"Residential-Low","jurisdiction":"american_fork_ut","source_rest_url":"https://maps.afcity.org/arcgis/rest/services/Planning/Zoning2/MapServer/0","extraction_method":"arcgis_rest","confidence":"rest_api"}},{"type":"Feature","geometry":{"type":"Polygon","coordinates":[[[-111.81915640995932,40.3982324099429],[-111.81916739090464,40.39823967853961],[-111.81880958437553,40.3990764374495],[-111.8207071010862,40.399071142297615],[-111.82070320380176,40.398961027160865],[-111.82074870656227,40.398959567713284],[-111.8207443770415,40.398375567460896],[-111.82073825615349,40.398284636912514],[-111.82072772365876,40.398196203241994],[-111.82067142328175,40.39775036490883],[-111.82066656859527,40.39765058325963],[-111.81912258944024,40.39765196723124],[-111.81915640995932,40.3982324099429]]]},"properties":{"zone_code":"R1-15000","zone_description":"Residential","zone_class_normalized":"Residential-Low","jurisdiction":"american_fork_ut","source_rest_url":"https://maps.afcity.org/arcgis/rest/services/Planning/Zoning2/MapServer/0","extraction_method":"arcgis_rest","confidence":"rest_api"}},{"type":"Feature","geometry":{"type":"Polygon","coordinates":[[[-111.81640929694967,40.388559517041095],[-111.81640318192603,40.388632377054165],[-111.81640218684333,40.38865889292475],[-111.8164031279596,40.38868181461075],[-111.81640871604219,40.38872138418713],[-111.81641937323047,40.38876064555002],[-111.8164352867255,40.38879958108003],[-111.8164561072776,40.388837038033216],[-111.81647924244348,40.38886969475145],[-111.81650922881087,40.38890357487393],[-111.81653709141763,40.38893003787448],[-111.81655416448321,40.388944139419095],[-111.81657394748795,40.388958951416605],[-111.81660173298802,40.388977398244656],[-111.81664632741649,40.389002238055944],[-111.8166707286167,40.389013721474825],[-111.81669519219547,40.3890239213447],[-111.81673015264677,40.38903642537824],[-111.81677209890327,40.38904920498459],[-111.81682595912228,40.38905974400221],[-111.8167555186995,40.38948383933862],[-111.81720764753955,40.38950780793559],[-111.81720703056868,40.389513441147244],[-111.81720487361953,40.38953317764509],[-111.81720186126844,40.389559961964615],[-111.8171972965166,40.389586490215954],[-111.81719100253021,40.3896129826282],[-111.81718441226177,40.389635019605954],[-111.81717744139361,40.389654737633904],[-111.81716948869706,40.38967430792086],[-111.81716723296006,40.38967909539588],[-111.81716539468185,40.3896834836676],[-111.81716287663203,40.38968834570405],[-111.81715696204525,40.389700902787794],[-111.81714450778404,40.389723806741436],[-111.81713425313485,40.389740742666845],[-111.81712120291978,40.38976035468865],[-111.81710830972996,40.38977801645433],[-111.81709584345575,40.38979376325684],[-111.81708338498773,40.38980840048066],[-111.81706786714875,40.389825975692155],[-111.81705353504522,40.38984220667378],[-111.81704058084053,40.38985687675786],[-111.8170239428342,40.38987571856026],[-111.81694750866853,40.38996228013097],[-111.81693263870585,40.38997912136905],[-111.81691778865047,40.38999593913523],[-111.8168977831264,40.3900185951349],[-111.81688089313076,40.39003772309289],[-111.81686793299203,40.39005239947703],[-111.81685593481427,40.39006598711384],[-111.81683900027134,40.39008516562044],[-111.81682071743577,40.390106962257676],[-111.8168052198407,40.390127411235596],[-111.81679376541952,40.39014396761687],[-111.81677922073692,40.39016722482569],[-111.81676507645862,40.39019301347377],[-111.8167560081162,40.39021181132126],[-111.81674665666765,40.39023382512523],[-111.81673549432202,40.39026640442702],[-111.81672693552059,40.390294769911854],[-111.81671084542346,40.39035032459727],[-111.81667848545516,40.39046205406692],[-111.81667066816462,40.3904890423013],[-111.8166572451291,40.39052638745508],[-111.81670724652616,40.390536895542596],[-111.81681978092672,40.39055519658745],[-111.81686907659089,40.39056082158931],[-111.81691747119508,40.390561106572065],[-111.81718351491587,40.39055848520876],[-111.81759048732685,40.390551241522004],[-111.81767309232062,40.389659872562255],[-111.81767328863604,40.38965801496338],[-111.81782695740748,40.38828500856594],[-111.81791714285713,40.387489939755554],[-111.8181270244898,40.385604481370876],[-111.81747138331339,40.38534768169494],[-111.81747114465787,40.38534802817892],[-111.81716193610177,40.38579486060739],[-111.81756000615191,40.385952098781665],[-111.81742313350955,40.38753541688126],[-111.81720167633239,40.38752375396082],[-111.81707586224363,40.38751964603453],[-111.81649152391927,40.38752078272458],[-111.81640929694967,40.388559517041095]]]},"properties":{"zone_code":"R1-15000","zone_description":"Residential","zone_class_normalized":"Residential-Low","jurisdiction":"american_fork_ut","source_rest_url":"https://maps.afcity.org/arcgis/rest/services/Planning/Zoning2/MapServer/0","extraction_method":"arcgis_rest","confidence":"rest_api"}},{"type":"Feature","geometry":{"type":"Polygon","coordinates":[[[-111.81348992386393,40.372736678801125],[-111.81353810560759,40.37273669643537],[-111.81456118286619,40.372743156089385],[-111.81457882194329,40.37182244990845],[-111.8134857267556,40.37182540499915],[-111.81348992386393,40.372736678801125]]]},"properties":{"zone_code":"R1-15000","zone_description":"Residential","zone_class_normalized":"Residential-Low","jurisdiction":"american_fork_ut","source_rest_url":"https://maps.afcity.org/arcgis/rest/services/Planning/Zoning2/MapServer/0","extraction_method":"arcgis_rest","confidence":"rest_api"}},{"type":"Feature","geometry":{"type":"Polygon","coordinates":[[[-111.81348291139854,40.370874134306604],[-111.81348353416385,40.37087410381735],[-111.81459588180255,40.37087114554846],[-111.8145965046999,40.37087114387278],[-111.81460717249723,40.370345624370124],[-111.81460702890105,40.370321312528915],[-111.81358554544809,40.37032276283874],[-111.81347886007642,40.37032278318728],[-111.81348291139854,40.370874134306604]]]},"properties":{"zone_code":"R1-15000","zone_description":"Residential","zone_class_normalized":"Residential-Low","jurisdiction":"american_fork_ut","source_rest_url":"https://maps.afcity.org/arcgis/rest/services/Planning/Zoning2/MapServer/0","extraction_method":"arcgis_rest","confidence":"rest_api"}},{"type":"Feature","geometry":{"type":"Polygon","coordinates":[[[-111.76758909884231,40.400758215773514],[-111.7676117307581,40.40278063067857],[-111.76810313115203,40.4027749747157],[-111.76810761692164,40.40237769894997],[-111.76808323280214,40.40075700621462],[-111.76758909884231,40.400758215773514]]]},"properties":{"zone_code":"R1-15000","zone_description":"Residential","zone_class_normalized":"Residential-Low","jurisdiction":"american_fork_ut","source_rest_url":"https://maps.afcity.org/arcgis/rest/services/Planning/Zoning2/MapServer/0","extraction_method":"arcgis_rest","confidence":"rest_api"}},{"type":"Feature","geometry":{"type":"Polygon","coordinates":[[[-111.76720040042947,40.3893931130593],[-111.76720146049264,40.38939311694217],[-111.7689153854396,40.38939681396572],[-111.76891483043134,40.38925536056366],[-111.76910408084574,40.389255764716346],[-111.7691200155021,40.38890610310857],[-111.76914375621503,40.3882019810857],[-111.76914114608759,40.38775180409135],[-111.76899669018708,40.387752218332466],[-111.7689145368088,40.387752404524676],[-111.76890998947609,40.387745256907834],[-111.76522043608894,40.387753678815905],[-111.76522183021379,40.388113796435604],[-111.76719361146147,40.38810940455767],[-111.76720040042947,40.3893931130593]]]},"properties":{"zone_code":"R1-15000","zone_description":"Residential","zone_class_normalized":"Residential-Low","jurisdiction":"american_fork_ut","source_rest_url":"https://maps.afcity.org/arcgis/rest/services/Planning/Zoning2/MapServer/0","extraction_method":"arcgis_rest","confidence":"rest_api"}},{"type":"Feature","geometry":{"type":"Polygon","coordinates":[[[-111.767191429941,40.38311279809049],[-111.767186763572,40.382525430809764],[-111.7665897596701,40.38252148752799],[-111.76599547171305,40.3825175593393],[-111.76600387889603,40.38303557715089],[-111.76581865198486,40.38303538493112],[-111.76581998721196,40.38311652092936],[-111.76631542292434,40.38311516878134],[-111.767191429941,40.38311279809049]]]},"properties":{"zone_code":"R1-15000","zone_description":"Residential","zone_class_normalized":"Residential-Low","jurisdiction":"american_fork_ut","source_rest_url":"https://maps.afcity.org/arcgis/rest/services/Planning/Zoning2/MapServer/0","extraction_method":"arcgis_rest","confidence":"rest_api"}},{"type":"Feature","geometry":{"type":"Polygon","coordinates":[[[-111.79137509719018,40.40234589628733],[-111.79134528255456,40.402426534512344],[-111.7912853778517,40.402574364625934],[-111.79125336964638,40.402646748797466],[-111.79157718874397,40.402653594722466],[-111.7919141701558,40.40266949405614],[-111.7918816922162,40.40276912839369],[-111.79162037132265,40.40343826860453],[-111.79202930830009,40.40343725223193],[-111.7919518120285,40.40356191875854],[-111.79213859109299,40.40360709178544],[-111.79294286220728,40.40231501537251],[-111.79319986026586,40.40190004277455],[-111.79257949939644,40.401796012846425],[-111.79241658311905,40.40176828060613],[-111.79234874925224,40.40199072227572],[-111.79220590335265,40.40223212805404],[-111.79146371847331,40.40210621080764],[-111.79137509719018,40.40234589628733]]]},"properties":{"zone_code":"R1-12000","zone_description":"Residential","zone_class_normalized":"Residential-Low","jurisdiction":"american_fork_ut","source_rest_url":"https://maps.afcity.org/arcgis/rest/services/Planning/Zoning2/MapServer/0","extraction_method":"arcgis_rest","confidence":"rest_api"}},{"type":"Feature","geometry":{"type":"Polygon","coordinates":[[[-111.77005740727512,40.40232758717124],[-111.76971532699167,40.40236748427741],[-111.76968127384444,40.40237099319144],[-111.76964708046077,40.402373594605606],[-111.76961278923739,40.40237528481959],[-111.76948690519133,40.40237691584474],[-111.76949127040028,40.402740524573126],[-111.77064301580472,40.40272677864543],[-111.77062105037766,40.40088708796982],[-111.77058207257328,40.40088729700202],[-111.77056901862528,40.399746670782726],[-111.77056595524638,40.39954229091387],[-111.76945339796782,40.39955363410907],[-111.76946912083643,40.40086866534065],[-111.77004000058254,40.400862966721846],[-111.77005740727512,40.40232758717124]]]},"properties":{"zone_code":"R1-12000","zone_description":"Residential","zone_class_normalized":"Residential-Low","jurisdiction":"american_fork_ut","source_rest_url":"https://maps.afcity.org/arcgis/rest/services/Planning/Zoning2/MapServer/0","extraction_method":"arcgis_rest","confidence":"rest_api"}},{"type":"Feature","geometry":{"type":"Polygon","coordinates":[[[-111.82167320550673,40.398955568654046],[-111.82278364490935,40.398949198670344],[-111.82376064767081,40.39893911132262],[-111.82371811143014,40.39683915876363],[-111.82371520028978,40.396839074956546],[-111.82372387765795,40.395834874864704],[-111.82372277750203,40.39583488421331],[-111.82370818039847,40.39532150538081],[-111.82369864876873,40.39350042102738],[-111.82369839323503,40.393500436144286],[-111.823698369267,40.393495870103294],[-111.8231645744428,40.39349827175161],[-111.82316261434575,40.3930443385274],[-111.82317459003774,40.39294065028906],[-111.82321715117669,40.39271416000372],[-111.82322590315691,40.39266347035181],[-111.82323069350004,40.392612254235395],[-111.823231594464,40.39258506403635],[-111.82323184830634,40.39258419334269],[-111.82247685260073,40.39258623380409],[-111.82247675269787,40.39258153377964],[-111.82247084582549,40.39258158428592],[-111.82247310754177,40.39253490737827],[-111.82185728333813,40.39254045166686],[-111.82182648051015,40.39242658723662],[-111.82131578785105,40.39243104055982],[-111.82134145400072,40.39220392638136],[-111.82134202434578,40.3921997180504],[-111.82134278322988,40.39219552631317],[-111.82134372950459,40.3921913574771],[-111.82134486201335,40.39218721604849],[-111.82134617842141,40.39218310653671],[-111.82134767875415,40.39217903434546],[-111.82134936067278,40.39217500308353],[-111.82135122184697,40.39217101816104],[-111.82135326112409,40.39216708498487],[-111.82135547498758,40.392163207167044],[-111.8213578611069,40.39215939011768],[-111.82136041714342,40.392155637445626],[-111.82136313958462,40.392151953663586],[-111.82136602491798,40.39214834328425],[-111.82136907080894,40.39214481081716],[-111.8213722737408,40.3921413598743],[-111.82137562784546,40.392137994974924],[-111.8213791319619,40.39213471972468],[-111.82138278022195,40.39213153864266],[-111.82138656910475,40.39212845444044],[-111.8213904927421,40.39212547163717],[-111.82139454879096,40.39212259294108],[-111.8213987313832,40.3921198228714],[-111.8214030358158,40.39211716324225],[-111.82140745622061,40.39211461857279],[-111.82137628116905,40.39199478576787],[-111.821290458379,40.39169763269575],[-111.82079482386227,40.39169896680734],[-111.82079274258298,40.391698971614204],[-111.8206250306606,40.39169937737089],[-111.82061959477944,40.3905459045033],[-111.82061938403969,40.390500198035475],[-111.81971485870928,40.39049931712038],[-111.81971696362034,40.39097628893454],[-111.81905330480593,40.390978244106684],[-111.81905116876467,40.390542841101365],[-111.81759048732685,40.390551241522004],[-111.81718351491587,40.39055848520876],[-111.81691747119508,40.390561106572065],[-111.81686907659089,40.39056082158931],[-111.81681978092672,40.39055519658745],[-111.81670724652616,40.390536895542596],[-111.81668231407367,40.39060539436042],[-111.81667410950811,40.39064108627046],[-111.8166702151559,40.39067763830534],[-111.81667011832374,40.39089177292888],[-111.81667397090307,40.39135698604077],[-111.8166695488116,40.39214751932711],[-111.81670939980378,40.39214746638039],[-111.81670976480576,40.39221865344919],[-111.81670551192599,40.39223655564089],[-111.81687947562109,40.39223628267067],[-111.81689294075841,40.392398882493985],[-111.81679850069638,40.39253017657046],[-111.81671274556751,40.39272928121292],[-111.81660294068358,40.39280519840139],[-111.81654030395424,40.39300904779698],[-111.81691230407169,40.39331523512186],[-111.81691243934401,40.393315449101216],[-111.8169587369622,40.39343596434033],[-111.81678878682278,40.393765781416775],[-111.81701055542604,40.39453831411421],[-111.81705297049056,40.39484660213389],[-111.81687696564136,40.39484707900744],[-111.81739978250913,40.39659263096425],[-111.81740800219156,40.39659260866331],[-111.8184489511392,40.39656348642133],[-111.81904358681804,40.39651617014152],[-111.81904404853732,40.396516161677454],[-111.81904415717223,40.396517732948745],[-111.81912258944024,40.39765196723124],[-111.81917782097159,40.39765192193117],[-111.8206325971003,40.39765061422702],[-111.82066656859527,40.39765058325963],[-111.82067142328175,40.39775036490883],[-111.82072772365876,40.398196203241994],[-111.8216950134474,40.39816872030203],[-111.82169543510959,40.39816870833529],[-111.82167320550673,40.398955568654046]]]},"properties":{"zone_code":"R1-12000","zone_description":"Residential","zone_class_normalized":"Residential-Low","jurisdiction":"american_fork_ut","source_rest_url":"https://maps.afcity.org/arcgis/rest/services/Planning/Zoning2/MapServer/0","extraction_method":"arcgis_rest","confidence":"rest_api"}},{"type":"Feature","geometry":{"type":"Polygon","coordinates":[[[-111.81454360267401,40.39746415491526],[-111.81454609959252,40.39784719348351],[-111.81466350901334,40.39785288573072],[-111.81466537065278,40.397852979790805],[-111.81485046814953,40.397864857094476],[-111.8148626832203,40.397866523673564],[-111.81500899254473,40.397890220263],[-111.815160441967,40.397914785421804],[-111.81517244303149,40.39791704334604],[-111.81531114394978,40.397929999551764],[-111.81543860414573,40.39793340159713],[-111.81544047147884,40.39793345240018],[-111.81555978546432,40.39793853520358],[-111.81556099123932,40.39832057660648],[-111.81561874922224,40.39833489182114],[-111.81549871026583,40.39850627856453],[-111.81547196672197,40.398586025938094],[-111.81514476265319,40.398717827809556],[-111.81508987193698,40.39896842654629],[-111.81514882509828,40.39921616359208],[-111.81515928982098,40.39933819878431],[-111.81542198361076,40.39931878245252],[-111.81567969261029,40.39929160040531],[-111.81575855373603,40.39927775234276],[-111.81594962989435,40.39924419757537],[-111.81624688152421,40.39918719813156],[-111.81644052730282,40.39914696208748],[-111.81676594500647,40.3990700698932],[-111.81693986087748,40.39903539457399],[-111.81718538904897,40.399006722870084],[-111.81730093945623,40.39859403146615],[-111.81741162310539,40.39859164900987],[-111.81752001560861,40.39844264057089],[-111.81763849110756,40.39819571991838],[-111.81764900593623,40.39802964387518],[-111.81743526718904,40.39787869706664],[-111.81746363545226,40.397831028186815],[-111.81745857177481,40.397829095706314],[-111.81745860541946,40.397822386961316],[-111.81548291534693,40.39751088281623],[-111.81549968585988,40.3973879555226],[-111.81551202652221,40.39726450481311],[-111.8155199213813,40.397140690271065],[-111.81549069422387,40.395743895166774],[-111.81501030234006,40.39571759675235],[-111.81501281585487,40.39601571771947],[-111.81506251576336,40.396180365214626],[-111.81507087899561,40.39714752208832],[-111.8150004250543,40.3974628888717],[-111.81499864158506,40.39746288466762],[-111.81454360267401,40.39746415491526]]]},"properties":{"zone_code":"R1-12000","zone_description":"Residential","zone_class_normalized":"Residential-Low","jurisdiction":"american_fork_ut","source_rest_url":"https://maps.afcity.org/arcgis/rest/services/Planning/Zoning2/MapServer/0","extraction_method":"arcgis_rest","confidence":"rest_api"}},{"type":"Feature","geometry":{"type":"Polygon","coordinates":[[[-111.81411870527073,40.392990346420305],[-111.81560355675332,40.39329340840289],[-111.81560248992669,40.393151825961986],[-111.81560251623588,40.39314425444006],[-111.8156039475786,40.392990642972684],[-111.81560036726852,40.39215610691332],[-111.81543713318794,40.39215588883692],[-111.81432226439053,40.39215384811707],[-111.81406798701373,40.392152302955346],[-111.8140789004265,40.39258146793143],[-111.81408470096105,40.39259852887735],[-111.81409264426323,40.392910311398545],[-111.81411795643507,40.392980924419795],[-111.81411870527073,40.392990346420305]]]},"properties":{"zone_code":"R1-12000","zone_description":"Residential","zone_class_normalized":"Residential-Low","jurisdiction":"american_fork_ut","source_rest_url":"https://maps.afcity.org/arcgis/rest/services/Planning/Zoning2/MapServer/0","extraction_method":"arcgis_rest","confidence":"rest_api"}},{"type":"Feature","geometry":{"type":"Polygon","coordinates":[[[-111.79982053228177,40.391526461977286],[-111.7997992204219,40.39153625041931],[-111.7997681924726,40.39155064427185],[-111.79975698412125,40.3915555399041],[-111.79973753772431,40.391564461668274],[-111.79971997072224,40.391571661145655],[-111.79967509064551,40.39158866531507],[-111.79965112326516,40.39159698172669],[-111.79963712885495,40.39160179082024],[-111.79962307391041,40.3916064946955],[-111.79960591955471,40.391612175566365],[-111.79989299470999,40.39219582132603],[-111.80030370326914,40.39216854728061],[-111.80030332284834,40.39174365637312],[-111.80010901547686,40.391743221088035],[-111.79994765989217,40.39161056401167],[-111.79984729303433,40.39151319851012],[-111.79982053228177,40.391526461977286]]]},"properties":{"zone_code":"R1-12000","zone_description":"Residential","zone_class_normalized":"Residential-Low","jurisdiction":"american_fork_ut","source_rest_url":"https://maps.afcity.org/arcgis/rest/services/Planning/Zoning2/MapServer/0","extraction_method":"arcgis_rest","confidence":"rest_api"}},{"type":"Feature","geometry":{"type":"Polygon","coordinates":[[[-111.79786335408843,40.391691942019214],[-111.79786348909117,40.391693731192554],[-111.79786839621337,40.391758931150086],[-111.79784391482492,40.39183292836778],[-111.7978169112291,40.39186005782193],[-111.79813006679738,40.39227370127725],[-111.79866617501132,40.39227233376204],[-111.79866400058246,40.39168946291928],[-111.79786335408843,40.391691942019214]]]},"properties":{"zone_code":"R1-12000","zone_description":"Residential","zone_class_normalized":"Residential-Low","jurisdiction":"american_fork_ut","source_rest_url":"https://maps.afcity.org/arcgis/rest/services/Planning/Zoning2/MapServer/0","extraction_method":"arcgis_rest","confidence":"rest_api"}},{"type":"Feature","geometry":{"type":"Polygon","coordinates":[[[-111.76758466295907,40.399992507534414],[-111.76852383886028,40.39998284285168],[-111.76851379357824,40.39914334776641],[-111.7685280924029,40.39914281691109],[-111.7685275456404,40.399053977561],[-111.76850077119894,40.39554325821928],[-111.76715460671114,40.395524177875615],[-111.76616676502088,40.39550621536351],[-111.76546411523479,40.395493432763104],[-111.7654640939247,40.39550888098046],[-111.76491345943789,40.395509215950526],[-111.76491368504605,40.395548602730805],[-111.76488704777044,40.39554875580987],[-111.76489958716193,40.39666150327856],[-111.76492426634705,40.39885134271797],[-111.76492556916169,40.39909032543531],[-111.76492397974843,40.39918846301379],[-111.76699678297855,40.399167820054124],[-111.76757517302097,40.39915922713272],[-111.76758466295907,40.399992507534414]]]},"properties":{"zone_code":"R1-12000","zone_description":"Residential","zone_class_normalized":"Residential-Low","jurisdiction":"american_fork_ut","source_rest_url":"https://maps.afcity.org/arcgis/rest/services/Planning/Zoning2/MapServer/0","extraction_method":"arcgis_rest","confidence":"rest_api"}},{"type":"Feature","geometry":{"type":"Polygon","coordinates":[[[-111.78878650279096,40.36610131801951],[-111.78878674722561,40.36621334193996],[-111.78972046698206,40.36621169873894],[-111.78973768151373,40.36651013236505],[-111.78984366278175,40.366509869722975],[-111.78984416994,40.36672991243115],[-111.79030043703567,40.366727165806374],[-111.79029761674985,40.36640520117053],[-111.79029704434753,40.365726691607705],[-111.7902955515563,40.365364049753445],[-111.79036446891294,40.36536477025625],[-111.79036313131762,40.36504959877496],[-111.79029437306615,40.3650493948332],[-111.79029399301324,40.36495455053791],[-111.79024502117224,40.36495460455639],[-111.7893740385798,40.36494216595444],[-111.78931064389752,40.36494232281934],[-111.78931138346223,40.36499442638364],[-111.78878406998176,40.36499551730119],[-111.78878650279096,40.36610131801951]]]},"properties":{"zone_code":"R1-9000","zone_description":"Residential","zone_class_normalized":"Residential-Low","jurisdiction":"american_fork_ut","source_rest_url":"https://maps.afcity.org/arcgis/rest/services/Planning/Zoning2/MapServer/0","extraction_method":"arcgis_rest","confidence":"rest_api"}},{"type":"Feature","geometry":{"type":"Polygon","coordinates":[[[-111.79137509719018,40.40234589628733],[-111.79146371847331,40.40210621080764],[-111.79220590335265,40.40223212805404],[-111.79234874925224,40.40199072227572],[-111.79241658311905,40.40176828060613],[-111.79162863492195,40.40163633210814],[-111.79137509719018,40.40234589628733]]]},"properties":{"zone_code":"R1-9000","zone_description":"Residential","zone_class_normalized":"Residential-Low","jurisdiction":"american_fork_ut","source_rest_url":"https://maps.afcity.org/arcgis/rest/services/Planning/Zoning2/MapServer/0","extraction_method":"arcgis_rest","confidence":"rest_api"}},{"type":"Feature","geometry":{"type":"Polygon","coordinates":[[[-111.80247519143677,40.36711451606091],[-111.80462795982389,40.36711939210289],[-111.8046269159448,40.36702669037322],[-111.80576139668806,40.36704129248822],[-111.80577846456089,40.36674956843796],[-111.80578047570474,40.366643153972845],[-111.80599459755517,40.36663935162951],[-111.80612950973773,40.36664283083178],[-111.8062641307774,40.36665234805475],[-111.8067181747562,40.366708870663324],[-111.80679326121725,40.36671853908814],[-111.807036378475,40.366747426036966],[-111.80718409742434,40.36675514006485],[-111.8071830212257,40.366367023174796],[-111.80679306075734,40.36636610158487],[-111.80679565644517,40.365835322995395],[-111.80614119112528,40.36583702113552],[-111.8061492966391,40.36614253187467],[-111.80600591017068,40.36614281352284],[-111.80544631528574,40.36579493483004],[-111.80545710373349,40.36522338260128],[-111.80486979658718,40.36521414387632],[-111.80486320145758,40.365619649374636],[-111.80486619381979,40.36573365205084],[-111.80489392284342,40.36582098769392],[-111.80219144213328,40.36579779604492],[-111.80218511591875,40.365523777851145],[-111.80187437944294,40.36552120132295],[-111.80152773738328,40.365518325691454],[-111.8014116582379,40.36551736768961],[-111.80141167213772,40.36551544482871],[-111.80141477996892,40.36508503287916],[-111.80141482842058,40.36507331387666],[-111.80134295630498,40.36507321902311],[-111.80129707920294,40.36507314000535],[-111.80086006753098,40.365070909501505],[-111.8008578353641,40.365326125041186],[-111.80085805964045,40.36558142159903],[-111.80084976948437,40.366248159684744],[-111.8013862550793,40.366249656578276],[-111.80138755491899,40.36612348891196],[-111.80204545400323,40.36612765534357],[-111.80215892770921,40.366132957740085],[-111.80215476367893,40.36665082433635],[-111.80247441362313,40.36665362294544],[-111.80247519143677,40.36711451606091]]]},"properties":{"zone_code":"R1-9000","zone_description":"Residential","zone_class_normalized":"Residential-Low","jurisdiction":"american_fork_ut","source_rest_url":"https://maps.afcity.org/arcgis/rest/services/Planning/Zoning2/MapServer/0","extraction_method":"arcgis_rest","confidence":"rest_api"}},{"type":"Feature","geometry":{"type":"Polygon","coordinates":[[[-111.77592225584999,40.37628828756475],[-111.77597195380308,40.37628815229204],[-111.77597229081786,40.37608709064453],[-111.77634527430166,40.37608716638175],[-111.77634469988253,40.3757117735917],[-111.77598689976963,40.37571134591193],[-111.77597249291877,40.37571131056116],[-111.77597268838376,40.3759176765105],[-111.77592079564627,40.37591780975731],[-111.77592225584999,40.37628828756475]]]},"properties":{"zone_code":"R1-9000","zone_description":"Residential","zone_class_normalized":"Residential-Low","jurisdiction":"american_fork_ut","source_rest_url":"https://maps.afcity.org/arcgis/rest/services/Planning/Zoning2/MapServer/0","extraction_method":"arcgis_rest","confidence":"rest_api"}},{"type":"Feature","geometry":{"type":"Polygon","coordinates":[[[-111.7781713664703,40.37608180699668],[-111.77816964927003,40.37571077949702],[-111.77775117059691,40.375711667820894],[-111.77774434105025,40.37607752536475],[-111.7781713664703,40.37608180699668]]]},"properties":{"zone_code":"R1-9000","zone_description":"Residential","zone_class_normalized":"Residential-Low","jurisdiction":"american_fork_ut","source_rest_url":"https://maps.afcity.org/arcgis/rest/services/Planning/Zoning2/MapServer/0","extraction_method":"arcgis_rest","confidence":"rest_api"}},{"type":"Feature","geometry":{"type":"Polygon","coordinates":[[[-111.76830001591276,40.37598985605417],[-111.76913753964062,40.37598780922137],[-111.76914406207173,40.37568424232534],[-111.76914725942252,40.375290412442865],[-111.76958602589279,40.37528727010373],[-111.76959023621156,40.375686287592025],[-111.77028591789161,40.37568947406903],[-111.77028579769953,40.3755615966985],[-111.77106449124015,40.375559984514155],[-111.7710407617372,40.374364960630594],[-111.76914172568229,40.37436939050179],[-111.76912835836875,40.375589837110454],[-111.76829919683661,40.37558316204805],[-111.76830001591276,40.37598985605417]]]},"properties":{"zone_code":"R1-9000","zone_description":"Residential","zone_class_normalized":"Residential-Low","jurisdiction":"american_fork_ut","source_rest_url":"https://maps.afcity.org/arcgis/rest/services/Planning/Zoning2/MapServer/0","extraction_method":"arcgis_rest","confidence":"rest_api"}},{"type":"Feature","geometry":{"type":"Polygon","coordinates":[[[-111.77101001423658,40.411740061583416],[-111.77241212106362,40.41173680678038],[-111.77240764640302,40.4106610590697],[-111.77236010538776,40.410661169735455],[-111.77100575500984,40.410663459598325],[-111.77101001423658,40.411740061583416]]]},"properties":{"zone_code":"R1-9000","zone_description":"Residential","zone_class_normalized":"Residential-Low","jurisdiction":"american_fork_ut","source_rest_url":"https://maps.afcity.org/arcgis/rest/services/Planning/Zoning2/MapServer/0","extraction_method":"arcgis_rest","confidence":"rest_api"}},{"type":"Feature","geometry":{"type":"Polygon","coordinates":[[[-111.82247685260073,40.39258623380409],[-111.82323184830634,40.39258419334269],[-111.823231594464,40.39258506403635],[-111.82323069350004,40.392612254235395],[-111.82322590315691,40.39266347035181],[-111.82321715117669,40.39271416000372],[-111.82317459003774,40.39294065028906],[-111.82316261434575,40.3930443385274],[-111.8231645744428,40.39349827175161],[-111.823698369267,40.393495870103294],[-111.82369345071159,40.39258287915335],[-111.82368872336814,40.39169134630483],[-111.82270501127915,40.39169393625295],[-111.82271067437578,40.39159006999616],[-111.8213597440106,40.3916022934776],[-111.82133103874682,40.39169744197916],[-111.821290458379,40.39169763269575],[-111.82137628116905,40.39199478576787],[-111.82140745622061,40.39211461857279],[-111.8214030358158,40.39211716324225],[-111.8213987313832,40.3921198228714],[-111.82139454879096,40.39212259294108],[-111.8213904927421,40.39212547163717],[-111.82138656910475,40.39212845444044],[-111.82138278022195,40.39213153864266],[-111.8213791319619,40.39213471972468],[-111.82137562784546,40.392137994974924],[-111.8213722737408,40.3921413598743],[-111.82136907080894,40.39214481081716],[-111.82136602491798,40.39214834328425],[-111.82136313958462,40.392151953663586],[-111.82136041714342,40.392155637445626],[-111.8213578611069,40.39215939011768],[-111.82135547498758,40.392163207167044],[-111.82135326112409,40.39216708498487],[-111.82135122184697,40.39217101816104],[-111.82134936067278,40.39217500308353],[-111.82134767875415,40.39217903434546],[-111.82134617842141,40.39218310653671],[-111.82134486201335,40.39218721604849],[-111.82134372950459,40.3921913574771],[-111.82134278322988,40.39219552631317],[-111.82134202434578,40.3921997180504],[-111.82134145400072,40.39220392638136],[-111.82131578785105,40.39243104055982],[-111.82182648051015,40.39242658723662],[-111.82185728333813,40.39254045166686],[-111.82247310754177,40.39253490737827],[-111.82247084582549,40.39258158428592],[-111.82247675269787,40.39258153377964],[-111.82247685260073,40.39258623380409]]]},"properties":{"zone_code":"R1-9000","zone_description":"Residential","zone_class_normalized":"Residential-Low","jurisdiction":"american_fork_ut","source_rest_url":"https://maps.afcity.org/arcgis/rest/services/Planning/Zoning2/MapServer/0","extraction_method":"arcgis_rest","confidence":"rest_api"}},{"type":"Feature","geometry":{"type":"Polygon","coordinates":[[[-111.79085584461643,40.40349055711274],[-111.79139629814856,40.403494673627485],[-111.79159467424827,40.40349109300861],[-111.79162037132265,40.40343826860453],[-111.7918816922162,40.40276912839369],[-111.7919141701558,40.40266949405614],[-111.79157718874397,40.402653594722466],[-111.79125336964638,40.402646748797466],[-111.79105674512957,40.40307260916696],[-111.79085584461643,40.40349055711274]]]},"properties":{"zone_code":"R1-9000","zone_description":"Residential","zone_class_normalized":"Residential-Low","jurisdiction":"american_fork_ut","source_rest_url":"https://maps.afcity.org/arcgis/rest/services/Planning/Zoning2/MapServer/0","extraction_method":"arcgis_rest","confidence":"rest_api"}},{"type":"Feature","geometry":{"type":"Polygon","coordinates":[[[-111.78805685804498,40.3661032347696],[-111.78758199122339,40.36610448013598],[-111.78758381801944,40.36651610579427],[-111.7880575962053,40.36651485860626],[-111.78805685804498,40.3661032347696]]]},"properties":{"zone_code":"R1-7500","zone_description":"Residential","zone_class_normalized":"Residential-Medium","jurisdiction":"american_fork_ut","source_rest_url":"https://maps.afcity.org/arcgis/rest/services/Planning/Zoning2/MapServer/0","extraction_method":"arcgis_rest","confidence":"rest_api"}},{"type":"Feature","geometry":{"type":"Polygon","coordinates":[[[-111.79313896848058,40.392090044330374],[-111.7936799807633,40.39208859371011],[-111.79368781203728,40.39180871867784],[-111.79504496247257,40.39180259003781],[-111.79504493877997,40.39180228569056],[-111.79577345553471,40.391800255047315],[-111.795771534343,40.391708453273004],[-111.79578559868769,40.38903990716536],[-111.79580156745864,40.387305139179134],[-111.79581262273729,40.387024219663935],[-111.79581310789717,40.38697218636856],[-111.79644196180439,40.386968853468936],[-111.79673464629062,40.38648264706719],[-111.79677085294308,40.38636711809573],[-111.79691050136287,40.38569621316646],[-111.79763048579085,40.38569438337645],[-111.79762813164749,40.38506245160496],[-111.79851395854062,40.385062157593616],[-111.79849577420082,40.38632978815739],[-111.7984854152909,40.38705190536301],[-111.79943503102122,40.387067423046425],[-111.80016084005055,40.38707125558981],[-111.80016171699926,40.38697506325537],[-111.79975889451671,40.38654017649311],[-111.7997456334069,40.38654007448351],[-111.79930384004881,40.38606401981432],[-111.79928514930906,40.386063876708434],[-111.79929125571027,40.38552575928851],[-111.79988337820441,40.38552994811133],[-111.79988821927712,40.385075284748225],[-111.79990918200356,40.38307445904604],[-111.79990450639438,40.38307444851926],[-111.79853298491108,40.38306179558698],[-111.79729167400546,40.383057485724116],[-111.79584996710238,40.383046200036475],[-111.79452944550415,40.38303642423774],[-111.79453007098975,40.38313217695826],[-111.79452396176086,40.383675552271086],[-111.79451127934084,40.38429412014515],[-111.79451109253647,40.38431118456231],[-111.79450724291218,40.38449071467833],[-111.79427960478971,40.38448919098489],[-111.79402834869727,40.3844875262842],[-111.79379156988128,40.38448595166837],[-111.79378803970152,40.384938810246254],[-111.7937873169527,40.38503185364172],[-111.79390383309679,40.38503337116793],[-111.79390273042276,40.3851212847157],[-111.79389987330997,40.385347712657996],[-111.79389717383827,40.38556039861373],[-111.79389404138506,40.38580745218004],[-111.7938912641115,40.386026982965184],[-111.79412807884039,40.38602827270745],[-111.79412424908693,40.38633072206573],[-111.79411708467886,40.38702475679991],[-111.79411659000405,40.387024756242546],[-111.79317594100206,40.38702338549955],[-111.79317617102784,40.38700148739849],[-111.79162670991442,40.38699280071002],[-111.79055634746072,40.386980523184285],[-111.79055351221349,40.38746424532843],[-111.7905329150334,40.38897427206436],[-111.79051436333842,40.39098462645746],[-111.79059004075454,40.390984613208964],[-111.79315884367334,40.39098919216347],[-111.79313896848058,40.392090044330374]]]},"properties":{"zone_code":"R1-7500","zone_description":"Residential","zone_class_normalized":"Residential-Medium","jurisdiction":"american_fork_ut","source_rest_url":"https://maps.afcity.org/arcgis/rest/services/Planning/Zoning2/MapServer/0","extraction_method":"arcgis_rest","confidence":"rest_api"}},{"type":"Feature","geometry":{"type":"Polygon","coordinates":[[[-111.79030043703567,40.366727165806374],[-111.79030067199156,40.366754234255176],[-111.7919802002571,40.366750315668966],[-111.79198258131532,40.36715897320931],[-111.79320346501926,40.3671711938082],[-111.79468390824205,40.367178678855005],[-111.79479625688519,40.36717783909776],[-111.79371434107934,40.366483497909165],[-111.79371456232165,40.36629093756453],[-111.79232666842606,40.36540166565393],[-111.79227903706496,40.3653851178381],[-111.79036446891294,40.36536477025625],[-111.7902955515563,40.365364049753445],[-111.79029704434753,40.365726691607705],[-111.79029761674985,40.36640520117053],[-111.79030043703567,40.366727165806374]]]},"properties":{"zone_code":"R1-7500","zone_description":"Residential","zone_class_normalized":"Residential-Medium","jurisdiction":"american_fork_ut","source_rest_url":"https://maps.afcity.org/arcgis/rest/services/Planning/Zoning2/MapServer/0","extraction_method":"arcgis_rest","confidence":"rest_api"}},{"type":"Feature","geometry":{"type":"Polygon","coordinates":[[[-111.80568490939025,40.37029364062596],[-111.8056790777918,40.370649533784025],[-111.80567318594487,40.37100908627204],[-111.80566161196268,40.371634436137214],[-111.80596556688707,40.37175341280098],[-111.80649475640952,40.37192576457197],[-111.80686636310767,40.37203705851103],[-111.80768692666251,40.37223580892326],[-111.80865161074,40.37243247833051],[-111.80928182631115,40.3725656620865],[-111.80991349967952,40.372697520077686],[-111.81160725606037,40.37271786196842],[-111.81166896387869,40.37271857203144],[-111.81172253566028,40.37033450556624],[-111.81171728812255,40.37020542564551],[-111.8116324996876,40.37020568404555],[-111.81163932435061,40.369631808114775],[-111.81163760073012,40.36931210618534],[-111.81121435922807,40.369313232420325],[-111.81110707481167,40.36902037782277],[-111.81109980304011,40.36710458163317],[-111.80994935636613,40.367109028082325],[-111.80993887379557,40.36710908558706],[-111.80993886143074,40.367153139469515],[-111.80993797972035,40.368994889344144],[-111.80993818317027,40.36980730367638],[-111.80907935997638,40.36977520006267],[-111.80773391379141,40.36972698254772],[-111.80773381834331,40.36973089328918],[-111.80772892210081,40.36993136247353],[-111.8056976693622,40.36990323558801],[-111.80568490939025,40.37029364062596]]]},"properties":{"zone_code":"R1-7500","zone_description":"Residential","zone_class_normalized":"Residential-Medium","jurisdiction":"american_fork_ut","source_rest_url":"https://maps.afcity.org/arcgis/rest/services/Planning/Zoning2/MapServer/0","extraction_method":"arcgis_rest","confidence":"rest_api"}},{"type":"Feature","geometry":{"type":"Polygon","coordinates":[[[-111.78532987211481,40.38317404812998],[-111.78532039422203,40.38465413304937],[-111.78530429128371,40.38576414501182],[-111.7852906897438,40.38649671226693],[-111.78527897773424,40.387304543500626],[-111.78527320492874,40.388018009079914],[-111.78526781164386,40.388763193150126],[-111.78527060106993,40.38884629581719],[-111.78527000245494,40.38894534399164],[-111.78527054869403,40.3889670222149],[-111.78527313423925,40.38902693909312],[-111.78527502181453,40.38907172197133],[-111.78528124117905,40.38911954826297],[-111.78529454480673,40.389206248442555],[-111.78530481557688,40.38926415441573],[-111.78530984924122,40.38929145052201],[-111.78531035778067,40.389294206057656],[-111.78532952257886,40.389375874618345],[-111.78533539301066,40.389396512251984],[-111.78534659478186,40.38943589394364],[-111.7853485351141,40.389441645927675],[-111.78537091276846,40.38950798451472],[-111.78537436364377,40.38951782159518],[-111.78539641439151,40.389580606254626],[-111.78540742290465,40.38961176491444],[-111.78541165601956,40.38962163701006],[-111.78544233336747,40.389693183385965],[-111.78546003374814,40.38973208899208],[-111.78547452334145,40.38976393532276],[-111.78548095516827,40.38977937143868],[-111.78549937116881,40.38982350604998],[-111.78551812341561,40.38987087303662],[-111.78553999636041,40.3899327646882],[-111.78554286326333,40.389942365426144],[-111.78557285350394,40.390042796986116],[-111.78559111724577,40.39011841556718],[-111.78560285276544,40.39017695735592],[-111.7856044363477,40.39018724478978],[-111.78561586635324,40.39026146698683],[-111.78561848627685,40.390278483068236],[-111.7856189184355,40.39028268697313],[-111.78562693663797,40.390360669449],[-111.78562733517487,40.39037233411017],[-111.78563001730858,40.39044880397491],[-111.78563531082752,40.39051119268906],[-111.78519607408427,40.39054999194166],[-111.78519517745343,40.39077475727258],[-111.7851942725568,40.390999519003884],[-111.78519223626428,40.39182067696368],[-111.78799190083564,40.39181565978393],[-111.78801677635853,40.390972124682385],[-111.7877970937959,40.39097015355335],[-111.78779415627125,40.39033394557567],[-111.7877492881989,40.389542182289496],[-111.78773858755359,40.38928153701243],[-111.78775106078533,40.38896660069122],[-111.78774831300942,40.38888851619291],[-111.78774407976576,40.38882213250927],[-111.78773052915055,40.3887661936378],[-111.78771364507242,40.38872615338074],[-111.78769229562066,40.388686886922386],[-111.78766785620046,40.38863236266588],[-111.78765985712855,40.38860115897984],[-111.7876546722586,40.3885706076213],[-111.78765956529264,40.388531772856695],[-111.78767211856463,40.38849427287468],[-111.78769796646593,40.38845188408714],[-111.78773228764916,40.38840924209287],[-111.78793894327563,40.38818369014217],[-111.78799254305909,40.38812018473441],[-111.78801479258861,40.388085668885374],[-111.7880310001095,40.388053711241426],[-111.78804594618569,40.388009729009894],[-111.78805422560747,40.38796345131842],[-111.78806063040666,40.38790329978988],[-111.78806553206097,40.38762944269752],[-111.78806316443273,40.387354215635725],[-111.7880214037903,40.38735181746633],[-111.78802106455286,40.38720189946411],[-111.78800575576231,40.38710908209327],[-111.787960907783,40.386903753526894],[-111.78794467125607,40.38676734421559],[-111.78795447975469,40.38662017059023],[-111.78797097118765,40.38589093174601],[-111.78797102207056,40.38568734331593],[-111.7879710335239,40.385641949636785],[-111.78797106284316,40.38552471212488],[-111.78797110973456,40.385339477295375],[-111.78796822399318,40.385233963938816],[-111.78793300876238,40.38499499428927],[-111.78790562047583,40.38487366610419],[-111.78788795918169,40.384741107623434],[-111.78790238453712,40.38390176967089],[-111.78791782768893,40.3831302812936],[-111.78791507544831,40.38302930212405],[-111.78792751239254,40.38199446123091],[-111.78793826389638,40.38098792506224],[-111.78894541363896,40.380991233164224],[-111.78894462214399,40.38025687852496],[-111.79059836532234,40.38025228510383],[-111.79060785661726,40.37944519166028],[-111.7906129411671,40.37900653844428],[-111.78794962605946,40.37896163039236],[-111.78614316470066,40.378944640077066],[-111.78537333627989,40.37894189269795],[-111.78535253512543,40.380987932550056],[-111.78532987211481,40.38317404812998]]]},"properties":{"zone_code":"R1-7500","zone_description":"Residential","zone_class_normalized":"Residential-Medium","jurisdiction":"american_fork_ut","source_rest_url":"https://maps.afcity.org/arcgis/rest/services/Planning/Zoning2/MapServer/0","extraction_method":"arcgis_rest","confidence":"rest_api"}},{"type":"Feature","geometry":{"type":"Polygon","coordinates":[[[-111.78850483880922,40.391705622627704],[-111.78949615889714,40.39171999430181],[-111.78968935006175,40.391718630742254],[-111.7896732145848,40.39155960996108],[-111.7896296339182,40.390983164727125],[-111.78886785220406,40.39097676001288],[-111.7885225065324,40.390974879840755],[-111.78850483880922,40.391705622627704]]]},"properties":{"zone_code":"R1-7500","zone_description":"Residential","zone_class_normalized":"Residential-Medium","jurisdiction":"american_fork_ut","source_rest_url":"https://maps.afcity.org/arcgis/rest/services/Planning/Zoning2/MapServer/0","extraction_method":"arcgis_rest","confidence":"rest_api"}},{"type":"Feature","geometry":{"type":"Polygon","coordinates":[[[-111.8026275444439,40.378454944975424],[-111.80262659251383,40.37852166873022],[-111.80261976182013,40.378667995193446],[-111.80261180954908,40.37884244270329],[-111.80260337153211,40.37902449446422],[-111.80309773100866,40.379027754380886],[-111.8030898176031,40.37959103757161],[-111.80329669324951,40.37965826727006],[-111.80384769753488,40.37985938934927],[-111.80386182333753,40.379214051939286],[-111.80386917572015,40.378403974047615],[-111.80328156715825,40.37840003070837],[-111.80326501608211,40.378399923222865],[-111.80274571842212,40.37839661240039],[-111.80262991108552,40.378395756621636],[-111.8026275444439,40.378454944975424]]]},"properties":{"zone_code":"R1-7500","zone_description":"Residential","zone_class_normalized":"Residential-Medium","jurisdiction":"american_fork_ut","source_rest_url":"https://maps.afcity.org/arcgis/rest/services/Planning/Zoning2/MapServer/0","extraction_method":"arcgis_rest","confidence":"rest_api"}},{"type":"Feature","geometry":{"type":"Polygon","coordinates":[[[-111.79176993718515,40.40123285807833],[-111.79162863492195,40.40163633210814],[-111.79241658311905,40.40176828060613],[-111.79257949939644,40.401796012846425],[-111.79258057340151,40.40179427378603],[-111.79384947955803,40.39973717338759],[-111.79385154306495,40.3997379103073],[-111.7944142472134,40.39993910043046],[-111.79487596701402,40.39919349879353],[-111.79466258416748,40.39917415094834],[-111.7943043660525,40.39915146203633],[-111.79412660863781,40.39913940846446],[-111.79394851106281,40.39913448496466],[-111.79314949771481,40.39913102757611],[-111.79257373870108,40.399135484978494],[-111.79176993718515,40.40123285807833]]]},"properties":{"zone_code":"PR-3.0","zone_description":"Planned Residential","zone_class_normalized":"Residential-High","jurisdiction":"american_fork_ut","source_rest_url":"https://maps.afcity.org/arcgis/rest/services/Planning/Zoning2/MapServer/0","extraction_method":"arcgis_rest","confidence":"rest_api"}},{"type":"Feature","geometry":{"type":"Polygon","coordinates":[[[-111.81782695740748,40.38828500856594],[-111.81767328863604,40.38965801496338],[-111.81767309232062,40.389659872562255],[-111.8192577980051,40.389830468268975],[-111.81925790656055,40.38982975288531],[-111.81959616409995,40.387598191531445],[-111.81959935988561,40.387577106617925],[-111.82001716632703,40.387611336857745],[-111.82004561587854,40.387457239516344],[-111.81964478263137,40.387423803271815],[-111.81979730469413,40.38625866629832],[-111.8181270244898,40.385604481370876],[-111.81791714285713,40.387489939755554],[-111.81782695740748,40.38828500856594]]]},"properties":{"zone_code":"PR-3.0","zone_description":"Planned Residential","zone_class_normalized":"Residential-High","jurisdiction":"american_fork_ut","source_rest_url":"https://maps.afcity.org/arcgis/rest/services/Planning/Zoning2/MapServer/0","extraction_method":"arcgis_rest","confidence":"rest_api"}},{"type":"Feature","geometry":{"type":"Polygon","coordinates":[[[-111.8160393112966,40.387607560163964],[-111.81596720694215,40.388480905911045],[-111.81580644386149,40.39047270532506],[-111.81580756872502,40.39047270859257],[-111.81633563311753,40.39047560562181],[-111.81644117564105,40.39048348152279],[-111.81647614013382,40.390489835327024],[-111.81649350213901,40.39049299003521],[-111.81660018318738,40.39051475107406],[-111.8166572451291,40.39052638745508],[-111.81667066816462,40.3904890423013],[-111.81667848545516,40.39046205406692],[-111.81671084542346,40.39035032459727],[-111.81672693552059,40.390294769911854],[-111.81673549432202,40.39026640442702],[-111.81674665666765,40.39023382512523],[-111.8167560081162,40.39021181132126],[-111.81676507645862,40.39019301347377],[-111.81677922073692,40.39016722482569],[-111.81679376541952,40.39014396761687],[-111.8168052198407,40.390127411235596],[-111.81682071743577,40.390106962257676],[-111.81683900027134,40.39008516562044],[-111.81685593481427,40.39006598711384],[-111.81686793299203,40.39005239947703],[-111.81688089313076,40.39003772309289],[-111.8168977831264,40.3900185951349],[-111.81691778865047,40.38999593913523],[-111.81693263870585,40.38997912136905],[-111.81694750866853,40.38996228013097],[-111.8170239428342,40.38987571856026],[-111.81704058084053,40.38985687675786],[-111.81705353504522,40.38984220667378],[-111.81706786714875,40.389825975692155],[-111.81708338498773,40.38980840048066],[-111.81709584345575,40.38979376325684],[-111.81710830972996,40.38977801645433],[-111.81712120291978,40.38976035468865],[-111.81713425313485,40.389740742666845],[-111.81714450778404,40.389723806741436],[-111.81715696204525,40.389700902787794],[-111.81716287663203,40.38968834570405],[-111.81716539468185,40.3896834836676],[-111.81716723296006,40.38967909539588],[-111.81716948869706,40.38967430792086],[-111.81717744139361,40.389654737633904],[-111.81718441226177,40.389635019605954],[-111.81719100253021,40.3896129826282],[-111.8171972965166,40.389586490215954],[-111.81720186126844,40.389559961964615],[-111.81720487361953,40.38953317764509],[-111.81720703056868,40.389513441147244],[-111.81720764753955,40.38950780793559],[-111.8167555186995,40.38948383933862],[-111.81682595912228,40.38905974400221],[-111.81677209890327,40.38904920498459],[-111.81673015264677,40.38903642537824],[-111.81669519219547,40.3890239213447],[-111.8166707286167,40.389013721474825],[-111.81664632741649,40.389002238055944],[-111.81660173298802,40.388977398244656],[-111.81657394748795,40.388958951416605],[-111.81655416448321,40.388944139419095],[-111.81653709141763,40.38893003787448],[-111.81650922881087,40.38890357487393],[-111.81647924244348,40.38886969475145],[-111.8164561072776,40.388837038033216],[-111.8164352867255,40.38879958108003],[-111.81641937323047,40.38876064555002],[-111.81640871604219,40.38872138418713],[-111.8164031279596,40.38868181461075],[-111.81640218684333,40.38865889292475],[-111.81640318192603,40.388632377054165],[-111.81640929694967,40.388559517041095],[-111.81649152391927,40.38752078272458],[-111.81707586224363,40.38751964603453],[-111.81720167633239,40.38752375396082],[-111.81742313350955,40.38753541688126],[-111.81756000615191,40.385952098781665],[-111.81716193610177,40.38579486060739],[-111.81747114465787,40.38534802817892],[-111.81747138331339,40.38534768169494],[-111.81625798420667,40.384872406145455],[-111.81605303383286,40.38743780319446],[-111.8160393112966,40.387607560163964]]]},"properties":{"zone_code":"PR-3.0","zone_description":"Planned Residential","zone_class_normalized":"Residential-High","jurisdiction":"american_fork_ut","source_rest_url":"https://maps.afcity.org/arcgis/rest/services/Planning/Zoning2/MapServer/0","extraction_method":"arcgis_rest","confidence":"rest_api"}},{"type":"Feature","geometry":{"type":"Polygon","coordinates":[[[-111.80887203988728,40.39711110172629],[-111.80998760004586,40.39710161540881],[-111.81023234326825,40.39709945903318],[-111.81023234962886,40.39709852418181],[-111.81023545579302,40.397098495230786],[-111.81023647017655,40.396951045357795],[-111.8102397368952,40.39678335997157],[-111.81024169890817,40.39668614727708],[-111.81024531045615,40.39650723393827],[-111.81025343535806,40.39619137063309],[-111.81023812444953,40.3961913896221],[-111.81025603770756,40.39515962293471],[-111.809822155657,40.39507223456272],[-111.80961116521848,40.39499611595552],[-111.8094196404787,40.39492701888937],[-111.80907946008723,40.39469883488936],[-111.80899269093995,40.39461990661364],[-111.80891807389823,40.39455203361767],[-111.80847736849425,40.39440420378786],[-111.80847733509196,40.394406199632286],[-111.80847425606326,40.39440516664378],[-111.80844209700636,40.396507137829616],[-111.80861271801295,40.39653481845799],[-111.808699281859,40.3965453848014],[-111.80877690811556,40.396549587534665],[-111.80887637590287,40.396549324959715],[-111.80887203988728,40.39711110172629]]]},"properties":{"zone_code":"PR-3.0","zone_description":"Planned Residential","zone_class_normalized":"Residential-High","jurisdiction":"american_fork_ut","source_rest_url":"https://maps.afcity.org/arcgis/rest/services/Planning/Zoning2/MapServer/0","extraction_method":"arcgis_rest","confidence":"rest_api"}},{"type":"Feature","geometry":{"type":"Polygon","coordinates":[[[-111.77171682423015,40.40728787274179],[-111.77334863592685,40.40768364508515],[-111.77334056732666,40.40633580561528],[-111.76949610470626,40.40637721209181],[-111.76927195403402,40.40623430107409],[-111.76921403031459,40.40632221923728],[-111.76916653660594,40.40630185770497],[-111.76913898074244,40.406289992551855],[-111.76906559154608,40.406253059930314],[-111.76899623299657,40.4062125885168],[-111.76898460089602,40.40620527080746],[-111.76885733644929,40.40612519582945],[-111.76858758611935,40.40595547722133],[-111.76858825664672,40.406002909760716],[-111.76857180549122,40.40599393064462],[-111.76857519197411,40.40720190249406],[-111.76965247510984,40.407199425677334],[-111.76965085119566,40.40678676054163],[-111.77171682423015,40.40728787274179]]]},"properties":{"zone_code":"PR-3.0","zone_description":"Planned Residential","zone_class_normalized":"Residential-High","jurisdiction":"american_fork_ut","source_rest_url":"https://maps.afcity.org/arcgis/rest/services/Planning/Zoning2/MapServer/0","extraction_method":"arcgis_rest","confidence":"rest_api"}},{"type":"Feature","geometry":{"type":"Polygon","coordinates":[[[-111.76365303354133,40.390570624923704],[-111.764477582063,40.390569004065455],[-111.76447757936526,40.39066242183317],[-111.7644775641338,40.39119119442305],[-111.76626131156532,40.39119035234997],[-111.76626387176101,40.39101748130854],[-111.76721138018453,40.3910152964716],[-111.76720706353485,40.390309307672055],[-111.76720003764666,40.389393110285546],[-111.76720040042947,40.3893931130593],[-111.76719361146147,40.38810940455767],[-111.76522183021379,40.388113796435604],[-111.7636435999495,40.38811736419333],[-111.76365303354133,40.390570624923704]]]},"properties":{"zone_code":"PR-3.0","zone_description":"Planned Residential","zone_class_normalized":"Residential-High","jurisdiction":"american_fork_ut","source_rest_url":"https://maps.afcity.org/arcgis/rest/services/Planning/Zoning2/MapServer/0","extraction_method":"arcgis_rest","confidence":"rest_api"}},{"type":"Feature","geometry":{"type":"Polygon","coordinates":[[[-111.76923713597374,40.38547913888012],[-111.7699991080573,40.38547767611336],[-111.7699128747963,40.38672047481342],[-111.7714329911058,40.386619160568955],[-111.77143029442179,40.38594202175953],[-111.77142670232072,40.385057931047406],[-111.77141962833491,40.38446158260137],[-111.77070894188425,40.384467794776945],[-111.77070252790116,40.38360244652802],[-111.77032499529335,40.383603895158885],[-111.77032480174093,40.38311925618043],[-111.77007391577183,40.38311977540557],[-111.77007514868183,40.38346542650113],[-111.76969477328021,40.383466149265544],[-111.76969671048722,40.3839649165922],[-111.76969784766827,40.38426854966629],[-111.7692679147622,40.38427149272532],[-111.76907254328184,40.38426869560886],[-111.76907514834079,40.38479766694725],[-111.7690774210329,40.38525920821401],[-111.76908305381583,40.38547943039744],[-111.76923713597374,40.38547913888012]]]},"properties":{"zone_code":"PR-3.0","zone_description":"Planned Residential","zone_class_normalized":"Residential-High","jurisdiction":"american_fork_ut","source_rest_url":"https://maps.afcity.org/arcgis/rest/services/Planning/Zoning2/MapServer/0","extraction_method":"arcgis_rest","confidence":"rest_api"}},{"type":"Feature","geometry":{"type":"Polygon","coordinates":[[[-111.76857180549122,40.40599393064462],[-111.76858825664672,40.406002909760716],[-111.76858758611935,40.40595547722133],[-111.76855603532724,40.40276975899652],[-111.76810313115203,40.4027749747157],[-111.7676117307581,40.40278063067857],[-111.76758909884231,40.400758215773514],[-111.76758466295907,40.399992507534414],[-111.76757517302097,40.39915922713272],[-111.76699678297855,40.399167820054124],[-111.76492397974843,40.39918846301379],[-111.76492556916169,40.39909032543531],[-111.76435014095011,40.399096186831734],[-111.76439541769236,40.40246659080998],[-111.76439415216558,40.40260453260946],[-111.7643899226205,40.40278725933207],[-111.76437520336488,40.40455649240119],[-111.7643607430249,40.404879071320906],[-111.76438005601491,40.40488314435946],[-111.7643802958534,40.40494456433948],[-111.76633839915804,40.40533935908375],[-111.76637155013422,40.40534547349108],[-111.76740790933994,40.40553662572269],[-111.76805542723426,40.405718035783146],[-111.76844811577787,40.405930220050635],[-111.76857180549122,40.40599393064462]]]},"properties":{"zone_code":"PR-2.3","zone_description":"Planned Residential","zone_class_normalized":"Residential-Medium","jurisdiction":"american_fork_ut","source_rest_url":"https://maps.afcity.org/arcgis/rest/services/Planning/Zoning2/MapServer/0","extraction_method":"arcgis_rest","confidence":"rest_api"}},{"type":"Feature","geometry":{"type":"Polygon","coordinates":[[[-111.76828314536039,40.384473069543446],[-111.76898872203428,40.38447350877388],[-111.76907352757303,40.3844733938721],[-111.76907254328184,40.38426869560886],[-111.7692679147622,40.38427149272532],[-111.76926523404907,40.38396959148339],[-111.76969671048722,40.3839649165922],[-111.7696940629687,40.38325493976103],[-111.76979908804955,40.383254699353124],[-111.76980081546087,40.38311996437596],[-111.77025503262118,40.38311965066571],[-111.77025483914066,40.38303580842384],[-111.77022509172599,40.38227789933049],[-111.77013552001242,40.38228180145766],[-111.7701258967144,40.38203571543714],[-111.76980837708899,40.382049479306644],[-111.76979741328829,40.38204993779276],[-111.76959018601971,40.38205185389746],[-111.7695889322352,40.3819668135505],[-111.76907908767865,40.381971527895644],[-111.76907747898238,40.381611990911665],[-111.76907779627544,40.381234904575365],[-111.7690745564358,40.38085529024238],[-111.76907677205594,40.380510809812726],[-111.76907820232867,40.37950745363129],[-111.76907781443391,40.37940854714149],[-111.76909544947961,40.37852953913492],[-111.7691068113005,40.37809726607601],[-111.76912077213609,40.37753332232403],[-111.76912316065798,40.377226290523986],[-111.76922182347269,40.37722701360132],[-111.76922179090175,40.37721754099646],[-111.76978997228835,40.37721280846434],[-111.76978993676825,40.3772038023854],[-111.77016171197222,40.37720294419008],[-111.77016181942994,40.377230152454764],[-111.77029154855812,40.37722954470288],[-111.77028868215639,40.376478780542186],[-111.77028899186472,40.37647877982642],[-111.77028591789161,40.37568947406903],[-111.76959023621156,40.375686287592025],[-111.76958602589279,40.37528727010373],[-111.76914725942252,40.375290412442865],[-111.76914406207173,40.37568424232534],[-111.76913753964062,40.37598780922137],[-111.7692156271602,40.37598802216549],[-111.76921748465494,40.37646119452572],[-111.76814324709835,40.37646041657246],[-111.7681398341199,40.3755906261916],[-111.76767135743678,40.37558777715815],[-111.76767131223495,40.37558525373414],[-111.76665583581483,40.37557740731014],[-111.76664263703476,40.37752200105608],[-111.76664161972865,40.377571286878116],[-111.76426657437383,40.37755748538678],[-111.76425072670575,40.379382494293345],[-111.76422920166097,40.37938528980041],[-111.76421073181704,40.38122848870208],[-111.76480795336165,40.38122833860816],[-111.7648055603332,40.38312232354141],[-111.76540447021584,40.38312263223432],[-111.76540244177052,40.381226741676855],[-111.76599030806736,40.38122515948561],[-111.76599547171305,40.3825175593393],[-111.7665897596701,40.38252148752799],[-111.76658261910791,40.381224825970385],[-111.76717522337444,40.38122448608398],[-111.767186763572,40.382525430809764],[-111.767191429941,40.38311279809049],[-111.76734709029537,40.38311237665753],[-111.76865592923187,40.38311838207197],[-111.76906688861628,40.3831204679915],[-111.76907052551998,40.383859067694935],[-111.7682997702053,40.38385721593286],[-111.76828314536039,40.384473069543446]]]},"properties":{"zone_code":"PO-1","zone_description":"Professional Office","zone_class_normalized":"Commercial","jurisdiction":"american_fork_ut","source_rest_url":"https://maps.afcity.org/arcgis/rest/services/Planning/Zoning2/MapServer/0","extraction_method":"arcgis_rest","confidence":"rest_api"}},{"type":"Feature","geometry":{"type":"Polygon","coordinates":[[[-111.79784826739805,40.381733646576556],[-111.79797242941208,40.38173432100671],[-111.7980254924856,40.38156795648303],[-111.79854841540264,40.38157102059078],[-111.79854567818082,40.381835390688266],[-111.79932808396921,40.38183845155584],[-111.79933544253058,40.38107611914293],[-111.79855362067589,40.38106804672972],[-111.79775377985425,40.381062827587],[-111.79775834234064,40.38133718045816],[-111.79785004498572,40.38134510384524],[-111.79784826739805,40.381733646576556]]]},"properties":{"zone_code":"PO-1","zone_description":"Professional Office","zone_class_normalized":"Commercial","jurisdiction":"american_fork_ut","source_rest_url":"https://maps.afcity.org/arcgis/rest/services/Planning/Zoning2/MapServer/0","extraction_method":"arcgis_rest","confidence":"rest_api"}},{"type":"Feature","geometry":{"type":"Polygon","coordinates":[[[-111.76914172568229,40.37436939050179],[-111.76983113497212,40.3743677577763],[-111.76982888881979,40.373876823107],[-111.76984217590939,40.37232404619967],[-111.76984345317729,40.37223977066348],[-111.77020793690896,40.37223973693572],[-111.77135354928225,40.37224286181738],[-111.7713516546786,40.37161886150352],[-111.77029202294682,40.37161848385493],[-111.76931065490824,40.37161826133624],[-111.76930973035974,40.371196756304904],[-111.76917871299425,40.37120013536054],[-111.76914172568229,40.37436939050179]]]},"properties":{"zone_code":"PO-1","zone_description":"Professional Office","zone_class_normalized":"Commercial","jurisdiction":"american_fork_ut","source_rest_url":"https://maps.afcity.org/arcgis/rest/services/Planning/Zoning2/MapServer/0","extraction_method":"arcgis_rest","confidence":"rest_api"}},{"type":"Feature","geometry":{"type":"Polygon","coordinates":[[[-111.79587233109986,40.381454331906525],[-111.79661387774517,40.38145813299413],[-111.79661588695168,40.38105539326928],[-111.79587800284594,40.38105056614471],[-111.79587233109986,40.381454331906525]]]},"properties":{"zone_code":"PO-1","zone_description":"Professional Office","zone_class_normalized":"Commercial","jurisdiction":"american_fork_ut","source_rest_url":"https://maps.afcity.org/arcgis/rest/services/Planning/Zoning2/MapServer/0","extraction_method":"arcgis_rest","confidence":"rest_api"}},{"type":"Feature","geometry":{"type":"Polygon","coordinates":[[[-111.79057115727156,40.38300872393329],[-111.79115674827648,40.38301270562341],[-111.79116377240099,40.38243673308931],[-111.79057787357517,40.38243287379367],[-111.79057115727156,40.38300872393329]]]},"properties":{"zone_code":"PO-1","zone_description":"Professional Office","zone_class_normalized":"Commercial","jurisdiction":"american_fork_ut","source_rest_url":"https://maps.afcity.org/arcgis/rest/services/Planning/Zoning2/MapServer/0","extraction_method":"arcgis_rest","confidence":"rest_api"}},{"type":"Feature","geometry":{"type":"Polygon","coordinates":[[[-111.77029202294682,40.37161848385493],[-111.7713516546786,40.37161886150352],[-111.77135545928849,40.3705166178231],[-111.77126547017723,40.37049420757388],[-111.77128170357456,40.369853479985416],[-111.77124177139694,40.369202833442046],[-111.77044185755071,40.36920468608508],[-111.77001004809522,40.36920401595905],[-111.77001417336396,40.36904991330189],[-111.77001387068889,40.368975313061476],[-111.76935526281929,40.368976831919845],[-111.76936608333742,40.36997374926359],[-111.769450902286,40.37005963135143],[-111.76949150899108,40.37006877001896],[-111.76949084316949,40.370103607467016],[-111.76919447564674,40.37003497397847],[-111.76919127847772,40.370166576972125],[-111.76918859888359,40.370340243941016],[-111.76917871299425,40.37120013536054],[-111.76930973035974,40.371196756304904],[-111.7702917453524,40.37117151415125],[-111.77029202294682,40.37161848385493]]]},"properties":{"zone_code":"GC-2","zone_description":"Planned Commercial","zone_class_normalized":"Commercial","jurisdiction":"american_fork_ut","source_rest_url":"https://maps.afcity.org/arcgis/rest/services/Planning/Zoning2/MapServer/0","extraction_method":"arcgis_rest","confidence":"rest_api"}},{"type":"Feature","geometry":{"type":"Polygon","coordinates":[[[-111.78253753915729,40.37134142332266],[-111.78253196524633,40.370728817266674],[-111.78250698794832,40.37069974530301],[-111.78248603234995,40.37067535313956],[-111.78244617501417,40.370617215420445],[-111.78242025269266,40.37057398799706],[-111.7824001461058,40.370540457892886],[-111.78237167162916,40.37048197563993],[-111.78234815325847,40.370424334298896],[-111.78233578851594,40.37038444783713],[-111.78232932510602,40.37036359791088],[-111.78231074302394,40.37029143297552],[-111.78230988734667,40.370263843690225],[-111.7824309545161,40.37026410614235],[-111.7824251220675,40.370219678202275],[-111.7824219825672,40.37017497917708],[-111.78242113854877,40.3699705290739],[-111.78241911705634,40.36948084952654],[-111.7824178287288,40.36889208833079],[-111.78327364656403,40.368891032447976],[-111.78326577310989,40.367583249724284],[-111.78395983498307,40.3675848689719],[-111.78395995396822,40.367556231686116],[-111.78538615303842,40.3675663311961],[-111.7853984576448,40.36725081503807],[-111.78545755823207,40.365068776702834],[-111.78442227968087,40.365065277884526],[-111.78442221492382,40.365065278042024],[-111.78444242850613,40.364331719539855],[-111.78221434941949,40.36432723568572],[-111.78222790751751,40.36289418860709],[-111.78222786781205,40.36282233987555],[-111.78064501174337,40.36282665307065],[-111.7806451071517,40.362702376177374],[-111.77863646021659,40.36270280560076],[-111.77863948763213,40.36227011492673],[-111.7776851780999,40.36226978774384],[-111.77772426035479,40.358990038145215],[-111.77583208882304,40.358993661663305],[-111.77583095314081,40.35804753399178],[-111.7740740085018,40.35804807573893],[-111.77413253328578,40.36113602393409],[-111.77121992251898,40.36114801368795],[-111.77121540081093,40.36392702045402],[-111.771215005737,40.36399903225545],[-111.77199256491691,40.363999587605996],[-111.77432870800017,40.364001321677996],[-111.77435768259235,40.36529706670748],[-111.77437910990254,40.366956909673405],[-111.77428389981996,40.36695468154792],[-111.77345132205888,40.36670004499768],[-111.77200336805215,40.36668941197483],[-111.77199849727663,40.36819753794051],[-111.77119814174776,40.36819401561433],[-111.77124177139694,40.369202833442046],[-111.77128170357456,40.369853479985416],[-111.77246201493287,40.369856408946866],[-111.77247555041332,40.36939702506278],[-111.77249069166353,40.36871795844666],[-111.77441682428541,40.36871812497543],[-111.77442323039539,40.36936320151072],[-111.77348841587958,40.36936710445558],[-111.77348981019543,40.36945050387814],[-111.77349105529318,40.36972632079081],[-111.77442971823369,40.3697218756395],[-111.7744324467428,40.36987311009822],[-111.77443413256164,40.37017506638453],[-111.77512148129829,40.370172543513306],[-111.77515156557826,40.36956542435329],[-111.77516506838657,40.36956819080375],[-111.7757270894618,40.36966585129773],[-111.7763917568377,40.36978134464854],[-111.77655866177977,40.36980366913502],[-111.7767261424461,40.36982115823994],[-111.7769416763161,40.36983933044376],[-111.7775380742222,40.36988961384392],[-111.7776657988532,40.36989787513038],[-111.77779372982185,40.369901811813804],[-111.77800663781305,40.36990476693899],[-111.77878325332524,40.36991554388567],[-111.77876545609391,40.370583221095856],[-111.7787571165606,40.37075563824078],[-111.7800768601456,40.37107090485227],[-111.78066289482624,40.37124344526639],[-111.7810533683557,40.371338010850984],[-111.78157354591403,40.37110615354025],[-111.78253753915729,40.37134142332266]]]},"properties":{"zone_code":"PC","zone_description":"Planned Community","zone_class_normalized":"Other/Unknown","jurisdiction":"american_fork_ut","source_rest_url":"https://maps.afcity.org/arcgis/rest/services/Planning/Zoning2/MapServer/0","extraction_method":"arcgis_rest","confidence":"rest_api"}},{"type":"Feature","geometry":{"type":"Polygon","coordinates":[[[-111.80105710392549,40.347899440004795],[-111.80105740147118,40.34789964728313],[-111.80105793464479,40.34820761312411],[-111.80174204392267,40.348215689605794],[-111.80174204016413,40.34820762901419],[-111.80180176896828,40.348208246668975],[-111.80179962561506,40.34782526193749],[-111.80174162939602,40.347825339596774],[-111.80174274261456,40.34770165736058],[-111.80502323193096,40.34764624925892],[-111.80610812108779,40.34762797320273],[-111.80760660503536,40.34697620043281],[-111.80884361865215,40.34605411785946],[-111.80522450119483,40.345056985597694],[-111.8045474105769,40.344962791538485],[-111.80279666469454,40.343913339349186],[-111.80279197550895,40.342853461755176],[-111.80169707174193,40.34262982096789],[-111.80169972863338,40.34323253288418],[-111.80060192937167,40.343235361077646],[-111.79937668169525,40.34272885574834],[-111.79937140257712,40.34552406325109],[-111.80035635357487,40.345550264899025],[-111.80152526644173,40.34555166517208],[-111.801529139453,40.345666906567935],[-111.79691032586385,40.345585712303],[-111.79690655926292,40.34569452204713],[-111.79689246386631,40.345694554243785],[-111.79689714838193,40.34700662507688],[-111.79693885390058,40.347007615211524],[-111.79691991699532,40.3476555664088],[-111.79691993393304,40.34778399921124],[-111.79841629205625,40.347792030504806],[-111.80103350259304,40.34781512203971],[-111.80105757088894,40.34781560854109],[-111.80105710392549,40.347899440004795]]]},"properties":{"zone_code":"M-1","zone_description":"Marina","zone_class_normalized":"Industrial/Flex","jurisdiction":"american_fork_ut","source_rest_url":"https://maps.afcity.org/arcgis/rest/services/Planning/Zoning2/MapServer/0","extraction_method":"arcgis_rest","confidence":"rest_api"}},{"type":"Feature","geometry":{"type":"Polygon","coordinates":[[[-111.7822763326015,40.345795629794644],[-111.7815804446809,40.34579254015618],[-111.78158182168407,40.34627139959223],[-111.78349691749709,40.34627719931942],[-111.78349993744736,40.3467709366432],[-111.78567030818702,40.34676597372715],[-111.78568239842073,40.343945136217634],[-111.78993989148323,40.343983285905935],[-111.79046926297212,40.34398302363693],[-111.79076214163885,40.34398612678161],[-111.79074995361495,40.341375720925285],[-111.78996396083056,40.34111787739389],[-111.78996444640426,40.3410266300083],[-111.78978307291956,40.341074229171554],[-111.78960011463369,40.34111531794031],[-111.78941580515796,40.34114984385014],[-111.78923037982902,40.34117776281643],[-111.78904407540828,40.3411990391907],[-111.78885712977961,40.34121364580607],[-111.78866978164564,40.34122156401201],[-111.7884822702229,40.34122278369811],[-111.78829483493647,40.341217303307],[-111.78810771511415,40.341205129836354],[-111.787921149681,40.341186278829944],[-111.78773537685416,40.34116077435778],[-111.78755063383875,40.3411286489854],[-111.78736715652498,40.34108994373227],[-111.7871851791869,40.341044708019425],[-111.78700493418334,40.340992999606335],[-111.7868266516612,40.34093488451719],[-111.78665055926152,40.340870436956585],[-111.78647688182893,40.340799739214766],[-111.78630584112446,40.34072288156255],[-111.78613765554243,40.34063996213607],[-111.78597253983158,40.340551086811494],[-111.78581070482085,40.34045636906978],[-111.78565235715024,40.34035592985184],[-111.78549769900687,40.340249897404064],[-111.78403503430333,40.340253460721776],[-111.78403755832683,40.34193569051442],[-111.78176318351919,40.34193673405348],[-111.7817166737062,40.343793656655805],[-111.7822999381737,40.34380051460376],[-111.7822763326015,40.345795629794644]]]},"properties":{"zone_code":"I-1","zone_description":"Industrial","zone_class_normalized":"Industrial/Flex","jurisdiction":"american_fork_ut","source_rest_url":"https://maps.afcity.org/arcgis/rest/services/Planning/Zoning2/MapServer/0","extraction_method":"arcgis_rest","confidence":"rest_api"}},{"type":"Feature","geometry":{"type":"Polygon","coordinates":[[[-111.8119170173793,40.380096465356175],[-111.81254733161718,40.38009468632451],[-111.81255309832629,40.37985929925742],[-111.8125530970252,40.379859272242385],[-111.81255317364513,40.379855421901325],[-111.81344072061938,40.379863728938425],[-111.81314351665428,40.37895351598446],[-111.81207020791935,40.37893307407246],[-111.81207019719132,40.37893407828897],[-111.81206771920547,40.37893403356562],[-111.81206175663227,40.379516625196366],[-111.8119207049991,40.37951649711035],[-111.81192069996403,40.37951745898248],[-111.81191821626197,40.37951745660012],[-111.81191646100943,40.37984945922193],[-111.8119170173793,40.380096465356175]]]},"properties":{"zone_code":"GC-1","zone_description":"General Commercial","zone_class_normalized":"Commercial","jurisdiction":"american_fork_ut","source_rest_url":"https://maps.afcity.org/arcgis/rest/services/Planning/Zoning2/MapServer/0","extraction_method":"arcgis_rest","confidence":"rest_api"}},{"type":"Feature","geometry":{"type":"Polygon","coordinates":[[[-111.81083766753194,40.37860847586784],[-111.81107813669594,40.378607842829474],[-111.81107816963349,40.378615085503874],[-111.81304568891032,40.3786097097416],[-111.81304169796255,40.37859866624958],[-111.81303592132177,40.378582907402695],[-111.8130273840962,40.37856041752684],[-111.8130221978713,40.37853960103444],[-111.81301620926634,40.378517666321464],[-111.81300792052313,40.3784951730769],[-111.81300093342804,40.37847661564735],[-111.81299283260307,40.37845581145623],[-111.81298418535864,40.37843500782606],[-111.81297552965997,40.378413642232665],[-111.81296883713227,40.37839846132673],[-111.81296195833859,40.3783827216356],[-111.81295359011654,40.3783647280822],[-111.81294628149949,40.37834899044066],[-111.81293761299875,40.37833099949066],[-111.81292881967806,40.378313009774466],[-111.81291969309758,40.37829502184977],[-111.81290929735127,40.37827478847874],[-111.81289834693648,40.37825455388875],[-111.81288702910456,40.378234319379935],[-111.81287348874119,40.37821015061525],[-111.81286239061185,40.378191602372034],[-111.81285216063816,40.37817361919428],[-111.81284298711995,40.378159006901704],[-111.81283380655225,40.378144397329066],[-111.81281970162229,40.378121918724915],[-111.81280008281233,40.37809270383917],[-111.81278535141243,40.378070227806646],[-111.81277517149542,40.37805674487193],[-111.81276651697948,40.37804411254288],[-111.81275359624239,40.378026406736524],[-111.81273421387283,40.377999440047944],[-111.81272073178879,40.37798258772269],[-111.81270950050005,40.37796760986668],[-111.81269568055446,40.37795000822755],[-111.8126776122805,40.3779286677742],[-111.81266243572983,40.37790900824483],[-111.81264868304191,40.377892718619464],[-111.81263672498785,40.37787924402789],[-111.81262303495555,40.37786351981953],[-111.81260694524516,40.377845549579696],[-111.81258928534251,40.37782645776259],[-111.81257162545378,40.377807366843285],[-111.812556464613,40.37779164835888],[-111.81253945286988,40.37777368237473],[-111.81251993604543,40.377754369454074],[-111.81250017871218,40.377735510183186],[-111.81248658969788,40.37772203633105],[-111.81247328472723,40.37770912820669],[-111.81245508661954,40.37769285043453],[-111.81243891189038,40.37767713194127],[-111.8124192104196,40.377659922438056],[-111.81240147300954,40.37764420811381],[-111.8123847834887,40.37762999501888],[-111.81236557386755,40.37761372353662],[-111.81234245499279,40.37759445983304],[-111.81232413640839,40.37757912170568],[-111.81230665341751,40.377565472703566],[-111.81228652668148,40.3775497656423],[-111.8122662162469,40.377534059068005],[-111.8122483039742,40.37752078405873],[-111.81223279758333,40.3775095686401],[-111.812214702261,40.37749591945746],[-111.81219648854334,40.377482646145516],[-111.81217397098331,40.377467133675566],[-111.81215391024767,40.37745348972941],[-111.81213779034293,40.37744227413425],[-111.81207273497537,40.37740568453764],[-111.81195759926682,40.37732323846707],[-111.81193686791349,40.377309971829476],[-111.81192086937612,40.377298756780945],[-111.8118995152067,40.37728267826887],[-111.81187995840084,40.37726434071436],[-111.81186313066544,40.377246372337495],[-111.81184786798566,40.37722840068571],[-111.81183461700044,40.3772081712238],[-111.8118224421672,40.377187380508296],[-111.81181231476025,40.377165454057796],[-111.81180544525454,40.37714520757843],[-111.81179828740859,40.377115956592974],[-111.81179518636765,40.377094949851625],[-111.8117944776491,40.37690536004375],[-111.81083704621952,40.37689168036308],[-111.81083704771427,40.37689226846234],[-111.81083846552542,40.37767542267752],[-111.81083733025761,40.377675415788],[-111.81083766753194,40.37860847586784]]]},"properties":{"zone_code":"GC-1","zone_description":"General Commercial","zone_class_normalized":"Commercial","jurisdiction":"american_fork_ut","source_rest_url":"https://maps.afcity.org/arcgis/rest/services/Planning/Zoning2/MapServer/0","extraction_method":"arcgis_rest","confidence":"rest_api"}},{"type":"Feature","geometry":{"type":"Polygon","coordinates":[[[-111.78613738669978,40.3777711359309],[-111.78614316470066,40.378944640077066],[-111.7861420072964,40.37857730951023],[-111.78686341636427,40.37857333401163],[-111.78687455054437,40.37673790073712],[-111.78799407537922,40.376747442737965],[-111.78836775889613,40.376748984249545],[-111.78836419852617,40.37715338075607],[-111.78970517032553,40.37716263487213],[-111.78969461656438,40.37675444924874],[-111.79063519032663,40.3767625223005],[-111.79067229244365,40.3751413354727],[-111.79067229806527,40.37514071853579],[-111.79067817200229,40.37445818358749],[-111.7906776008653,40.37445818050399],[-111.78996193414365,40.374459783272286],[-111.78998024635858,40.373395767903915],[-111.78925614400384,40.37338870534139],[-111.78860389047831,40.37338221572774],[-111.78860671385684,40.37315854751515],[-111.7886116816836,40.372666129575855],[-111.7880306605478,40.37266283648217],[-111.78802106885688,40.3732377272487],[-111.78750098966803,40.37323894390637],[-111.78749855824807,40.37265787749314],[-111.78725374087004,40.37265560251352],[-111.7865397047013,40.372648964043584],[-111.78647945866729,40.37264883334995],[-111.78532790830151,40.372646323223435],[-111.78531414606357,40.37227469696117],[-111.78532907929979,40.37074697321594],[-111.78534123722126,40.36995285907361],[-111.78300427333731,40.36993675739098],[-111.78298038525433,40.369938131002456],[-111.78298261845742,40.37047830224067],[-111.78258681668791,40.370479259343284],[-111.78253084993776,40.37043680431986],[-111.78253120709836,40.37052300165642],[-111.78281021251286,40.370904369609825],[-111.78293033925038,40.37151061756161],[-111.7829187439517,40.372096251845754],[-111.78290814102097,40.372206061033346],[-111.78287992868091,40.372311483572986],[-111.78279893026453,40.37249200299895],[-111.78276428134099,40.372584926978845],[-111.78276014091617,40.37263388287034],[-111.78275827778587,40.37289620493069],[-111.7827529185536,40.37297848842283],[-111.7827359640008,40.37308043881678],[-111.78265329936359,40.37328293448989],[-111.780705832689,40.37281051750218],[-111.77868031604808,40.37234350829485],[-111.77821870770525,40.372236549453305],[-111.77822001343945,40.37252518084795],[-111.7782233657155,40.373344806982495],[-111.7782167127026,40.37399081587595],[-111.77839716965367,40.37404020048375],[-111.77838302477562,40.37488053971322],[-111.77957666599431,40.37488679038439],[-111.77959313347534,40.37429677290822],[-111.77960216975437,40.37422176590925],[-111.7796181322045,40.37412710258582],[-111.77964116062589,40.37404670435173],[-111.77966426810919,40.37398594658547],[-111.77970130814103,40.373905515728865],[-111.77973607870821,40.37384115910262],[-111.77983546444216,40.373708004610144],[-111.77985222232189,40.37368555264502],[-111.77999030299317,40.373754852482776],[-111.78018678017263,40.373825797288504],[-111.78050019441788,40.37393573997859],[-111.78106262877118,40.37412136952196],[-111.78155013147114,40.37357027626685],[-111.78175006526354,40.37369482029108],[-111.78255596613153,40.374233980446746],[-111.78256701653436,40.37569562118904],[-111.78258097924706,40.37573666098929],[-111.78326393371209,40.37573387496104],[-111.78326115993804,40.376045715780876],[-111.78341620006243,40.37604614081791],[-111.78341485987409,40.37618908997119],[-111.78376833593023,40.37619032678631],[-111.78377147385612,40.37672504956185],[-111.78374525354668,40.37672487091259],[-111.78375376175512,40.37778093210195],[-111.78423563587164,40.37778067613213],[-111.78423383203094,40.37734514331108],[-111.78422069340857,40.37734517524085],[-111.78421731214895,40.37672808097034],[-111.78538122744399,40.376729662402376],[-111.78613488717326,40.37673609672737],[-111.78613738669978,40.3777711359309]]]},"properties":{"zone_code":"GC-1","zone_description":"General Commercial","zone_class_normalized":"Commercial","jurisdiction":"american_fork_ut","source_rest_url":"https://maps.afcity.org/arcgis/rest/services/Planning/Zoning2/MapServer/0","extraction_method":"arcgis_rest","confidence":"rest_api"}},{"type":"Feature","geometry":{"type":"Polygon","coordinates":[[[-111.77126547017723,40.37049420757388],[-111.77135545928849,40.3705166178231],[-111.77135313925587,40.370652494963636],[-111.7730054697434,40.3710188933741],[-111.77443617912088,40.37135654025525],[-111.77526908190336,40.3715499429608],[-111.7769512846966,40.3719428663766],[-111.7769487642854,40.37122081265548],[-111.77694763285935,40.37048670339464],[-111.7769416763161,40.36983933044376],[-111.7767261424461,40.36982115823994],[-111.77655866177976,40.36980366913507],[-111.7763917568377,40.36978134464854],[-111.7757270894618,40.36966585129773],[-111.77516506838657,40.36956819080375],[-111.77515156557826,40.36956542435329],[-111.77512148129829,40.370172543513306],[-111.77443413256164,40.37017506638453],[-111.7744324467428,40.36987311009822],[-111.77349618982943,40.36987257912617],[-111.77348981019543,40.36945050387814],[-111.77267947292673,40.36940042330236],[-111.77247555041332,40.36939702506278],[-111.77246201493287,40.369856408946866],[-111.77128170357456,40.369853479985416],[-111.77126547017723,40.37049420757388]]]},"properties":{"zone_code":"GC-1","zone_description":"General Commercial","zone_class_normalized":"Commercial","jurisdiction":"american_fork_ut","source_rest_url":"https://maps.afcity.org/arcgis/rest/services/Planning/Zoning2/MapServer/0","extraction_method":"arcgis_rest","confidence":"rest_api"}},{"type":"Feature","geometry":{"type":"Polygon","coordinates":[[[-111.7855767930144,40.35587224513836],[-111.78731066818224,40.35590897826447],[-111.78729203596323,40.35586780883549],[-111.78670310690414,40.35527517732923],[-111.78690960920642,40.35527561101244],[-111.78678563220954,40.355151132027984],[-111.78636688610882,40.355144718376295],[-111.78569295878745,40.35512676323791],[-111.78568985562357,40.35516512206036],[-111.78557784164046,40.355162741580514],[-111.7855767930144,40.35587224513836]]]},"properties":{"zone_code":"GC-1","zone_description":"General Commercial","zone_class_normalized":"Commercial","jurisdiction":"american_fork_ut","source_rest_url":"https://maps.afcity.org/arcgis/rest/services/Planning/Zoning2/MapServer/0","extraction_method":"arcgis_rest","confidence":"rest_api"}},{"type":"Feature","geometry":{"type":"Polygon","coordinates":[[[-111.80125049255574,40.37800234480573],[-111.80185717375373,40.37800194596962],[-111.80185629074117,40.377801845581594],[-111.80125353608302,40.37779709898619],[-111.80125049255574,40.37800234480573]]]},"properties":{"zone_code":"CC-2","zone_description":"Central Commercial","zone_class_normalized":"Commercial","jurisdiction":"american_fork_ut","source_rest_url":"https://maps.afcity.org/arcgis/rest/services/Planning/Zoning2/MapServer/0","extraction_method":"arcgis_rest","confidence":"rest_api"}},{"type":"Feature","geometry":{"type":"Polygon","coordinates":[[[-111.7906217060942,40.37841384270187],[-111.79147917625696,40.37841853914194],[-111.79148024432078,40.37822728067384],[-111.79062454578519,40.37822185034567],[-111.7906217060942,40.37841384270187]]]},"properties":{"zone_code":"CC-2","zone_description":"Central Commercial","zone_class_normalized":"Commercial","jurisdiction":"american_fork_ut","source_rest_url":"https://maps.afcity.org/arcgis/rest/services/Planning/Zoning2/MapServer/0","extraction_method":"arcgis_rest","confidence":"rest_api"}},{"type":"Feature","geometry":{"type":"Polygon","coordinates":[[[-111.79590357220461,40.37678669613948],[-111.79592309105456,40.37499820718211],[-111.79592337962866,40.37497181745566],[-111.79561492582405,40.374969682236255],[-111.79561472138505,40.37498613883761],[-111.79537977094037,40.374984498949324],[-111.79537816887262,40.37512018463328],[-111.79312273625003,40.375104235495414],[-111.79312785927397,40.37473638434031],[-111.79312661807184,40.37473637664385],[-111.7924219220856,40.37473186887946],[-111.7924235352263,40.37459409827546],[-111.79246744946695,40.374593553465445],[-111.79209918797707,40.37459187914813],[-111.79209784903212,40.37459186988369],[-111.79210054381718,40.374358399648436],[-111.79067908484741,40.374352096670876],[-111.79067817200229,40.37445818358749],[-111.79067229806527,40.37514071853579],[-111.79067229244365,40.3751413354727],[-111.79189040884893,40.375415539554936],[-111.79213012838667,40.375482176599824],[-111.79224982175518,40.37553052980879],[-111.79233572299789,40.37556757365778],[-111.79238249609172,40.3755918733691],[-111.79200512332915,40.37628493869855],[-111.79200402761161,40.37677613524249],[-111.79310566614373,40.37678707973615],[-111.79433947852165,40.376778378361635],[-111.79590357220461,40.37678669613948]]]},"properties":{"zone_code":"CC-2","zone_description":"Central Commercial","zone_class_normalized":"Commercial","jurisdiction":"american_fork_ut","source_rest_url":"https://maps.afcity.org/arcgis/rest/services/Planning/Zoning2/MapServer/0","extraction_method":"arcgis_rest","confidence":"rest_api"}},{"type":"Feature","geometry":{"type":"Polygon","coordinates":[[[-111.78690960920642,40.35527561101244],[-111.79036671429719,40.355282815571314],[-111.7903657927586,40.35517661815307],[-111.79158849124319,40.355180401873895],[-111.79156690014749,40.351441600803504],[-111.79044256055383,40.35143227252884],[-111.79042762314387,40.34780978134803],[-111.79252001707339,40.347820529806484],[-111.7925208291651,40.34785822976521],[-111.79240799580981,40.34785749704166],[-111.79242833070442,40.34917429836808],[-111.7922934942198,40.34917461755752],[-111.79230764512748,40.350113656765124],[-111.79538030338328,40.35010614266847],[-111.79538046364996,40.34998400489331],[-111.7966304083256,40.34999055962227],[-111.7969238660125,40.350001461544764],[-111.79688865003234,40.35165084285003],[-111.79727987159927,40.351776937516256],[-111.7976696782954,40.35190734042621],[-111.79805802267875,40.352042035709],[-111.79851670522521,40.35220531226471],[-111.7995532212802,40.352574122753865],[-111.79955146728359,40.35284600865168],[-111.80052255124374,40.35319273902177],[-111.80051024057157,40.35038035377074],[-111.80176268371699,40.35037694665027],[-111.801766927816,40.348702486555034],[-111.80174226859357,40.3487023376576],[-111.80174204392267,40.348215689605794],[-111.80105793464479,40.34820761312411],[-111.80105740147118,40.34789964728313],[-111.80105710392549,40.347899440004795],[-111.80105757088894,40.34781560854109],[-111.80103350259304,40.34781512203971],[-111.79841629205625,40.347792030504806],[-111.7969203258392,40.34778479617029],[-111.79692020776288,40.34765665632817],[-111.79693885390058,40.347007615211524],[-111.79689767808,40.34700771078721],[-111.79689246386631,40.345694554243785],[-111.79690655926292,40.34569452204713],[-111.79691032586385,40.345585712303],[-111.79693591868875,40.34407995979454],[-111.79530333599483,40.34408152230698],[-111.79290416840182,40.34400880041221],[-111.79046926297212,40.34398302363693],[-111.78993945829113,40.343982165700176],[-111.78568653841809,40.343949722897946],[-111.78567030818702,40.34676597372715],[-111.78349993744736,40.3467709366432],[-111.78349691749709,40.34627719931942],[-111.78158182168407,40.34627139959223],[-111.7815858688127,40.34767812282042],[-111.77930820955787,40.34764909649621],[-111.77926185650736,40.34760335099793],[-111.77711099703535,40.3476199639237],[-111.77711121609318,40.34756214326496],[-111.77432795753985,40.34756870765784],[-111.77434880502591,40.35277900758919],[-111.77462368387395,40.35295530324139],[-111.77717041840123,40.35294925008478],[-111.77717203457675,40.35334884122453],[-111.78106491118899,40.353339502353194],[-111.78106620423966,40.35365259293077],[-111.78106990624788,40.35390300239731],[-111.78107632951865,40.353965566776395],[-111.78108903567575,40.35402756666818],[-111.78110795022813,40.35408863209375],[-111.78113295987262,40.354148402172456],[-111.78116615447846,40.35420980970821],[-111.78126175926339,40.35438277592741],[-111.78130090774413,40.35447033850894],[-111.78131913022965,40.35452220028651],[-111.78133254514526,40.354584137193406],[-111.78134352706152,40.35464414721483],[-111.7813513240002,40.3547504001935],[-111.7813433840096,40.35512989327038],[-111.78517318924293,40.35512066237388],[-111.78517106535514,40.35496667538667],[-111.78512370418953,40.354877479686365],[-111.7850703816825,40.3547902762688],[-111.78501123773239,40.35470529714579],[-111.78494521185821,40.35462230532759],[-111.78395903837217,40.35379723883337],[-111.78412411665134,40.3533320682312],[-111.78505940897531,40.353324260800186],[-111.78315829723103,40.35145895470115],[-111.78564996816105,40.35145386144429],[-111.78566183404304,40.352273324844056],[-111.78568608707829,40.352547523621325],[-111.78568865894307,40.35270337842533],[-111.78569040991121,40.352748324288925],[-111.78569417594872,40.35279319768089],[-111.78569995447963,40.35283794456995],[-111.78570773823404,40.35288251453859],[-111.78571751757279,40.35292685357257],[-111.78572928050565,40.35297090856394],[-111.78574301388049,40.353014630009866],[-111.78575870217172,40.353057963910295],[-111.78577632516351,40.35310086077948],[-111.78579586262872,40.353143268429896],[-111.78581729318155,40.35318513917978],[-111.78584058953123,40.3532264208587],[-111.78586572441314,40.35326706760042],[-111.78589266936638,40.35330702903841],[-111.78592139124355,40.353346260221365],[-111.78595185805916,40.35338471259257],[-111.78598403196398,40.35342234301333],[-111.78601787509733,40.35345910564303],[-111.78605334960939,40.35349495734299],[-111.78609041059063,40.3535298558923],[-111.78612901784757,40.353563760859736],[-111.7861691229422,40.3535966309338],[-111.7862106798095,40.3536284293001],[-111.78625364001837,40.353659116448284],[-111.78629795044738,40.35368865738253],[-111.78634356267992,40.3537170161951],[-111.78639041890015,40.35374416150416],[-111.78652143794017,40.35381738721989],[-111.78657407899617,40.353847866796556],[-111.78662533897965,40.35387969436623],[-111.78667516122333,40.35391283134293],[-111.78672348671661,40.35394724184809],[-111.78677026113084,40.3539828836876],[-111.78681543015207,40.35401971826962],[-111.78685894297884,40.35405770249071],[-111.78690074762811,40.35409679234966],[-111.78694079799897,40.35413694293025],[-111.78697904681268,40.354178109319115],[-111.78701545148402,40.35422024298881],[-111.78704996942737,40.3542632954119],[-111.787082560415,40.35430721895579],[-111.78711318773152,40.35435196147601],[-111.78714181701947,40.3543974717229],[-111.78730611176151,40.35460088820446],[-111.78732397567899,40.35465233384812],[-111.78738107144251,40.35505764156004],[-111.7856890042146,40.355042966303834],[-111.78569295878745,40.35512676323791],[-111.78636688610882,40.355144718376295],[-111.78678563220954,40.355151132027984],[-111.78690960920642,40.35527561101244]],[[-111.78806530912459,40.34907030900717],[-111.78807171488968,40.35058309810088],[-111.7876791270803,40.35049180640718],[-111.78728797476106,40.35039454786219],[-111.7868983486152,40.35029134501394],[-111.78651033897214,40.35018222178859],[-111.78612403578651,40.35006720348485],[-111.78573952861736,40.34994631676809],[-111.7856831633737,40.34998278032016],[-111.78567359066042,40.34903500315136],[-111.78806530912459,40.34907030900717]],[[-111.79046894310375,40.34689617131574],[-111.79046291366222,40.347617166931435],[-111.78992463817202,40.34761093065465],[-111.78992960056156,40.346894012157065],[-111.79046894310375,40.34689617131574]],[[-111.79192306515792,40.34582800196916],[-111.7927870684257,40.34582719662897],[-111.79278127726835,40.346817721523955],[-111.79163552370605,40.34680549096455],[-111.7904640921369,40.34679796291254],[-111.7904796821502,40.34582385839462],[-111.7919230321466,40.34582026297042],[-111.79192306515792,40.34582800196916]]]},"properties":{"zone_code":"PI-1","zone_description":"Planned Industrial","zone_class_normalized":"Industrial/Flex","jurisdiction":"american_fork_ut","source_rest_url":"https://maps.afcity.org/arcgis/rest/services/Planning/Zoning2/MapServer/0","extraction_method":"arcgis_rest","confidence":"rest_api"}},{"type":"Feature","geometry":{"type":"Polygon","coordinates":[[[-111.77583095314081,40.35804753399178],[-111.77583208882304,40.358993661663305],[-111.77772426035479,40.358990038145215],[-111.7776919975329,40.36096122859898],[-111.7776851780999,40.36226978774384],[-111.77863948763213,40.36227011492673],[-111.77863645080868,40.362702808325054],[-111.7806451071517,40.362702376177374],[-111.78064501174337,40.36282665307065],[-111.78222786781205,40.36282233987555],[-111.78222785862964,40.36280641331889],[-111.78222173265858,40.362718762571674],[-111.7822074520883,40.36265505469543],[-111.78218647039388,40.36259002646684],[-111.78216280206091,40.362513311954864],[-111.78212273701858,40.36242413998261],[-111.78207579903801,40.36233935348677],[-111.78202881727104,40.36227162213539],[-111.781979536521,40.36221282326343],[-111.78191849664519,40.36213352126431],[-111.78187149311042,40.36206043390487],[-111.78184565242898,40.362023002439194],[-111.78180329752634,40.36194454785117],[-111.78176793204375,40.361862504540184],[-111.78174895084047,40.361789349595405],[-111.78173928630893,40.36171081530299],[-111.78173198823508,40.36163941813244],[-111.78172936685716,40.36156979382232],[-111.78175570152216,40.36059133767072],[-111.7817553424491,40.36050385396443],[-111.78175262552028,40.36041102084167],[-111.78173463008875,40.36030925524059],[-111.7829134896389,40.3597660520041],[-111.78291534626962,40.35976519642414],[-111.7825780845882,40.35933639466372],[-111.78128928692638,40.35839365286309],[-111.78064669599296,40.357973320386684],[-111.7806155214559,40.35800177021496],[-111.78012605921664,40.35768806836159],[-111.78015751993341,40.357659340583595],[-111.77835643984699,40.356503612717674],[-111.77833612200858,40.35685048002648],[-111.77405211507052,40.35685365886453],[-111.7740740085018,40.35804807573893],[-111.77583095314081,40.35804753399178]]]},"properties":{"zone_code":"PI-1","zone_description":"Planned Industrial","zone_class_normalized":"Industrial/Flex","jurisdiction":"american_fork_ut","source_rest_url":"https://maps.afcity.org/arcgis/rest/services/Planning/Zoning2/MapServer/0","extraction_method":"arcgis_rest","confidence":"rest_api"}},{"type":"Feature","geometry":{"type":"Polygon","coordinates":[[[-111.79856253307742,40.368329706944095],[-111.79931731247707,40.36881307725458],[-111.79995792010925,40.36881563990885],[-111.80018547995056,40.36856348049342],[-111.79974928224772,40.36818371380944],[-111.79929549017639,40.36773053503543],[-111.79863825822123,40.368023752275626],[-111.79856132377111,40.36805206067157],[-111.79856253307742,40.368329706944095]]]},"properties":{"zone_code":"PI-1","zone_description":"Planned Industrial","zone_class_normalized":"Industrial/Flex","jurisdiction":"american_fork_ut","source_rest_url":"https://maps.afcity.org/arcgis/rest/services/Planning/Zoning2/MapServer/0","extraction_method":"arcgis_rest","confidence":"rest_api"}},{"type":"Feature","geometry":{"type":"Polygon","coordinates":[[[-111.80329100895996,40.37126155480608],[-111.80345838079276,40.371330364703645],[-111.80354117500247,40.37136440307336],[-111.80391106029268,40.37151646838148],[-111.80454343496217,40.37174664529445],[-111.80505122876926,40.37190873641097],[-111.805653156666,40.37209128725456],[-111.80566161196268,40.371634436137214],[-111.80510455445247,40.37143084778457],[-111.8048003761323,40.37130890732395],[-111.80466635158847,40.37125517889529],[-111.80416097880314,40.3710375070906],[-111.80385557365828,40.37089653187074],[-111.80385826814194,40.37069830580246],[-111.80387291286357,40.36951731171804],[-111.80227165825397,40.369498503932185],[-111.80227553316332,40.369180260007],[-111.8013591805365,40.369182402605226],[-111.80135377494281,40.36945351020997],[-111.8011424695803,40.369304411628534],[-111.80093380242863,40.3691516426427],[-111.8007278372359,40.36899524992357],[-111.79962051734293,40.36899095398767],[-111.7996201690087,40.36915688501973],[-111.80050815146103,40.369727433785535],[-111.80091061232496,40.36998748842129],[-111.80121677657334,40.37017801966329],[-111.80168136541032,40.370463650373054],[-111.8020800204025,40.37068114119718],[-111.80210494758254,40.37069404481902],[-111.80251101611296,40.37090424791697],[-111.80285724317444,40.37106866671267],[-111.80313284472858,40.37119279915535],[-111.8031328372469,40.37119031346634],[-111.80329100895996,40.37126155480608]]]},"properties":{"zone_code":"PI-1","zone_description":"Planned Industrial","zone_class_normalized":"Industrial/Flex","jurisdiction":"american_fork_ut","source_rest_url":"https://maps.afcity.org/arcgis/rest/services/Planning/Zoning2/MapServer/0","extraction_method":"arcgis_rest","confidence":"rest_api"}},{"type":"Feature","geometry":{"type":"Polygon","coordinates":[[[-111.82643778250456,40.37745317439625],[-111.8287354136968,40.37744674422944],[-111.82873432248594,40.377237813819896],[-111.82832168706601,40.37710521852793],[-111.82799387157019,40.3770316175883],[-111.82773364948987,40.376978844962146],[-111.8274260058861,40.37694149162024],[-111.8268934457763,40.37691623030758],[-111.82645987444798,40.37691369658939],[-111.82643759186082,40.377409277009725],[-111.82643778250456,40.37745317439625]]]},"properties":{"zone_code":"PI-1","zone_description":"Planned Industrial","zone_class_normalized":"Industrial/Flex","jurisdiction":"american_fork_ut","source_rest_url":"https://maps.afcity.org/arcgis/rest/services/Planning/Zoning2/MapServer/0","extraction_method":"arcgis_rest","confidence":"rest_api"}},{"type":"Feature","geometry":{"type":"Polygon","coordinates":[[[-111.81565736090884,40.37374455275857],[-111.81579066307272,40.3728388935734],[-111.81580494192805,40.37275061597352],[-111.81504839964715,40.37274619275897],[-111.81456118286619,40.372743156089385],[-111.81353810560759,40.37273669643537],[-111.81348992386393,40.372736678801125],[-111.8134909765955,40.37282481774676],[-111.81167352548113,40.37281363910294],[-111.81158614835579,40.37281451047605],[-111.81158666055367,40.37289619883723],[-111.81565736090884,40.37374455275857]]]},"properties":{"zone_code":"TOD","zone_description":"Transit Oriented Development","zone_class_normalized":"Mixed-Use","jurisdiction":"american_fork_ut","source_rest_url":"https://maps.afcity.org/arcgis/rest/services/Planning/Zoning2/MapServer/0","extraction_method":"arcgis_rest","confidence":"rest_api"}},{"type":"Feature","geometry":{"type":"MultiPolygon","coordinates":[[[[-111.78756014722728,40.35615851928913],[-111.78756508540016,40.35616345876884],[-111.78756372523506,40.356158594246914],[-111.78756014722728,40.35615851928913]]],[[[-111.78756014722728,40.35615851928913],[-111.78731066818224,40.35590897826447],[-111.7855767930144,40.35587224513836],[-111.78556657143248,40.35715334304214],[-111.78641221440319,40.35715874524113],[-111.78652687896239,40.357160821324996],[-111.78664128027738,40.35716885938404],[-111.78675510856596,40.35718283765237],[-111.78686805559758,40.35720271827885],[-111.7868637134372,40.35614396033878],[-111.78756014722728,40.35615851928913]]],[[[-111.79543299552513,40.366228333117],[-111.79551121120615,40.36623840795683],[-111.79558945514763,40.36625501847392],[-111.79565555837416,40.3662884688113],[-111.79572413189331,40.3663284495654],[-111.79582947324727,40.36639728590313],[-111.79593984940631,40.366500661696044],[-111.79602820839774,40.36660254945837],[-111.79620884952372,40.3668229808114],[-111.79631788726662,40.3669394645486],[-111.79643559456109,40.367042819480375],[-111.79658023467951,40.3671452422916],[-111.79682799806099,40.36730558235351],[-111.79711419330903,40.36749080924158],[-111.7990539348915,40.367489304153764],[-111.79870997101851,40.367145797005236],[-111.79849177488026,40.36714619206012],[-111.79536301936243,40.3639897112471],[-111.79321239574621,40.36182701706733],[-111.79321183335381,40.36138780605975],[-111.78930995349987,40.35745886554802],[-111.78887229804481,40.357470956882324],[-111.78802653161213,40.357490344396425],[-111.78802096257598,40.35779396789214],[-111.7879019980154,40.35779490122915],[-111.78794377938317,40.35785077926806],[-111.78798234083469,40.35790892608553],[-111.78801755946844,40.35796915635833],[-111.78836059297254,40.35871343986804],[-111.78840790653992,40.35878983225895],[-111.78846029555811,40.3588628374767],[-111.78851751844698,40.35893211887418],[-111.78857931133604,40.35899735697584],[-111.78864538928131,40.359058250950866],[-111.7899400878601,40.360352766469724],[-111.79089425969218,40.36132851492323],[-111.79099091987001,40.361428133526054],[-111.79101510752716,40.36145031687967],[-111.79112147992385,40.36154354470533],[-111.79112893358383,40.36154959453497],[-111.791249782846,40.36164139383516],[-111.79160012993583,40.36188518257107],[-111.79306507281962,40.36290502755019],[-111.7930830718979,40.36292301647521],[-111.7930907059736,40.362931528924456],[-111.79317821730606,40.36297944503879],[-111.79321390294774,40.3630034651868],[-111.7932149174436,40.364444338129715],[-111.79272592108305,40.36443694705404],[-111.79272741852141,40.364804548727825],[-111.7932127620098,40.36512027370375],[-111.7932134362613,40.36510067270975],[-111.79368739530373,40.365402771736186],[-111.7938935990233,40.365477037579],[-111.79399689488558,40.36552352101768],[-111.79512758428169,40.36624218313313],[-111.79512759452098,40.36622654203585],[-111.79524601507995,40.36622522179749],[-111.79543299552513,40.366228333117]]]]},"properties":{"zone_code":"PI-1","zone_description":"Planned Industrial","zone_class_normalized":"Industrial/Flex","jurisdiction":"american_fork_ut","source_rest_url":"https://maps.afcity.org/arcgis/rest/services/Planning/Zoning2/MapServer/0","extraction_method":"arcgis_rest","confidence":"rest_api"}},{"type":"Feature","geometry":{"type":"Polygon","coordinates":[[[-111.77955913370077,40.37644009827522],[-111.77955373322365,40.37570847896806],[-111.77816964927003,40.37571077949702],[-111.7781713664703,40.37608180699668],[-111.77819468975099,40.37608201990399],[-111.77818915612593,40.376292808886184],[-111.77877285436008,40.37629140101426],[-111.77877530801564,40.37644096597173],[-111.77955913370077,40.37644009827522]]]},"properties":{"zone_code":"PI-1","zone_description":"Planned Industrial","zone_class_normalized":"Industrial/Flex","jurisdiction":"american_fork_ut","source_rest_url":"https://maps.afcity.org/arcgis/rest/services/Planning/Zoning2/MapServer/0","extraction_method":"arcgis_rest","confidence":"rest_api"}},{"type":"Feature","geometry":{"type":"Polygon","coordinates":[[[-111.82212646027762,40.378029561718805],[-111.82233937330163,40.37828988761596],[-111.82251041037527,40.37849841429662],[-111.82478533495849,40.37850731966199],[-111.82484433159881,40.37737754254819],[-111.82309047509452,40.37737069002554],[-111.82309125768508,40.377352875444394],[-111.82320547723204,40.377353458670775],[-111.82320361449037,40.37688145538174],[-111.82248229156522,40.376883445636864],[-111.82248294425746,40.37702214440089],[-111.82136414759138,40.37702325339828],[-111.82136539097931,40.37714152902357],[-111.82136750113216,40.37735004956709],[-111.82138996689098,40.377507995812145],[-111.82144403646103,40.377666610806365],[-111.82152636894948,40.377815587116146],[-111.82164025240483,40.3779541600232],[-111.82177777918585,40.37808034011433],[-111.82212646027762,40.378029561718805]]]},"properties":{"zone_code":"GC-2","zone_description":"Planned Commercial","zone_class_normalized":"Commercial","jurisdiction":"american_fork_ut","source_rest_url":"https://maps.afcity.org/arcgis/rest/services/Planning/Zoning2/MapServer/0","extraction_method":"arcgis_rest","confidence":"rest_api"}},{"type":"Feature","geometry":{"type":"Polygon","coordinates":[[[-111.7731753101629,40.355076292126945],[-111.77401813798915,40.35507423876459],[-111.77405211507052,40.35685365886453],[-111.77833612200858,40.35685048002648],[-111.77835643984699,40.356503612717674],[-111.77703666833663,40.35565820765372],[-111.7762799226508,40.35517287752822],[-111.7746736318508,40.35414317298275],[-111.7741219616487,40.35382335503805],[-111.77409378686828,40.35444455748801],[-111.77317279694853,40.354446752637706],[-111.7731753101629,40.355076292126945]]]},"properties":{"zone_code":"GC-2","zone_description":"Planned Commercial","zone_class_normalized":"Commercial","jurisdiction":"american_fork_ut","source_rest_url":"https://maps.afcity.org/arcgis/rest/services/Planning/Zoning2/MapServer/0","extraction_method":"arcgis_rest","confidence":"rest_api"}},{"type":"Feature","geometry":{"type":"Polygon","coordinates":[[[-111.79148785354178,40.36379870781376],[-111.79148872011686,40.363799264038484],[-111.79246651715926,40.3644259826473],[-111.79272592108305,40.36443694705404],[-111.7932149174436,40.364444338129715],[-111.79321390294774,40.3630034651868],[-111.79317821730606,40.36297944503879],[-111.7930907059736,40.362931528924456],[-111.7930830718979,40.36292301647521],[-111.79306507281962,40.36290502755019],[-111.79160012993583,40.36188518257107],[-111.791249782846,40.36164139383516],[-111.79112893358383,40.36154959453497],[-111.79112147992385,40.36154354470533],[-111.79101510752716,40.36145031687967],[-111.79099091987001,40.361428133526054],[-111.79089425969218,40.36132851492323],[-111.7899400878601,40.360352766469724],[-111.78858408102852,40.35900050578817],[-111.78852752398194,40.35894147436876],[-111.78847481153954,40.358878985918544],[-111.78842615453858,40.358813290376446],[-111.78838174759548,40.35874465050903],[-111.78834176832747,40.35867334085945],[-111.78830637664211,40.35859964664935],[-111.78801755946844,40.35796915635833],[-111.78798234076662,40.35790892612886],[-111.78794377931676,40.35785077931392],[-111.7879019980154,40.35779490122915],[-111.78802094249404,40.357793951730415],[-111.78802666520824,40.35749103754672],[-111.78887229804481,40.357470956882324],[-111.78756508540016,40.35616345876884],[-111.7868637264322,40.35614397111436],[-111.78686805559758,40.35720271827885],[-111.7867551020103,40.35718288750121],[-111.78664127383998,40.3571689261167],[-111.78652687586842,40.35716087150777],[-111.78641221440319,40.35715874524113],[-111.78556657143248,40.35715334304214],[-111.7855767930144,40.35587224513836],[-111.78557784164046,40.355162741580514],[-111.78550526408263,40.3551611995447],[-111.78551033437965,40.35465557273273],[-111.78507306973961,40.35466830459851],[-111.78505940897531,40.353324260800186],[-111.78412411665134,40.3533320682312],[-111.78395903837217,40.35379723883337],[-111.78494521185821,40.35462230532759],[-111.78501123773239,40.35470529714579],[-111.7850703816825,40.3547902762688],[-111.78512370418953,40.354877479686365],[-111.78517106535514,40.35496667538667],[-111.78517318924293,40.35512066237388],[-111.7813433840096,40.35512989327038],[-111.7813513240002,40.3547504001935],[-111.78134352706152,40.35464414721483],[-111.78133254514526,40.354584137193406],[-111.78131913022965,40.35452220028651],[-111.78130090774413,40.35447033850894],[-111.78126175926339,40.35438277592741],[-111.78116615447846,40.35420980970821],[-111.78113295987262,40.354148402172456],[-111.78110795022813,40.35408863209375],[-111.78108903567575,40.35402756666818],[-111.78107632951865,40.353965566776395],[-111.78106990624788,40.35390300239731],[-111.78106620423966,40.35365259293077],[-111.78106491118899,40.353339502353194],[-111.77717203457675,40.35334884122453],[-111.77717041840123,40.35294925008478],[-111.77462368387395,40.35295530324139],[-111.77748486915803,40.35479024924521],[-111.77790295662064,40.355057598664295],[-111.77846224684161,40.355594157787955],[-111.77887666076343,40.35585981474972],[-111.77967627360132,40.35635447842177],[-111.77966579862343,40.356364059084854],[-111.78092233741991,40.3571683954585],[-111.7809235010906,40.35717941898366],[-111.78098393576643,40.35721877596448],[-111.78100034172664,40.35721777377085],[-111.78278615396664,40.35836022884769],[-111.78296132172865,40.35844535335811],[-111.78326650181755,40.358579733841275],[-111.78350208094463,40.358633992745354],[-111.7839162940546,40.35878051407611],[-111.78486476711657,40.3589993350542],[-111.78534045064964,40.35900023308049],[-111.78575153055266,40.35904933436359],[-111.78687090754667,40.3597714049188],[-111.7875972658778,40.36061984356328],[-111.78828281268257,40.36142632090691],[-111.78874727648042,40.361968147778384],[-111.78921364825896,40.36251395505563],[-111.78948760259065,40.3626916109261],[-111.78960359653814,40.36258628335488],[-111.79148785354178,40.36379870781376]]]},"properties":{"zone_code":"GC-2","zone_description":"Planned Commercial","zone_class_normalized":"Commercial","jurisdiction":"american_fork_ut","source_rest_url":"https://maps.afcity.org/arcgis/rest/services/Planning/Zoning2/MapServer/0","extraction_method":"arcgis_rest","confidence":"rest_api"}},{"type":"Feature","geometry":{"type":"Polygon","coordinates":[[[-111.77173710828595,40.409946071788866],[-111.77179111152144,40.409959095212876],[-111.7718986420088,40.40998127588985],[-111.77199156157666,40.409996569274384],[-111.77204673968808,40.410004000688566],[-111.77216620713614,40.41001597201552],[-111.77235751555259,40.41001695164253],[-111.7723575848523,40.410027249910996],[-111.77324565727703,40.410025180370255],[-111.773249685871,40.410659094872486],[-111.77240764640302,40.4106610590697],[-111.77241212106362,40.41173680678038],[-111.77337499873673,40.41173456214053],[-111.77334926331054,40.40768379762326],[-111.77334863592685,40.40768364508515],[-111.77171682423015,40.40728787274179],[-111.77172568356852,40.409301321079845],[-111.77173455020068,40.40930124375107],[-111.77173710828595,40.409946071788866]]]},"properties":{"zone_code":"GC-2","zone_description":"Planned Commercial","zone_class_normalized":"Commercial","jurisdiction":"american_fork_ut","source_rest_url":"https://maps.afcity.org/arcgis/rest/services/Planning/Zoning2/MapServer/0","extraction_method":"arcgis_rest","confidence":"rest_api"}},{"type":"Feature","geometry":{"type":"Polygon","coordinates":[[[-111.81925790656055,40.38982975288531],[-111.8192577980051,40.389830468268975],[-111.819254335116,40.38985367393038],[-111.82007228941859,40.38997876568929],[-111.82143141000381,40.39018674627326],[-111.82166809006499,40.38811644203216],[-111.82222521687139,40.388217101379006],[-111.8242404264823,40.3888380587197],[-111.82444879746875,40.3885269148879],[-111.82440087961544,40.38850815289526],[-111.8245470745256,40.38828984909536],[-111.82493580476043,40.388443217193185],[-111.82494048785591,40.38832225886069],[-111.82589702586003,40.388695767367196],[-111.82591211342363,40.38864750012941],[-111.82053109487663,40.38654605242105],[-111.82052448157266,40.386585249092725],[-111.82023580449592,40.38647163465775],[-111.82001716632703,40.387611336857745],[-111.82001711687471,40.38761159186695],[-111.82025116060856,40.38763049917042],[-111.82024499349582,40.38766996207198],[-111.81959616409995,40.387598191531445],[-111.81925790656055,40.38982975288531]]]},"properties":{"zone_code":"GC-2","zone_description":"Planned Commercial","zone_class_normalized":"Commercial","jurisdiction":"american_fork_ut","source_rest_url":"https://maps.afcity.org/arcgis/rest/services/Planning/Zoning2/MapServer/0","extraction_method":"arcgis_rest","confidence":"rest_api"}},{"type":"Feature","geometry":{"type":"Polygon","coordinates":[[[-111.77955373322365,40.37570847896806],[-111.78015734224837,40.37571403868883],[-111.78065234390911,40.375713826341546],[-111.78121440857807,40.37495624790416],[-111.78132014235608,40.37466726745606],[-111.78132675781296,40.374340796695414],[-111.78132954468299,40.37422071338377],[-111.78106262877118,40.37412136952196],[-111.78050019441788,40.37393573997859],[-111.78018678017263,40.373825797288504],[-111.77999030299317,40.373754852482776],[-111.77985222232189,40.37368555264502],[-111.77983546444216,40.373708004610144],[-111.77973607870821,40.37384115910262],[-111.77970130814103,40.373905515728865],[-111.77966426810919,40.37398594658547],[-111.77964116062589,40.37404670435173],[-111.7796181322045,40.37412710258582],[-111.77960216975437,40.37422176590925],[-111.77959313347534,40.37429677290822],[-111.77957666599431,40.37488679038439],[-111.77838302477562,40.37488053971322],[-111.77782431210117,40.374873383591215],[-111.77782076273135,40.37521259500423],[-111.77834415829044,40.37521499709453],[-111.77834479200749,40.37571137418413],[-111.7787708735633,40.37570998738638],[-111.77955373322365,40.37570847896806]]]},"properties":{"zone_code":"GC-2","zone_description":"Planned Commercial","zone_class_normalized":"Commercial","jurisdiction":"american_fork_ut","source_rest_url":"https://maps.afcity.org/arcgis/rest/services/Planning/Zoning2/MapServer/0","extraction_method":"arcgis_rest","confidence":"rest_api"}},{"type":"Feature","geometry":{"type":"Polygon","coordinates":[[[-111.8206250306606,40.39169937737089],[-111.82079274258298,40.391698971614204],[-111.82079482386227,40.39169896680734],[-111.8208016104394,40.39168131959084],[-111.82082424199808,40.39162932545723],[-111.82083594728991,40.39160363037647],[-111.82085586153819,40.39156219977727],[-111.82089934764493,40.391471390526654],[-111.82094768884225,40.39136628240585],[-111.82098771580408,40.39127432351656],[-111.82101473968474,40.39120935295443],[-111.82105072436521,40.39111871822543],[-111.82110841383383,40.39096169551677],[-111.8211291525039,40.39090100747933],[-111.82116664205515,40.3907842624859],[-111.82120603725924,40.39064946304423],[-111.82077628172895,40.39056613502079],[-111.82069844730559,40.390554938556924],[-111.82069636831076,40.3905546695693],[-111.82065616666682,40.390550077671456],[-111.82061959477944,40.3905459045033],[-111.8206250306606,40.39169937737089]]]},"properties":{"zone_code":"RA-5","zone_description":"Residential Agricultural","zone_class_normalized":"Agriculture/Rural","jurisdiction":"american_fork_ut","source_rest_url":"https://maps.afcity.org/arcgis/rest/services/Planning/Zoning2/MapServer/0","extraction_method":"arcgis_rest","confidence":"rest_api"}},{"type":"Feature","geometry":{"type":"Polygon","coordinates":[[[-111.8299811428725,40.37088063497091],[-111.8299812477126,40.37090237023914],[-111.83109242427248,40.370904047858794],[-111.8310923855232,40.370899447601154],[-111.83120844792255,40.370899081120214],[-111.8312011843706,40.36933892829121],[-111.83269798898122,40.36933816034726],[-111.83349142758516,40.3693359003158],[-111.8338508015663,40.36933487490309],[-111.83384984846734,40.36837611814669],[-111.83387271970433,40.36837660402941],[-111.83387341225853,40.36832404721682],[-111.83392802544004,40.36508974342275],[-111.82995306164591,40.36505838005376],[-111.82995301360855,40.365048419312124],[-111.82848254137964,40.365052559321036],[-111.82850870328441,40.37088494441192],[-111.8299811428725,40.37088063497091]]]},"properties":{"zone_code":"RA-5","zone_description":"Residential Agricultural","zone_class_normalized":"Agriculture/Rural","jurisdiction":"american_fork_ut","source_rest_url":"https://maps.afcity.org/arcgis/rest/services/Planning/Zoning2/MapServer/0","extraction_method":"arcgis_rest","confidence":"rest_api"}},{"type":"Feature","geometry":{"type":"Polygon","coordinates":[[[-111.83347435919923,40.372861133702195],[-111.83222180598705,40.37284468237763],[-111.8311017499621,40.37283916157261],[-111.83110130443266,40.37273883832407],[-111.82851925408843,40.37274121537384],[-111.82851970904683,40.3727545450645],[-111.8285198329904,40.372815909320536],[-111.82632664552257,40.37280995349223],[-111.82501032220482,40.37280277927175],[-111.824990235655,40.374014129946524],[-111.82488941102397,40.374013384279884],[-111.82489744013948,40.37570393395291],[-111.82494276057554,40.37570380804222],[-111.82494325610759,40.37580812619261],[-111.82872941665693,40.3766186057928],[-111.83141487051863,40.377178036228024],[-111.83140843275837,40.37584924337947],[-111.83139999257693,40.37574416960829],[-111.83141948487363,40.37574625424243],[-111.83145088455912,40.37486601036299],[-111.8320781712901,40.37462092236785],[-111.83362716151953,40.37396746367741],[-111.83378352781887,40.37298676623352],[-111.83408836003248,40.372885620820306],[-111.83377475887384,40.37287266745164],[-111.83347435919923,40.372861133702195]]]},"properties":{"zone_code":"RA-5","zone_description":"Residential Agricultural","zone_class_normalized":"Agriculture/Rural","jurisdiction":"american_fork_ut","source_rest_url":"https://maps.afcity.org/arcgis/rest/services/Planning/Zoning2/MapServer/0","extraction_method":"arcgis_rest","confidence":"rest_api"}},{"type":"Feature","geometry":{"type":"Polygon","coordinates":[[[-111.79664614080995,40.38015117292193],[-111.79748862030903,40.380153146218355],[-111.79749911953195,40.37944946628988],[-111.79825652260702,40.37945885263345],[-111.79825382498119,40.379611273508814],[-111.79840769423964,40.379612173414735],[-111.79840990598208,40.379460753458815],[-111.7995220567291,40.37947184315435],[-111.79951615363879,40.37975624408117],[-111.7994997212307,40.37975614656551],[-111.79949598729876,40.38007309377975],[-111.7997328147964,40.380074709823184],[-111.79973949659505,40.37947398255197],[-111.80000106680713,40.379476616274864],[-111.8000032192639,40.37909713602428],[-111.80007233048526,40.379101282590135],[-111.80060940750774,40.379128407023764],[-111.80083342432339,40.37914598926467],[-111.80082622370165,40.37948463146185],[-111.80124237053846,40.37948863713814],[-111.80124591275064,40.379194713638306],[-111.80140871078868,40.37923104296671],[-111.80155058202732,40.37927058088483],[-111.80198616594602,40.37939486876567],[-111.80208013418768,40.379422417325515],[-111.80215438296018,40.37944152394214],[-111.80225141652748,40.37945648733657],[-111.80234366007674,40.379463342174475],[-111.80248364759292,40.37946095833299],[-111.8025881015642,40.37945964973248],[-111.80258950351474,40.37941291581898],[-111.802594849612,40.37923470960974],[-111.80260270710183,40.37903881688764],[-111.80261180954908,40.37884244270329],[-111.8026194537255,40.37867475151645],[-111.80262659251383,40.37852166873022],[-111.8026275444439,40.378454944975424],[-111.80262991108552,40.378395756621636],[-111.80274571842212,40.37839661240039],[-111.80326501608211,40.378399923222865],[-111.80328156715825,40.37840003070837],[-111.80328670147111,40.377947388968586],[-111.80387327944379,40.37795190684197],[-111.80387759081272,40.37747687509242],[-111.80261308110755,40.377464266865736],[-111.8026003150197,40.376840933224756],[-111.80126798223455,40.37682277152858],[-111.80127463583835,40.37627439012939],[-111.80127675005612,40.375752025653306],[-111.80128814501522,40.375066343474195],[-111.80054402101244,40.37506141971966],[-111.80054311097493,40.375143759231754],[-111.80046775142397,40.37514325488883],[-111.80046562527617,40.3753353458896],[-111.80014597566623,40.37533325678317],[-111.80014663792456,40.37527565698291],[-111.79992400561721,40.37527413510341],[-111.79992538104932,40.37514951401075],[-111.79970397531973,40.37514805881597],[-111.79970358857264,40.375181005302004],[-111.7996318277494,40.37518051281289],[-111.79963261421074,40.375111918855424],[-111.79928990895304,40.37510965592065],[-111.79929064328154,40.375046563070974],[-111.79914353158107,40.37504560383721],[-111.79914759488531,40.37473661311417],[-111.7986334273327,40.37473536041103],[-111.79862692123714,40.37526596962774],[-111.79649632534289,40.37525176247791],[-111.79649918553599,40.374999325630036],[-111.79652657051149,40.37499829614092],[-111.79652882544724,40.37471247760893],[-111.79593090717938,40.37470596940329],[-111.79592309105456,40.37499820718211],[-111.79590357220461,40.37678669613948],[-111.79433947852165,40.376778378361635],[-111.79310566614373,40.37678707973615],[-111.79200402761161,40.37677613524249],[-111.79200512332915,40.37628493869855],[-111.79238249609172,40.3755918733691],[-111.79233572299789,40.37556757365778],[-111.79224982175518,40.37553052980879],[-111.79213012838667,40.375482176599824],[-111.79189040884893,40.375415539554936],[-111.79067229244365,40.3751413354727],[-111.79063519032663,40.3767625223005],[-111.79064059991637,40.37688577268487],[-111.79062454578519,40.37822185034567],[-111.79148024432078,40.37822728067384],[-111.79147917625696,40.37841853914194],[-111.7906217060942,40.37841384270187],[-111.7906187279268,40.37860567598048],[-111.79147756507352,40.37861085177169],[-111.79147497431421,40.37884135926467],[-111.79061542611385,40.37883442811219],[-111.7906129411671,40.37900653844428],[-111.79060785661726,40.37944519166028],[-111.79211546434249,40.37946212854474],[-111.79211197572846,40.37902605080166],[-111.79270738344854,40.37903379532721],[-111.79269937733744,40.37946826000478],[-111.79300587427466,40.37947210642555],[-111.79312093669063,40.379134948933654],[-111.79315587313108,40.37913524953636],[-111.79314939925804,40.37947399741796],[-111.79339889542625,40.379476002506756],[-111.79340012378175,40.379820034772216],[-111.79381454509104,40.379818975523804],[-111.79422900768674,40.37981793361603],[-111.79427969039693,40.3798178034033],[-111.79427947639273,40.37954688150421],[-111.79508665016704,40.37954802336953],[-111.79508308162106,40.37972186569989],[-111.79507851122335,40.379858391719026],[-111.79507637881777,40.3799220814626],[-111.79589468335828,40.37992805030528],[-111.79589121400612,40.38014939988749],[-111.79628871336222,40.38015033442666],[-111.79630349813472,40.379436746007016],[-111.79666052840402,40.379440545780966],[-111.79664614080995,40.38015117292193]],[[-111.80185717375373,40.37800194596962],[-111.80125049255574,40.37800234480573],[-111.80125353608302,40.37779709898619],[-111.80185629074117,40.377801845581594],[-111.80185717375373,40.37800194596962]]]},"properties":{"zone_code":"CC-1","zone_description":"Central Commercial","zone_class_normalized":"Commercial","jurisdiction":"american_fork_ut","source_rest_url":"https://maps.afcity.org/arcgis/rest/services/Planning/Zoning2/MapServer/0","extraction_method":"arcgis_rest","confidence":"rest_api"}},{"type":"Feature","geometry":{"type":"Polygon","coordinates":[[[-111.77399295453456,40.372828660315264],[-111.77398264076777,40.37282551610615],[-111.77318213845538,40.37260627995555],[-111.77302739242981,40.37256455907407],[-111.77203268066127,40.37229568044673],[-111.77192106895443,40.37226871074265],[-111.77185817959388,40.372257874822864],[-111.77179351634666,40.3722525349584],[-111.77171987020206,40.372245842488034],[-111.77162828316703,40.37224331016801],[-111.77135354928225,40.37224286181738],[-111.77020793690896,40.37223973693572],[-111.76984345317729,40.37223977066348],[-111.7698422053795,40.3723240542372],[-111.76982888172255,40.3738768150178],[-111.7714094661393,40.37386914261367],[-111.77140843576154,40.37380473376599],[-111.77220845055218,40.37378425054103],[-111.77221909309895,40.374027134827855],[-111.7721982701309,40.374027712857774],[-111.7722595745041,40.37558230870555],[-111.77226303710316,40.37570077676377],[-111.77343223754708,40.37570871414584],[-111.77395995509463,40.37570822127156],[-111.77396923202437,40.3747278835329],[-111.7740188758902,40.37472834542251],[-111.77401893372814,40.37472132407709],[-111.77477256908051,40.37472871153182],[-111.77476693751775,40.375153135988626],[-111.77528316692225,40.37515877570937],[-111.77528522284075,40.37571062831547],[-111.77598689976963,40.37571134591193],[-111.77634469988253,40.3757117735917],[-111.77634527430166,40.37608716638175],[-111.77597248376803,40.376087338759426],[-111.77597006242104,40.37714366851084],[-111.7778011146617,40.37713975596577],[-111.77780096609726,40.377302386013184],[-111.77955852999101,40.37730349733353],[-111.77955913370077,40.37644009827522],[-111.77877530801564,40.37644096597173],[-111.77877285436008,40.37629140101426],[-111.77818915612593,40.376292808886184],[-111.77819452723615,40.376082018489384],[-111.77774434105025,40.37607752536475],[-111.77775117059691,40.375711667820894],[-111.77834479200749,40.37571137418413],[-111.77834415829044,40.37521499709453],[-111.77782076273135,40.37521259500423],[-111.77782431210117,40.374873383591215],[-111.77838302477562,40.37488053971322],[-111.77839716965367,40.37404020048375],[-111.7782167127026,40.37399081587595],[-111.77778942734328,40.373874360464384],[-111.7760099924388,40.37339313815485],[-111.77566698123599,40.37332043969791],[-111.77530873015483,40.37322971512954],[-111.77530202872082,40.37322767209374],[-111.77530241065794,40.37362103656221],[-111.77398562089869,40.3736242883368],[-111.77399295453456,40.372828660315264]],[[-111.77691607468425,40.37571103542533],[-111.7765170253889,40.37571197869942],[-111.77635825171987,40.37571178930218],[-111.77635426876778,40.374803711212834],[-111.77691768399606,40.374804479647985],[-111.77691607468425,40.37571103542533]]]},"properties":{"zone_code":"R3-7500","zone_description":"Residential","zone_class_normalized":"Residential-High","jurisdiction":"american_fork_ut","source_rest_url":"https://maps.afcity.org/arcgis/rest/services/Planning/Zoning2/MapServer/0","extraction_method":"arcgis_rest","confidence":"rest_api"}},{"type":"Feature","geometry":{"type":"Polygon","coordinates":[[[-111.79276123463863,40.38195334172521],[-111.79323185773922,40.38195709366908],[-111.79323067962412,40.38203556633898],[-111.79513331781162,40.38203764088121],[-111.7951327155987,40.382151637795026],[-111.79586247820592,40.3821556355093],[-111.79586786296811,40.381772349666996],[-111.79723196540138,40.38177846734198],[-111.79724522339369,40.38173036869674],[-111.79784826739805,40.381733646576556],[-111.79785004498572,40.38134510384524],[-111.79775834234064,40.38133718045816],[-111.79775377985425,40.381062827587],[-111.79855362067589,40.38106804672972],[-111.79933544253058,40.38107611914293],[-111.79932808396921,40.38183845155584],[-111.79932588398005,40.38206638767973],[-111.79992224848115,40.382070401466024],[-111.79992500654468,40.381697579152004],[-111.80022109169754,40.3816988297069],[-111.80022105336985,40.38170485492423],[-111.80052098198881,40.3817062398537],[-111.8005226471035,40.38148801278082],[-111.80121915892225,40.38149037113012],[-111.80122300499728,40.381095586174055],[-111.80124237053846,40.37948863713814],[-111.80082622370165,40.37948463146185],[-111.80083342432339,40.37914598926467],[-111.80060940750774,40.379128407023764],[-111.80007233048526,40.379101282590135],[-111.8000032192639,40.37909713602428],[-111.80000106680713,40.379476616274864],[-111.79973949659505,40.37947398255197],[-111.7997328147964,40.380074709823184],[-111.7994959848725,40.38007307757488],[-111.79949971998208,40.37975613035761],[-111.79951615363879,40.37975624408117],[-111.7995220567291,40.37947184315435],[-111.79840990598208,40.379460753458815],[-111.79840769423964,40.379612173414735],[-111.79825382498119,40.379611273508814],[-111.79825652260702,40.37945885263345],[-111.79749911953195,40.37944946628988],[-111.79748862030903,40.380153146218355],[-111.79664614080995,40.38015117292193],[-111.79666052840402,40.379440545780966],[-111.79630349813472,40.379436746007016],[-111.79628871336222,40.38015033442666],[-111.79589121400612,40.38014939988749],[-111.79589468335828,40.37992805030528],[-111.79507637881777,40.3799220814626],[-111.79507851122335,40.379858391719026],[-111.79508308162106,40.37972186569989],[-111.79508665016704,40.37954802336953],[-111.79427947639273,40.37954688150421],[-111.79427969039693,40.3798178034033],[-111.79422900768674,40.37981793361603],[-111.79381454517227,40.37981899443652],[-111.79340012378175,40.379820034772216],[-111.79339889542625,40.379476002506756],[-111.79314939925804,40.37947399741796],[-111.79313011781045,40.380483741630854],[-111.79312517608892,40.38103772455984],[-111.79252216887843,40.38102969672125],[-111.79199478277174,40.38102204439821],[-111.79199098053822,40.3813518449038],[-111.79275663417046,40.38135726198782],[-111.7927528752561,40.38156810368708],[-111.79276898127752,40.381568064273814],[-111.79276123463863,40.38195334172521]],[[-111.79587233109986,40.381454331906525],[-111.79587800284594,40.38105056614471],[-111.79661588695168,40.38105539326928],[-111.79661387774517,40.38145813299413],[-111.79587233109986,40.381454331906525]]]},"properties":{"zone_code":"R4-7500","zone_description":"Residential","zone_class_normalized":"Residential-High","jurisdiction":"american_fork_ut","source_rest_url":"https://maps.afcity.org/arcgis/rest/services/Planning/Zoning2/MapServer/0","extraction_method":"arcgis_rest","confidence":"rest_api"}},{"type":"Feature","geometry":{"type":"Polygon","coordinates":[[[-111.76935526281929,40.368976831919845],[-111.77001387068889,40.368975313061476],[-111.77006856765533,40.368975186754454],[-111.77009707376186,40.36897382222558],[-111.7701255798638,40.368972456789116],[-111.77018189568487,40.36896512984634],[-111.77020938762607,40.3689592050993],[-111.77023687955901,40.36895327944525],[-111.770263396108,40.368945159430105],[-111.77028991265075,40.36893703940895],[-111.77032699641462,40.36892071013234],[-111.77036408015728,40.368904379943274],[-111.77039578361064,40.36888974273739],[-111.77042748822791,40.3688751055201],[-111.7704596402249,40.36886105176095],[-111.77049179338249,40.36884699708954],[-111.77052489351853,40.36883272046755],[-111.77055798776055,40.368818445650966],[-111.77057590312589,40.368811313629145],[-111.7705938114333,40.368804184322784],[-111.77061006689327,40.36879862771622],[-111.77062632235057,40.36879307110737],[-111.77065149357877,40.36878570883533],[-111.7706764325724,40.36877917206215],[-111.77064603070781,40.368706097780766],[-111.77063836752824,40.368687897801095],[-111.77063342776928,40.36867265365301],[-111.77062848920063,40.368657412203696],[-111.77062476506568,40.36864109530681],[-111.7706210421206,40.368624781108785],[-111.7706188955626,40.368609891643835],[-111.77061674900548,40.36859500217881],[-111.7706156233346,40.368577735419606],[-111.77061449766428,40.36856046866025],[-111.77061370036961,40.36849851514027],[-111.77061349514408,40.36830464030927],[-111.77049958687006,40.36830463997126],[-111.77026715191502,40.36830037079636],[-111.77026670446344,40.368300367327436],[-111.77012351149048,40.36830069097757],[-111.77012343894987,40.36828917763437],[-111.76952540172489,40.36828197824158],[-111.76952544295696,40.368292444237525],[-111.76934797528433,40.36829222000026],[-111.76935526281929,40.368976831919845]]]},"properties":{"zone_code":"PO-1","zone_description":"Professional Office","zone_class_normalized":"Commercial","jurisdiction":"american_fork_ut","source_rest_url":"https://maps.afcity.org/arcgis/rest/services/Planning/Zoning2/MapServer/0","extraction_method":"arcgis_rest","confidence":"rest_api"}},{"type":"Feature","geometry":{"type":"Polygon","coordinates":[[[-111.8013862550793,40.366249656578276],[-111.80084976948437,40.366248159684744],[-111.80085521406565,40.366353148108296],[-111.8007586197098,40.36637514026607],[-111.80076111483213,40.36694272006242],[-111.80084980629829,40.366942530641566],[-111.80084906675567,40.367119227918224],[-111.80137731312905,40.367117699268995],[-111.8013862550793,40.366249656578276]]]},"properties":{"zone_code":"R1-12000","zone_description":"Residential","zone_class_normalized":"Residential-Low","jurisdiction":"american_fork_ut","source_rest_url":"https://maps.afcity.org/arcgis/rest/services/Planning/Zoning2/MapServer/0","extraction_method":"arcgis_rest","confidence":"rest_api"}},{"type":"Feature","geometry":{"type":"Polygon","coordinates":[[[-111.79147497431421,40.37884135926467],[-111.79147756507352,40.37861085177169],[-111.7906187279268,40.37860567598048],[-111.79061542611385,40.37883442811219],[-111.79147497431421,40.37884135926467]]]},"properties":{"zone_code":"R2-7500","zone_description":"Residential","zone_class_normalized":"Residential-Medium","jurisdiction":"american_fork_ut","source_rest_url":"https://maps.afcity.org/arcgis/rest/services/Planning/Zoning2/MapServer/0","extraction_method":"arcgis_rest","confidence":"rest_api"}},{"type":"Feature","geometry":{"type":"Polygon","coordinates":[[[-111.81905116876467,40.390542841101365],[-111.81905330480593,40.390978244106684],[-111.81971696362034,40.39097628893454],[-111.81971485870928,40.39049931712038],[-111.81999793094614,40.390499597726496],[-111.82007228941859,40.38997876568929],[-111.819254335116,40.38985367393038],[-111.8191525826508,40.39054148281982],[-111.81905116876467,40.390542841101365]]]},"properties":{"zone_code":"R1-9000","zone_description":"Residential","zone_class_normalized":"Residential-Low","jurisdiction":"american_fork_ut","source_rest_url":"https://maps.afcity.org/arcgis/rest/services/Planning/Zoning2/MapServer/0","extraction_method":"arcgis_rest","confidence":"rest_api"}},{"type":"Feature","geometry":{"type":"Polygon","coordinates":[[[-111.80129707920294,40.36507314000535],[-111.80134295630498,40.36507321902311],[-111.80141482842058,40.36507331387666],[-111.80141477996892,40.36508503287916],[-111.80141167213772,40.36551544482871],[-111.8014116582379,40.36551736768961],[-111.80152773738328,40.365518325691454],[-111.80187437944294,40.36552120132295],[-111.80218511591875,40.365523777851145],[-111.80219144213328,40.36579779604492],[-111.80489392284342,40.36582098769392],[-111.80486619381979,40.36573365205084],[-111.80486320145758,40.365619649374636],[-111.80486979658718,40.36521414387632],[-111.80488389586012,40.36434718465958],[-111.80131023249966,40.36433400887522],[-111.80003737262935,40.36433728184004],[-111.80003977961802,40.36488614644935],[-111.80115515162541,40.36488327919221],[-111.80117851589638,40.36488321901654],[-111.8013004648155,40.36488290485608],[-111.80129707920294,40.36507314000535]]]},"properties":{"zone_code":"RA-1","zone_description":"Residential Agricultural","zone_class_normalized":"Agriculture/Rural","jurisdiction":"american_fork_ut","source_rest_url":"https://maps.afcity.org/arcgis/rest/services/Planning/Zoning2/MapServer/0","extraction_method":"arcgis_rest","confidence":"rest_api"}},{"type":"Feature","geometry":{"type":"Polygon","coordinates":[[[-111.7710792879209,40.37569495354864],[-111.77144424756338,40.37569476900745],[-111.77226303710316,40.37570077676377],[-111.7722595745041,40.37558230870555],[-111.7721982701309,40.374027712857774],[-111.77221909309895,40.374027134827855],[-111.77220845055218,40.37378425054103],[-111.77140843576154,40.37380473376599],[-111.7714094661393,40.37386914261367],[-111.76982888881979,40.373876823107],[-111.76983113497212,40.3743677577763],[-111.7710407617372,40.374364960630594],[-111.77106449124015,40.375559984514155],[-111.77107904775569,40.37555975984432],[-111.7710792879209,40.37569495354864]]]},"properties":{"zone_code":"R4-7500","zone_description":"Residential","zone_class_normalized":"Residential-High","jurisdiction":"american_fork_ut","source_rest_url":"https://maps.afcity.org/arcgis/rest/services/Planning/Zoning2/MapServer/0","extraction_method":"arcgis_rest","confidence":"rest_api"}},{"type":"Feature","geometry":{"type":"Polygon","coordinates":[[[-111.76979735211216,40.38204995414492],[-111.76979806603352,40.38196491916743],[-111.76958896364596,40.381966715311115],[-111.76959016202923,40.38205174317714],[-111.76979735211216,40.38204995414492]]]},"properties":{"zone_code":"R1-12000","zone_description":"Residential","zone_class_normalized":"Residential-Low","jurisdiction":"american_fork_ut","source_rest_url":"https://maps.afcity.org/arcgis/rest/services/Planning/Zoning2/MapServer/0","extraction_method":"arcgis_rest","confidence":"rest_api"}},{"type":"Feature","geometry":{"type":"Polygon","coordinates":[[[-111.81545635906636,40.37135413266502],[-111.81648431978945,40.3713553936146],[-111.81752481494331,40.37136088583573],[-111.81753673562696,40.370785655692465],[-111.81755063641894,40.3698308709345],[-111.81755515787741,40.369830843346044],[-111.81755925773103,40.36953350154099],[-111.81761034603828,40.367341743744674],[-111.81554700525746,40.367344950275175],[-111.81553766486215,40.36798887950388],[-111.8136518761332,40.36797111482371],[-111.81352734213014,40.36796994114297],[-111.81351335798095,40.367969813821894],[-111.81349820736901,40.36904256600815],[-111.81360182012344,40.36904208735534],[-111.81358554544809,40.37032276283874],[-111.81547893666018,40.37031713805955],[-111.81545635906636,40.37135413266502]]]},"properties":{"zone_code":"PR-3.0","zone_description":"Planned Residential","zone_class_normalized":"Residential-High","jurisdiction":"american_fork_ut","source_rest_url":"https://maps.afcity.org/arcgis/rest/services/Planning/Zoning2/MapServer/0","extraction_method":"arcgis_rest","confidence":"rest_api"}},{"type":"Feature","geometry":{"type":"Polygon","coordinates":[[[-111.8057154822158,40.36938934323984],[-111.80570081005642,40.36980106290455],[-111.8065569768182,40.36979747251521],[-111.80661706488063,40.36979731498214],[-111.80661659236914,40.36969215087601],[-111.8066153504881,40.36942162871618],[-111.80632704663971,40.36942154130212],[-111.80626136190583,40.369418979963946],[-111.8058728460923,40.369388468824326],[-111.80586414020135,40.36938830786879],[-111.8057154822158,40.36938934323984]]]},"properties":{"zone_code":"R1-7500","zone_description":"Residential","zone_class_normalized":"Residential-Medium","jurisdiction":"american_fork_ut","source_rest_url":"https://maps.afcity.org/arcgis/rest/services/Planning/Zoning2/MapServer/0","extraction_method":"arcgis_rest","confidence":"rest_api"}},{"type":"Feature","geometry":{"type":"Polygon","coordinates":[[[-111.80506570443748,40.35412044992588],[-111.80506594415259,40.35501260929952],[-111.80505472221982,40.35545878062343],[-111.80508982120149,40.35545862689626],[-111.81009194777383,40.35544544812767],[-111.81008588045555,40.354106565699354],[-111.80760647049178,40.35411311541272],[-111.80760646203844,40.35411123493144],[-111.80640952501487,40.354114377991245],[-111.80506562475631,40.354117892361096],[-111.80506570443748,40.35412044992588]]]},"properties":{"zone_code":"PF","zone_description":"Public Facilities","zone_class_normalized":"Open Space/Public","jurisdiction":"american_fork_ut","source_rest_url":"https://maps.afcity.org/arcgis/rest/services/Planning/Zoning2/MapServer/0","extraction_method":"arcgis_rest","confidence":"rest_api"}},{"type":"Feature","geometry":{"type":"Polygon","coordinates":[[[-111.80152332660076,40.3548179286668],[-111.80176002328699,40.354598795109204],[-111.80223440083724,40.354163425763495],[-111.80227850306403,40.35412287372521],[-111.80258000003872,40.3538446880779],[-111.80292909489584,40.35326964329852],[-111.80292464088089,40.352588198227124],[-111.8017642159789,40.3525911991888],[-111.80151425862162,40.35259166216679],[-111.80152332660076,40.3548179286668]]]},"properties":{"zone_code":"PF","zone_description":"Public Facilities","zone_class_normalized":"Open Space/Public","jurisdiction":"american_fork_ut","source_rest_url":"https://maps.afcity.org/arcgis/rest/services/Planning/Zoning2/MapServer/0","extraction_method":"arcgis_rest","confidence":"rest_api"}},{"type":"Feature","geometry":{"type":"Polygon","coordinates":[[[-111.80227850306403,40.35412287372521],[-111.80506562475631,40.354117892361096],[-111.80640952501487,40.354114377991245],[-111.80760646203844,40.35411123493144],[-111.80758513164695,40.34936586463192],[-111.80758315277404,40.34936584372022],[-111.80758202855417,40.349365833168676],[-111.8074402101725,40.349364346416955],[-111.80726170900701,40.34936481570352],[-111.80726170717116,40.3493644068243],[-111.80726005801208,40.349364411158724],[-111.80725533746651,40.348311981922144],[-111.80690550376465,40.34823456774141],[-111.80655420283392,40.34816411044653],[-111.80620157300656,40.34810063778159],[-111.80584775313812,40.3480441747403],[-111.80555665560384,40.34800300280872],[-111.80531296915011,40.347972172976164],[-111.80506889432839,40.34794458588292],[-111.80473087869862,40.34791179141382],[-111.80439232257855,40.34788514940336],[-111.80405333794401,40.34786466866325],[-111.80371403691262,40.347850355967395],[-111.80337453170662,40.34784221604966],[-111.80329364973126,40.34784118125208],[-111.80273640549319,40.34783524590454],[-111.80212064645701,40.347828684600564],[-111.80179962561506,40.34782526193749],[-111.80179804938177,40.34782524529235],[-111.80180176896828,40.348208246668975],[-111.80174204021974,40.34820764162282],[-111.8017422690956,40.3487021845499],[-111.801766927816,40.348702486555034],[-111.80179258230915,40.348702503187894],[-111.80280466921097,40.34869992481276],[-111.80281946262427,40.352043074924325],[-111.80151187299295,40.35204648871889],[-111.80151425862162,40.35259166216679],[-111.8017642159789,40.3525911991888],[-111.80292464088089,40.352588198227124],[-111.80292909489584,40.35326964329852],[-111.80258000003872,40.3538446880779],[-111.80227850306403,40.35412287372521]]]},"properties":{"zone_code":"PR-2.0","zone_description":"Planned Residential","zone_class_normalized":"Residential-Medium","jurisdiction":"american_fork_ut","source_rest_url":"https://maps.afcity.org/arcgis/rest/services/Planning/Zoning2/MapServer/0","extraction_method":"arcgis_rest","confidence":"rest_api"}},{"type":"Feature","geometry":{"type":"Polygon","coordinates":[[[-111.80179962561506,40.34782526193749],[-111.80212064645701,40.347828684600564],[-111.80273640549319,40.34783524590454],[-111.80329364973126,40.34784118125208],[-111.80337453170662,40.34784221604966],[-111.80371403691262,40.347850355967374],[-111.80405333794401,40.34786466866322],[-111.80439232257855,40.34788514940333],[-111.80473087869863,40.34791179141381],[-111.80506889432839,40.34794458588292],[-111.80531296915011,40.34797217297616],[-111.80555665560384,40.34800300280872],[-111.80584775313812,40.3480441747403],[-111.80620157300649,40.34810063778205],[-111.80655420283381,40.348164110447144],[-111.80690550376457,40.34823456774186],[-111.80725533746651,40.348311981922144],[-111.80725568219427,40.34802249909063],[-111.81020451310589,40.34797073037437],[-111.81020320546654,40.3477354848662],[-111.8101959286405,40.346426653446535],[-111.80884361865215,40.34605411785946],[-111.8076779690445,40.346923006261456],[-111.80760660503536,40.34697620043281],[-111.80610812108779,40.34762797320273],[-111.80502323193096,40.34764624925892],[-111.80174274261456,40.34770165736058],[-111.80174162939602,40.347825339596774],[-111.80179962561506,40.34782526193749]]]},"properties":{"zone_code":"SP","zone_description":"Shoreline Protection","zone_class_normalized":"Industrial/Flex","jurisdiction":"american_fork_ut","source_rest_url":"https://maps.afcity.org/arcgis/rest/services/Planning/Zoning2/MapServer/0","extraction_method":"arcgis_rest","confidence":"rest_api"}},{"type":"Feature","geometry":{"type":"Polygon","coordinates":[[[-111.80375461567488,40.387081210153084],[-111.80372985962599,40.38864891094063],[-111.80371781578748,40.39061597007711],[-111.80385670841135,40.39061546528142],[-111.80430338130951,40.39062820333663],[-111.80440685846368,40.39077064705683],[-111.80450460202012,40.39082918288137],[-111.80457906440164,40.39080048732558],[-111.80467093051753,40.390771744593984],[-111.8048001087002,40.39074670696349],[-111.80493470967286,40.39073884865832],[-111.8049365727221,40.390738777156415],[-111.80631180148056,40.39074655980712],[-111.80798780262452,40.390748177939855],[-111.8082176666054,40.39075197741412],[-111.80839062027133,40.39074901697888],[-111.80855472045349,40.390746683952486],[-111.80858094529805,40.390745612393715],[-111.80857751833248,40.38926114392749],[-111.808710802319,40.38926077154001],[-111.80871080861434,40.389259817773564],[-111.80871391450846,40.389259807775495],[-111.80871315835182,40.388890584265255],[-111.80928262578902,40.3888916296174],[-111.80928262260906,40.38889066596905],[-111.80928573795362,40.388890665837515],[-111.8092795229905,40.38774265343178],[-111.80927604557812,40.387100235572106],[-111.80981519677913,40.38709576382894],[-111.81051100043979,40.38709495004081],[-111.81110771787795,40.38709369681592],[-111.81120963898844,40.38708739247866],[-111.81190332095841,40.387083645453515],[-111.81287549190449,40.387082949439616],[-111.81292533768544,40.38589888067962],[-111.8129382017125,40.38518026540742],[-111.81295775020244,40.38418980114967],[-111.81296042540518,40.384054272990674],[-111.81296152021248,40.3839988254744],[-111.81295901309478,40.383997859517855],[-111.8129590313268,40.38399978498485],[-111.81295840720547,40.38399954528985],[-111.8129580048881,40.383999390559836],[-111.81243923863805,40.383799583542306],[-111.8117187076493,40.38352205852119],[-111.81165834389297,40.38361659667813],[-111.81165673905967,40.38361617136064],[-111.81165585500293,40.38361755616103],[-111.81078129836571,40.38338505846142],[-111.81066205525255,40.38336501411719],[-111.81064271388703,40.38336304540584],[-111.81052151902662,40.38335071086786],[-111.81054941539595,40.38263519133495],[-111.81031703540106,40.38254407046856],[-111.81031661592445,40.38254584129147],[-111.8101799721159,40.383121991664744],[-111.8101777363062,40.38312188411626],[-111.81017748322725,40.383122952016905],[-111.8090180761582,40.38306706658235],[-111.8090074296464,40.38361558125067],[-111.80953958164326,40.38362057394463],[-111.80953706558309,40.383937456718655],[-111.80900358724259,40.38393609158722],[-111.80898936137115,40.3851225644092],[-111.80639170858814,40.38510761536026],[-111.80556945064919,40.385103480028576],[-111.80556413260369,40.38695218810057],[-111.80556370393273,40.38710114721292],[-111.80508221756358,40.38709670941399],[-111.80375461567488,40.387081210153084]]]},"properties":{"zone_code":"R1-7500","zone_description":"Residential","zone_class_normalized":"Residential-Medium","jurisdiction":"american_fork_ut","source_rest_url":"https://maps.afcity.org/arcgis/rest/services/Planning/Zoning2/MapServer/0","extraction_method":"arcgis_rest","confidence":"rest_api"}},{"type":"Feature","geometry":{"type":"Polygon","coordinates":[[[-111.77533321257664,40.37719464576034],[-111.77596783627199,40.377194932339805],[-111.7759673291752,40.37714367135777],[-111.77597006242104,40.37714366851084],[-111.77597195380308,40.37628815229204],[-111.77592225584999,40.37628828756475],[-111.77592144951893,40.37608721600657],[-111.77592079564627,40.37591780975731],[-111.77597268838376,40.3759176765105],[-111.77597287378332,40.37580834390901],[-111.77597249291877,40.37571131056116],[-111.77537026909344,40.375709820184504],[-111.77536994991674,40.375807807132496],[-111.77536779402887,40.37646842708241],[-111.77536721468363,40.37663781548941],[-111.77533649211077,40.37663755819575],[-111.77533321257664,40.37719464576034]]]},"properties":{"zone_code":"RA-1","zone_description":"Residential Agricultural","zone_class_normalized":"Agriculture/Rural","jurisdiction":"american_fork_ut","source_rest_url":"https://maps.afcity.org/arcgis/rest/services/Planning/Zoning2/MapServer/0","extraction_method":"arcgis_rest","confidence":"rest_api"}},{"type":"Feature","geometry":{"type":"Polygon","coordinates":[[[-111.81466076661204,40.38424750340211],[-111.81402560351056,40.38509514567272],[-111.8136839979829,40.38555121961654],[-111.81360506862411,40.38555144837128],[-111.81360507299298,40.385552401210184],[-111.8136019566723,40.385552412267096],[-111.81360346287079,40.38589709337185],[-111.81339548368227,40.38589764989068],[-111.8133954880524,40.385898603630075],[-111.81339237171171,40.38589861378084],[-111.81339857889316,40.386728909894664],[-111.81424601344169,40.386726633614174],[-111.81424769104349,40.38710636964039],[-111.8142483041218,40.38710650578732],[-111.81424836969262,40.387122314998386],[-111.81433863951906,40.387135675333184],[-111.81439953329243,40.38704972364119],[-111.81461390220619,40.38681621770807],[-111.81447801646654,40.38675125523261],[-111.814476278312,40.386373995113],[-111.81459291483671,40.38637418131857],[-111.81459148856419,40.38606332714829],[-111.81519338077833,40.38606266416503],[-111.81519197277352,40.384967919944316],[-111.81548887817999,40.38457188448826],[-111.81466076661204,40.38424750340211]]]},"properties":{"zone_code":"R3-7500","zone_description":"Residential","zone_class_normalized":"Residential-High","jurisdiction":"american_fork_ut","source_rest_url":"https://maps.afcity.org/arcgis/rest/services/Planning/Zoning2/MapServer/0","extraction_method":"arcgis_rest","confidence":"rest_api"}},{"type":"Feature","geometry":{"type":"Polygon","coordinates":[[[-111.81011194607183,40.381268975649256],[-111.81011192176128,40.38127270516525],[-111.81011192082453,40.381272758304036],[-111.81128171752766,40.38126965086514],[-111.81130733086505,40.38126958269516],[-111.8113088802158,40.38069631648772],[-111.81243853536206,40.38069686532492],[-111.81255031451194,40.38069697825682],[-111.81254733161718,40.38009468632451],[-111.8119170173793,40.380096465356175],[-111.81191646077937,40.37985044179531],[-111.81188159087458,40.3798501150965],[-111.81131386322313,40.379844794630536],[-111.81131137588197,40.379844771530806],[-111.81131136526913,40.3798483911373],[-111.8108958888459,40.379845361543374],[-111.81077120730026,40.37984445275019],[-111.81076245222098,40.37984438865303],[-111.81012319259416,40.379839725270905],[-111.81011757817475,40.38055317071619],[-111.81011672250517,40.380661860268596],[-111.81011194607183,40.381268975649256]]]},"properties":{"zone_code":"R4-7500","zone_description":"Residential","zone_class_normalized":"Residential-High","jurisdiction":"american_fork_ut","source_rest_url":"https://maps.afcity.org/arcgis/rest/services/Planning/Zoning2/MapServer/0","extraction_method":"arcgis_rest","confidence":"rest_api"}},{"type":"Feature","geometry":{"type":"Polygon","coordinates":[[[-111.8263008015803,40.380833032452635],[-111.82641774614355,40.38090244450618],[-111.82709830494487,40.38130638546566],[-111.82709840414982,40.3813064437283],[-111.82791301325925,40.3817899364809],[-111.82791655290771,40.38179203760257],[-111.82810086052166,40.381901427483626],[-111.82813418433739,40.381921204304284],[-111.82817353902037,40.38185380341836],[-111.82817359508702,40.381853706895086],[-111.8282853907293,40.38166225529112],[-111.82828672302217,40.38166035755476],[-111.82820475780575,40.38141352589876],[-111.8281821299914,40.381345381180246],[-111.82818088501263,40.38134657618953],[-111.8279379948872,40.38061286742518],[-111.82793853979713,40.38061181037423],[-111.8276452610171,40.37972857843318],[-111.8272555914174,40.3797296684902],[-111.82641361290153,40.37973202224392],[-111.82640653347109,40.37824598088973],[-111.82640481409501,40.377885409872384],[-111.82490526970348,40.37787825366909],[-111.82487619139108,40.37855539175643],[-111.82488516376536,40.37855536683316],[-111.82483130262054,40.379592650277345],[-111.82475112589741,40.37959287292555],[-111.82475104817254,40.379592873141384],[-111.82436189982538,40.379593953012886],[-111.82436186214058,40.37959395311739],[-111.82421166709149,40.37959436955645],[-111.82482584223229,40.379958287183804],[-111.82555541086555,40.380390841565536],[-111.82555764297982,40.380392165563734],[-111.8259110853122,40.38060171395207],[-111.8263008015803,40.380833032452635]]]},"properties":{"zone_code":"R4-7500","zone_description":"Residential","zone_class_normalized":"Residential-High","jurisdiction":"american_fork_ut","source_rest_url":"https://maps.afcity.org/arcgis/rest/services/Planning/Zoning2/MapServer/0","extraction_method":"arcgis_rest","confidence":"rest_api"}},{"type":"Feature","geometry":{"type":"Polygon","coordinates":[[[-111.81357224850788,40.36231957559885],[-111.81357383171535,40.362536061068994],[-111.8135813085028,40.3641607283886],[-111.81358344787411,40.36462749941827],[-111.8135841738884,40.36474685411335],[-111.81357346162221,40.36553958709194],[-111.8136768613801,40.365539263835885],[-111.81367121139863,40.36430871063747],[-111.81379344155609,40.36430832775286],[-111.81381891582647,40.362726840662305],[-111.81536689396047,40.36272267590517],[-111.8153769603274,40.362096843402355],[-111.8164401449683,40.36209397096791],[-111.8164386595686,40.36177279868224],[-111.81642743310982,40.35956604063081],[-111.81553247768244,40.35956848531189],[-111.81367804653397,40.3595734749966],[-111.81367955769306,40.35990310339602],[-111.81356117554121,40.359903420925995],[-111.81357224850788,40.36231957559885]]]},"properties":{"zone_code":"R1-12000","zone_description":"Residential","zone_class_normalized":"Residential-Low","jurisdiction":"american_fork_ut","source_rest_url":"https://maps.afcity.org/arcgis/rest/services/Planning/Zoning2/MapServer/0","extraction_method":"arcgis_rest","confidence":"rest_api"}},{"type":"Feature","geometry":{"type":"Polygon","coordinates":[[[-111.79213569554958,40.355201742389355],[-111.79527087922384,40.355207222810705],[-111.79526170163001,40.35265332601615],[-111.79528184656037,40.352653212094616],[-111.7952711900114,40.35183763082728],[-111.7951520721459,40.351838541335326],[-111.79512518790438,40.35182906438519],[-111.79505909990537,40.35177509645636],[-111.79349326003168,40.351452198489696],[-111.79156697953596,40.351453878819875],[-111.79158237992507,40.35384429873405],[-111.79213438069901,40.353842883822175],[-111.79213739958851,40.355126045233575],[-111.79213537244503,40.355126061106276],[-111.79213569554958,40.355201742389355]]]},"properties":{"zone_code":"PI-1","zone_description":"Planned Industrial","zone_class_normalized":"Industrial/Flex","jurisdiction":"american_fork_ut","source_rest_url":"https://maps.afcity.org/arcgis/rest/services/Planning/Zoning2/MapServer/0","extraction_method":"arcgis_rest","confidence":"rest_api"}},{"type":"Feature","geometry":{"type":"Polygon","coordinates":[[[-111.79290416840182,40.34400880041221],[-111.79530466032594,40.34408046522804],[-111.79530859568887,40.34302053077635],[-111.79467162915637,40.34284630964746],[-111.79284779581893,40.341971831240855],[-111.78996478567326,40.34102864387059],[-111.78996400474546,40.34111796374521],[-111.79074995361495,40.341375720925285],[-111.79076214163885,40.34398612678161],[-111.79290416840182,40.34400880041221]]]},"properties":{"zone_code":"M-1","zone_description":"Marina","zone_class_normalized":"Industrial/Flex","jurisdiction":"american_fork_ut","source_rest_url":"https://maps.afcity.org/arcgis/rest/services/Planning/Zoning2/MapServer/0","extraction_method":"arcgis_rest","confidence":"rest_api"}},{"type":"Feature","geometry":{"type":"Polygon","coordinates":[[[-111.81765320624375,40.36415272327656],[-111.817093291574,40.36415417543348],[-111.81709873806943,40.36430148524339],[-111.81671987481117,40.364320762232246],[-111.8167152618507,40.36619836741688],[-111.8167011987627,40.366198661281715],[-111.81670103859366,40.36621518630913],[-111.81556155762328,40.366214890428466],[-111.81556816780979,40.3655333330255],[-111.8136768613801,40.365539263835885],[-111.81357346162221,40.36553958709194],[-111.81357329560771,40.36553958753714],[-111.81352734214252,40.36796994384483],[-111.8136518761456,40.367971117525556],[-111.81367740645996,40.36660886047808],[-111.81556349884949,40.36662274035731],[-111.81554909050186,40.36734494464828],[-111.81557979121972,40.36734489962626],[-111.81762902484225,40.3673464933184],[-111.81763118989439,40.36725335605455],[-111.81765320624375,40.36415272327656]]]},"properties":{"zone_code":"RA-5","zone_description":"Residential Agricultural","zone_class_normalized":"Agriculture/Rural","jurisdiction":"american_fork_ut","source_rest_url":"https://maps.afcity.org/arcgis/rest/services/Planning/Zoning2/MapServer/0","extraction_method":"arcgis_rest","confidence":"rest_api"}},{"type":"Feature","geometry":{"type":"Polygon","coordinates":[[[-111.80052144693484,40.353555126946596],[-111.80052255124374,40.35319273902177],[-111.79955141457421,40.35284606912861],[-111.7995532212802,40.352574122753865],[-111.79851670522521,40.35220531226471],[-111.79805802267875,40.352042035709],[-111.79772989648525,40.35192748507595],[-111.79740019939759,40.35181753746672],[-111.7970689959844,40.35171221441374],[-111.79688865003234,40.35165084285003],[-111.79686738149843,40.35264444960475],[-111.79689313054017,40.35264448418828],[-111.79689274354567,40.352708588009875],[-111.79813561006947,40.352705373867096],[-111.80052144693484,40.353555126946596]]]},"properties":{"zone_code":"PF","zone_description":"Public Facilities","zone_class_normalized":"Open Space/Public","jurisdiction":"american_fork_ut","source_rest_url":"https://maps.afcity.org/arcgis/rest/services/Planning/Zoning2/MapServer/0","extraction_method":"arcgis_rest","confidence":"rest_api"}},{"type":"Feature","geometry":{"type":"Polygon","coordinates":[[[-111.82501010192175,40.372812180547974],[-111.82501032220482,40.37280277927175],[-111.82633560581851,40.372810023054285],[-111.8285198329904,40.372815909320536],[-111.82851970904683,40.3727545450645],[-111.82851925408843,40.37274121537384],[-111.82851757107335,40.37261634201079],[-111.8285492193525,40.37261646294693],[-111.82857640949237,40.37088475419752],[-111.82850870328441,40.37088494441192],[-111.82848883110205,40.36636355303158],[-111.82619760574309,40.36637427192419],[-111.82618436831484,40.36359777684889],[-111.82499258087462,40.36360109532226],[-111.8239033389138,40.364386498691815],[-111.8239063500097,40.364206292137766],[-111.82324254913213,40.36420345928428],[-111.82258466124968,40.36419963187759],[-111.82210668421469,40.36419291956969],[-111.82166105492855,40.36418665940425],[-111.82022170941009,40.36417170680321],[-111.81955631703144,40.36416478837441],[-111.81878859674018,40.364169676738165],[-111.81878803828924,40.36414913057729],[-111.81765320624375,40.36415272327656],[-111.81765339227306,40.364178336450195],[-111.81763118989439,40.36725335605455],[-111.81756149500754,40.369533510776144],[-111.81755925773103,40.36953350154099],[-111.81755359185188,40.369830853002256],[-111.81754107052575,40.37048793238365],[-111.81752323977094,40.371423625461155],[-111.81749938405366,40.3726754113707],[-111.81896873501069,40.37268456293427],[-111.81896950130093,40.37276657842275],[-111.82082862921072,40.372779636802264],[-111.82082883598251,40.37282372604432],[-111.82501010192175,40.372812180547974]]]},"properties":{"zone_code":"TOD","zone_description":"Transit Oriented Development","zone_class_normalized":"Mixed-Use","jurisdiction":"american_fork_ut","source_rest_url":"https://maps.afcity.org/arcgis/rest/services/Planning/Zoning2/MapServer/0","extraction_method":"arcgis_rest","confidence":"rest_api"}},{"type":"Feature","geometry":{"type":"Polygon","coordinates":[[[-111.7824178287288,40.36889208833079],[-111.78241911705634,40.36948084952654],[-111.78242113854877,40.3699705290739],[-111.7824219825672,40.37017497917708],[-111.7824309545161,40.37026410614235],[-111.78253013254546,40.3702633802395],[-111.78253084993776,40.37043680431986],[-111.78258681668791,40.370479259343284],[-111.78298261845742,40.37047830224067],[-111.78298038525433,40.369938131002456],[-111.78300427333731,40.36993675739098],[-111.78534123722126,40.36995285907361],[-111.78532907929979,40.37074697321594],[-111.78531414606357,40.37227469696117],[-111.78532790830151,40.372646323223435],[-111.78647945866729,40.37264883334995],[-111.78644433606387,40.368184669696376],[-111.78537133378396,40.368180062936496],[-111.78538615303842,40.3675663311961],[-111.78395995396822,40.367556231686116],[-111.78395983498307,40.3675848689719],[-111.78326577310989,40.367583249724284],[-111.78327364656403,40.368891032447976],[-111.7824178287288,40.36889208833079]]]},"properties":{"zone_code":"GC-2","zone_description":"Planned Commercial","zone_class_normalized":"Commercial","jurisdiction":"american_fork_ut","source_rest_url":"https://maps.afcity.org/arcgis/rest/services/Planning/Zoning2/MapServer/0","extraction_method":"arcgis_rest","confidence":"rest_api"}},{"type":"Feature","geometry":{"type":"Polygon","coordinates":[[[-111.8058619052321,40.3693885496768],[-111.80586414020135,40.36938830786879],[-111.8058728460923,40.369388468824326],[-111.80626136190583,40.369418979963946],[-111.80632704663971,40.36942154130212],[-111.8066153504881,40.36942162871618],[-111.80661659236914,40.36969215087601],[-111.80773378256546,40.36973236319451],[-111.80773381834331,40.36973089328918],[-111.80773391379141,40.36972698254772],[-111.80907935997638,40.36977520006267],[-111.80993818317027,40.36980730367638],[-111.80993797972035,40.368994889344144],[-111.8099386831788,40.36752444591694],[-111.80907617819432,40.36752668283513],[-111.80906280320983,40.36864374473436],[-111.80905594911042,40.369007347611344],[-111.80648254736677,40.36898110548437],[-111.80648196241862,40.36918670319505],[-111.8057182607995,40.36916846981132],[-111.80571781677845,40.369286754758],[-111.8057154822158,40.36938934323984],[-111.8058619052321,40.3693885496768]]]},"properties":{"zone_code":"R1-9000","zone_description":"Residential","zone_class_normalized":"Residential-Low","jurisdiction":"american_fork_ut","source_rest_url":"https://maps.afcity.org/arcgis/rest/services/Planning/Zoning2/MapServer/0","extraction_method":"arcgis_rest","confidence":"rest_api"}},{"type":"Feature","geometry":{"type":"Polygon","coordinates":[[[-111.80570081005642,40.36980106290455],[-111.8056976693622,40.36990323558801],[-111.80772892210081,40.36993136247353],[-111.80773378256546,40.36973236319451],[-111.80661659236914,40.36969215087601],[-111.80661706488063,40.36979731498214],[-111.80570081005642,40.36980106290455]]]},"properties":{"zone_code":"RA-1","zone_description":"Residential Agricultural","zone_class_normalized":"Agriculture/Rural","jurisdiction":"american_fork_ut","source_rest_url":"https://maps.afcity.org/arcgis/rest/services/Planning/Zoning2/MapServer/0","extraction_method":"arcgis_rest","confidence":"rest_api"}},{"type":"Feature","geometry":{"type":"Polygon","coordinates":[[[-111.82502336750723,40.376890558333166],[-111.82502648228152,40.3775111474865],[-111.82492104339107,40.37751092620784],[-111.82490526970348,40.37787825366909],[-111.82640481409501,40.377885409872384],[-111.82640275795545,40.37745327214928],[-111.82643778250456,40.37745317439625],[-111.82645987444798,40.37691369658939],[-111.82502336750723,40.376890558333166]]]},"properties":{"zone_code":"GC-2","zone_description":"Planned Commercial","zone_class_normalized":"Commercial","jurisdiction":"american_fork_ut","source_rest_url":"https://maps.afcity.org/arcgis/rest/services/Planning/Zoning2/MapServer/0","extraction_method":"arcgis_rest","confidence":"rest_api"}},{"type":"Feature","geometry":{"type":"Polygon","coordinates":[[[-111.77694763285935,40.37048670339464],[-111.7787591441688,40.37071372043158],[-111.77876545609391,40.370583221095856],[-111.77878325332524,40.36991554388567],[-111.77800663781305,40.36990476693899],[-111.77779372982185,40.369901811813804],[-111.7776657988532,40.369897875130384],[-111.7775380742222,40.36988961384392],[-111.7769416763161,40.36983933044376],[-111.77694763285935,40.37048670339464]]]},"properties":{"zone_code":"SC-1","zone_description":"Planned Shopping Center","zone_class_normalized":"Commercial","jurisdiction":"american_fork_ut","source_rest_url":"https://maps.afcity.org/arcgis/rest/services/Planning/Zoning2/MapServer/0","extraction_method":"arcgis_rest","confidence":"rest_api"}},{"type":"Feature","geometry":{"type":"Polygon","coordinates":[[[-111.7769512846966,40.3719428663766],[-111.77744422441145,40.37205709052747],[-111.7775039490732,40.371898930904095],[-111.7777053289862,40.371399096201486],[-111.7769487642854,40.37122081265548],[-111.7769512846966,40.3719428663766]]]},"properties":{"zone_code":"SC-1","zone_description":"Planned Shopping Center","zone_class_normalized":"Commercial","jurisdiction":"american_fork_ut","source_rest_url":"https://maps.afcity.org/arcgis/rest/services/Planning/Zoning2/MapServer/0","extraction_method":"arcgis_rest","confidence":"rest_api"}},{"type":"Feature","geometry":{"type":"Polygon","coordinates":[[[-111.77795409229046,40.37217523508561],[-111.77821870770525,40.372236549453305],[-111.77868031604808,40.37234350829485],[-111.780705832689,40.37281051750218],[-111.78265329936359,40.37328293448989],[-111.7827359640008,40.37308043881678],[-111.7827529185536,40.37297848842283],[-111.78275827778587,40.37289620493069],[-111.78276014091617,40.37263388287034],[-111.78276428134099,40.372584926978845],[-111.78279893026453,40.37249200299895],[-111.78287992868091,40.372311483572986],[-111.78290814102097,40.372206061033346],[-111.7829187439517,40.372096251845754],[-111.78293033925038,40.37151061756161],[-111.78281021251286,40.370904369609825],[-111.78253120709836,40.37052300165642],[-111.78253084993776,40.37043680431986],[-111.78253013254546,40.3702633802395],[-111.78230988734667,40.370263843690225],[-111.78231074302394,40.37029143297552],[-111.78232932510602,40.37036359791088],[-111.78233578851594,40.37038444783713],[-111.78234815325847,40.370424334298896],[-111.78237167162916,40.37048197563993],[-111.7824001461058,40.370540457892886],[-111.78242025269266,40.37057398799706],[-111.78244617501417,40.370617215420445],[-111.78248603234995,40.37067535313956],[-111.78250698794832,40.37069974530301],[-111.78253196524633,40.370728817266674],[-111.78253753915729,40.37134142332266],[-111.78157354591403,40.37110615354025],[-111.7810533683557,40.371338010850984],[-111.78066289482624,40.37124344526639],[-111.7800768601456,40.37107090485227],[-111.7787571165606,40.37075563824078],[-111.77871315509302,40.37166455413417],[-111.77799004370996,40.37148993515892],[-111.77795409229046,40.37217523508561]]]},"properties":{"zone_code":"SC-1","zone_description":"Planned Shopping Center","zone_class_normalized":"Commercial","jurisdiction":"american_fork_ut","source_rest_url":"https://maps.afcity.org/arcgis/rest/services/Planning/Zoning2/MapServer/0","extraction_method":"arcgis_rest","confidence":"rest_api"}},{"type":"Feature","geometry":{"type":"Polygon","coordinates":[[[-111.77530202872082,40.37322767209374],[-111.77399295453456,40.372828660315264],[-111.77398562089869,40.3736242883368],[-111.77530241065794,40.37362103656221],[-111.77530202872082,40.37322767209374]]]},"properties":{"zone_code":"PO-1","zone_description":"Professional Office","zone_class_normalized":"Commercial","jurisdiction":"american_fork_ut","source_rest_url":"https://maps.afcity.org/arcgis/rest/services/Planning/Zoning2/MapServer/0","extraction_method":"arcgis_rest","confidence":"rest_api"}},{"type":"Feature","geometry":{"type":"Polygon","coordinates":[[[-111.7670343176509,40.3918923129276],[-111.76668279824541,40.39189519703312],[-111.76668585455046,40.39203256213333],[-111.76668337726632,40.39203250834052],[-111.76670569464734,40.39310235844166],[-111.7667094407085,40.39334256448942],[-111.76710777047401,40.393339751770625],[-111.76710567781886,40.39258259652904],[-111.76703630612828,40.392583176391305],[-111.7670343176509,40.3918923129276]]]},"properties":{"zone_code":"RA-1","zone_description":"Residential Agricultural","zone_class_normalized":"Agriculture/Rural","jurisdiction":"american_fork_ut","source_rest_url":"https://maps.afcity.org/arcgis/rest/services/Planning/Zoning2/MapServer/0","extraction_method":"arcgis_rest","confidence":"rest_api"}},{"type":"Feature","geometry":{"type":"Polygon","coordinates":[[[-111.79687566143744,40.355248976366376],[-111.79687742728494,40.355248971882496],[-111.79689274354567,40.352708588009875],[-111.79689313054017,40.35264448418828],[-111.79686738149843,40.35264444960475],[-111.79682868827408,40.35264448570658],[-111.7952617016339,40.35265332691679],[-111.79527088887784,40.355210005713104],[-111.79527073219677,40.355251994979206],[-111.79529548444684,40.355251880229076],[-111.79687566844667,40.355247878488434],[-111.79687566143744,40.355248976366376]]]},"properties":{"zone_code":"RA-5","zone_description":"Residential Agricultural","zone_class_normalized":"Agriculture/Rural","jurisdiction":"american_fork_ut","source_rest_url":"https://maps.afcity.org/arcgis/rest/services/Planning/Zoning2/MapServer/0","extraction_method":"arcgis_rest","confidence":"rest_api"}},{"type":"Feature","geometry":{"type":"Polygon","coordinates":[[[-111.81243853536206,40.38069686532492],[-111.8113088802158,40.38069631648772],[-111.81130733086505,40.38126958269516],[-111.81128171752766,40.38126965086514],[-111.81128272538038,40.3814911142021],[-111.81168312441739,40.38149364225662],[-111.8126957257384,40.38150003029651],[-111.81243853536206,40.38069686532492]]]},"properties":{"zone_code":"GC-1","zone_description":"General Commercial","zone_class_normalized":"Commercial","jurisdiction":"american_fork_ut","source_rest_url":"https://maps.afcity.org/arcgis/rest/services/Planning/Zoning2/MapServer/0","extraction_method":"arcgis_rest","confidence":"rest_api"}},{"type":"Feature","geometry":{"type":"Polygon","coordinates":[[[-111.77530202872082,40.37322767209374],[-111.77528378086366,40.37180304594582],[-111.77300696772326,40.371281547920184],[-111.77302739242981,40.37256455907407],[-111.77530202872082,40.37322767209374]]]},"properties":{"zone_code":"R4-7500","zone_description":"Residential","zone_class_normalized":"Residential-High","jurisdiction":"american_fork_ut","source_rest_url":"https://maps.afcity.org/arcgis/rest/services/Planning/Zoning2/MapServer/0","extraction_method":"arcgis_rest","confidence":"rest_api"}},{"type":"Feature","geometry":{"type":"Polygon","coordinates":[[[-111.80051429277444,40.35527682131601],[-111.8005204535486,40.35355490074152],[-111.79813561006947,40.352705373867096],[-111.79689274354567,40.352708588009875],[-111.79687742728494,40.355248971882496],[-111.79827010740838,40.355250250999276],[-111.79827025135774,40.35528165447719],[-111.80051429277444,40.35527682131601]]]},"properties":{"zone_code":"PI-1","zone_description":"Planned Industrial","zone_class_normalized":"Industrial/Flex","jurisdiction":"american_fork_ut","source_rest_url":"https://maps.afcity.org/arcgis/rest/services/Planning/Zoning2/MapServer/0","extraction_method":"arcgis_rest","confidence":"rest_api"}},{"type":"Feature","geometry":{"type":"Polygon","coordinates":[[[-111.80287783813858,40.395996260917066],[-111.80219769371938,40.39599799999998],[-111.80219944759384,40.39635383870051],[-111.80286705666295,40.39635219331131],[-111.80287783813858,40.395996260917066]]]},"properties":{"zone_code":"R1-12000","zone_description":"Residential","zone_class_normalized":"Residential-Low","jurisdiction":"american_fork_ut","source_rest_url":"https://maps.afcity.org/arcgis/rest/services/Planning/Zoning2/MapServer/0","extraction_method":"arcgis_rest","confidence":"rest_api"}},{"type":"Feature","geometry":{"type":"Polygon","coordinates":[[[-111.82421166709149,40.37959436955645],[-111.82483130262054,40.379592650277345],[-111.82488516376536,40.37855536683316],[-111.82487619139108,40.37855539175643],[-111.82487788327413,40.37851241229023],[-111.8247839227607,40.37851174201316],[-111.82478533495849,40.37850731966199],[-111.82251041037527,40.37849841429662],[-111.82421166709149,40.37959436955645]]]},"properties":{"zone_code":"GC-2","zone_description":"Planned Commercial","zone_class_normalized":"Commercial","jurisdiction":"american_fork_ut","source_rest_url":"https://maps.afcity.org/arcgis/rest/services/Planning/Zoning2/MapServer/0","extraction_method":"arcgis_rest","confidence":"rest_api"}},{"type":"Feature","geometry":{"type":"Polygon","coordinates":[[[-111.7885275036033,40.3967707675881],[-111.78845382415815,40.39687370625066],[-111.78839547069106,40.39730980866523],[-111.78790392574611,40.39730114415892],[-111.78674873499058,40.39727506719451],[-111.78676363145442,40.39907032859808],[-111.78756097515574,40.39906837240244],[-111.78761173403073,40.40148688857817],[-111.7892655404833,40.40148281318297],[-111.78952626889823,40.40115780212715],[-111.78973129970547,40.39988380567397],[-111.79053571295093,40.39980565615892],[-111.79047968320086,40.398426014846905],[-111.79060532034838,40.396571866370984],[-111.79052459510049,40.396579643706666],[-111.79048247685789,40.39658370197482],[-111.79048247321317,40.39658367586616],[-111.78976683958118,40.396652181343136],[-111.78970604395309,40.39665800035429],[-111.78968245903077,40.3966602571473],[-111.78910383903839,40.39671562333983],[-111.78908212156374,40.3967177015789],[-111.7885275036033,40.3967707675881]]]},"properties":{"zone_code":"PR-3.0","zone_description":"Planned Residential","zone_class_normalized":"Residential-High","jurisdiction":"american_fork_ut","source_rest_url":"https://maps.afcity.org/arcgis/rest/services/Planning/Zoning2/MapServer/0","extraction_method":"arcgis_rest","confidence":"rest_api"}},{"type":"Feature","geometry":{"type":"Polygon","coordinates":[[[-111.79087417501107,40.39645730787276],[-111.79083954902308,40.396549530949294],[-111.79204473265379,40.39643419000367],[-111.79204224909614,40.395815122525306],[-111.79118356913105,40.39591919770102],[-111.79119813192459,40.39593963684435],[-111.79122558168154,40.39600964325512],[-111.79121454627573,40.396119640728124],[-111.7910527826006,40.3962838554088],[-111.79091505532429,40.39642366837607],[-111.79087417501107,40.39645730787276]]]},"properties":{"zone_code":"RA-1","zone_description":"Residential Agricultural","zone_class_normalized":"Agriculture/Rural","jurisdiction":"american_fork_ut","source_rest_url":"https://maps.afcity.org/arcgis/rest/services/Planning/Zoning2/MapServer/0","extraction_method":"arcgis_rest","confidence":"rest_api"}},{"type":"Feature","geometry":{"type":"Polygon","coordinates":[[[-111.81898308094982,40.35479954387392],[-111.82286543374016,40.35464577785935],[-111.82301555513614,40.35464457643579],[-111.82316557528038,40.35465021853416],[-111.82331518236221,40.35466269242762],[-111.82346406542949,40.35468197218968],[-111.82361191503495,40.35470801774816],[-111.82375842387928,40.35474077496844],[-111.82390328744994,40.354780175766],[-111.82404620465397,40.35482613824791],[-111.82418687844388,40.35487856688305],[-111.82432501643503,40.354937352700674],[-111.8244603315133,40.355002373516896],[-111.82557043170324,40.35558905704125],[-111.82566990178984,40.35564153314839],[-111.82576584126168,40.35570021583484],[-111.82585786336692,40.35576486853853],[-111.82594559714539,40.35583523063104],[-111.82602868892408,40.35591101846821],[-111.82610680374282,40.35599192653358],[-111.82617962670459,40.356077628669986],[-111.826246864245,40.35616777939438],[-111.82630824531556,40.35626201529053],[-111.82636352247648,40.35635995647404],[-111.82641247289412,40.35646120812371],[-111.82645489923917,40.3565653620732],[-111.82649063048227,40.356671998456356],[-111.82651952258338,40.35678068739987],[-111.82654145907246,40.35689099075609],[-111.82659053638268,40.357384114669046],[-111.82662990423661,40.357515085463845],[-111.82667552836071,40.3576440103114],[-111.82672730306444,40.357770590551034],[-111.82678510840924,40.3578945329535],[-111.82684881048618,40.358015550400204],[-111.82691826172635,40.35813336254837],[-111.82699330124254,40.35824769648044],[-111.82707375520212,40.358358287336316],[-111.82715943722955,40.358464878926924],[-111.8272501488383,40.35856722432767],[-111.8273456798905,40.35866508645048],[-111.82744580908386,40.35875823859299],[-111.82755030446421,40.35884646496375],[-111.82765892396297,40.3589295611821],[-111.8277714159578,40.35900733475162],[-111.82788751985552,40.359079605506054],[-111.82800696669584,40.35914620602671],[-111.82812947977436,40.359206982030244],[-111.8282547752836,40.359261792726095],[-111.82838256297042,40.359310511142645],[-111.82851254680847,40.3593530244213],[-111.82864442568386,40.359389234078],[-111.82877789409281,40.35941905623132],[-111.82889320804547,40.354240107434634],[-111.82722108097633,40.353751018171174],[-111.82565834941676,40.353277076655566],[-111.8240578276997,40.35291571879181],[-111.81982165141173,40.35157509143736],[-111.81908212538897,40.35157711216291],[-111.81898308094982,40.35479954387392]]]},"properties":{"zone_code":"SP","zone_description":"Shoreline Protection","zone_class_normalized":"Industrial/Flex","jurisdiction":"american_fork_ut","source_rest_url":"https://maps.afcity.org/arcgis/rest/services/Planning/Zoning2/MapServer/0","extraction_method":"arcgis_rest","confidence":"rest_api"}},{"type":"Feature","geometry":{"type":"Polygon","coordinates":[[[-111.81890524482816,40.358995340347086],[-111.81889286210505,40.35955921373956],[-111.81887269487338,40.359559268740966],[-111.81886463200215,40.360318050245695],[-111.82393645705704,40.3621273044227],[-111.82396151667791,40.36079736295741],[-111.81890524482816,40.358995340347086]]]},"properties":{"zone_code":"PF","zone_description":"Public Facilities","zone_class_normalized":"Open Space/Public","jurisdiction":"american_fork_ut","source_rest_url":"https://maps.afcity.org/arcgis/rest/services/Planning/Zoning2/MapServer/0","extraction_method":"arcgis_rest","confidence":"rest_api"}},{"type":"Feature","geometry":{"type":"Polygon","coordinates":[[[-111.81886463200215,40.360318050245695],[-111.81885379377991,40.36133802597197],[-111.8203693368665,40.361329460387374],[-111.82147768088956,40.36171872325491],[-111.82147168821565,40.362232935692404],[-111.81887233287901,40.36222384830894],[-111.81887374083598,40.362501951204514],[-111.81878161938363,40.36250235819747],[-111.81878316267687,40.36289373373667],[-111.81938280681219,40.36289147507194],[-111.81955153329312,40.362635876850476],[-111.81955267437003,40.362654404882704],[-111.81955688165323,40.36267248494915],[-111.81956403790322,40.362689613233385],[-111.819573943705,40.3627053124412],[-111.81958632302495,40.36271914510081],[-111.81960083090283,40.362730725753394],[-111.81961706306426,40.36273973169422],[-111.81963456718626,40.36274591196508],[-111.81965285550157,40.362749094347464],[-111.81967141839074,40.362749190161594],[-111.81968973858307,40.36274619673752],[-111.81970730557082,40.36274019748955],[-111.81972362983493,40.362731359591834],[-111.81975634873743,40.3627197746573],[-111.81979053340395,40.36271376251418],[-111.8198252416509,40.36271348886668],[-111.81985951686401,40.36271896125696],[-111.81989241436412,40.36273002885726],[-111.8199781342872,40.36276879935969],[-111.82002577464276,40.362790146133534],[-111.82007025474465,40.36281747393562],[-111.82011082773421,40.36285032390898],[-111.82014681235651,40.36288814447467],[-111.8201776043992,40.3629303005933],[-111.82020268683777,40.36297608442786],[-111.82022163851678,40.36302472722891],[-111.82023414122145,40.363075412242544],[-111.82023998502075,40.36312728842437],[-111.82022170941009,40.36417170680321],[-111.82210668421469,40.36419291956969],[-111.82324254913213,40.36420345928428],[-111.8239063500097,40.364206292137766],[-111.82394512693185,40.36223343677167],[-111.82393521458691,40.36223341559931],[-111.82393645705704,40.3621273044227],[-111.81886463200215,40.360318050245695]]]},"properties":{"zone_code":"PR-3.0","zone_description":"Planned Residential","zone_class_normalized":"Residential-High","jurisdiction":"american_fork_ut","source_rest_url":"https://maps.afcity.org/arcgis/rest/services/Planning/Zoning2/MapServer/0","extraction_method":"arcgis_rest","confidence":"rest_api"}},{"type":"Feature","geometry":{"type":"Polygon","coordinates":[[[-111.81890524482816,40.358995340347086],[-111.82396151667791,40.36079736295741],[-111.82397491049105,40.36008656050077],[-111.82876552675417,40.36009344265064],[-111.82877789409281,40.35941905623132],[-111.82864442568386,40.359389234078],[-111.82851254680847,40.3593530244213],[-111.82838256297042,40.359310511142645],[-111.8282547752836,40.35926179272611],[-111.82812947977436,40.35920698203025],[-111.82800696669584,40.359146206026715],[-111.82788751985551,40.35907960550607],[-111.82777141595778,40.35900733475163],[-111.82765892396296,40.358929561182116],[-111.8275503044642,40.35884646496376],[-111.82744580908384,40.358758238593005],[-111.82734567989048,40.35866508645049],[-111.82725014883829,40.358567224327686],[-111.82715943722954,40.35846487892694],[-111.82707375520211,40.35835828733633],[-111.82699330124252,40.358247696480454],[-111.82691826172632,40.35813336254838],[-111.82684881048617,40.35801555040022],[-111.82678510840923,40.35789453295351],[-111.82672730306443,40.35777059055104],[-111.8266755283607,40.357644010311404],[-111.82662990423661,40.35751508546385],[-111.82659053638268,40.357384114669046],[-111.82654145907246,40.35689099075609],[-111.82651952258337,40.35678068739987],[-111.82649063048225,40.35667199845636],[-111.82645489923915,40.356565362073205],[-111.82641247289409,40.356461208123726],[-111.82636352247647,40.35635995647406],[-111.82630824531553,40.356262015290554],[-111.82624686424496,40.356167779394404],[-111.82617962670457,40.35607762867001],[-111.82610680374279,40.3559919265336],[-111.82602868892405,40.35591101846823],[-111.82594559714538,40.35583523063106],[-111.8258578633669,40.35576486853854],[-111.82576584126167,40.355700215834844],[-111.82566990178982,40.35564153314839],[-111.82557043170324,40.35558905704125],[-111.8244603315133,40.355002373516896],[-111.82432501643503,40.35493735270067],[-111.82418687844388,40.35487856688304],[-111.82404620465397,40.354826138247894],[-111.82390328744995,40.35478017576598],[-111.8237584238793,40.35474077496842],[-111.82361191503496,40.35470801774814],[-111.82346406542949,40.35468197218966],[-111.82331518236221,40.3546626924276],[-111.82316557528038,40.354650218534154],[-111.82301555513615,40.35464457643578],[-111.82286543374016,40.35464577785935],[-111.81898308094982,40.35479954387392],[-111.8188916649284,40.35777354123641],[-111.81893206919601,40.35777373093788],[-111.81890524482816,40.358995340347086]]]},"properties":{"zone_code":"PR-3.0","zone_description":"Planned Residential","zone_class_normalized":"Residential-High","jurisdiction":"american_fork_ut","source_rest_url":"https://maps.afcity.org/arcgis/rest/services/Planning/Zoning2/MapServer/0","extraction_method":"arcgis_rest","confidence":"rest_api"}},{"type":"Feature","geometry":{"type":"Polygon","coordinates":[[[-111.80679565644517,40.365835322995395],[-111.80679837274468,40.365250841771335],[-111.80680770264313,40.36307423099273],[-111.80490952103561,40.363037619846104],[-111.8049025867082,40.36313018759498],[-111.80488623571117,40.3641948123739],[-111.80554412951227,40.36419660846861],[-111.80554271770544,40.3644971422289],[-111.80488148664885,40.364495355720905],[-111.80486979658718,40.36521414387632],[-111.80545710373349,40.36522338260128],[-111.80544631528574,40.36579493483004],[-111.80600591017068,40.36614281352284],[-111.8061492966391,40.36614253187467],[-111.80614119112528,40.36583702113552],[-111.80679565644517,40.365835322995395]]]},"properties":{"zone_code":"RA-5","zone_description":"Residential Agricultural","zone_class_normalized":"Agriculture/Rural","jurisdiction":"american_fork_ut","source_rest_url":"https://maps.afcity.org/arcgis/rest/services/Planning/Zoning2/MapServer/0","extraction_method":"arcgis_rest","confidence":"rest_api"}},{"type":"Feature","geometry":{"type":"Polygon","coordinates":[[[-111.80506460022835,40.35707529667831],[-111.80506122340354,40.356230732348855],[-111.80508982120149,40.35545862689626],[-111.80505472221982,40.35545878062343],[-111.80506594415259,40.35501260929952],[-111.80506570443748,40.35412044992588],[-111.80506562475631,40.354117892361096],[-111.80227850306403,40.35412287372521],[-111.80223440083724,40.354163425763495],[-111.80176002328699,40.354598795109204],[-111.80152332660076,40.3548179286668],[-111.80152533843975,40.35527315638677],[-111.80145717906862,40.35527333214851],[-111.80142357611822,40.357083496313926],[-111.80506460022835,40.35707529667831]]]},"properties":{"zone_code":"R1-12000","zone_description":"Residential","zone_class_normalized":"Residential-Low","jurisdiction":"american_fork_ut","source_rest_url":"https://maps.afcity.org/arcgis/rest/services/Planning/Zoning2/MapServer/0","extraction_method":"arcgis_rest","confidence":"rest_api"}},{"type":"Feature","geometry":{"type":"Polygon","coordinates":[[[-111.80131028936904,40.364322325872976],[-111.80131015867106,40.36432232440856],[-111.80130995110395,40.36433400960031],[-111.80131023249966,40.36433400887522],[-111.80488389586012,40.36434718465958],[-111.8049025867082,40.36313018759498],[-111.80490952103561,40.363037619846104],[-111.80680770264313,40.36307423099273],[-111.80679837274468,40.365250841771335],[-111.80679306075734,40.36636610158487],[-111.8071830212257,40.366367023174796],[-111.80718409742434,40.36675514006485],[-111.807036378475,40.366747426036966],[-111.80679326121725,40.36671853908814],[-111.8067181747562,40.366708870663324],[-111.8062641307774,40.36665234805475],[-111.80612950973773,40.366642830831815],[-111.80599459755517,40.36663935162951],[-111.80578047570474,40.366643153972845],[-111.80577846456089,40.36674956843796],[-111.80576139668806,40.36704129248822],[-111.80575857455871,40.36712459373831],[-111.80572186300435,40.368208104241056],[-111.80571914242482,40.36893336342774],[-111.80571900620457,40.36896954438153],[-111.80648254736677,40.36898110548437],[-111.80905594911042,40.369007347611344],[-111.80906280320983,40.36864374473436],[-111.80907617819432,40.36752668283513],[-111.8099386831788,40.36752444591694],[-111.80993886143074,40.367153139469515],[-111.80993887379557,40.36710908558706],[-111.80994905259196,40.367109029788125],[-111.8099525764051,40.366839193644026],[-111.81075008826382,40.366802973239125],[-111.8107371423943,40.363952144955995],[-111.81109232756256,40.36395120053851],[-111.81108594620555,40.362547465353444],[-111.81107919703318,40.36106277174779],[-111.81001847454269,40.3611058323579],[-111.81004410272115,40.35844859518111],[-111.81006076468496,40.35845007305009],[-111.81006196954807,40.357356922187925],[-111.81006201141552,40.35732433301894],[-111.80971292810759,40.3572011568328],[-111.80960294744152,40.35715942502287],[-111.80949618230066,40.357113062597904],[-111.80939298297827,40.35706220823634],[-111.80890953653152,40.356809982637024],[-111.80881194450639,40.35676152841706],[-111.80871149257514,40.35671662652085],[-111.80860841541597,40.356675368185286],[-111.80850289363667,40.356637863703675],[-111.80738934872305,40.356265406792076],[-111.80506139523312,40.35627033051722],[-111.80506460022835,40.35707529667831],[-111.80142357611822,40.357083496313926],[-111.80140475505516,40.358105805113254],[-111.80142961712106,40.3581057986601],[-111.80136272574131,40.36062757089236],[-111.80133505266119,40.36062762420076],[-111.80133473171503,40.36305507534992],[-111.80134282846745,40.36305505628519],[-111.80131028936904,40.364322325872976]]]},"properties":{"zone_code":"PR-3.0","zone_description":"Planned Residential","zone_class_normalized":"Residential-High","jurisdiction":"american_fork_ut","source_rest_url":"https://maps.afcity.org/arcgis/rest/services/Planning/Zoning2/MapServer/0","extraction_method":"arcgis_rest","confidence":"rest_api"}},{"type":"Feature","geometry":{"type":"Polygon","coordinates":[[[-111.83350005626468,40.370892664728906],[-111.83445385449252,40.370890262317694],[-111.83468239183975,40.37056348938565],[-111.83349844319557,40.37056587928179],[-111.83350005626468,40.370892664728906]]]},"properties":{"zone_code":"RA-5","zone_description":"Residential Agricultural","zone_class_normalized":"Agriculture/Rural","jurisdiction":"american_fork_ut","source_rest_url":"https://maps.afcity.org/arcgis/rest/services/Planning/Zoning2/MapServer/0","extraction_method":"arcgis_rest","confidence":"rest_api"}},{"type":"Feature","geometry":{"type":"Polygon","coordinates":[[[-111.83408836003248,40.372885620820306],[-111.83437800143255,40.37278505030773],[-111.83548245991683,40.371371867692446],[-111.83561662032122,40.37088662576579],[-111.83445385449252,40.370890262317694],[-111.83350005626468,40.370892664728906],[-111.83349142758516,40.3693359003158],[-111.83269798898122,40.36933816034726],[-111.8312011843706,40.36933892829121],[-111.83120844792255,40.370899081120214],[-111.8310923855232,40.370899447601154],[-111.83109242427248,40.370904047858794],[-111.83110130443266,40.37273883832407],[-111.8311017499621,40.37283916157261],[-111.83222180598705,40.37284468237763],[-111.83347435919923,40.372861133702195],[-111.83377475887384,40.37287266745164],[-111.83408836003248,40.372885620820306]]]},"properties":{"zone_code":"TOD","zone_description":"Transit Oriented Development","zone_class_normalized":"Mixed-Use","jurisdiction":"american_fork_ut","source_rest_url":"https://maps.afcity.org/arcgis/rest/services/Planning/Zoning2/MapServer/0","extraction_method":"arcgis_rest","confidence":"rest_api"}},{"type":"Feature","geometry":{"type":"Polygon","coordinates":[[[-111.78030276811978,40.39463197920591],[-111.78031616228486,40.3948452118027],[-111.78034187529333,40.394877986464174],[-111.78034795216823,40.394885733367],[-111.78034734943279,40.39496512727062],[-111.78104042623745,40.39496357149015],[-111.78103971311958,40.39488406006021],[-111.78103805325289,40.39487857302247],[-111.78101652977155,40.39480738189256],[-111.7808899741174,40.394543400611944],[-111.7808826471119,40.39452811772231],[-111.78082395649272,40.39448892353325],[-111.7807299588013,40.39450247818205],[-111.78071961294008,40.39446053543112],[-111.78071934822697,40.39445946523974],[-111.78075323897653,40.39445938391012],[-111.78075323658133,40.39445822663055],[-111.78075175023481,40.39409732107422],[-111.78075174474071,40.394095982779106],[-111.78069744079737,40.39409172351161],[-111.78069565109996,40.394091614328815],[-111.78069386370672,40.39409149253194],[-111.78069207625795,40.394091357226024],[-111.78069029229854,40.394091211104346],[-111.78068850828001,40.39409105057304],[-111.78068672657292,40.39409087922876],[-111.78068494834778,40.39409069526758],[-111.78068317242678,40.3940904986923],[-111.78068139763184,40.394090289505726],[-111.78067962632265,40.39409006860281],[-111.78067785732118,40.39408983598637],[-111.78067609062003,40.394089589855206],[-111.78067432858253,40.394089332004924],[-111.78067256767116,40.39408906154333],[-111.78067081024545,40.39408877936536],[-111.78066905865757,40.394088484564904],[-111.78066730702157,40.39408817805656],[-111.78066556240496,40.39408785982335],[-111.78066382008137,40.39408752627427],[-111.78066208361408,40.394087184605574],[-111.7806603494434,40.39408682852157],[-111.78065861993998,40.394086461619],[-111.78065689274067,40.39408608210235],[-111.78065517138282,40.39408569086371],[-111.78065345704434,40.394085287900225],[-111.78065174618789,40.39408487231989],[-111.78065003881706,40.39408444502314],[-111.78064833846564,40.394084006001606],[-111.78064664395569,40.394083555258064],[-111.78064495175353,40.39408309280103],[-111.78064326774859,40.3940826186164],[-111.7806415907668,40.39408213360751],[-111.78063991844488,40.39408163597888],[-111.78063824842708,40.39408112573614],[-111.7806365889734,40.39408060646193],[-111.78063493417962,40.394080074567924],[-111.78063328522364,40.394079530051386],[-111.78063164328708,40.39407897380998],[-111.78063000955879,40.394078408542796],[-111.78062838166099,40.394077828851756],[-111.78062675961579,40.394077240140625],[-111.78062514577518,40.394076641503055],[-111.7806235365871,40.39407602844447],[-111.78062193914117,40.394075406351625],[-111.78062034517718,40.394074771641826],[-111.78061876295153,40.394074126997104],[-111.78061718538959,40.39407347063332],[-111.78061561485436,40.39407280434586],[-111.7806140548685,40.39407212542452],[-111.78061250309106,40.394071437477386],[-111.78061095833674,40.394070738706006],[-111.78060942060178,40.39407002820991],[-111.7806078922494,40.39406930778445],[-111.7806063744538,40.39406857652639],[-111.78060486368132,40.39406783444411],[-111.78060336111723,40.39406708333597],[-111.78060187028042,40.39406631959117],[-111.78060038764835,40.39406554591994],[-111.78059891322093,40.39406476232228],[-111.78059744817978,40.39406396969598],[-111.78059599251753,40.39406316623984],[-111.78059454859003,40.394062351948165],[-111.78059311169666,40.39406152953412],[-111.78059168535641,40.39406069538682],[-111.78059026957663,40.39405985130745],[-111.78058886318318,40.3940589981994],[-111.78058746852439,40.3940581342559],[-111.7805860820777,40.39405726218712],[-111.78058470853993,40.39405637837948],[-111.78058334321791,40.39405548734714],[-111.7805819908085,40.394054585476574],[-111.7805806466112,40.39405367548077],[-111.78057931414853,40.39405275464943],[-111.78057799460593,40.394051824781016],[-111.78057668444954,40.394050885883956],[-111.780575386039,40.394049938853215],[-111.78057409701843,40.39404898369442],[-111.78057282208462,40.394048016793896],[-111.78057155772242,40.394047042663104],[-111.78057030510604,40.39404606039863],[-111.78056906305008,40.39404506820209],[-111.78056783509948,40.39404406876681],[-111.78056661653143,40.3940430594023],[-111.78056541088708,40.394042041901244],[-111.7805642193443,40.3940410162609],[-111.78056303836568,40.3940399815891],[-111.7805618691403,40.39403894058477],[-111.78056071518695,40.39403788963712],[-111.78055957063103,40.394036832362616],[-111.78055843781718,40.39403576605387],[-111.7805573214681,40.39403469340132],[-111.7805562156832,40.3940336117173],[-111.78055512282201,40.39403252189678],[-111.78055404288816,40.39403142484036],[-111.78055094043299,40.394030029128366],[-111.78054973949328,40.39402900981468],[-111.78054850566109,40.394028012194504],[-111.78054724012541,40.39402703896688],[-111.78054594288253,40.39402608923113],[-111.7805446162956,40.39402516478292],[-111.78054325919422,40.394024267426154],[-111.78054187274877,40.39402339535685],[-111.78054045814461,40.39402255037343],[-111.78053901538169,40.39402173247587],[-111.78053754799747,40.39402094255623],[-111.78053605363979,40.39402018152087],[-111.78053453702029,40.39401944935841],[-111.78053299460154,40.39401874517674],[-111.78053143110625,40.39401807166641],[-111.78052984534911,40.39401742702898],[-111.78052823969698,40.39401681396063],[-111.7805266153241,40.394016231557906],[-111.78052497223413,40.394015680721466],[-111.78052330924926,40.394015161454135],[-111.78052163108096,40.39401467374453],[-111.78051993772557,40.394014216692085],[-111.78051823037951,40.39401379479707],[-111.7805165113838,40.39401340445132],[-111.78051477603049,40.394013046566776],[-111.78051303139804,40.3940127238283],[-111.7805112774717,40.39401243263348],[-111.78050951426631,40.394012176584724],[-111.78050774177066,40.39401195298019],[-111.7805059658854,40.39401176450765],[-111.78050418189153,40.39401160937711],[-111.78050239450805,40.39401148937853],[-111.78050060254593,40.39401140181288],[-111.78049880837213,40.39401134937633],[-111.78049701316445,40.39401133206613],[-111.78049521691187,40.394011347180346],[-111.78024815742941,40.39401113865403],[-111.780243968763,40.39401113517913],[-111.78024418367048,40.39386294268221],[-111.7802475501446,40.393862945424885],[-111.78025623253832,40.393862952543955],[-111.78025623140897,40.39386267695957],[-111.7802475497128,40.39386284005439],[-111.78019889995834,40.39386375813376],[-111.78011928721749,40.39386542219409],[-111.78003644276906,40.39387007946272],[-111.77998788196192,40.3938728732147],[-111.77985617519374,40.393885232239796],[-111.77979976412702,40.393891608411984],[-111.77980044107399,40.39405792897572],[-111.77980208908407,40.39446158976173],[-111.77987017919912,40.39446142688584],[-111.7798701795308,40.39446150794008],[-111.77987027140756,40.39446150772027],[-111.78024999812517,40.394460599563246],[-111.78031289953405,40.39446044345594],[-111.78030276811978,40.39463197920591]]]},"properties":{"zone_code":"RA-1","zone_description":"Residential Agriculture","zone_class_normalized":"Agriculture/Rural","jurisdiction":"american_fork_ut","source_rest_url":"https://maps.afcity.org/arcgis/rest/services/Planning/Zoning2/MapServer/0","extraction_method":"arcgis_rest","confidence":"rest_api"}},{"type":"Feature","geometry":{"type":"Polygon","coordinates":[[[-111.79213569554958,40.355201742389355],[-111.79158863744483,40.35520310802701],[-111.79158849124319,40.355180401873895],[-111.7903657927586,40.35517661815307],[-111.79036671429719,40.355282815571314],[-111.79037461495524,40.357127972705584],[-111.79198497208165,40.357115361288265],[-111.79297072388648,40.35710640191459],[-111.79531760835748,40.35708492500409],[-111.79531025610963,40.35538135888456],[-111.79529354651622,40.35538141639932],[-111.7952929875149,40.35525188113177],[-111.79527073219677,40.355251994979206],[-111.79527088887784,40.355210005713104],[-111.79527087922384,40.355207222810705],[-111.79213569554958,40.355201742389355]]]},"properties":{"zone_code":"R1-12000","zone_description":"Residential","zone_class_normalized":"Residential-Low","jurisdiction":"american_fork_ut","source_rest_url":"https://maps.afcity.org/arcgis/rest/services/Planning/Zoning2/MapServer/0","extraction_method":"arcgis_rest","confidence":"rest_api"}},{"type":"Feature","geometry":{"type":"Polygon","coordinates":[[[-111.80554271770544,40.3644971422289],[-111.80554412951227,40.36419660846861],[-111.80488623571117,40.3641948123739],[-111.80488148664885,40.364495355720905],[-111.80554271770544,40.3644971422289]]]},"properties":{"zone_code":"R1-12000","zone_description":"Residential","zone_class_normalized":"Residential-Low","jurisdiction":"american_fork_ut","source_rest_url":"https://maps.afcity.org/arcgis/rest/services/Planning/Zoning2/MapServer/0","extraction_method":"arcgis_rest","confidence":"rest_api"}},{"type":"Feature","geometry":{"type":"Polygon","coordinates":[[[-111.76913262571851,40.3911133456654],[-111.76910102526263,40.3902103090284],[-111.7684242133447,40.39037275297418],[-111.76843529243338,40.3909931023585],[-111.76843735784414,40.39111839793698],[-111.76913262571851,40.3911133456654]]]},"properties":{"zone_code":"R1-12000","zone_description":"Residential","zone_class_normalized":"Residential-Low","jurisdiction":"american_fork_ut","source_rest_url":"https://maps.afcity.org/arcgis/rest/services/Planning/Zoning2/MapServer/0","extraction_method":"arcgis_rest","confidence":"rest_api"}},{"type":"Feature","geometry":{"type":"Polygon","coordinates":[[[-111.79057787357517,40.38243287379367],[-111.79116377240099,40.38243673308931],[-111.79116961597182,40.381942009690505],[-111.79058363582273,40.38193880178089],[-111.79057787357517,40.38243287379367]]]},"properties":{"zone_code":"R2-7500","zone_description":"Residential","zone_class_normalized":"Residential-Medium","jurisdiction":"american_fork_ut","source_rest_url":"https://maps.afcity.org/arcgis/rest/services/Planning/Zoning2/MapServer/0","extraction_method":"arcgis_rest","confidence":"rest_api"}},{"type":"Feature","geometry":{"type":"Polygon","coordinates":[[[-111.79136513911313,40.40487340893193],[-111.79133262966906,40.404860681526834],[-111.79129937241774,40.404850060508586],[-111.79129799431475,40.40484957130687],[-111.79127226628138,40.404843041104485],[-111.79126618497371,40.404841666604874],[-111.7912197381337,40.404833294183994],[-111.79117277569499,40.40482861062462],[-111.79116878919243,40.4048283764805],[-111.79111666107183,40.40482541710619],[-111.7905956843955,40.40479811788063],[-111.790522462556,40.40479027577658],[-111.7904502825527,40.40477568182232],[-111.79038416792842,40.40475575155662],[-111.79031931405032,40.40473197072694],[-111.79031735962064,40.40473197827827],[-111.79021626176993,40.40473236958131],[-111.78955161894912,40.406313452994596],[-111.78965251880305,40.4063136049278],[-111.78979364827957,40.40631381294763],[-111.78996685472417,40.406314067392735],[-111.79024780477748,40.40631448034711],[-111.7902482587956,40.40631375152977],[-111.79024822580853,40.406313751611606],[-111.79024826449117,40.406313705584665],[-111.79047436088636,40.406313787538906],[-111.79136513911313,40.40487340893193]]]},"properties":{"zone_code":"GC-2","zone_description":"Planned Commercial","zone_class_normalized":"Commercial","jurisdiction":"american_fork_ut","source_rest_url":"https://maps.afcity.org/arcgis/rest/services/Planning/Zoning2/MapServer/0","extraction_method":"arcgis_rest","confidence":"rest_api"}},{"type":"Feature","geometry":{"type":"Polygon","coordinates":[[[-111.78549769900687,40.340249897404064],[-111.78565235715024,40.34035592985184],[-111.78581070482085,40.34045636906978],[-111.78597253983158,40.34055108681149],[-111.78613765554243,40.340639962136066],[-111.78630584112446,40.34072288156254],[-111.78647688182893,40.34079973921476],[-111.78665055926153,40.340870436956585],[-111.7868266516612,40.34093488451718],[-111.78700493418334,40.34099299960632],[-111.7871851791869,40.34104470801942],[-111.78736715652498,40.341089943732264],[-111.78755063383876,40.341128648985396],[-111.78773537685416,40.341160774357775],[-111.787921149681,40.34118627882994],[-111.78810771511415,40.34120512983635],[-111.78829483493647,40.34121730330699],[-111.7884822702229,40.3412227836981],[-111.78866978164564,40.341221564012],[-111.78885712977961,40.341213645806064],[-111.78904407540828,40.34119903919069],[-111.78923037982902,40.34117776281643],[-111.78941580515796,40.34114984385013],[-111.78960011463369,40.34111531794031],[-111.78978307291956,40.34107422917155],[-111.78996444640426,40.3410266300083],[-111.78775533751305,40.34014689552195],[-111.78556202757558,40.33953685105868],[-111.78549769900687,40.340249897404064]]]},"properties":{"zone_code":"SP","zone_description":"Shoreline Protection","zone_class_normalized":"Industrial/Flex","jurisdiction":"american_fork_ut","source_rest_url":"https://maps.afcity.org/arcgis/rest/services/Planning/Zoning2/MapServer/0","extraction_method":"arcgis_rest","confidence":"rest_api"}},{"type":"Feature","geometry":{"type":"Polygon","coordinates":[[[-111.80260337153211,40.37902449446422],[-111.80260270710183,40.37903881688764],[-111.802594849612,40.37923470960974],[-111.80258950351474,40.37941291581898],[-111.8025881015642,40.37945964973248],[-111.80260548784526,40.37946055309971],[-111.80262859180935,40.3794617532834],[-111.80268834298482,40.37947057150494],[-111.80277315733971,40.37949219732826],[-111.80305302858746,40.37957908175306],[-111.8030898176031,40.37959103757161],[-111.8030913754965,40.37948017305304],[-111.80309294208058,40.37936861323181],[-111.80309627267542,40.37913158214134],[-111.80309562494416,40.37913157751564],[-111.80309680063264,40.37902774778582],[-111.8026998642258,40.37902512377251],[-111.80260337153211,40.37902449446422]]]},"properties":{"zone_code":"R4-7500","zone_description":"Residential","zone_class_normalized":"Residential-High","jurisdiction":"american_fork_ut","source_rest_url":"https://maps.afcity.org/arcgis/rest/services/Planning/Zoning2/MapServer/0","extraction_method":"arcgis_rest","confidence":"rest_api"}},{"type":"Feature","geometry":{"type":"Polygon","coordinates":[[[-111.7668395440178,40.38371144524726],[-111.76715840539391,40.38371252671726],[-111.76715150555513,40.3831129063971],[-111.76682880227278,40.38311378080684],[-111.7668395440178,40.38371144524726]]]},"properties":{"zone_code":"RA-1","zone_description":"Residential Agricultural","zone_class_normalized":"Agriculture/Rural","jurisdiction":"american_fork_ut","source_rest_url":"https://maps.afcity.org/arcgis/rest/services/Planning/Zoning2/MapServer/0","extraction_method":"arcgis_rest","confidence":"rest_api"}},{"type":"Feature","geometry":{"type":"Polygon","coordinates":[[[-111.79593090717938,40.37470596940329],[-111.79592633028713,40.3747014247597],[-111.79312847067786,40.37469247049556],[-111.79312906038896,40.374645418052175],[-111.79312967181231,40.37459656251714],[-111.7924235352263,40.37459409827546],[-111.7924219220856,40.37473186887946],[-111.79312661807184,40.37473637664385],[-111.79312785927397,40.37473638434031],[-111.79312273625003,40.375104235495414],[-111.79537816887262,40.37512018463328],[-111.79537977094037,40.374984498949324],[-111.79561472138505,40.37498613883761],[-111.79561492582405,40.374969682236255],[-111.79592337962866,40.37497181745566],[-111.79593090717938,40.37470596940329]]]},"properties":{"zone_code":"R4-7500","zone_description":"Residential","zone_class_normalized":"Residential-High","jurisdiction":"american_fork_ut","source_rest_url":"https://maps.afcity.org/arcgis/rest/services/Planning/Zoning2/MapServer/0","extraction_method":"arcgis_rest","confidence":"rest_api"}},{"type":"Feature","geometry":{"type":"Polygon","coordinates":[[[-111.79313896848058,40.392090044330374],[-111.79313961671373,40.39205413889748],[-111.79315884367334,40.39098919216347],[-111.79059004075454,40.390984613208964],[-111.79058062311583,40.391406388009926],[-111.79020427202445,40.39140632078857],[-111.79020383146869,40.391813522029516],[-111.7902340165216,40.39181344714291],[-111.79023421283478,40.39204955025261],[-111.79131210806555,40.392046871887565],[-111.79131537519943,40.39281525157912],[-111.79220962007696,40.39280987272622],[-111.7922163594561,40.39349423537693],[-111.79221662701728,40.39355685334529],[-111.79180690459172,40.39355787608523],[-111.79181093976189,40.394076222078226],[-111.79150591066495,40.39410018501408],[-111.7910635042768,40.39410187738159],[-111.79104852562985,40.394200614469426],[-111.79103672770117,40.394286317886696],[-111.79102949615633,40.3943725267703],[-111.79102685138992,40.39445899799131],[-111.79102652757079,40.394466773775555],[-111.79188900479969,40.39446287600546],[-111.79186600631954,40.39456591650644],[-111.79222488492832,40.39456209630654],[-111.79309449983046,40.39455285461164],[-111.79312762164226,40.392718458687426],[-111.793128743919,40.39265629292816],[-111.79313896848058,40.392090044330374]]]},"properties":{"zone_code":"RA-1","zone_description":"Residential Agricultural","zone_class_normalized":"Agriculture/Rural","jurisdiction":"american_fork_ut","source_rest_url":"https://maps.afcity.org/arcgis/rest/services/Planning/Zoning2/MapServer/0","extraction_method":"arcgis_rest","confidence":"rest_api"}},{"type":"Feature","geometry":{"type":"Polygon","coordinates":[[[-111.79368781203728,40.39180871867784],[-111.7936799807633,40.39208859371011],[-111.79398519808299,40.39208848091039],[-111.79394782357801,40.39180748921957],[-111.79368781203728,40.39180871867784]]]},"properties":{"zone_code":"RA-1","zone_description":"Residential Agricultural","zone_class_normalized":"Agriculture/Rural","jurisdiction":"american_fork_ut","source_rest_url":"https://maps.afcity.org/arcgis/rest/services/Planning/Zoning2/MapServer/0","extraction_method":"arcgis_rest","confidence":"rest_api"}},{"type":"Feature","geometry":{"type":"Polygon","coordinates":[[[-111.79048247321317,40.39658367586616],[-111.7904548865776,40.39636733118475],[-111.79052698028936,40.39632035553021],[-111.79065182454303,40.39598367625567],[-111.7901427712945,40.39604602020644],[-111.78981337931089,40.39610985331676],[-111.78982135378416,40.39616149620489],[-111.78973974270035,40.39618724688568],[-111.78970078206052,40.39619337025934],[-111.78976683958118,40.396652181343136],[-111.79048247321317,40.39658367586616]]]},"properties":{"zone_code":"RA-1","zone_description":"Residential Agricultural","zone_class_normalized":"Agriculture/Rural","jurisdiction":"american_fork_ut","source_rest_url":"https://maps.afcity.org/arcgis/rest/services/Planning/Zoning2/MapServer/0","extraction_method":"arcgis_rest","confidence":"rest_api"}},{"type":"Feature","geometry":{"type":"Polygon","coordinates":[[[-111.78908212156374,40.3967177015789],[-111.78919656155753,40.39627290608605],[-111.78852986809692,40.396378026136446],[-111.7885275036033,40.3967707675881],[-111.78908212156374,40.3967177015789]]]},"properties":{"zone_code":"RA-1","zone_description":"Residential Agricultural","zone_class_normalized":"Agriculture/Rural","jurisdiction":"american_fork_ut","source_rest_url":"https://maps.afcity.org/arcgis/rest/services/Planning/Zoning2/MapServer/0","extraction_method":"arcgis_rest","confidence":"rest_api"}},{"type":"Feature","geometry":{"type":"Polygon","coordinates":[[[-111.80738934872305,40.356265406792076],[-111.80850289363667,40.356637863703675],[-111.80860841541597,40.356675368185286],[-111.80871149257514,40.35671662652085],[-111.80881194450639,40.35676152841706],[-111.80890953653152,40.356809982637024],[-111.80939298297827,40.35706220823634],[-111.80949618230066,40.357113062597904],[-111.80960294744152,40.35715942502287],[-111.80971292810759,40.3572011568328],[-111.81006160106553,40.35732418820612],[-111.81006201141552,40.35732433301894],[-111.81006281315243,40.35625731981789],[-111.80738934872305,40.356265406792076]]]},"properties":{"zone_code":"PF","zone_description":"Public Facilities","zone_class_normalized":"Open Space/Public","jurisdiction":"american_fork_ut","source_rest_url":"https://maps.afcity.org/arcgis/rest/services/Planning/Zoning2/MapServer/0","extraction_method":"arcgis_rest","confidence":"rest_api"}},{"type":"Feature","geometry":{"type":"Polygon","coordinates":[[[-111.7896352596422,40.383007440936126],[-111.78963482809682,40.38290664157653],[-111.78986655885421,40.38264878162606],[-111.79011950767782,40.38226093050775],[-111.79023748684605,40.38211655558772],[-111.79036162888168,40.382004743197555],[-111.79036083744181,40.3820047379574],[-111.78984653045617,40.38200146188111],[-111.78984653920291,40.38200074677091],[-111.789855422518,40.381685287849365],[-111.78866734829633,40.38167622358206],[-111.78866417812596,40.38199356229477],[-111.78866417643303,40.38199427738742],[-111.78792751239254,40.38199446123091],[-111.78791507544831,40.38302930212405],[-111.78791782768893,40.3831302812936],[-111.78803013296043,40.383107592992346],[-111.78829133184516,40.383047185589184],[-111.78838654084818,40.38302640695668],[-111.78848910348947,40.3830112128345],[-111.78858192261458,40.383003513262935],[-111.78866743648118,40.38300143527311],[-111.7896352596422,40.383007440936126]]]},"properties":{"zone_code":"PO-1","zone_description":"Professional Office","zone_class_normalized":"Commercial","jurisdiction":"american_fork_ut","source_rest_url":"https://maps.afcity.org/arcgis/rest/services/Planning/Zoning2/MapServer/0","extraction_method":"arcgis_rest","confidence":"rest_api"}},{"type":"Feature","geometry":{"type":"Polygon","coordinates":[[[-111.78963831002103,40.383007459500384],[-111.78963383453116,40.38361513163053],[-111.79002848165224,40.38361724554269],[-111.79003613497994,40.38300992575522],[-111.78963831002103,40.383007459500384]]]},"properties":{"zone_code":"PO-1","zone_description":"Professional Office","zone_class_normalized":"Commercial","jurisdiction":"american_fork_ut","source_rest_url":"https://maps.afcity.org/arcgis/rest/services/Planning/Zoning2/MapServer/0","extraction_method":"arcgis_rest","confidence":"rest_api"}},{"type":"Feature","geometry":{"type":"Polygon","coordinates":[[[-111.77349105529318,40.36972632079081],[-111.77349618982943,40.36987257912617],[-111.7744324467428,40.36987311009822],[-111.77442971823369,40.3697218756395],[-111.77349105529318,40.36972632079081]]]},"properties":{"zone_code":"GC-2","zone_description":"Planned Commercial","zone_class_normalized":"Commercial","jurisdiction":"american_fork_ut","source_rest_url":"https://maps.afcity.org/arcgis/rest/services/Planning/Zoning2/MapServer/0","extraction_method":"arcgis_rest","confidence":"rest_api"}},{"type":"Feature","geometry":{"type":"Polygon","coordinates":[[[-111.77441682428541,40.36871812497543],[-111.77249069166353,40.36871795844666],[-111.77247555041332,40.36939702506278],[-111.77267947292673,40.36940042330236],[-111.77348981019543,40.36945050387814],[-111.77348841587958,40.36936710445558],[-111.77442323039539,40.36936320151072],[-111.77441682428541,40.36871812497543]]]},"properties":{"zone_code":"GC-2","zone_description":"Planned Commercial","zone_class_normalized":"Commercial","jurisdiction":"american_fork_ut","source_rest_url":"https://maps.afcity.org/arcgis/rest/services/Planning/Zoning2/MapServer/0","extraction_method":"arcgis_rest","confidence":"rest_api"}},{"type":"Feature","geometry":{"type":"Polygon","coordinates":[[[-111.76979735211216,40.38204995414492],[-111.76980837708899,40.382049479306644],[-111.76991313726039,40.38204495157688],[-111.7701258967144,40.38203571543714],[-111.77013552001242,40.38228180145766],[-111.77022509172599,40.38227789933049],[-111.7702547749529,40.38303416855348],[-111.77025503262118,40.38311965066571],[-111.77032480174093,40.38311925618043],[-111.77032406018304,40.38360389732005],[-111.77070159279089,40.383602448692194],[-111.77070800676215,40.38446779694119],[-111.77141869321292,40.3844615847713],[-111.77142576719056,40.385057933217375],[-111.7725688454931,40.38504894380782],[-111.7725642603793,40.3850356173029],[-111.77268821454496,40.38503532839539],[-111.77269334700459,40.385287848523255],[-111.7731237409216,40.38528670114549],[-111.77311869465912,40.38503433933945],[-111.77319632338607,40.38503415805287],[-111.77320037471011,40.38560938317446],[-111.77268546823878,40.38561055316049],[-111.7726861042253,40.38593195994127],[-111.77142935927957,40.385942023929545],[-111.77143205595429,40.386619162739],[-111.76991193964338,40.38672047697131],[-111.76999817292136,40.38547767827195],[-111.76923620083775,40.38547914103258],[-111.76908211867985,40.385479432548685],[-111.76907648589993,40.385259210365206],[-111.7690742132141,40.38479766909844],[-111.76907352757303,40.3844733938721],[-111.76898872203428,40.38447350877388],[-111.76828314536039,40.384473069543446],[-111.76787677687653,40.384475467103506],[-111.76788751965488,40.38311492183261],[-111.76734709029537,40.38311237665753],[-111.76715150555513,40.3831129063971],[-111.767157470282,40.3837125288531],[-111.7668395440178,40.38371144524726],[-111.76682880227278,40.38311378080684],[-111.76631542292434,40.38311516878134],[-111.76581998721196,40.38311652092936],[-111.7658378162279,40.38447756206533],[-111.76542052264779,40.3844780765266],[-111.7650261301355,40.38447610505439],[-111.76420231837827,40.38447931336469],[-111.76419923268571,40.38507051912871],[-111.7635971928908,40.38506866312511],[-111.76359959407037,40.38533904618943],[-111.76361936409704,40.38756486954211],[-111.76362440527221,40.38813235672168],[-111.76364233352436,40.38813226317938],[-111.76364266477727,40.38811736630108],[-111.76522089504167,40.38811379855597],[-111.76521950092175,40.38775368093626],[-111.76890905430912,40.38774525905767],[-111.76891360164171,40.387752406674565],[-111.76914021092054,40.38775180624306],[-111.7691428210418,40.38820198323742],[-111.76911908031924,40.38890610526009],[-111.76910314565811,40.389255766867755],[-111.76891389524371,40.38925536271355],[-111.76891445025004,40.389396816115614],[-111.7672005253031,40.38939311907837],[-111.7671994652399,40.38939311519548],[-111.76719910245704,40.38939311242173],[-111.76720612833276,40.390309309808295],[-111.76721044497279,40.391015298607876],[-111.7672099661796,40.39080985123617],[-111.76787542280805,40.39080234650462],[-111.76771064223722,40.39080300561876],[-111.76770058259879,40.390226864852394],[-111.76842091371157,40.39022077686177],[-111.76909868723656,40.39005943576216],[-111.76909734167579,40.39014792579867],[-111.76983634520074,40.390138501601406],[-111.76983567253714,40.39007279539244],[-111.76982112506954,40.38926941886386],[-111.77023980735565,40.38927104883396],[-111.77026174372445,40.388446730548516],[-111.77074540335832,40.38799402234409],[-111.77075122445552,40.38783642954335],[-111.7707053131708,40.387836311549506],[-111.77071800146533,40.38747681064585],[-111.77143508587557,40.387474928204874],[-111.77143350000226,40.38738219396238],[-111.77322433926895,40.387384399182395],[-111.77323027403473,40.387831019123105],[-111.7717420557091,40.387833687032916],[-111.77174712474165,40.388379656460714],[-111.77119453998594,40.38838103164399],[-111.77119682295353,40.38862795903418],[-111.77155476728659,40.38862813460721],[-111.7715620158576,40.389267452716496],[-111.77254258905901,40.38925853737886],[-111.77254799228345,40.39005402487456],[-111.77200924832837,40.390057017044086],[-111.77200931951285,40.390066919109806],[-111.77201031653965,40.39020447449601],[-111.77201325644545,40.39061374452668],[-111.77329014980344,40.390613180203395],[-111.7732853522165,40.39102698030483],[-111.7725262756846,40.391015384303834],[-111.77274822947923,40.391886737589545],[-111.7691546968594,40.39189488352622],[-111.7684718809227,40.391896118460025],[-111.76849983592533,40.39554326036586],[-111.76852661031876,40.39905397970779],[-111.76852715708003,40.39914281905789],[-111.76851379357824,40.39914334776641],[-111.76852383886028,40.39998284285168],[-111.76758466295907,40.399992507534414],[-111.76758816349731,40.400758217912795],[-111.7680822974572,40.400757008357864],[-111.76810668155451,40.402377701093386],[-111.76810219577946,40.402774976859085],[-111.7685550999547,40.40276976114354],[-111.76858665070328,40.40595547936857],[-111.7688564010309,40.40612519797887],[-111.76898366547657,40.4062052729579],[-111.76899529757702,40.40621259066731],[-111.76906465612596,40.40625306208139],[-111.76913804532175,40.40628999470353],[-111.76916560118515,40.40630185985686],[-111.76921309489353,40.406322221389544],[-111.76927101861419,40.40623430322682],[-111.76949516928447,40.406377214246326],[-111.77334105812501,40.406335391089996],[-111.77336524934732,40.40633559574983],[-111.773363133669,40.405986754076714],[-111.77334751787136,40.403058400476645],[-111.77334654345869,40.402694412011485],[-111.77064208043292,40.40272678080912],[-111.76949033502824,40.40274052672759],[-111.76948596982427,40.40237691799917],[-111.76961185387034,40.40237528697504],[-111.76964614509376,40.40237359676132],[-111.76968033847746,40.402370995347454],[-111.76971439162475,40.40236748643372],[-111.77005647190875,40.402327589330255],[-111.7700390652362,40.40086296888069],[-111.76946818548998,40.40086866749496],[-111.7694524626394,40.39955363626328],[-111.77056501991811,40.39954229307694],[-111.77056808329424,40.39974667294584],[-111.77332281878073,40.399718374147426],[-111.77331955707868,40.3990944900389],[-111.77331762098933,40.39778072571988],[-111.77331518525497,40.39768973378834],[-111.77331098909902,40.397616291649],[-111.77330317251365,40.39534687200864],[-111.77328936803471,40.39488580059135],[-111.7732865512034,40.39387613677661],[-111.77328100950271,40.391890076477495],[-111.77328118595958,40.3918661441108],[-111.7751642835049,40.39186169378505],[-111.77605107647047,40.39185437824204],[-111.77803481841723,40.391842713053556],[-111.7780584079495,40.39546407441962],[-111.7824398866923,40.3954564008454],[-111.78242494669435,40.391831992859096],[-111.78426676232174,40.39182753258576],[-111.78406000017752,40.39230977668753],[-111.78395864725785,40.39230928064949],[-111.7835163269342,40.39348506725982],[-111.78330202430053,40.39407455388245],[-111.7832455113199,40.394262387964595],[-111.78319525100011,40.39445199086449],[-111.78315129849892,40.3946431545039],[-111.78311370205166,40.39483566909178],[-111.78308250291829,40.39502932335451],[-111.78461432472106,40.39641577243908],[-111.78590217918108,40.39720239202001],[-111.78644112042087,40.397203895317155],[-111.78644879212041,40.39727298037274],[-111.78674779969384,40.39727506948694],[-111.78790299044907,40.397301146460585],[-111.78839453539392,40.397309810970846],[-111.78845288886698,40.396873708556754],[-111.78852656831353,40.39677076989478],[-111.78852893281251,40.39637802844316],[-111.78919656155753,40.39627290608605],[-111.78908212156374,40.3967177015789],[-111.7897668395888,40.39665218314433],[-111.78970078206052,40.39619337025934],[-111.7897388074186,40.396187249202065],[-111.78982041850279,40.39616149852192],[-111.78981244403022,40.396109855633746],[-111.7901418360147,40.396046022526015],[-111.79065088926404,40.39598367857933],[-111.79052604500582,40.39632035785287],[-111.79045395129343,40.396367333506845],[-111.79048247685789,40.39658370197482],[-111.79060532034838,40.396571866370984],[-111.79083954902308,40.396549530949294],[-111.79087323972568,40.39645731019822],[-111.790913526074,40.39642415940932],[-111.79105184731758,40.39628385773568],[-111.79121361099494,40.396119643056274],[-111.79122464640221,40.396009645583376],[-111.79119719664246,40.395939638271805],[-111.7911830415005,40.39591977180289],[-111.79204131381957,40.39581512486008],[-111.79204473265379,40.39643419000367],[-111.79307207326772,40.396335858929255],[-111.79308803118153,40.394911096222586],[-111.79309248841614,40.39466427699867],[-111.79365854656155,40.3946629484033],[-111.79365731851013,40.39343386512635],[-111.79381056219866,40.393433827982356],[-111.79517484090736,40.39342832575553],[-111.79519569513991,40.39368935691302],[-111.79536205654388,40.39401277268206],[-111.79541778990946,40.39644109626858],[-111.79541465098414,40.396440897954996],[-111.79541467720584,40.39644205967697],[-111.79503190341393,40.396417737359386],[-111.79475753096527,40.398261619702],[-111.79475728825759,40.398263249517726],[-111.7947544240244,40.39826257497197],[-111.79474535371853,40.39826043005453],[-111.79474283969263,40.3982598356811],[-111.79472421955296,40.398308275988924],[-111.79473406376754,40.39831013976908],[-111.79464004256373,40.39854492885195],[-111.79463947266004,40.39854635235094],[-111.79463450000232,40.39854544805293],[-111.79463194177421,40.39854498617821],[-111.79461901508115,40.39857820171845],[-111.79462544205168,40.39857980843313],[-111.79444224780256,40.399053325956416],[-111.79441521790676,40.3991429029194],[-111.79440857446272,40.39915806249592],[-111.79466258416748,40.39917415094834],[-111.79487596701402,40.39919349879353],[-111.7944142472134,40.39993910043046],[-111.79385154306495,40.3997379103073],[-111.79384947955803,40.39973717338759],[-111.79258057340151,40.40179427378603],[-111.79257949939644,40.401796012846425],[-111.79319986026586,40.40190004277455],[-111.79294286220728,40.40231501537251],[-111.79213859109299,40.40360709178544],[-111.79376068104281,40.403999864651155],[-111.79371104837027,40.404169907970726],[-111.79294311180251,40.40398192548788],[-111.79225193691043,40.40373293805705],[-111.79219699005162,40.4038214168909],[-111.79208962638472,40.403814689942365],[-111.79202063130265,40.403810366327455],[-111.79202052600347,40.40381053680529],[-111.79139823349276,40.403777970557],[-111.79141001660665,40.4037511472043],[-111.79073574496164,40.4037541386263],[-111.79059347845534,40.40405895897163],[-111.79054799778258,40.40416636410636],[-111.79070397006757,40.4042213929181],[-111.79153129100573,40.40425112770898],[-111.79173765289639,40.404269290158574],[-111.79136513911313,40.40487340893193],[-111.79047366702594,40.40631490961747],[-111.7929678346953,40.40631844470686],[-111.79311529352555,40.40589168258667],[-111.79440131835197,40.405890589177616],[-111.79469343748718,40.40587811977846],[-111.79576095013886,40.40588118652088],[-111.79600590529962,40.405219900738324],[-111.79634347602523,40.40530391055536],[-111.79593350477896,40.40646031486173],[-111.7976189820012,40.40645467176663],[-111.79777084712778,40.40605671557947],[-111.79781509634391,40.4059827344168],[-111.79785373298613,40.40590567330187],[-111.79788654395259,40.40582595726813],[-111.79791384442159,40.405751328211856],[-111.79834892431239,40.40584473934523],[-111.79848115026482,40.40550336879866],[-111.80179237241097,40.40549487763842],[-111.80179177976551,40.40536033727814],[-111.80262460306498,40.40535132265526],[-111.80261453484142,40.40480506567448],[-111.80455474732439,40.40480539909153],[-111.80455641155838,40.405078530449245],[-111.80453314719459,40.40580243166111],[-111.80715043631605,40.40579370619727],[-111.80714631225828,40.40507416318835],[-111.80755567066194,40.405073776830974],[-111.80756356342735,40.40593141823802],[-111.80792220486917,40.40593116121529],[-111.80792534229968,40.4062301963774],[-111.80792508360481,40.40627137737515],[-111.80975330030317,40.40626689578917],[-111.80972535451937,40.40425500267038],[-111.81134344140776,40.40424813418028],[-111.81131713372164,40.403422241951276],[-111.811825483217,40.4034224282656],[-111.81180019998814,40.40290224058353],[-111.8122720353837,40.40288883568703],[-111.81225535544988,40.402551726190566],[-111.81258793433523,40.40232152666619],[-111.81256076980013,40.40230328353865],[-111.81258317104887,40.40228767826691],[-111.81260392406057,40.40226586048547],[-111.8128219608981,40.40223781362372],[-111.81282133306716,40.40209104922735],[-111.81293868762198,40.40204175032529],[-111.81311247939658,40.40180424843061],[-111.81328387318815,40.40163757484474],[-111.81337970417758,40.4014698614757],[-111.81352524568521,40.401310655268084],[-111.81349030714267,40.399450720072615],[-111.81406808453104,40.399413406312625],[-111.81414076831224,40.39940871442208],[-111.81461963477255,40.399378010084554],[-111.81462149314443,40.399377897013714],[-111.81515928982098,40.39933819878431],[-111.81514882509828,40.39921616359208],[-111.81508987193698,40.39896842654629],[-111.81514476265319,40.398717827809556],[-111.81547196672197,40.398586025938094],[-111.81549871026583,40.39850627856453],[-111.81561874922224,40.39833489182114],[-111.81556099123932,40.39832057660648],[-111.81555978546432,40.39793853520358],[-111.81544047147884,40.39793345240018],[-111.81543860414573,40.39793340159713],[-111.81531114394978,40.397929999551764],[-111.81517244303149,40.39791704334604],[-111.815160441967,40.397914785421804],[-111.81500899254473,40.397890220263],[-111.8148626832203,40.397866523673564],[-111.81485046814953,40.397864857094476],[-111.81466537065278,40.397852979790805],[-111.81466350901334,40.39785288573072],[-111.81454609959252,40.39784719348351],[-111.81454360267401,40.39746415491526],[-111.81499864158506,40.39746288466762],[-111.8150004250543,40.3974628888717],[-111.81507087899561,40.39714752208832],[-111.81506251576336,40.396180365214626],[-111.81501281585487,40.39601571771947],[-111.81501030234006,40.39571759675235],[-111.81549069422387,40.395743895166774],[-111.81549807482071,40.396096669235995],[-111.8155199213813,40.397140690271065],[-111.81551454205727,40.39723192036045],[-111.81550674105837,40.39732297534796],[-111.81550464376846,40.39735197258559],[-111.81549941337109,40.397390225749966],[-111.81548291534693,40.39751088281623],[-111.81742222048709,40.397816650626645],[-111.81739345845503,40.39710996123546],[-111.81733618911193,40.39705052673011],[-111.81729067445795,40.39689505692243],[-111.81723820904907,40.396767557320665],[-111.8172067387899,40.396647466836136],[-111.81717589098176,40.39655895099786],[-111.81722949401716,40.396387826323455],[-111.81721702688617,40.39632085731564],[-111.8171284728299,40.39618489787756],[-111.81714572093475,40.39607554476316],[-111.81718879153395,40.39600750294677],[-111.81710529377173,40.39572829014249],[-111.81708996428506,40.39571843757058],[-111.81698899399302,40.39569746576765],[-111.81692122403582,40.39562641907663],[-111.81689521499918,40.39555267807607],[-111.8168898002126,40.39546171652022],[-111.81675993645887,40.39543102142026],[-111.81673873982945,40.39538328423112],[-111.81666220643068,40.395319576782235],[-111.8166290511043,40.39527276895091],[-111.81662190677591,40.3952320283854],[-111.81658319566239,40.39515605664463],[-111.81660370611785,40.395082843514714],[-111.81671897775851,40.39491279041709],[-111.81671207032971,40.3948278264491],[-111.81657096297819,40.394355558045405],[-111.81657185616861,40.39428946959314],[-111.81640497148616,40.39420221404201],[-111.81639926116662,40.394077508175165],[-111.81642929985394,40.39394171813882],[-111.8164339331648,40.393815832400165],[-111.8163064406969,40.39349208635316],[-111.81602818624373,40.39340835281378],[-111.81571765165228,40.39334442374842],[-111.81571783098654,40.393315910768614],[-111.81411870527073,40.392990346420305],[-111.81411795643507,40.392980924419795],[-111.81409264426323,40.392910311398545],[-111.81408470096105,40.39259852887735],[-111.8140789004265,40.39258146793143],[-111.81406798701373,40.392152302955346],[-111.81432226439053,40.39215384811707],[-111.81543713318794,40.39215588883692],[-111.8166695488116,40.39214751932711],[-111.81667397090307,40.39135698604077],[-111.81667011832374,40.39089177292888],[-111.8166702151559,40.39067763830534],[-111.81667410950811,40.39064108627046],[-111.81668231407367,40.39060539436042],[-111.81670724652616,40.390536895542596],[-111.8166572451291,40.39052638745508],[-111.81660018318738,40.39051475107406],[-111.81649350213901,40.39049299003521],[-111.81647614013382,40.390489835327024],[-111.81644117564105,40.39048348152279],[-111.81633563311753,40.39047560562181],[-111.81580756872502,40.39047270859257],[-111.81580644386149,40.39047270532506],[-111.81596720694215,40.388480905911045],[-111.8160393112966,40.387607560163964],[-111.81605303383286,40.38743780319446],[-111.81625798420667,40.384872406145455],[-111.81548930542391,40.384571313246354],[-111.81548887817999,40.38457188448826],[-111.81519197277352,40.384967919944316],[-111.81519338077833,40.38606266416503],[-111.81459148856419,40.38606332714829],[-111.81459291483671,40.38637418131857],[-111.814476278312,40.386373995113],[-111.81447801646654,40.38675125523261],[-111.81461390220619,40.38681621770807],[-111.81439953329243,40.38704972364119],[-111.81433863951906,40.387135675333184],[-111.81424836969262,40.387122314998386],[-111.8142483041218,40.38710650578732],[-111.81424769104349,40.38710636964039],[-111.81424601344169,40.386726633614174],[-111.81339857889316,40.386728909894664],[-111.81339237171171,40.38589861378084],[-111.8133954880524,40.385898603630075],[-111.81339548368227,40.38589764989068],[-111.81360346287079,40.38589709337185],[-111.8136019566723,40.385552412267096],[-111.81360507299298,40.385552401210184],[-111.81360506862411,40.38555144837128],[-111.8136839979829,40.38555121961654],[-111.81402560351056,40.38509514567272],[-111.81466076661204,40.38424750340211],[-111.81295575375677,40.38357946839954],[-111.81295708642827,40.383790421411334],[-111.81295901309478,40.383997859517855],[-111.81296152021248,40.3839988254744],[-111.81296042540518,40.384054272990674],[-111.81295775020244,40.38418980114967],[-111.8129382017125,40.38518026540742],[-111.81292533768544,40.38589888067962],[-111.81287549190449,40.387082949439616],[-111.81190332095841,40.387083645453515],[-111.81120963898844,40.38708739247866],[-111.81110771787795,40.38709369681592],[-111.81051100043979,40.38709495004081],[-111.80981519677913,40.38709576382894],[-111.80927604557812,40.387100235572106],[-111.8092795229905,40.38774265343178],[-111.80928573795362,40.388890665837515],[-111.80928262260906,40.38889066596905],[-111.80928262578902,40.3888916296174],[-111.80871315835182,40.388890584265255],[-111.80871391450846,40.389259807775495],[-111.80871080861434,40.389259817773564],[-111.808710802319,40.38926077154001],[-111.80857751833248,40.38926114392749],[-111.80858094529805,40.390745612393715],[-111.80855472045349,40.390746683952486],[-111.80839062027133,40.39074901697888],[-111.8082176666054,40.39075197741412],[-111.80798780262452,40.390748177939855],[-111.80631180148056,40.39074655980712],[-111.8049365727221,40.390738777156415],[-111.80493470967286,40.39073884865832],[-111.8048001087002,40.39074670696349],[-111.80467093051753,40.390771744593984],[-111.80457906440164,40.39080048732558],[-111.80450460202012,40.39082918288137],[-111.80440685846368,40.39077064705683],[-111.80430338130951,40.39062820333663],[-111.80385670841135,40.39061546528142],[-111.80371781578748,40.39061597007711],[-111.80372985962599,40.38864891094063],[-111.80375461567488,40.387081210153084],[-111.80115899882861,40.38707651990668],[-111.80016084005055,40.38707125558981],[-111.79943503102122,40.387067423046425],[-111.7984854152909,40.38705190536301],[-111.79848921594495,40.38788660980856],[-111.79846696189313,40.3890804928949],[-111.79925267232586,40.3890847240414],[-111.79924111574216,40.39044314846431],[-111.80112513141249,40.39045413396814],[-111.8011255598077,40.39119131876091],[-111.80112252863725,40.39174548887885],[-111.80114305433358,40.39306586805207],[-111.80116363857351,40.393223528468425],[-111.8011811299321,40.39329083031414],[-111.79922848597135,40.39328013276123],[-111.79961029048582,40.39387114221522],[-111.80118795008968,40.395643668265194],[-111.80118982063752,40.39564366344937],[-111.8028824005563,40.3956428527823],[-111.80287783813858,40.395996260917066],[-111.80287661568593,40.39609100209279],[-111.80286705666295,40.39635219331131],[-111.80282455571012,40.3975134981266],[-111.80484196385366,40.39761272873024],[-111.80484382995603,40.39761277160012],[-111.8048276513565,40.398572504614485],[-111.80482578156554,40.3985724329344],[-111.80477203103167,40.398569263226086],[-111.80476921986862,40.39856915617173],[-111.80471444334967,40.39855912195355],[-111.80466239353406,40.39854266105644],[-111.80461435388192,40.39852017631755],[-111.8045715060467,40.39849222394466],[-111.80453561819502,40.39846012684098],[-111.80436257688307,40.39855632196562],[-111.80436070625979,40.398556327732784],[-111.80320862238223,40.39855930575009],[-111.80320675176279,40.3985593123994],[-111.80320636088716,40.39847407962489],[-111.80290681091145,40.398474805145504],[-111.80292929217026,40.39850417258683],[-111.8029274215483,40.3985041783311],[-111.80271710788051,40.39850468217905],[-111.80266601787181,40.3987643081812],[-111.80263218128798,40.398984730966085],[-111.80263080928387,40.399019682702935],[-111.80232104371363,40.39901988467035],[-111.8023191730775,40.39901989040483],[-111.8020591579514,40.39902116722537],[-111.80205941550027,40.39905840499931],[-111.80205754483922,40.39905840532603],[-111.80136159929943,40.399057292005025],[-111.80136125000958,40.399024009947645],[-111.80135937937327,40.399024015666775],[-111.80083368351667,40.39902537221417],[-111.80083181288423,40.39902537882547],[-111.8008683621285,40.397745465890836],[-111.8008791774313,40.397366696101514],[-111.80126711998916,40.39736361462189],[-111.80126670358206,40.397362679959485],[-111.80113944513302,40.39707752293865],[-111.80115944152736,40.39641560697569],[-111.80075599288116,40.39597055320285],[-111.80045721371518,40.395645544589954],[-111.8000639769453,40.39564655387586],[-111.79880666736999,40.39423207613814],[-111.79833925688541,40.39351588398741],[-111.79771973386259,40.39358947703051],[-111.79721495591329,40.392975350775245],[-111.7981603168865,40.39231659509775],[-111.79813006679738,40.39227370127725],[-111.7978169112291,40.39186005782193],[-111.79784391482492,40.39183292836778],[-111.79786839621337,40.391758931150086],[-111.79786348909117,40.391693731192554],[-111.79786335408843,40.391691942019214],[-111.79716810368318,40.391697434281134],[-111.795771534343,40.391708453273004],[-111.79577345553471,40.391800255047315],[-111.79504493877997,40.39180228569056],[-111.79504496247257,40.39180259003781],[-111.79394782357801,40.39180748921957],[-111.79398519808299,40.39208848091039],[-111.7936799807633,40.39208859371011],[-111.79313896848058,40.392090044330374],[-111.793128743919,40.39265629292816],[-111.79309449983046,40.39455285461164],[-111.79222490605753,40.39456207914212],[-111.79186600631954,40.39456591650644],[-111.79188900479969,40.39446287600546],[-111.79102652757079,40.394466773775555],[-111.79102685138992,40.39445899799131],[-111.79102949615634,40.3943725267703],[-111.7910367277012,40.394286317886696],[-111.79104852562985,40.394200614469426],[-111.7910635042768,40.39410187738159],[-111.79150591066495,40.39410018501408],[-111.79181092442613,40.3940762167128],[-111.79180596934602,40.39355787841813],[-111.79221569177156,40.39355685568148],[-111.79221542421124,40.39349423771311],[-111.7922086848415,40.392809875062326],[-111.79131443996386,40.3928152539081],[-111.79131117284048,40.39204687421652],[-111.79023327760963,40.39204955257294],[-111.79023308129969,40.39181344946323],[-111.79020289624677,40.391813524349594],[-111.79020427202445,40.39140632078857],[-111.79058065134605,40.39140637893369],[-111.79058910554399,40.390984615532155],[-111.79051342812784,40.39098462877999],[-111.7896296339182,40.390983164727125],[-111.7896732145848,40.39155960996108],[-111.78968935006175,40.391718630742254],[-111.78949615889714,40.39171999430181],[-111.78850483880922,40.391705622627704],[-111.78852157132191,40.390974882147404],[-111.78801584114807,40.390972126985005],[-111.78799096561363,40.39181566208633],[-111.78519130104209,40.3918206792437],[-111.78519333734583,40.39099952128392],[-111.78519424224555,40.3907747595526],[-111.78519513887947,40.39054999422174],[-111.78563437562326,40.39051119497264],[-111.78562908210516,40.39044880625844],[-111.78562639997251,40.39037233639369],[-111.78562600143576,40.390360671732495],[-111.78561798323436,40.39028268925653],[-111.78561755107577,40.39027848535165],[-111.7856149311524,40.39026146927023],[-111.78560350114786,40.39018724707309],[-111.78560191756576,40.39017695963923],[-111.78559018204689,40.390118417850395],[-111.78557191830608,40.39004279926919],[-111.78554192806683,40.38994236770897],[-111.78553906116406,40.38993276697101],[-111.78551718822011,40.38987087531927],[-111.78549843597395,40.389823508332434],[-111.78548001997399,40.389779373721],[-111.7854735881474,40.38976393760503],[-111.78545909855451,40.38973209127425],[-111.78544139817438,40.38969318566796],[-111.78541072082746,40.38962163929185],[-111.78540648771269,40.38961176719618],[-111.78539547919996,40.389580608536285],[-111.78537342845307,40.38951782387665],[-111.78536997757793,40.38950798679617],[-111.78534759992446,40.38944164820893],[-111.78534565959228,40.38943589622488],[-111.78533445782163,40.38939651453315],[-111.78532858739013,40.38937587689943],[-111.78530942259306,40.38929420833862],[-111.78530891405357,40.38929145280297],[-111.78530388038965,40.389264156696655],[-111.78529360962031,40.389206250723404],[-111.78528030599382,40.38911955054369],[-111.78527408662995,40.38907172425203],[-111.78527219905527,40.3890269413738],[-111.78526961351086,40.38896702449554],[-111.78526906727207,40.388945346272266],[-111.78526966588842,40.38884629809783],[-111.78526687646348,40.38876319543074],[-111.78527226975856,40.3880180113606],[-111.78527804257384,40.38730454578135],[-111.78528975459443,40.38649671454773],[-111.78530335614434,40.38576414729275],[-111.78531945909785,40.38465413533043],[-111.78532893701089,40.383174050411114],[-111.78355426201962,40.38317308763914],[-111.7824960757226,40.38316493535602],[-111.78251962614554,40.38151162057537],[-111.78252574216098,40.38106146749903],[-111.7813174576308,40.38105088779921],[-111.78131714601346,40.38061804201013],[-111.78127049501356,40.38061815420685],[-111.78125943572434,40.37907019363624],[-111.78126506659927,40.37890821423224],[-111.78126594820783,40.37830780653794],[-111.78126681832953,40.37769057523663],[-111.78104414644656,40.37769036661854],[-111.7810439221977,40.37755724976245],[-111.78025661978972,40.37755943349845],[-111.78010056991496,40.377472280934626],[-111.779558804651,40.37735427883074],[-111.7795575949671,40.37730349956852],[-111.77780003107333,40.37730238823414],[-111.7778011146617,40.37713975596577],[-111.7759673291752,40.37714367135777],[-111.77596788816315,40.37719495113034],[-111.77533321257664,40.37719464576034],[-111.77533647789622,40.376637537515016],[-111.77451466505198,40.37663314523348],[-111.7745130960589,40.37652182552117],[-111.77398384618675,40.37652352949108],[-111.77397856911539,40.37617418371541],[-111.77456281848546,40.37617743283659],[-111.7745604770822,40.375807084971925],[-111.77536994991674,40.375807807132496],[-111.775370266472,40.37571063164634],[-111.77528522284075,40.37571062831547],[-111.7752822319275,40.3751587779102],[-111.77476600252311,40.37515313818529],[-111.77477163409166,40.37472871372856],[-111.77401799873935,40.37472132626779],[-111.77401794090135,40.37472834761323],[-111.77396829703552,40.374727885723175],[-111.77395902009236,40.37570822346178],[-111.77343130254481,40.375708716331864],[-111.77226210210092,40.37570077894045],[-111.77144331256122,40.375694771177535],[-111.77107835291874,40.37569495571584],[-111.7710789074877,40.375760312175544],[-111.77107798661564,40.37576031430997],[-111.77107820064263,40.37577242350426],[-111.77089633254928,40.37577122109355],[-111.77088967907372,40.37647716939996],[-111.7702880568518,40.37647878198728],[-111.77028774714348,40.37647878270305],[-111.77029061353493,40.37722954686381],[-111.77016088440675,40.37723015461463],[-111.7701625959669,40.37766411609571],[-111.76925133469351,40.377666217515944],[-111.76925100834355,40.37758300765828],[-111.76922229147162,40.377582901747964],[-111.76922088844954,40.37722701575367],[-111.76912222563482,40.37722629267554],[-111.76911983710873,40.37753332447558],[-111.76910587626544,40.378097268227464],[-111.76909451443862,40.37852954128624],[-111.76907687938093,40.379408549292705],[-111.76907726727431,40.37950745578247],[-111.76907583698787,40.38051081196393],[-111.769073621363,40.38085529239356],[-111.76907686119749,40.38123490672654],[-111.76907654389929,40.381611993062876],[-111.76907908767865,40.381971527895644],[-111.76919228379452,40.38197002548111],[-111.76979713093849,40.381964919523206],[-111.7697980235975,40.381964909358565],[-111.76979735211216,40.38204995414492]],[[-111.81023812444953,40.3961913896221],[-111.81025343535806,40.39619137063309],[-111.81024531045615,40.39650723393827],[-111.81024169890817,40.39668614727708],[-111.8102397368952,40.39678335997157],[-111.81023647017655,40.396951045357795],[-111.81023545579302,40.397098495230786],[-111.81023234962886,40.39709852418181],[-111.81023234326825,40.39709945903318],[-111.80998760004586,40.39710161540881],[-111.80887203988728,40.39711110172629],[-111.80887637590287,40.396549324959715],[-111.80877690811556,40.396549587534665],[-111.808699281859,40.3965453848014],[-111.80861271801295,40.39653481845799],[-111.80844209700636,40.396507137829616],[-111.80847425606326,40.39440516664378],[-111.80847733509196,40.394406199632286],[-111.80847736849425,40.39440420378786],[-111.80891807389823,40.39455203361767],[-111.80899269093995,40.39461990661364],[-111.80907946008723,40.39469883488936],[-111.8094196404787,40.39492701888937],[-111.80961116521848,40.39499611595552],[-111.809822155657,40.39507223456272],[-111.81025603770756,40.39515962293471],[-111.81023812444953,40.3961913896221]],[[-111.81387926618251,40.3921695815916],[-111.8138313192942,40.39217033705779],[-111.81383462639779,40.39171670202089],[-111.81282759373747,40.391719399354464],[-111.81282548153119,40.39125685641114],[-111.81281238977655,40.39123990765678],[-111.81281135446667,40.391012783875],[-111.8138872806584,40.391009883800166],[-111.81387926618251,40.3921695815916]],[[-111.77979950582103,40.39405793121263],[-111.77979882887635,40.39389161064887],[-111.77985523994315,40.393885234477146],[-111.7799869467115,40.39387287545309],[-111.78003550751869,40.393870081701515],[-111.78011835196719,40.39386542443356],[-111.78019796470805,40.39386376037386],[-111.78024661446253,40.393862842294894],[-111.78025529615869,40.39386267920012],[-111.78025529728805,40.393862954784495],[-111.78024661489431,40.39386294766538],[-111.78024324842019,40.393862944922695],[-111.7802430335107,40.39401113741959],[-111.78024722217711,40.3940111408945],[-111.78049428165957,40.39401134942282],[-111.78049607791218,40.394011334308594],[-111.78049787311984,40.39401135161883],[-111.78049966729364,40.39401140405538],[-111.78050145925573,40.39401149162104],[-111.78050324663924,40.394011611619675],[-111.7805050306331,40.39401176675019],[-111.78050680651836,40.39401195522275],[-111.780508579014,40.3940121788273],[-111.78051034221942,40.394012434876075],[-111.78051209614571,40.39401272607091],[-111.78051384077817,40.39401304880939],[-111.78051557613146,40.39401340669395],[-111.78051729512718,40.39401379703971],[-111.78051900247324,40.394014218934736],[-111.78052069582861,40.39401467598721],[-111.78052237399692,40.39401516369683],[-111.78052403698179,40.39401568296418],[-111.78052568007175,40.39401623380062],[-111.7805273044446,40.394016816203354],[-111.7805289100967,40.394017429271706],[-111.78053049585387,40.39401807390917],[-111.78053205934914,40.3940187474195],[-111.78053360176789,40.39401945160123],[-111.78053511838738,40.39402018376367],[-111.78053661274501,40.39402094479905],[-111.78053808012925,40.39402173471869],[-111.78053952289211,40.39402255261628],[-111.78054093749631,40.39402339759969],[-111.78054232394175,40.394024269669],[-111.78054368104314,40.39402516702579],[-111.78054500763004,40.39402609147399],[-111.7805463048729,40.39402704120976],[-111.78054757040859,40.39402801443741],[-111.78054880424072,40.394029012057565],[-111.78055000518044,40.39403003137127],[-111.7805531076356,40.394031427083284],[-111.78055418756936,40.39403252413972],[-111.78055528043058,40.394033613960254],[-111.7805563862155,40.39403469564429],[-111.78055750256453,40.39403576829683],[-111.78055863537838,40.39403683460558],[-111.7805597799343,40.3940378918801],[-111.78056093388763,40.39403894282775],[-111.78056210311301,40.39403998383209],[-111.7805632840916,40.39404101850391],[-111.78056447563435,40.39404204414428],[-111.7805656812787,40.39404306164533],[-111.78056689984673,40.39404407100985],[-111.78056812779734,40.39404507044514],[-111.78056936985324,40.3940460626417],[-111.78057062246964,40.39404704490619],[-111.78057188683184,40.39404801903698],[-111.78057316176563,40.394048985937516],[-111.78057445078619,40.39404994109631],[-111.78057574919673,40.39405088812708],[-111.78057705935308,40.39405182702414],[-111.78057837889567,40.39405275689257],[-111.78057971135833,40.39405367772391],[-111.78058105555564,40.39405458771974],[-111.78058240796501,40.39405548959033],[-111.78058377328705,40.39405638062263],[-111.78058514682476,40.39405726443029],[-111.78058653327147,40.39405813649909],[-111.78058792793023,40.39405900044259],[-111.7805893343237,40.39405985355069],[-111.78059075010346,40.39406069763005],[-111.7805921764437,40.39406153177735],[-111.78059361333705,40.394062354191405],[-111.78059505726453,40.39406316848313],[-111.78059651292678,40.394063971939254],[-111.7805979779679,40.39406476456557],[-111.78059945239532,40.394065548163226],[-111.7806009350274,40.3940663218345],[-111.78060242586419,40.394067085579294],[-111.78060392842825,40.394067836687455],[-111.78060543920074,40.39406857876974],[-111.78060695699632,40.394069310027795],[-111.78060848534867,40.39407003045329],[-111.78061002308364,40.39407074094941],[-111.78061156783795,40.39407143972076],[-111.78061311961537,40.39407212766793],[-111.78061467960121,40.39407280658931],[-111.78061625013643,40.39407347287676],[-111.78061782769838,40.394074129240586],[-111.78061940992399,40.394074773885315],[-111.78062100388796,40.394075408595114],[-111.78062260133393,40.39407603068798],[-111.78062421052199,40.394076643746565],[-111.78062582436253,40.394077242384135],[-111.7806274464078,40.394077831095316],[-111.7806290743056,40.394078410786335],[-111.78063070803384,40.394078976053535],[-111.78063234997042,40.39407953229494],[-111.78063399892639,40.394080076811484],[-111.78063565372017,40.39408060870553],[-111.78063731317378,40.39408112797973],[-111.78063898319164,40.39408163822249],[-111.78064065551355,40.39408213585114],[-111.78064233249533,40.39408262086005],[-111.78064401650026,40.394083095044714],[-111.7806457087024,40.39408355750174],[-111.78064740321238,40.3940840082453],[-111.78064910356377,40.394084447266835],[-111.78065081093457,40.394084874563575],[-111.78065252179105,40.394085290144],[-111.78065423612951,40.394085693107456],[-111.78065595748737,40.39408608434609],[-111.78065768468666,40.39408646386277],[-111.78065941419007,40.39408683076538],[-111.78066114836074,40.39408718684938],[-111.78066288482802,40.39408752851806],[-111.78066462715164,40.394087862067174],[-111.78066637176823,40.3940881803004],[-111.78066812340421,40.39408848680875],[-111.78066987499211,40.39408878160926],[-111.78067163241782,40.39408906378724],[-111.7806733933292,40.3940893342488],[-111.7806751553667,40.39408959209912],[-111.78067692206778,40.394089838230315],[-111.78067869106924,40.394090070846744],[-111.78068046237848,40.394090291749684],[-111.7806822371734,40.394090500936265],[-111.78068401309442,40.394090697511594],[-111.78068579131956,40.394090881472756],[-111.78068757302661,40.394091052817025],[-111.78068935704516,40.3940912133484],[-111.78069114100457,40.394091359470075],[-111.78069292845333,40.394091494775985],[-111.7806947158466,40.394091616572894],[-111.78069650554399,40.394091725755665],[-111.78075080948726,40.394095985023625],[-111.78075081498136,40.39409732331873],[-111.78075230132293,40.39445822887511],[-111.78075230371812,40.39445938615464],[-111.78071841296854,40.39445946748399],[-111.78071867768165,40.39446053767541],[-111.78072902354229,40.394502480426404],[-111.7808230212339,40.39448892577832],[-111.78088171185256,40.394528119967845],[-111.78088903885785,40.39454340285755],[-111.78101559450837,40.39480738413918],[-111.78103711798875,40.39487857526925],[-111.78103877785539,40.39488406230702],[-111.78103949097215,40.39496357373697],[-111.78034734943279,40.39496512727062],[-111.78034701690396,40.39488573560829],[-111.78034094002916,40.394877988705396],[-111.78031522702116,40.39484521404373],[-111.78030183285898,40.39463198144686],[-111.7803119642756,40.39446044569695],[-111.78024906286672,40.39446060180376],[-111.77986933614909,40.39446150995774],[-111.77986924427235,40.39446151017753],[-111.77986924394062,40.39446142912332],[-111.77980115382562,40.39446159199868],[-111.77979950582103,40.39405793121263]]]},"properties":{"zone_code":"R1-9000","zone_description":"Residential","zone_class_normalized":"Residential-Low","jurisdiction":"american_fork_ut","source_rest_url":"https://maps.afcity.org/arcgis/rest/services/Planning/Zoning2/MapServer/0","extraction_method":"arcgis_rest","confidence":"rest_api"}},{"type":"Feature","geometry":{"type":"Polygon","coordinates":[[[-111.80801216517268,40.37769091560913],[-111.80801338047007,40.3779626421096],[-111.80731591847247,40.377964476851425],[-111.80731664587752,40.378126386072324],[-111.80733684685536,40.378126332990185],[-111.80733759964225,40.37829387999775],[-111.80700536375794,40.378294754372654],[-111.80700608367307,40.37845515776359],[-111.8074809165524,40.37845846570881],[-111.80805883193858,40.378462488234625],[-111.80805962057784,40.37829217228234],[-111.80765602896554,40.378293031091395],[-111.807655275504,40.37812550750161],[-111.80806039812998,40.378124363667325],[-111.80806110774533,40.377971019132325],[-111.80806366481023,40.37767615304566],[-111.80806613700979,40.37739094987573],[-111.80854602242393,40.37738946779883],[-111.80854820495279,40.37789421656271],[-111.80899237036012,40.377882310386795],[-111.80899014005774,40.37738856729025],[-111.80920328526211,40.37738795174046],[-111.80920369361809,40.3774782915826],[-111.80967727919237,40.3774770385695],[-111.8096782174228,40.37766867573383],[-111.81083846552542,40.37767542267752],[-111.81083704771427,40.37689226846234],[-111.81083704621952,40.37689168036308],[-111.8105961698893,40.37688897361306],[-111.80964349232532,40.37688034471597],[-111.80965051278068,40.376252496605105],[-111.80807495639918,40.37624570599602],[-111.80807290178232,40.37578661433262],[-111.80647734891068,40.37577376132155],[-111.8064793561847,40.37583646156918],[-111.80647795954805,40.37583646072602],[-111.80571708126645,40.37583313581239],[-111.80481015085434,40.37582917259636],[-111.8048046536153,40.376308009259475],[-111.80449997195824,40.37630763842804],[-111.80449905893433,40.376445119160344],[-111.80389033954656,40.37643982621774],[-111.80389557214612,40.37612316992819],[-111.80324076195438,40.3761176223124],[-111.80323801069524,40.37629286619003],[-111.80260316798015,40.37628446951181],[-111.80127463583835,40.37627439012939],[-111.80126798223455,40.37682277152858],[-111.8026003150197,40.376840933224756],[-111.80261308110755,40.377464266865736],[-111.80387759081272,40.37747687509242],[-111.80400265949827,40.37747103108593],[-111.80479982851237,40.37747632783467],[-111.80480198596915,40.37747633752251],[-111.80479988530735,40.37765742557647],[-111.80565715311056,40.37766291378985],[-111.80565874601565,40.377513387369085],[-111.80566122376065,40.3775133908004],[-111.80647698531482,40.377514626984734],[-111.80647838247471,40.37734362763691],[-111.80701423752896,40.37734341102721],[-111.80701586231245,40.37741575244463],[-111.8073281663739,40.37741493220709],[-111.80732803051525,40.377490587113485],[-111.80732517727019,40.377534917586566],[-111.8073277223658,40.377692763873725],[-111.80801216517268,40.37769091560913]]]},"properties":{"zone_code":"CC-2","zone_description":"Central Commercial","zone_class_normalized":"Commercial","jurisdiction":"american_fork_ut","source_rest_url":"https://maps.afcity.org/arcgis/rest/services/Planning/Zoning2/MapServer/0","extraction_method":"arcgis_rest","confidence":"rest_api"}},{"type":"Feature","geometry":{"type":"Polygon","coordinates":[[[-111.81878859674018,40.364169676738165],[-111.81955631703144,40.36416478837441],[-111.82022170941009,40.36417170680321],[-111.82022465417428,40.364003432877176],[-111.82023998502075,40.36312728842437],[-111.82023863727518,40.36309239931597],[-111.82023861181965,40.36309174013031],[-111.82023851102953,40.36309108475352],[-111.82023317097033,40.363056485771196],[-111.82023310540723,40.363056061757774],[-111.82023299280436,40.363055649581234],[-111.82022361699451,40.36302111478734],[-111.82022346772482,40.36302066668637],[-111.82021006735118,40.362986572509264],[-111.82020998764582,40.36298639710625],[-111.82019265520447,40.362953135061986],[-111.82019263502914,40.36295310089357],[-111.82017151347748,40.36292102723531],[-111.82017146017161,40.362920958033385],[-111.82014681393679,40.36289047191139],[-111.82011878509729,40.36286174225143],[-111.82011865738183,40.362861622818336],[-111.82008765039225,40.362835032175866],[-111.8200872545142,40.36283472074367],[-111.82005364850461,40.362810523855295],[-111.82005326456485,40.362810247514595],[-111.82005284541373,40.3628099946864],[-111.82001705461005,40.36278839845971],[-111.82001639105063,40.36278799769768],[-111.82001567352218,40.362787637611355],[-111.8199781342872,40.36276879935969],[-111.81989241436412,40.36273002885726],[-111.8198816207804,40.362725621020296],[-111.81988081155825,40.36272529090447],[-111.81988000854291,40.36272502921897],[-111.81986809064911,40.36272114231422],[-111.81986703311794,40.362720837194395],[-111.81985416704761,40.36271762204423],[-111.81985356716558,40.36271749399558],[-111.81983999370176,40.36271507873014],[-111.81983967795063,40.36271503276147],[-111.81982560588965,40.36271350326908],[-111.81982557291091,40.36271350065739],[-111.81982553993227,40.36271349804574],[-111.81981118850221,40.362712905062175],[-111.8197968286004,40.36271327036194],[-111.81979679093337,40.36271327226622],[-111.81979675327048,40.36271327507108],[-111.81978261677287,40.36271458451075],[-111.81978236143749,40.36271461763148],[-111.81976866712606,40.36271682648228],[-111.81976811779603,40.36271693425795],[-111.81975507842287,40.362719967186614],[-111.81975461033481,40.36272007564064],[-111.81975414006035,40.36272022012559],[-111.81974199053717,40.362723956707136],[-111.81974049064684,40.36272447866628],[-111.81972943279726,40.36272877244833],[-111.81972825778212,40.36272927730778],[-111.81972361808658,40.36273136502772],[-111.81970492768231,40.36273844705011],[-111.81968543893915,40.362742882717235],[-111.81966552459718,40.36274458719288],[-111.81964556553649,40.36274352787738],[-111.81963574512967,40.36274203177062],[-111.81962613127251,40.36273988845175],[-111.81962608294182,40.36273987597512],[-111.81961678993935,40.36273710674667],[-111.81960782019277,40.36273372150902],[-111.81960775058138,40.36273369017753],[-111.81959927276465,40.36272975511568],[-111.81959923145607,40.362729733613676],[-111.81959126685007,40.36272526758272],[-111.81959110390332,40.36272516715838],[-111.81958375879026,40.3627202383152],[-111.81958355913085,40.362720092059476],[-111.81957687023589,40.36271474893735],[-111.81957660187747,40.362714514608456],[-111.81957061063125,40.3627088048273],[-111.8195703290443,40.36270851109346],[-111.81956504736326,40.36270246524193],[-111.81956476786183,40.36270211386251],[-111.81956021473515,40.362695764311255],[-111.81955997042836,40.36269538581703],[-111.81955615418137,40.36268875055572],[-111.81955596642152,40.3626883791119],[-111.8195529191078,40.36268151479235],[-111.81955276415837,40.362681109935835],[-111.81955051073362,40.362674066024],[-111.819550411221,40.36267368263091],[-111.8195489611837,40.36266647621276],[-111.81954891130525,40.36266613231143],[-111.81954828368217,40.36265880386299],[-111.81954827529304,40.36265852018992],[-111.81954848672252,40.36265110298873],[-111.81954850346598,40.36265090660735],[-111.81954957179747,40.36264344113264],[-111.81954959251456,40.36264333930571],[-111.81955153329312,40.362635876850476],[-111.81955503659438,40.36262668183097],[-111.81938280681219,40.36289147507194],[-111.81878316267687,40.36289373373667],[-111.81878849692036,40.364149769668934],[-111.81878859674018,40.364169676738165]]]},"properties":{"zone_code":"RA-1","zone_description":"Residential Agricultural","zone_class_normalized":"Agriculture/Rural","jurisdiction":"american_fork_ut","source_rest_url":"https://maps.afcity.org/arcgis/rest/services/Planning/Zoning2/MapServer/0","extraction_method":"arcgis_rest","confidence":"rest_api"}},{"type":"Feature","geometry":{"type":"Polygon","coordinates":[[[-111.77007391577183,40.38311977540557],[-111.76980081546087,40.38311996437596],[-111.76979908804955,40.383254699353124],[-111.7696940629687,40.38325493976103],[-111.76969477328021,40.383466149265544],[-111.77007489681725,40.38346546941153],[-111.77007391577183,40.38311977540557]]]},"properties":{"zone_code":"R1-9000","zone_description":"R1-9000","zone_class_normalized":"Residential-Low","jurisdiction":"american_fork_ut","source_rest_url":"https://maps.afcity.org/arcgis/rest/services/Planning/Zoning2/MapServer/0","extraction_method":"arcgis_rest","confidence":"rest_api"}},{"type":"Feature","geometry":{"type":"Polygon","coordinates":[[[-111.81166896387869,40.37271857203144],[-111.80991349967952,40.372697520077686],[-111.80928182631115,40.3725656620865],[-111.8092744645852,40.373076754754116],[-111.80960421131725,40.37308542521087],[-111.80960220339205,40.37324825967057],[-111.81109083167668,40.37366329865313],[-111.81109473899288,40.37281012500983],[-111.81117549969004,40.37281059461817],[-111.81158666055367,40.37289619883723],[-111.81158614835579,40.37281451047605],[-111.81166678334004,40.37281374803357],[-111.81166896387869,40.37271857203144]]]},"properties":{"zone_code":"PI-1","zone_description":"Planned Industrial","zone_class_normalized":"Industrial/Flex","jurisdiction":"american_fork_ut","source_rest_url":"https://maps.afcity.org/arcgis/rest/services/Planning/Zoning2/MapServer/0","extraction_method":"arcgis_rest","confidence":"rest_api"}},{"type":"Feature","geometry":{"type":"Polygon","coordinates":[[[-111.81171728812255,40.37020542564551],[-111.81348184976706,40.37020072410085],[-111.8134805686305,40.370291431640794],[-111.81347871761659,40.37029143660266],[-111.81347886007642,40.37032278318728],[-111.81358554544809,40.37032276283874],[-111.81360182012344,40.36904208735534],[-111.81349820736901,40.36904256600815],[-111.81169676560154,40.369047389604575],[-111.81169886935983,40.36931194289377],[-111.81163760073012,40.36931210618534],[-111.81163932435061,40.369631808114775],[-111.8116324996876,40.37020568404555],[-111.81171728812255,40.37020542564551]]]},"properties":{"zone_code":"TOD","zone_description":"Transit Oriented Development","zone_class_normalized":"Mixed-Use","jurisdiction":"american_fork_ut","source_rest_url":"https://maps.afcity.org/arcgis/rest/services/Planning/Zoning2/MapServer/0","extraction_method":"arcgis_rest","confidence":"rest_api"}}]}
