{"type":"FeatureCollection","features":[{"type":"Feature","geometry":{"type":"Polygon","coordinates":[[[-111.905494771206,40.4887766482731],[-111.905463205305,40.4862440551304],[-111.905646201112,40.4862439116533],[-111.906139807394,40.4862435112838],[-111.906126226664,40.4862561297533],[-111.906433607696,40.4862558796932],[-111.906447189325,40.4862432612237],[-111.907704575601,40.4862422295549],[-111.907946706604,40.4862420314198],[-111.907946704808,40.4862407770199],[-111.908603303212,40.4862398744804],[-111.908603381365,40.4862398751637],[-111.908598930213,40.4869391059111],[-111.908591617028,40.4877934568431],[-111.908590756442,40.4877934547934],[-111.908574598445,40.489780940605],[-111.908573569874,40.4899218494196],[-111.907582831422,40.489919913951],[-111.905817629312,40.4899164645401],[-111.905797055197,40.4897847972031],[-111.905507356603,40.4897862489782],[-111.905494771206,40.4887766482731]]]},"properties":{"zone_code":"Regional Commercial","zone_description":"The purposes of the RC (Regional Commercial) zone are to allow for the establishment of a variety of retail and service commercial uses not only required to meet the needs of the city, but also meet the needs of a larger regional area.","zone_class_normalized":"Agriculture/Rural","jurisdiction":"bluffdale_ut","source_rest_url":"https://services3.arcgis.com/ojBMkFlpg5ujUNtB/arcgis/rest/services/Zoning/FeatureServer/0","extraction_method":"arcgis_rest","confidence":"rest_api"}},{"type":"Feature","geometry":{"type":"MultiPolygon","coordinates":[[[[-111.911920153634,40.4692964647869],[-111.912622800578,40.4690964164659],[-111.913038495077,40.4694170186147],[-111.913308856537,40.4695241462586],[-111.913439149084,40.4699817224363],[-111.912473362237,40.470202922387],[-111.911951946808,40.4697663879945],[-111.911878242734,40.4694860545205],[-111.911920153634,40.4692964647869]]],[[[-111.90326386808,40.4854862771609],[-111.903273120727,40.4836146639092],[-111.902650590931,40.4839048796591],[-111.902703143273,40.4838024750298],[-111.902751283989,40.4836988130638],[-111.902809450802,40.483551915464],[-111.902859098891,40.4834032076048],[-111.902900134832,40.4832529750746],[-111.902932477775,40.4831015102971],[-111.902956065738,40.4829491056982],[-111.903011448672,40.4825083386858],[-111.903075853386,40.4819956815508],[-111.903082512597,40.4819453472581],[-111.903109420733,40.4817788250481],[-111.903126332417,40.4816921160044],[-111.903145224886,40.4816056453105],[-111.903166090055,40.4815194396149],[-111.903188920738,40.4814335262496],[-111.903213713341,40.4813479291303],[-111.903240457984,40.4812626755892],[-111.903269147479,40.4811777909088],[-111.903299771945,40.4810933024217],[-111.903344849406,40.4809782501291],[-111.90338002384,40.4808947999745],[-111.903417099108,40.4808118321117],[-111.903456064432,40.4807293704572],[-111.903496909031,40.4806474409775],[-111.903613046824,40.4803914484604],[-111.903743077962,40.4801048252749],[-111.9038516735,40.479888937034],[-111.90452349206,40.4789170832177],[-111.904515288644,40.4789170688685],[-111.904763646769,40.4785601849886],[-111.904764491186,40.4785589734932],[-111.904765334704,40.4785577613144],[-111.904766177324,40.4785565498189],[-111.90476702174,40.4785553369567],[-111.904767865258,40.4785541254612],[-111.904768709674,40.4785529139657],[-111.904769553192,40.4785517017868],[-111.90477039671,40.4785504902912],[-111.904771241127,40.4785492787956],[-111.904772085543,40.4785480666166],[-111.90477292996,40.4785468551209],[-111.904773774376,40.4785456436252],[-111.904774618792,40.4785444321295],[-111.90477546231,40.4785432206338],[-111.904776306727,40.478542009138],[-111.904777151143,40.4785407976422],[-111.904777995559,40.4785395861464],[-111.904778839976,40.4785383746506],[-111.90477968529,40.4785371631547],[-111.904780529707,40.4785359509756],[-111.904781374123,40.4785347394797],[-111.904782219438,40.4785335279838],[-111.904783063854,40.4785323164878],[-111.904783909169,40.4785311049919],[-111.904784755382,40.4785298934959],[-111.904785599798,40.4785286833665],[-111.904786445113,40.4785274718705],[-111.904787290428,40.4785262603744],[-111.904788135742,40.4785250495617],[-111.904788981057,40.4785238380656],[-111.90478982727,40.4785226265695],[-111.904790672585,40.4785214157566],[-111.904791517899,40.4785202042605],[-111.904792363214,40.4785189934476],[-111.904793208529,40.4785177819514],[-111.904794054742,40.4785165718218],[-111.904794900955,40.4785153603256],[-111.904795746269,40.4785141495126],[-111.904796592482,40.4785129380163],[-111.904797438695,40.4785117272033],[-111.90479828401,40.4785105170736],[-111.904799131121,40.4785093055773],[-111.904799977334,40.4785080947642],[-111.904800823547,40.4785068839511],[-111.90480166976,40.478505673138],[-111.904802516872,40.4785044630082],[-111.904803363085,40.4785032515117],[-111.904804210196,40.4785020406985],[-111.904805056409,40.4785008298853],[-111.90480590352,40.4784996197554],[-111.904806749733,40.4784984089422],[-111.904807596845,40.4784971981289],[-111.904808443058,40.4784959873156],[-111.904809290169,40.4784947771856],[-111.904810138179,40.4784935663723],[-111.904810984392,40.4784923569255],[-111.904811831503,40.4784911461121],[-111.904812679513,40.4784899352988],[-111.904813525726,40.4784887244853],[-111.904814373735,40.4784875143552],[-111.904815221745,40.478486304225],[-111.904816068856,40.4784850940948],[-111.904816915967,40.4784838832814],[-111.904817763977,40.4784826731511],[-111.904818611987,40.4784814630209],[-111.904819459996,40.4784802528906],[-111.904820308006,40.4784790427603],[-111.904821156016,40.47847783263],[-111.904822003127,40.4784766224997],[-111.904822851137,40.4784754123693],[-111.904823699146,40.4784742015556],[-111.904824547156,40.4784729921085],[-111.904825396064,40.4784717826614],[-111.904826244073,40.4784705718477],[-111.904827092083,40.4784693617172],[-111.904827940991,40.47846815227],[-111.904828789001,40.4784669414562],[-111.904829637908,40.478465732009],[-111.904830486816,40.4784645225617],[-111.904831334826,40.4784633124312],[-111.904832183734,40.4784621029839],[-111.904833032642,40.4784608928533],[-111.904833882448,40.4784596834059],[-111.904834731356,40.4784584739586],[-111.904835580264,40.4784572638279],[-111.904836429172,40.4784560543805],[-111.90483727808,40.4784548442498],[-111.904838126988,40.4784536348024],[-111.904838976794,40.4784524253549],[-111.904839825702,40.4784512152241],[-111.904840675508,40.4784500057766],[-111.904841524416,40.4784487970123],[-111.904842375121,40.4784475868815],[-111.904843224029,40.4784463774339],[-111.904844073835,40.478445167303],[-111.904844923641,40.4784439585387],[-111.904845773448,40.4784427490911],[-111.904846622356,40.4784415396434],[-111.90484747306,40.4784403301957],[-111.904848322866,40.478439120748],[-111.904849173571,40.4784379119836],[-111.904850023377,40.4784367018525],[-111.904850874082,40.4784354930881],[-111.904851723888,40.4784342836403],[-111.904852574593,40.4784330748758],[-111.904853424399,40.4784318661112],[-111.904854275103,40.4784306559801],[-111.90485512491,40.4784294472155],[-111.904855976513,40.4784282384509],[-111.904856826319,40.4784270296863],[-111.904857677922,40.4784258202383],[-111.904858528626,40.4784246114737],[-111.904859379331,40.478423402709],[-111.904860230035,40.478422193261],[-111.904861081638,40.4784209844963],[-111.904861931445,40.4784197757315],[-111.904862783048,40.4784185669667],[-111.90486363465,40.478417358202],[-111.904864486253,40.4784161494372],[-111.904865336958,40.4784149406723],[-111.904866188561,40.4784137319074],[-111.904867040164,40.4784125231425],[-111.904867891767,40.4784113143776],[-111.904868743369,40.4784101049294],[-111.904869594074,40.4784088975311],[-111.904870445677,40.4784076887661],[-111.904871298178,40.4784064793178],[-111.904872149781,40.4784052705528],[-111.904873002282,40.4784040631544],[-111.904873853885,40.478402853706],[-111.904874706386,40.4784016463076],[-111.904875557989,40.4784004375425],[-111.90487641049,40.4783992287773],[-111.904877262093,40.4783980206955],[-111.904878114594,40.4783968119303],[-111.904878967096,40.4783956038485],[-111.904879819597,40.4783943957666],[-111.904880672098,40.4783931870014],[-111.904881524599,40.4783919789194],[-111.9048823771,40.4783907701541],[-111.9048832305,40.4783895620721],[-111.904884083001,40.4783883539901],[-111.904884935502,40.4783871465914],[-111.904885788004,40.478385937826],[-111.904886641403,40.478384729744],[-111.904887493904,40.4783835216618],[-111.904888348202,40.4783823135797],[-111.904889200703,40.4783811054976],[-111.904890054103,40.4783798980987],[-111.904890906604,40.4783786900166],[-111.904891760902,40.4783774819344],[-111.904892613403,40.4783762738521],[-111.904893466803,40.4783750664532],[-111.9048943211,40.4783738583709],[-111.9048951745,40.4783726502886],[-111.904896028798,40.4783714422063],[-111.904896882197,40.4783702341239],[-111.904897736495,40.4783690274082],[-111.904898589895,40.4783678193258],[-111.904899443294,40.4783666112434],[-111.904900297592,40.4783654038443],[-111.904901150992,40.4783641964452],[-111.904902006188,40.4783629883627],[-111.904902859587,40.4783617802802],[-111.904903714783,40.4783605735643],[-111.904904569081,40.4783593654817],[-111.904905423379,40.4783581587658],[-111.904906277677,40.4783569506832],[-111.904907131975,40.478355743284],[-111.904907986273,40.4783545358846],[-111.904908841469,40.4783533284853],[-111.904909695767,40.4783521217692],[-111.904910550963,40.4783509136866],[-111.904911406159,40.4783497062871],[-111.904912261355,40.478348499571],[-111.904913115653,40.4783472921716],[-111.904913970849,40.4783460847721],[-111.904914826045,40.4783448773727],[-111.904915681241,40.4783436706564],[-111.904916535539,40.4783424632569],[-111.904917391634,40.4783412565407],[-111.90491824683,40.4783400491411],[-111.904919102026,40.4783388424248],[-111.90491995812,40.4783376350252],[-111.904920813317,40.4783364283088],[-111.904921669411,40.4783352209091],[-111.904922525505,40.4783340141928],[-111.904923380702,40.4783328067931],[-111.904924236796,40.4783316000766],[-111.904925092891,40.4783303926769],[-111.904925948985,40.4783291859604],[-111.904926805079,40.4783279799273],[-111.904927661174,40.4783267725275],[-111.904928517268,40.4783255658109],[-111.904929373363,40.4783243597777],[-111.904930229457,40.4783231523778],[-111.904931085552,40.4783219456612],[-111.904931941646,40.4783207389446],[-111.904932798639,40.4783195322279],[-111.904933655632,40.4783183261946],[-111.904934511726,40.4783171187946],[-111.904935368719,40.4783159127612],[-111.904936224814,40.4783147060445],[-111.904937081806,40.478313500011],[-111.904937939697,40.4783122932943],[-111.904938795792,40.4783110865774],[-111.904939652785,40.4783098805439],[-111.904940510676,40.4783086745104],[-111.904941367669,40.4783074671103],[-111.904942224661,40.4783062610767],[-111.904943080756,40.4783050550431],[-111.904943938647,40.4783038490095],[-111.904944796538,40.4783026422925],[-111.904945654429,40.4783014362589],[-111.904946511422,40.4783002302252],[-111.904947369313,40.4782990241915],[-111.904948226306,40.4782978181578],[-111.904949085095,40.4782966114407],[-111.904949942088,40.4782954054069],[-111.904950800877,40.4782941993731],[-111.90495165787,40.4782929933393],[-111.90495251666,40.4782917873055],[-111.904953373652,40.4782905812716],[-111.904954232442,40.4782893745544],[-111.904955090333,40.4782881698872],[-111.904955949122,40.4782869631699],[-111.904956807013,40.478285757136],[-111.904957664904,40.4782845517854],[-111.904958523694,40.4782833457514],[-111.904959382483,40.4782821397174],[-111.904960240374,40.4782809343667],[-111.904961099164,40.4782797283326],[-111.904961958852,40.4782785229818],[-111.904962817641,40.4782773169478],[-111.904963675532,40.4782761115969],[-111.90496453522,40.4782749055628],[-111.904965394009,40.4782737002119],[-111.904966252799,40.4782724948611],[-111.904967112486,40.4782712888269],[-111.904967970377,40.478270083476],[-111.904968830065,40.478268878125],[-111.904969689753,40.4782676720908],[-111.904970548542,40.4782664667397],[-111.90497140823,40.4782652613887],[-111.904972267918,40.4782640560377],[-111.904973127605,40.47826285137],[-111.904973987293,40.4782616460189],[-111.904974846981,40.4782604406678],[-111.904975706669,40.4782592353167],[-111.904976566356,40.4782580299656],[-111.904977426044,40.4782568246144],[-111.90497828663,40.4782556192633],[-111.904979146318,40.4782544145954],[-111.904980006006,40.4782532092441],[-111.90498086749,40.4782520038929],[-111.904981727178,40.4782507985416],[-111.904982587764,40.4782495931904],[-111.904983447451,40.4782483892056],[-111.904984308037,40.4782471838543],[-111.904985167725,40.478245978503],[-111.90498602921,40.4782447738349],[-111.904986889796,40.4782435684835],[-111.904987750382,40.4782423638154],[-111.904988611866,40.4782411591473],[-111.904989472452,40.4782399537958],[-111.904990333038,40.4782387498109],[-111.904991194522,40.4782375444594],[-111.904992055108,40.4782363397913],[-111.904992915695,40.4782351344397],[-111.904993777179,40.4782339304547],[-111.904994637765,40.4782327257864],[-111.904995500148,40.4782315204348],[-111.904996360734,40.4782303164498],[-111.904997223116,40.4782291117815],[-111.904998083702,40.4782279077964],[-111.904998945187,40.4782267024447],[-111.904999806671,40.4782254977763],[-111.905000668155,40.4782242937912],[-111.905001530538,40.4782230891227],[-111.905002392921,40.4782218851376],[-111.905003253507,40.478220680469],[-111.905004115889,40.4782194758005],[-111.905004977374,40.4782182718153],[-111.905005839757,40.4782170671467],[-111.905006702139,40.4782158631614],[-111.905007563624,40.4782146584929],[-111.905008426905,40.4782134545075],[-111.905009289287,40.4782122498389],[-111.905010150772,40.4782110451702],[-111.905011013154,40.4782098418681],[-111.905011876435,40.4782086378827],[-111.905012738818,40.478207433214],[-111.905013602099,40.4782062299118],[-111.905014463583,40.4782050252431],[-111.905015326864,40.4782038212576],[-111.905016190145,40.4782026179553],[-111.905017052528,40.4782014132865],[-111.905017915809,40.4782002099843],[-111.90501877909,40.4781990053154],[-111.905019642371,40.478197802013],[-111.905020505652,40.4781965973441],[-111.905021368035,40.4781953940418],[-111.905022231315,40.4781941900561],[-111.905023094597,40.4781929860705],[-111.905023957877,40.4781917827681],[-111.905024821158,40.478190578099],[-111.905025684439,40.4781893747965],[-111.905026548619,40.4781881714941],[-111.9050274119,40.4781869681916],[-111.905028276977,40.4781857642058],[-111.905029140258,40.4781845602199],[-111.905030004438,40.4781833569174],[-111.905030867719,40.4781821529315],[-111.905031731898,40.4781809496289],[-111.905032596077,40.4781797463263],[-111.905033459358,40.4781785430236],[-111.905034324436,40.4781773390377],[-111.905035188615,40.478176135735],[-111.905036052794,40.4781749324323],[-111.905036916974,40.4781737298128],[-111.905037782051,40.4781725265101],[-111.905038646231,40.478171322524],[-111.90503951041,40.4781701192212],[-111.905040376386,40.4781689159184],[-111.905041240565,40.4781677132989],[-111.905042104745,40.478166509996],[-111.90504297072,40.4781653066931],[-111.9050438349,40.4781641040736],[-111.905044699079,40.4781629000873],[-111.905045565055,40.4781616974677],[-111.905046431031,40.4781604941647],[-111.90504729521,40.478159291545],[-111.905048160288,40.478158088242],[-111.905049026264,40.4781568856223],[-111.90504989224,40.4781556823193],[-111.905050756419,40.4781544796995],[-111.905051621497,40.4781532770797],[-111.905052487473,40.4781520737766],[-111.905053353449,40.4781508711568],[-111.905054218526,40.4781496685369],[-111.9050550854,40.4781484659171],[-111.905055951376,40.4781472626139],[-111.905056816454,40.4781460599939],[-111.90505768243,40.478144857374],[-111.905058549304,40.478143654754],[-111.905059414382,40.478142452134],[-111.905060281256,40.478141249514],[-111.905061147232,40.478140046894],[-111.905062014106,40.478138844274],[-111.905062879184,40.4781376416539],[-111.905063746058,40.4781364390338],[-111.905064612932,40.4781352364137],[-111.905065479807,40.4781340337935],[-111.905066346681,40.47813283254],[-111.905067211758,40.4781316299199],[-111.905068078633,40.4781304272997],[-111.905068947304,40.4781292246794],[-111.905069813279,40.4781280227425],[-111.905070680154,40.4781268201222],[-111.905071547028,40.478125617502],[-111.905072413902,40.4781244162483],[-111.905073280776,40.4781232136279],[-111.905074148549,40.4781220116909],[-111.905075015423,40.4781208090706],[-111.905075883196,40.4781196071334],[-111.90507675007,40.4781184051963],[-111.905077617843,40.4781172032592],[-111.905078486514,40.4781160006387],[-111.905079353388,40.4781147987016],[-111.90508022116,40.4781135974477],[-111.905081088933,40.4781123948272],[-111.905081956705,40.47811119289],[-111.905082824478,40.4781099909527],[-111.905083693149,40.4781087896987],[-111.905084560921,40.4781075877614],[-111.905085428694,40.4781063851408],[-111.905086296467,40.4781051838868],[-111.905087164239,40.4781039819494],[-111.90508803291,40.478102780012],[-111.905088900683,40.4781015787579],[-111.905089769354,40.4781003768205],[-111.905090638024,40.478099174883],[-111.905091506695,40.4780979736289],[-111.905092374468,40.4780967716914],[-111.905093244037,40.4780955711205],[-111.90509411181,40.478094369183],[-111.905094981379,40.4780931679287],[-111.90509585005,40.4780919659911],[-111.905096719619,40.4780907640535],[-111.90509758829,40.4780895634825],[-111.905098456062,40.4780883615448],[-111.905099325632,40.4780871602905],[-111.905100194302,40.4780859590361],[-111.90510106477,40.4780847577818],[-111.905101934339,40.4780835565273],[-111.90510280301,40.4780823552729],[-111.905103672579,40.4780811540184],[-111.90510454125,40.4780799527639],[-111.905105411718,40.4780787521927],[-111.905106281287,40.4780775502549],[-111.905107151754,40.4780763496836],[-111.905108020425,40.4780751484291],[-111.905108890893,40.4780739471745],[-111.905109760462,40.4780727459199],[-111.905110630031,40.4780715453485],[-111.905111500499,40.4780703447772],[-111.905112370966,40.4780691428392],[-111.905113240535,40.4780679422678],[-111.905114110104,40.4780667410131],[-111.905114980572,40.4780655404416],[-111.905115851039,40.4780643398702],[-111.905116721507,40.4780631386154],[-111.905117591974,40.4780619380439],[-111.90511846334,40.4780607374723],[-111.905119333808,40.4780595362175],[-111.905120204275,40.478058335646],[-111.905121073845,40.4780571350744],[-111.905121946109,40.4780559338195],[-111.905122816576,40.4780547339311],[-111.905123687942,40.4780535333595],[-111.90512455841,40.4780523327878],[-111.905125429775,40.4780511315328],[-111.905126301141,40.4780499316444],[-111.905127171609,40.4780487310727],[-111.905128042974,40.4780475305009],[-111.90512891434,40.4780463306124],[-111.905129785706,40.4780451293573],[-111.905130657072,40.4780439294688],[-111.905131528438,40.4780427288969],[-111.905132400702,40.4780415290084],[-111.905133272068,40.4780403284365],[-111.905134143434,40.4780391285479],[-111.905135014799,40.4780379272927],[-111.905135887962,40.478036727404],[-111.905136759328,40.4780355275154],[-111.905137630694,40.4780343269434],[-111.905138502958,40.4780331270547],[-111.905139375222,40.4780319271659],[-111.905140247486,40.4780307272772],[-111.90514111975,40.4780295273884],[-111.905141992014,40.4780283268163],[-111.905142864278,40.4780271269275],[-111.905143737441,40.4780259270387],[-111.905144609705,40.4780247271498],[-111.905145481071,40.4780235272609],[-111.905146354233,40.478022327372],[-111.905147226497,40.4780211274831],[-111.90514809966,40.4780199269108],[-111.905148972822,40.4780187270219],[-111.905149845985,40.4780175284995],[-111.905150718249,40.4780163286105],[-111.905151591411,40.4780151287214],[-111.905152463676,40.4780139288324],[-111.905153337736,40.4780127289433],[-111.905154210899,40.4780115297376],[-111.905155084061,40.4780103298484],[-111.905155957224,40.4780091299593],[-111.905157086406,40.4780075808997],[-111.905430892905,40.477631519136],[-111.905630898311,40.4773570956872],[-111.90705114286,40.4773574940597],[-111.907328322533,40.477357570591],[-111.907605470764,40.4773576464389],[-111.907928988234,40.4773577352699],[-111.90818780185,40.4773578056513],[-111.908446616365,40.4773578739828],[-111.908511109114,40.4773578910656],[-111.908629450475,40.4773579231814],[-111.908640871655,40.4773579259147],[-111.908629560069,40.4773781349468],[-111.908493759951,40.4776207255386],[-111.908332541104,40.4779087225317],[-111.908230416131,40.478091154222],[-111.908128448363,40.4782733025281],[-111.908026478798,40.4784554544399],[-111.907989174459,40.4785220935932],[-111.90777075898,40.478912249561],[-111.907883703262,40.4789129745412],[-111.907887160877,40.4789079570766],[-111.907887097097,40.4789130462876],[-111.907887062961,40.4789131139341],[-111.907887011757,40.4789132143791],[-111.907848275504,40.4789897609025],[-111.907725898013,40.479231585846],[-111.907715316757,40.479252496742],[-111.907336658,40.4800007360101],[-111.907220592072,40.4801565391363],[-111.906864013905,40.480635189059],[-111.906779256061,40.4807508637246],[-111.906723602734,40.4808251171165],[-111.906700727136,40.4808543737722],[-111.906589185123,40.481004098529],[-111.906574026951,40.4810244458522],[-111.906552534758,40.481053295871],[-111.906269312119,40.4813366127422],[-111.906046858712,40.4815574862635],[-111.90592658777,40.4816782285263],[-111.905644071206,40.4819618515972],[-111.905808986621,40.4820247641464],[-111.906186935709,40.4822534847519],[-111.906263372458,40.4822997410912],[-111.906172294068,40.4824146722311],[-111.906088303386,40.4825327079173],[-111.906011581871,40.4826535946438],[-111.905942295711,40.4827770720732],[-111.905880594027,40.4829028730372],[-111.905826610669,40.4830307262696],[-111.905780459721,40.4831603557235],[-111.905742243592,40.4832914812542],[-111.905712044927,40.4834238206694],[-111.905689926608,40.4835570890461],[-111.905675937144,40.4836909966804],[-111.905670107078,40.4838252559209],[-111.905648395696,40.4851058982465],[-111.90564761506,40.4851652953363],[-111.905646675422,40.4852367685462],[-111.905645672004,40.4853130748764],[-111.905644418854,40.4854083018898],[-111.905642838718,40.4855284216343],[-111.905642037421,40.4855892948124],[-111.905640027889,40.4857420473296],[-111.905638311209,40.4858726226009],[-111.905544271073,40.4859434131966],[-111.905475905687,40.4859948779648],[-111.905483289838,40.4859948991448],[-111.90548111861,40.4859965341068],[-111.90326137795,40.485990078979],[-111.903262067856,40.4858501956337],[-111.90326386808,40.4854862771609]]],[[[-111.914616702081,40.4860422706643],[-111.914605715685,40.4858193567482],[-111.914605585429,40.4858167017215],[-111.914605517157,40.4858153304815],[-111.914605439004,40.4858139585582],[-111.914605364443,40.4858125873181],[-111.914576814187,40.4852333434911],[-111.914574786689,40.4851921348645],[-111.914563025946,40.4849536608091],[-111.914543780439,40.4845633841742],[-111.914538368089,40.4844536110956],[-111.914510405331,40.4838865433257],[-111.914506750985,40.4838167351224],[-111.914444581279,40.4826292022253],[-111.914439842666,40.4825386789448],[-111.914422860914,40.482214313843],[-111.914410431823,40.481976878024],[-111.914393678243,40.4816568400962],[-111.914382467269,40.4814426875776],[-111.914371257192,40.4812285350591],[-111.914366488935,40.4811374653185],[-111.9143589889,40.4810088896719],[-111.914351949702,40.4808882186328],[-111.914351794293,40.4808855716104],[-111.914318419185,40.4803147306642],[-111.914316858812,40.4802879739131],[-111.914304605791,40.4800777985418],[-111.914275809397,40.4795838887828],[-111.914265891098,40.4794137536067],[-111.914242027352,40.4790044456623],[-111.914239044047,40.4789769982576],[-111.91423385448,40.4789292514039],[-111.914233489764,40.4789259005066],[-111.914257679597,40.4789258752245],[-111.914258699185,40.4789258745412],[-111.915306770814,40.4789248010787],[-111.915310721604,40.4789247969789],[-111.916550217932,40.4789235130603],[-111.918541369692,40.4789214235324],[-111.920019709188,40.478919849895],[-111.920135140008,40.478919726218],[-111.920135068142,40.4789230750658],[-111.920124176069,40.4794283077647],[-111.92012417068,40.4794285414511],[-111.92000420786,40.4794364341765],[-111.920001848884,40.4794365892841],[-111.9198360639,40.4794363480815],[-111.919692273267,40.479436137627],[-111.919548483533,40.4794359278559],[-111.919404692002,40.4794357174015],[-111.919260900471,40.4794355076303],[-111.91911710894,40.4794352971758],[-111.918973318308,40.4794350853548],[-111.918829526777,40.4794348749004],[-111.918685736144,40.4794346637626],[-111.918541944613,40.4794344526249],[-111.918398153981,40.4794342414871],[-111.918254361552,40.4794340289828],[-111.918110570919,40.4794338178451],[-111.917966779388,40.479433606024],[-111.917822989654,40.4794333935197],[-111.917679198123,40.4794331816987],[-111.917535406592,40.479432968511],[-111.917502235402,40.4794329199972],[-111.915303679711,40.4794296477037],[-111.915303582693,40.4794366104663],[-111.915299533088,40.4797268586287],[-111.915296699801,40.4799299056657],[-111.915294766627,40.4800685188188],[-111.915292831656,40.480207132369],[-111.915290898481,40.4803457449498],[-111.915288964408,40.4804843586109],[-111.915287030335,40.4806229706192],[-111.915285096263,40.4807615843911],[-111.915283163088,40.4809001985601],[-111.915281228117,40.4810388110764],[-111.915279294943,40.4811774239897],[-111.915279226671,40.4811823094123],[-111.915277361768,40.4813160366167],[-111.915275426797,40.4814546503242],[-111.915273492724,40.4815932541796],[-111.915271578414,40.4817305048736],[-111.915269663206,40.4818677450379],[-111.915267748896,40.4820049849217],[-111.915262155985,40.48240589298],[-111.915260981887,40.4824900368173],[-111.915260461763,40.482527278033],[-111.915947407054,40.4825251435219],[-111.916695862687,40.4825228129145],[-111.917447180353,40.4825204686417],[-111.917817855782,40.4825193098289],[-111.917968283168,40.4825188390612],[-111.918524602637,40.4825170974256],[-111.918524566704,40.4825174411066],[-111.918528988212,40.4837705672844],[-111.919242254141,40.4837668319592],[-111.919886624677,40.4837634553397],[-111.919940979939,40.4837631697413],[-111.920030594075,40.4837626996656],[-111.920009349817,40.4846648584356],[-111.9199962416,40.4852214975679],[-111.91999899314,40.4852211532176],[-111.919990832844,40.4854511692721],[-111.919981133734,40.4858630198288],[-111.919782035626,40.4859941127507],[-111.919491959739,40.4860168218424],[-111.919492392727,40.4860168191095],[-111.919458099541,40.4860194727618],[-111.919451787079,40.4860203684719],[-111.919451786181,40.4860208658609],[-111.918969539095,40.4860213133743],[-111.918447917953,40.4860222883387],[-111.918163911982,40.4860237736733],[-111.917813396545,40.486025606087],[-111.917746888875,40.4860259538493],[-111.917440232783,40.4860275560156],[-111.916890914783,40.4860304242006],[-111.916876534552,40.4860304986723],[-111.916313014188,40.486033438596],[-111.915839549032,40.4860359064101],[-111.91574949562,40.4860363757866],[-111.915662659075,40.4860368280825],[-111.915211459562,40.4860391770151],[-111.914616702081,40.4860422706643]]],[[[-111.900179222278,40.4859095305744],[-111.900479747368,40.4857330368989],[-111.900524199601,40.4857650830901],[-111.900569376775,40.4857965307576],[-111.900615266313,40.4858273723865],[-111.900652901232,40.4858517889222],[-111.90066185474,40.4858575977293],[-111.900709125887,40.485887197905],[-111.900757066279,40.4859161633491],[-111.900805662441,40.4859444851804],[-111.900856981397,40.4859733050724],[-111.9008569796,40.4859736002265],[-111.900889417765,40.4859926356141],[-111.900922287121,40.4860112364642],[-111.900955575991,40.486029396628],[-111.90098927539,40.4860471099567],[-111.90102337454,40.4860643716684],[-111.90105786266,40.4860811756141],[-111.901092728972,40.4860975183783],[-111.90112796449,40.486113393812],[-111.901161196766,40.4861277757111],[-111.901163558437,40.4861287971332],[-111.901199497336,40.4861437235596],[-111.901235773104,40.4861581703585],[-111.901272374062,40.4861721300148],[-111.901296450708,40.4861809156056],[-111.89963212132,40.4861839771367],[-111.899637792385,40.4861816172777],[-111.899704128477,40.4861528432512],[-111.899768696684,40.4861236879726],[-111.899769798917,40.4861231905844],[-111.899834781248,40.4860926667914],[-111.899899054809,40.4860612828027],[-111.899962601632,40.4860290461327],[-111.900025401955,40.4859959677117],[-111.900087436914,40.4859620564204],[-111.900179222278,40.4859095305744]]],[[[-111.908806114057,40.4844276929667],[-111.908919977316,40.4843013004381],[-111.909112678521,40.484085028727],[-111.909273466177,40.4839045715141],[-111.909351346519,40.4838171648861],[-111.90941666482,40.4837438549555],[-111.909485462296,40.4836666415345],[-111.909486475595,40.4836655080217],[-111.90948749159,40.4836643758755],[-111.909488511178,40.483663245779],[-111.909489479562,40.4836621737587],[-111.909489532562,40.4836621163657],[-111.90949055754,40.4836609890021],[-111.909491587009,40.4836598636883],[-111.909492619174,40.4836587397409],[-111.909493654033,40.4836576178433],[-111.909494692485,40.4836564973122],[-111.909495733633,40.4836553788308],[-111.909496778373,40.4836542617159],[-111.909497825809,40.4836531459675],[-111.909498876838,40.4836520329521],[-111.909499930562,40.4836509213031],[-111.909500987879,40.4836498110206],[-111.909502048789,40.4836487034712],[-111.909503112394,40.4836475972882],[-111.909504178695,40.4836464917884],[-111.909505248588,40.4836453883383],[-111.909506321177,40.4836442883046],[-111.909507397358,40.4836431882707],[-111.909508477133,40.4836420909699],[-111.909509559603,40.4836409950355],[-111.90951064387,40.4836399011509],[-111.909511732628,40.4836388086328],[-111.909512824979,40.4836377188476],[-111.909513920026,40.4836366297458],[-111.909515016868,40.4836355426936],[-111.909516118203,40.4836344583744],[-111.909517221334,40.4836333754217],[-111.909518328059,40.4836322931522],[-111.909519439275,40.4836312142989],[-111.909520551389,40.483630136129],[-111.909521667995,40.4836290606919],[-111.909522787296,40.4836279866214],[-111.909523909291,40.4836269146006],[-111.909525034881,40.4836258446296],[-111.909526163165,40.483624776025],[-111.909527294143,40.4836237094701],[-111.909528427817,40.4836226442818],[-111.909529565983,40.4836215825097],[-111.909530705945,40.4836205207375],[-111.909638166012,40.4835399476252],[-111.90976970093,40.4834686721181],[-111.909897502448,40.4834249603355],[-111.90995832558,40.4834150968938],[-111.910046687464,40.4834007663408],[-111.910145476993,40.4833847460989],[-111.910457923625,40.483347247089],[-111.91045824612,40.4833472081436],[-111.910458220069,40.4833513438789],[-111.910457733182,40.483429711677],[-111.910457731386,40.4834298640424],[-111.910457727792,40.4834304502735],[-111.910457667605,40.483438971121],[-111.91045528707,40.4838258339495],[-111.910455146932,40.4838479759951],[-111.910453751849,40.4840681908024],[-111.910452216628,40.4843106028062],[-111.911055848566,40.4843128294985],[-111.911733825078,40.484315326072],[-111.912032324467,40.4843128937234],[-111.912031445914,40.4840952200285],[-111.912006709905,40.4839850020734],[-111.911955196913,40.4838655348022],[-111.912527889076,40.4836645302901],[-111.913126218259,40.4834788600969],[-111.913125525658,40.483951255112],[-111.913124964211,40.4840244739442],[-111.913121938685,40.484419819959],[-111.913117369854,40.4850167113011],[-111.91311631613,40.4851543280419],[-111.91311538817,40.485275522285],[-111.913113578963,40.4855118566813],[-111.913112039251,40.4857129970899],[-111.913110262383,40.4859952147957],[-111.913110071941,40.4860253806222],[-111.913109346102,40.4861406961879],[-111.910440530444,40.4861544966564],[-111.910441104468,40.4860639104907],[-111.908282363907,40.4860577744361],[-111.906495374957,40.4860526782513],[-111.90656125201,40.486002899048],[-111.906556497227,40.4860028867499],[-111.906751190895,40.4858538748183],[-111.906760528882,40.4858467282497],[-111.90677864341,40.4858353128687],[-111.906924350149,40.4857434991922],[-111.907042070774,40.4856693209303],[-111.907319389685,40.4855002150936],[-111.907875166572,40.4851613066083],[-111.908288481434,40.4849062639248],[-111.90840332206,40.4848232395285],[-111.908407352801,40.4848196614067],[-111.908576819081,40.4846692687524],[-111.908806114057,40.4844276929667]]],[[[-111.907946704808,40.4862407770199],[-111.907946701215,40.4862379956134],[-111.908603303212,40.4862398744804],[-111.907946704808,40.4862407770199]]],[[[-111.941209601302,40.4874317782285],[-111.941358867166,40.4871031632587],[-111.942115003395,40.4871023789271],[-111.942049003273,40.4874886788542],[-111.941703582181,40.4875668819504],[-111.941209601302,40.4874317782285]]],[[[-111.919667975636,40.4862608911427],[-111.919631050386,40.4862522258099],[-111.918146074136,40.4862599865539],[-111.918147309319,40.4861145067867],[-111.919382347308,40.4861114917117],[-111.91938414304,40.4860291547657],[-111.919451786181,40.4860239663432],[-111.919451787079,40.4861076840948],[-111.919631513018,40.486106743293],[-111.919670434325,40.4861064618039],[-111.919856469132,40.4861054916234],[-111.919979901245,40.4861048473415],[-111.921543365098,40.4860966793769],[-111.921540738424,40.4861003968087],[-111.920845921196,40.4870838378193],[-111.92084589784,40.4870838699305],[-111.920818082406,40.4871232381798],[-111.920146636647,40.4880735663096],[-111.919931039182,40.4883787051062],[-111.919796136481,40.4885696319555],[-111.919693743809,40.4887145489105],[-111.919634772106,40.4887980112058],[-111.919622909853,40.4888147994367],[-111.919627835315,40.4887817497166],[-111.919667975636,40.4862608911427]]],[[[-111.915055229958,40.4952373051354],[-111.915055666539,40.4950757583808],[-111.915064493385,40.4934235555378],[-111.915069894955,40.4898125284938],[-111.915069996465,40.4897749449438],[-111.915069951549,40.4897749449438],[-111.915069952447,40.4897742405765],[-111.915069959634,40.4897694316132],[-111.913583650284,40.4897720967313],[-111.912773608849,40.4897735409916],[-111.910457241804,40.4897776414884],[-111.909674943938,40.4897790160634],[-111.908574598445,40.489780940605],[-111.908591617028,40.4877934568431],[-111.908598930213,40.4869391059111],[-111.908603381365,40.4862398751637],[-111.908703055734,40.4862401341057],[-111.909920390624,40.4862436028358],[-111.910439811792,40.4862450792837],[-111.912043567781,40.4862367938216],[-111.912043620781,40.4862422842128],[-111.91302567522,40.4862371955576],[-111.913205434396,40.4862362636394],[-111.91391080593,40.4862326015564],[-111.913910911932,40.4862271111644],[-111.914625471434,40.4862233985222],[-111.915243982169,40.4862201798512],[-111.91553018452,40.4862186870055],[-111.915529585344,40.486273616875],[-111.915529527851,40.486273616875],[-111.915526193305,40.4865795816706],[-111.915501368362,40.4888572649726],[-111.91550140699,40.4888612698777],[-111.915509926612,40.489741984511],[-111.91551467331,40.4900527752313],[-111.915528449873,40.4909548152956],[-111.915541865314,40.491833152358],[-111.915571657042,40.4933958011458],[-111.915572113386,40.4934197155444],[-111.915572187048,40.4934197148613],[-111.916350172101,40.4934197736123],[-111.916350911415,40.4934197736123],[-111.915089006613,40.4951946503101],[-111.915089043444,40.4951898314882],[-111.915055229958,40.4952373051354]]]]},"properties":{"zone_code":"Heavy Commercial","zone_description":"The HC (Heavy Commercial) zone is established to provide areas within the city for various uses that under the right circumstances are compatible with each other. The zone allows for limited commercial and service uses.","zone_class_normalized":"Commercial","jurisdiction":"bluffdale_ut","source_rest_url":"https://services3.arcgis.com/ojBMkFlpg5ujUNtB/arcgis/rest/services/Zoning/FeatureServer/0","extraction_method":"arcgis_rest","confidence":"rest_api"}},{"type":"Feature","geometry":{"type":"MultiPolygon","coordinates":[[[[-111.93119620839,40.4788743018581],[-111.93117035308,40.4788724726657],[-111.931158633659,40.4788726489569],[-111.931158824101,40.4788716568062],[-111.931108805008,40.478868116632],[-111.931099140932,40.4788659601389],[-111.930952589777,40.4788332553694],[-111.930928657759,40.4788279126482],[-111.930792372551,40.4787682960775],[-111.930635225767,40.4786879890949],[-111.930508095289,40.4786230166797],[-111.930353129615,40.4785389561413],[-111.930269870161,40.4784807530687],[-111.930206889276,40.4784273850043],[-111.930105190105,40.47831811437],[-111.930031009923,40.4782437919245],[-111.929950265752,40.4781604408668],[-111.929869825212,40.4780467528966],[-111.929742203356,40.4777195153162],[-111.929609672207,40.4773386940169],[-111.929744432076,40.4771585815093],[-111.929750196566,40.4768963151155],[-111.929754169814,40.4767155741321],[-111.929925070704,40.4765305181594],[-111.929981845128,40.4764690388579],[-111.930117821316,40.4763685286782],[-111.93033459198,40.4762082970053],[-111.931001325178,40.475715452109],[-111.93140461035,40.4753811388497],[-111.931638253172,40.4751881080748],[-111.931672646071,40.475187887357],[-111.931692673112,40.4751877588896],[-111.931760179709,40.4751873263374],[-111.932057084588,40.4751313931397],[-111.932121793831,40.4750217112379],[-111.932253520988,40.4747984258871],[-111.932358507095,40.4746204700277],[-111.932358818811,40.4746199342871],[-111.932491401164,40.4743833558565],[-111.932491490097,40.4743831747701],[-111.932491578132,40.4743829649831],[-111.932585058617,40.4741244003755],[-111.932613397769,40.4740460176143],[-111.932710425701,40.473769217165],[-111.932815033618,40.4734708099633],[-111.932915106839,40.4732179991255],[-111.932968101152,40.4730841334692],[-111.933040100224,40.4729022546796],[-111.933145304622,40.4726364851428],[-111.933221676692,40.4724390312573],[-111.933285726572,40.4722190311476],[-111.933386066593,40.4718743679169],[-111.933430498165,40.4717217492195],[-111.933430853898,40.4717205205163],[-111.9334585265,40.4716227756734],[-111.933466565524,40.4715682390558],[-111.933466655355,40.4715105821069],[-111.933466691288,40.4714914346394],[-111.93345910771,40.4714382393803],[-111.933443969301,40.4713817877944],[-111.933418007989,40.4713179283626],[-111.933365904804,40.471200650642],[-111.933320175167,40.471097713416],[-111.933274988111,40.4709820528705],[-111.933274648548,40.4709807059292],[-111.933221086499,40.470759542026],[-111.933168203577,40.4705410788121],[-111.933126004318,40.4703667561672],[-111.933112532284,40.4703111011926],[-111.933101845925,40.470234751841],[-111.933107880807,40.4701498826032],[-111.933139379334,40.4700513864796],[-111.933183447089,40.4699752493671],[-111.933245390419,40.469879349873],[-111.933356897397,40.46970671144],[-111.933480016897,40.4695160938204],[-111.93351748922,40.4694580770105],[-111.933582741944,40.469458057192],[-111.934041891547,40.4694579157292],[-111.93433923211,40.4694578234709],[-111.934739979541,40.4694576990929],[-111.934739660639,40.4688611095199],[-111.934739653453,40.468848939509],[-111.934739837607,40.4686399256515],[-111.934730647842,40.4686347741556],[-111.934687810779,40.4686107907864],[-111.93463545966,40.4685496527697],[-111.934632118825,40.4685311878627],[-111.934622148424,40.4684761225123],[-111.93462857048,40.4684457950335],[-111.934640854941,40.4683877595304],[-111.934667074069,40.4683355219991],[-111.934717682457,40.4682667753586],[-111.934760705471,40.468231721338],[-111.934792986431,40.4682054183383],[-111.934879910113,40.4681595637],[-111.934952804805,40.4681288007469],[-111.935031149576,40.4680851623522],[-111.935106595483,40.468029193852],[-111.935170949892,40.4679649362209],[-111.935226850255,40.4678875057793],[-111.935288030916,40.467793009766],[-111.935304088302,40.4677682060013],[-111.935376805128,40.4676526401833],[-111.935419621529,40.4675380432485],[-111.935429885679,40.4674437832054],[-111.935422727903,40.4673683026335],[-111.935422470087,40.4673669460518],[-111.935422205982,40.4673655874198],[-111.935421944572,40.4673642301547],[-111.93542162567,40.4673626002063],[-111.935409785875,40.4673028914455],[-111.935387494181,40.4672379442344],[-111.935358906195,40.467173482871],[-111.935306900029,40.4670755687561],[-111.935239208379,40.4669268161999],[-111.935239106869,40.4669265817865],[-111.935150575203,40.4667327804097],[-111.935087080482,40.4665612881925],[-111.935000420905,40.4663334012161],[-111.935000393057,40.4663333096368],[-111.934954345416,40.466174301958],[-111.934934455817,40.4660762688365],[-111.934917901663,40.4660267188049],[-111.934898118964,40.4659520752101],[-111.934888251869,40.465880228818],[-111.934887566454,40.4657723148815],[-111.934886911582,40.4656693050923],[-111.93489258624,40.465551558239],[-111.934911136451,40.4654386669929],[-111.934942656537,40.4653453485135],[-111.93499633896,40.4651900775886],[-111.934996400046,40.4651899169805],[-111.935041093926,40.4650794909772],[-111.935079422344,40.4649847934988],[-111.935082780247,40.4649668743644],[-111.935100221038,40.4648738518432],[-111.935110787921,40.4648338677498],[-111.93513046911,40.4647593902729],[-111.935149125322,40.4647063065502],[-111.935171709867,40.4646559278572],[-111.935239109564,40.4644956292791],[-111.935306996148,40.4642951695751],[-111.935348060835,40.4641839575015],[-111.935422170049,40.4641839595519],[-111.935483565407,40.4641839602353],[-111.935905658607,40.4641839691202],[-111.936128576443,40.4641839759547],[-111.936626544046,40.4641839889402],[-111.936825130114,40.4641839944078],[-111.937183173433,40.4641840026092],[-111.937454214019,40.4641840073933],[-111.93772525191,40.4641840121775],[-111.937996264648,40.464184017645],[-111.938179106843,40.464184019012],[-111.938613531216,40.4641840217458],[-111.938807154991,40.4641840278968],[-111.938807787405,40.4641840285803],[-111.938809642426,40.4641840278968],[-111.938834749439,40.4641840203788],[-111.938833274406,40.4644085739611],[-111.938832242242,40.4645658628553],[-111.938844561737,40.4646100748962],[-111.938884337341,40.464719519563],[-111.939087679989,40.4651155102927],[-111.939087724007,40.4651155950391],[-111.93908773838,40.4651156244271],[-111.939265941674,40.4654559579239],[-111.939505035474,40.4659125817788],[-111.939586042851,40.466067287204],[-111.939667128382,40.4664618245424],[-111.93972286076,40.4667330032056],[-111.939775015149,40.4669867713264],[-111.939882869577,40.4672922636249],[-111.940053927672,40.4675498834077],[-111.940187119082,40.4677094249925],[-111.940247152594,40.4677813370857],[-111.940385205687,40.4679716473106],[-111.940397518895,40.4679886170701],[-111.940517421527,40.4682178843814],[-111.940517975788,40.4682191890069],[-111.940518526455,40.4682204956826],[-111.940529943144,40.4682478572746],[-111.940588409096,40.4683877834496],[-111.940689677076,40.4685293235349],[-111.94083182469,40.4686354575592],[-111.941065922958,40.468720174262],[-111.941293832733,40.4687599681061],[-111.941371590005,40.468788427022],[-111.941427741897,40.4688089755505],[-111.94154397042,40.4689366362521],[-111.941560172434,40.4690122196215],[-111.941551456081,40.4691777347321],[-111.941537532194,40.4694251366707],[-111.941522176393,40.4696980070671],[-111.941242000839,40.4701435756136],[-111.940922024528,40.4707799730931],[-111.940646724131,40.4713275120307],[-111.940776293534,40.471459720588],[-111.940834243853,40.4714585779853],[-111.94118727637,40.4714516184956],[-111.941322025459,40.4714489622173],[-111.941520730105,40.4714450437453],[-111.941964724231,40.4714362876612],[-111.94234893278,40.4714287103981],[-111.942469989748,40.4714263233686],[-111.942939181617,40.4714170677347],[-111.943279129273,40.4714103610896],[-111.943295651088,40.4714628436109],[-111.943296640133,40.4714659844014],[-111.943399210671,40.4717917838953],[-111.943397372718,40.4717916930068],[-111.943352674346,40.4717893941453],[-111.943186068302,40.4717808615685],[-111.943004399307,40.4717715410632],[-111.942907697463,40.4717665852518],[-111.942872374808,40.4717647763669],[-111.942499893765,40.4717456822749],[-111.942441476322,40.4717426870558],[-111.94210278451,40.4717253253059],[-111.942054892628,40.4717228699498],[-111.941939394435,40.4717169478465],[-111.941773161192,40.4717084261946],[-111.94134888868,40.4716866724008],[-111.941220393661,40.4716793001777],[-111.941098136545,40.4716574117501],[-111.94100946025,40.4716274977819],[-111.940961781268,40.4716055163985],[-111.940910048189,40.4715758860073],[-111.940864034683,40.4715431653859],[-111.940840861742,40.4715228459411],[-111.940839808018,40.4715228500413],[-111.940542330912,40.4715233126856],[-111.940530429133,40.4715196381826],[-111.940534048445,40.4715234842125],[-111.939800317097,40.4715384829073],[-111.939335461396,40.4715479831723],[-111.939501460179,40.4717896804779],[-111.93952859469,40.4718363848013],[-111.939547695568,40.4718853537819],[-111.9395584493,40.4719357844553],[-111.939560682512,40.4719868519912],[-111.939554356576,40.4720377185777],[-111.939539575696,40.4720875505059],[-111.939385761662,40.4724837861737],[-111.939355576472,40.4725497150889],[-111.939323777907,40.4726036502332],[-111.939286366669,40.4726554436757],[-111.939243588895,40.4727047537402],[-111.93919572486,40.472751257202],[-111.939130563764,40.4728095445114],[-111.939063798277,40.472871478865],[-111.93899998196,40.4729352008308],[-111.938896920044,40.4730483261685],[-111.938887962942,40.4730583804237],[-111.938819866152,40.4731225812459],[-111.938759455347,40.4731983792617],[-111.938740248468,40.4732285269215],[-111.938722165382,40.4732569101412],[-111.938722167178,40.4732578975914],[-111.938722248027,40.4733011130442],[-111.938722718744,40.4735164634857],[-111.938724409373,40.4743115738351],[-111.938724433628,40.4743214755151],[-111.938725726303,40.4748394352089],[-111.938726129647,40.4750014222292],[-111.938727366627,40.4754968601516],[-111.938727649596,40.4756106118895],[-111.938728997968,40.4761506611237],[-111.938729349209,40.4762883021908],[-111.938730963481,40.4769345741632],[-111.93873136413,40.4770949271],[-111.938732408871,40.4775137385908],[-111.938732563381,40.4775757936516],[-111.938733426662,40.4779218413836],[-111.938733766225,40.4780579324944],[-111.938733828209,40.4780828240218],[-111.938735120885,40.4785982011992],[-111.938735625738,40.4788032516692],[-111.938450868776,40.4788055974384],[-111.937922357555,40.4788099514263],[-111.937414641434,40.4788141304891],[-111.93741419587,40.4788141339055],[-111.937385670766,40.478814369644],[-111.937259752116,40.4788154075767],[-111.937165307739,40.4788161831222],[-111.937164478594,40.4788161885885],[-111.937051058205,40.4788171233429],[-111.93690819104,40.4788182993021],[-111.936631961785,40.4782576281819],[-111.93619330994,40.4782612353523],[-111.935912528922,40.4782635428752],[-111.936187418789,40.4788213010386],[-111.936188327884,40.4788231425319],[-111.935952881244,40.4788252129305],[-111.935866805572,40.4788259713933],[-111.935867176576,40.4788268924815],[-111.935867186458,40.4788269245966],[-111.935483210573,40.4788300759755],[-111.93453257561,40.478837877209],[-111.934233275822,40.4788403350381],[-111.93423312221,40.4788403364047],[-111.934063282231,40.4788417317027],[-111.932180668517,40.4788571100439],[-111.931975822089,40.4788602252064],[-111.931307097327,40.478870392019],[-111.931261016448,40.4788710910343],[-111.93119620839,40.4788743018581]]],[[[-111.932645296945,40.4948119204115],[-111.93284512718,40.494838801852],[-111.932853153627,40.4948398812082],[-111.9328463426,40.4948494608355],[-111.932847870635,40.4948496671428],[-111.932828523618,40.4948786635586],[-111.932800590505,40.4949205302458],[-111.932576900117,40.495255805052],[-111.932538463901,40.4953134101843],[-111.932379060549,40.4953882417902],[-111.932026779922,40.4955536187832],[-111.931971941367,40.4955793625162],[-111.931957261099,40.4955833287649],[-111.931935268544,40.4955892719893],[-111.931842756443,40.4956142683656],[-111.931641716177,40.4956344438932],[-111.931319431196,40.4956600072493],[-111.930814577108,40.4957000481307],[-111.930814122561,40.4957000836534],[-111.930806824647,40.495769791373],[-111.930806807579,40.4957699437103],[-111.930642167049,40.4957839327912],[-111.930642137405,40.4957837080423],[-111.93062711937,40.4956656191496],[-111.930619730726,40.4956075163186],[-111.930607195635,40.4955089543905],[-111.930603938344,40.495509193486],[-111.93041649408,40.4955230856168],[-111.930374971252,40.4955261631169],[-111.930247293701,40.4955356299297],[-111.93016927412,40.4955414146722],[-111.929970089774,40.4955561812022],[-111.929858130045,40.4955644784931],[-111.929808948182,40.4955681223056],[-111.929545822652,40.495644750939],[-111.929472024255,40.4956662428459],[-111.929235874235,40.4956647713872],[-111.929012570123,40.4956633812209],[-111.928925244894,40.4956628360843],[-111.928493972709,40.4956601425087],[-111.928209389122,40.4956583677409],[-111.92798104097,40.4956569427348],[-111.927557396381,40.495654302443],[-111.927328196626,40.4956528740212],[-111.926984717692,40.4956507228494],[-111.926984295484,40.4956507235324],[-111.926919994076,40.4953937389473],[-111.926806050867,40.495127609631],[-111.926806318565,40.4950394969118],[-111.926825246068,40.4949586492248],[-111.926885245444,40.4947023505922],[-111.926935931087,40.4946620638687],[-111.92703917087,40.4945800052037],[-111.927086910039,40.4945587513646],[-111.927257526162,40.4945398645986],[-111.92745434255,40.4945180765312],[-111.927265831986,40.4936361375271],[-111.926418305651,40.4939933723174],[-111.926256993379,40.4943425577946],[-111.926095005573,40.4947754962132],[-111.925903427263,40.4948476908281],[-111.925502850511,40.494904429411],[-111.924848204146,40.4951073075712],[-111.924446970726,40.4952412310994],[-111.923899489781,40.4954228533096],[-111.923583194767,40.4954715714556],[-111.923101597163,40.4955341946741],[-111.92266282674,40.4955823375444],[-111.922080103989,40.4956462729496],[-111.92158903365,40.4965126049375],[-111.921187883774,40.4964681918884],[-111.921182448068,40.4964682110157],[-111.921104719541,40.4964684890457],[-111.920796257836,40.4964695827212],[-111.920781674585,40.4964696346383],[-111.920771239755,40.49646967221],[-111.920694722158,40.4964699447749],[-111.920302902183,40.4964713356077],[-111.919886987597,40.4964728166124],[-111.91954218814,40.4964748646068],[-111.918993940034,40.4964164427761],[-111.918359757291,40.4963460799317],[-111.916677590056,40.4963519137891],[-111.916579592842,40.4963527410492],[-111.916481629763,40.4963548730711],[-111.916383730465,40.4963583098549],[-111.916285924592,40.4963630507171],[-111.91618824089,40.496369092925],[-111.916090710799,40.4963764371614],[-111.915993363965,40.4963850779608],[-111.915896227337,40.496395016006],[-111.915761447705,40.4964109955707],[-111.915051815461,40.4965005246457],[-111.915052117295,40.4963885693927],[-111.915052913203,40.4960946231174],[-111.915053663296,40.4958170842643],[-111.915055229958,40.4952373051354],[-111.915081711394,40.4951998660321],[-111.91508904524,40.4951895732638],[-111.91615921273,40.4936877630845],[-111.916350172101,40.4934197736123],[-111.916968858007,40.4925487862602],[-111.917927570621,40.491199057927],[-111.918795837259,40.4899779096644],[-111.918796368163,40.4899771629418],[-111.919131294237,40.4895061767204],[-111.919434541222,40.4890797329201],[-111.919622909853,40.4888147994367],[-111.919634772106,40.4887980112058],[-111.919693743809,40.4887145489105],[-111.919796136481,40.4885696319555],[-111.919931039182,40.4883787051062],[-111.920146636647,40.4880735663096],[-111.920818082406,40.4871232381798],[-111.92084589784,40.4870838699305],[-111.920845921196,40.4870838378193],[-111.92155015726,40.4861003482996],[-111.921552819866,40.4860966295015],[-111.922066066016,40.4853798411359],[-111.922072680311,40.4853706038231],[-111.921912738868,40.4853060327849],[-111.92190950134,40.4853047257584],[-111.922238065545,40.484848923837],[-111.92234069088,40.4847065552194],[-111.923729856415,40.4827793404951],[-111.924683447733,40.4814563332258],[-111.92468607261,40.4814526913801],[-111.925655543448,40.4801075891701],[-111.925664064867,40.4800957683072],[-111.925826818935,40.4801540109769],[-111.926152323479,40.4802704961645],[-111.926152460022,40.4802705446777],[-111.926291004494,40.4803204176425],[-111.926069961442,40.4806315765499],[-111.926173348548,40.4806953656287],[-111.926286344034,40.4807650807356],[-111.926551483587,40.4809286646299],[-111.926589106828,40.4810576702114],[-111.926645916286,40.4812524435445],[-111.926716925414,40.4814959124908],[-111.926776235783,40.4816992759975],[-111.926841590915,40.4817877369356],[-111.926953425778,40.4819391151694],[-111.927005524471,40.4820096345569],[-111.927140906872,40.4821928818547],[-111.927359458896,40.482488701039],[-111.927567848279,40.4827707621701],[-111.927837004199,40.4831350725233],[-111.927940476645,40.4832751234585],[-111.928286895765,40.4837440018542],[-111.928322183386,40.4837375492428],[-111.928465623676,40.4837113254247],[-111.928666841808,40.4840003587389],[-111.928676364848,40.4840140352965],[-111.928832165956,40.4842378324947],[-111.928886492471,40.4843158658348],[-111.928899614162,40.4843347131172],[-111.928963058578,40.4844258461613],[-111.929041802201,40.4845180777346],[-111.929041883049,40.4845181706555],[-111.929075689348,40.4845561595786],[-111.929181845062,40.4846754404625],[-111.929185758123,40.4846798357473],[-111.929288964668,40.4847958081678],[-111.92935563134,40.4848503340414],[-111.929401681676,40.4848879989217],[-111.929540397726,40.4850014587201],[-111.929665180905,40.4851035185357],[-111.929676080165,40.4851124347644],[-111.929724385273,40.4851519442333],[-111.9297208513,40.4853404254041],[-111.92978176606,40.4854381700908],[-111.92980505129,40.4854928327723],[-111.929819893255,40.4855466085747],[-111.929821949499,40.4855609051913],[-111.929832692451,40.485635599412],[-111.929848129101,40.4857429259627],[-111.929850906692,40.4859098633063],[-111.929850944421,40.4859119218715],[-111.92984959605,40.4860532091181],[-111.92983946485,40.4860532596769],[-111.929838205412,40.4861625908256],[-111.929835928183,40.4863607108042],[-111.929263436344,40.4863622460066],[-111.92911580721,40.4863626409096],[-111.92880013383,40.4863527860982],[-111.927412737976,40.4863050192115],[-111.927401790207,40.4863248203986],[-111.927307802174,40.4863228889257],[-111.926881790523,40.4862621523745],[-111.926838014721,40.4862559118047],[-111.924626227745,40.4861806354834],[-111.924368609786,40.4861761050182],[-111.924046563756,40.4861663444646],[-111.923588469674,40.4861406845731],[-111.922973032076,40.4861265178929],[-111.922957525358,40.4861269223624],[-111.92272979345,40.4861328582256],[-111.922493810516,40.4861555624878],[-111.92232235896,40.4861998860281],[-111.922172404986,40.4862495953964],[-111.922022720507,40.486343009173],[-111.921908812332,40.4864362957401],[-111.921794970633,40.4865405062044],[-111.921695539707,40.4866610557177],[-111.921631782678,40.4867650868295],[-111.921575114255,40.486858165795],[-111.921518513206,40.4869621706391],[-111.921490194715,40.4870114421843],[-111.921426000206,40.4870444524664],[-111.921333184474,40.4870775652147],[-111.921264049232,40.4870750366328],[-111.921158017486,40.4872252141497],[-111.921192781389,40.487232103683],[-111.921216478946,40.4872368007811],[-111.921270477576,40.4872366880508],[-111.921273457288,40.4872371704],[-111.921275217087,40.4872374457353],[-111.921276979582,40.4872377149217],[-111.921278744772,40.487237977276],[-111.921280510859,40.4872382327981],[-111.921282278744,40.4872384814881],[-111.921284048425,40.487238723346],[-111.921285819004,40.4872389583717],[-111.92128759138,40.4872391872484],[-111.921289365553,40.487239409293],[-111.921291141522,40.4872396238223],[-111.921292917492,40.4872398315194],[-111.921294695258,40.4872400337508],[-111.921296475719,40.4872402277836],[-111.92129825618,40.4872404156676],[-111.921300037539,40.4872405967193],[-111.921301820695,40.4872407716222],[-111.921303605647,40.4872409376432],[-111.921305389701,40.4872410988818],[-111.92130717645,40.4872412532881],[-111.921308964098,40.487241399496],[-111.921310751745,40.4872415402381],[-111.921312541189,40.4872416734649],[-111.921314331532,40.4872417991763],[-111.921316120976,40.4872419187388],[-111.921317914013,40.4872420321523],[-111.921319705254,40.4872421373673],[-111.921321498291,40.4872422371166],[-111.921323292226,40.4872423286673],[-111.921325086162,40.4872424140691],[-111.921326880996,40.4872424926387],[-111.92132867583,40.4872425643762],[-111.921330471562,40.4872426292816],[-111.921332268193,40.4872426873547],[-111.921334063027,40.4872427385958],[-111.921335860556,40.4872427823215],[-111.921337657186,40.4872428198983],[-111.921339454715,40.4872428506429],[-111.921341251346,40.4872428738722],[-111.921343048875,40.4872428909526],[-111.921344846403,40.4872429005176],[-111.921346643932,40.4872429039336],[-111.921348441461,40.4872429005176],[-111.92135023899,40.4872428895861],[-111.921352036519,40.4872428718226],[-111.921353834048,40.4872428479101],[-111.921355631577,40.4872428164823],[-111.921357428207,40.4872427789054],[-111.921359224838,40.4872427338133],[-111.921361021468,40.4872426812058],[-111.921362817201,40.4872426231326],[-111.921364612035,40.4872425575441],[-111.921366407767,40.4872424851234],[-111.921368201702,40.4872424058705],[-111.921369996536,40.4872423204688],[-111.921371789574,40.4872422275516],[-111.921373581713,40.4872421271191],[-111.92137537475,40.4872420205377],[-111.921377166889,40.4872419071242],[-111.921378956333,40.4872417861952],[-111.921380747574,40.4872416591174],[-111.921382536119,40.4872415258906],[-111.921384323767,40.4872413851485],[-111.921386111414,40.4872412375743],[-111.921387897265,40.4872410831678],[-111.921389682218,40.4872409219293],[-111.921391466272,40.4872407531754],[-111.921393249428,40.4872405789558],[-111.921395030787,40.4872403965375],[-111.921396811248,40.4872402079704],[-111.921398589912,40.4872400139376],[-111.921400368576,40.487239811023],[-111.921402145444,40.4872396026426],[-111.921403920515,40.4872393867469],[-111.921405693789,40.4872391640191],[-111.921407467064,40.4872389351423],[-111.921409237643,40.4872386994335],[-111.921411007324,40.4872384568924],[-111.921412775209,40.4872382075192],[-111.921414540398,40.4872379506307],[-111.921416305588,40.4872376875932],[-111.921418067184,40.4872374184068],[-111.921419827882,40.487237141705],[-111.921421586783,40.4872368588543],[-111.921423343888,40.4872365691715],[-111.921425099196,40.4872362726565],[-111.921426852707,40.4872359693094],[-111.921428603524,40.4872356591301],[-111.921430353442,40.4872353434851],[-111.921432099767,40.4872350203247],[-111.921433844295,40.487234689649],[-111.921435587925,40.4872343528244],[-111.921437327962,40.4872340098508],[-111.921439065304,40.4872336600451],[-111.921440801747,40.4872333034073],[-111.921442536394,40.4872329406205],[-111.921444266549,40.4872325710016],[-111.921445995806,40.4872321945505],[-111.92144772147,40.4872318119505],[-111.921449445337,40.4872314218351],[-111.921451166509,40.4872310255708],[-111.921452884986,40.4872306231576],[-111.921454600768,40.4872302139122],[-111.921456313855,40.487229798518],[-111.921458023349,40.4872293756083],[-111.921459731047,40.4872289472329],[-111.921461436049,40.4872285120253],[-111.921463138357,40.4872280699857],[-111.921464837071,40.4872276217971],[-111.92146653309,40.4872271674596],[-111.921468226414,40.4872267056066],[-111.921469916145,40.4872262376048],[-111.921471603182,40.4872257641373],[-111.921473287523,40.4872252831544],[-111.921474967372,40.4872247960225],[-111.921476645425,40.4872243020585],[-111.921478319885,40.4872238026288],[-111.921479989853,40.4872232970502],[-111.921481657126,40.4872227839562],[-111.921483321704,40.4872222653965],[-111.921484982689,40.4872217400046],[-111.921486639183,40.4872212077806],[-111.921488292981,40.4872206707741],[-111.921489943186,40.4872201262522],[-111.921491589798,40.4872195755813],[-111.921493233715,40.4872190180784],[-111.921494873141,40.4872184557929],[-111.921496508075,40.4872178859921],[-111.921498140313,40.4872173100423],[-111.921499768061,40.4872167286268],[-111.921501392215,40.4872161403792],[-111.921503012775,40.4872155466658],[-111.921504629743,40.4872149461203],[-111.921506242219,40.4872143394258],[-111.921507850203,40.4872137265824],[-111.921509454594,40.4872131075901],[-111.921511055392,40.4872124831321],[-111.921512651698,40.4872118518419],[-111.921514243513,40.4872112144028],[-111.921515831735,40.4872105714979],[-111.921517415464,40.4872099224441],[-111.921518995601,40.4872092665582],[-111.921520569449,40.4872086052065],[-111.921522141501,40.4872079390724],[-111.921523707265,40.4872072647396],[-111.921525269435,40.4872065856243],[-111.921526827114,40.4872059003601],[-111.921528379402,40.487205208947],[-111.921529928098,40.4872045120682],[-111.921531471404,40.4872038090403],[-111.921533011116,40.4872031005468],[-111.921534546337,40.4872023852211],[-111.921536076168,40.4872016644297],[-111.921537600609,40.4872009388558],[-111.921539121457,40.4872002064497],[-111.921540636915,40.4871994678947],[-111.921542147881,40.487198723874],[-111.921543653457,40.4871979743876],[-111.921545154542,40.4871972194354],[-111.921546650237,40.4871964583343],[-111.92154814144,40.4871956917674],[-111.921549627254,40.4871949190517],[-111.921551107677,40.4871941408701],[-111.921552583609,40.4871933579061],[-111.921554054152,40.4871925681099],[-111.921555520202,40.487191772848],[-111.921556979964,40.4871909721204],[-111.921558434337,40.4871901666102],[-111.921559884218,40.4871893542679],[-111.92156132781,40.4871885378263],[-111.921562766912,40.4871877145525],[-111.921564200623,40.4871868864963],[-111.921565628944,40.4871860529743],[-111.921567051875,40.4871852139865],[-111.92156846762,40.4871843695331],[-111.921569878874,40.4871835196139],[-111.921571285635,40.487182664229],[-111.921572685211,40.4871818040615],[-111.921574080294,40.4871809377452],[-111.92157546909,40.4871800666463],[-111.921576853394,40.4871791907649],[-111.921578229613,40.4871783087345],[-111.921579602238,40.4871774212384],[-111.921580967678,40.4871765289598],[-111.921582327727,40.4871756318987],[-111.921583682386,40.4871747286887],[-111.921585030758,40.4871738206961],[-111.921586371942,40.487172907921],[-111.921587708635,40.4871719903634],[-111.921589038142,40.4871710666568],[-111.921590363157,40.4871701388509],[-111.921591680087,40.4871692055794],[-111.921592992526,40.4871682668421],[-111.921594297778,40.4871673240054],[-111.92159559764,40.4871663750198],[-111.921596890316,40.4871654226182],[-111.9215981785,40.4871644640676],[-111.921599458599,40.4871635014176],[-111.921600733309,40.4871625326188],[-111.92160200173,40.4871615604038],[-111.921603262965,40.4871605820399],[-111.921604517911,40.4871595995767],[-111.921605767468,40.487158612331],[-111.921607009838,40.487157620986],[-111.921608245919,40.4871566241752],[-111.921609474815,40.4871556225819],[-111.921610697422,40.4871546168893],[-111.921611913741,40.487153605731],[-111.921613122873,40.4871525911566],[-111.921614325717,40.4871515704332],[-111.921615522273,40.4871505462938],[-111.921616763745,40.4871494948257],[-111.921691231387,40.4870526551597],[-111.921772377105,40.4868850429064],[-111.921865821657,40.4867196513812],[-111.921996593905,40.4865607439004],[-111.922178027541,40.4864185155582],[-111.922230390339,40.4863914428582],[-111.922383103039,40.4863124895793],[-111.922615896953,40.4862434969361],[-111.922851735258,40.4862330640994],[-111.923138476599,40.4862530443126],[-111.923434938609,40.4862750079192],[-111.92436522134,40.4863101392899],[-111.925392784431,40.48634470425],[-111.925392779939,40.4863448825713],[-111.9257296859,40.4863562227111],[-111.926818479957,40.4863877056291],[-111.92731746625,40.4864057044505],[-111.927432975222,40.4864103394332],[-111.92743655411,40.4864720139141],[-111.927445683689,40.4866293624959],[-111.92748428789,40.4876815601658],[-111.927481574079,40.4876829190699],[-111.92748162169,40.4876836282415],[-111.927489297794,40.4878180591794],[-111.927496418739,40.4879426837779],[-111.927553609982,40.4879117993957],[-111.927554012427,40.487911589651],[-111.92755602645,40.4879467898522],[-111.92758371612,40.4884311989589],[-111.927616500136,40.4890049885599],[-111.92755645854,40.4890078361218],[-111.927556345352,40.4890078361218],[-111.927571774815,40.48928121858],[-111.927588642481,40.4895801416854],[-111.927605510147,40.4898790525283],[-111.927622142455,40.4901737645553],[-111.927640823819,40.4905045916602],[-111.927660354092,40.4908509156996],[-111.927671283894,40.4910445436232],[-111.927671389895,40.4910463922961],[-111.927672029496,40.4910588889404],[-111.927677607135,40.4911672308966],[-111.927691241765,40.491432230242],[-111.927902980067,40.4913184383622],[-111.928183730543,40.4913247372141],[-111.928652647528,40.491415849153],[-111.929078458854,40.4913208021396],[-111.929272839909,40.4912264115215],[-111.929525235062,40.49110385211],[-111.929837360996,40.4909299059964],[-111.930181925993,40.4906878280632],[-111.930264406607,40.4905510745946],[-111.930400935259,40.4902690994471],[-111.930449771271,40.4901398505926],[-111.93038895892,40.4899683969772],[-111.930334243434,40.489791549836],[-111.930314752687,40.4896348303705],[-111.930533677512,40.4894746050839],[-111.930694030384,40.4894073031759],[-111.930874753452,40.4893548900201],[-111.93096801385,40.4893331433104],[-111.931231918219,40.4893311422383],[-111.931402794854,40.4893298462213],[-111.931402991586,40.4893298448549],[-111.931744385529,40.4895271308726],[-111.931900257604,40.4895762604807],[-111.932018545066,40.4896134472086],[-111.932374222223,40.489544065124],[-111.932832748395,40.489414754069],[-111.932978533288,40.4893650422626],[-111.933364220463,40.4892329058559],[-111.933434477702,40.4892118122402],[-111.933439731049,40.4892181071907],[-111.933524736828,40.4893199665675],[-111.933560788017,40.4893631655326],[-111.933855257564,40.489716013086],[-111.933883891364,40.4897842397214],[-111.934852237511,40.4897267548659],[-111.935086197438,40.4897228101331],[-111.935517250434,40.4897099176734],[-111.935947252401,40.4896965059875],[-111.936288310375,40.4896858687308],[-111.936378609027,40.4896683230605],[-111.936461401357,40.4896522155],[-111.936810073452,40.4896391365159],[-111.937017984032,40.4896313372209],[-111.937317072716,40.4896316863309],[-111.937503027573,40.4896319035853],[-111.937516198672,40.4896392649556],[-111.937850922625,40.4898061372696],[-111.937897983566,40.4898065628958],[-111.937899520584,40.4900902329197],[-111.937899737078,40.4901300776349],[-111.938060447479,40.4901302791744],[-111.938135549331,40.490130370038],[-111.938137029755,40.4901303707212],[-111.938136341645,40.4904521984905],[-111.938136133236,40.4905500757847],[-111.938135898776,40.4906593627163],[-111.938135645451,40.4907768332621],[-111.938135500822,40.4908440647957],[-111.938136791701,40.4912623929006],[-111.938136965975,40.4913181985685],[-111.938096091731,40.4913283976529],[-111.938013592252,40.4913544490683],[-111.937933932347,40.4913852273408],[-111.937876470712,40.4914111496147],[-111.937820995251,40.4914394800579],[-111.937696772621,40.4915070381665],[-111.937571155805,40.4915784793456],[-111.937520629163,40.4916085114941],[-111.937439462784,40.4916561454872],[-111.937322382658,40.4917237826251],[-111.937202897742,40.4917889213499],[-111.937295645202,40.4919033491434],[-111.936652218795,40.4922060821864],[-111.936214039464,40.4924122422156],[-111.936008473486,40.4925537876756],[-111.935914860948,40.4927366475282],[-111.935883609458,40.4928827708207],[-111.93586449241,40.4932436494616],[-111.935863588705,40.4932436235017],[-111.93586368213,40.4932422114243],[-111.935594928655,40.4932432108773],[-111.93458303398,40.4932422995511],[-111.934412166328,40.4932424307165],[-111.934405309487,40.4932424354985],[-111.934219183052,40.4932425680302],[-111.934063851763,40.4932426752853],[-111.933904650531,40.4935012933241],[-111.933914380184,40.4935023481085],[-111.933913241121,40.4935041003894],[-111.93391311356,40.4935040860432],[-111.933882525924,40.4935511195682],[-111.933851744253,40.4935469796794],[-111.933842768286,40.4935625958035],[-111.933775720729,40.4935535713934],[-111.933720555187,40.4935461476027],[-111.933573879166,40.4935264093464],[-111.933212167127,40.4934777328266],[-111.93311583988,40.4934647693575],[-111.932912612217,40.4934374187249],[-111.932867758437,40.4934313830845],[-111.932658433907,40.4934032140227],[-111.932572746307,40.4933916810587],[-111.932376076346,40.4933652130284],[-111.931727691238,40.4932779492032],[-111.931580082766,40.4932580838017],[-111.930451344221,40.4931061613452],[-111.930154580377,40.4930662152407],[-111.928970652037,40.4929068507261],[-111.928728472524,40.4928742491227],[-111.928339689754,40.4928219117726],[-111.928160743553,40.4929492952273],[-111.9280947596,40.4929962656078],[-111.927998241013,40.4930994835097],[-111.927913752664,40.4931898381541],[-111.927895410863,40.4932094535417],[-111.927844706355,40.4932636795072],[-111.927841193044,40.4932989725425],[-111.927833456752,40.4933765068939],[-111.927827821621,40.4934331415156],[-111.928150469521,40.4934872737088],[-111.928240197743,40.4935023241982],[-111.928273209033,40.4935078652314],[-111.9283072992,40.4935865067269],[-111.928314564774,40.4936050029999],[-111.928378544585,40.4936286584104],[-111.928378124174,40.4937667295476],[-111.92841199066,40.493940585647],[-111.928417507214,40.4940135449166],[-111.928423855608,40.4940975901751],[-111.928373006472,40.4942371789743],[-111.929259095685,40.4943563968818],[-111.932379130618,40.4947761144526],[-111.932645296945,40.4948119204115]]]]},"properties":{"zone_code":"R-1-43 (Cluster Residential Overlay)","zone_description":"The CRO (Cluster Residential Overlay) zone is established to provide for cluster residential development within limited areas of the city.","zone_class_normalized":"Industrial/Flex","jurisdiction":"bluffdale_ut","source_rest_url":"https://services3.arcgis.com/ojBMkFlpg5ujUNtB/arcgis/rest/services/Zoning/FeatureServer/0","extraction_method":"arcgis_rest","confidence":"rest_api"}},{"type":"Feature","geometry":{"type":"MultiPolygon","coordinates":[[[[-111.936273300425,40.4632937567272],[-111.938756431618,40.4631691861542],[-111.938753872318,40.4631756332244],[-111.938717133918,40.4632681051797],[-111.938711551786,40.4634120283325],[-111.938699415547,40.4635460479096],[-111.938699519752,40.4635476232742],[-111.938706589493,40.4636502262447],[-111.938726649771,40.4637394702799],[-111.938739788531,40.4638096937115],[-111.938753551619,40.4638832817035],[-111.938773531948,40.463957631663],[-111.938787056084,40.4640419428291],[-111.938806416575,40.4641738328894],[-111.938807435265,40.4641808102195],[-111.938807157686,40.4641839896237],[-111.938807154991,40.4641840278968],[-111.938613531216,40.4641840217458],[-111.938179106843,40.464184019012],[-111.937996264648,40.464184017645],[-111.93772525191,40.4641840121775],[-111.937454214019,40.4641840073933],[-111.937183173433,40.4641840026092],[-111.936825130114,40.4641839944078],[-111.936626544046,40.4641839889402],[-111.936128576443,40.4641839759547],[-111.935905658607,40.4641839691202],[-111.935920630827,40.4641476998462],[-111.936273178254,40.4632937615115],[-111.936273300425,40.4632937567272]]],[[[-111.939131365061,40.4864528611482],[-111.939122209432,40.4863156112281],[-111.939831592842,40.4863150598666],[-111.939817061694,40.4864523207194],[-111.939131365061,40.4864528611482]]],[[[-111.941145611609,40.4854993637866],[-111.94149802339,40.4854584532126],[-111.941396743731,40.4856874955344],[-111.941038236881,40.4864539133104],[-111.941071536531,40.4867714523811],[-111.94031549193,40.4868449906158],[-111.939914563937,40.4868839852852],[-111.94003387997,40.4862720762048],[-111.940055162855,40.4861621993375],[-111.940065930062,40.4861066134801],[-111.94009823887,40.4860356201381],[-111.940105325679,40.4860143246489],[-111.940111855533,40.4859946975929],[-111.940128471671,40.4859447659869],[-111.940130542287,40.4859270833763],[-111.940131356161,40.4859201349515],[-111.940157688477,40.4856953116853],[-111.940140441722,40.485620344922],[-111.940135864805,40.4856068401826],[-111.940133634289,40.4856002606693],[-111.94012085216,40.4855625524619],[-111.940115464065,40.4855466577674],[-111.940082914509,40.4854747148237],[-111.940045134962,40.4854083538156],[-111.9400009109,40.4853443560466],[-111.939950494752,40.4852830856873],[-111.93990031486,40.4852312343457],[-111.939894174875,40.4852248898283],[-111.939832270172,40.4851701032632],[-111.939765131884,40.4851190334561],[-111.939669170252,40.4848981791694],[-111.939657466103,40.4848972205864],[-111.939624404507,40.4848699914945],[-111.939502924433,40.4847561146977],[-111.93916106606,40.4844356527453],[-111.939022818931,40.4843060578668],[-111.939179780662,40.4843067909876],[-111.938732159139,40.4840009135357],[-111.938732103444,40.4840008889388],[-111.938513948475,40.483903500181],[-111.93833785712,40.4838248910659],[-111.937989538063,40.483669391618],[-111.937889640014,40.4836247958393],[-111.937700400018,40.483568924331],[-111.937602198886,40.4835399312271],[-111.937485734106,40.4835055445179],[-111.937453775641,40.4834845345087],[-111.937380957306,40.4834366624094],[-111.937369580143,40.4833869810209],[-111.93729540086,40.4830631406599],[-111.937296219225,40.4830631406599],[-111.937296059325,40.4830624369055],[-111.93729534786,40.4830593280873],[-111.937286326079,40.4830198768299],[-111.937154564787,40.4825586404431],[-111.937037956276,40.4823769226047],[-111.936688688599,40.4822361537337],[-111.936549249405,40.4821451318222],[-111.936467550325,40.4820110721516],[-111.938733439238,40.4820021732759],[-111.93873369436,40.481627124632],[-111.938733782395,40.481496552034],[-111.939057897244,40.4820086800323],[-111.939642029453,40.4824225290756],[-111.939916845658,40.4825925541372],[-111.940068866655,40.4828406643844],[-111.940140622283,40.4830583899757],[-111.940141807161,40.4830619852728],[-111.94015951026,40.4831157001633],[-111.940179610963,40.4831766896332],[-111.940268910689,40.4834476375003],[-111.940316772927,40.4835928627291],[-111.940331543925,40.4836181983672],[-111.940421406895,40.4837723382672],[-111.940510271836,40.4839247676436],[-111.940609887815,40.4840956313427],[-111.940655431501,40.484162896216],[-111.940703378181,40.4842472769865],[-111.940715756966,40.4842738674976],[-111.940743726012,40.484333944468],[-111.940759772618,40.4843775798187],[-111.940806905424,40.4845454046728],[-111.94081750824,40.4846036400656],[-111.940863214521,40.484773995073],[-111.940875526831,40.4848143417089],[-111.940893493136,40.4848534318449],[-111.940916897843,40.4848908063472],[-111.940921514285,40.4848969630057],[-111.94080836339,40.48489693226],[-111.940696700105,40.4848969254276],[-111.940605732208,40.484897073007],[-111.939898606264,40.4848982146978],[-111.939901934522,40.4849084168076],[-111.939970151687,40.4851174989085],[-111.939996363628,40.4851978378272],[-111.940432118406,40.4851979006848],[-111.940993704698,40.485197982673],[-111.940914819141,40.4851180209006],[-111.940940174988,40.4851195581812],[-111.940940093242,40.485092365391],[-111.940940023173,40.4850690889004],[-111.940939966579,40.4850502076622],[-111.94093950754,40.4848979516511],[-111.940939498557,40.4848969609559],[-111.940942244707,40.4848969602727],[-111.940953168221,40.4848969623224],[-111.940953591327,40.4848969630057],[-111.940977764093,40.4848969664218],[-111.940994405384,40.4848969684716],[-111.941024012059,40.4849405310331],[-111.941183773839,40.4850375466055],[-111.941538705394,40.4851789914703],[-111.941558798012,40.4851869989863],[-111.941607935858,40.4852077590819],[-111.941604169222,40.4852163493937],[-111.941602492068,40.4852201755086],[-111.941425290395,40.4852085714482],[-111.941089705856,40.485213015891],[-111.941007086002,40.4854679494583],[-111.941138979347,40.4854653989522],[-111.941145611609,40.4854993637866]]],[[[-111.937317072716,40.4896316863309],[-111.937017984032,40.4896313372209],[-111.936810073452,40.4896391365159],[-111.936461401357,40.4896522155],[-111.936378609027,40.4896683230605],[-111.936288310375,40.4896858687308],[-111.935947252401,40.4896965059875],[-111.935517250434,40.4897099176734],[-111.935125233729,40.4897221631532],[-111.935086197438,40.4897228101331],[-111.934852237511,40.4897267548659],[-111.933883891364,40.4897842397214],[-111.933855257564,40.489716013086],[-111.933560788017,40.4893631655326],[-111.933524736828,40.4893199665675],[-111.933439731049,40.4892181071907],[-111.933434477702,40.4892118122402],[-111.933892138796,40.4890511357176],[-111.933973210852,40.4890226724091],[-111.934067567195,40.4889761788513],[-111.93442159235,40.4887947291208],[-111.934726805747,40.4887946929113],[-111.935192319914,40.4887946341562],[-111.935576996485,40.4887945822331],[-111.93595851997,40.4887946929113],[-111.936346357712,40.4887944804366],[-111.936731071114,40.4887944237311],[-111.936963173325,40.4887943929872],[-111.936982859007,40.4887943909376],[-111.936980893493,40.4886069299197],[-111.936980854865,40.4886032413212],[-111.936981684908,40.4882185676867],[-111.936984805656,40.4878678151738],[-111.93698283026,40.4876881483567],[-111.93762961457,40.4876889579602],[-111.937630043066,40.4876524540591],[-111.937651881111,40.4876748093702],[-111.937686169805,40.4877099140462],[-111.937707059229,40.4877313005475],[-111.937729745283,40.4877545269238],[-111.937734456947,40.4877593496958],[-111.937790247716,40.4877850438121],[-111.937901034245,40.4878360678653],[-111.937900895006,40.4880302332893],[-111.937900894108,40.4880308939496],[-111.937900753971,40.4882244541743],[-111.937900656953,40.4883496778702],[-111.937900542867,40.488499557392],[-111.93789736283,40.4892955984338],[-111.937897622444,40.4892955362633],[-111.937897621545,40.4892970392885],[-111.937897619749,40.489299717406],[-111.937897542493,40.4894463025052],[-111.937897623342,40.4895138250447],[-111.937918797531,40.4895138106977],[-111.938850216632,40.4895131657654],[-111.938952163739,40.4895130953967],[-111.938951465748,40.4895734819451],[-111.93894869714,40.4898127901549],[-111.938158460863,40.4898081260301],[-111.937905965996,40.4898066312146],[-111.937898463267,40.4898065881737],[-111.937897983566,40.4898065683613],[-111.937850922625,40.4898061372696],[-111.937516198672,40.4896392649556],[-111.937503027573,40.4896319035853],[-111.937317072716,40.4896316863309]]],[[[-111.926289317458,40.4965630041319],[-111.925940103679,40.4965169290857],[-111.925696079925,40.4965317493674],[-111.925145558183,40.4965651914799],[-111.925096030469,40.4965681965215],[-111.924800648233,40.4965861400122],[-111.924730603896,40.4965903944776],[-111.924326560546,40.4965919069031],[-111.922804375178,40.4965975911361],[-111.922371266837,40.4965992073955],[-111.922330148251,40.4965946550908],[-111.922054969127,40.4965641907101],[-111.921747214396,40.4965301167115],[-111.921659222617,40.4965203754249],[-111.92158903365,40.4965126049375],[-111.922080103989,40.4956462729496],[-111.922130831853,40.4956396985193],[-111.922460916007,40.4955995537663],[-111.92266282674,40.4955823375444],[-111.922735459124,40.4955761456602],[-111.923101597163,40.4955341946741],[-111.923583194767,40.4954715714556],[-111.923899489781,40.4954228533096],[-111.924446970726,40.4952412310994],[-111.924848204146,40.4951073075712],[-111.925502850511,40.494904429411],[-111.925903427263,40.4948476908281],[-111.926095005573,40.4947754962132],[-111.926256993379,40.4943425577946],[-111.926418305651,40.4939933723174],[-111.926874853733,40.4937960147197],[-111.927265831986,40.4936361375271],[-111.92745434255,40.4945180765312],[-111.927257526162,40.4945398645986],[-111.927086910039,40.4945587513646],[-111.92703917087,40.4945800052037],[-111.926935931087,40.4946620638687],[-111.926885245444,40.4947023505922],[-111.926825246068,40.4949586492248],[-111.926806318565,40.4950394969118],[-111.926806050867,40.495127609631],[-111.926919994076,40.4953937389473],[-111.926963634232,40.495567010854],[-111.926984295484,40.4956507235324],[-111.926987892338,40.4956633252043],[-111.927002450436,40.4957061730568],[-111.927029893968,40.4957869371847],[-111.927051539773,40.4958484602751],[-111.927067649261,40.4958942543324],[-111.92711008298,40.4959867563745],[-111.92714715735,40.4960675720821],[-111.927201341931,40.4961303040442],[-111.927328661055,40.4962777144628],[-111.927837255728,40.4967613372798],[-111.927844465606,40.4967681930444],[-111.927829243654,40.4967661846798],[-111.927077143555,40.4966669536316],[-111.926289317458,40.4965630041319]]]]},"properties":{"zone_code":"I-O Infill Overlay","zone_description":"Use of the I-O (Infill Overlay) zone is a request for increased intensity in the permitted uses of the underlying zone. The I-O infill overlay zone may only be employed in the R-1-10 zone of the city.","zone_class_normalized":"Agriculture/Rural","jurisdiction":"bluffdale_ut","source_rest_url":"https://services3.arcgis.com/ojBMkFlpg5ujUNtB/arcgis/rest/services/Zoning/FeatureServer/0","extraction_method":"arcgis_rest","confidence":"rest_api"}},{"type":"Feature","geometry":{"type":"Polygon","coordinates":[[[-111.930961586404,40.4978333125526],[-111.930819383095,40.4977581653458],[-111.930710674369,40.4977028336456],[-111.930710442604,40.4977027175173],[-111.930675483766,40.4976849239258],[-111.930529932436,40.4976136108414],[-111.930426772603,40.4975649878368],[-111.930382773121,40.4975442479584],[-111.930234051636,40.4974768550929],[-111.93014971061,40.4974401420194],[-111.930083811099,40.4974114541103],[-111.929932098224,40.4973480648269],[-111.929778961519,40.4972867070584],[-111.929630953297,40.4972306474546],[-111.929529629621,40.4971922695004],[-111.929529906302,40.4971909128381],[-111.929530181186,40.4971895575421],[-111.929530453376,40.4971882022461],[-111.92953072287,40.4971868421682],[-111.929530990568,40.4971854855059],[-111.929531255571,40.4971841295267],[-111.929531514286,40.4971827714981],[-111.929531774798,40.4971814114201],[-111.929532029021,40.4971800540745],[-111.929532285939,40.4971786960459],[-111.929532534772,40.4971773352847],[-111.929532781809,40.4971759772559],[-111.929533026151,40.4971746171779],[-111.929533268696,40.4971732557335],[-111.929533508546,40.4971718977046],[-111.929533743006,40.497170534894],[-111.929533979263,40.4971691754989],[-111.929534211029,40.4971678161038],[-111.929534438302,40.4971664526099],[-111.92953466378,40.4971650918485],[-111.929534889257,40.4971637297209],[-111.929535108446,40.4971623682763],[-111.929535326736,40.4971610040992],[-111.929535542332,40.4971596433377],[-111.929535754334,40.4971582777943],[-111.929535961845,40.4971569170328],[-111.929536168458,40.4971555528556],[-111.92953637507,40.4971541900446],[-111.929536575394,40.4971528251843],[-111.929536772126,40.4971514596408],[-111.929536970653,40.4971500968297],[-111.929537162893,40.4971487312862],[-111.929537353335,40.4971473684751],[-111.929537541083,40.4971460029315],[-111.929537726136,40.4971446367048],[-111.929537909393,40.4971432725273],[-111.929538087259,40.4971419069837],[-111.929538265125,40.4971405387075],[-111.929538440297,40.4971391758962],[-111.929538610079,40.4971378083031],[-111.929538778064,40.4971364413931],[-111.929538944252,40.4971350765324],[-111.929539109542,40.4971337082561],[-111.92953927034,40.4971323406629],[-111.929539428444,40.4971309758021],[-111.929539580259,40.4971296082088],[-111.929539734769,40.4971282399324],[-111.929539884788,40.4971268709729],[-111.929540029417,40.4971255047457],[-111.929540175842,40.4971241371524],[-111.929540315979,40.4971227675096],[-111.929540453422,40.4971213978668],[-111.929540589965,40.4971200275409],[-111.929540722018,40.4971186626799],[-111.929540853172,40.4971172937201],[-111.929540981631,40.4971159240773],[-111.929541107395,40.4971145537512],[-111.929541229566,40.4971131847914],[-111.929541347245,40.4971118171978],[-111.929541466721,40.4971104468716],[-111.929541579011,40.4971090765455],[-111.929541689503,40.4971077062193],[-111.929541796403,40.4971063372594],[-111.929541905997,40.49710496625],[-111.929542009304,40.4971035952406],[-111.929542108118,40.497102222865],[-111.929542206035,40.4971008566374],[-111.929542301256,40.4970994863111],[-111.929542394681,40.4970981146185],[-111.929542482716,40.497096743609],[-111.929542568954,40.4970953725994],[-111.929542654294,40.4970940015899],[-111.929542734244,40.497092629214],[-111.929542813296,40.4970912582044],[-111.929542889653,40.4970898878779],[-111.929542963314,40.497088515502],[-111.929543033383,40.4970871444923],[-111.929543098062,40.497085776215],[-111.929543165435,40.4970844031559],[-111.929543227419,40.4970830328292],[-111.92954328581,40.4970816604532],[-111.929543340607,40.4970802880771],[-111.929543393607,40.497078915701],[-111.929543448405,40.497077544008],[-111.929543496914,40.497076172315],[-111.929543542728,40.4970747992557],[-111.929543583152,40.4970734275626],[-111.929543624474,40.4970720551863],[-111.929543663102,40.4970706834931],[-111.929543695441,40.4970693111169],[-111.929543729577,40.4970679380575],[-111.929543756527,40.4970665663642],[-111.929543782578,40.4970651939878],[-111.929543805934,40.4970638216114],[-111.929543830189,40.4970624485518],[-111.929543848155,40.4970610761754],[-111.92954386163,40.497059704482],[-111.929543874206,40.4970583321055],[-111.929543886783,40.4970569597289],[-111.929543891274,40.4970555866693],[-111.929543896664,40.4970542142926],[-111.929543898461,40.497052841916],[-111.929543894867,40.4970514695394],[-111.929543895766,40.4970500971626],[-111.929543889477,40.4970487247859],[-111.929543879596,40.4970473524092],[-111.92954386702,40.4970459793493],[-111.929543849952,40.4970446069725],[-111.92954383468,40.4970432345957],[-111.929543815816,40.4970418622188],[-111.929543791561,40.4970404898419],[-111.929543767307,40.497039117465],[-111.929543737662,40.4970377450881],[-111.929543706221,40.4970363727111],[-111.929543672085,40.4970350003341],[-111.929543635254,40.4970336279571],[-111.929543595728,40.4970322569463],[-111.929543554406,40.4970308845692],[-111.929543510388,40.4970295121921],[-111.929543460083,40.4970281398149],[-111.929543412472,40.4970267681208],[-111.929543356777,40.4970253957437],[-111.929543301081,40.4970240247327],[-111.929543245385,40.4970226516723],[-111.929543183402,40.4970212806613],[-111.929543119621,40.4970199089671],[-111.929543053146,40.4970185365897],[-111.929542983976,40.4970171648955],[-111.929542909416,40.4970157938843],[-111.929542835754,40.49701442219],[-111.929542758499,40.4970130504957],[-111.929542676752,40.4970116808507],[-111.929542593209,40.4970103118888],[-111.929542511462,40.4970089415605],[-111.929542420732,40.4970075698661],[-111.929542330002,40.4970061981716],[-111.929542234781,40.4970048271603],[-111.929542139559,40.497003456832],[-111.929542036253,40.4970020865036],[-111.929541935642,40.4970007161753],[-111.929541831437,40.4969993451638],[-111.929541722741,40.4969979748354],[-111.92954161135,40.49699660519],[-111.929541499959,40.4969952348616],[-111.929541384076,40.4969938686318],[-111.9295412646,40.4969924983032],[-111.929541142429,40.4969911279747],[-111.929541018462,40.4969897583292],[-111.929540892698,40.4969883893669],[-111.929540760645,40.4969870197214],[-111.92954063039,40.4969856507589],[-111.929540492947,40.4969842804302],[-111.929540357302,40.4969829155664],[-111.929540215368,40.4969815466039],[-111.929540072536,40.4969801790076],[-111.929539925212,40.4969788107281],[-111.92953977699,40.4969774424486],[-111.929539625175,40.4969760755353],[-111.929539471563,40.4969747079389],[-111.929539315256,40.4969733410256],[-111.929539152661,40.4969719734291],[-111.929538992761,40.4969706078819],[-111.929538826573,40.4969692402854],[-111.929538660384,40.4969678733719],[-111.929538488806,40.4969665064585],[-111.929538314533,40.4969651422774],[-111.929538139361,40.4969637767301],[-111.929537960597,40.4969624091335],[-111.929537779137,40.496961042903],[-111.929537595881,40.4969596800881],[-111.929537406336,40.4969583131744],[-111.92953721769,40.4969569483101],[-111.929537024552,40.4969555854951],[-111.929536831414,40.4969542199476],[-111.929536632887,40.4969528550831],[-111.929536431664,40.4969514922681],[-111.929536228645,40.4969501280867],[-111.929536022931,40.4969487659547],[-111.929535813623,40.4969474017733],[-111.929535603417,40.4969460375919],[-111.929535386923,40.496944676826],[-111.929535171328,40.4969433133276],[-111.929534953935,40.4969419532447],[-111.929534729357,40.4969405890632],[-111.929534502083,40.4969392262479],[-111.929534274809,40.496937866165],[-111.929534046637,40.4969365019833],[-111.929533813973,40.4969351439497],[-111.929533575021,40.4969337865992],[-111.929533336968,40.4969324231006],[-111.929533095321,40.4969310650669],[-111.929532853674,40.4969297036176],[-111.929532605739,40.4969283442176],[-111.929532354211,40.4969269834514],[-111.929532104479,40.4969256261007],[-111.929531848459,40.4969242653344],[-111.929531589745,40.4969229086667],[-111.929531330131,40.496921551316],[-111.929531066925,40.496920192599],[-111.929530801024,40.4969188352481],[-111.929530534224,40.4969174792635],[-111.929530260238,40.4969161212295],[-111.92952998715,40.4969147652448],[-111.929529709571,40.4969134099432],[-111.929529431991,40.4969120546416],[-111.929529149022,40.4969106972906],[-111.929528863358,40.4969093433552],[-111.929528575897,40.4969079887366],[-111.929528286639,40.4969066348011],[-111.929527993789,40.4969052781331],[-111.929527699141,40.4969039255638],[-111.929527401799,40.4969025723113],[-111.929527099067,40.4969012197419],[-111.929526797233,40.4968998664894],[-111.92952648911,40.4968985152862],[-111.929526178293,40.4968971633999],[-111.929525869273,40.4968958074148],[-111.929525554863,40.4968944575778],[-111.929525236859,40.4968931070576],[-111.929524917059,40.4968917565373],[-111.929524592767,40.4968904060171],[-111.929524268475,40.49688905618],[-111.92952394059,40.4968877063428],[-111.929523608213,40.4968863578718],[-111.929523277633,40.4968850094008],[-111.929522939867,40.4968836609297],[-111.929522600304,40.496882314508],[-111.929522258944,40.4968809674032],[-111.929521913991,40.4968796196152],[-111.929521568139,40.4968782725103],[-111.929521218695,40.4968769260885],[-111.929520867453,40.4968755796666],[-111.929520512619,40.4968742339278],[-111.929520154191,40.4968728909215],[-111.929519795763,40.4968715458658],[-111.929519431047,40.4968701994439],[-111.929519063636,40.4968688543881],[-111.92951869892,40.4968675147973],[-111.929518327916,40.4968661711077],[-111.929517954217,40.4968648274181],[-111.929517577823,40.4968634864609],[-111.929517196039,40.4968621448206],[-111.929516816051,40.4968608045466],[-111.929516432471,40.4968594629062],[-111.9295160435,40.4968581219489],[-111.929515656326,40.496856783041],[-111.929515261966,40.4968554427668],[-111.929514865809,40.496854105225],[-111.929514467855,40.4968527642676],[-111.929514068105,40.4968514287751],[-111.929513663863,40.496850089184],[-111.929513257825,40.4968487530083],[-111.929512850888,40.4968474175158],[-111.929512441256,40.4968460799738],[-111.929512024438,40.4968447458475],[-111.929511610314,40.4968434103548],[-111.929511190801,40.4968420741791],[-111.929510767695,40.4968407407357],[-111.929510345486,40.4968394079755],[-111.929509918787,40.4968380724827],[-111.929509488494,40.4968367404055],[-111.929509057302,40.4968354090115],[-111.929508618925,40.4968340783005],[-111.929508182343,40.4968327469064],[-111.929507742169,40.4968314161953],[-111.929507298401,40.4968300834349],[-111.929506853735,40.4968287547731],[-111.929506404577,40.4968274254282],[-111.929505952725,40.4968260967664],[-111.929505498177,40.4968247694708],[-111.929505042731,40.4968234414921],[-111.929504583692,40.4968221141964],[-111.92950412106,40.4968207882669],[-111.929503658427,40.4968194643868],[-111.9295031931,40.4968181384573],[-111.929502721485,40.496816813894],[-111.929502250767,40.4968154879645],[-111.92950177466,40.4968141654505],[-111.929501296757,40.496812840204],[-111.929500818853,40.4968115197393],[-111.929500336458,40.4968101972253],[-111.929499850469,40.4968088747111],[-111.929499361786,40.4968075562957],[-111.929498867712,40.4968062351478],[-111.929498375435,40.4968049139999],[-111.929497881362,40.4968035955843],[-111.929497379204,40.4968022764857],[-111.929496880639,40.496800957387],[-111.929496376684,40.4967996403377],[-111.929495872729,40.4967983232883],[-111.929495362486,40.4967970076051],[-111.929494851344,40.4967956926051],[-111.929494337508,40.4967943769218],[-111.92949381918,40.496793063288],[-111.929493296361,40.4967917455553],[-111.929492775338,40.496790435337],[-111.929492252518,40.4967891230693],[-111.929491724309,40.4967878114846],[-111.929491195201,40.4967864985337],[-111.929490660704,40.4967851883152],[-111.929490124409,40.4967838787799],[-111.929489586319,40.4967825685614],[-111.929489046431,40.4967812610753],[-111.929488502052,40.4967799529061],[-111.929487429464,40.496777379604],[-111.929363780856,40.4964834090736],[-111.929363234681,40.4964821015817],[-111.929362695691,40.4964807927235],[-111.929362161194,40.4964794824991],[-111.929361637476,40.4964781709084],[-111.929361120945,40.496476855219],[-111.929360608007,40.4964755415788],[-111.929360101357,40.4964742224737],[-111.929359606385,40.4964729047349],[-111.929359110515,40.4964715835804],[-111.929358627222,40.4964702617427],[-111.929358151114,40.4964689405882],[-111.929357679499,40.4964676153349],[-111.929357216867,40.4964662880322],[-111.929356760522,40.4964649600463],[-111.929356309568,40.4964636327436],[-111.929355868495,40.4964623020252],[-111.929355433711,40.4964609713068],[-111.929355004316,40.4964596364896],[-111.929354583006,40.4964583030387],[-111.929354168883,40.4964569682215],[-111.929353759251,40.4964556293056],[-111.929353359501,40.4964542938052],[-111.929352967835,40.4964529521567],[-111.929352579763,40.4964516139238],[-111.929352200674,40.4964502715921],[-111.929351828771,40.4964489278942],[-111.92935146136,40.4964475855625],[-111.929351103831,40.4964462398151],[-111.929350754386,40.4964448940678],[-111.929350410332,40.496443546271],[-111.929350070768,40.496442197108],[-111.929349742883,40.496440848628],[-111.929349416795,40.4964394987819],[-111.929349100588,40.4964381475694],[-111.929348793364,40.4964367956738],[-111.929348490632,40.496435443095],[-111.929348195984,40.4964340898331],[-111.929347908524,40.496432735888],[-111.929347629147,40.4964313778442],[-111.929347354263,40.4964300225329],[-111.929347088362,40.4964286658552],[-111.929346830545,40.4964273064451],[-111.929346576322,40.4964259490843],[-111.929346332879,40.4964245876247],[-111.929346095723,40.4964232275314],[-111.929345864856,40.4964218647056],[-111.929345639379,40.4964205052953],[-111.92934542558,40.4964191411031],[-111.929345215374,40.4964177796435],[-111.929345013253,40.4964164147681],[-111.929344817421,40.4964150505759],[-111.929344630571,40.4964136857005],[-111.92934445001,40.496412320142],[-111.929344275737,40.4964109539003],[-111.929344109548,40.4964095883417],[-111.929343950546,40.4964082207338],[-111.929343798731,40.4964068531258],[-111.929343653204,40.4964054841515],[-111.929343514863,40.4964041158603],[-111.929343384608,40.4964027482522],[-111.929343262437,40.496401379961],[-111.929343145656,40.4964000096204],[-111.929343034265,40.4963986392797],[-111.929342933654,40.496397268939],[-111.929342838432,40.4963958979152],[-111.929342752194,40.4963945275745],[-111.929342673142,40.4963931558674],[-111.929342596785,40.4963917841604],[-111.92934253031,40.4963904124534],[-111.929342471021,40.4963890400631],[-111.929342422512,40.4963876690391],[-111.929342378495,40.4963862966489],[-111.929342341664,40.4963849242586],[-111.929342310223,40.4963835518682],[-111.929342286866,40.4963821794779],[-111.929342270697,40.4963808070875],[-111.929342262612,40.4963794346971],[-111.929342260815,40.4963780623067],[-111.9293422689,40.4963766892331],[-111.929342282375,40.4963753175257],[-111.929342303036,40.4963739451352],[-111.929342329087,40.4963725727447],[-111.92934236502,40.4963712003541],[-111.929342404546,40.4963698286466],[-111.929342453953,40.4963684555728],[-111.929342512344,40.4963670845484],[-111.929342573429,40.4963657128409],[-111.929342643498,40.4963643431826],[-111.929342723448,40.4963629721581],[-111.929342810584,40.4963616011336],[-111.929342898619,40.4963602307922],[-111.929343000129,40.4963588590844],[-111.929343107028,40.4963574894261],[-111.929343218419,40.4963561184015],[-111.92934334059,40.4963547494261],[-111.929343469049,40.4963533825002],[-111.929343683747,40.4963512491119],[-111.929344791369,40.4963417045383],[-111.92934611369,40.4963321756751],[-111.929347656995,40.4963226679874],[-111.929349416795,40.4963131801088],[-111.929351391292,40.4963037188706],[-111.929353581385,40.4962942863222],[-111.929355989768,40.4962848783649],[-111.929358610154,40.4962755100274],[-111.929361446135,40.4962661751616],[-111.929364495017,40.4962568805987],[-111.9293677568,40.496247627705],[-111.929371226992,40.4962384219454],[-111.929374909186,40.4962292605876],[-111.929378797993,40.4962201511458],[-111.929382897006,40.4962110936202],[-111.929387204427,40.4962020914263],[-111.929391712173,40.4961931513953],[-111.929396425634,40.4961842714781],[-111.929401341215,40.4961754564563],[-111.929406457121,40.4961667070133],[-111.92941177335,40.4961580258814],[-111.929417285413,40.4961494178426],[-111.929422994207,40.4961408849463],[-111.929428899731,40.4961324299251],[-111.929434992105,40.4961240555113],[-111.929441280312,40.496115760339],[-111.929447754471,40.4961075526054],[-111.929454416377,40.4960994336769],[-111.929461263336,40.496091400138],[-111.929468293551,40.4960834622355],[-111.929475500735,40.4960756192864],[-111.929482890276,40.49606787334],[-111.929490453193,40.4960602284951],[-111.929498190382,40.4960526820192],[-111.929506096455,40.4960452434762],[-111.929514174106,40.4960379087673],[-111.929522417047,40.4960306860901],[-111.92953082438,40.4960235686133],[-111.929539396104,40.4960165672669],[-111.929548122339,40.4960096834174],[-111.929557007576,40.4960029143321],[-111.929566042831,40.495996264793],[-111.929575233494,40.4959897361665],[-111.929584565194,40.4959833332342],[-111.929594046013,40.4959770539472],[-111.929603668766,40.4959709024039],[-111.929613431657,40.4959648806538],[-111.929623330193,40.4959589886971],[-111.929633359883,40.4959532306325],[-111.929643521626,40.4959476044106],[-111.929653811827,40.4959421168627],[-111.929664220606,40.4959367652564],[-111.929674757845,40.4959315557399],[-111.929685406474,40.4959264876299],[-111.929696170986,40.4959215609266],[-111.929707045093,40.4959167783625],[-111.929718026997,40.4959121399376],[-111.929729117598,40.4959076504339],[-111.929740304318,40.495903307802],[-111.929751592548,40.49589911819],[-111.929762973304,40.4958950754499],[-111.929774442095,40.4958911877792],[-111.929786003413,40.4958874538116],[-111.929797643782,40.4958838728641],[-111.929809365,40.4958804469861],[-111.929821164371,40.4958771795932],[-111.92983303471,40.4958740700023],[-111.929844976015,40.4958711168471],[-111.929856982897,40.4958683242266],[-111.929868903541,40.4958657228813],[-111.929869049966,40.4958656921406],[-111.929881175426,40.4958632219556],[-111.929893356581,40.4958609136714],[-111.929905588042,40.495858767288],[-111.929917869808,40.4958567834887],[-111.929930191101,40.4958549643229],[-111.929942552817,40.4958533091073],[-111.929954952263,40.4958518198915],[-111.929963326358,40.4958509284114],[-111.929967382252,40.4958504973585],[-111.929979841885,40.495849339459],[-111.929992347332,40.4958483434604],[-111.93064433109,40.4958009194307],[-111.930804789065,40.495789248204],[-111.930806807579,40.4957699437103],[-111.930806824647,40.495769791373],[-111.930814122561,40.4957000836534],[-111.930814577108,40.4957000481307],[-111.931319431196,40.4956600072493],[-111.931641716177,40.4956344438932],[-111.931842756443,40.4956142683656],[-111.931935268544,40.4955892719893],[-111.931957261099,40.4955833287649],[-111.931971941367,40.4955793625162],[-111.932026779922,40.4955536187832],[-111.932379060549,40.4953882417902],[-111.932538463901,40.4953134101843],[-111.932576900117,40.495255805052],[-111.932800590505,40.4949205302458],[-111.932828523618,40.4948786635586],[-111.932847870635,40.4948496671428],[-111.9328463426,40.4948494608355],[-111.932853153627,40.4948398812082],[-111.932883506802,40.4947971851421],[-111.932904451921,40.4947661467928],[-111.932981762731,40.4946515804221],[-111.93308690784,40.494535066907],[-111.933163933884,40.4944435424874],[-111.933243234462,40.4943493174833],[-111.933223492188,40.4943466081428],[-111.933238192219,40.4943124407938],[-111.933248183281,40.4943015965934],[-111.93325573991,40.4942705744104],[-111.933261984997,40.494263912403],[-111.933386838246,40.4941307281354],[-111.933775720729,40.4935535713934],[-111.933842768286,40.4935625958035],[-111.933851744253,40.4935469796794],[-111.933882525924,40.4935511195682],[-111.93391311356,40.4935040860432],[-111.933913241121,40.4935041003894],[-111.933914380184,40.4935023481085],[-111.933914482592,40.493502191667],[-111.93396551229,40.4935078870921],[-111.934035516204,40.4935154700612],[-111.934778708608,40.4935959744966],[-111.93530437217,40.4936546467662],[-111.935746508579,40.493705847391],[-111.935850970969,40.4937157919814],[-111.935856516269,40.4937162449086],[-111.935999540639,40.4937279520197],[-111.936014830863,40.4938866396354],[-111.935946951465,40.4941232757164],[-111.935853592253,40.4945515435573],[-111.93595051598,40.4946815947999],[-111.936319638222,40.4948024821883],[-111.936469575128,40.4948752854488],[-111.936496525485,40.4950786596527],[-111.936439606432,40.4951973555176],[-111.936206411869,40.4954631327451],[-111.935956448454,40.4956107741609],[-111.935601613019,40.4960563258052],[-111.935592886784,40.4963620171545],[-111.935508535877,40.496529417197],[-111.935141885799,40.4967956878232],[-111.935010161338,40.4968688045206],[-111.935002824797,40.496872875893],[-111.934439676335,40.4971854629631],[-111.934173325853,40.4972761099423],[-111.933751901001,40.4973265768743],[-111.933617987345,40.4973545359399],[-111.933533309451,40.4973722155395],[-111.932740155446,40.4977337879804],[-111.932527004093,40.4977957068537],[-111.932110603518,40.4977972431607],[-111.931838755347,40.4978634518817],[-111.931654978006,40.4979662380881],[-111.931474204631,40.4981584806398],[-111.931240731591,40.4979892320818],[-111.931102050575,40.4979103423143],[-111.930961586404,40.4978333125526]]]},"properties":{"zone_code":"R-MF Multifamily","zone_description":"The R-MF (Multi-family Residential) zone is established to provide areas within the city for multi-family dwellings designed to be compatible with surrounding uses.","zone_class_normalized":"Mixed-Use","jurisdiction":"bluffdale_ut","source_rest_url":"https://services3.arcgis.com/ojBMkFlpg5ujUNtB/arcgis/rest/services/Zoning/FeatureServer/0","extraction_method":"arcgis_rest","confidence":"rest_api"}},{"type":"Feature","geometry":{"type":"Polygon","coordinates":[[[-111.931838755347,40.4978634518817],[-111.932110603518,40.4977972431607],[-111.932527004093,40.4977957068537],[-111.932740155446,40.4977337879804],[-111.933533309451,40.4973722155395],[-111.933617987345,40.4973545359399],[-111.933751901001,40.4973265768743],[-111.934173325853,40.4972761099423],[-111.934439676335,40.4971854629631],[-111.935002824797,40.496872875893],[-111.935010161338,40.4968688045206],[-111.935153031197,40.4968682812536],[-111.93517319568,40.4968682928666],[-111.935425901651,40.4968684383704],[-111.936349271847,40.4968689630036],[-111.93658069583,40.4968690934788],[-111.937643684882,40.4968696843743],[-111.938440910053,40.4968708538692],[-111.938440836391,40.4968743077044],[-111.93844052737,40.4968887392141],[-111.938440388131,40.4969023175091],[-111.938437771339,40.4970654569868],[-111.93843297164,40.497236522905],[-111.938433030929,40.49724599904],[-111.938433400137,40.4973032356326],[-111.938437320385,40.4974607302796],[-111.938437327571,40.4974614413972],[-111.938429969471,40.4975479224032],[-111.938424356797,40.4976139366842],[-111.938414941554,40.4976686372659],[-111.93840717472,40.4977544444612],[-111.938409250727,40.4978370054255],[-111.938412761343,40.49797680094],[-111.938415671885,40.4980840305631],[-111.938416845983,40.4980840291969],[-111.938417358023,40.4981066938944],[-111.938416565708,40.498116483451],[-111.938413753083,40.4981260537301],[-111.938408992911,40.4981351635962],[-111.938402401971,40.4981435835268],[-111.938394148251,40.4981511010772],[-111.938384440157,40.4981575263449],[-111.938373522033,40.4981626967517],[-111.938361668763,40.4981664831916],[-111.938349181282,40.4981687886641],[-111.938336372205,40.4981695571549],[-111.938343971054,40.4982951660058],[-111.938348948619,40.4984164560606],[-111.938354425647,40.4985373797551],[-111.938368724131,40.4988530302697],[-111.938368926252,40.4988574902032],[-111.938379167047,40.4990836123369],[-111.938384044,40.4991912500466],[-111.938389903711,40.4993361556759],[-111.938393664957,40.4994551274911],[-111.938395568487,40.4995310515187],[-111.938398046041,40.4996693038236],[-111.938399362971,40.4998751724692],[-111.938399360276,40.4998802348162],[-111.938399142883,40.5001399345483],[-111.938300136861,40.5002102913646],[-111.938202747806,40.500279499164],[-111.937547211211,40.5002601795685],[-111.937152751986,40.5002357587119],[-111.93683122159,40.5002158516531],[-111.936585049964,40.5001908105416],[-111.93634000303,40.5001600124003],[-111.936096309856,40.5001234879599],[-111.935854198616,40.500081269316],[-111.935613900175,40.500033398126],[-111.935375640013,40.4999799194614],[-111.935139642706,40.4999208818078],[-111.934906130139,40.4998563438959],[-111.934675324197,40.4997863644552],[-111.934528286155,40.499738596884],[-111.934316167865,40.4996714002197],[-111.934106186667,40.4996004021013],[-111.933898458444,40.4995256407699],[-111.93369309818,40.4994471592476],[-111.93345611632,40.4993507253235],[-111.933222710653,40.4992493374783],[-111.932993057249,40.4991430721958],[-111.932767333974,40.499032010741],[-111.932545709712,40.4989162377941],[-111.932461471095,40.4988709956916],[-111.932421685609,40.4988496277686],[-111.932108492477,40.4986814192627],[-111.931670357164,40.4983007305516],[-111.931669792123,40.4983002653595],[-111.931474204631,40.4981584806398],[-111.931654978006,40.4979662380881],[-111.931838755347,40.4978634518817]]]},"properties":{"zone_code":"GW-R Gateway Redwood","zone_description":"The GW-R (Gateway Redwood) zone is established to provide an attractive entry corridor into the city. The purpose of the GW-R zone is to create and enhance the aesthetics and rural ambiance, architecture and character of the district.","zone_class_normalized":"Industrial/Flex","jurisdiction":"bluffdale_ut","source_rest_url":"https://services3.arcgis.com/ojBMkFlpg5ujUNtB/arcgis/rest/services/Zoning/FeatureServer/0","extraction_method":"arcgis_rest","confidence":"rest_api"}},{"type":"Feature","geometry":{"type":"MultiPolygon","coordinates":[[[[-111.948446435519,40.4903457184189],[-111.948450427632,40.4896622440402],[-111.949727711592,40.4896668207268],[-111.95177395074,40.4896741240223],[-111.953050437894,40.4896786603999],[-111.953043489425,40.490493892362],[-111.953552161353,40.4904956980096],[-111.95432691337,40.4904984416647],[-111.955098106261,40.490501167557],[-111.955259944048,40.4905017393795],[-111.955242487985,40.4920980869057],[-111.955341164326,40.4923340174391],[-111.955000049758,40.4923338329853],[-111.954482955226,40.4923335501561],[-111.953965213009,40.4923332645942],[-111.953329180635,40.4923329127656],[-111.953027814722,40.4923327433413],[-111.953029358926,40.4921515766352],[-111.952113238134,40.4921510594799],[-111.952060852878,40.4921510301039],[-111.951760421213,40.4919994385258],[-111.950616898196,40.4917382548665],[-111.948442570966,40.4910076036316],[-111.948446435519,40.4903457184189]]],[[[-111.937856459841,40.4935323923758],[-111.937856732928,40.4932459400739],[-111.937341734166,40.4932453525622],[-111.937335906795,40.4932453457307],[-111.937343067266,40.4925659738846],[-111.937863131628,40.492566564818],[-111.938608467413,40.4925674085206],[-111.938607586165,40.4930199178172],[-111.93859765529,40.493133282573],[-111.938590569379,40.4932467714711],[-111.938535236751,40.4932467093042],[-111.938534966358,40.4935331602365],[-111.938534696863,40.4938196126786],[-111.938543612642,40.4938196222426],[-111.938543537184,40.4938250703415],[-111.937856186753,40.4938188441379],[-111.937856459841,40.4935323923758]]]]},"properties":{"zone_code":"CI Civic Institutional","zone_description":"The CI (Civic Institutional) zone is established to provide an area in which the primary use of the land is for municipal buildings, schools, parks, libraries, cemeteries, cultural and recreation centers, civic and institutional buildings, and so forth.","zone_class_normalized":"Open Space/Public","jurisdiction":"bluffdale_ut","source_rest_url":"https://services3.arcgis.com/ojBMkFlpg5ujUNtB/arcgis/rest/services/Zoning/FeatureServer/0","extraction_method":"arcgis_rest","confidence":"rest_api"}},{"type":"Feature","geometry":{"type":"MultiPolygon","coordinates":[[[[-111.940929065523,40.4762621772781],[-111.940926756853,40.476256963501],[-111.940832996093,40.4762593346421],[-111.940831016207,40.4762593852083],[-111.940739143706,40.4762617167165],[-111.938728997968,40.4761506611237],[-111.938727649596,40.4756106118895],[-111.938727366627,40.4754968601516],[-111.938726129647,40.4750014222292],[-111.938725726303,40.4748394352089],[-111.938724433628,40.4743214755151],[-111.938724409373,40.4743115738351],[-111.938722718744,40.4735164634857],[-111.938722248027,40.4733011130442],[-111.938722167178,40.4732578975914],[-111.938722165382,40.4732569101412],[-111.938740248468,40.4732285269215],[-111.938759455347,40.4731983792617],[-111.938819866152,40.4731225812459],[-111.938887962942,40.4730583804237],[-111.938896920044,40.4730483261685],[-111.93899998196,40.4729352008308],[-111.939063798277,40.472871478865],[-111.939130563764,40.4728095445114],[-111.93919572486,40.472751257202],[-111.939243588895,40.4727047537402],[-111.939286366669,40.4726554436757],[-111.939323777907,40.4726036502332],[-111.939355576472,40.4725497150889],[-111.939385761662,40.4724837861737],[-111.939539575696,40.4720875505059],[-111.939554356576,40.4720377185777],[-111.939560682512,40.4719868519912],[-111.9395584493,40.4719357844553],[-111.939547695568,40.4718853537819],[-111.93952859469,40.4718363848013],[-111.939501460179,40.4717896804779],[-111.939335461396,40.4715479831723],[-111.939800317097,40.4715384829073],[-111.940534048445,40.4715234842125],[-111.940442680797,40.4725276274027],[-111.940408198067,40.4729066008499],[-111.940392779383,40.47307604524],[-111.940387106522,40.4735485749609],[-111.940424027281,40.4736464639213],[-111.940496996533,40.4737648416663],[-111.940582724557,40.4738588686984],[-111.940711980448,40.4739581027216],[-111.940978949869,40.474088386575],[-111.941384000231,40.4742688776924],[-111.941533821254,40.4743356364865],[-111.941791971015,40.4744506653124],[-111.942023456084,40.4745697967337],[-111.942165269525,40.4746637215041],[-111.942207694261,40.4746918177968],[-111.94226512176,40.4747408297957],[-111.942408168588,40.4748629127319],[-111.94258120657,40.4750450861965],[-111.942737115475,40.4752092115644],[-111.943064424734,40.4755554867442],[-111.943388413819,40.4758982437238],[-111.943471371439,40.4759860064272],[-111.943871104673,40.4764088919828],[-111.944263123174,40.4768236071484],[-111.944375901268,40.4769429147557],[-111.944647151162,40.4772298616662],[-111.944888576089,40.4774852594567],[-111.94507700311,40.4776845878593],[-111.944573263831,40.4788752953754],[-111.943971730357,40.4787203112867],[-111.943731579241,40.4786584356256],[-111.943688240918,40.4786466350065],[-111.943666290584,40.4786401682391],[-111.943644490269,40.4786334062847],[-111.943622848956,40.4786263587093],[-111.943601374729,40.4786190220966],[-111.943580067588,40.4786114012293],[-111.943558943705,40.4786034981575],[-111.943537997687,40.4785953115143],[-111.943517244807,40.4785868501825],[-111.94349668776,40.4785781121123],[-111.943476331936,40.4785691014032],[-111.943456188114,40.478559822155],[-111.943436259888,40.4785502736842],[-111.943416549054,40.4785404628239],[-111.94339706729,40.4785303902571],[-111.943377819987,40.4785200607669],[-111.943358808941,40.4785094750364],[-111.943340046728,40.4784986364821],[-111.943330805758,40.4784931044593],[-111.94332153245,40.4784875512536],[-111.943303276887,40.4784762220839],[-111.943285276445,40.4784646482896],[-111.943267549091,40.478452837387],[-111.943250093028,40.4784407927924],[-111.943232913647,40.4784285179222],[-111.943216021726,40.4784160155095],[-111.943199413673,40.4784032869209],[-111.943183099369,40.4783903424056],[-111.9431670869,40.4783771805971],[-111.943151375365,40.4783638096948],[-111.943135969258,40.4783502290152],[-111.94312087846,40.4783364467581],[-111.943106105665,40.4783224636064],[-111.943091654467,40.4783082898096],[-111.943077528459,40.4782939199013],[-111.943063735726,40.4782793675473],[-111.94305027537,40.4782646334309],[-111.94303715278,40.4782497202852],[-111.943024372449,40.4782346356264],[-111.942903206785,40.4780888275605],[-111.942550155403,40.4776639791821],[-111.942193019382,40.4772342089232],[-111.941841268762,40.4768109076406],[-111.941827847033,40.4767947566785],[-111.941747499019,40.4766980619706],[-111.941732988532,40.4766809686807],[-111.941718101651,40.4766640810664],[-111.941702827597,40.4766473916112],[-111.941687168165,40.4766309126151],[-111.941671138627,40.4766146365617],[-111.941654745271,40.4765985866841],[-111.94163797103,40.4765827561492],[-111.941620850039,40.4765671463239],[-111.941603384993,40.4765517695082],[-111.941585549841,40.4765366188689],[-111.941567388601,40.4765217176391],[-111.941548877018,40.4765070678691],[-111.941530046533,40.4764926504259],[-111.941510883671,40.4764784987925],[-111.941491393823,40.4764645952028],[-111.941471591361,40.4764509628898],[-111.941451483472,40.4764375916038],[-111.941431069257,40.476424485445],[-111.941410366683,40.47641166628],[-111.941389367665,40.4763991163423],[-111.941372051739,40.4763891309198],[-111.941368084779,40.4763868465655],[-111.94134652611,40.4763748699327],[-111.941324706032,40.4763631789276],[-111.941302614663,40.4763517721837],[-111.941278414049,40.476339768895],[-111.941268781414,40.4763351769498],[-111.941259040083,40.4763307237192],[-111.941249208921,40.4763263907537],[-111.941239272655,40.4763221985529],[-111.941229246559,40.4763181259337],[-111.941219133325,40.4763141947627],[-111.941208920379,40.476310409823],[-111.941198623889,40.4763067458319],[-111.941188258229,40.4763032253388],[-111.941177796449,40.4762998490273],[-111.94116726999,40.476296608014],[-111.941156667175,40.4762935009324],[-111.941146000579,40.4762905510156],[-111.941135258525,40.4762877261472],[-111.941124473352,40.4762850584437],[-111.94111360194,40.4762825280885],[-111.941102688308,40.4762801446483],[-111.941091721675,40.476277910173],[-111.941080701143,40.4762758137294],[-111.941069645577,40.4762738758174],[-111.941058540603,40.4762720759371],[-111.941047388019,40.4762704270718],[-111.941036218367,40.4762689251216],[-111.941025004697,40.4762675755529],[-111.941013762281,40.4762663735827],[-111.941002493815,40.4762653226274],[-111.940991201093,40.4762644226872],[-111.940979885015,40.4762636833285],[-111.940968561751,40.4762630840517],[-111.940957219623,40.4762626351065],[-111.940945886477,40.4762623364931],[-111.940929065523,40.4762621772781]]],[[[-111.938734621421,40.4802844023825],[-111.938735084952,40.4796039461374],[-111.938735382294,40.4791648360197],[-111.938735625738,40.4788032516692],[-111.938735120885,40.4785982011992],[-111.938733828209,40.4780828240218],[-111.938733766225,40.4780579324944],[-111.938733426662,40.4779218413836],[-111.938732563381,40.4775757936516],[-111.938732408871,40.4775137385908],[-111.93873136413,40.4770949271],[-111.938730963481,40.4769345741632],[-111.938729349209,40.4762883021908],[-111.939810305465,40.4763475430849],[-111.940797999527,40.4764016630929],[-111.940890721834,40.4764017286921],[-111.940983323766,40.4764018011244],[-111.940998561889,40.476403335188],[-111.941006680862,40.4764043116588],[-111.941014772886,40.4764053967781],[-111.941022840656,40.4764065898626],[-111.94103086351,40.4764078888624],[-111.941038873787,40.4764092958275],[-111.941046853522,40.4764108093911],[-111.941054786544,40.4764124295534],[-111.941062687227,40.4764141569975],[-111.941070539401,40.4764159787403],[-111.94107835654,40.4764179180149],[-111.941086124273,40.4764199522715],[-111.941093853377,40.4764221013265],[-111.941101529481,40.4764243453636],[-111.94110913911,40.4764266836993],[-111.94111670562,40.4764291361501],[-111.941124217332,40.4764316828995],[-111.941131657179,40.4764343335141],[-111.941139051212,40.4764370756941],[-111.941146372482,40.4764399203725],[-111.941153632666,40.4764428572997],[-111.941160817392,40.4764458960419],[-111.941167939235,40.476449035916],[-111.941174982925,40.4764522550555],[-111.941181946666,40.4764555753268],[-111.941203277162,40.4764661668477],[-111.941222773299,40.4764762205911],[-111.941242042161,40.4764865428792],[-111.941261064886,40.4764971111622],[-111.941279840574,40.4765079350065],[-111.941298364733,40.4765190021122],[-111.941316635568,40.4765303193123],[-111.941334650382,40.4765418879735],[-111.941352392109,40.4765536828126],[-111.941369858053,40.4765657140793],[-111.94138704552,40.4765779790402],[-111.941403966186,40.4765904653954],[-111.941420587714,40.476603182028],[-111.941436911001,40.4766161159546],[-111.941452944132,40.4766292651252],[-111.941468671836,40.4766426281731],[-111.941484092316,40.4766561927984],[-111.941499202878,40.476669965834],[-111.941513987351,40.47668393703],[-111.941528456515,40.4766981016032],[-111.941542595099,40.47671245887],[-111.94155641568,40.476727006097],[-111.941569885918,40.4767417316677],[-111.941583032762,40.4767566321653],[-111.941595827466,40.4767717055398],[-111.941689510072,40.4768844465381],[-111.94233989483,40.4776671155826],[-111.942839957304,40.4782688753918],[-111.94290881856,40.4783496687054],[-111.9429172223,40.478358868036],[-111.942932856579,40.4783753636906],[-111.942948868151,40.4783916461502],[-111.942965246235,40.478407715415],[-111.942981990832,40.4784235598689],[-111.942999092958,40.478439181562],[-111.943016549021,40.478454570245],[-111.943034357223,40.478469725918],[-111.943052505887,40.4784846431146],[-111.943070993215,40.4784993129522],[-111.943089813819,40.4785137367976],[-111.943108963206,40.4785279064511],[-111.943128432393,40.4785418205465],[-111.943148215092,40.4785554715674],[-111.943168306812,40.478568854731],[-111.943188706653,40.4785819741372],[-111.943219993178,40.4786012118285],[-111.943303737722,40.4786478574332],[-111.943391433057,40.4786900574478],[-111.943482679432,40.4787276226063],[-111.943577045656,40.478760374575],[-111.943674106826,40.4787881650849],[-111.943851011156,40.4788337336792],[-111.944516245065,40.4790050831793],[-111.94431461281,40.4794654290527],[-111.944227928978,40.4796633289637],[-111.943980341608,40.4802285820734],[-111.943978298839,40.4802285902729],[-111.943946274797,40.4803011059658],[-111.942945842625,40.4802979198085],[-111.941466909342,40.4802931901105],[-111.941395014475,40.4802929584769],[-111.940660996564,40.4802906052435],[-111.940570299958,40.4802903127976],[-111.940479601556,40.4802900217182],[-111.939218666036,40.480285964372],[-111.938734621421,40.4802844023825]]]]},"properties":{"zone_code":"R-1-87","zone_description":"The R-1-87 (Residential) zone is established to provide areas within the city for single-family dwellings on large lots and to provide areas within the city where agricultural pursuits can be encouraged and supported.","zone_class_normalized":"Agriculture/Rural","jurisdiction":"bluffdale_ut","source_rest_url":"https://services3.arcgis.com/ojBMkFlpg5ujUNtB/arcgis/rest/services/Zoning/FeatureServer/0","extraction_method":"arcgis_rest","confidence":"rest_api"}},{"type":"Feature","geometry":{"type":"Polygon","coordinates":[[[-111.925938665476,40.4679142278343],[-111.92907474432,40.4680879404104],[-111.92931248885,40.4681011069696],[-111.929312997297,40.4678567638873],[-111.931667224738,40.4678514038908],[-111.931670085872,40.4678513963732],[-111.931898344193,40.4678508735634],[-111.932149725149,40.4678502988143],[-111.932153678634,40.4678502892465],[-111.932095960081,40.4681846229148],[-111.931972541442,40.4689067784776],[-111.931951274726,40.4690312215484],[-111.931912759458,40.4692145206721],[-111.931870061634,40.4693972821465],[-111.931823194729,40.4695794444704],[-111.931772170421,40.4697609570776],[-111.931718718865,40.4699361539845],[-111.931717008473,40.4699417605186],[-111.931685441674,40.4700376161867],[-111.931657720562,40.4701217994445],[-111.931613430026,40.4702470241089],[-111.93159432286,40.4703010191906],[-111.931526846805,40.4704793712431],[-111.931455312163,40.4706567947878],[-111.931379716237,40.4708332426787],[-111.931300112926,40.4710086445356],[-111.931216500434,40.4711829620974],[-111.93112785019,40.4713562192907],[-111.931034931152,40.4715218748663],[-111.931007055531,40.4715679684398],[-111.930948799785,40.4716625616473],[-111.930472117762,40.4724366059954],[-111.93015272356,40.47295010764],[-111.929927732412,40.4733118205499],[-111.929412869295,40.4741454003306],[-111.929300670614,40.4743277650286],[-111.929197268237,40.4744957332263],[-111.928253929391,40.4760246671075],[-111.928252802005,40.4760264977442],[-111.927811903474,40.4767410503966],[-111.927812824247,40.4767413865906],[-111.927814271433,40.4767419168477],[-111.927399951356,40.4774087324006],[-111.92739917072,40.4774099691995],[-111.926485057663,40.4788927475219],[-111.926601199948,40.4788922528134],[-111.926476037679,40.4790961906609],[-111.926177040624,40.4795833728973],[-111.925826818935,40.4801540109769],[-111.925664064867,40.4800957683072],[-111.925655543448,40.4801075891701],[-111.924686072611,40.4814526913801],[-111.924683447733,40.4814563332258],[-111.923729856415,40.4827793404951],[-111.92234069088,40.4847065552194],[-111.922238065545,40.484848923837],[-111.92190950134,40.4853047257584],[-111.921912738868,40.4853060327849],[-111.922072680311,40.4853706038231],[-111.922066066016,40.4853798411359],[-111.921552819866,40.4860966295015],[-111.92155015726,40.4861003482996],[-111.920845921196,40.4870838378193],[-111.921540738424,40.4861003968087],[-111.921543365098,40.4860966793769],[-111.919979901245,40.4861048473415],[-111.919856469132,40.4861054916234],[-111.919670434325,40.4861064618039],[-111.919631513018,40.486106743293],[-111.919451787079,40.4861076840948],[-111.919451786181,40.4860239663432],[-111.91949272151,40.4860208276002],[-111.919451786181,40.4860208658609],[-111.919451787079,40.4860203684719],[-111.919458099541,40.4860194727618],[-111.919492392727,40.4860168191095],[-111.919491959739,40.4860168218424],[-111.919782035626,40.4859941127507],[-111.919981133734,40.4858630198288],[-111.919990832844,40.4854511692721],[-111.91999899314,40.4852211532176],[-111.9199962416,40.4852214975679],[-111.920009349817,40.4846648584356],[-111.920030594075,40.4837626996656],[-111.920033580973,40.4836248402506],[-111.920035394672,40.4835411521982],[-111.920039148731,40.4833678567546],[-111.92005287409,40.4827344038616],[-111.920057582161,40.4825170823939],[-111.920057583957,40.4825170065518],[-111.920057663009,40.4825133722796],[-111.920063642196,40.4822360382619],[-111.920106598734,40.4802436020554],[-111.92012417068,40.4794285414511],[-111.920124176069,40.4794283077647],[-111.920135068142,40.4789230750658],[-111.920135140008,40.478919726218],[-111.920019709188,40.478919849895],[-111.918541369692,40.4789214235324],[-111.916550217932,40.4789235130603],[-111.915310721604,40.4789247969789],[-111.915306770814,40.4789248010787],[-111.914258699185,40.4789258745412],[-111.914257679597,40.4789258752245],[-111.914233489764,40.4789259005066],[-111.914144372396,40.4789259913853],[-111.913956254395,40.478926182709],[-111.91381984522,40.4789263207353],[-111.913659159971,40.4789264840438],[-111.913554940127,40.4789265899551],[-111.913399043798,40.4789267484804],[-111.913241762266,40.4789269070057],[-111.913022053212,40.4789271290778],[-111.912859821964,40.4789272930696],[-111.912610470302,40.4789275431569],[-111.912500881227,40.4789276531681],[-111.912443545356,40.4789277105652],[-111.912267236608,40.4789278875395],[-111.912129918337,40.4789280255659],[-111.911995762136,40.4789281594924],[-111.911905269448,40.4789282496879],[-111.911796050479,40.4789283590157],[-111.911709678363,40.4789284451114],[-111.911709563378,40.4789316948805],[-111.911697851144,40.47893170513],[-111.911395893241,40.4789319941653],[-111.911394053491,40.4789319962152],[-111.911395751307,40.4789275732221],[-111.911395718069,40.4789167156029],[-111.911395697408,40.4789095676124],[-111.91139566417,40.4788988446002],[-111.911395637221,40.478889390473],[-111.91140515577,40.4788790350727],[-111.91141408682,40.4788693199223],[-111.911421036187,40.478861675168],[-111.911424844146,40.4788568654226],[-111.911428212828,40.4788518698195],[-111.911431127861,40.4788467088575],[-111.911433574872,40.4788414091852],[-111.911435543979,40.4788359947182],[-111.911437024403,40.4788304893718],[-111.911438008058,40.4788249204781],[-111.911438308095,40.4788221770291],[-111.911438314383,40.4788221196319],[-111.911438544352,40.4788152886825],[-111.911438507521,40.4788026360159],[-111.91143847608,40.4787926270353],[-111.911438449131,40.4787833321021],[-111.91143842308,40.4787747532664],[-111.911438393435,40.4787650066691],[-111.91143856142,40.4787533386291],[-111.911438672811,40.4787455824836],[-111.911438783304,40.4787378393199],[-111.91143887583,40.4787314299586],[-111.911438950391,40.4787262211562],[-111.91143904651,40.4787195179743],[-111.911439125562,40.4787140160349],[-111.911439287259,40.4787026903199],[-111.911439600771,40.4786874137552],[-111.911440095743,40.4786773282278],[-111.911440738936,40.4786642313892],[-111.911441534844,40.4786479852107],[-111.911442038799,40.4786377268019],[-111.911442461007,40.4786291158324],[-111.911443140133,40.4786152892178],[-111.91144395221,40.4786054838334],[-111.91144480561,40.4785951721206],[-111.911445895266,40.4785820117188],[-111.911447016363,40.4785684713983],[-111.911448071884,40.4785557230227],[-111.911448945046,40.4785451789794],[-111.911451216886,40.4785177334369],[-111.911453786067,40.4784955042202],[-111.911456182773,40.4784747693808],[-111.911458883108,40.4784514092823],[-111.911462471878,40.4784203620063],[-111.911465072501,40.4784028502895],[-111.911468403454,40.4783804242431],[-111.911469328719,40.4783741986565],[-111.911470638462,40.4783653819786],[-111.911472487195,40.478352930802],[-111.911474096078,40.4783421031553],[-111.911476175678,40.4783281056553],[-111.911476898821,40.4783232336911],[-111.911398215386,40.4783237126879],[-111.911310851529,40.4783242449824],[-111.911154845606,40.4783251934097],[-111.911045012189,40.4783258616819],[-111.910911401265,40.4783266741315],[-111.910750436641,40.4783276533075],[-111.910648431144,40.4783282737483],[-111.910646524919,40.4783282853645],[-111.910635072297,40.4783712727468],[-111.910614426317,40.4784487635304],[-111.910587344806,40.4785504082948],[-111.910543850177,40.4787136579852],[-111.910514951374,40.4788221223651],[-111.9105147241,40.4788229771733],[-111.910486306795,40.4789296566002],[-111.910486287032,40.4789328359894],[-111.910483318998,40.4794006077146],[-111.910480322218,40.4798737010533],[-111.910477325438,40.4803467944746],[-111.910474340337,40.4808178839193],[-111.910472608385,40.4810912607906],[-111.910471343557,40.4812909823022],[-111.910471327387,40.481293617693],[-111.910468346777,40.4817640780344],[-111.910465349997,40.4822370809245],[-111.910465349099,40.4822371738486],[-111.910465339218,40.4822387002628],[-111.910463416823,40.4825420754404],[-111.910462556237,40.4826779159943],[-111.910462350523,40.4827102690616],[-111.910459205521,40.4832064187599],[-111.910458889314,40.4832563066249],[-111.910458866856,40.4832598691152],[-111.91045824612,40.4833472081436],[-111.910457923625,40.483347247089],[-111.910145476993,40.4833847460989],[-111.910046687464,40.4834007663408],[-111.90995832558,40.4834150968938],[-111.909897502448,40.4834249603355],[-111.90976970093,40.4834686721181],[-111.909638166012,40.4835399476252],[-111.909530705945,40.4836205207375],[-111.909529565983,40.4836215825097],[-111.909528427817,40.4836226442818],[-111.909527294143,40.4836237094701],[-111.909526163165,40.483624776025],[-111.909525034881,40.4836258446296],[-111.909523909291,40.4836269146006],[-111.909522787296,40.4836279866214],[-111.909521667995,40.4836290606919],[-111.909520551389,40.483630136129],[-111.909519439275,40.4836312142989],[-111.909518328059,40.4836322931522],[-111.909517221334,40.4836333754217],[-111.909516118203,40.4836344583744],[-111.909515016868,40.4836355426936],[-111.909513920026,40.4836366297458],[-111.909512824979,40.4836377188476],[-111.909511732628,40.4836388086328],[-111.90951064387,40.4836399011509],[-111.909509559603,40.4836409950355],[-111.909508477133,40.4836420909699],[-111.909507397358,40.4836431882707],[-111.909506321177,40.4836442883046],[-111.909505248588,40.4836453883383],[-111.909504178695,40.4836464917884],[-111.909503112394,40.4836475972882],[-111.909502048789,40.4836487034712],[-111.909500987879,40.4836498110206],[-111.909499930562,40.4836509213031],[-111.909498876838,40.4836520329521],[-111.909497825809,40.4836531459675],[-111.909496778373,40.4836542617159],[-111.909495733633,40.4836553788308],[-111.909494692485,40.4836564973122],[-111.909493654033,40.4836576178433],[-111.909492619174,40.4836587397409],[-111.909491587009,40.4836598636883],[-111.90949055754,40.4836609890021],[-111.909489532562,40.4836621163657],[-111.909489479562,40.4836621737587],[-111.909488511178,40.483663245779],[-111.90948749159,40.4836643758755],[-111.909486475595,40.4836655080217],[-111.909485462296,40.4836666415345],[-111.90941666482,40.4837438549555],[-111.909351346519,40.4838171648861],[-111.909273466177,40.4839045715141],[-111.909112678521,40.484085028727],[-111.908919977316,40.4843013004381],[-111.908806114057,40.4844276929667],[-111.908576819081,40.4846692687524],[-111.908407408496,40.4848196115303],[-111.908310021238,40.484770280984],[-111.908218186466,40.4847237632998],[-111.907892301038,40.484558689622],[-111.90787913982,40.484519821368],[-111.907838918652,40.4845292391737],[-111.907797243111,40.4845336283188],[-111.907755183091,40.4845328767529],[-111.907713822859,40.4845270042897],[-111.907674221528,40.4845161591913],[-111.907637398686,40.484500622951],[-111.906684650885,40.4840185877715],[-111.906616495705,40.4839875915808],[-111.906544764331,40.4839617245155],[-111.906470117026,40.4839412250352],[-111.906393239204,40.4839262817211],[-111.906314840534,40.483917032593],[-111.906235642364,40.4839135623762],[-111.906133226336,40.4839128333505],[-111.906124763308,40.4839132829277],[-111.906116497011,40.4839147402958],[-111.906108634057,40.4839171692426],[-111.906101365788,40.4839205103254],[-111.906094873664,40.4839246801879],[-111.90608931938,40.4839295749761],[-111.906084838584,40.4839350751215],[-111.906081543563,40.4839410439745],[-111.906079514269,40.4839473339534],[-111.906079435217,40.4839473834889],[-111.906080957862,40.483830045496],[-111.906086392669,40.483707125486],[-111.906094877257,40.4836203471918],[-111.906107194058,40.4835338359369],[-111.906129613312,40.4834197853767],[-111.906158694473,40.4833066153375],[-111.906194378251,40.483194551298],[-111.906236596374,40.4830838194217],[-111.906285263503,40.4829746417737],[-111.906345152387,40.4828576659158],[-111.906407732623,40.4827497355326],[-111.906408807906,40.4827478866313],[-111.906477535313,40.4826436135679],[-111.906552377553,40.4825418246833],[-111.906633181013,40.4824427290673],[-111.906719781301,40.4823465310279],[-111.906811999653,40.4822534273576],[-111.906824814121,40.4822436935642],[-111.906939617916,40.4821465113364],[-111.907049328263,40.4820459556784],[-111.907153772686,40.4819421823601],[-111.907252790387,40.4818353539848],[-111.907346228651,40.4817256324729],[-111.907433941952,40.481613190678],[-111.907632700497,40.4813405238043],[-111.907824829475,40.4810650988001],[-111.908010264207,40.480787011974],[-111.908188940914,40.480506357586],[-111.908360796713,40.4802232312638],[-111.908525775908,40.4799377300032],[-111.908683821007,40.479649950118],[-111.908834878112,40.4793599906565],[-111.908978896019,40.4790679499855],[-111.909046919147,40.4789236319544],[-111.90896905228,40.4789231338295],[-111.908480509801,40.4789199995375],[-111.908429712766,40.4790127743816],[-111.908383167458,40.4791068418953],[-111.907929445476,40.4800743773231],[-111.907865248273,40.4802007778108],[-111.907792503599,40.4803244490219],[-111.90718178575,40.4812941827612],[-111.907109996884,40.4814017021041],[-111.907031746436,40.4815065592449],[-111.90694720329,40.4816085287165],[-111.906856550701,40.4817073898355],[-111.906759981808,40.4818029301191],[-111.906511031694,40.4820377448573],[-111.90648950806,40.4820582367198],[-111.90641035211,40.4821366497566],[-111.906334941237,40.4822171862905],[-111.906263372458,40.4822997410912],[-111.905808986621,40.4820247641464],[-111.905644071206,40.4819618515972],[-111.90592658777,40.4816782285263],[-111.906046858712,40.4815574862635],[-111.906269312119,40.4813366127422],[-111.906552534758,40.481053295871],[-111.906574026951,40.4810244458522],[-111.906589185123,40.481004098529],[-111.906700727136,40.4808543737722],[-111.906723602734,40.4808251171165],[-111.906779256061,40.4807508637246],[-111.906864013905,40.480635189059],[-111.907220592072,40.4801565391363],[-111.907336658,40.4800007360101],[-111.907715316757,40.479252496742],[-111.907725898013,40.479231585846],[-111.907848275504,40.4789897609025],[-111.907887011757,40.4789132143791],[-111.907887062961,40.4789131139341],[-111.907887097097,40.4789130462876],[-111.907887160877,40.4789079570766],[-111.908086758449,40.4789148727456],[-111.908141973398,40.4789153305559],[-111.908341041861,40.4789169827728],[-111.90851770724,40.4786469383925],[-111.908635436848,40.4784709292154],[-111.908754792406,40.4782955598339],[-111.908875785594,40.4781208152203],[-111.909142419045,40.4777459129861],[-111.909264631246,40.4775785146022],[-111.909324221889,40.4774996712202],[-111.909549292088,40.477201881916],[-111.909683496798,40.4770243144016],[-111.909772794727,40.4769049310905],[-111.909844754273,40.4768136313555],[-111.909980463662,40.4766435424581],[-111.910012277497,40.4766039452991],[-111.910116889007,40.4764737421758],[-111.910250699357,40.4763023308657],[-111.910381513825,40.4761290679843],[-111.910509300073,40.475953958984],[-111.910706453328,40.4756713068287],[-111.910937694954,40.4753178688399],[-111.910957670791,40.4752911538308],[-111.910963561044,40.475281828346],[-111.911051293209,40.475148075455],[-111.911145584873,40.4750169292344],[-111.911146893719,40.4750141364293],[-111.911161169745,40.4749966190407],[-111.911196672962,40.4749503556192],[-111.911300657448,40.4748233213562],[-111.911410815156,40.4746993017573],[-111.911527034696,40.4745785667595],[-111.911551432041,40.4745551813883],[-111.911564077625,40.4745430588767],[-111.911659798508,40.4744513056061],[-111.911750127703,40.4743716262373],[-111.911799226922,40.4743283151218],[-111.911945138477,40.4742097374663],[-111.911963694976,40.4741958375068],[-111.912097214271,40.474095792701],[-111.912211843793,40.4740166343055],[-111.912255236015,40.4739866687704],[-111.912434283725,40.4738637990715],[-111.912607683728,40.4737362926068],[-111.912775228512,40.4736043010545],[-111.912936719549,40.4734679801928],[-111.912936262306,40.4734671314666],[-111.912935162768,40.473465090287],[-111.912923989523,40.4734443463771],[-111.91292428956,40.4734441031029],[-111.913283099142,40.4731524658471],[-111.913531454572,40.4729169148032],[-111.913568339398,40.4728819308624],[-111.914893602377,40.4716249529003],[-111.915795332158,40.4707244346359],[-111.915797655201,40.4707221671733],[-111.91580897038,40.4707111196137],[-111.915812996629,40.4707072783208],[-111.915820775141,40.4706999756953],[-111.915821429115,40.4706993709017],[-111.915825396075,40.4706957223221],[-111.915833868087,40.4706880499852],[-111.915834531942,40.4706874540755],[-111.915838032676,40.470684351518],[-111.915847235018,40.4706763046861],[-111.91584788989,40.4706757374783],[-111.915850857924,40.470673200078],[-111.915860876834,40.4706647425316],[-111.915861512841,40.4706642122264],[-111.915863839478,40.4706622926037],[-111.915874785449,40.4706533703555],[-111.915876983627,40.4706516154278],[-111.915888959966,40.4706421895248],[-111.91589016281,40.4706412594403],[-111.915903394096,40.4706312041398],[-111.915903842356,40.4706308685986],[-111.915918083348,40.4706204189844],[-111.915918159705,40.470620362947],[-111.915932717802,40.4706100506912],[-111.915933025924,40.4706098367922],[-111.915947506767,40.4705999359316],[-111.91596253109,40.470590021402],[-111.915977776398,40.4705803057356],[-111.915993239099,40.4705707957663],[-111.916008918294,40.470561492861],[-111.916024807695,40.4705524004368],[-111.916040901912,40.4705435212271],[-111.916057197351,40.4705348586491],[-111.916073686826,40.4705264127028],[-111.916090367643,40.4705181895387],[-111.916107233512,40.470510189157],[-111.916124279943,40.4705024149746],[-111.916141501546,40.4704948690418],[-111.916158892929,40.4704875534088],[-111.916176448705,40.4704804714926],[-111.916194163482,40.4704736239766],[-111.916212030973,40.4704670142779],[-111.916230049381,40.4704606430799],[-111.916248208825,40.4704545131163],[-111.917372543828,40.4700839137454],[-111.918643937534,40.4695817707433],[-111.9187027161,40.4695585558473],[-111.919695703035,40.4691663554703],[-111.920834549423,40.4687165296752],[-111.920851676702,40.4687129397605],[-111.9227377651,40.4683175661712],[-111.92280876255,40.4683051384174],[-111.922958000566,40.468273848624],[-111.923397100671,40.4681817840373],[-111.924520239117,40.4680578895371],[-111.925594181328,40.4679447851791],[-111.925729477491,40.4679305347],[-111.925729514322,40.4679342900418],[-111.92572953139,40.4679360880954],[-111.925729543966,40.4679373640231],[-111.925907008846,40.4679175369099],[-111.925938665476,40.4679142278343]]]},"properties":{"zone_code":"Mixed Use","zone_description":"The purpose of the MU (Mixed Use) zone is to provide a land use pattern that provides for a complementary and compatible mix of uses and a diversity of dwelling unit types.","zone_class_normalized":"Agriculture/Rural","jurisdiction":"bluffdale_ut","source_rest_url":"https://services3.arcgis.com/ojBMkFlpg5ujUNtB/arcgis/rest/services/Zoning/FeatureServer/0","extraction_method":"arcgis_rest","confidence":"rest_api"}},{"type":"Feature","geometry":{"type":"Polygon","coordinates":[[[-111.915299533088,40.4797268586287],[-111.915303582693,40.4794366104663],[-111.915303679711,40.4794296477037],[-111.917502235402,40.4794329199972],[-111.917535406592,40.479432968511],[-111.917679198123,40.4794331816987],[-111.917822989654,40.4794333935197],[-111.917966779388,40.479433606024],[-111.918110570919,40.4794338178451],[-111.918254361552,40.4794340289828],[-111.918398153981,40.4794342414871],[-111.918541944613,40.4794344526249],[-111.918685736144,40.4794346637626],[-111.918829526777,40.4794348749004],[-111.918973318308,40.4794350853548],[-111.91911710894,40.4794352971758],[-111.919260900471,40.4794355076303],[-111.919404692002,40.4794357174015],[-111.919548483533,40.4794359278559],[-111.919692273267,40.479436137627],[-111.9198360639,40.4794363480815],[-111.920001848884,40.4794365892841],[-111.92000420786,40.4794364341765],[-111.92012417068,40.4794285414511],[-111.920106598734,40.4802436020554],[-111.920063642196,40.4822360382619],[-111.920057663009,40.4825133722796],[-111.920056298468,40.4825133695465],[-111.919937695698,40.4825136920464],[-111.917968322694,40.4825189128535],[-111.917817855782,40.4825193098289],[-111.917447180353,40.4825204686417],[-111.916695862687,40.4825228129145],[-111.915947407054,40.4825251435219],[-111.915260461763,40.482527278033],[-111.915260981887,40.4824900368173],[-111.915262155985,40.48240589298],[-111.915267748896,40.4820049849217],[-111.915269663206,40.4818677450379],[-111.915271578414,40.4817305048736],[-111.915273492724,40.4815932541796],[-111.915275426797,40.4814546503242],[-111.915277361768,40.4813160366167],[-111.915279226671,40.4811823094123],[-111.915279294943,40.4811774239897],[-111.915281228117,40.4810388110764],[-111.915283163088,40.4809001985601],[-111.915285096263,40.4807615843911],[-111.915287030335,40.4806229706192],[-111.915288964408,40.4804843586109],[-111.915290898481,40.4803457449498],[-111.915292831656,40.480207132369],[-111.915294766627,40.4800685188188],[-111.915296699801,40.4799299056657],[-111.915299533088,40.4797268586287]]]},"properties":{"zone_code":"SD-R Independence Village","zone_description":"The Independence Village Residential Special District (SD-R Independence Village) zone is established as a special district and overlay zone chapter which allows property owners to propose specific zoning regulations and plans for their properties.","zone_class_normalized":"Agriculture/Rural","jurisdiction":"bluffdale_ut","source_rest_url":"https://services3.arcgis.com/ojBMkFlpg5ujUNtB/arcgis/rest/services/Zoning/FeatureServer/0","extraction_method":"arcgis_rest","confidence":"rest_api"}},{"type":"Feature","geometry":{"type":"Polygon","coordinates":[[[-111.902650590931,40.4839048796591],[-111.903273120727,40.4836146639092],[-111.90326386808,40.4854862771609],[-111.903262067856,40.4858501956337],[-111.90326137795,40.485990078979],[-111.902607410711,40.4859849356464],[-111.901700668332,40.4857723471829],[-111.901666600623,40.4857640643953],[-111.901638038688,40.4857566595564],[-111.901609651027,40.4857488748412],[-111.901581444825,40.4857407129824],[-111.901553429965,40.4857321767129],[-111.901525614531,40.485723268082],[-111.901498005709,40.4857139905059],[-111.901470614279,40.4857043460342],[-111.901443448326,40.4856943394491],[-111.901416513241,40.4856839714339],[-111.901389820701,40.4856732460877],[-111.901363376095,40.48566216546],[-111.901337190205,40.4856507356998],[-111.901311268419,40.4856389581733],[-111.901285621518,40.4856268369797],[-111.901260253992,40.4856143762183],[-111.901235175724,40.4856015793049],[-111.901210393901,40.4855884496557],[-111.901185915708,40.4855749913696],[-111.901161748331,40.4855612099125],[-111.901137900756,40.4855471080169],[-111.90111437837,40.4855326911486],[-111.901091189259,40.4855179620404],[-111.90106834061,40.485502926841],[-111.90104583871,40.4854875889664],[-111.901023691645,40.4854719545656],[-111.901001904805,40.4854560263712],[-111.901256536764,40.4852927561825],[-111.901317138909,40.485256585763],[-111.901376904723,40.4852196125231],[-111.90143581624,40.4851818480766],[-111.901493855492,40.4851433047203],[-111.901551005412,40.4851039940679],[-111.901607247135,40.4850639277331],[-111.901662564492,40.4850231180127],[-111.901716941313,40.4849815772037],[-111.90177036053,40.484939317603],[-111.901822804176,40.4848963535573],[-111.901874258777,40.4848526966802],[-111.901924707265,40.4848083606352],[-111.901974135267,40.4847633590857],[-111.902022525715,40.4847177063785],[-111.90206986693,40.4846714148104],[-111.902116140947,40.4846245000948],[-111.902161336986,40.4845769758952],[-111.902205438876,40.484528855875],[-111.902248435839,40.4844801564309],[-111.902290311704,40.4844308912264],[-111.902331054794,40.4843810746083],[-111.90237065343,40.4843307236567],[-111.902409095036,40.484279852035],[-111.902446367934,40.4842284761401],[-111.902482460445,40.4841766116855],[-111.902517362689,40.4841242737013],[-111.902551062987,40.4840714792677],[-111.902583551457,40.4840182427317],[-111.902614818219,40.4839645818569],[-111.902648908386,40.4839075518426],[-111.902650590931,40.4839048796591]]]},"properties":{"zone_code":"SD-X Gateway Zone","zone_description":"The SD-X Gateway Zone is established to recognize the unique placement of hospitality, multi-family dwellings, and retail facilities at the eastern gateway to City of Bluffdale and accommodate development and construction requirements of these facilities","zone_class_normalized":"Mixed-Use","jurisdiction":"bluffdale_ut","source_rest_url":"https://services3.arcgis.com/ojBMkFlpg5ujUNtB/arcgis/rest/services/Zoning/FeatureServer/0","extraction_method":"arcgis_rest","confidence":"rest_api"}},{"type":"Feature","geometry":{"type":"Polygon","coordinates":[[[-111.912922430047,40.4734414339196],[-111.912840788459,40.4732889568217],[-111.911463473499,40.4718600205495],[-111.911237379221,40.4719002539905],[-111.910925299999,40.4719557887417],[-111.910894814772,40.4719614279089],[-111.910864463393,40.4719674729972],[-111.910834253949,40.4719739205896],[-111.910804198116,40.4719807720528],[-111.910774303082,40.4719880212363],[-111.91074457693,40.4719956674566],[-111.910715030442,40.4720037100303],[-111.910685672601,40.4720121441735],[-111.910656513287,40.4720209685194],[-111.910627558788,40.4720301810178],[-111.910598818987,40.4720397762015],[-111.910570302867,40.4720497547538],[-111.91054201941,40.4720601112075],[-111.9105139776,40.4720708428289],[-111.910486183725,40.4720819468845],[-111.910458648565,40.4720934199571],[-111.910431381103,40.4721052572631],[-111.910404386729,40.4721174567521],[-111.910377674426,40.4721300143237],[-111.910351255872,40.4721429258776],[-111.91032513466,40.4721561879966],[-111.910299320672,40.4721697952136],[-111.910273821094,40.4721837454783],[-111.91024864491,40.4721980326401],[-111.910223798407,40.4722126539656],[-111.910199289672,40.472227603304],[-111.910175127685,40.4722428779217],[-111.910151317839,40.4722584716681],[-111.910127867318,40.4722743804429],[-111.910104784209,40.4722905994623],[-111.910082074798,40.4723071232591],[-111.91005974807,40.4723239484162],[-111.910037807618,40.4723410674164],[-111.910016261526,40.4723584768427],[-111.909995117879,40.4723761698612],[-111.909974381169,40.4723941430548],[-111.909954058582,40.4724123895896],[-111.909934156407,40.4724309033152],[-111.909914678237,40.4724496801311],[-111.909895634851,40.4724687145701],[-111.909877028046,40.4724879991152],[-111.909858864111,40.4725075289824],[-111.909841150232,40.4725272973379],[-111.909823890901,40.4725472987147],[-111.909807090608,40.472567528329],[-111.909790755643,40.4725879772968],[-111.909774889599,40.4726086422011],[-111.90975891935,40.4726303177928],[-111.9096483035,40.4727836840727],[-111.909619526869,40.4728226390753],[-111.909594045257,40.4728556583852],[-111.909567813553,40.4728883325819],[-111.909540837145,40.4729206527822],[-111.90951312861,40.4729526080529],[-111.909484692439,40.4729841895109],[-111.909455538515,40.4730153869063],[-111.909425677617,40.4730461906726],[-111.909395116033,40.4730765926101],[-111.909363864542,40.4731065824688],[-111.909331933027,40.4731361506825],[-111.909299329572,40.4731652890512],[-111.909266066754,40.4731939880087],[-111.90923215086,40.4732222400384],[-111.909197597163,40.4732500348908],[-111.908728752941,40.4736206263557],[-111.908551845916,40.4737664823929],[-111.908582411992,40.4738235565567],[-111.908618974322,40.473878534837],[-111.90866129126,40.47393105028],[-111.908709080735,40.4739807537003],[-111.90878355197,40.474047220991],[-111.908863692473,40.4741097261652],[-111.908949141122,40.4741679870115],[-111.909039513436,40.4742217397691],[-111.909134400683,40.474270745961],[-111.909233378857,40.4743147807768],[-111.909336000599,40.474353649473],[-111.910691803602,40.4748245657195],[-111.910782436428,40.4748093033058],[-111.91078498405,40.4748184013038],[-111.910789507068,40.4748270400957],[-111.910795874326,40.4748349709457],[-111.910803904367,40.4748419669851],[-111.91081336722,40.4748478273122],[-111.910823988002,40.4748523838255],[-111.911177605322,40.4749752031983],[-111.911145584873,40.4750169292344],[-111.911051293209,40.475148075455],[-111.910963571375,40.4752818208294],[-111.910957670791,40.4752911538308],[-111.910937694954,40.4753178688399],[-111.910592329558,40.4752819028297],[-111.910052184256,40.475225651276],[-111.909728902144,40.4751919832782],[-111.909107267069,40.4751272370811],[-111.908926518848,40.4751084111303],[-111.908982592586,40.4749723434244],[-111.909027236161,40.4748721084402],[-111.909035904005,40.4748569553719],[-111.909092905703,40.4747573119891],[-111.909135323252,40.4746846802899],[-111.909187845052,40.4745975240607],[-111.909240171917,40.4745076288763],[-111.909235948937,40.4744991526792],[-111.909123031604,40.474455972848],[-111.909103627994,40.4744478294331],[-111.909090929409,40.4744425000298],[-111.909071127846,40.4744341878272],[-111.909024496299,40.4744146168363],[-111.908925917875,40.4743661143748],[-111.908839835914,40.4743199496041],[-111.908763099128,40.4742713691728],[-111.908672236334,40.4742085416093],[-111.908600122277,40.474150414051],[-111.908526406525,40.4740851440883],[-111.908458916098,40.4740174686744],[-111.908397668064,40.4739497726919],[-111.908364125869,40.4739088352618],[-111.907980027813,40.4742124319029],[-111.907851093519,40.4743143420689],[-111.907795710585,40.4743581171849],[-111.907620758293,40.4744963988033],[-111.907586201901,40.4745241931282],[-111.907552286008,40.4745524439149],[-111.907529702361,40.4745750694095],[-111.907486417039,40.4746102800212],[-111.907441600988,40.4746555801644],[-111.907392667958,40.4747002386189],[-111.907358613724,40.4747392027597],[-111.907333648644,40.4747622388794],[-111.907305211575,40.4747938194863],[-111.907280975029,40.4748257574654],[-111.907205821972,40.4749145616137],[-111.907097228231,40.4750585575271],[-111.90700952571,40.475174851338],[-111.906980050188,40.4752141015214],[-111.906899627614,40.4752186723599],[-111.906773714354,40.4752180901572],[-111.910979773838,40.4691670094823],[-111.91097993823,40.4691667750768],[-111.913562865065,40.465450050987],[-111.913979382421,40.4648079454638],[-111.914359373379,40.4641036672482],[-111.914460420374,40.4639163833222],[-111.914490753786,40.463707564618],[-111.914636768647,40.4633313967947],[-111.914861051024,40.4628330812727],[-111.915132053881,40.4618529586728],[-111.915302609817,40.4609192903678],[-111.915341867992,40.460620368816],[-111.915359520786,40.4603377936019],[-111.915369892734,40.4600550087345],[-111.915372979345,40.4597721215196],[-111.91536878062,40.459489243366],[-111.915360246624,40.4591823759183],[-111.915347176137,40.4589705009144],[-111.915327749171,40.458758912314],[-111.915301975607,40.4585477174302],[-111.915269870717,40.4583370304128],[-111.915231449772,40.4581269606282],[-111.914661779542,40.4555319034825],[-111.914551754784,40.4550327952971],[-111.914465400634,40.4545154395311],[-111.914379265673,40.4540344099032],[-111.914329237596,40.4536259069768],[-111.914255489505,40.4532265681117],[-111.914193466224,40.4527999437618],[-111.914143987917,40.452482256326],[-111.914132027747,40.452416918139],[-111.914899349798,40.4522601237304],[-111.914936303794,40.4522525730138],[-111.915067902492,40.4519731350678],[-111.915181518714,40.4517318791332],[-111.915563706053,40.4509203224092],[-111.915877186646,40.4502546479425],[-111.916074424343,40.449835804542],[-111.916075356795,40.4498338412576],[-111.917646391649,40.4498312162533],[-111.917730374246,40.4498310754328],[-111.917734131899,40.4498333196748],[-111.917735845885,40.4498343436999],[-111.917836906354,40.4498947187696],[-111.91794910773,40.4499551703475],[-111.918062931463,40.4500125559564],[-111.918167231257,40.4500627391859],[-111.918230787064,40.4500974335483],[-111.918356482931,40.4501766966972],[-111.918458681566,40.4502492086121],[-111.918524299006,40.4503186976141],[-111.918587341875,40.45039774107],[-111.918689440797,40.4505447522172],[-111.918753602966,40.4506368341409],[-111.918793912169,40.4507067643386],[-111.918838285351,40.4507943897493],[-111.918863016869,40.450854962196],[-111.918888969198,40.4509327171496],[-111.918910230524,40.4510472385084],[-111.918915656348,40.4511366783844],[-111.918903503041,40.4512290329292],[-111.91887200631,40.4513379580011],[-111.918826676423,40.4514422796791],[-111.918780259573,40.4515240472376],[-111.918721038138,40.4516228870257],[-111.918641756425,40.4517316016015],[-111.918570031339,40.4518181018792],[-111.918494219817,40.4519009668],[-111.918430862539,40.4519611082817],[-111.918329757153,40.4520473095428],[-111.918231537157,40.4521328072983],[-111.918171562934,40.4521790529428],[-111.918051203059,40.4522572185571],[-111.918004883228,40.4522976995721],[-111.917880405475,40.4523908803233],[-111.917760015956,40.4524817477514],[-111.917697529145,40.452552216731],[-111.917633630182,40.4526137425357],[-111.917579521957,40.4526658425926],[-111.917574186863,40.4526718955697],[-111.917503852369,40.4527517086864],[-111.917447380677,40.4528009116893],[-111.917366120873,40.4528646178356],[-111.917255212174,40.4529536102931],[-111.917108475965,40.4530622290681],[-111.917064953488,40.4531013855394],[-111.91696455867,40.4532002353115],[-111.916899902428,40.4532767441561],[-111.916875056823,40.4533744767351],[-111.916875438607,40.4534369854273],[-111.916875558083,40.4534565946585],[-111.916904733567,40.45358140198],[-111.916906054989,40.4535859175556],[-111.91694066528,40.4537041460992],[-111.917024766455,40.4539370535547],[-111.917063577269,40.4540438019087],[-111.917070797927,40.4541306792644],[-111.917077303526,40.4542089417234],[-111.917069554659,40.4542413474703],[-111.917040090816,40.454364544944],[-111.916996310522,40.454486163197],[-111.916978668508,40.4545168715625],[-111.916935714665,40.4545916331303],[-111.916894959897,40.4546947166412],[-111.916856797667,40.4547964158166],[-111.916829496069,40.4548831254146],[-111.9168220679,40.4549067165468],[-111.916802257353,40.4549969947771],[-111.916774617988,40.4551367933924],[-111.916765486613,40.4552254738806],[-111.916754571184,40.4552858509421],[-111.916747028031,40.4553275673381],[-111.916734959165,40.4554344966713],[-111.916742087297,40.4555607917958],[-111.916775140808,40.455618130922],[-111.916805820071,40.4556713523818],[-111.916806370738,40.4556723079643],[-111.916876952269,40.4557740849501],[-111.916929118336,40.4558114838422],[-111.916938008962,40.4558178591639],[-111.916998328138,40.4558611056613],[-111.917176885369,40.4559382054661],[-111.917329914276,40.4560008204548],[-111.917516531191,40.4560540005995],[-111.917788616518,40.4561255061667],[-111.918017467726,40.4561771175107],[-111.918164341377,40.4562019009486],[-111.91822349993,40.4562065298141],[-111.918342514129,40.4562158408595],[-111.918533112378,40.4561811503395],[-111.918618794588,40.4561423709213],[-111.918717051415,40.4560978990336],[-111.918837330442,40.4560051574659],[-111.918910076014,40.4559570737015],[-111.919077884902,40.4558196753136],[-111.919175394331,40.4557376511884],[-111.919294352834,40.4556402938899],[-111.91938081568,40.4555705943934],[-111.919398741562,40.4555561437468],[-111.919449217898,40.4555154527982],[-111.919547760389,40.455449327391],[-111.91966819213,40.4553814301871],[-111.919801347607,40.4553181727779],[-111.919965505743,40.4552651643028],[-111.920193511636,40.4552035110531],[-111.920377465047,40.4551630666491],[-111.920530246917,40.4551307235489],[-111.920714410534,40.455099612858],[-111.920863385344,40.4550990783287],[-111.920968001345,40.455094781588],[-111.921184994792,40.4550882052365],[-111.921247600181,40.4550720135059],[-111.921439039253,40.4550289900188],[-111.921536609767,40.4549946871382],[-111.921705592754,40.4549357192806],[-111.921782159758,40.4549061286997],[-111.92183249416,40.4548866771065],[-111.92188719707,40.4548440813992],[-111.921988120097,40.4547654922622],[-111.922161688983,40.4546377096138],[-111.922250129021,40.4545402208478],[-111.922390718058,40.4544054389198],[-111.922556971064,40.4542743164466],[-111.922639815496,40.4542038745644],[-111.922680330414,40.4541694242991],[-111.92282384167,40.4540410355737],[-111.922838459955,40.4540279578544],[-111.922945356779,40.4539811734758],[-111.923181057641,40.4538906833462],[-111.923320764533,40.4538561693498],[-111.923587342288,40.4537677529572],[-111.923739680391,40.4537186169671],[-111.923834988049,40.4537036970032],[-111.923943227854,40.4537227388057],[-111.924007159156,40.4537759508299],[-111.924021854696,40.4538054612491],[-111.92404579929,40.4538535465533],[-111.924070361027,40.4539089588323],[-111.924109830305,40.4539775198867],[-111.924161513078,40.4540523251184],[-111.924225595298,40.4541298296103],[-111.924293945413,40.4541918844058],[-111.924298316615,40.4541955455023],[-111.924360457575,40.4542476019527],[-111.924371181662,40.4542565858491],[-111.924519104545,40.45436798046],[-111.924637480042,40.454450272841],[-111.924692103899,40.4544876670015],[-111.924767555197,40.4545472401913],[-111.924894995593,40.4546559657575],[-111.924976552739,40.4547293648653],[-111.925069336132,40.4548069581206],[-111.925254774457,40.4549666147314],[-111.925338617816,40.4550367324987],[-111.925421575436,40.4550973503363],[-111.925503962626,40.4551503322858],[-111.925612417128,40.4552033811804],[-111.925659146591,40.4552248771501],[-111.925759120997,40.4552708670734],[-111.92584858781,40.4553385606944],[-111.925906279414,40.4554112276707],[-111.925936950593,40.4554775656956],[-111.925987695525,40.4556121520322],[-111.926035479609,40.4557314180343],[-111.926055035035,40.4557641976239],[-111.926093323927,40.4558283773839],[-111.926144688697,40.4559059249404],[-111.926246935841,40.4559832885372],[-111.926355572701,40.4560654887138],[-111.926453818749,40.4561181124131],[-111.926655461784,40.4562224061641],[-111.926655538141,40.4562224458089],[-111.926763955813,40.4562777741108],[-111.926948915336,40.456359695731],[-111.927000070799,40.4564032344296],[-111.927044833849,40.4564419391928],[-111.927104990431,40.4564754614299],[-111.927166101921,40.4565095168014],[-111.927266035005,40.4565485393432],[-111.927351003054,40.456581718397],[-111.92753877161,40.456619234406],[-111.927542052257,40.4566198892237],[-111.92754430074,40.4566199288682],[-111.92772166411,40.4566230477965],[-111.927866422228,40.456618705357],[-111.92799356618,40.456608524239],[-111.928046735665,40.4565895427211],[-111.928136904062,40.4565672167034],[-111.928246470679,40.4565541565641],[-111.928413096486,40.4565681223758],[-111.928483423793,40.4566261667245],[-111.928541213314,40.4567134077942],[-111.928539883807,40.4567462709782],[-111.928535704844,40.4568494660155],[-111.928546144166,40.4569160288664],[-111.928559751846,40.4570027965624],[-111.928576586275,40.457102402721],[-111.928569790519,40.4571627029086],[-111.928424591328,40.4573851289308],[-111.928355895362,40.4574919729674],[-111.928355384221,40.4580523116723],[-111.928355134489,40.4583258304441],[-111.928412624871,40.4584126188752],[-111.928419909309,40.458465702787],[-111.928427657278,40.4585221542932],[-111.928456489606,40.458599385695],[-111.928508131955,40.4587099426479],[-111.928586649202,40.458846303719],[-111.928645538261,40.4589487628163],[-111.928732479011,40.4590854337119],[-111.928819290403,40.4592114765974],[-111.928863215325,40.4593424951128],[-111.928878524415,40.459495866448],[-111.928879485612,40.4596492900621],[-111.92886599651,40.4597863293027],[-111.928859888864,40.4599562175748],[-111.928874915882,40.460185553997],[-111.928887035952,40.4603048289678],[-111.928899297057,40.4603913120575],[-111.928927478106,40.4604836019375],[-111.928980466131,40.4605952356965],[-111.929005424923,40.4607151237087],[-111.929021795821,40.4608036519355],[-111.929045945231,40.4608509352905],[-111.929075168325,40.4609081516595],[-111.929117973048,40.4610086610579],[-111.92914127894,40.4610455874849],[-111.929171220687,40.461093026503],[-111.929255945293,40.4611531173815],[-111.929288465205,40.461161264459],[-111.929370583798,40.4611728309836],[-111.92937012925,40.4610634003589],[-111.929318574936,40.4610522199822],[-111.929281395463,40.4610080623284],[-111.929265937254,40.4609709048641],[-111.929233090355,40.4608713317803],[-111.929216796713,40.4607948848953],[-111.929226858742,40.4607183408685],[-111.929205393499,40.4606580192667],[-111.929187255615,40.4605948420089],[-111.929368179906,40.4605944975323],[-111.929366931248,40.4602941221223],[-111.929050585927,40.4602789924205],[-111.929041512045,40.4601133179989],[-111.929056581284,40.4599536941227],[-111.929071419655,40.45975724596],[-111.929053387773,40.4594443075487],[-111.929020364805,40.4593032711948],[-111.92898734004,40.4591622345447],[-111.928914068055,40.4590090688653],[-111.928792549354,40.4588499447402],[-111.928695211503,40.4587030057598],[-111.928591387815,40.458512993939],[-111.928516222182,40.4583476958763],[-111.928483085128,40.458188247568],[-111.928506266154,40.458040866959],[-111.928497424037,40.4579120153744],[-111.928488545088,40.4577770262703],[-111.928519683391,40.4576173428454],[-111.928695693,40.4573195938733],[-111.928757833061,40.4571561732389],[-111.928740942039,40.4570021861774],[-111.928687589298,40.456727448077],[-111.928667870379,40.4566254927681],[-111.928596933116,40.4564702802929],[-111.928520032836,40.4563782507921],[-111.928424508683,40.4563591659964],[-111.928271925341,40.4563694401121],[-111.928170344747,40.4563989630628],[-111.928024303834,40.4564383650267],[-111.927712837264,40.4564686534978],[-111.927534690564,40.4564595858233],[-111.927394493192,40.4564163718369],[-111.927228703717,40.4563489574979],[-111.926928865838,40.4562042953545],[-111.926622547512,40.4560402247027],[-111.926469451232,40.4559679042741],[-111.926245575792,40.4557646631109],[-111.926206898827,40.4556822096583],[-111.926168072742,40.4555754645907],[-111.926077730971,40.4553668776526],[-111.925994414923,40.4552651533661],[-111.925917670052,40.4551974131904],[-111.925828295766,40.4551442952534],[-111.925630469672,40.4550381276077],[-111.925451664506,40.4549221735086],[-111.925234214715,40.4547286239025],[-111.925131880435,40.4546366842949],[-111.925042295943,40.4545495567317],[-111.924741898414,40.4543125801798],[-111.92463663832,40.4542409004286],[-111.924614156184,40.4542255909571],[-111.924505615443,40.4541579659369],[-111.924470128396,40.4541123785472],[-111.924441502681,40.4540756034757],[-111.924406709134,40.454041762873],[-111.924351920884,40.4539884758685],[-111.924320034285,40.4539204869594],[-111.92431324931,40.4539060209198],[-111.924236056179,40.4537654049464],[-111.924230525252,40.4537598257714],[-111.924124142264,40.4536525342227],[-111.924120855329,40.4536492182925],[-111.924117694157,40.4536481970597],[-111.923897806339,40.4535771488898],[-111.923835063508,40.4535733824919],[-111.923821456726,40.453572566325],[-111.923807803232,40.4535763224697],[-111.923624630457,40.4536267217758],[-111.92350403163,40.4536660262498],[-111.923394218875,40.4536944300408],[-111.923256384971,40.4537300815563],[-111.922869118557,40.4538432248877],[-111.922672499799,40.4539313875827],[-111.922376665712,40.4542114243781],[-111.922149257198,40.4544316318038],[-111.922121820852,40.4544581992619],[-111.92210584701,40.4544715434809],[-111.921888297506,40.4546532691693],[-111.921736285492,40.4547558447118],[-111.921615744157,40.4548048630574],[-111.921146027671,40.4549571661209],[-111.921011804097,40.4549731951961],[-111.921000176304,40.4549745841546],[-111.920656445842,40.4549926768401],[-111.920376864972,40.4550071228231],[-111.920160607246,40.4550238648207],[-111.920145175986,40.4550285593874],[-111.919805098972,40.4551320256944],[-111.919608578131,40.4552313755647],[-111.919196734709,40.4554937320377],[-111.918915853977,40.455687176226],[-111.918715297904,40.4558112555418],[-111.918569520198,40.4558943704962],[-111.918474504492,40.4559578693334],[-111.918353899377,40.4559971683426],[-111.918214004738,40.4560025258674],[-111.917997612264,40.4559790062073],[-111.917730040073,40.4559070828454],[-111.917644368643,40.4558812596446],[-111.917468711174,40.4558157046648],[-111.917360411182,40.4557869394972],[-111.917245603793,40.4557339040505],[-111.917137008255,40.4556565558878],[-111.917066602795,40.455583928822],[-111.917040628008,40.4554965687173],[-111.917033173788,40.4553167462319],[-111.91703840917,40.4551321917949],[-111.917075414369,40.4549425786338],[-111.917150402136,40.4547236798209],[-111.917231838908,40.4545193343831],[-111.917302312641,40.4543597580518],[-111.917357113466,40.4542030871144],[-111.917343742043,40.454096248101],[-111.917268812667,40.4538321472096],[-111.917175303436,40.4535915651007],[-111.917143088951,40.4535236612346],[-111.917146105494,40.4534363175909],[-111.917161250191,40.4533729831591],[-111.917261971996,40.4532025778737],[-111.917337876044,40.4531342894531],[-111.917527635267,40.4529635663891],[-111.917575144467,40.4529219852381],[-111.917708640406,40.4528051504737],[-111.91778069697,40.452744030882],[-111.918008463912,40.4525488788723],[-111.918135126367,40.4524609748028],[-111.918356680561,40.4522901372392],[-111.918584444808,40.4520949845949],[-111.918799519453,40.4519047339752],[-111.918900473023,40.4517731944264],[-111.919013728123,40.4515735915609],[-111.919114117551,40.451349742228],[-111.919138840984,40.4512330496491],[-111.919137769294,40.4510581484844],[-111.919092091758,40.4508688300727],[-111.919033813554,40.4506989919657],[-111.918937467443,40.4505438649205],[-111.918853916037,40.450439327201],[-111.918751610502,40.450311322362],[-111.918687509419,40.4502289565531],[-111.918610719632,40.4501514947297],[-111.918431876737,40.450025814242],[-111.918348875998,40.4499726669239],[-111.918265964192,40.449934095153],[-111.918125667107,40.449871435546],[-111.918048791082,40.4498340675275],[-111.918041559644,40.4498305524827],[-111.918042873879,40.449830550432],[-111.918302468132,40.4498301129312],[-111.918307407968,40.4498301054117],[-111.918621960251,40.4498295756256],[-111.919038482099,40.4498288728901],[-111.919263898149,40.4498284914441],[-111.919313242608,40.4498284087291],[-111.919227481346,40.4498521438237],[-111.919170769804,40.4498833977645],[-111.919114856864,40.4500450607973],[-111.919099207313,40.4501444783449],[-111.919116110912,40.4502499906397],[-111.919189728748,40.4503242497312],[-111.919255138677,40.4503861166361],[-111.919296163838,40.4504480709833],[-111.919310016758,40.4505064432724],[-111.919321198088,40.4505535540908],[-111.919386723002,40.4506340512594],[-111.919422149861,40.4506474242649],[-111.919511577148,40.4506697481481],[-111.919573955263,40.4506768512934],[-111.919647344028,40.4507138497069],[-111.919657692621,40.4507636776318],[-111.919655369577,40.4508392500053],[-111.919648333972,40.4508753090845],[-111.919656843713,40.4509373798737],[-111.919691338121,40.4509739098891],[-111.919701865478,40.4509827766469],[-111.919764406188,40.4510354549121],[-111.919779540106,40.4510611418916],[-111.919831470814,40.4511737148252],[-111.919853614286,40.4512099206949],[-111.919920565724,40.4512605890558],[-111.91997457154,40.4513130052922],[-111.920000775397,40.4513460153528],[-111.920106567293,40.4513642669222],[-111.920168756762,40.4513640433917],[-111.92022037306,40.4513638581418],[-111.920326164058,40.4513821090227],[-111.920372451549,40.4513979817276],[-111.920446362236,40.4514212111032],[-111.920505347414,40.4514373572302],[-111.920554425971,40.4514868619699],[-111.920571027736,40.4515426938664],[-111.920546869343,40.451580041111],[-111.920513425964,40.451627407518],[-111.920498514828,40.4516485266139],[-111.920482560749,40.451698264981],[-111.920474737321,40.451747974601],[-111.920507596796,40.4518037474932],[-111.920512362358,40.45183516185],[-111.920534123148,40.4519136908419],[-111.92054919598,40.4519588511229],[-111.920601768085,40.452001949718],[-111.920647241703,40.4520392304009],[-111.920706357137,40.4520690314174],[-111.920769559007,40.4521008927062],[-111.920810850968,40.4521217074639],[-111.920910018687,40.4521784835282],[-111.920965345925,40.4522119709796],[-111.921053120312,40.4522403350546],[-111.921136402223,40.4522672478983],[-111.921204543929,40.4522883968703],[-111.92127486405,40.4523102212024],[-111.921392767931,40.452322071565],[-111.921559574299,40.4523402469931],[-111.921656855556,40.4522964260817],[-111.921721507307,40.4522340920061],[-111.921771960287,40.4522228835007],[-111.921893363106,40.452208633104],[-111.921994559221,40.4521973692251],[-111.922078844551,40.4521769147327],[-111.922132188309,40.4521544361796],[-111.922168033784,40.4521393313041],[-111.922289855218,40.4521202623936],[-111.922360570597,40.4520793472034],[-111.922444273818,40.4520402188466],[-111.922492469332,40.4520201682978],[-111.922590959721,40.4520065248706],[-111.922696479428,40.4519875317991],[-111.922838026967,40.4519692414353],[-111.923061236756,40.4519746457643],[-111.923215843104,40.4519989283262],[-111.92339754354,40.4520559047808],[-111.923574291564,40.4521218352918],[-111.92361545237,40.4521474808418],[-111.923732809177,40.4522232471602],[-111.923796026319,40.4522710840936],[-111.923841079525,40.4523240498152],[-111.923898895097,40.4524048073534],[-111.923922405804,40.4524557653299],[-111.923959243918,40.4525862016328],[-111.924056122729,40.4526505949667],[-111.924106184942,40.4526850316559],[-111.924139516032,40.4527270162572],[-111.924197942458,40.4527899186014],[-111.924228968471,40.4528212101391],[-111.924276634877,40.4528517251334],[-111.924335072083,40.4528891359055],[-111.924418575878,40.4529259437538],[-111.924542582914,40.4529551031949],[-111.924631528703,40.4529731219158],[-111.924815850423,40.4530736985541],[-111.925125801535,40.4532402468362],[-111.92523213781,40.4533454336811],[-111.925379506433,40.4535125705162],[-111.925502372607,40.4536611689017],[-111.925611451439,40.4537711768833],[-111.925723253065,40.4538839312036],[-111.925862262863,40.454013838399],[-111.92612356122,40.454199192244],[-111.926229513914,40.4542422770983],[-111.92633546571,40.4542853612415],[-111.92650610519,40.4542723211651],[-111.926669582402,40.4544145581377],[-111.92667825384,40.4545014685079],[-111.926670743924,40.4546008569056],[-111.92670388008,40.4547000995611],[-111.926753160758,40.4547806519145],[-111.92678633644,40.4548861015629],[-111.926778633386,40.4549544415195],[-111.926747082757,40.4551098099261],[-111.926706978369,40.4551968984846],[-111.926691144664,40.4552652675173],[-111.926716502308,40.4554204267261],[-111.926749562107,40.455507248986],[-111.926839954184,40.4556621718163],[-111.926971189064,40.4558479995879],[-111.927044780849,40.4559160419128],[-111.927175163227,40.4559652473834],[-111.927264744126,40.4559897615878],[-111.927435542607,40.456001557986],[-111.927589926174,40.4559885749758],[-111.927801217115,40.4559753834858],[-111.928004417829,40.4559684305941],[-111.928101933546,40.4559618638976],[-111.928223916677,40.4559676274435],[-111.928280628219,40.4559363701806],[-111.928345315005,40.455880242547],[-111.928417820726,40.4557744055277],[-111.928506856347,40.4557119783001],[-111.92879928582,40.4556736476938],[-111.928880969629,40.4557354502062],[-111.928995445539,40.4558406030696],[-111.92906098752,40.455921095272],[-111.929151347258,40.4560698065819],[-111.929208604976,40.4561254870279],[-111.929257849721,40.4561998284854],[-111.929290718179,40.4562555997331],[-111.929340352794,40.4563920409737],[-111.92935088015,40.4564511251199],[-111.929351598803,40.4566192166343],[-111.929426210175,40.4568168892783],[-111.929488434678,40.4569994999361],[-111.929552125232,40.4571075653542],[-111.929695172958,40.45730338901],[-111.929865068633,40.4575397377982],[-111.929936614055,40.4576410348614],[-111.930025266994,40.4578219973785],[-111.930089250398,40.4579519229335],[-111.930164785239,40.4581368564922],[-111.930224461222,40.4583102710556],[-111.930239993991,40.4584378662735],[-111.930254477528,40.4585849158782],[-111.93023557967,40.4586690731641],[-111.93024529495,40.4588044500729],[-111.930246784356,40.4590414162501],[-111.930300520678,40.4591292385763],[-111.930398575385,40.4592168960643],[-111.930538824859,40.4593746379712],[-111.930764586761,40.4596285589721],[-111.930907260788,40.4597634466164],[-111.930987333019,40.4598105468437],[-111.931039147844,40.4598311336605],[-111.931156172275,40.4598776303164],[-111.931190206746,40.4599290029732],[-111.931214053423,40.4600169936449],[-111.931219583452,40.4600940579236],[-111.931241727822,40.460191161345],[-111.931313665809,40.4602492838988],[-111.931390576868,40.4602880418089],[-111.931480112851,40.4603023506391],[-111.931537274449,40.4602484609781],[-111.931557876412,40.4602188939252],[-111.93158159463,40.4601848561542],[-111.931639094893,40.4601846442725],[-111.931677580517,40.4602089033628],[-111.931709831832,40.4602575855544],[-111.93171331999,40.4603061843252],[-111.931716835996,40.4603551603461],[-111.931739858919,40.4604240886901],[-111.931755400672,40.460470617743],[-111.931860473017,40.4605182471763],[-111.931907985811,40.4605886961081],[-111.931950549785,40.4606289363014],[-111.932062606532,40.4608772644087],[-111.932054342032,40.4609284572288],[-111.932020019201,40.4611061363376],[-111.931994871763,40.4612017667654],[-111.931978659867,40.461397266822],[-111.931938851026,40.4615395515909],[-111.93193182081,40.4616887507678],[-111.931935278426,40.4618949102066],[-111.932006042314,40.4620501128835],[-111.932099955787,40.4621874629893],[-111.932222777944,40.4622980550455],[-111.932322281633,40.4623998500162],[-111.9324973004,40.462488040441],[-111.932586416869,40.4625470208071],[-111.932697135127,40.4626054495653],[-111.932800789931,40.462660150658],[-111.932923528544,40.4627574171353],[-111.933064050208,40.4628723291014],[-111.933075965462,40.4628820732214],[-111.933041374035,40.4631642098876],[-111.933006213076,40.4634406692635],[-111.932963849426,40.4637352718256],[-111.932928590551,40.4639804671294],[-111.932898630838,40.4641888052042],[-111.932898602092,40.4641890122891],[-111.932898591312,40.4641890799506],[-111.93285256523,40.4641890690154],[-111.932836093721,40.4641890751664],[-111.932694061092,40.4641890655981],[-111.93266022964,40.4641890676485],[-111.932442342369,40.4641890580802],[-111.931967028481,40.4641890321091],[-111.932034305109,40.4647414587764],[-111.932034308703,40.4647414915817],[-111.932034316787,40.4647415592426],[-111.932065024797,40.4649937021479],[-111.932087120658,40.4651484575304],[-111.93206271433,40.4652969331324],[-111.932054515407,40.4653356724111],[-111.932009055263,40.4654939043257],[-111.931992811926,40.4655971884411],[-111.931956347512,40.4658424828801],[-111.931936697764,40.4660748117646],[-111.931904352125,40.4662367673038],[-111.931904336854,40.466236865034],[-111.931896568223,40.4662757964972],[-111.931896216982,40.4662775351369],[-111.93186695526,40.4664008711449],[-111.931851037113,40.4665557674878],[-111.931826879619,40.466742951109],[-111.931808286289,40.4668529868773],[-111.932033138198,40.4668520177853],[-111.932387135505,40.4668517444166],[-111.932338998382,40.4671348553662],[-111.932244734566,40.4676890695335],[-111.932212216451,40.4678555159779],[-111.931960835496,40.4678560900435],[-111.931732578972,40.4678566142202],[-111.931729715143,40.4678566210543],[-111.931601181497,40.4678569135544],[-111.931605218526,40.4678529764207],[-111.931609870002,40.4678515344223],[-111.931695222531,40.4678250768227],[-111.931749660437,40.4677506833053],[-111.931791407843,40.4676731111501],[-111.931828828963,40.4675794253646],[-111.931836707188,40.4674890751982],[-111.931819222379,40.4673955914472],[-111.9317976161,40.4673182526104],[-111.931775867887,40.4672183335582],[-111.931749956881,40.4671281072883],[-111.931736675289,40.4670313829412],[-111.931731881879,40.4669410791936],[-111.931740543435,40.4668788167956],[-111.931744860738,40.4668477710026],[-111.931744905654,40.466847449111],[-111.931748043469,40.4668248914052],[-111.931754807783,40.4667888238],[-111.931719520162,40.4667700973414],[-111.931523051423,40.466753445749],[-111.931719344093,40.465402559004],[-111.931067652287,40.4647326710633],[-111.930990342375,40.4646532029657],[-111.930855159399,40.4647333688589],[-111.930724541662,40.4648178335093],[-111.930598721827,40.4649064458602],[-111.930477928066,40.4649990480203],[-111.930362375076,40.4650954725304],[-111.93025226947,40.4651955478311],[-111.930147810673,40.465299092795],[-111.930049185537,40.4654059228782],[-111.929315398493,40.4662375956185],[-111.929202461398,40.4663655954036],[-111.929088458002,40.4664889777228],[-111.928967592375,40.4666084909511],[-111.92884009269,40.4667239116298],[-111.928706193407,40.4668350258691],[-111.928566145156,40.4669416266137],[-111.92842020755,40.4670435163768],[-111.928268653677,40.4671405045061],[-111.928111763811,40.4672324106004],[-111.927949830802,40.4673190645098],[-111.927783155588,40.467400304285],[-111.927612047188,40.4674759795943],[-111.9274368263,40.4675459483062],[-111.927257816318,40.4676100819568],[-111.927075352314,40.4676682595985],[-111.926889772953,40.4677203739511],[-111.926701423187,40.467766327984],[-111.926510654259,40.4678060356001],[-111.926317821002,40.4678394230019],[-111.926123280945,40.4678664293753],[-111.925971975007,40.4678823207385],[-111.925949721043,40.4678846580048],[-111.925927397009,40.4678870027886],[-111.925931957756,40.4679147520105],[-111.925729543966,40.4679373640231],[-111.925729477491,40.4679305347],[-111.925594181328,40.4679447851791],[-111.924520239117,40.4680578895371],[-111.923775428847,40.4681400503369],[-111.923391969494,40.468180427472],[-111.921393672534,40.4685993232694],[-111.921320057393,40.4686147552118],[-111.920851676702,40.4687129390771],[-111.920834549423,40.4687165296752],[-111.920766488566,40.4687434126834],[-111.920771603573,40.468744753519],[-111.920227221816,40.4689583772687],[-111.920226508553,40.4689586615632],[-111.919783115401,40.46913522531],[-111.917373575992,40.470086995829],[-111.916678965377,40.4703159778386],[-111.91624927782,40.470457623885],[-111.916162148424,40.4704897682586],[-111.916078908733,40.4705274521303],[-111.91600016511,40.4705704021372],[-111.915926485291,40.4706183073298],[-111.915858401975,40.4706708219056],[-111.915796409238,40.4707275638434],[-111.915596362509,40.470927361972],[-111.914894505184,40.4716279986944],[-111.91458775926,40.4719193002026],[-111.913284795162,40.4731552204615],[-111.912924291357,40.4734441044696],[-111.912922763322,40.4734411639945],[-111.912922430047,40.4734414339196]],[[-111.913038495077,40.4694170186147],[-111.912622800578,40.4690964164659],[-111.911920153634,40.4692964647869],[-111.911878242734,40.4694860545205],[-111.911951946808,40.4697663879945],[-111.912473362237,40.470202922387],[-111.913439149084,40.4699817224363],[-111.913308856537,40.4695241462586],[-111.913038495077,40.4694170186147]]]},"properties":{"zone_code":"SG-1 Sand & Gravel","zone_description":"The SG-1 (Sand and Gravel) zone is established to provide areas within the city for the extraction of sand, gravel and other similar materials. The zone allows for limited commercial and service uses.","zone_class_normalized":"Commercial","jurisdiction":"bluffdale_ut","source_rest_url":"https://services3.arcgis.com/ojBMkFlpg5ujUNtB/arcgis/rest/services/Zoning/FeatureServer/0","extraction_method":"arcgis_rest","confidence":"rest_api"}},{"type":"Feature","geometry":{"type":"MultiPolygon","coordinates":[[[[-111.929069005882,40.4352161620207],[-111.92935190423,40.4349888456334],[-111.929575037662,40.43480954946],[-111.929849056163,40.4345893673122],[-111.93006851279,40.4344130225134],[-111.930713453757,40.4340423261983],[-111.931712196198,40.4333239613573],[-111.931719501298,40.4333197227118],[-111.934948638419,40.4314460675507],[-111.935465100537,40.4311463810224],[-111.93773328734,40.4298301656246],[-111.93777007425,40.4298088181225],[-111.937655093486,40.4301337522322],[-111.936668656168,40.4329349703325],[-111.936624822874,40.4330301895667],[-111.936514256432,40.4332865786693],[-111.93643631231,40.4335320724368],[-111.93629562895,40.433759246741],[-111.936248702756,40.4339461121642],[-111.936251757926,40.4350139855954],[-111.936251762418,40.4350146467774],[-111.936251785774,40.4350171697985],[-111.936263499805,40.4350168067296],[-111.936338328121,40.4350145021652],[-111.936338356418,40.4350189140333],[-111.930137241994,40.4352057547598],[-111.929765507451,40.435216944907],[-111.929358532898,40.435229194171],[-111.929358470016,40.4352352835893],[-111.929320670706,40.4388671008159],[-111.926637257425,40.4389478437575],[-111.924618067449,40.4390085581522],[-111.922999657243,40.4390571982724],[-111.923004758775,40.4390538440183],[-111.924628780757,40.4379862309754],[-111.92882085437,40.4352301493605],[-111.929069005882,40.4352161620207]]],[[[-111.921890919688,40.4397860376329],[-111.921927276304,40.439762137631],[-111.921041126904,40.4408675870675],[-111.921029273634,40.4408609224956],[-111.92102085103,40.4408561879691],[-111.921876087605,40.4397957864684],[-111.921890919688,40.4397860376329]]]]},"properties":{"zone_code":"Undesignated","zone_description":"Undesignated","zone_class_normalized":"Other/Unknown","jurisdiction":"bluffdale_ut","source_rest_url":"https://services3.arcgis.com/ojBMkFlpg5ujUNtB/arcgis/rest/services/Zoning/FeatureServer/0","extraction_method":"arcgis_rest","confidence":"rest_api"}},{"type":"Feature","geometry":{"type":"Polygon","coordinates":[[[-111.931878859734,40.4571980012545],[-111.931770449249,40.4569806046525],[-111.933793259436,40.4569738480357],[-111.933107927519,40.4557391754709],[-111.93304916692,40.4556271440272],[-111.932996301066,40.4555134117566],[-111.932949413499,40.4553981577372],[-111.932908578782,40.4552815692512],[-111.932701181139,40.4546382564507],[-111.932606407079,40.454288134402],[-111.931683384532,40.4542879662488],[-111.93168239369,40.4533821175554],[-111.929550223499,40.4533834559634],[-111.929308961166,40.453172173092],[-111.929309690598,40.4524996715834],[-111.929271536453,40.4525008568898],[-111.929271459198,40.4524828688028],[-111.929309709463,40.4524816807618],[-111.92930975887,40.4524365830369],[-111.929309642987,40.452326393775],[-111.929309501054,40.4521921556303],[-111.92930875635,40.4514895593688],[-111.930971988895,40.451488518963],[-111.931017060966,40.4515596889673],[-111.931068750926,40.4516281847446],[-111.931126785687,40.4516936474257],[-111.931236790682,40.4517978947254],[-111.931351899904,40.4518988743805],[-111.931471948962,40.4519964414882],[-111.931692917454,40.4521940559573],[-111.931922985879,40.4524349383714],[-111.932464365467,40.4524345897515],[-111.932564610266,40.4524347216802],[-111.933131148071,40.4524254982912],[-111.933227562454,40.4523778829441],[-111.933266435251,40.4523586842232],[-111.933384567304,40.4523003415693],[-111.933429631291,40.4523536073548],[-111.933444460679,40.4523711354344],[-111.933462421595,40.4523923650348],[-111.933491983355,40.4524273076969],[-111.934651802709,40.4524294889639],[-111.934672870898,40.4524315171115],[-111.934697199072,40.4524315013894],[-111.935138530592,40.4524312204428],[-111.93517472102,40.4524296058541],[-111.936625308862,40.4524321357409],[-111.936642966147,40.4524318185651],[-111.936952796886,40.4524326381637],[-111.93709647433,40.4524330189113],[-111.93763360848,40.4524339465136],[-111.937654769195,40.4524339827428],[-111.937682652003,40.4524934340275],[-111.937750744301,40.4526387063824],[-111.937852239555,40.4528552420709],[-111.938285508695,40.4537795750371],[-111.938371086701,40.4539863595897],[-111.938652813645,40.4545873896738],[-111.938770598948,40.4548386622631],[-111.938770625898,40.4548425058306],[-111.938778731397,40.4548597940207],[-111.939280055106,40.455782533435],[-111.939069414545,40.4558583865648],[-111.938771393957,40.4559657039831],[-111.938772307544,40.4565475912918],[-111.938771487382,40.4569519295251],[-111.93878519208,40.457074063938],[-111.939793299458,40.4567952714672],[-111.939866081861,40.4569714215318],[-111.938786495536,40.4572700394327],[-111.938790606226,40.4578591907602],[-111.938804547181,40.4598328177876],[-111.938807402027,40.4602442561543],[-111.938809616374,40.4605636764354],[-111.937385865701,40.4605706336359],[-111.936973577613,40.4605715987176],[-111.934950064943,40.4605763127177],[-111.934684884966,40.4605769292217],[-111.934315179718,40.4605777849456],[-111.934286613292,40.4605204473182],[-111.934276191038,40.460388696351],[-111.934284288452,40.4601543725133],[-111.9343122566,40.4600298022699],[-111.934311185808,40.4598614082992],[-111.934214172249,40.4596787268183],[-111.934136469774,40.4595179385988],[-111.934030198177,40.4593865438182],[-111.93389475469,40.4591893612854],[-111.933778713017,40.4590287140629],[-111.933595854653,40.4589122446548],[-111.933345669354,40.4587594160564],[-111.933172397811,40.4586429106392],[-111.93302769449,40.4584970128702],[-111.932931151648,40.4583875457619],[-111.932719079172,40.4581979663941],[-111.932536223503,40.4580814955457],[-111.932419957251,40.4578842387807],[-111.932304105122,40.4577528777147],[-111.9322266407,40.4576286953562],[-111.932091574505,40.457490081676],[-111.931917937347,40.4573150047286],[-111.931878859734,40.4571980012545]]]},"properties":{"zone_code":"SD-X Bringhurst Station","zone_description":"The SD-X (Bringhurst Station) zone is established as a special district and overlay zone which allows property owners to propose specific zoning regulations and associated project plans for their properties.","zone_class_normalized":"Agriculture/Rural","jurisdiction":"bluffdale_ut","source_rest_url":"https://services3.arcgis.com/ojBMkFlpg5ujUNtB/arcgis/rest/services/Zoning/FeatureServer/0","extraction_method":"arcgis_rest","confidence":"rest_api"}},{"type":"Feature","geometry":{"type":"Polygon","coordinates":[[[-111.931417104119,40.4441284449804],[-111.931330196606,40.4437341237793],[-111.931397579236,40.4437338735608],[-111.93196614903,40.4437317644793],[-111.93196649039,40.4437321480108],[-111.931978006792,40.4437451477457],[-111.932053778788,40.4438306847769],[-111.932164573402,40.4439459046272],[-111.932240940981,40.4440559961944],[-111.932317440612,40.4441871098924],[-111.932400886017,40.4443287091722],[-111.932477386547,40.4444598230218],[-111.93256066756,40.444575144341],[-111.932685355518,40.4447113351561],[-111.933785711791,40.4456503443516],[-111.9337857603,40.4456503860535],[-111.933788988845,40.4456531411122],[-111.933792557852,40.445656186033],[-111.933366474336,40.4456554278792],[-111.931847846297,40.4456527124716],[-111.931774785417,40.4456525812132],[-111.931774148511,40.4456498671727],[-111.931681693004,40.4452560990754],[-111.931562003272,40.4447463378711],[-111.931417104119,40.4441284449804]]]},"properties":{"zone_code":"R-1-43","zone_description":"The R-1-43 (Residential) zone is established to provide areas within the city for single-family dwellings on relatively large lots. Higher density is discouraged in this zone due to lack of infrastructure and services.","zone_class_normalized":"Industrial/Flex","jurisdiction":"bluffdale_ut","source_rest_url":"https://services3.arcgis.com/ojBMkFlpg5ujUNtB/arcgis/rest/services/Zoning/FeatureServer/0","extraction_method":"arcgis_rest","confidence":"rest_api"}},{"type":"Feature","geometry":{"type":"Polygon","coordinates":[[[-111.93437530935,40.4460951918911],[-111.934243310902,40.4459157270825],[-111.934151174297,40.4458310910019],[-111.934077992144,40.4457801519293],[-111.934029237878,40.4457461957165],[-111.934008109503,40.4457315084698],[-111.933986872431,40.4457167282453],[-111.933960896746,40.4456939248548],[-111.933935051317,40.4456712356238],[-111.933918158498,40.4456564095824],[-111.93391419603,40.4456529298683],[-111.933910931552,40.4456528526173],[-111.933897861963,40.4456525579695],[-111.933895226306,40.4456502937625],[-111.933895111321,40.445650194635],[-111.933894992744,40.4456500927731],[-111.933848469894,40.4456101286857],[-111.933703510553,40.4454857023867],[-111.933650809988,40.44544045777],[-111.933431888757,40.4452525386708],[-111.933097061498,40.4449651037431],[-111.933009633861,40.4448588995057],[-111.932996458271,40.4448428946801],[-111.932789325631,40.4446514230449],[-111.932575434965,40.4443143381462],[-111.932464348399,40.4441174504739],[-111.932464210058,40.4441172549491],[-111.932419631162,40.4440290568181],[-111.932336137248,40.4439361242618],[-111.932162684245,40.4437315381888],[-111.932142041858,40.4437099482998],[-111.931896158592,40.4434719928073],[-111.931771914401,40.4433409399275],[-111.931549803252,40.4431066571352],[-111.931279131874,40.4427755547771],[-111.931122618402,40.4425984910364],[-111.930987175814,40.4424988059504],[-111.931119120362,40.442498302086],[-111.932971927077,40.4424913587386],[-111.932985637165,40.4424913088307],[-111.933337395871,40.443244716639],[-111.933504218409,40.4436020144749],[-111.934353643782,40.4454055299332],[-111.934319850059,40.4454148342715],[-111.934320812155,40.4454168680999],[-111.934315717809,40.445418262725],[-111.934418273973,40.4456369894936],[-111.934426995716,40.4456545979435],[-111.934563987899,40.4459311779087],[-111.934585647179,40.4459252125134],[-111.93459778252,40.4459218695401],[-111.934600274446,40.445927138312],[-111.934727430975,40.4461961083338],[-111.93488187922,40.4465228008461],[-111.934747026825,40.4465225643106],[-111.934647575238,40.4465223886181],[-111.934645425569,40.4465196821327],[-111.934613294628,40.4464792140441],[-111.934547231624,40.4463794861755],[-111.934500919878,40.4463182588786],[-111.934428190476,40.4461799753037],[-111.93437530935,40.4460951918911]]]},"properties":{"zone_code":"R-1-43","zone_description":"The R-1-43 (Residential) zone is established to provide areas within the city for single-family dwellings on relatively large lots. Higher density is discouraged in this zone due to lack of infrastructure and services.","zone_class_normalized":"Industrial/Flex","jurisdiction":"bluffdale_ut","source_rest_url":"https://services3.arcgis.com/ojBMkFlpg5ujUNtB/arcgis/rest/services/Zoning/FeatureServer/0","extraction_method":"arcgis_rest","confidence":"rest_api"}},{"type":"Feature","geometry":{"type":"Polygon","coordinates":[[[-111.929267727596,40.4473362475625],[-111.929270297676,40.4465127426188],[-111.929271388231,40.4465127446697],[-111.931217892823,40.4465162646734],[-111.93190477074,40.4465174993066],[-111.931977639381,40.4465176291961],[-111.932050845789,40.44651776182],[-111.933014226049,40.446519484564],[-111.933734276055,40.4465207670512],[-111.934481902543,40.4465220967087],[-111.934495112269,40.4465221185848],[-111.934522288103,40.4465631417536],[-111.934571025301,40.4466346751947],[-111.934628989095,40.4467170652339],[-111.934723051688,40.44683629917],[-111.934784180246,40.4469077154206],[-111.93495545753,40.4470679629919],[-111.934955675821,40.4470681557736],[-111.935069168075,40.4471723500898],[-111.935161436733,40.4472769817619],[-111.935202631675,40.4473468785403],[-111.935208289265,40.4473564799846],[-111.9352143493,40.4473667629966],[-111.935273649787,40.4474315270682],[-111.935340723396,40.4476012162007],[-111.935407602969,40.4477779755429],[-111.935407650579,40.4477780862887],[-111.935453172706,40.4478807475238],[-111.935476938536,40.4479519035749],[-111.935516358407,40.4480383772714],[-111.935516399729,40.4480384599886],[-111.93554707001,40.448102369581],[-111.934154148618,40.4480999051581],[-111.933498105373,40.4480987382315],[-111.932421411623,40.4480968172804],[-111.932348255521,40.4480966860267],[-111.932171282919,40.4473414861443],[-111.932098105257,40.4473413548893],[-111.929267727596,40.4473362475625]]]},"properties":{"zone_code":"R-1-43","zone_description":"The R-1-43 (Residential) zone is established to provide areas within the city for single-family dwellings on relatively large lots. Higher density is discouraged in this zone due to lack of infrastructure and services.","zone_class_normalized":"Industrial/Flex","jurisdiction":"bluffdale_ut","source_rest_url":"https://services3.arcgis.com/ojBMkFlpg5ujUNtB/arcgis/rest/services/Zoning/FeatureServer/0","extraction_method":"arcgis_rest","confidence":"rest_api"}},{"type":"Feature","geometry":{"type":"Polygon","coordinates":[[[-111.926602809729,40.4519820057951],[-111.926570023018,40.4519682420514],[-111.926387361384,40.4518915621906],[-111.926266898203,40.4518586638206],[-111.926175329333,40.4518341952756],[-111.926061624178,40.4518079220845],[-111.926061295394,40.4518078462077],[-111.92573019794,40.4517780498603],[-111.925460704253,40.4517525901019],[-111.925257989528,40.4517109343752],[-111.924900773557,40.4515975577716],[-111.924858889607,40.4515713077296],[-111.92452486634,40.45136196326],[-111.924352924303,40.4512542003137],[-111.924073859965,40.4508596632063],[-111.923869857055,40.4506030929773],[-111.923747543344,40.4500602105771],[-111.923610545772,40.4498156904447],[-111.92359321727,40.4497847645981],[-111.923749648097,40.4497840885223],[-111.925855518312,40.4497749645745],[-111.927572479094,40.4497674928758],[-111.928790915318,40.4497621758696],[-111.928906489868,40.449761671376],[-111.929162159381,40.4500644611554],[-111.92930742864,40.4502365020283],[-111.929307577761,40.4503779210843],[-111.929307749339,40.4505425346589],[-111.929308138309,40.4509074252325],[-111.929308645857,40.451386113429],[-111.92930875635,40.4514895593688],[-111.929309501054,40.4521921556303],[-111.928797385883,40.4522187779759],[-111.928224472734,40.4522485577221],[-111.927688747143,40.4521609225868],[-111.926681580301,40.4519961707933],[-111.926607800769,40.4519841016299],[-111.926602809729,40.4519820057951]]]},"properties":{"zone_code":"R-1-43","zone_description":"The R-1-43 (Residential) zone is established to provide areas within the city for single-family dwellings on relatively large lots. Higher density is discouraged in this zone due to lack of infrastructure and services.","zone_class_normalized":"Industrial/Flex","jurisdiction":"bluffdale_ut","source_rest_url":"https://services3.arcgis.com/ojBMkFlpg5ujUNtB/arcgis/rest/services/Zoning/FeatureServer/0","extraction_method":"arcgis_rest","confidence":"rest_api"}},{"type":"Feature","geometry":{"type":"Polygon","coordinates":[[[-111.938789725877,40.4570728103601],[-111.938771393957,40.4559657039831],[-111.939291531083,40.4557784007863],[-111.939474098394,40.4561144480038],[-111.939793299458,40.4567952714672],[-111.938789725877,40.4570728103601]]]},"properties":{"zone_code":"R-1-43","zone_description":"The R-1-43 (Residential) zone is established to provide areas within the city for single-family dwellings on relatively large lots. Higher density is discouraged in this zone due to lack of infrastructure and services.","zone_class_normalized":"Industrial/Flex","jurisdiction":"bluffdale_ut","source_rest_url":"https://services3.arcgis.com/ojBMkFlpg5ujUNtB/arcgis/rest/services/Zoning/FeatureServer/0","extraction_method":"arcgis_rest","confidence":"rest_api"}},{"type":"Feature","geometry":{"type":"Polygon","coordinates":[[[-111.938789725877,40.4570728103601],[-111.938790778703,40.457268854894],[-111.938786494637,40.4572700401163],[-111.93878519208,40.457074063938],[-111.938789725877,40.4570728103601]]]},"properties":{"zone_code":"R-1-43","zone_description":"The R-1-43 (Residential) zone is established to provide areas within the city for single-family dwellings on relatively large lots. Higher density is discouraged in this zone due to lack of infrastructure and services.","zone_class_normalized":"Industrial/Flex","jurisdiction":"bluffdale_ut","source_rest_url":"https://services3.arcgis.com/ojBMkFlpg5ujUNtB/arcgis/rest/services/Zoning/FeatureServer/0","extraction_method":"arcgis_rest","confidence":"rest_api"}},{"type":"Feature","geometry":{"type":"Polygon","coordinates":[[[-111.94507700311,40.4776845878593],[-111.944888576089,40.4774852594567],[-111.944647151162,40.4772298616662],[-111.944375901268,40.4769429147557],[-111.944263123174,40.4768236071484],[-111.943871104673,40.4764088919828],[-111.943471371439,40.4759860064272],[-111.943388413819,40.4758982437238],[-111.943064424734,40.4755554867442],[-111.942737115475,40.4752092115644],[-111.94258120657,40.4750450861965],[-111.942408168588,40.4748629127319],[-111.94226512176,40.4747408297957],[-111.942207694261,40.4746918177968],[-111.942165269525,40.4746637215041],[-111.942023456084,40.4745697967337],[-111.941791971015,40.4744506653124],[-111.941533821254,40.4743356364865],[-111.941384000231,40.4742688776924],[-111.940978949869,40.474088386575],[-111.940711980448,40.4739581027216],[-111.940582724557,40.4738588686984],[-111.940496996533,40.4737648416663],[-111.940424027281,40.4736464639213],[-111.940387106522,40.4735485749609],[-111.940392779383,40.47307604524],[-111.940408198067,40.4729066008499],[-111.940442680797,40.4725276274027],[-111.940534048445,40.4715234842125],[-111.940530429133,40.4715196381826],[-111.940542330912,40.4715233126856],[-111.940839808018,40.4715228500413],[-111.940840861742,40.4715228459411],[-111.940864034683,40.4715431653859],[-111.940910048189,40.4715758860073],[-111.940961781268,40.4716055163985],[-111.94100946025,40.4716274977819],[-111.941098136545,40.4716574117501],[-111.941220393661,40.4716793001777],[-111.94134888868,40.4716866724008],[-111.941773161192,40.4717084261946],[-111.941939394435,40.4717169478465],[-111.942054892628,40.4717228699498],[-111.94210278451,40.4717253253059],[-111.942441476322,40.4717426870558],[-111.942499893765,40.4717456822749],[-111.942872374808,40.4717647763669],[-111.942907697463,40.4717665852518],[-111.943004399307,40.4717715410632],[-111.943186068302,40.4717808615685],[-111.943352674346,40.4717893941453],[-111.943397372718,40.4717916930068],[-111.943399210671,40.4717917838953],[-111.943474053809,40.4717956210258],[-111.943533944489,40.4718002194319],[-111.94358337788,40.4718062296827],[-111.943632325284,40.471814200525],[-111.943709502245,40.4718284030276],[-111.943800088358,40.4718450683959],[-111.943861642718,40.4718542474332],[-111.943924010951,40.4718592893429],[-111.944179589734,40.4718602836473],[-111.944989444319,40.4718600219163],[-111.94540695611,40.4718598784085],[-111.945773735546,40.4718597636022],[-111.946179200929,40.4718596310282],[-111.946483957983,40.4718595251058],[-111.946597932633,40.471859486837],[-111.946598388977,40.4718621636002],[-111.946607518555,40.4719119690073],[-111.946614475109,40.4719639768779],[-111.946623726858,40.4720406768818],[-111.946665110446,40.4723837764022],[-111.946684167307,40.4725417675682],[-111.946737435606,40.4729834070646],[-111.94671675549,40.4732060260276],[-111.946701769795,40.4733250810713],[-111.946684064899,40.4734439192805],[-111.946663647091,40.4735625023885],[-111.946682385947,40.473562495555],[-111.946435883742,40.4742168374396],[-111.946426081326,40.4742168511065],[-111.946391003012,40.4743235774864],[-111.94635404183,40.4744288078552],[-111.946332701452,40.4744876123665],[-111.946311522771,40.4745458243676],[-111.946277834151,40.4746381248663],[-111.946244358432,40.4747294870103],[-111.946143902529,40.4750014980798],[-111.946043388235,40.4752705895191],[-111.946130437681,40.4752704767687],[-111.945895715083,40.4758879466284],[-111.945657876231,40.476498082165],[-111.945548315902,40.4765164389663],[-111.945189601541,40.477410872541],[-111.94516517545,40.477469030759],[-111.94507700311,40.4776845878593]]]},"properties":{"zone_code":"R-1-43","zone_description":"The R-1-43 (Residential) zone is established to provide areas within the city for single-family dwellings on relatively large lots. Higher density is discouraged in this zone due to lack of infrastructure and services.","zone_class_normalized":"Industrial/Flex","jurisdiction":"bluffdale_ut","source_rest_url":"https://services3.arcgis.com/ojBMkFlpg5ujUNtB/arcgis/rest/services/Zoning/FeatureServer/0","extraction_method":"arcgis_rest","confidence":"rest_api"}},{"type":"Feature","geometry":{"type":"Polygon","coordinates":[[[-111.94507700311,40.4776845878593],[-111.944633609957,40.4787375912817],[-111.944573263831,40.4788752953754],[-111.94507700311,40.4776845878593]]]},"properties":{"zone_code":"R-1-43","zone_description":"The R-1-43 (Residential) zone is established to provide areas within the city for single-family dwellings on relatively large lots. Higher density is discouraged in this zone due to lack of infrastructure and services.","zone_class_normalized":"Industrial/Flex","jurisdiction":"bluffdale_ut","source_rest_url":"https://services3.arcgis.com/ojBMkFlpg5ujUNtB/arcgis/rest/services/Zoning/FeatureServer/0","extraction_method":"arcgis_rest","confidence":"rest_api"}},{"type":"Feature","geometry":{"type":"Polygon","coordinates":[[[-111.944573263831,40.4788752953754],[-111.944516245065,40.4790050831793],[-111.943851011156,40.4788337336792],[-111.943674106826,40.4787881650849],[-111.943577045656,40.478760374575],[-111.943482679432,40.4787276226063],[-111.943391433057,40.4786900574478],[-111.943303737722,40.4786478574332],[-111.943219993178,40.4786012118285],[-111.943188706653,40.4785819741372],[-111.943168306812,40.478568854731],[-111.943148215092,40.4785554715674],[-111.943128432393,40.4785418205465],[-111.943108963206,40.4785279064511],[-111.943089813819,40.4785137367976],[-111.943070993215,40.4784993129522],[-111.943052505887,40.4784846431146],[-111.943034357223,40.478469725918],[-111.943016549021,40.478454570245],[-111.942999092958,40.478439181562],[-111.942981990832,40.4784235598689],[-111.942965246235,40.478407715415],[-111.942948868151,40.4783916461502],[-111.942932856579,40.4783753636906],[-111.9429172223,40.478358868036],[-111.94290881856,40.4783496687054],[-111.942839957304,40.4782688753918],[-111.94233989483,40.4776671155826],[-111.941689510072,40.4768844465381],[-111.941595827466,40.4767717055398],[-111.941583032762,40.4767566321653],[-111.941569885918,40.4767417316677],[-111.94155641568,40.476727006097],[-111.941542595099,40.47671245887],[-111.941528456515,40.4766981016032],[-111.941513987351,40.47668393703],[-111.941499202878,40.476669965834],[-111.941484092316,40.4766561927984],[-111.941468671836,40.4766426281731],[-111.941452944132,40.4766292651252],[-111.941436911001,40.4766161159546],[-111.941420587714,40.476603182028],[-111.941403966186,40.4765904653954],[-111.94138704552,40.4765779790402],[-111.941369858053,40.4765657140793],[-111.941352392109,40.4765536828126],[-111.941334650382,40.4765418879735],[-111.941316635568,40.4765303193123],[-111.941298364733,40.4765190021122],[-111.941279840574,40.4765079350065],[-111.941261064886,40.4764971111622],[-111.941242042161,40.4764865428792],[-111.941222773299,40.4764762205911],[-111.941203277162,40.4764661668477],[-111.941181946666,40.4764555753268],[-111.941174982925,40.4764522550555],[-111.941167939235,40.476449035916],[-111.941160817392,40.4764458960419],[-111.941153632666,40.4764428572997],[-111.941146372482,40.4764399203725],[-111.941139051212,40.4764370756941],[-111.941131657179,40.4764343335141],[-111.941124217332,40.4764316828995],[-111.94111670562,40.4764291361501],[-111.94110913911,40.4764266836993],[-111.941101529481,40.4764243453636],[-111.941093853377,40.4764221013265],[-111.941086124273,40.4764199522715],[-111.94107835654,40.4764179180149],[-111.941070539401,40.4764159787403],[-111.941062687227,40.4764141569975],[-111.941054786544,40.4764124295534],[-111.941046853522,40.4764108093911],[-111.941038873787,40.4764092958275],[-111.94103086351,40.4764078888624],[-111.941022840656,40.4764065898626],[-111.941014772886,40.4764053967781],[-111.941006680862,40.4764043116588],[-111.940998561889,40.476403335188],[-111.940983323766,40.4764018011244],[-111.940890721834,40.4764017286921],[-111.940797999527,40.4764016630929],[-111.939810305465,40.4763475430849],[-111.938729349209,40.4762883021908],[-111.938728997968,40.4761506611237],[-111.940739143706,40.4762617167165],[-111.940831016207,40.4762593852083],[-111.940832996093,40.4762593346421],[-111.940926756853,40.476256963501],[-111.940929065523,40.4762621772781],[-111.940945886477,40.4762623364931],[-111.940957219623,40.4762626351065],[-111.940968561751,40.4762630840517],[-111.940979885015,40.4762636833285],[-111.940991201093,40.4762644226872],[-111.941002493815,40.4762653226274],[-111.941013762281,40.4762663735827],[-111.941025004697,40.4762675755529],[-111.941036218367,40.4762689251216],[-111.941047388019,40.4762704270718],[-111.941058540603,40.4762720759371],[-111.941069645577,40.4762738758174],[-111.941080701143,40.4762758137294],[-111.941091721675,40.476277910173],[-111.941102688308,40.4762801446483],[-111.94111360194,40.4762825280885],[-111.941124473352,40.4762850584437],[-111.941135258525,40.4762877261472],[-111.941146000579,40.4762905510156],[-111.941156667175,40.4762935009324],[-111.94116726999,40.476296608014],[-111.941177796449,40.4762998490273],[-111.941188258229,40.4763032253388],[-111.941198623889,40.4763067458319],[-111.941208920379,40.476310409823],[-111.941219133325,40.4763141947627],[-111.941229246559,40.4763181259337],[-111.941239272655,40.4763221985529],[-111.941249208921,40.4763263907537],[-111.941259040083,40.4763307237192],[-111.941268781414,40.4763351769498],[-111.941278414049,40.476339768895],[-111.941302614663,40.4763517721837],[-111.941324706032,40.4763631789276],[-111.94134652611,40.4763748699327],[-111.941368084779,40.4763868465655],[-111.941372051739,40.4763891309198],[-111.941389367665,40.4763991163423],[-111.941410366683,40.47641166628],[-111.941431069257,40.476424485445],[-111.941451483472,40.4764375916038],[-111.941471591361,40.4764509628898],[-111.941491393823,40.4764645952028],[-111.941510883671,40.4764784987925],[-111.941530046533,40.4764926504259],[-111.941548877018,40.4765070678691],[-111.941567388601,40.4765217176391],[-111.941585549841,40.4765366188689],[-111.941603384993,40.4765517695082],[-111.941620850039,40.4765671463239],[-111.94163797103,40.4765827561492],[-111.941654745271,40.4765985866841],[-111.941671138627,40.4766146365617],[-111.941687168165,40.4766309126151],[-111.941702827597,40.4766473916112],[-111.941718101651,40.4766640810664],[-111.941732988532,40.4766809686807],[-111.941747499019,40.4766980619706],[-111.941827847033,40.4767947566785],[-111.941841268762,40.4768109076406],[-111.942193019382,40.4772342089232],[-111.942550155403,40.4776639791821],[-111.942903206785,40.4780888275605],[-111.943024372449,40.4782346356264],[-111.94303715278,40.4782497202852],[-111.94305027537,40.4782646334309],[-111.943063735726,40.4782793675473],[-111.943077528459,40.4782939199013],[-111.943091654467,40.4783082898096],[-111.943106105665,40.4783224636064],[-111.94312087846,40.4783364467581],[-111.943135969258,40.4783502290152],[-111.943151375365,40.4783638096948],[-111.9431670869,40.4783771805971],[-111.943183099369,40.4783903424056],[-111.943199413673,40.4784032869209],[-111.943216021726,40.4784160155095],[-111.943232913647,40.4784285179222],[-111.943250093028,40.4784407927924],[-111.943267549091,40.478452837387],[-111.943285276445,40.4784646482896],[-111.943303276887,40.4784762220839],[-111.94332153245,40.4784875512536],[-111.943330805758,40.4784931044593],[-111.943340046728,40.4784986364821],[-111.943358808941,40.4785094750364],[-111.943377819987,40.4785200607669],[-111.94339706729,40.4785303902571],[-111.943416549054,40.4785404628239],[-111.943436259888,40.4785502736842],[-111.943456188114,40.478559822155],[-111.943476331936,40.4785691014032],[-111.94349668776,40.4785781121123],[-111.943517244807,40.4785868501825],[-111.943537997687,40.4785953115143],[-111.943558943705,40.4786034981575],[-111.943580067588,40.4786114012293],[-111.943601374729,40.4786190220966],[-111.943622848956,40.4786263587093],[-111.943644490269,40.4786334062847],[-111.943666290584,40.4786401682391],[-111.943688240918,40.4786466350065],[-111.943731579241,40.4786584356256],[-111.943971730357,40.4787203112867],[-111.944573263831,40.4788752953754]]]},"properties":{"zone_code":"R-1-43","zone_description":"The R-1-43 (Residential) zone is established to provide areas within the city for single-family dwellings on relatively large lots. Higher density is discouraged in this zone due to lack of infrastructure and services.","zone_class_normalized":"Industrial/Flex","jurisdiction":"bluffdale_ut","source_rest_url":"https://services3.arcgis.com/ojBMkFlpg5ujUNtB/arcgis/rest/services/Zoning/FeatureServer/0","extraction_method":"arcgis_rest","confidence":"rest_api"}},{"type":"Feature","geometry":{"type":"Polygon","coordinates":[[[-111.929145346512,40.486363563944],[-111.92911580721,40.4863626409096],[-111.929263436344,40.4863622460066],[-111.929835928183,40.4863607108042],[-111.929263445327,40.4863634471129],[-111.929145346512,40.486363563944]]]},"properties":{"zone_code":"R-1-43","zone_description":"The R-1-43 (Residential) zone is established to provide areas within the city for single-family dwellings on relatively large lots. Higher density is discouraged in this zone due to lack of infrastructure and services.","zone_class_normalized":"Industrial/Flex","jurisdiction":"bluffdale_ut","source_rest_url":"https://services3.arcgis.com/ojBMkFlpg5ujUNtB/arcgis/rest/services/Zoning/FeatureServer/0","extraction_method":"arcgis_rest","confidence":"rest_api"}},{"type":"Feature","geometry":{"type":"Polygon","coordinates":[[[-111.940953591327,40.4848969630057],[-111.940953168221,40.4848969636889],[-111.940942244707,40.4848969602727],[-111.940921514285,40.48489695549],[-111.940916897843,40.4848908063472],[-111.940893493136,40.4848534318449],[-111.940875526831,40.4848143417089],[-111.940863214521,40.484773995073],[-111.94081750824,40.4846036400656],[-111.940806905424,40.4845454046728],[-111.940759772618,40.4843775798187],[-111.940743726012,40.484333944468],[-111.940715756966,40.4842738674976],[-111.94069780683,40.4842464331794],[-111.940620429544,40.4841137148179],[-111.940609887815,40.4840956313427],[-111.940510271836,40.4839247676436],[-111.940421406895,40.4837723382672],[-111.940335925907,40.4836257148119],[-111.940331543925,40.4836181983672],[-111.940316772927,40.4835928627291],[-111.940268910689,40.4834476375003],[-111.940179610963,40.4831766896332],[-111.94015951026,40.4831157001633],[-111.940141807161,40.4830619852728],[-111.940140625876,40.4830583892925],[-111.940140615097,40.483058348297],[-111.940068866655,40.4828406643844],[-111.939916845658,40.4825925541372],[-111.939642029453,40.4824225290756],[-111.939057897244,40.4820086800323],[-111.938733782395,40.481496552034],[-111.93873369436,40.481627124632],[-111.938733439238,40.4820021732759],[-111.936467550325,40.4820110721516],[-111.936549249405,40.4821451318222],[-111.936688688599,40.4822361537337],[-111.937037956276,40.4823769226047],[-111.937154564787,40.4825586404431],[-111.937286326079,40.4830198768299],[-111.937295346961,40.4830593280873],[-111.937296059325,40.4830624369055],[-111.937296219225,40.4830631406599],[-111.937369527142,40.4833831684666],[-111.937380903407,40.4834328491747],[-111.937453722641,40.4834807219599],[-111.937485681105,40.4835017312871],[-111.937602145885,40.4835361186815],[-111.937700347916,40.483565111787],[-111.937889587912,40.4836209832985],[-111.937989485063,40.4836655783965],[-111.938337803221,40.4838210778533],[-111.938513895474,40.4838996869729],[-111.938732106138,40.4839971010163],[-111.938732027985,40.4841121180719],[-111.938731940848,40.4842394634],[-111.938750608738,40.4842526616376],[-111.938822212551,40.4843032797963],[-111.93871354425,40.4843032135216],[-111.938432299701,40.4843030365614],[-111.938433280661,40.484366854947],[-111.938440996291,40.4848755045444],[-111.938442649191,40.4849839876645],[-111.938444921929,40.4851335481159],[-111.938448654429,40.4853787588946],[-111.938452280029,40.4856168966565],[-111.938454588699,40.485768567559],[-111.938455742136,40.4858444080061],[-111.938461561423,40.4862273735226],[-111.938185358219,40.4862273181814],[-111.937825846154,40.4862271753875],[-111.937825921612,40.4862320870884],[-111.937818222152,40.486232110318],[-111.937693348243,40.486233160434],[-111.937530629209,40.4862345296158],[-111.937199718604,40.4862373110225],[-111.93719827591,40.4862373164883],[-111.937197336272,40.4862373082896],[-111.937147160872,40.486237784497],[-111.93696716454,40.4862353057588],[-111.936653292282,40.4862309823144],[-111.936434761817,40.486265073841],[-111.936378333245,40.4862738758169],[-111.936289508728,40.4862877206676],[-111.936200884535,40.486301542969],[-111.936158547834,40.486308154525],[-111.935719722614,40.4863615388707],[-111.93403770989,40.4863755196646],[-111.933659653902,40.4864098714256],[-111.932986828331,40.4864048326583],[-111.932433142722,40.4864006827634],[-111.93234323843,40.4864002086068],[-111.932253296409,40.4863997324006],[-111.930176475914,40.486366209384],[-111.929942093778,40.4863624236447],[-111.929941977896,40.4860527561391],[-111.92984959605,40.4860532091181],[-111.929850944421,40.4859119218715],[-111.929850906692,40.4859098633063],[-111.929848129101,40.4857429259627],[-111.929832692451,40.485635599412],[-111.929821949499,40.4855609051913],[-111.929819893255,40.4855466085747],[-111.92980505129,40.4854928327723],[-111.92978176606,40.4854381700908],[-111.9297208513,40.4853404254041],[-111.929724385273,40.4851519442333],[-111.929676080165,40.4851124347644],[-111.929665180905,40.4851035185357],[-111.929540397726,40.4850014587201],[-111.929401681676,40.4848879989217],[-111.92935563134,40.4848503340414],[-111.929288964668,40.4847958081678],[-111.929185758123,40.4846798357473],[-111.929181845062,40.4846754404625],[-111.929075689348,40.4845561595786],[-111.929041883049,40.4845181706555],[-111.929041802201,40.4845180777346],[-111.928963058578,40.4844258461613],[-111.928899614162,40.4843347131172],[-111.928886492471,40.4843158658348],[-111.928832165956,40.4842378324947],[-111.928676364848,40.4840140352965],[-111.928666841808,40.4840003587389],[-111.928465623676,40.4837113254247],[-111.928322183386,40.4837375492428],[-111.928286895765,40.4837440018542],[-111.927940476645,40.4832751234585],[-111.927837004199,40.4831350725233],[-111.927567848279,40.4827707621701],[-111.927359458896,40.482488701039],[-111.927140906872,40.4821928818547],[-111.927005524471,40.4820096345569],[-111.926953425778,40.4819391151694],[-111.926841590915,40.4817877369356],[-111.926776235783,40.4816992759975],[-111.926716925414,40.4814959124908],[-111.926645916286,40.4812524435445],[-111.926589106828,40.4810576702114],[-111.926551483587,40.4809286646299],[-111.926286344034,40.4807650807356],[-111.926173348548,40.4806953656287],[-111.926069961442,40.4806315765499],[-111.926291004494,40.4803204176425],[-111.926152460022,40.4802705446777],[-111.926152323479,40.4802704961645],[-111.925826818935,40.4801540109769],[-111.926177040624,40.4795833728973],[-111.926476037679,40.4790961906609],[-111.926601199948,40.4788922528134],[-111.926485057663,40.4788927475219],[-111.92739917072,40.4774099691995],[-111.927399951356,40.4774087324006],[-111.927814271433,40.4767419168477],[-111.927812824247,40.4767413865906],[-111.927811903474,40.4767410503966],[-111.928252802005,40.4760264977442],[-111.928253929391,40.4760246671075],[-111.929197268237,40.4744957332263],[-111.929300670614,40.4743277650286],[-111.929412869295,40.4741454003306],[-111.929927732412,40.4733118205499],[-111.93015272356,40.47295010764],[-111.930472117762,40.4724366059954],[-111.930948799785,40.4716625616473],[-111.931007055531,40.4715679684398],[-111.931034931152,40.4715218748663],[-111.93112785019,40.4713562192907],[-111.931216500434,40.4711829620974],[-111.931300112926,40.4710086445356],[-111.931379716237,40.4708332426787],[-111.931455312163,40.4706567947878],[-111.931526846805,40.4704793712431],[-111.93159432286,40.4703010191906],[-111.931613430026,40.4702470241089],[-111.931657720562,40.4701217994445],[-111.931685441674,40.4700376161867],[-111.931717008473,40.4699417605186],[-111.931718718865,40.4699361539845],[-111.931772170421,40.4697609570776],[-111.931823194729,40.4695794444704],[-111.931870061634,40.4693972821465],[-111.931912759458,40.4692145206721],[-111.931951274726,40.4690312215484],[-111.931972541442,40.4689067784776],[-111.932095960081,40.4681846229148],[-111.932153678634,40.4678502892465],[-111.932149725149,40.4678502988143],[-111.932182244162,40.4676838537238],[-111.932276507978,40.4671296395134],[-111.932324645101,40.4668465285419],[-111.931970646895,40.4668468005437],[-111.931745795884,40.4668477703192],[-111.93174485984,40.4668477710026],[-111.931744905654,40.4668474511612],[-111.931764389214,40.4667377338589],[-111.931788546709,40.4665505502232],[-111.931804464856,40.4663956552352],[-111.931833727476,40.4662723185342],[-111.931834077819,40.4662705798943],[-111.93184184645,40.4662316477447],[-111.931841862619,40.4662315513813],[-111.931874206461,40.4660695944626],[-111.931893858006,40.4658372669269],[-111.931930321522,40.4655919724689],[-111.931946565757,40.4654886883455],[-111.931992025002,40.4653304564186],[-111.932000224824,40.46529171577],[-111.932012348487,40.465204576054],[-111.932024631152,40.4651432408399],[-111.932002536189,40.464988484762],[-111.931971829078,40.4647363425205],[-111.931971820095,40.4647362748596],[-111.931971816502,40.4647362427378],[-111.931904540772,40.4641838153442],[-111.93237985466,40.4641838413152],[-111.932597741032,40.4641838508835],[-111.932631571586,40.4641838488332],[-111.932773606012,40.4641838590849],[-111.932790075724,40.4641838522504],[-111.932836113484,40.4641837968911],[-111.932836569828,40.464183798258],[-111.932875722002,40.4641837531503],[-111.932920892887,40.4641837032586],[-111.933047680208,40.4641838727539],[-111.933124858966,40.4641838754877],[-111.933136083415,40.4641838761711],[-111.933228869503,40.4641838795884],[-111.933252934471,40.4641838809553],[-111.933323974142,40.4638655666274],[-111.933356133829,40.4636903456831],[-111.93339036054,40.4634688591013],[-111.933423578442,40.463172787984],[-111.933439236976,40.4629395673962],[-111.933442280468,40.4628942490977],[-111.933445983324,40.4628996669006],[-111.933468021693,40.4629319112598],[-111.933468036964,40.462931942699],[-111.933496635729,40.4629900580972],[-111.933521978102,40.4630671469871],[-111.933533595115,40.4631092036988],[-111.933548206213,40.4631658542905],[-111.933548226875,40.4631659356222],[-111.93356178874,40.4632213846458],[-111.933569737034,40.4632538714782],[-111.933560917375,40.4633747109021],[-111.933520538103,40.4635291221357],[-111.93352051295,40.4635291952654],[-111.933518387536,40.463535229494],[-111.933420312168,40.4638130118741],[-111.933401425987,40.4639207594625],[-111.933387052045,40.4639945783393],[-111.933376199498,40.4640503212459],[-111.933376194108,40.4640503615695],[-111.933371582157,40.4641243286123],[-111.933371588445,40.4641243860221],[-111.93339020603,40.464183885056],[-111.933548821559,40.4641838925739],[-111.933517996769,40.4640522171368],[-111.9335218191,40.4639732198153],[-111.933544661461,40.4639056203258],[-111.933565337086,40.4638444288175],[-111.933608568509,40.4636750000912],[-111.933659424832,40.4635565826896],[-111.933705056553,40.4634402687581],[-111.933722035611,40.4633969895493],[-111.933747748987,40.463254710765],[-111.93373917367,40.4631864168415],[-111.933692810719,40.4629773019797],[-111.93361232706,40.4628692794929],[-111.933560346944,40.4628103253814],[-111.93348732559,40.4627275586642],[-111.933476897946,40.4627168057293],[-111.933449341226,40.4626883900328],[-111.933450261101,40.4623819732506],[-111.933517747935,40.4621368589125],[-111.933592883026,40.4618317334285],[-111.933640108358,40.4616305119018],[-111.93367869639,40.4614660915753],[-111.933759289644,40.461114344934],[-111.933791820335,40.4606573282636],[-111.933781227401,40.4605790206875],[-111.933781211232,40.460578899027],[-111.933781133977,40.4605783351515],[-111.933759530392,40.460427037937],[-111.933702850291,40.460148004438],[-111.933553818887,40.4597075477331],[-111.933441819632,40.4594869967125],[-111.933441776513,40.4594869153764],[-111.933230454131,40.4591953316549],[-111.933082198871,40.4590210048512],[-111.932988679759,40.4589110375894],[-111.932766883918,40.4586964919604],[-111.932760589423,40.4586904019333],[-111.932655856641,40.4585887688004],[-111.932572517237,40.4585078956634],[-111.932341066304,40.4582825226504],[-111.932126341103,40.458073427382],[-111.93160964183,40.4575406325212],[-111.931191776103,40.4571280798626],[-111.931043198348,40.4569867823254],[-111.930583050717,40.4565491681876],[-111.930232045698,40.4562360364317],[-111.93018893914,40.4561975810384],[-111.929561184742,40.4556896608768],[-111.929284197309,40.4554632633567],[-111.92928099212,40.4547130151492],[-111.929236123966,40.4546547080332],[-111.929133923535,40.4545218990521],[-111.928878837028,40.4541724011626],[-111.928701021806,40.4539529099344],[-111.928535620403,40.453836703098],[-111.928335296094,40.4537790316111],[-111.928147042448,40.4537707359905],[-111.927929498334,40.4537805156084],[-111.927759115773,40.4538080949843],[-111.927629897611,40.4538355226],[-111.927609451955,40.4538412863283],[-111.927500742331,40.4538719444056],[-111.92737143793,40.4538858834328],[-111.927277335811,40.4538862272603],[-111.927141770153,40.4538373114612],[-111.926969043887,40.4537401933878],[-111.926312739232,40.4532323729058],[-111.926015243261,40.4530072706599],[-111.925440114867,40.4525765476175],[-111.924880053915,40.452147761106],[-111.924620712987,40.4519488941945],[-111.924332165135,40.4517162273021],[-111.924003966544,40.4514406178997],[-111.923745128673,40.4511362135488],[-111.923387680937,40.4506880723612],[-111.923067006635,40.4501934098204],[-111.922851844853,40.4498170391777],[-111.922758867424,40.4498171977718],[-111.92259732698,40.4493992068276],[-111.922881951889,40.449607297542],[-111.923183326786,40.4498164670086],[-111.923281565647,40.4498162974771],[-111.923347127391,40.4498659121025],[-111.923417651429,40.4499805302987],[-111.923457831275,40.45011698018],[-111.923511533461,40.4503986529779],[-111.923571898452,40.4506076682251],[-111.923643829252,40.4507270565851],[-111.923837478179,40.4510005559591],[-111.924037803386,40.4512623957586],[-111.924205424526,40.4514464057588],[-111.924519529448,40.4516840295117],[-111.924519642636,40.4516840992364],[-111.924816427141,40.4518278742619],[-111.924816474752,40.4518278920348],[-111.925043093647,40.4518894000463],[-111.925497600757,40.4519750552245],[-111.925836159618,40.4520107486665],[-111.926088896131,40.4520631636342],[-111.926379611618,40.4521769796719],[-111.926573680957,40.4522952462402],[-111.926757169939,40.4524381689155],[-111.926881630623,40.4525895114635],[-111.927027761367,40.4527694909483],[-111.927255260611,40.4530804589809],[-111.92741177049,40.4532029668196],[-111.927605797608,40.4533130281856],[-111.927724174003,40.4533366807059],[-111.92793512089,40.4533698633964],[-111.927935242162,40.453369876384],[-111.928132584064,40.4533890536257],[-111.928438542165,40.4533633196869],[-111.92874468442,40.4533663013709],[-111.929061433084,40.4533487311702],[-111.929179968481,40.4534098344901],[-111.929227367189,40.4534875646136],[-111.929276094505,40.453567473143],[-111.929276232845,40.4535994670148],[-111.929326244752,40.4536637055776],[-111.929413189095,40.453773211826],[-111.929519584659,40.4539265774189],[-111.92972163553,40.4540503045389],[-111.929865951677,40.454137635764],[-111.930067777968,40.4542247542917],[-111.930173987581,40.4543488322067],[-111.930212924158,40.4544438707311],[-111.930280795471,40.4545680890522],[-111.930377514383,40.4547068461533],[-111.930521970667,40.4548161394865],[-111.930728294823,40.4550116902521],[-111.930837299993,40.4551356122337],[-111.930837506606,40.4551358542072],[-111.930902220341,40.4552242564958],[-111.930902239205,40.455224293407],[-111.930937149534,40.4552978422725],[-111.930976683491,40.4554880579945],[-111.931009365099,40.4556939179344],[-111.931049190111,40.4559744634512],[-111.931049210772,40.4559745570951],[-111.931106078621,40.4562490344317],[-111.931254887243,40.4564684149467],[-111.931255010312,40.4564686165873],[-111.931405882364,40.4566725856261],[-111.931439524271,40.456765059698],[-111.931507813301,40.4569846258132],[-111.931770449249,40.4569806046525],[-111.931878858836,40.4571980012545],[-111.931917937347,40.4573150040451],[-111.932091574505,40.4574900823595],[-111.9322266407,40.4576286953562],[-111.932304105122,40.4577528777147],[-111.932419956352,40.4578842394641],[-111.932536224401,40.4580814948622],[-111.932719079172,40.4581979663941],[-111.932931151648,40.4583875450784],[-111.933027695388,40.4584970128702],[-111.933172397811,40.4586429106392],[-111.933345669354,40.4587594160564],[-111.933595854653,40.4589122446548],[-111.933778713017,40.4590287140629],[-111.93389475469,40.4591893606019],[-111.934030198177,40.4593865431347],[-111.934136470672,40.4595179385988],[-111.934311186707,40.4598614082992],[-111.9343122566,40.4600298022699],[-111.93428428935,40.4601543725133],[-111.934276191038,40.4603886956675],[-111.934286613292,40.4605204466347],[-111.934315179718,40.4605777849456],[-111.934950064943,40.4605763127177],[-111.935612126003,40.4605747741917],[-111.936121142884,40.4605735883442],[-111.936675430363,40.4605722951895],[-111.936973576715,40.4605715987176],[-111.938809617273,40.4605636771188],[-111.938807402027,40.4602442561543],[-111.93880454808,40.4598328177876],[-111.938790778703,40.457268854894],[-111.939866082759,40.4569714215318],[-111.940279560217,40.4578531211626],[-111.941132287797,40.4596587113565],[-111.941770489602,40.4610256708516],[-111.94191988123,40.4613456410342],[-111.942795125083,40.4632202036292],[-111.94277220906,40.4632264422396],[-111.942626037892,40.4629131536535],[-111.942607098711,40.462872562162],[-111.942554420604,40.4628818620316],[-111.942409492705,40.4629074501646],[-111.942361508295,40.4629159216737],[-111.942307718973,40.4629254183743],[-111.942262813988,40.4629333465291],[-111.942214639136,40.4629418508411],[-111.942174100863,40.4629490100999],[-111.942146306988,40.4629539118851],[-111.942145370943,40.4629540663473],[-111.942130464299,40.4629566881051],[-111.942080568275,40.4629651309026],[-111.94203238444,40.4629728458129],[-111.941986583835,40.4629798095985],[-111.941969903019,40.4629822071801],[-111.941965076371,40.4629829056773],[-111.941943120647,40.4629860639509],[-111.941885674283,40.4629938123484],[-111.941828632161,40.4630009346948],[-111.941790323505,40.463005351219],[-111.941785049496,40.4630059629164],[-111.941776727503,40.4630069211285],[-111.941719130222,40.4630130148651],[-111.941663150807,40.4630183909673],[-111.941607554074,40.4630231663072],[-111.941605000164,40.4630233897988],[-111.941602811868,40.4630235763836],[-111.941546547687,40.4630278562142],[-111.941489546887,40.4630316330175],[-111.941423523408,40.4630353168699],[-111.939228455876,40.463145498138],[-111.939108945807,40.464183964336],[-111.939166993144,40.4641839534009],[-111.940439508846,40.4641837319634],[-111.940619206937,40.4641837018917],[-111.943247401676,40.464182475101],[-111.943249985231,40.4641824723672],[-111.943577093267,40.4648802427076],[-111.943649784041,40.4650353031657],[-111.943952669005,40.4656813861495],[-111.944249501121,40.4663145468296],[-111.9442616167,40.4663403899401],[-111.944697790093,40.4672707462299],[-111.944643378237,40.4672768279615],[-111.944868920951,40.4677534914475],[-111.945162459843,40.4683839550086],[-111.945181199598,40.4683832791199],[-111.945333978773,40.4687091215891],[-111.94536781831,40.4686998689977],[-111.945518642751,40.4690215575948],[-111.945801627337,40.4696251238738],[-111.946102215309,40.4702730447536],[-111.946132221735,40.470337722509],[-111.946161248997,40.4704026708227],[-111.946217259853,40.4705279947375],[-111.946263876128,40.4706409245826],[-111.94630790256,40.4707544583475],[-111.946349330166,40.4708685625434],[-111.946388142776,40.4709832009484],[-111.946424329611,40.4710983387074],[-111.94645787989,40.4712139416489],[-111.946488784631,40.471329974235],[-111.946517213614,40.4714380036159],[-111.946518997669,40.4714463927275],[-111.944433739298,40.4714570451755],[-111.943295651088,40.4714628436109],[-111.943279129273,40.4714103610896],[-111.942939181617,40.4714170677347],[-111.942469989747,40.4714263233686],[-111.94234893278,40.4714287103981],[-111.941964724231,40.4714362876612],[-111.941520730105,40.4714450437453],[-111.941322025459,40.4714489622173],[-111.94118727637,40.4714516184956],[-111.940834243853,40.4714585779853],[-111.940776293534,40.471459720588],[-111.940646724131,40.4713275120307],[-111.940922024528,40.4707799730931],[-111.941242000839,40.4701435756136],[-111.941522176393,40.4696980070671],[-111.941537532194,40.4694251366707],[-111.941551456081,40.4691777347321],[-111.941560172434,40.4690122196215],[-111.94154397042,40.4689366362521],[-111.941427741897,40.4688089755505],[-111.941371590005,40.468788427022],[-111.941293832733,40.4687599681061],[-111.941065922958,40.468720174262],[-111.94083182469,40.4686354575592],[-111.940689677076,40.4685293235349],[-111.940588409096,40.4683877834496],[-111.940529943144,40.4682478572746],[-111.940518526455,40.4682204956826],[-111.940517975788,40.4682191890069],[-111.940517421527,40.4682178843814],[-111.940397518895,40.4679886170701],[-111.940385205687,40.4679716473106],[-111.940247152594,40.4677813370857],[-111.940187119082,40.4677094249925],[-111.940053927672,40.4675498834077],[-111.939882869577,40.4672922636249],[-111.939775015149,40.4669867713264],[-111.93972286076,40.4667330032056],[-111.939667128382,40.4664618245424],[-111.939586042851,40.466067287204],[-111.939505035474,40.4659125817788],[-111.939265941674,40.4654559579239],[-111.93908773838,40.4651156244271],[-111.939087724007,40.4651155950391],[-111.939087679989,40.4651155102927],[-111.938884337341,40.464719519563],[-111.938844561737,40.4646100748962],[-111.938832242242,40.4645658628553],[-111.938833274406,40.4644085739611],[-111.938834749439,40.4641840203788],[-111.938809642426,40.4641840278968],[-111.938807787405,40.4641840285803],[-111.938807154991,40.4641840278968],[-111.938807157686,40.4641839896237],[-111.938807435265,40.4641808102195],[-111.938806416575,40.4641738328894],[-111.938787056084,40.4640419428291],[-111.938773531948,40.463957631663],[-111.938753551619,40.4638832817035],[-111.938739788531,40.4638096937115],[-111.938726649771,40.4637394702799],[-111.938706589493,40.4636502262447],[-111.938699519752,40.4635476232742],[-111.938699415547,40.4635460479096],[-111.938711551786,40.4634120283325],[-111.938717133918,40.4632681051797],[-111.938753872318,40.4631756332244],[-111.938756431618,40.4631691861542],[-111.936273300425,40.4632937567272],[-111.936273178254,40.4632937615115],[-111.935920630827,40.4641476998462],[-111.935905658607,40.4641839691202],[-111.935483565407,40.4641839602353],[-111.935422170049,40.4641839595519],[-111.935348060835,40.4641839575015],[-111.935306996148,40.4642951695751],[-111.935239109564,40.4644956292791],[-111.935171709867,40.4646559278572],[-111.935149125322,40.4647063065502],[-111.93513046911,40.4647593902729],[-111.935110787921,40.4648338677498],[-111.935100221038,40.4648738518432],[-111.935082780247,40.4649668743644],[-111.935079422344,40.4649847934988],[-111.935041093926,40.4650794909772],[-111.934996400046,40.4651899169805],[-111.93499633896,40.4651900775886],[-111.934942656537,40.4653453485135],[-111.934911136451,40.4654386669929],[-111.93489258624,40.465551558239],[-111.934886911582,40.4656693050923],[-111.934887566454,40.4657723148815],[-111.934888251869,40.465880228818],[-111.934898118964,40.4659520752101],[-111.934917901663,40.4660267188049],[-111.934934455817,40.4660762688365],[-111.934954345416,40.466174301958],[-111.935000393057,40.4663333096368],[-111.935000420905,40.4663334012161],[-111.935087080482,40.4665612881925],[-111.935150575203,40.4667327804097],[-111.935239106869,40.4669265817865],[-111.935239208379,40.4669268161999],[-111.935306900029,40.4670755687561],[-111.935358906195,40.467173482871],[-111.935387494181,40.4672379442344],[-111.935409785875,40.4673028914455],[-111.935422205982,40.4673655874198],[-111.935422470087,40.4673669460518],[-111.935422727903,40.4673683026335],[-111.935429885679,40.4674437832054],[-111.935419621529,40.4675380432485],[-111.935376805128,40.4676526401833],[-111.935304088302,40.4677682060013],[-111.935288030916,40.467793009766],[-111.935226850255,40.4678875057793],[-111.935170949892,40.4679649362209],[-111.935106595483,40.468029193852],[-111.935031149576,40.4680851623522],[-111.934952804805,40.4681288007469],[-111.934879910113,40.4681595637],[-111.934792986431,40.4682054183383],[-111.934760705471,40.468231721338],[-111.934717682457,40.4682667753586],[-111.934667074069,40.4683355219991],[-111.934640854941,40.4683877595304],[-111.93462857048,40.4684457950335],[-111.934622148424,40.4684761225123],[-111.934632118825,40.4685311878627],[-111.93463545966,40.4685496527697],[-111.934687810779,40.4686107907864],[-111.934712447076,40.4686249809817],[-111.934730647842,40.4686347741556],[-111.934739837607,40.4686399256515],[-111.934739653453,40.468848939509],[-111.934739660639,40.4688611095199],[-111.934739979541,40.4694576990929],[-111.93433923211,40.4694578234709],[-111.934041891547,40.4694579157292],[-111.933582741944,40.469458057192],[-111.93351748922,40.4694580770105],[-111.933480016897,40.4695160938204],[-111.933356897397,40.46970671144],[-111.933245390419,40.469879349873],[-111.933183447089,40.4699752493671],[-111.933139379334,40.4700513864796],[-111.933107880807,40.4701498826032],[-111.933101845925,40.470234751841],[-111.933112532284,40.4703111011926],[-111.933126004318,40.4703667561672],[-111.933168203577,40.4705410788121],[-111.933221086499,40.470759542026],[-111.933274648548,40.4709807059292],[-111.933274988111,40.4709820528705],[-111.933320175167,40.471097713416],[-111.933365904804,40.471200650642],[-111.933418007989,40.4713179283626],[-111.933443969301,40.4713817877944],[-111.93345910771,40.4714382393803],[-111.933466691288,40.4714914346394],[-111.933466655355,40.4715105821069],[-111.933466565524,40.4715682390558],[-111.9334585265,40.4716227756734],[-111.933430853898,40.4717205205163],[-111.933430498165,40.4717217492195],[-111.933386066593,40.4718743679169],[-111.933285726572,40.4722190311476],[-111.933221676692,40.4724390312573],[-111.933145304622,40.4726364851428],[-111.933040100224,40.4729022546796],[-111.932968101152,40.4730841334692],[-111.932915106839,40.4732179991255],[-111.932815033618,40.4734708099633],[-111.932710425701,40.473769217165],[-111.932613397769,40.4740460176143],[-111.932585058617,40.4741244003755],[-111.932491578132,40.4743829649831],[-111.932491490097,40.4743831747701],[-111.932491401164,40.4743833558565],[-111.932358818811,40.4746199342871],[-111.932358507095,40.4746204700277],[-111.932253520988,40.4747984258871],[-111.932121793831,40.4750217112379],[-111.932057084588,40.4751313931397],[-111.931760179709,40.4751873263374],[-111.931692673112,40.4751877588896],[-111.931672646071,40.475187887357],[-111.931638253172,40.4751881080748],[-111.93140461035,40.4753811388497],[-111.931001325178,40.475715452109],[-111.93033459198,40.4762082970053],[-111.930117821316,40.4763685286782],[-111.929981845128,40.4764690388579],[-111.929925070704,40.4765305181594],[-111.929754169814,40.4767155741321],[-111.929750196566,40.4768963151155],[-111.929744432076,40.4771585815093],[-111.929609672207,40.4773386940169],[-111.929742203356,40.4777195153162],[-111.929869825212,40.4780467528966],[-111.929950265752,40.4781604408668],[-111.930031009923,40.4782437919245],[-111.930105190105,40.47831811437],[-111.930206889276,40.4784273850043],[-111.930269870161,40.4784807530687],[-111.930353129615,40.4785389561413],[-111.930508095289,40.4786230166797],[-111.930635225767,40.4786879890949],[-111.930792372551,40.4787682960775],[-111.930928657759,40.4788279126482],[-111.930952589777,40.4788332553694],[-111.931099140932,40.4788659601389],[-111.931108805008,40.478868116632],[-111.931158824101,40.4788716568062],[-111.931158633659,40.4788726489569],[-111.93117035308,40.4788724726657],[-111.93119620839,40.4788743018581],[-111.931261016448,40.4788710910343],[-111.931307097327,40.478870392019],[-111.931975822089,40.4788602252064],[-111.932180668517,40.4788571100439],[-111.934063282231,40.4788417317027],[-111.93423312221,40.4788403364047],[-111.934233275822,40.4788403350381],[-111.93453257561,40.478837877209],[-111.935483210573,40.4788300759755],[-111.935867186458,40.4788269245966],[-111.935867176576,40.4788268924815],[-111.935866805572,40.4788259713933],[-111.935952881244,40.4788252129305],[-111.936188327884,40.4788231425319],[-111.936187418789,40.4788213010386],[-111.935912528922,40.4782635428752],[-111.93619330994,40.4782612353523],[-111.936631961785,40.4782576281819],[-111.93690819104,40.4788182993021],[-111.937051058205,40.4788171233429],[-111.937164478594,40.4788161885885],[-111.937165307739,40.4788161831222],[-111.937259752116,40.4788154075767],[-111.937385670766,40.478814369644],[-111.93741419587,40.4788141339055],[-111.937414641434,40.4788141304891],[-111.937922357555,40.4788099514263],[-111.938450868776,40.4788055974384],[-111.938735625738,40.4788032516692],[-111.938735382294,40.4791648360197],[-111.938735084952,40.4796039461374],[-111.938734621421,40.4802844023825],[-111.939218666036,40.480285964372],[-111.940479601556,40.4802900217182],[-111.940570299958,40.4802903127976],[-111.940660996564,40.4802906052435],[-111.941395014475,40.4802929584769],[-111.941466909342,40.4802931901105],[-111.942945842625,40.4802979198085],[-111.943946274797,40.4803011059658],[-111.943978298839,40.4802285902729],[-111.944227928978,40.4796633289637],[-111.943980341608,40.4802285820734],[-111.943989396626,40.4802285472258],[-111.943955971212,40.4803011367137],[-111.943772705911,40.4806991298227],[-111.943479004424,40.4813369680449],[-111.943289689868,40.4817480826828],[-111.943065067029,40.4822358681289],[-111.943001955889,40.4823729173127],[-111.942884379893,40.4826282395103],[-111.942550997125,40.4831045145752],[-111.942538461135,40.4831317013382],[-111.941829684088,40.4846627526886],[-111.941688816573,40.4849742706647],[-111.941607935858,40.4852077590819],[-111.941555572162,40.4851873918465],[-111.941535418459,40.4851795530897],[-111.941183773839,40.4850375466055],[-111.941024012059,40.4849405310331],[-111.940994405384,40.4848969684716],[-111.940977764093,40.4848969664218],[-111.940953591327,40.4848969630057]]]},"properties":{"zone_code":"R-1-43","zone_description":"The R-1-43 (Residential) zone is established to provide areas within the city for single-family dwellings on relatively large lots. Higher density is discouraged in this zone due to lack of infrastructure and services.","zone_class_normalized":"Industrial/Flex","jurisdiction":"bluffdale_ut","source_rest_url":"https://services3.arcgis.com/ojBMkFlpg5ujUNtB/arcgis/rest/services/Zoning/FeatureServer/0","extraction_method":"arcgis_rest","confidence":"rest_api"}},{"type":"Feature","geometry":{"type":"Polygon","coordinates":[[[-111.927691241765,40.491432230242],[-111.927677607135,40.4911672308966],[-111.927672029496,40.4910588889404],[-111.927671389895,40.4910463922961],[-111.927671283894,40.4910445436232],[-111.927660354092,40.4908509156996],[-111.927640823819,40.4905045916602],[-111.927622142455,40.4901737645553],[-111.927605510147,40.4898790525283],[-111.927588642481,40.4895801416854],[-111.927571774815,40.48928121858],[-111.927556345352,40.4890078361218],[-111.92755645854,40.4890078361218],[-111.927616500136,40.4890049885599],[-111.92758371612,40.4884311989589],[-111.92755602645,40.4879467898522],[-111.927554012427,40.487911589651],[-111.927553609982,40.4879117993957],[-111.927496418739,40.4879426837779],[-111.927489297794,40.4878180591794],[-111.92748162169,40.4876836282415],[-111.927481574079,40.4876829190699],[-111.92748428789,40.4876815601658],[-111.927445683689,40.4866293624959],[-111.92743655411,40.4864720139141],[-111.927432975222,40.4864103394332],[-111.92743128639,40.4863811876825],[-111.927811403112,40.4863930976239],[-111.927811256687,40.4864577584849],[-111.928235779829,40.4864710574032],[-111.928932678453,40.4864928836109],[-111.929626219175,40.4865146011793],[-111.929576437237,40.4865447380772],[-111.929655944428,40.4865450626073],[-111.929785942327,40.4865455948366],[-111.929897353186,40.4865451849039],[-111.930111006696,40.4865443985162],[-111.930470522354,40.486543076483],[-111.93090450835,40.4865414784283],[-111.930904113091,40.4865575498416],[-111.931672364898,40.4865617277388],[-111.931765114155,40.4865618158743],[-111.932414755107,40.4865624348727],[-111.932414789243,40.4865556354559],[-111.932668008152,40.4865558745833],[-111.933396008248,40.4865565612206],[-111.934150987447,40.4865566069963],[-111.93433373981,40.4865566097293],[-111.934317194639,40.4864879787613],[-111.934591028986,40.4864854972995],[-111.93460740168,40.4865541385182],[-111.93511893025,40.4865190947276],[-111.935546076473,40.4864898296094],[-111.935546463647,40.4865229316997],[-111.935666614215,40.4865154046479],[-111.935785691295,40.486509125158],[-111.935787994576,40.4865360782468],[-111.935895476203,40.4865307217909],[-111.936346002877,40.4864275450271],[-111.936660325192,40.486383049465],[-111.937197130558,40.4863587800155],[-111.937291325204,40.4863588934306],[-111.937578888503,40.4863592391415],[-111.937596862893,40.4863592610046],[-111.937645245256,40.4863593190786],[-111.937671088888,40.4863593491404],[-111.937694502578,40.4863593771526],[-111.937725015653,40.4863594147298],[-111.938275063983,40.4863601006859],[-111.938273685968,40.4870050629911],[-111.937973169861,40.487675212464],[-111.937901034245,40.4878360678653],[-111.937729745283,40.4877545269238],[-111.937707059229,40.4877313005475],[-111.937686169805,40.4877099140462],[-111.937651881111,40.4876748093702],[-111.937630043066,40.4876524540591],[-111.93762961457,40.4876889579602],[-111.93698283026,40.4876881483567],[-111.936984805656,40.4878678151738],[-111.936984415787,40.4880532033599],[-111.936981684908,40.4882185676867],[-111.936983786068,40.4883527051423],[-111.936983786068,40.4883527645809],[-111.936980854865,40.4886032413212],[-111.936980893493,40.4886069299197],[-111.936982859007,40.4887943909376],[-111.936963173325,40.4887943929872],[-111.936731071114,40.4887944237311],[-111.936346357712,40.4887944804366],[-111.93595851997,40.4887946929113],[-111.935576996485,40.4887945822331],[-111.935192319914,40.4887946341562],[-111.934726805747,40.4887946929113],[-111.93442159235,40.4887947291208],[-111.934067567195,40.4889761788513],[-111.933973210852,40.4890226724091],[-111.933897942811,40.4890486557168],[-111.933364220463,40.4892329058559],[-111.932978533288,40.4893650422626],[-111.932832748395,40.489414754069],[-111.932374222223,40.489544065124],[-111.932018545066,40.4896134472086],[-111.931900257604,40.4895762604807],[-111.931744385529,40.4895271308726],[-111.931402991586,40.4893298448549],[-111.931402794854,40.4893298462213],[-111.931231918219,40.4893311422383],[-111.93096801385,40.4893331433104],[-111.930874753452,40.4893548900201],[-111.930694030384,40.4894073031759],[-111.930533677512,40.4894746050839],[-111.930314752687,40.4896348303705],[-111.930334243434,40.489791549836],[-111.93038895892,40.4899683969772],[-111.930449771271,40.4901398505926],[-111.930400935259,40.4902690994471],[-111.930264406607,40.4905510745946],[-111.930181925993,40.4906878280632],[-111.929837360996,40.4909299059964],[-111.929525235062,40.49110385211],[-111.929272839909,40.4912264115215],[-111.929078458854,40.4913208021396],[-111.928652647528,40.491415849153],[-111.928183730543,40.4913247372141],[-111.927902980067,40.4913184383622],[-111.927691241765,40.491432230242]]]},"properties":{"zone_code":"R-1-43","zone_description":"The R-1-43 (Residential) zone is established to provide areas within the city for single-family dwellings on relatively large lots. Higher density is discouraged in this zone due to lack of infrastructure and services.","zone_class_normalized":"Industrial/Flex","jurisdiction":"bluffdale_ut","source_rest_url":"https://services3.arcgis.com/ojBMkFlpg5ujUNtB/arcgis/rest/services/Zoning/FeatureServer/0","extraction_method":"arcgis_rest","confidence":"rest_api"}},{"type":"Feature","geometry":{"type":"Polygon","coordinates":[[[-111.924326560546,40.4965919069031],[-111.924800648233,40.4965861400122],[-111.924730603896,40.4965903944776],[-111.924326560546,40.4965919069031]]]},"properties":{"zone_code":"R-1-43","zone_description":"The R-1-43 (Residential) zone is established to provide areas within the city for single-family dwellings on relatively large lots. Higher density is discouraged in this zone due to lack of infrastructure and services.","zone_class_normalized":"Industrial/Flex","jurisdiction":"bluffdale_ut","source_rest_url":"https://services3.arcgis.com/ojBMkFlpg5ujUNtB/arcgis/rest/services/Zoning/FeatureServer/0","extraction_method":"arcgis_rest","confidence":"rest_api"}},{"type":"Feature","geometry":{"type":"Polygon","coordinates":[[[-111.936014830863,40.4938866396354],[-111.935999540639,40.4937279520197],[-111.935856516269,40.4937162449086],[-111.935856516269,40.4937163282528],[-111.935850970969,40.4937157919814],[-111.935746508579,40.493705847391],[-111.93530437217,40.4936546467662],[-111.934778708608,40.4935959744966],[-111.934035516204,40.4935154700612],[-111.93396551229,40.4935078870921],[-111.933914380184,40.4935023481085],[-111.933904650531,40.4935012933241],[-111.934063851763,40.4932426752853],[-111.934219183052,40.4932425680302],[-111.934405309487,40.4932424354985],[-111.934412166328,40.4932424307165],[-111.93458303398,40.4932422995511],[-111.935594928655,40.4932432108773],[-111.93586368213,40.4932422114243],[-111.935863588705,40.4932436235017],[-111.93586449241,40.4932436494616],[-111.935883609458,40.4928827708207],[-111.935914860948,40.4927366475282],[-111.936008473486,40.4925537876756],[-111.936214039464,40.4924122422156],[-111.936652218795,40.4922060821864],[-111.937295645202,40.4919033491434],[-111.938122448301,40.491514326915],[-111.93814224178,40.491509716879],[-111.938145381392,40.4915968122113],[-111.938150604197,40.4917419501244],[-111.937864456643,40.4918885565324],[-111.937492204671,40.4920729293589],[-111.937336952434,40.4921498215863],[-111.937343067266,40.4925659738846],[-111.937335906795,40.4932453457307],[-111.937106460003,40.4932450854494],[-111.937105724283,40.4938632801183],[-111.937389986273,40.4938636052962],[-111.937389946747,40.4938183126494],[-111.937629833759,40.4938185872746],[-111.937629295668,40.4941324749347],[-111.937623479975,40.4944129343535],[-111.937622624779,40.4944541086265],[-111.937621359951,40.4947066652932],[-111.937621066202,40.4947659275056],[-111.937595649269,40.4959081368196],[-111.937644581401,40.4959293512931],[-111.937644399941,40.4961278099595],[-111.937644263397,40.4962759923117],[-111.937644200515,40.4963433460794],[-111.937644199617,40.4963433877498],[-111.937644033429,40.4964864270981],[-111.937643983123,40.4965409865102],[-111.937643921139,40.4966099378267],[-111.937643789087,40.496753967127],[-111.937643684882,40.4968696843743],[-111.93658069583,40.4968690934788],[-111.936349271847,40.4968689630036],[-111.935425901651,40.4968684383704],[-111.93517319568,40.4968682928666],[-111.935153031197,40.4968682812536],[-111.935010161338,40.4968688045206],[-111.935141885799,40.4967956878232],[-111.935508535877,40.496529417197],[-111.935592886784,40.4963620171545],[-111.935601613019,40.4960563258052],[-111.935956448454,40.4956107741609],[-111.936206411869,40.4954631327451],[-111.936439606432,40.4951973555176],[-111.936496525485,40.4950786596527],[-111.936469575128,40.4948752854488],[-111.936319638222,40.4948024821883],[-111.93595051598,40.4946815947999],[-111.935853592253,40.4945515435573],[-111.935946951465,40.4941232757164],[-111.936014830863,40.4938866396354]]]},"properties":{"zone_code":"R-1-43","zone_description":"The R-1-43 (Residential) zone is established to provide areas within the city for single-family dwellings on relatively large lots. Higher density is discouraged in this zone due to lack of infrastructure and services.","zone_class_normalized":"Industrial/Flex","jurisdiction":"bluffdale_ut","source_rest_url":"https://services3.arcgis.com/ojBMkFlpg5ujUNtB/arcgis/rest/services/Zoning/FeatureServer/0","extraction_method":"arcgis_rest","confidence":"rest_api"}},{"type":"Feature","geometry":{"type":"Polygon","coordinates":[[[-111.927051539773,40.4958484602751],[-111.927029893968,40.4957869371847],[-111.927015599077,40.4957463355074],[-111.927002450436,40.4957061730568],[-111.926988425039,40.4956633272537],[-111.926986115471,40.4956562719026],[-111.926984295484,40.4956507235324],[-111.926984717692,40.4956507228494],[-111.927328196626,40.4956528740212],[-111.927557396381,40.495654302443],[-111.92798104097,40.4956569427348],[-111.928209389122,40.4956583677409],[-111.928493972709,40.4956601425087],[-111.928925244894,40.4956628360843],[-111.929012570123,40.4956633812209],[-111.929235874235,40.4956647713872],[-111.929472024255,40.4956662428459],[-111.929545822652,40.495644750939],[-111.929808948182,40.4955681223056],[-111.929858130045,40.4955644784931],[-111.929970089774,40.4955561812022],[-111.93016927412,40.4955414146722],[-111.930247293701,40.4955356299297],[-111.930374971252,40.4955261631169],[-111.93041649408,40.4955230856168],[-111.930603938344,40.495509193486],[-111.930607195635,40.4955089543905],[-111.930619730726,40.4956075163186],[-111.93062711937,40.4956656191496],[-111.930642137405,40.4957837080423],[-111.930642167049,40.4957839327912],[-111.930806807579,40.4957699437103],[-111.930804789065,40.495789248204],[-111.93064433109,40.4958009194307],[-111.929992347332,40.4958483434604],[-111.929979841885,40.495849339459],[-111.929967382252,40.4958504973585],[-111.929963326358,40.4958509284114],[-111.929954952263,40.4958518198915],[-111.929942552817,40.4958533091073],[-111.929930191101,40.4958549643229],[-111.929917869808,40.4958567834887],[-111.929905588042,40.495858767288],[-111.929893356581,40.4958609136714],[-111.929881175426,40.4958632219556],[-111.929869049966,40.4958656921406],[-111.929868903541,40.4958657228813],[-111.929856982897,40.4958683242266],[-111.929844976015,40.4958711168471],[-111.92983303471,40.4958740700023],[-111.929821164371,40.4958771795932],[-111.929809365,40.4958804469861],[-111.929797643782,40.4958838728641],[-111.929786003413,40.4958874538116],[-111.929774442095,40.4958911877792],[-111.929762973304,40.4958950754499],[-111.929751592548,40.49589911819],[-111.929740304318,40.495903307802],[-111.929729117598,40.4959076504339],[-111.929718026997,40.4959121399376],[-111.929707045093,40.4959167783625],[-111.929696170986,40.4959215609266],[-111.929685406474,40.4959264876299],[-111.929674757845,40.4959315557399],[-111.929664220606,40.4959367652564],[-111.929653811827,40.4959421168627],[-111.929643521626,40.4959476044106],[-111.929633359883,40.4959532306325],[-111.929623330193,40.4959589886971],[-111.929613431657,40.4959648806538],[-111.929603668766,40.4959709024039],[-111.929594046013,40.4959770539472],[-111.929584565194,40.4959833332342],[-111.929575233494,40.4959897361665],[-111.929566042831,40.495996264793],[-111.929557007576,40.4960029143321],[-111.929548122339,40.4960096834174],[-111.929539396104,40.4960165672669],[-111.92953082438,40.4960235686133],[-111.929522417047,40.4960306860901],[-111.929514174106,40.4960379087673],[-111.929506096455,40.4960452434762],[-111.929498190382,40.4960526820192],[-111.929490453193,40.4960602284951],[-111.929482890276,40.49606787334],[-111.929475500735,40.4960756192864],[-111.929468293551,40.4960834622355],[-111.929461263336,40.496091400138],[-111.929454416377,40.4960994336769],[-111.929447754471,40.4961075526054],[-111.929441280312,40.496115760339],[-111.929434992105,40.4961240555113],[-111.929428899731,40.4961324299251],[-111.929422994207,40.4961408849463],[-111.929417285413,40.4961494178426],[-111.92941177335,40.4961580258814],[-111.929406457121,40.4961667070133],[-111.929401341215,40.4961754564563],[-111.929396425634,40.4961842714781],[-111.929391712173,40.4961931513953],[-111.929387204427,40.4962020914263],[-111.929382897006,40.4962110936202],[-111.929378797993,40.4962201511458],[-111.929374909186,40.4962292605876],[-111.929371226992,40.4962384219454],[-111.9293677568,40.496247627705],[-111.929364495017,40.4962568805987],[-111.929361446135,40.4962661751616],[-111.929358610154,40.4962755100274],[-111.929355989768,40.4962848783649],[-111.929353581385,40.4962942863222],[-111.929351391292,40.4963037188706],[-111.929349416795,40.4963131801088],[-111.929347656995,40.4963226679874],[-111.92934611369,40.4963321756751],[-111.929344791369,40.4963417045383],[-111.929343683747,40.4963512491119],[-111.929343469049,40.4963533825002],[-111.92934334059,40.4963547494261],[-111.929343218419,40.4963561184015],[-111.929343107028,40.4963574894261],[-111.929343000129,40.4963588590844],[-111.929342898619,40.4963602307922],[-111.929342810584,40.4963616011336],[-111.929342723448,40.4963629721581],[-111.929342643498,40.4963643431826],[-111.929342573429,40.4963657128409],[-111.929342512344,40.4963670845484],[-111.929342453953,40.4963684555728],[-111.929342404546,40.4963698286466],[-111.92934236502,40.4963712003541],[-111.929342329087,40.4963725727447],[-111.929342303036,40.4963739451352],[-111.929342282375,40.4963753175257],[-111.9293422689,40.4963766892331],[-111.929342260815,40.4963780623067],[-111.929342262612,40.4963794346971],[-111.929342270697,40.4963808070875],[-111.929342286866,40.4963821794779],[-111.929342310223,40.4963835518682],[-111.929342341664,40.4963849242586],[-111.929342378495,40.4963862966489],[-111.929342422512,40.4963876690391],[-111.929342471021,40.4963890400631],[-111.92934253031,40.4963904124534],[-111.929342596785,40.4963917841604],[-111.929342673142,40.4963931558674],[-111.929342752194,40.4963945275745],[-111.929342838432,40.4963958979152],[-111.929342933654,40.496397268939],[-111.929343034265,40.4963986392797],[-111.929343145656,40.4964000096204],[-111.929343262437,40.496401379961],[-111.929343384608,40.4964027482522],[-111.929343514863,40.4964041158603],[-111.929343653204,40.4964054841515],[-111.929343798731,40.4964068531258],[-111.929343950546,40.4964082207338],[-111.929344109548,40.4964095883417],[-111.929344275737,40.4964109539003],[-111.92934445001,40.496412320142],[-111.929344630571,40.4964136857005],[-111.929344817421,40.4964150505759],[-111.929345013253,40.4964164147681],[-111.929345215374,40.4964177796435],[-111.92934542558,40.4964191411031],[-111.929345639379,40.4964205052953],[-111.929345864856,40.4964218647056],[-111.929346095723,40.4964232275314],[-111.929346332879,40.4964245876247],[-111.929346576322,40.4964259490843],[-111.929346830545,40.4964273064451],[-111.929347088362,40.4964286658552],[-111.929347354263,40.4964300225329],[-111.929347629147,40.4964313778442],[-111.929347908524,40.496432735888],[-111.929348195984,40.4964340898331],[-111.929348490632,40.496435443095],[-111.929348793364,40.4964367956738],[-111.929349100588,40.4964381475694],[-111.929349416795,40.4964394987819],[-111.929349742883,40.496440848628],[-111.929350070768,40.496442197108],[-111.929350410332,40.496443546271],[-111.929350754386,40.4964448940678],[-111.929351103831,40.4964462398151],[-111.92935146136,40.4964475855625],[-111.929351828771,40.4964489278942],[-111.929352200674,40.4964502715921],[-111.929352579763,40.4964516139238],[-111.929352967835,40.4964529521567],[-111.929353359501,40.4964542938052],[-111.929353759251,40.4964556293056],[-111.929354168883,40.4964569682215],[-111.929354583006,40.4964583030387],[-111.929355004316,40.4964596364896],[-111.929355433711,40.4964609713068],[-111.929355868495,40.4964623020252],[-111.929356309568,40.4964636327436],[-111.929356760522,40.4964649600463],[-111.929357216867,40.4964662880322],[-111.929357679499,40.4964676153349],[-111.929358151114,40.4964689405882],[-111.929358627222,40.4964702617427],[-111.929359110515,40.4964715835804],[-111.929359606385,40.4964729047349],[-111.929360101357,40.4964742224737],[-111.929360608007,40.4964755415788],[-111.929361120945,40.496476855219],[-111.929361637476,40.4964781709084],[-111.929362161194,40.4964794824991],[-111.929362695691,40.4964807927235],[-111.929363234681,40.4964821015817],[-111.929363780856,40.4964834090736],[-111.929487429464,40.496777379604],[-111.929488502052,40.4967799529061],[-111.929489046431,40.4967812610753],[-111.929489586319,40.4967825685614],[-111.929490124409,40.4967838787799],[-111.929490660704,40.4967851883152],[-111.929491195201,40.4967864985337],[-111.929491724309,40.4967878114846],[-111.929492252518,40.4967891230693],[-111.929492775338,40.496790435337],[-111.929493296361,40.4967917455553],[-111.92949381918,40.496793063288],[-111.929494337508,40.4967943769218],[-111.929494851344,40.4967956926051],[-111.929495362486,40.4967970076051],[-111.929495872729,40.4967983232883],[-111.929496376684,40.4967996403377],[-111.929496880639,40.496800957387],[-111.929497379204,40.4968022764857],[-111.929497881362,40.4968035955843],[-111.929498375435,40.4968049139999],[-111.929498867712,40.4968062351478],[-111.929499361786,40.4968075562957],[-111.929499850469,40.4968088747111],[-111.929500336458,40.4968101972253],[-111.929500818853,40.4968115197393],[-111.929501296757,40.496812840204],[-111.92950177466,40.4968141654505],[-111.929502250767,40.4968154879645],[-111.929502721485,40.496816813894],[-111.9295031931,40.4968181384573],[-111.929503658427,40.4968194643868],[-111.92950412106,40.4968207882669],[-111.929504583692,40.4968221141964],[-111.929505042731,40.4968234414921],[-111.929505498177,40.4968247694708],[-111.929505952725,40.4968260967664],[-111.929506404577,40.4968274254282],[-111.929506853735,40.4968287547731],[-111.929507298401,40.4968300834349],[-111.929507742169,40.4968314161953],[-111.929508182343,40.4968327469064],[-111.929508618925,40.4968340783005],[-111.929509057302,40.4968354090115],[-111.929509488494,40.4968367404055],[-111.929509918787,40.4968380724827],[-111.929510345486,40.4968394079755],[-111.929510767695,40.4968407407357],[-111.929511190801,40.4968420741791],[-111.929511610314,40.4968434103548],[-111.929512024438,40.4968447458475],[-111.929512441256,40.4968460799738],[-111.929512850888,40.4968474175158],[-111.929513257825,40.4968487530083],[-111.929513663863,40.496850089184],[-111.929514068105,40.4968514287751],[-111.929514467855,40.4968527642676],[-111.929514865809,40.496854105225],[-111.929515261966,40.4968554427668],[-111.929515656326,40.496856783041],[-111.9295160435,40.4968581219489],[-111.929516432471,40.4968594629062],[-111.929516816051,40.4968608045466],[-111.929517196039,40.4968621448206],[-111.929517577823,40.4968634864609],[-111.929517954217,40.4968648274181],[-111.929518327916,40.4968661711077],[-111.92951869892,40.4968675147973],[-111.929519063636,40.4968688543881],[-111.929519431047,40.4968701994439],[-111.929519795763,40.4968715458658],[-111.929520154191,40.4968728909215],[-111.929520512619,40.4968742339278],[-111.929520867453,40.4968755796666],[-111.929521218695,40.4968769260885],[-111.929521568139,40.4968782725103],[-111.929521913991,40.4968796196152],[-111.929522258944,40.4968809674032],[-111.929522600304,40.496882314508],[-111.929522939867,40.4968836609297],[-111.929523277633,40.4968850094008],[-111.929523608213,40.4968863578718],[-111.92952394059,40.4968877063428],[-111.929524268475,40.49688905618],[-111.929524592767,40.4968904060171],[-111.929524917059,40.4968917565373],[-111.929525236859,40.4968931070576],[-111.929525554863,40.4968944575778],[-111.929525869273,40.4968958074148],[-111.929526178293,40.4968971633999],[-111.92952648911,40.4968985152862],[-111.929526797233,40.4968998664894],[-111.929527099067,40.4969012197419],[-111.929527401799,40.4969025723113],[-111.929527699141,40.4969039255638],[-111.929527993789,40.4969052781331],[-111.929528286639,40.4969066348011],[-111.929528575897,40.4969079887366],[-111.929528863358,40.4969093433552],[-111.929529149022,40.4969106972906],[-111.929529431991,40.4969120546416],[-111.929529709571,40.4969134099432],[-111.92952998715,40.4969147652448],[-111.929530260238,40.4969161212295],[-111.929530534224,40.4969174792635],[-111.929530801024,40.4969188352481],[-111.929531066925,40.496920192599],[-111.929531330131,40.496921551316],[-111.929531589745,40.4969229086667],[-111.929531848459,40.4969242653344],[-111.929532104479,40.4969256261007],[-111.929532354211,40.4969269834514],[-111.929532605739,40.4969283442176],[-111.929532853674,40.4969297036176],[-111.929533095321,40.4969310650669],[-111.929533336968,40.4969324231006],[-111.929533575021,40.4969337865992],[-111.929533813973,40.4969351439497],[-111.929534046637,40.4969365019833],[-111.929534274809,40.496937866165],[-111.929534502083,40.4969392262479],[-111.929534729357,40.4969405890632],[-111.929534953935,40.4969419532447],[-111.929535171328,40.4969433133276],[-111.929535386923,40.496944676826],[-111.929535603417,40.4969460375919],[-111.929535813623,40.4969474017733],[-111.929536022931,40.4969487659547],[-111.929536228645,40.4969501280867],[-111.929536431664,40.4969514922681],[-111.929536632887,40.4969528550831],[-111.929536831414,40.4969542199476],[-111.929537024552,40.4969555854951],[-111.92953721769,40.4969569483101],[-111.929537406336,40.4969583131744],[-111.929537595881,40.4969596800881],[-111.929537779137,40.496961042903],[-111.929537960597,40.4969624091335],[-111.929538139361,40.4969637767301],[-111.929538314533,40.4969651422774],[-111.929538488806,40.4969665064585],[-111.929538660384,40.4969678733719],[-111.929538826573,40.4969692402854],[-111.929538992761,40.4969706078819],[-111.929539152661,40.4969719734291],[-111.929539315256,40.4969733410256],[-111.929539471563,40.4969747079389],[-111.929539625175,40.4969760755353],[-111.92953977699,40.4969774424486],[-111.929539925212,40.4969788107281],[-111.929540072536,40.4969801790076],[-111.929540215368,40.4969815466039],[-111.929540357302,40.4969829155664],[-111.929540492947,40.4969842804302],[-111.92954063039,40.4969856507589],[-111.929540760645,40.4969870197214],[-111.929540892698,40.4969883893669],[-111.929541018462,40.4969897583292],[-111.929541142429,40.4969911279747],[-111.9295412646,40.4969924983032],[-111.929541384076,40.4969938686318],[-111.929541499959,40.4969952348616],[-111.92954161135,40.49699660519],[-111.929541722741,40.4969979748354],[-111.929541831437,40.4969993451638],[-111.929541935642,40.4970007161753],[-111.929542036253,40.4970020865036],[-111.929542139559,40.497003456832],[-111.929542234781,40.4970048271603],[-111.929542330002,40.4970061981716],[-111.929542420732,40.4970075698661],[-111.929542511462,40.4970089415605],[-111.929542593209,40.4970103118888],[-111.929542676752,40.4970116808507],[-111.929542758499,40.4970130504957],[-111.929542835754,40.49701442219],[-111.929542909416,40.4970157938843],[-111.929542983976,40.4970171648955],[-111.929543053146,40.4970185365897],[-111.929543119621,40.4970199089671],[-111.929543183402,40.4970212806613],[-111.929543245385,40.4970226516723],[-111.929543301081,40.4970240247327],[-111.929543356777,40.4970253957437],[-111.929543412472,40.4970267681208],[-111.929543460083,40.4970281398149],[-111.929543510388,40.4970295121921],[-111.929543554406,40.4970308845692],[-111.929543595728,40.4970322569463],[-111.929543635254,40.4970336279571],[-111.929543672085,40.4970350003341],[-111.929543706221,40.4970363727111],[-111.929543737662,40.4970377450881],[-111.929543767307,40.497039117465],[-111.929543791561,40.4970404898419],[-111.929543815816,40.4970418622188],[-111.92954383468,40.4970432345957],[-111.929543849952,40.4970446069725],[-111.92954386702,40.4970459793493],[-111.929543879596,40.4970473524092],[-111.929543889477,40.4970487247859],[-111.929543895766,40.4970500971626],[-111.929543894867,40.4970514695394],[-111.929543898461,40.497052841916],[-111.929543896664,40.4970542142926],[-111.929543891274,40.4970555866693],[-111.929543886783,40.4970569597289],[-111.929543874206,40.4970583321055],[-111.92954386163,40.497059704482],[-111.929543848155,40.4970610761754],[-111.929543830189,40.4970624485518],[-111.929543805934,40.4970638216114],[-111.929543782578,40.4970651939878],[-111.929543756527,40.4970665663642],[-111.929543729577,40.4970679380575],[-111.929543695441,40.4970693111169],[-111.929543663102,40.4970706834931],[-111.929543624474,40.4970720551863],[-111.929543583152,40.4970734275626],[-111.929543542728,40.4970747992557],[-111.929543496914,40.497076172315],[-111.929543448405,40.497077544008],[-111.929543393607,40.497078915701],[-111.929543340607,40.4970802880771],[-111.92954328581,40.4970816604532],[-111.929543227419,40.4970830328292],[-111.929543165435,40.4970844031559],[-111.929543098062,40.497085776215],[-111.929543033383,40.4970871444923],[-111.929542963314,40.497088515502],[-111.929542889653,40.4970898878779],[-111.929542813296,40.4970912582044],[-111.929542734244,40.497092629214],[-111.929542654294,40.4970940015899],[-111.929542568954,40.4970953725994],[-111.929542482716,40.497096743609],[-111.929542394681,40.4970981146185],[-111.929542301256,40.4970994863111],[-111.929542206035,40.4971008566374],[-111.929542108118,40.497102222865],[-111.929542009304,40.4971035952406],[-111.929541905997,40.49710496625],[-111.929541796403,40.4971063372594],[-111.929541689503,40.4971077062193],[-111.929541579011,40.4971090765455],[-111.929541466721,40.4971104468716],[-111.929541347245,40.4971118171978],[-111.929541229566,40.4971131847914],[-111.929541107395,40.4971145537512],[-111.929540981631,40.4971159240773],[-111.929540853172,40.4971172937201],[-111.929540722018,40.4971186626799],[-111.929540589965,40.4971200275409],[-111.929540453422,40.4971213978668],[-111.929540315979,40.4971227675096],[-111.929540175842,40.4971241371524],[-111.929540029417,40.4971255047457],[-111.929539884788,40.4971268709729],[-111.929539734769,40.4971282399324],[-111.929539580259,40.4971296082088],[-111.929539428444,40.4971309758021],[-111.92953927034,40.4971323406629],[-111.929539109542,40.4971337082561],[-111.929538944252,40.4971350765324],[-111.929538778064,40.4971364413931],[-111.929538610079,40.4971378083031],[-111.929538440297,40.4971391758962],[-111.929538265125,40.4971405387075],[-111.929538087259,40.4971419069837],[-111.929537909393,40.4971432725273],[-111.929537726136,40.4971446367048],[-111.929537541083,40.4971460029315],[-111.929537353335,40.4971473684751],[-111.929537162893,40.4971487312862],[-111.929536970653,40.4971500968297],[-111.929536772126,40.4971514596408],[-111.929536575394,40.4971528251843],[-111.92953637507,40.4971541900446],[-111.929536168458,40.4971555528556],[-111.929535961845,40.4971569170328],[-111.929535754334,40.4971582777943],[-111.929535542332,40.4971596433377],[-111.929535326736,40.4971610040992],[-111.929535108446,40.4971623682763],[-111.929534889257,40.4971637297209],[-111.92953466378,40.4971650918485],[-111.929534438302,40.4971664526099],[-111.929534211029,40.4971678161038],[-111.929533979263,40.4971691754989],[-111.929533743006,40.497170534894],[-111.929533508546,40.4971718977046],[-111.929533268696,40.4971732557335],[-111.929533026151,40.4971746171779],[-111.929532781809,40.4971759772559],[-111.929532534772,40.4971773352847],[-111.929532285939,40.4971786960459],[-111.929532029021,40.4971800540745],[-111.929531774798,40.4971814114201],[-111.929531514286,40.4971827714981],[-111.929531255571,40.4971841295267],[-111.929530990568,40.4971854855059],[-111.92953072287,40.4971868421682],[-111.929530453376,40.4971882022461],[-111.929530181186,40.4971895575421],[-111.929529906302,40.4971909128381],[-111.929529629621,40.4971922695004],[-111.929491263473,40.4971793689122],[-111.92943135842,40.497159403565],[-111.929280089313,40.4971067963118],[-111.92912147558,40.4970541664746],[-111.92896168146,40.4970036569846],[-111.928800759057,40.4969552849243],[-111.928724366325,40.4969334894439],[-111.928638755082,40.4969090625946],[-111.928368267858,40.4968372985118],[-111.927844465606,40.4967681930444],[-111.927829243654,40.4967661846798],[-111.927635687253,40.4965773045497],[-111.927497335021,40.4964422975267],[-111.927328661055,40.4962777144628],[-111.927201341931,40.4961303040442],[-111.92714715735,40.4960675720821],[-111.92711008298,40.4959867563745],[-111.927051539773,40.4958484602751]]]},"properties":{"zone_code":"R-1-43","zone_description":"The R-1-43 (Residential) zone is established to provide areas within the city for single-family dwellings on relatively large lots. Higher density is discouraged in this zone due to lack of infrastructure and services.","zone_class_normalized":"Industrial/Flex","jurisdiction":"bluffdale_ut","source_rest_url":"https://services3.arcgis.com/ojBMkFlpg5ujUNtB/arcgis/rest/services/Zoning/FeatureServer/0","extraction_method":"arcgis_rest","confidence":"rest_api"}},{"type":"Feature","geometry":{"type":"Polygon","coordinates":[[[-111.943599289739,40.5000146973338],[-111.943596879559,40.4999497366827],[-111.943592989854,40.4998848155875],[-111.943586069233,40.4998040843992],[-111.943579157595,40.4997228175733],[-111.943576399767,40.4996758300429],[-111.943575489774,40.4996602877489],[-111.943573251172,40.4995977202963],[-111.943572444485,40.4995351316096],[-111.943572241466,40.4993970983002],[-111.943571574017,40.4989423661855],[-111.943570984723,40.4985408164271],[-111.943570424174,40.4981592928493],[-111.943570348715,40.4981001941635],[-111.943570337037,40.4980907263463],[-111.943570312783,40.4980888102403],[-111.943570243613,40.4980868941342],[-111.943570131323,40.4980849800774],[-111.943569975016,40.4980830673868],[-111.94356977559,40.4980811574284],[-111.943569532147,40.4980792502025],[-111.943569245584,40.498077346392],[-111.943568915004,40.4980754466801],[-111.943568541305,40.4980735510668],[-111.943568124487,40.4980716616013],[-111.943567664549,40.4980697782837],[-111.943567080644,40.498067612161],[-111.943566526384,40.4980657425054],[-111.943565931699,40.4980638817301],[-111.943565294794,40.4980620277858],[-111.943564614769,40.4980601834049],[-111.943563892523,40.4980583479042],[-111.943563128057,40.4980565226501],[-111.943562322268,40.4980547076426],[-111.943561475157,40.4980529028815],[-111.94356058852,40.4980511110993],[-111.943559658764,40.4980493302468],[-111.943558689481,40.4980475623732],[-111.943557679775,40.4980458081616],[-111.943556630543,40.4980440676121],[-111.943555540886,40.4980423414077],[-111.943554412602,40.4980406295485],[-111.943553244792,40.4980389327175],[-111.943552038355,40.498037252281],[-111.943550795087,40.4980355882389],[-111.943549512292,40.4980339405913],[-111.943548192667,40.4980323100213],[-111.943546836211,40.4980306978951],[-111.943545442026,40.4980291035295],[-111.943544012806,40.4980275289739],[-111.943542547654,40.4980259728621],[-111.943541046569,40.4980244365603],[-111.943539511348,40.4980229214347],[-111.943537941093,40.498021426119],[-111.943536336702,40.4980199512965],[-111.943534699073,40.4980184996995],[-111.943533028207,40.4980170685956],[-111.943531325001,40.4980156614004],[-111.943529591253,40.4980142760644],[-111.943527825165,40.498012913954],[-111.943526027636,40.4980115764353],[-111.943524200463,40.4980102621422],[-111.943522343645,40.4980089731238],[-111.943520457183,40.4980077086972],[-111.943518542873,40.4980064695455],[-111.943516598919,40.4980052563517],[-111.943514628015,40.4980040691159],[-111.94351263106,40.4980029085211],[-111.943510608054,40.4980017738843],[-111.943508558997,40.4980006672548],[-111.943506484787,40.4979995879494],[-111.943504386322,40.4979985359682],[-111.943502263603,40.4979975126774],[-111.943500117528,40.4979965173938],[-111.943497950792,40.4979955514838],[-111.943495760699,40.4979946142641],[-111.943493550843,40.4979937057348],[-111.943491319428,40.4979928279453],[-111.943489069149,40.4979919788461],[-111.943486800004,40.4979911604866],[-111.943484510198,40.4979903721837],[-111.943482205121,40.4979896146205],[-111.943479882078,40.4979888884801],[-111.943477542865,40.4979881923963],[-111.943475189279,40.4979875284185],[-111.943472819523,40.4979868951803],[-111.943470436293,40.4979862947312],[-111.943466725352,40.4979854278712],[-111.943466436993,40.4979853663918],[-111.943464308884,40.4979849073454],[-111.943461880738,40.4979844202916],[-111.94345944271,40.4979839653438],[-111.943456993903,40.497983543185],[-111.943454537011,40.4979831531322],[-111.943452070237,40.4979827958683],[-111.943449595378,40.4979824720767],[-111.943447114232,40.497982181074],[-111.943444627695,40.4979819228603],[-111.943442133972,40.4979816981188],[-111.943439636655,40.4979815068495],[-111.943437134847,40.497981347686],[-111.943434629446,40.497981223361],[-111.943432122248,40.4979811318249],[-111.943429613253,40.497981073761],[-111.943426341589,40.4979810484861],[-111.943078400723,40.4979813456367],[-111.942732409202,40.4979816414211],[-111.942302675831,40.4979820075653],[-111.942302683916,40.4979877613572],[-111.942302700984,40.4979992942144],[-111.942302875257,40.4981192554849],[-111.943336650198,40.4981183735984],[-111.943338515998,40.498118397507],[-111.943339456535,40.4981184282467],[-111.943340397071,40.498118470599],[-111.943341334912,40.4981185259304],[-111.943342271855,40.4981185935577],[-111.943343207001,40.4981186741639],[-111.94334414035,40.498118767066],[-111.943345071903,40.4981188722639],[-111.943345999863,40.4981189904408],[-111.943346926924,40.4981191202304],[-111.943347849494,40.4981192623159],[-111.943348768471,40.4981194173805],[-111.943349684752,40.4981195840577],[-111.943350595644,40.4981197630308],[-111.943351502943,40.4981199549829],[-111.943352406648,40.4981201578646],[-111.943353304963,40.4981203730422],[-111.943354197888,40.4981206005156],[-111.943355085424,40.4981208389187],[-111.94335596757,40.4981210896176],[-111.943356844325,40.4981213519294],[-111.943357713894,40.4981216258538],[-111.943358577175,40.4981219120742],[-111.943359434168,40.4981222092242],[-111.943360284873,40.4981225179869],[-111.943361127492,40.4981228383624],[-111.943361962926,40.4981231689845],[-111.943362791172,40.4981235105362],[-111.943363610436,40.4981238643838],[-111.943364422513,40.4981242277948],[-111.943365225607,40.4981246028185],[-111.943366021514,40.4981249880889],[-111.943366805743,40.4981253842888],[-111.943367582786,40.4981257900522],[-111.943368349947,40.4981262067453],[-111.943369107227,40.4981266336849],[-111.943369854625,40.4981270701879],[-111.943370592142,40.4981275169376],[-111.943371319778,40.4981279732506],[-111.943372035735,40.4981284391271],[-111.943372741811,40.498128914567],[-111.943373436209,40.4981293988873],[-111.943374119826,40.4981298934541],[-111.943374791766,40.4981303962182],[-111.943375453825,40.4981309078626],[-111.943376102408,40.4981314290704],[-111.943376739314,40.4981319584755],[-111.943377363643,40.4981324953947],[-111.943377975396,40.4981330418773],[-111.943378574572,40.498133595191],[-111.943379162968,40.498134157385],[-111.943379736094,40.4981347270932],[-111.943380297541,40.4981353043155],[-111.943380845513,40.4981358883688],[-111.943381379112,40.4981364799362],[-111.943381899237,40.4981370790178],[-111.943382405887,40.4981376849304],[-111.94338289996,40.4981382969909],[-111.943383377864,40.4981389158824],[-111.943383843191,40.498139540922],[-111.943384293247,40.4981401714262],[-111.94338472893,40.4981408087616],[-111.94338515024,40.4981414515617],[-111.943385556278,40.4981420998266],[-111.943385947944,40.4981427535564],[-111.943386324338,40.4981434120679],[-111.943386685461,40.4981440753611],[-111.943387031312,40.4981447441192],[-111.94338736279,40.4981454162927],[-111.943387677201,40.4981460932479],[-111.943387978136,40.4981467749849],[-111.943388262004,40.4981474601374],[-111.9433885306,40.4981481487054],[-111.943388783027,40.498148841372],[-111.943389020182,40.498149536771],[-111.943389240269,40.4981502349024],[-111.943389445085,40.4981509364493],[-111.943389633731,40.4981516407286],[-111.943389807106,40.4981523470572],[-111.943389964311,40.4981530554352],[-111.943390104449,40.4981537658624],[-111.943390228416,40.4981544783389],[-111.943390335316,40.4981551928648],[-111.943390427842,40.4981559073906],[-111.943390502402,40.4981566239657],[-111.943390560793,40.4981573405408],[-111.943390603014,40.4981580591652],[-111.943390629065,40.4981587777896],[-111.943390638048,40.498159495731],[-111.943391136613,40.4984992566614],[-111.943391715128,40.4988945365348],[-111.94339229544,40.4992898147623],[-111.943392653867,40.4995352736921],[-111.943392652969,40.4995377840443],[-111.943392652071,40.4995391563701],[-111.943392652969,40.4995405286959],[-111.943392653867,40.4995419010216],[-111.943392655664,40.4995432733474],[-111.943392658359,40.4995446463561],[-111.943392661952,40.4995460186818],[-111.943392665546,40.4995473910074],[-111.943392670037,40.499548763333],[-111.943392675427,40.4995501363417],[-111.943392680817,40.4995515086672],[-111.943392687105,40.4995528809928],[-111.94339269519,40.4995542533182],[-111.943392702376,40.4995556256437],[-111.943392710461,40.4995569986522],[-111.943392720343,40.4995583709777],[-111.943392729326,40.499559743303],[-111.943392741004,40.4995611156284],[-111.943392751784,40.4995624879537],[-111.943392763462,40.499563860279],[-111.943392776038,40.4995652332873],[-111.943392789513,40.4995666056126],[-111.943392802988,40.4995679779378],[-111.943392816462,40.499569350263],[-111.943392832632,40.4995707225882],[-111.943392847005,40.4995720949133],[-111.943392864971,40.4995734679215],[-111.943392882039,40.4995748402465],[-111.943392899107,40.4995762125716],[-111.943392917074,40.4995775848966],[-111.943392936837,40.4995789572216],[-111.9433929566,40.4995803295465],[-111.943392977261,40.4995817018715],[-111.943392997922,40.4995830748795],[-111.943393019482,40.4995844472044],[-111.94339304194,40.4995858195292],[-111.943393064397,40.499587191854],[-111.943393088652,40.4995885641788],[-111.943393112907,40.4995899365036],[-111.943393138958,40.4995913088283],[-111.94339316411,40.499592681153],[-111.943393190162,40.4995940534777],[-111.943393217111,40.4995954264854],[-111.943393244959,40.4995967988101],[-111.943393272807,40.4995981711347],[-111.943393303349,40.4995995434592],[-111.943393332095,40.4996009157838],[-111.94339336174,40.4996022881083],[-111.943393393181,40.4996036597497],[-111.943393424622,40.4996050320741],[-111.943393456961,40.4996064043986],[-111.943393491097,40.4996077767229],[-111.943393524335,40.4996091490473],[-111.943393558471,40.4996105213716],[-111.943393593505,40.499611893696],[-111.943393629438,40.4996132653372],[-111.94339366537,40.4996146376614],[-111.943393702201,40.4996160099857],[-111.943393739931,40.4996173823098],[-111.94339377766,40.499618754634],[-111.943393817186,40.4996201269582],[-111.94339385761,40.4996214985992],[-111.943393897136,40.4996228709233],[-111.94339393756,40.4996242432473],[-111.943393979781,40.4996256155714],[-111.943394021103,40.4996269865292],[-111.943394064222,40.4996283588532],[-111.943394109138,40.4996297311771],[-111.943394152257,40.4996311035011],[-111.943394197173,40.4996324751419],[-111.943394242987,40.4996338474657],[-111.9433942897,40.4996352197896],[-111.943394336412,40.4996365914303],[-111.943394384023,40.4996379637541],[-111.943394431633,40.4996393360778],[-111.943394481041,40.4996407070354],[-111.94339452955,40.4996420793591],[-111.943394579855,40.4996434516827],[-111.943394631958,40.4996448233233],[-111.943394683162,40.4996461956469],[-111.943394735264,40.4996475666043],[-111.943394788264,40.4996489389279],[-111.943394842163,40.4996503105683],[-111.943394895164,40.4996516828918],[-111.94339495086,40.4996530545322],[-111.943395006555,40.4996544268556],[-111.943395062251,40.4996557978129],[-111.943395118845,40.4996571701363],[-111.943395177235,40.4996585417765],[-111.943395234727,40.4996599140999],[-111.943395294016,40.499661285057],[-111.943395354203,40.4996626573803],[-111.943395413492,40.4996640290204],[-111.943395474577,40.4996653999775],[-111.943395536561,40.4996667723007],[-111.943395598545,40.4996681439408],[-111.943395660529,40.4996695148977],[-111.943395723411,40.499670888587],[-111.94257140056,40.4996752275596],[-111.942571404153,40.4996804729892],[-111.942571403255,40.4996831493262],[-111.942483065625,40.4996829416675],[-111.942274104015,40.4996824464291],[-111.942274189355,40.4995863728309],[-111.941990274114,40.4995856986226],[-111.941146315888,40.4995836930746],[-111.940779544537,40.4995828194044],[-111.940300959883,40.4995816765972],[-111.940297721457,40.4995816697664],[-111.940297679236,40.4994910832819],[-111.940297622642,40.4993703102202],[-111.940297557963,40.4992255515295],[-111.940297433996,40.4989537964144],[-111.94030412375,40.4986983081688],[-111.940084783005,40.4986981947746],[-111.940084794683,40.4986839528721],[-111.940085211501,40.4982205726292],[-111.940085400148,40.4980114411806],[-111.940085563641,40.4978280314571],[-111.940085915781,40.4974355166789],[-111.939888878408,40.4974354114799],[-111.939789935268,40.4974353602467],[-111.939794662203,40.49729810478],[-111.939795193107,40.497283854383],[-111.939795546145,40.4969126632977],[-111.939795570399,40.4968872343096],[-111.939795591061,40.4968641320058],[-111.939793352459,40.4968141545206],[-111.93978424983,40.4966109099048],[-111.939783164665,40.4965325151445],[-111.939780258615,40.496322688481],[-111.939778747649,40.4962133356294],[-111.939778380238,40.4961058345487],[-111.939777907724,40.4959686952259],[-111.939777534923,40.4958603569233],[-111.939776798305,40.4956488100893],[-111.939776612354,40.4955952322914],[-111.939776100314,40.4954468455458],[-111.939772369611,40.4949521990579],[-111.939770828102,40.4947485450673],[-111.939768280479,40.4944105870803],[-111.939766154167,40.4941286226854],[-111.939764911797,40.4939639266922],[-111.939763162777,40.4937319716634],[-111.93976212702,40.4935947222836],[-111.93976053251,40.4933833589056],[-111.939760121082,40.4933288358655],[-111.939759842604,40.4932918520433],[-111.939759830926,40.4932903948788],[-111.939689129021,40.4932905185294],[-111.939688228011,40.4932469490909],[-111.939688219028,40.4932463212733],[-111.939693869431,40.4932452179811],[-111.939695100123,40.4932449816101],[-111.939686157394,40.4928376032128],[-111.939818302268,40.492565616592],[-111.939827208165,40.4925472846741],[-111.940018502608,40.4921535154553],[-111.940258704031,40.4916590612536],[-111.940517607479,40.4911261092607],[-111.941114660156,40.4898970490469],[-111.941205332507,40.4897103897571],[-111.942188098411,40.4897070551112],[-111.942612507467,40.4897056115326],[-111.942612188565,40.4896936611876],[-111.942849565684,40.4896922995914],[-111.942849566583,40.4897048046863],[-111.943492500713,40.4897026136987],[-111.943492575273,40.4896901379806],[-111.943546772431,40.4896899555691],[-111.944087845693,40.4896881341865],[-111.944633830943,40.4896862929913],[-111.944682657073,40.4896861283427],[-111.945631861918,40.4896810659097],[-111.945631758612,40.4896953001586],[-111.945693492635,40.4896950890531],[-111.945930787109,40.4896942746916],[-111.946131734848,40.4896935853536],[-111.946332681689,40.4896928960157],[-111.947253069478,40.4896897321662],[-111.947493098423,40.4896889055072],[-111.947980783011,40.4896872255447],[-111.948011733566,40.4896892593992],[-111.948041764246,40.4896953309021],[-111.948069977634,40.4897052603734],[-111.948095529314,40.4897187492579],[-111.948117659311,40.4897353951553],[-111.94813570377,40.4897547020683],[-111.948149125499,40.4897760920171],[-111.948174015121,40.4898311706429],[-111.948194825492,40.4898872268644],[-111.948211491936,40.4899440851002],[-111.948206587134,40.4907834218324],[-111.948205666361,40.4909409481797],[-111.948204941421,40.4910651201823],[-111.948202877991,40.4914182559668],[-111.948199509308,40.4919946918899],[-111.948197582422,40.4923240890399],[-111.948193090846,40.4930926383006],[-111.948192685705,40.4931619477178],[-111.947569485765,40.4931630913174],[-111.947094883343,40.4931639616555],[-111.946620316853,40.4931648285778],[-111.94615171877,40.4931656838865],[-111.945683083856,40.4931665364625],[-111.944979399358,40.4931678132771],[-111.944273500512,40.493169091458],[-111.943472108058,40.4931705349621],[-111.943471708307,40.4932384786756],[-111.948192289548,40.493229886658],[-111.948192088326,40.493275179702],[-111.948191985019,40.4932985066324],[-111.948191070535,40.4935043791147],[-111.948190095862,40.4937239760973],[-111.948189852419,40.4937788875273],[-111.948188632507,40.4940533879854],[-111.948187170948,40.4943827668318],[-111.948185707592,40.4947121618229],[-111.948185633032,40.4947289622371],[-111.948184526308,40.4949784109695],[-111.948183544449,40.495199383057],[-111.948180517127,40.4958811458242],[-111.948179908069,40.4960183932597],[-111.948178740259,40.496281360969],[-111.948177521245,40.4965558566543],[-111.948176133348,40.4968676650828],[-111.948176073161,40.4968814073299],[-111.94817468167,40.4971946207749],[-111.948173291078,40.4975078341238],[-111.948171900486,40.4978210473768],[-111.948170508996,40.4981342605337],[-111.948169117506,40.4984474735945],[-111.948167726015,40.4987606728973],[-111.948167482572,40.49881558567],[-111.948166397407,40.4990598939556],[-111.948165422735,40.4992794693403],[-111.94816535626,40.4992944761788],[-111.948162665805,40.4999002594652],[-111.948162664009,40.4999005197208],[-111.947831486604,40.4998994903112],[-111.947569607038,40.4998986760735],[-111.947573502133,40.4992948723718],[-111.947571495297,40.4992948655409],[-111.947215515407,40.4992936352932],[-111.946800480271,40.4992921994348],[-111.946800484763,40.4992913004864],[-111.94680055573,40.4992759343409],[-111.946802922791,40.4987571528988],[-111.946803431237,40.4986458824602],[-111.946804576589,40.4984439399175],[-111.946806352558,40.4981307275233],[-111.946808128528,40.497817515033],[-111.946808451023,40.4977606327287],[-111.946806344474,40.4977606327287],[-111.946558422032,40.4977605343613],[-111.945768207314,40.4977602173996],[-111.945239040323,40.4977600022209],[-111.944731460746,40.4977597849928],[-111.944702492773,40.4977597173651],[-111.944702500858,40.4977650599457],[-111.944698879749,40.4981583173782],[-111.944695368235,40.4985398436938],[-111.944691671667,40.4989413975568],[-111.944687181887,40.4994290737561],[-111.944686120977,40.4995443635573],[-111.944682038134,40.4999878732969],[-111.944195188979,40.4999867291305],[-111.944195227607,40.500014179556],[-111.943907560103,40.5000144302479],[-111.943619889007,40.5000146802567],[-111.943599289739,40.5000146973338]]]},"properties":{"zone_code":"R-1-43","zone_description":"The R-1-43 (Residential) zone is established to provide areas within the city for single-family dwellings on relatively large lots. Higher density is discouraged in this zone due to lack of infrastructure and services.","zone_class_normalized":"Industrial/Flex","jurisdiction":"bluffdale_ut","source_rest_url":"https://services3.arcgis.com/ojBMkFlpg5ujUNtB/arcgis/rest/services/Zoning/FeatureServer/0","extraction_method":"arcgis_rest","confidence":"rest_api"}},{"type":"Feature","geometry":{"type":"Polygon","coordinates":[[[-111.953621596633,40.4998776568514],[-111.953622278454,40.4997377184342],[-111.957495460921,40.4997413401612],[-111.957571788974,40.4997414071037],[-111.957571788076,40.4997414371595],[-111.957571788076,40.4997414692646],[-111.957571754838,40.4998874652761],[-111.957571738669,40.4999575443416],[-111.957367175211,40.5000516480777],[-111.953598793798,40.500042287097],[-111.9536209741,40.5000053267848],[-111.953621596633,40.4998776568514]]]},"properties":{"zone_code":"R-1-43","zone_description":"The R-1-43 (Residential) zone is established to provide areas within the city for single-family dwellings on relatively large lots. Higher density is discouraged in this zone due to lack of infrastructure and services.","zone_class_normalized":"Industrial/Flex","jurisdiction":"bluffdale_ut","source_rest_url":"https://services3.arcgis.com/ojBMkFlpg5ujUNtB/arcgis/rest/services/Zoning/FeatureServer/0","extraction_method":"arcgis_rest","confidence":"rest_api"}},{"type":"Feature","geometry":{"type":"Polygon","coordinates":[[[-111.929342014677,40.5005095353297],[-111.92925213464,40.5005099383464],[-111.929250468265,40.500509952691],[-111.926224655825,40.5005352115856],[-111.925309392925,40.5005428374774],[-111.925309349806,40.5005428374774],[-111.925309285127,40.5005428374774],[-111.923880626059,40.5005528835162],[-111.923833464506,40.5005436544396],[-111.921720405973,40.5001301186467],[-111.920544671166,40.4999000026252],[-111.91981241036,40.4997802501479],[-111.919810563424,40.4997778415847],[-111.919517957881,40.4993962861057],[-111.919147849289,40.4989136625246],[-111.919072823794,40.4988158520776],[-111.919055813295,40.4987936767169],[-111.919045246413,40.4987803372055],[-111.91903743646,40.4987701290073],[-111.919159921749,40.4986246866063],[-111.919159951393,40.4986246517682],[-111.919180406032,40.4986026478021],[-111.919275117209,40.4985008093467],[-111.919314352926,40.4984462201058],[-111.919339140139,40.4984117904846],[-111.919355235254,40.4983893198908],[-111.919355255916,40.4983892884681],[-111.91944029044,40.4982506653334],[-111.919440313796,40.4982506263965],[-111.919578952591,40.4980243921585],[-111.919706993062,40.4977483620747],[-111.919707006536,40.4977483340673],[-111.919892838324,40.4973483045989],[-111.919910646526,40.4972201391342],[-111.919995791544,40.4972198727203],[-111.920004233911,40.4972198453958],[-111.920052290185,40.4972196677865],[-111.920365788745,40.4972157412551],[-111.920617919794,40.4972148607229],[-111.920619290623,40.4974426066815],[-111.92207678651,40.4974404562502],[-111.922797360234,40.497437837205],[-111.922798310652,40.4973280414653],[-111.922870223485,40.4973277798336],[-111.922869273068,40.4974375748906],[-111.923251422678,40.4974361847609],[-111.923289190547,40.4974055896051],[-111.923320521988,40.4973710166796],[-111.923344706432,40.4973332467748],[-111.923361195009,40.4972931344582],[-111.923369616714,40.4972515889481],[-111.92336977931,40.4972095481556],[-111.923361680099,40.4971679650224],[-111.923345502339,40.497127780197],[-111.923321613441,40.4970899015402],[-111.923290551495,40.4970551863643],[-111.923767378146,40.4970533084831],[-111.924693512458,40.4970498444103],[-111.92520560517,40.4970479262252],[-111.925431807247,40.4970492726437],[-111.925591101005,40.4970527893162],[-111.925591142327,40.4970391741635],[-111.928036334073,40.4970317377792],[-111.928239344344,40.4973201563088],[-111.92825921418,40.4974551834249],[-111.929257794924,40.4976804850907],[-111.929256105193,40.4983479212431],[-111.929345995112,40.4983472545364],[-111.929347129684,40.4979499726727],[-111.929485230388,40.4980054728959],[-111.929622041111,40.4980628031088],[-111.92975752053,40.4981219482787],[-111.929891627324,40.4981828885905],[-111.930024321068,40.498245606962],[-111.93021622367,40.4983408149417],[-111.931036099861,40.4983347291929],[-111.930966444493,40.4986097328996],[-111.930966054625,40.498611276019],[-111.931458398774,40.4988682981462],[-111.931462841841,40.4988706172565],[-111.931463688953,40.4988710592195],[-111.931468061951,40.4988733421256],[-111.931472208575,40.4988733325622],[-111.931497701864,40.4988868715191],[-111.93140246158,40.4990272912433],[-111.931399780108,40.4990317491159],[-111.931398358075,40.4990340388476],[-111.931398367957,40.4990340839318],[-111.931398586247,40.4990352868605],[-111.931418928597,40.4991475635323],[-111.931418927699,40.4991480779013],[-111.93141884146,40.4992809707757],[-111.931418691442,40.4992838704995],[-111.931418688747,40.4992839094358],[-111.93141288563,40.4993845417306],[-111.931412843409,40.4993854311145],[-111.931412900003,40.4993856237461],[-111.931412986241,40.499385902447],[-111.931426956841,40.4994299153231],[-111.931435386631,40.4994564704458],[-111.931446213127,40.4994905818942],[-111.931446350569,40.4994919323621],[-111.931446369434,40.499492259562],[-111.931448950294,40.4995394610278],[-111.931451668596,40.4995900888323],[-111.931449762371,40.4996727691273],[-111.931449041024,40.4997033079191],[-111.931449040125,40.4997033475382],[-111.93144896287,40.4997061406822],[-111.931447390818,40.4997123629241],[-111.931410175413,40.4998568049788],[-111.931401190463,40.4998996002879],[-111.931385957731,40.4999718686269],[-111.931385621761,40.4999767540477],[-111.931382272842,40.5000255248998],[-111.931379830323,40.5000605602712],[-111.93137962371,40.5000635200727],[-111.93137704285,40.5000730299626],[-111.9313641125,40.5001207727047],[-111.931340671861,40.5002072209102],[-111.931290959992,40.5002632233803],[-111.931288429437,40.5002660731967],[-111.931286788215,40.5002678874614],[-111.931286776537,40.5002679339109],[-111.931259854926,40.5003758149463],[-111.931259844147,40.5003758511495],[-111.931204065954,40.5004966517733],[-111.931201975574,40.5005011792224],[-111.931201475213,40.5005011812717],[-111.930716927542,40.5005033616604],[-111.930662011732,40.500503608252],[-111.929342014677,40.5005095353297]]]},"properties":{"zone_code":"R-1-43","zone_description":"The R-1-43 (Residential) zone is established to provide areas within the city for single-family dwellings on relatively large lots. Higher density is discouraged in this zone due to lack of infrastructure and services.","zone_class_normalized":"Industrial/Flex","jurisdiction":"bluffdale_ut","source_rest_url":"https://services3.arcgis.com/ojBMkFlpg5ujUNtB/arcgis/rest/services/Zoning/FeatureServer/0","extraction_method":"arcgis_rest","confidence":"rest_api"}},{"type":"Feature","geometry":{"type":"Polygon","coordinates":[[[-111.948279692032,40.5005101357562],[-111.948279683947,40.5005063057316],[-111.949929143523,40.500508458797],[-111.951022285426,40.5005098720877],[-111.951678927847,40.5005107163735],[-111.951356887208,40.5005161072335],[-111.951022259374,40.5005154610407],[-111.949929121065,40.5005133462279],[-111.948279692032,40.5005101357562]]]},"properties":{"zone_code":"R-1-43","zone_description":"The R-1-43 (Residential) zone is established to provide areas within the city for single-family dwellings on relatively large lots. Higher density is discouraged in this zone due to lack of infrastructure and services.","zone_class_normalized":"Industrial/Flex","jurisdiction":"bluffdale_ut","source_rest_url":"https://services3.arcgis.com/ojBMkFlpg5ujUNtB/arcgis/rest/services/Zoning/FeatureServer/0","extraction_method":"arcgis_rest","confidence":"rest_api"}},{"type":"Feature","geometry":{"type":"Polygon","coordinates":[[[-111.928314564774,40.4936050029999],[-111.9283072992,40.4935865067269],[-111.928273209033,40.4935078652314],[-111.928240197743,40.4935023241982],[-111.928150469521,40.4934872743919],[-111.927827821621,40.4934331415156],[-111.927833456752,40.4933765068939],[-111.927841193044,40.4932989725425],[-111.927844705456,40.4932636801904],[-111.927895410863,40.4932094535417],[-111.927913752664,40.4931898381541],[-111.927998241013,40.4930994821433],[-111.928094758702,40.4929962656078],[-111.928160743553,40.4929492952273],[-111.928339689754,40.4928219117726],[-111.928728472524,40.4928742491227],[-111.928970652037,40.4929068507261],[-111.930154580377,40.4930662152407],[-111.930451344221,40.4931061613452],[-111.931580082766,40.4932580838017],[-111.931727693035,40.4932779492032],[-111.932376077244,40.4933652130284],[-111.932572745409,40.4933916810587],[-111.932658433907,40.4934032147059],[-111.932867758437,40.4934313830845],[-111.932912614014,40.4934374187249],[-111.933115840779,40.4934647693575],[-111.933212167127,40.4934777335098],[-111.933573879166,40.4935264093464],[-111.933720555187,40.4935461476027],[-111.933775720729,40.4935535713934],[-111.933740487007,40.4936036168897],[-111.933616968655,40.4937790630962],[-111.933421939017,40.4940764065471],[-111.933386838246,40.4941307281354],[-111.933267482687,40.4942580489889],[-111.93325573991,40.4942705744104],[-111.933186446563,40.4942612577104],[-111.928630397157,40.4936486712625],[-111.928351703823,40.4936111998479],[-111.928314564774,40.4936050029999]]]},"properties":{"zone_code":"R-1-43","zone_description":"The R-1-43 (Residential) zone is established to provide areas within the city for single-family dwellings on relatively large lots. Higher density is discouraged in this zone due to lack of infrastructure and services.","zone_class_normalized":"Industrial/Flex","jurisdiction":"bluffdale_ut","source_rest_url":"https://services3.arcgis.com/ojBMkFlpg5ujUNtB/arcgis/rest/services/Zoning/FeatureServer/0","extraction_method":"arcgis_rest","confidence":"rest_api"}},{"type":"Feature","geometry":{"type":"Polygon","coordinates":[[[-111.932865374308,40.4948226907506],[-111.932853153627,40.4948398812082],[-111.93284512718,40.494838801852],[-111.932379130618,40.4947761144526],[-111.929259095685,40.4943563968818],[-111.928373006472,40.4942371789743],[-111.928407108316,40.4941435644111],[-111.928423855608,40.4940975901751],[-111.928417507214,40.4940135449166],[-111.92841199066,40.493940585647],[-111.928378124174,40.4937667295476],[-111.928378544585,40.4936286584104],[-111.928314564774,40.4936050029999],[-111.928351703823,40.4936111998479],[-111.928630397157,40.4936486712625],[-111.933186446563,40.4942612577104],[-111.93325573991,40.4942705744104],[-111.933245838679,40.4943112248006],[-111.933223492188,40.4943466081428],[-111.933243234462,40.4943493174833],[-111.933137898012,40.4944744785148],[-111.933067761148,40.4945578168295],[-111.932981762731,40.4946515804221],[-111.93294994081,40.4946987361077],[-111.932904451921,40.4947661454265],[-111.932883506802,40.4947971851421],[-111.932865374308,40.4948226907506]]]},"properties":{"zone_code":"I-O Infill Overlay","zone_description":"Use of the I-O (Infill Overlay) zone is a request for increased intensity in the permitted uses of the underlying zone. The I-O infill overlay zone may only be employed in the R-1-10 zone of the city.","zone_class_normalized":"Agriculture/Rural","jurisdiction":"bluffdale_ut","source_rest_url":"https://services3.arcgis.com/ojBMkFlpg5ujUNtB/arcgis/rest/services/Zoning/FeatureServer/0","extraction_method":"arcgis_rest","confidence":"rest_api"}},{"type":"Feature","geometry":{"type":"Polygon","coordinates":[[[-111.919382617701,40.4494348544694],[-111.919315248546,40.4491701138637],[-111.919178035378,40.4487346971974],[-111.919176396851,40.4487294976897],[-111.919102447537,40.4487430939298],[-111.919089080605,40.4487455508095],[-111.919029360605,40.4485561000991],[-111.918965508355,40.4484296714938],[-111.918916806192,40.4483704422051],[-111.918826582998,40.4482923807639],[-111.918771571068,40.4482570852593],[-111.918643992331,40.4481985237069],[-111.918524038495,40.4481657540988],[-111.918413556495,40.4481439749063],[-111.918322298442,40.4481260075286],[-111.918210213847,40.4481039111271],[-111.918317936223,40.4477849525251],[-111.918069426282,40.4477359687084],[-111.918054730743,40.4477330729102],[-111.918138234538,40.4476949230126],[-111.918239556417,40.447655786634],[-111.91830471931,40.4476389129133],[-111.918478491215,40.4475856427072],[-111.918637715803,40.4475268918911],[-111.918778682132,40.4474432641267],[-111.918973493479,40.4472735335782],[-111.91915762835,40.4471343365984],[-111.919493579401,40.4469142160067],[-111.919749803175,40.4467027022385],[-111.919850765728,40.4466053639802],[-111.920002427399,40.4464995219234],[-111.920074766932,40.4464632554075],[-111.920270356221,40.4464209701976],[-111.920353627353,40.4463957510982],[-111.920527343562,40.4463341580738],[-111.920610535642,40.4463005972795],[-111.920766048391,40.446228001803],[-111.920816580422,40.4461968316163],[-111.920836249036,40.4461966962572],[-111.920920157073,40.4461961158537],[-111.920917409127,40.4461989720676],[-111.920862504096,40.4462560491479],[-111.920754821247,40.4463467006405],[-111.920655116335,40.4464381600609],[-111.92055963081,40.4465585983609],[-111.920531288963,40.4466469271637],[-111.92050297676,40.4467352565341],[-111.920388130744,40.4468435182532],[-111.92016827257,40.4470844765867],[-111.920018485683,40.4472443115131],[-111.919974010093,40.4473155639448],[-111.919929971085,40.4474578634961],[-111.919924326072,40.4475853132035],[-111.919954100732,40.4477347245269],[-111.920002649283,40.4478007105485],[-111.920099508332,40.4479033013368],[-111.920222022367,40.448000889285],[-111.920346209963,40.4480602125543],[-111.920438947542,40.4480949858823],[-111.920488967533,40.4481126709364],[-111.920556578335,40.448151651869],[-111.920598547625,40.4481931689779],[-111.920621415139,40.4482641572136],[-111.920625170097,40.4483499263901],[-111.920632490468,40.4484993975385],[-111.920636113373,40.4485680099139],[-111.920620326381,40.4486072688107],[-111.920604659762,40.4486661506185],[-111.920601749221,40.4487176302871],[-111.920608689604,40.4488009214991],[-111.920612553259,40.4489087574235],[-111.920597218118,40.4490215520319],[-111.920561330423,40.4491654954511],[-111.920527902314,40.44923012312],[-111.920332489096,40.4492749379354],[-111.920201004484,40.4492802994141],[-111.920150568573,40.4492764384385],[-111.920140003486,40.4492756290555],[-111.920094969145,40.4492561683128],[-111.920049933006,40.4492318389585],[-111.920011583927,40.4492228277298],[-111.919998513439,40.4492197563102],[-111.919953645286,40.449227273871],[-111.919905712081,40.4492568471283],[-111.919838627692,40.4493036676089],[-111.919781124734,40.4493430764679],[-111.919752481053,40.4493824025882],[-111.91971103548,40.449421753295],[-111.919663059156,40.4494488832848],[-111.919644428097,40.449473247424],[-111.919587271889,40.4495553530248],[-111.919558074845,40.4495914216798],[-111.919484768725,40.4496676441046],[-111.91945009645,40.4496827878171],[-111.91943689391,40.4496885539524],[-111.919382617701,40.4494348544694]]]},"properties":{"zone_code":"SG-1 Sand & Gravel","zone_description":"The SG-1 (Sand and Gravel) zone is established to provide areas within the city for the extraction of sand, gravel and other similar materials. The zone allows for limited commercial and service uses.","zone_class_normalized":"Commercial","jurisdiction":"bluffdale_ut","source_rest_url":"https://services3.arcgis.com/ojBMkFlpg5ujUNtB/arcgis/rest/services/Zoning/FeatureServer/0","extraction_method":"arcgis_rest","confidence":"rest_api"}},{"type":"Feature","geometry":{"type":"Polygon","coordinates":[[[-111.916803744065,40.4481761347434],[-111.916806479435,40.4481674234788],[-111.9174066843,40.4482857203461],[-111.917403451263,40.4482952956792],[-111.917384240791,40.4483521747832],[-111.917483289034,40.4483716952617],[-111.917484070569,40.4483718490739],[-111.917481569659,40.4483856798644],[-111.917461234496,40.4484981595237],[-111.91745446569,40.4485757524546],[-111.917453508984,40.4485812636992],[-111.917437993283,40.4486706767785],[-111.917429925513,40.4487171654349],[-111.917380346594,40.4489140840677],[-111.917336570792,40.4490133829742],[-111.917287645847,40.4491748710471],[-111.917284413708,40.449238618229],[-111.917321308416,40.4493410181487],[-111.917346989453,40.4493908094936],[-111.917435053995,40.4495567414117],[-111.917449854638,40.4496038043604],[-111.917497674655,40.4497116977858],[-111.917519735482,40.4497615011607],[-111.917643648194,40.4498445901022],[-111.917571151456,40.4498447110985],[-111.916739425589,40.4498460960614],[-111.916463366115,40.4498465643238],[-111.916004971097,40.4498473237975],[-111.915988643318,40.4498473504577],[-111.916644858142,40.4484538165641],[-111.91665572596,40.4484359244663],[-111.916742388232,40.4482932756101],[-111.916773679249,40.4482417675883],[-111.916793286776,40.4482094498684],[-111.916802103741,40.448181362322],[-111.916803744065,40.4481761347434]]]},"properties":{"zone_code":"SG-1 Sand & Gravel","zone_description":"The SG-1 (Sand and Gravel) zone is established to provide areas within the city for the extraction of sand, gravel and other similar materials. The zone allows for limited commercial and service uses.","zone_class_normalized":"Commercial","jurisdiction":"bluffdale_ut","source_rest_url":"https://services3.arcgis.com/ojBMkFlpg5ujUNtB/arcgis/rest/services/Zoning/FeatureServer/0","extraction_method":"arcgis_rest","confidence":"rest_api"}},{"type":"Feature","geometry":{"type":"Polygon","coordinates":[[[-111.917791293497,40.44849698235],[-111.917801521715,40.4484344314641],[-111.917816585564,40.4484374003783],[-111.918080074912,40.4484893245677],[-111.918129429252,40.4483431251545],[-111.9184432539,40.4484049890979],[-111.918539303567,40.4484351854849],[-111.918619686615,40.4484832787335],[-111.918667466208,40.4485295159518],[-111.918672471621,40.4485374881892],[-111.918706218631,40.4485912477874],[-111.918729690711,40.4486606694595],[-111.918757804386,40.4487498677808],[-111.918774666663,40.4488034002521],[-111.91868734862,40.4488194533543],[-111.918743260662,40.4489969730775],[-111.918826170671,40.4492600703056],[-111.918875198923,40.4494456990817],[-111.918935021331,40.4497251994908],[-111.918965804799,40.4498423533802],[-111.91853523869,40.4498430786742],[-111.918437464258,40.4498432570924],[-111.91822491298,40.4498436166633],[-111.918220692695,40.4498436241828],[-111.917966524267,40.4498440391249],[-111.917954853354,40.4498440582655],[-111.917906974946,40.4498094232451],[-111.917797378685,40.4497494022013],[-111.917730293398,40.4497047346756],[-111.917667651178,40.4496335011831],[-111.917625763635,40.4495502704758],[-111.917596957359,40.4494805468886],[-111.917564626992,40.4493900336084],[-111.917531624685,40.4492632360603],[-111.917523489542,40.4491906718116],[-111.917530455977,40.4491407647897],[-111.917551321146,40.4490777476024],[-111.917587546608,40.4489881477575],[-111.917630222872,40.4488466902295],[-111.91766559224,40.4486997054464],[-111.917702108756,40.4486162801219],[-111.917758918215,40.4485414250878],[-111.917791293497,40.44849698235]]]},"properties":{"zone_code":"SG-1 Sand & Gravel","zone_description":"The SG-1 (Sand and Gravel) zone is established to provide areas within the city for the extraction of sand, gravel and other similar materials. The zone allows for limited commercial and service uses.","zone_class_normalized":"Commercial","jurisdiction":"bluffdale_ut","source_rest_url":"https://services3.arcgis.com/ojBMkFlpg5ujUNtB/arcgis/rest/services/Zoning/FeatureServer/0","extraction_method":"arcgis_rest","confidence":"rest_api"}},{"type":"Feature","geometry":{"type":"Polygon","coordinates":[[[-111.92930875635,40.4514895593688],[-111.929308645857,40.451386113429],[-111.929308138309,40.4509074252325],[-111.929307749339,40.4505425346589],[-111.929307577761,40.4503779210843],[-111.92930742864,40.4502365020283],[-111.928906489868,40.449761671376],[-111.928790915318,40.4497621758696],[-111.927572479094,40.4497674928758],[-111.925855518312,40.4497749645745],[-111.92359321727,40.4497847645981],[-111.923561302823,40.4497518228137],[-111.923477721772,40.4497094357662],[-111.923256537685,40.4495366347504],[-111.923035523379,40.4493909810771],[-111.922978496528,40.4493392086599],[-111.922938654448,40.4493030359623],[-111.922856993098,40.4492288967398],[-111.922813122074,40.4491380590933],[-111.922799466783,40.4491097859952],[-111.922756300039,40.4490204028951],[-111.922732298851,40.4488919421238],[-111.922709319946,40.4487689581558],[-111.922668185191,40.4485487889128],[-111.922676423641,40.4481609168613],[-111.922724636222,40.448086382618],[-111.922750475363,40.4480464350187],[-111.922799519784,40.4479706147709],[-111.923105962975,40.4475789398352],[-111.923320024321,40.4471740461558],[-111.923485109517,40.4468886525455],[-111.923646002276,40.446497502484],[-111.923723505326,40.4464023036897],[-111.923896423831,40.4462307992232],[-111.924048042383,40.4460647982501],[-111.924169530542,40.4456168522632],[-111.924209971798,40.4452722466837],[-111.924236898799,40.4450334592583],[-111.924183128341,40.4449495877485],[-111.924029493969,40.4447901172177],[-111.923783549618,40.4446282562759],[-111.92364948774,40.4445133766851],[-111.923649025107,40.4445129808524],[-111.92364357413,40.4445120989452],[-111.923106087841,40.4444254942365],[-111.923106260318,40.4444258394796],[-111.923149065041,40.4445119799903],[-111.9232388804,40.4446057792998],[-111.923334994745,40.4446923721542],[-111.923418323369,40.4447674516094],[-111.923506709508,40.4448252942214],[-111.923699992821,40.4449644611173],[-111.923781465526,40.4450842833611],[-111.923820562004,40.4452237313812],[-111.923817169965,40.4453600952105],[-111.923800964358,40.4454900065782],[-111.923716285566,40.4457131972616],[-111.923540810455,40.4460201187045],[-111.923414530682,40.4462121066845],[-111.923311404087,40.4464081384695],[-111.923187035031,40.4466445522425],[-111.923137339331,40.4467390178462],[-111.923080228039,40.4468719953413],[-111.923074166207,40.446886111512],[-111.923007474382,40.4470413980811],[-111.922924743138,40.4472191467287],[-111.922919407145,40.4472306090085],[-111.922995186328,40.4473417233605],[-111.922833133844,40.447401048579],[-111.922825423604,40.4474121122776],[-111.922759622009,40.4475065255311],[-111.922675296255,40.4476107130152],[-111.922493647023,40.4477834260112],[-111.922409250302,40.4478811159921],[-111.922400063232,40.4479068199005],[-111.922371972913,40.4479855394258],[-111.922363568275,40.448029533368],[-111.922356161665,40.4480889420636],[-111.922352148891,40.448121103978],[-111.922350760994,40.4482167419506],[-111.922348526884,40.4483706582258],[-111.922333484594,40.448180682812],[-111.922324257998,40.4479276147653],[-111.922327020318,40.4476931196319],[-111.922340505827,40.4474588431221],[-111.922364659728,40.4472250627884],[-111.922420918519,40.446875962417],[-111.922489203057,40.4465745979926],[-111.922556001782,40.4462822041906],[-111.922606236471,40.4460624410828],[-111.922763750666,40.4452745826857],[-111.922832896688,40.4449221544552],[-111.922861726321,40.4447727238901],[-111.922869026929,40.4445779076476],[-111.92286194551,40.4443861447062],[-111.922852441334,40.4442838185917],[-111.92273313159,40.4437826592992],[-111.922460568359,40.443191208454],[-111.922119176212,40.442698504135],[-111.922000660578,40.4425594453529],[-111.921981112339,40.4425365075758],[-111.921550000953,40.4421818922773],[-111.921311217971,40.4420226811295],[-111.920927264544,40.4418086627023],[-111.920900054574,40.4417963633613],[-111.920904398826,40.4417928916514],[-111.921093030663,40.4416421736005],[-111.92147183854,40.4413394969707],[-111.921673608238,40.4411782758512],[-111.921145824652,40.4409833391178],[-111.920986351231,40.4409244389567],[-111.921020049733,40.4408824018589],[-111.921881695787,40.4398075166559],[-111.921918053301,40.4397836173453],[-111.92299043424,40.4390786768446],[-111.922995535772,40.4390753225915],[-111.924608878581,40.4390268424713],[-111.926613029862,40.4389665868594],[-111.929296441346,40.4388858336847],[-111.929334212809,40.4352561083565],[-111.929334298149,40.4352479307884],[-111.929344207465,40.4352476278902],[-111.929741149632,40.4352354360641],[-111.929741264617,40.4352356931515],[-111.929754821093,40.4352352849568],[-111.930113014431,40.4352244845463],[-111.930112787157,40.4352240134471],[-111.930126321175,40.4352235977311],[-111.936242539415,40.4350354647755],[-111.936242544805,40.4350361273248],[-111.936242566364,40.435038650345],[-111.936254281294,40.4350382872763],[-111.936329110059,40.4350359693795],[-111.936706291087,40.4350243409213],[-111.93783103662,40.4349897440754],[-111.938568579519,40.4349670498639],[-111.938569700617,40.4350835402619],[-111.938563907381,40.4351329674765],[-111.938565898946,40.4352082217068],[-111.938566641853,40.4352363673224],[-111.938586470366,40.4386090203012],[-111.938587885213,40.438849495374],[-111.93861424897,40.4397122830898],[-111.93862114893,40.4404292396452],[-111.93863864362,40.4422467973955],[-111.938637801,40.4422468226914],[-111.938637831543,40.4422500003989],[-111.938639001149,40.4423725990827],[-111.93370970803,40.4423964277385],[-111.933709315466,40.4423956169053],[-111.933676415567,40.442396588401],[-111.933632041487,40.4423968017062],[-111.933632548137,40.442397883273],[-111.933483054999,40.4424022970495],[-111.93264381203,40.4406076457112],[-111.931804850233,40.438813498897],[-111.930140059111,40.4352529802317],[-111.92976391384,40.4352549514632],[-111.929764022536,40.4352551846196],[-111.931411894788,40.4388253338631],[-111.932240180108,40.4406196834169],[-111.933068743007,40.4424145279125],[-111.933113868078,40.442512276972],[-111.932976415958,40.442512787673],[-111.933332958193,40.4432661788327],[-111.934355339801,40.4454263741103],[-111.934311592745,40.4454383473747],[-111.934306498399,40.4454397419994],[-111.934409053665,40.4456584700653],[-111.934417776307,40.4456760778259],[-111.934410366104,40.4456760634695],[-111.934402052196,40.4456584960436],[-111.934295616208,40.4454335748867],[-111.93432940993,40.4454242712346],[-111.933479985456,40.4436207542283],[-111.933314467271,40.4432662471989],[-111.932962707667,40.4425128389482],[-111.932961406008,40.4425100536794],[-111.930987174915,40.4424988052667],[-111.931048591833,40.4427852122515],[-111.931525568503,40.4431253970267],[-111.931762693195,40.4433624198657],[-111.932162684245,40.4437315375052],[-111.932220980415,40.4437940244023],[-111.932350308172,40.4439452189215],[-111.932419631162,40.4440290561345],[-111.932484056538,40.44415452018],[-111.932537970726,40.4442493659754],[-111.932607524584,40.4443699934668],[-111.932851410895,40.4446993781698],[-111.932987237963,40.4448643748219],[-111.933000412655,40.4448803782751],[-111.93308784119,40.4449865831622],[-111.933422667551,40.4452740186818],[-111.93364158968,40.4454619384045],[-111.933694289346,40.4455071816395],[-111.933889968466,40.4456716683661],[-111.933901710346,40.4456743325002],[-111.933905400625,40.4456751692721],[-111.933893920155,40.4456751480794],[-111.933910828246,40.4456899686475],[-111.933936657505,40.4457126708613],[-111.933962626003,40.4457354762964],[-111.934005004027,40.4457649369229],[-111.934053752902,40.4457988965445],[-111.934126947632,40.4458498383374],[-111.934219077949,40.4459344648235],[-111.934351083583,40.4461139241131],[-111.934403946743,40.4461987177565],[-111.93444382206,40.4462935510966],[-111.934476688721,40.4463370074455],[-111.934522999569,40.4463982340417],[-111.934589067963,40.4464979468426],[-111.934623336895,40.4465411405462],[-111.934636204363,40.446541161055],[-111.934722791176,40.4465413059842],[-111.934857646267,40.4465415343161],[-111.934703199818,40.4462148480475],[-111.934576426871,40.4459466923094],[-111.93458856311,40.4459433493371],[-111.93459105324,40.4459486181074],[-111.934718211565,40.4462175887268],[-111.934872658912,40.4465442818183],[-111.935080783292,40.4469212163218],[-111.935121101479,40.4470044174709],[-111.935220878255,40.4471596442916],[-111.93535521951,40.4473686443186],[-111.935712240546,40.4481241556231],[-111.935795781173,40.4481243032833],[-111.936130085612,40.4488385997651],[-111.936104842055,40.4488385546472],[-111.936142950386,40.4489198571049],[-111.93612359259,40.4489199165785],[-111.93609743814,40.4489199965602],[-111.936047156739,40.4489201503712],[-111.936054785232,40.4489360639902],[-111.936060856047,40.448941599815],[-111.936057443347,40.4489416093855],[-111.936119911293,40.4490719082693],[-111.936317054667,40.4494831185859],[-111.936324543922,40.449514216838],[-111.936388735736,40.4497807792371],[-111.936592884172,40.4502162814107],[-111.936953358333,40.4509852546359],[-111.937187514093,40.4514847490301],[-111.937538133735,40.4522326701796],[-111.93756017929,40.4522319845584],[-111.937596792825,40.4523101733525],[-111.937654769195,40.4524339827428],[-111.93763360848,40.4524339465136],[-111.93709647433,40.4524330189113],[-111.936952796886,40.4524326381637],[-111.936642966147,40.4524318185651],[-111.936625308862,40.4524321357409],[-111.93517472102,40.4524296058541],[-111.935138530592,40.4524312204428],[-111.934697199072,40.4524315013894],[-111.934672870898,40.4524315171115],[-111.934651802709,40.4524294889639],[-111.933491983355,40.4524273076969],[-111.933462421595,40.4523923650348],[-111.933444460679,40.4523711354344],[-111.933429631291,40.4523536073548],[-111.933384567304,40.4523003415693],[-111.933266435251,40.4523586842232],[-111.933227562454,40.4523778829441],[-111.933131148071,40.4524254982912],[-111.932564610266,40.4524347216802],[-111.932464365467,40.4524345897515],[-111.932184609426,40.45243476953],[-111.931922985879,40.4524349383714],[-111.931692917454,40.4521940559573],[-111.931471948962,40.4519964414882],[-111.931351899904,40.4518988743805],[-111.931236790682,40.4517978947254],[-111.931126785687,40.4516936474257],[-111.931068750926,40.4516281847446],[-111.931017060966,40.4515596889673],[-111.930971988895,40.451488518963],[-111.92930875635,40.4514895593688]],[[-111.934472681337,40.4465435756303],[-111.934470882011,40.4465408691457],[-111.933710042203,40.4465395087253],[-111.933006110669,40.4465382522164],[-111.931967779473,40.4465363913799],[-111.931880533296,40.4465362341454],[-111.929261084555,40.4465315123239],[-111.929247153481,40.446531486346],[-111.929258505492,40.4473577262239],[-111.932162059916,40.4473629661713],[-111.932338397409,40.4481154498206],[-111.933473871522,40.448117469895],[-111.935522830769,40.4481211032943],[-111.935492162285,40.4480572026067],[-111.935452703786,40.4479706448499],[-111.935428950533,40.4478994922367],[-111.935383411338,40.4477968282959],[-111.935375834947,40.4477797214976],[-111.935342562247,40.4476948567018],[-111.935316484154,40.4476199582571],[-111.935249408749,40.4474502739573],[-111.935190101974,40.4473855133218],[-111.9351800103,40.4473683353224],[-111.9351784104,40.4473656124642],[-111.935137206475,40.4472957245924],[-111.935044943207,40.447191090215],[-111.934931434783,40.4470869000296],[-111.93475993831,40.4469264597213],[-111.934698824125,40.446855037338],[-111.93460475704,40.4467358068533],[-111.934546799534,40.4466534134189],[-111.934498064133,40.4465818793141],[-111.934472681337,40.4465435756303]],[[-111.931957269184,40.4437536278239],[-111.931956929621,40.4437532436089],[-111.931388358928,40.4437553526898],[-111.9313209754,40.4437556022244],[-111.93140449806,40.4441499191977],[-111.931405395477,40.4441541585278],[-111.931537767624,40.4447650786727],[-111.931538406326,40.4447677920653],[-111.931774148511,40.4456498671727],[-111.9337857603,40.4456503860535],[-111.93267613521,40.4447328146564],[-111.932551447252,40.4445966238848],[-111.932468166239,40.4444813026025],[-111.932391664811,40.4443501887947],[-111.932308218507,40.4442085881929],[-111.932231720673,40.4440774765877],[-111.932155351297,40.443967384372],[-111.932044559378,40.4438521645585],[-111.931968784687,40.4437666282384],[-111.931957269184,40.4437536278239]]]},"properties":{"zone_code":"A-5 Agricultural","zone_description":"The A-5 (Agricultural) zone is established to provide areas within the city where agricultural pursuits can be encouraged and supported.","zone_class_normalized":"Agriculture/Rural","jurisdiction":"bluffdale_ut","source_rest_url":"https://services3.arcgis.com/ojBMkFlpg5ujUNtB/arcgis/rest/services/Zoning/FeatureServer/0","extraction_method":"arcgis_rest","confidence":"rest_api"}},{"type":"Feature","geometry":{"type":"Polygon","coordinates":[[[-111.931950044932,40.4569783934583],[-111.931936136317,40.4569788076727],[-111.931932861958,40.4569716942572],[-111.931860586205,40.4568406588148],[-111.931812513761,40.4567366291805],[-111.931770168975,40.456640764099],[-111.931717049795,40.4565480841145],[-111.931653555973,40.4564592932735],[-111.931620643497,40.4564195338368],[-111.931505819041,40.4562868609487],[-111.931484754446,40.4562615874515],[-111.931459274631,40.4562252359777],[-111.93143803756,40.4561873267189],[-111.931421207623,40.4561481474388],[-111.931408911483,40.4561079975218],[-111.931401244362,40.4560671811376],[-111.931398262854,40.4560260092921],[-111.931398587146,40.4558041317496],[-111.931372395865,40.4554653864244],[-111.931330406812,40.4552644424849],[-111.931307989354,40.455170681975],[-111.9312749592,40.455078771681],[-111.931231568775,40.4549894088239],[-111.931178147761,40.4549032749065],[-111.931115102198,40.4548210254601],[-111.931042912684,40.4547432873095],[-111.930962128088,40.4546706503703],[-111.930878721311,40.4546073916084],[-111.930744466295,40.4545341974315],[-111.930736906972,40.4545307475696],[-111.930721340066,40.4545225682448],[-111.930706765799,40.4545133841046],[-111.930693292867,40.4545032635032],[-111.930681029066,40.4544922857319],[-111.930670062433,40.4544805328157],[-111.930660479206,40.4544680936157],[-111.930652350351,40.454455065195],[-111.930645741445,40.4544415439338],[-111.930640698303,40.4544276350981],[-111.930637261349,40.454413442587],[-111.93063545843,40.454399075768],[-111.930635300327,40.4543846433252],[-111.93062595156,40.4543023009648],[-111.930621244388,40.4542738673545],[-111.930613310467,40.4542458554825],[-111.930602210883,40.4542184786171],[-111.93058802918,40.4541919452418],[-111.93057087585,40.4541664563217],[-111.930550878453,40.4541422073535],[-111.930528191501,40.4541193815302],[-111.93050298657,40.4540981524755],[-111.930475454105,40.454078682876],[-111.930445806108,40.4540611203806],[-111.930414266258,40.4540455982834],[-111.930406697053,40.4540422980943],[-111.930305154189,40.4539990695657],[-111.930274563858,40.4539886939218],[-111.930196954808,40.4539579634411],[-111.930123147427,40.4539221835387],[-111.930053704063,40.4538816255771],[-111.929989152024,40.4538365971471],[-111.929929981793,40.4537874441185],[-111.929876647018,40.4537345376525],[-111.929571525249,40.453402887485],[-111.929565912575,40.4533967867247],[-111.929550223499,40.4533834559634],[-111.93168239369,40.4533821175554],[-111.931682789847,40.453744309073],[-111.931683384532,40.4542879662488],[-111.932606407079,40.454288134402],[-111.932701225156,40.4546380876148],[-111.932701181139,40.4546382564507],[-111.932908578782,40.4552815692512],[-111.932949413499,40.4553981577372],[-111.932996301066,40.4555134117566],[-111.93304916692,40.4556271440272],[-111.933107927519,40.4557391754709],[-111.933793099536,40.4569735595893],[-111.933413408615,40.4569736798893],[-111.932947219813,40.4569734837184],[-111.932840223277,40.4569729888482],[-111.932733385742,40.4569729239137],[-111.932145406049,40.4569725677986],[-111.931950044932,40.4569783934583]]]},"properties":{"zone_code":"A-5 Agricultural","zone_description":"The A-5 (Agricultural) zone is established to provide areas within the city where agricultural pursuits can be encouraged and supported.","zone_class_normalized":"Agriculture/Rural","jurisdiction":"bluffdale_ut","source_rest_url":"https://services3.arcgis.com/ojBMkFlpg5ujUNtB/arcgis/rest/services/Zoning/FeatureServer/0","extraction_method":"arcgis_rest","confidence":"rest_api"}},{"type":"Feature","geometry":{"type":"Polygon","coordinates":[[[-111.953119346761,40.4782137421794],[-111.953120748133,40.4778788017821],[-111.953135785032,40.4778788092985],[-111.953174781797,40.4778788291145],[-111.953192642101,40.4778788461972],[-111.954309004556,40.4778795616222],[-111.954309601038,40.477339173704],[-111.954309801362,40.4771581599028],[-111.954309804057,40.4771554327852],[-111.953195673916,40.4771547310188],[-111.953170566902,40.4771546995862],[-111.953138802473,40.4771546913864],[-111.953123779947,40.4771546879698],[-111.95312475911,40.4769192719134],[-111.953125955666,40.4766318405666],[-111.953125957463,40.4766278089656],[-111.953126519808,40.4764921522829],[-111.953127427107,40.4762735895039],[-111.953128295778,40.4760650340354],[-111.953130074442,40.4756379144373],[-111.953130178647,40.4756131682366],[-111.953132221415,40.4751231814729],[-111.95313234718,40.4750933237157],[-111.953147383181,40.4750933332824],[-111.953703240916,40.4750936975015],[-111.953828316946,40.475093779502],[-111.954312073201,40.4750940931541],[-111.95434952127,40.4750941765213],[-111.954804357163,40.4750951899113],[-111.955498579707,40.4750967335715],[-111.955498576113,40.4750994361724],[-111.95549681811,40.4765955677651],[-111.955496800144,40.4766111926169],[-111.955495423027,40.4778900265063],[-111.955495405959,40.4779055991253],[-111.955495155329,40.4781332206584],[-111.955494896614,40.4783807235304],[-111.955494609153,40.4786313987439],[-111.955494587593,40.478650292037],[-111.954323193446,40.478638397121],[-111.953204563644,40.4786270269786],[-111.95313267237,40.4786262951623],[-111.95311764625,40.4786261427859],[-111.953119346761,40.4782137421794]]]},"properties":{"zone_code":"A-5 Agricultural","zone_description":"The A-5 (Agricultural) zone is established to provide areas within the city where agricultural pursuits can be encouraged and supported.","zone_class_normalized":"Agriculture/Rural","jurisdiction":"bluffdale_ut","source_rest_url":"https://services3.arcgis.com/ojBMkFlpg5ujUNtB/arcgis/rest/services/Zoning/FeatureServer/0","extraction_method":"arcgis_rest","confidence":"rest_api"}},{"type":"Feature","geometry":{"type":"Polygon","coordinates":[[[-111.979163593634,40.4894432609354],[-111.977836273513,40.4894438573618],[-111.977653757407,40.4894482468689],[-111.977126163365,40.4894459629588],[-111.976768041893,40.4894444107472],[-111.976753014875,40.4894443458439],[-111.976762560373,40.4877726005316],[-111.976772979932,40.485947527592],[-111.976776936112,40.4852545852526],[-111.976777024147,40.4852391407368],[-111.976773085035,40.4851416014141],[-111.976788209969,40.4851468172342],[-111.97679091839,40.4851477512172],[-111.976891587194,40.4851824657212],[-111.977083120589,40.4852320398794],[-111.977301230641,40.4853066606769],[-111.977598565814,40.4853960768033],[-111.977823176974,40.4854605903633],[-111.978034371796,40.485530154993],[-111.978034652969,40.4855302185335],[-111.978119297625,40.4855513775301],[-111.978236168443,40.4855945659395],[-111.978654300072,40.4856987708784],[-111.978850834388,40.4857207093869],[-111.978930250849,40.485738496586],[-111.97902631938,40.4857774912149],[-111.979056486604,40.4857945719402],[-111.979120690096,40.4858873106376],[-111.979107628592,40.4859269692773],[-111.979088754988,40.4859842749659],[-111.979030245018,40.4861105584254],[-111.978949375083,40.4862212040049],[-111.978884205004,40.4863322361064],[-111.978867729003,40.4864002516498],[-111.978853286789,40.4864254495837],[-111.978856959102,40.4865564074958],[-111.978881632229,40.4866074809917],[-111.978886288197,40.4866292456652],[-111.978959725472,40.4867598260427],[-111.979079274168,40.4868851993632],[-111.979372031526,40.4872615686593],[-111.979571508723,40.4874973583749],[-111.979771064073,40.4877482666797],[-111.979883048057,40.4878930508164],[-111.980078525954,40.4881631454518],[-111.980310386519,40.4884961495834],[-111.980663400171,40.4890031712578],[-111.980730022826,40.489098544022],[-111.980780611451,40.4891579505591],[-111.980984898228,40.4894573620123],[-111.980870109704,40.4894587017511],[-111.980850447379,40.4894589313035],[-111.980593438478,40.4894590631595],[-111.980041472245,40.489452965674],[-111.979743139044,40.4894496685908],[-111.979279510442,40.4894445426032],[-111.979163593634,40.4894432609354]]]},"properties":{"zone_code":"A-5 Agricultural","zone_description":"The A-5 (Agricultural) zone is established to provide areas within the city where agricultural pursuits can be encouraged and supported.","zone_class_normalized":"Agriculture/Rural","jurisdiction":"bluffdale_ut","source_rest_url":"https://services3.arcgis.com/ojBMkFlpg5ujUNtB/arcgis/rest/services/Zoning/FeatureServer/0","extraction_method":"arcgis_rest","confidence":"rest_api"}},{"type":"Feature","geometry":{"type":"Polygon","coordinates":[[[-111.976876720974,40.4911885131369],[-111.976876737144,40.4911857708763],[-111.977881969913,40.4911853302291],[-111.978471533336,40.4911850460287],[-111.978694533817,40.4911849503843],[-111.979626531432,40.491184505638],[-111.980666026845,40.4911840199012],[-111.980853436973,40.4911839372372],[-111.981549766964,40.4911836072641],[-111.981551248285,40.4911863420098],[-111.98164374242,40.4913572070349],[-111.981725322923,40.4914580076654],[-111.981727536372,40.4914607430831],[-111.981867656488,40.4916338953441],[-111.981484154015,40.4916340784335],[-111.980979809272,40.491634326424],[-111.980592007462,40.4916345033649],[-111.979653402737,40.4916349610885],[-111.978990606856,40.4916352705643],[-111.978028265947,40.4916357064264],[-111.977664031439,40.4916358628722],[-111.976874159877,40.4916362181203],[-111.976876720974,40.4911885131369]]]},"properties":{"zone_code":"A-5 Agricultural","zone_description":"The A-5 (Agricultural) zone is established to provide areas within the city where agricultural pursuits can be encouraged and supported.","zone_class_normalized":"Agriculture/Rural","jurisdiction":"bluffdale_ut","source_rest_url":"https://services3.arcgis.com/ojBMkFlpg5ujUNtB/arcgis/rest/services/Zoning/FeatureServer/0","extraction_method":"arcgis_rest","confidence":"rest_api"}},{"type":"Feature","geometry":{"type":"Polygon","coordinates":[[[-111.976866177448,40.494570156381],[-111.976864900942,40.4932543483213],[-111.976864788652,40.4932543578854],[-111.976864804822,40.4932516273229],[-111.978362668303,40.4932514018824],[-111.978362670998,40.4932541160493],[-111.978363977148,40.4945689731832],[-111.977068326234,40.4945691521658],[-111.976866177448,40.494570156381]]]},"properties":{"zone_code":"A-5 Agricultural","zone_description":"The A-5 (Agricultural) zone is established to provide areas within the city where agricultural pursuits can be encouraged and supported.","zone_class_normalized":"Agriculture/Rural","jurisdiction":"bluffdale_ut","source_rest_url":"https://services3.arcgis.com/ojBMkFlpg5ujUNtB/arcgis/rest/services/Zoning/FeatureServer/0","extraction_method":"arcgis_rest","confidence":"rest_api"}},{"type":"Feature","geometry":{"type":"Polygon","coordinates":[[[-111.967618636943,40.4951020781793],[-111.967247386593,40.4943476103119],[-111.967232411677,40.4943171783848],[-111.967232597628,40.4942070352836],[-111.967234183155,40.4932749310344],[-111.967234188545,40.4932714141638],[-111.967234637702,40.4932714121143],[-111.973098803944,40.4932592636069],[-111.973186745417,40.4932590791555],[-111.973276272417,40.4932588912885],[-111.974700440807,40.4932558949796],[-111.975921955557,40.4932533106119],[-111.976612574958,40.4932518438824],[-111.976627613654,40.4932518309025],[-111.976627599281,40.493254579227],[-111.976628872194,40.4945713354799],[-111.976613835294,40.4945714099422],[-111.976614073348,40.4947905798874],[-111.976614349131,40.4950769600143],[-111.976614631202,40.4953695779586],[-111.97661610354,40.496896539032],[-111.9719958731,40.4969061395421],[-111.968787346026,40.496912700186],[-111.968748322312,40.4969127794274],[-111.968735402742,40.4969128053858],[-111.968445303499,40.4965325404199],[-111.967969114652,40.4957806428504],[-111.967618636943,40.4951020781793]]]},"properties":{"zone_code":"A-5 Agricultural","zone_description":"The A-5 (Agricultural) zone is established to provide areas within the city where agricultural pursuits can be encouraged and supported.","zone_class_normalized":"Agriculture/Rural","jurisdiction":"bluffdale_ut","source_rest_url":"https://services3.arcgis.com/ojBMkFlpg5ujUNtB/arcgis/rest/services/Zoning/FeatureServer/0","extraction_method":"arcgis_rest","confidence":"rest_api"}},{"type":"Feature","geometry":{"type":"Polygon","coordinates":[[[-111.906559467956,40.4760815432367],[-111.907067711387,40.475383443055],[-111.907557507914,40.4754640840408],[-111.907843503653,40.4755111712086],[-111.907931391227,40.4755256401125],[-111.907878967344,40.4757093602083],[-111.907469835038,40.4765239268233],[-111.907467975525,40.4765276290688],[-111.907308614393,40.4768449041869],[-111.907237100412,40.476987275812],[-111.90705114286,40.4773574940597],[-111.905630898311,40.4773570956872],[-111.906559467956,40.4760815432367]]]},"properties":{"zone_code":"I-1 Light Industry","zone_description":"The I-1 (Light Industry) zone is established to provide areas within the city for manufacturing, processing and warehousing of goods and materials. The zone allows for limited commercial and service uses.","zone_class_normalized":"Commercial","jurisdiction":"bluffdale_ut","source_rest_url":"https://services3.arcgis.com/ojBMkFlpg5ujUNtB/arcgis/rest/services/Zoning/FeatureServer/0","extraction_method":"arcgis_rest","confidence":"rest_api"}},{"type":"Feature","geometry":{"type":"Polygon","coordinates":[[[-111.913125525658,40.483951255112],[-111.913126218259,40.4834788600969],[-111.912527889076,40.4836645302901],[-111.911955196913,40.4838655348022],[-111.912006709905,40.4839850020734],[-111.912031445914,40.4840952200285],[-111.912032324467,40.4843128937234],[-111.911733825078,40.484315326072],[-111.911055848566,40.4843128294985],[-111.910452216628,40.4843106028062],[-111.910453751849,40.4840681908024],[-111.910455146932,40.4838479759951],[-111.91045528707,40.4838258339495],[-111.910457694555,40.483446061236],[-111.910457727792,40.4834304502735],[-111.910457731386,40.4834298640424],[-111.910457733182,40.483429711677],[-111.910457914642,40.4833513807746],[-111.910457923625,40.483347247089],[-111.91045824612,40.4833472081436],[-111.910458866856,40.4832598691152],[-111.910458889314,40.4832563066249],[-111.910459205521,40.4832064187599],[-111.910462350523,40.4827102690616],[-111.910462556237,40.4826779159943],[-111.910463416823,40.4825420754404],[-111.910465339218,40.4822387002628],[-111.910465349099,40.4822371738486],[-111.910465349997,40.4822370809245],[-111.910468346777,40.4817640780344],[-111.910471327387,40.481293617693],[-111.910471343557,40.4812909823022],[-111.910472608385,40.4810912607906],[-111.910474340337,40.4808178839193],[-111.910477325438,40.4803467944746],[-111.910480322218,40.4798737010533],[-111.910483318998,40.4794006077146],[-111.910486287032,40.4789328359894],[-111.910486306795,40.4789296566002],[-111.9105147241,40.4788229771733],[-111.910514951374,40.4788221223651],[-111.910543850177,40.4787136579852],[-111.910587344806,40.4785504082948],[-111.910614426317,40.4784487635304],[-111.910635072297,40.4783712727468],[-111.910646524919,40.4783282853645],[-111.910648431144,40.4783282737483],[-111.910750436641,40.4783276533075],[-111.910911401265,40.4783266741315],[-111.911045012189,40.4783258616819],[-111.911154845606,40.4783251934097],[-111.911310851529,40.4783242449824],[-111.911398215386,40.4783237126879],[-111.911476898821,40.4783232336911],[-111.911476175678,40.4783281056553],[-111.911474096078,40.4783421031553],[-111.911472487195,40.478352930802],[-111.911470638462,40.4783653819786],[-111.911469328719,40.4783741986565],[-111.911468403454,40.4783804242431],[-111.911465072501,40.4784028502895],[-111.911462471878,40.4784203620063],[-111.911458883108,40.4784514092823],[-111.911456182773,40.4784747693808],[-111.911453786067,40.4784955042202],[-111.911451216886,40.4785177334369],[-111.911448945046,40.4785451789794],[-111.911448071884,40.4785557230227],[-111.911447016363,40.4785684713983],[-111.911445895266,40.4785820117188],[-111.91144480561,40.4785951721206],[-111.91144395221,40.4786054838334],[-111.911443140133,40.4786152892178],[-111.911442461007,40.4786291158324],[-111.911442038798,40.4786377268019],[-111.911441534844,40.4786479852107],[-111.911440738936,40.4786642313892],[-111.911440095743,40.4786773282278],[-111.911439600771,40.4786874137552],[-111.911439287259,40.4787026903199],[-111.911439125562,40.4787140160349],[-111.91143904651,40.4787195179743],[-111.911438950391,40.4787262211562],[-111.91143887583,40.4787314299586],[-111.911438783304,40.4787378393199],[-111.911438672811,40.4787455824836],[-111.91143856142,40.4787533386291],[-111.911438393435,40.4787650066691],[-111.911438423079,40.4787747532664],[-111.911438449131,40.4787833321021],[-111.91143847608,40.4787926270353],[-111.911438507521,40.4788026360159],[-111.911438544352,40.4788152886825],[-111.911438314383,40.4788221196319],[-111.911438308095,40.4788221770291],[-111.911438008058,40.4788249204781],[-111.911437024403,40.4788304893718],[-111.911435543979,40.4788359947182],[-111.911433574872,40.4788414091852],[-111.911431127861,40.4788467088575],[-111.911428212828,40.4788518698195],[-111.911424844146,40.4788568654226],[-111.911421036187,40.478861675168],[-111.91141408682,40.4788693199223],[-111.91140515577,40.4788790350727],[-111.911395637221,40.478889390473],[-111.91139566417,40.4788988446002],[-111.911395697408,40.4789095676124],[-111.911395718069,40.4789167156029],[-111.911395751307,40.4789275732221],[-111.911394053491,40.4789319962152],[-111.911395893241,40.4789319941653],[-111.911697851144,40.47893170513],[-111.911709563378,40.4789316948805],[-111.911709678363,40.4789284451114],[-111.911796050479,40.4789283590157],[-111.911905269448,40.4789282496879],[-111.911995762136,40.4789281594924],[-111.912129918337,40.4789280255659],[-111.912267236608,40.4789278875395],[-111.912443545356,40.4789277105652],[-111.912500881227,40.4789276531681],[-111.912610470302,40.4789275431569],[-111.912859821964,40.4789272930696],[-111.913022053212,40.4789271290778],[-111.913241762266,40.4789269070057],[-111.913399043798,40.4789267484804],[-111.913554940127,40.4789265899551],[-111.913659159971,40.4789264840438],[-111.91381984522,40.4789263207353],[-111.913956254395,40.478926182709],[-111.914144372396,40.4789259913853],[-111.914233489764,40.4789259005066],[-111.91423385448,40.4789292514039],[-111.914239044047,40.4789769982576],[-111.914242027352,40.4790044456623],[-111.914265891098,40.4794137536067],[-111.914275809397,40.4795838887828],[-111.914304605791,40.4800777985418],[-111.914316858812,40.4802879739131],[-111.914318419185,40.4803147306642],[-111.914351794293,40.4808855716104],[-111.914351949702,40.4808882186328],[-111.9143589889,40.4810088896719],[-111.914366488935,40.4811374653185],[-111.914371257192,40.4812285350591],[-111.914382467269,40.4814426875776],[-111.914393678243,40.4816568400962],[-111.914410431823,40.481976878024],[-111.914422860914,40.482214313843],[-111.914439842666,40.4825386789448],[-111.914444581279,40.4826292022253],[-111.914506750985,40.4838167351224],[-111.914510405331,40.4838865433257],[-111.914525956067,40.4842005894951],[-111.914538423785,40.4844536104123],[-111.914543832541,40.4845633841742],[-111.914549926712,40.4846870507642],[-111.91456306098,40.4849536608091],[-111.914574786689,40.4851921348645],[-111.91457665788,40.4852330292032],[-111.914576814187,40.4852333434911],[-111.914605364443,40.4858125873181],[-111.914605439004,40.4858139585582],[-111.914605517157,40.4858153304815],[-111.914605585429,40.4858167017215],[-111.914605715685,40.4858193567482],[-111.914616702081,40.4860422706643],[-111.914621165809,40.4861328561759],[-111.913109346102,40.4861406961879],[-111.913110071941,40.4860253806222],[-111.913110262383,40.4859952147957],[-111.913112039251,40.4857129970899],[-111.913113305876,40.4855118580477],[-111.913113848458,40.4854255699149],[-111.91311538817,40.485275522285],[-111.913116632337,40.4851543273586],[-111.913120156428,40.484810753338],[-111.913123839521,40.4844515886975],[-111.913124952533,40.4843431819234],[-111.913124951635,40.4843431368294],[-111.913125418759,40.4840244712112],[-111.913125525658,40.483951255112]]]},"properties":{"zone_code":"I-1 Light Industry","zone_description":"The I-1 (Light Industry) zone is established to provide areas within the city for manufacturing, processing and warehousing of goods and materials. The zone allows for limited commercial and service uses.","zone_class_normalized":"Commercial","jurisdiction":"bluffdale_ut","source_rest_url":"https://services3.arcgis.com/ojBMkFlpg5ujUNtB/arcgis/rest/services/Zoning/FeatureServer/0","extraction_method":"arcgis_rest","confidence":"rest_api"}},{"type":"Feature","geometry":{"type":"Polygon","coordinates":[[[-111.915526193305,40.4865795816706],[-111.915529527851,40.486273616875],[-111.915529585344,40.486273616875],[-111.918146074136,40.4862599865539],[-111.919631050386,40.4862522258099],[-111.919667975636,40.4862608911427],[-111.919669111106,40.4862611576001],[-111.919664749785,40.4866142161806],[-111.919660171971,40.4869477342615],[-111.919648763367,40.4877788587238],[-111.919635720727,40.4887288318715],[-111.919627835315,40.4887817497166],[-111.919622909853,40.4888147994367],[-111.919434541222,40.4890797329201],[-111.919131294237,40.4895061767204],[-111.918796368163,40.4899771629418],[-111.918795837259,40.4899779096644],[-111.917927570621,40.491199057927],[-111.916968858007,40.4925487862602],[-111.916350911415,40.4934197736123],[-111.916350172101,40.4934197736123],[-111.915572187048,40.4934197148613],[-111.915572113386,40.4934197155444],[-111.915552787031,40.4925482253857],[-111.915552619046,40.4925372176249],[-111.915541865314,40.491833152358],[-111.915528449873,40.4909548152956],[-111.91551467331,40.4900527752313],[-111.915509926612,40.489741984511],[-111.915499352543,40.4890496572819],[-111.91549930583,40.4890465330274],[-111.915501368362,40.4888572649726],[-111.915526193305,40.4865795816706]]]},"properties":{"zone_code":"I-1 Light Industry","zone_description":"The I-1 (Light Industry) zone is established to provide areas within the city for manufacturing, processing and warehousing of goods and materials. The zone allows for limited commercial and service uses.","zone_class_normalized":"Commercial","jurisdiction":"bluffdale_ut","source_rest_url":"https://services3.arcgis.com/ojBMkFlpg5ujUNtB/arcgis/rest/services/Zoning/FeatureServer/0","extraction_method":"arcgis_rest","confidence":"rest_api"}},{"type":"Feature","geometry":{"type":"Polygon","coordinates":[[[-111.918524602637,40.4825170974256],[-111.919937717258,40.4825126616867],[-111.919967612292,40.4825125680798],[-111.920056298468,40.4825133695465],[-111.920057663009,40.4825133722796],[-111.920057583957,40.4825170065518],[-111.920057582161,40.4825170823939],[-111.92005287409,40.4827344038616],[-111.920039148731,40.4833678567546],[-111.920035394672,40.4835411521982],[-111.920033580973,40.4836248402506],[-111.920030594075,40.4837626996656],[-111.919940979939,40.4837631697413],[-111.919886624677,40.4837634553397],[-111.919242254141,40.4837668319592],[-111.918528988212,40.4837705672844],[-111.918524566704,40.4825174411066],[-111.918524602637,40.4825170974256]]]},"properties":{"zone_code":"I-1 Light Industry","zone_description":"The I-1 (Light Industry) zone is established to provide areas within the city for manufacturing, processing and warehousing of goods and materials. The zone allows for limited commercial and service uses.","zone_class_normalized":"Commercial","jurisdiction":"bluffdale_ut","source_rest_url":"https://services3.arcgis.com/ojBMkFlpg5ujUNtB/arcgis/rest/services/Zoning/FeatureServer/0","extraction_method":"arcgis_rest","confidence":"rest_api"}},{"type":"Feature","geometry":{"type":"Polygon","coordinates":[[[-111.940622773249,40.4886835166292],[-111.940718679185,40.4884852798479],[-111.940720305136,40.4884817784399],[-111.940891707285,40.4885135452558],[-111.941207695975,40.4885015079319],[-111.941249420025,40.4886848707306],[-111.940626419511,40.4886835255108],[-111.940622773249,40.4886835166292]]]},"properties":{"zone_code":"GC-1 Commercial","zone_description":"The GC-1 (General Commercial) zone is established to provide areas within the city where general retail and service issues can be established. The zone allows for a variety of commercial and retail uses and limited residential uses.","zone_class_normalized":"Agriculture/Rural","jurisdiction":"bluffdale_ut","source_rest_url":"https://services3.arcgis.com/ojBMkFlpg5ujUNtB/arcgis/rest/services/Zoning/FeatureServer/0","extraction_method":"arcgis_rest","confidence":"rest_api"}},{"type":"Feature","geometry":{"type":"Polygon","coordinates":[[[-111.955433830039,40.4968732871289],[-111.955433677326,40.4968788524758],[-111.955438890249,40.4968788552083],[-111.955717636584,40.4968790034445],[-111.955717631194,40.4968823329522],[-111.955715708799,40.4979118396817],[-111.955715707901,40.4979120692051],[-111.954839154304,40.4979106968461],[-111.954693330784,40.4979104680057],[-111.954516635761,40.4979101913479],[-111.953854428276,40.4979091543937],[-111.953794696598,40.4979088415313],[-111.953748361496,40.4968768482132],[-111.955433830039,40.4968732871289]]]},"properties":{"zone_code":"R-SL Residential","zone_description":"The R-SL (Residential) zone is established to provide areas within the City for housing for residents aged 55 years and older who prefer to reside in independently owned dwelling units within a larger community of common area, open space and amenities.","zone_class_normalized":"Open Space/Public","jurisdiction":"bluffdale_ut","source_rest_url":"https://services3.arcgis.com/ojBMkFlpg5ujUNtB/arcgis/rest/services/Zoning/FeatureServer/0","extraction_method":"arcgis_rest","confidence":"rest_api"}},{"type":"Feature","geometry":{"type":"Polygon","coordinates":[[[-111.948215181317,40.4893585396354],[-111.948214324324,40.489505292671],[-111.948214058423,40.48950524963],[-111.947756629992,40.4895054416067],[-111.947374479483,40.489505600107],[-111.947071882878,40.4895057305965],[-111.946936933465,40.4895004946194],[-111.946802248156,40.4894921870139],[-111.946689451197,40.4894851644903],[-111.946576421575,40.4894808433048],[-111.946453716199,40.4894766013693],[-111.946330891346,40.48947565105],[-111.945798503895,40.4894741521279],[-111.94526611824,40.4894726497899],[-111.944733736179,40.4894711454022],[-111.944553982392,40.4894706371078],[-111.943988864823,40.48946903639],[-111.943423760729,40.4894674336227],[-111.943423641253,40.489491705364],[-111.943234094932,40.489491048134],[-111.943054132736,40.4893438270801],[-111.943084712286,40.4893901741801],[-111.943124196836,40.4894500190682],[-111.943173932062,40.4894909722998],[-111.943148206109,40.4894911185027],[-111.942770351344,40.4894932657729],[-111.942497503348,40.4894947462484],[-111.942376094241,40.4894954048447],[-111.94155593598,40.4894998531028],[-111.941291222228,40.4895012884876],[-111.941290711985,40.4890704571744],[-111.941290595204,40.4890681882819],[-111.941290572746,40.4890490116618],[-111.941617578374,40.4890444267347],[-111.941699350218,40.4888634280992],[-111.941779561688,40.4886858839155],[-111.941783619378,40.4886856775892],[-111.941945093347,40.4883329516944],[-111.941947551138,40.4883275824011],[-111.942113227426,40.4879656894052],[-111.94224498243,40.4876764067146],[-111.942245145923,40.4876760466631],[-111.942443949384,40.4872395158744],[-111.942497552755,40.4871170065718],[-111.942524676487,40.4870583354182],[-111.94252444023,40.4868780993632],[-111.942999543913,40.4868550790155],[-111.943044561186,40.4868782558201],[-111.943101139778,40.4869044025638],[-111.943197784129,40.4868832480931],[-111.943282049696,40.4866801633316],[-111.943493925441,40.4865733759746],[-111.943538986732,40.4864227406065],[-111.943517100179,40.4863633760577],[-111.943517037297,40.486363202519],[-111.943508853644,40.486339173557],[-111.943512787367,40.4862979451126],[-111.943515180479,40.4862792309268],[-111.943516007827,40.4862727744598],[-111.943458008101,40.4862111025287],[-111.943334081914,40.4861806204524],[-111.943225427986,40.4862038337008],[-111.943190775474,40.4862208555603],[-111.943178642827,40.4862268125953],[-111.943164345241,40.486234338313],[-111.943085094969,40.4862760348049],[-111.943044598017,40.486281076998],[-111.942969783626,40.4862938539683],[-111.942866375858,40.4862621045488],[-111.942809376855,40.4862446030763],[-111.942728817737,40.4862198696673],[-111.942634906959,40.4861910355334],[-111.942555962113,40.4861194253281],[-111.942442690844,40.4860166810977],[-111.94244067772,40.486012341925],[-111.942430983101,40.4859914399671],[-111.942410921026,40.4859481834902],[-111.942357404791,40.4858328013206],[-111.942276616603,40.4856313770472],[-111.94224247613,40.4855296644326],[-111.942290437183,40.4853335056144],[-111.942389605801,40.485118447923],[-111.942728117949,40.4843843323124],[-111.943047593,40.4836914893039],[-111.943171875818,40.483421954022],[-111.943575197821,40.4825472436343],[-111.94365100575,40.4823828280528],[-111.943661823262,40.4823828669988],[-111.943683793359,40.4823343436464],[-111.943690731048,40.4823343668773],[-111.944274689882,40.4810446565137],[-111.944500702414,40.4805454768788],[-111.944592814765,40.4803420353987],[-111.94465744316,40.4801992937139],[-111.944703579735,40.4800489159892],[-111.944842859926,40.4795949437655],[-111.944843302796,40.4795935518996],[-111.944908044378,40.4793825345856],[-111.944908242007,40.4793818321592],[-111.945110406964,40.478905737038],[-111.945033246172,40.4788900088588],[-111.945465886491,40.4779348693529],[-111.945529440501,40.4778613425388],[-111.945850240567,40.4770994568114],[-111.946218655835,40.4762754467835],[-111.946351823889,40.475977593283],[-111.946484981164,40.4756797589612],[-111.946725165518,40.4751342460735],[-111.946825534285,40.475135717299],[-111.946937612591,40.4748249545402],[-111.946973045739,40.4746879521314],[-111.947008918163,40.4745343824644],[-111.947047741553,40.4743979158884],[-111.947083441501,40.474260953609],[-111.947116004532,40.4741235373073],[-111.947153519975,40.4739448696591],[-111.947063623768,40.4739445717187],[-111.947021460441,40.4739444329988],[-111.94704963071,40.4738209386399],[-111.947074974879,40.4736970887108],[-111.947104116227,40.4735329521298],[-111.947122870355,40.4734084203647],[-111.947138775926,40.4732836580774],[-111.947155169282,40.473121368969],[-111.947164509066,40.4729962186838],[-111.947170989512,40.4728709636112],[-111.947175209797,40.4726998813678],[-111.94717491515,40.4725745280215],[-111.947171755775,40.4724491983589],[-111.947162824724,40.4722782872493],[-111.947152897442,40.4721531634109],[-111.947140111721,40.4720281924139],[-111.947119277993,40.4718663902481],[-111.947099943553,40.4717419080118],[-111.94707776864,40.4716177050444],[-111.947046553082,40.4714651356499],[-111.948319096632,40.4714586094205],[-111.948437713776,40.471458342221],[-111.948545949089,40.4714580989395],[-111.949085090075,40.4714585855024],[-111.949624230162,40.4714590693318],[-111.9498467204,40.4714592681939],[-111.950278504625,40.4714596522505],[-111.950744050233,40.4714600650089],[-111.95121814331,40.4714604839177],[-111.951603989488,40.4714608228716],[-111.952623067092,40.4714617139924],[-111.952961999652,40.4714620071601],[-111.953171858679,40.4714621889378],[-111.953191305408,40.4714622067056],[-111.953725977276,40.4714626659334],[-111.9538346869,40.4714627588724],[-111.953837340523,40.4714627616059],[-111.954291140658,40.4714631511295],[-111.954369859129,40.4714632174169],[-111.954711499211,40.4714635099013],[-111.954712057963,40.471463828354],[-111.955005517803,40.4714637593331],[-111.955012566883,40.4714637641167],[-111.955130376441,40.4715440647061],[-111.955154803431,40.4715583520041],[-111.955181849907,40.4715764272392],[-111.955190957027,40.4715795010538],[-111.955253846284,40.4716162863616],[-111.955405192646,40.471682781961],[-111.95557756318,40.4717261310016],[-111.955647675789,40.4717336501446],[-111.955694600186,40.471749487973],[-111.955993467885,40.4717765043914],[-111.956159287005,40.4718211012073],[-111.956229040288,40.4718308194277],[-111.95631511596,40.4718492376416],[-111.956401232955,40.4718739086919],[-111.956483300345,40.4719048482892],[-111.956573636726,40.4719482559563],[-111.956774649144,40.4720162416551],[-111.956872982328,40.4720314876194],[-111.957003955798,40.4720309771428],[-111.957277993164,40.4720017754118],[-111.957658611147,40.4719971626688],[-111.957822515957,40.4720246552957],[-111.957941834684,40.4720586877505],[-111.957941932601,40.4720530882268],[-111.959510866296,40.472365779288],[-111.959842957286,40.4724557422595],[-111.96015673073,40.472589066578],[-111.96221258275,40.4735352871494],[-111.962502387346,40.4736397185478],[-111.962513478845,40.4736421909176],[-111.962553980287,40.4736567852778],[-111.962789311942,40.4737092414427],[-111.963152254673,40.4737494129574],[-111.963309575731,40.4737860474226],[-111.963450863657,40.473847128054],[-111.963926032018,40.4741353230044],[-111.964362955504,40.4744464477107],[-111.96459221904,40.4746806567721],[-111.964836955157,40.4750150042694],[-111.964947255698,40.4751384964322],[-111.965825475669,40.4762532134078],[-111.966076400281,40.4764752571046],[-111.966358797368,40.4766789282821],[-111.967386465562,40.4773695989804],[-111.967398131084,40.4773774379659],[-111.96739776547,40.477394065058],[-111.967584587201,40.4775161158375],[-111.96758621944,40.4775171811227],[-111.968301912617,40.4779847365365],[-111.968302127314,40.477984877298],[-111.968359354489,40.4780233311515],[-111.968651156039,40.4782072787868],[-111.968806746942,40.4782880455256],[-111.968833895826,40.4782982513733],[-111.968860311685,40.478313573808],[-111.969471798493,40.4785563086131],[-111.969748142732,40.4786573676252],[-111.969860929809,40.4786986137454],[-111.96987207341,40.47870268827],[-111.969891078168,40.4787024586808],[-111.969892360064,40.4787029417747],[-111.970107268521,40.4787839197404],[-111.970437748833,40.4789084565682],[-111.970723714927,40.4790098191178],[-111.970774796727,40.4790279258287],[-111.970796554822,40.4790373936024],[-111.970918726599,40.4790905541428],[-111.97105280824,40.4791747649991],[-111.971236531682,40.4794553784901],[-111.971881572361,40.4810134416674],[-111.971956226853,40.481150649134],[-111.973241794178,40.4830490751354],[-111.973460138691,40.4832910152747],[-111.973529390715,40.4833475347389],[-111.97357393278,40.4833914126025],[-111.97369825692,40.4834853564614],[-111.97382907588,40.4835921248177],[-111.973945237928,40.4836919689457],[-111.974095086798,40.4838092282646],[-111.974141995026,40.4838475113859],[-111.974513725975,40.4841390099479],[-111.974541884566,40.4841627882632],[-111.974550511088,40.484167855212],[-111.974552999421,40.4841698058778],[-111.974581097825,40.4841858231993],[-111.974839777593,40.4843377760991],[-111.974978764933,40.4844127210647],[-111.975401985518,40.4845922388213],[-111.97564668211,40.48470201099],[-111.975831956044,40.4847969047665],[-111.976268275862,40.4849612693413],[-111.976757350144,40.4851304352942],[-111.976797470701,40.4851442967784],[-111.976797571313,40.485146778973],[-111.976801398136,40.4852418306312],[-111.976801310999,40.4852592455945],[-111.976797381768,40.4859473929962],[-111.976787757218,40.4876352112026],[-111.976786973887,40.4877724693555],[-111.976777405033,40.4894443724884],[-111.976777389762,40.489447046501],[-111.976778236873,40.4894470451346],[-111.97767814487,40.4894509420602],[-111.977860661874,40.4894465525533],[-111.979187981097,40.4894459554437],[-111.979280274009,40.4894469761322],[-111.979752505778,40.4894521964001],[-111.979881262206,40.4894536201716],[-111.98061782684,40.4894617576672],[-111.980874834843,40.489461625128],[-111.980880967641,40.4894615540761],[-111.980996228679,40.489460209555],[-111.981180194666,40.4897298374141],[-111.981256157104,40.4898737844704],[-111.981621873833,40.4910024579509],[-111.981756465717,40.4912747323749],[-111.982048799968,40.4916344938005],[-111.98226142401,40.4918771838522],[-111.982304076918,40.4919291591778],[-111.98239959568,40.4920419601154],[-111.982457009705,40.4921097628735],[-111.982503585556,40.4921699906408],[-111.982570106701,40.4922502439201],[-111.982682786879,40.4923353680511],[-111.982808589646,40.4924053402341],[-111.98297377186,40.4924549917195],[-111.983323681833,40.4925139601122],[-111.983587651779,40.4925430873378],[-111.984082685485,40.4926115119479],[-111.984254255619,40.4926309403189],[-111.984840727041,40.4925731429652],[-111.985045130599,40.49257229653],[-111.985124328769,40.492582047271],[-111.985236583145,40.4926067387121],[-111.985368854681,40.4926615834237],[-111.986239188342,40.4931428091579],[-111.98643497526,40.4932510746521],[-111.986436541922,40.493251940207],[-111.986456880678,40.4932518773569],[-111.987034025791,40.4935749539831],[-111.987479426678,40.4938606916751],[-111.987610255519,40.4939869589475],[-111.987800056963,40.4942399258921],[-111.988142017743,40.4947617665144],[-111.988344745943,40.4950108380342],[-111.988471740775,40.4951168659831],[-111.989080497602,40.4954842626511],[-111.989367270384,40.4957024342971],[-111.989730598492,40.4960628277834],[-111.990377918197,40.4967565472612],[-111.99122448603,40.4979496222397],[-111.991327762643,40.498095130316],[-111.991414506662,40.4982318602126],[-111.991476355669,40.4983769120485],[-111.99151369594,40.4985325345324],[-111.991539003279,40.4991212227787],[-111.991537602805,40.4992665472945],[-111.991526889497,40.4993404208963],[-111.991516803213,40.4994168122874],[-111.991423518561,40.49970175048],[-111.991400386942,40.49984590976],[-111.991400437248,40.4998814042586],[-111.991400690573,40.4999787869073],[-111.991433184433,40.5001097661863],[-111.991504894247,40.5002350947563],[-111.991745144178,40.5005216750106],[-111.991745178314,40.5005302483345],[-111.991568114982,40.5005156475213],[-111.991386339986,40.5005006559837],[-111.991214324287,40.5004864697933],[-111.991077373427,40.5004868728102],[-111.991068270798,40.500486889204],[-111.991057928494,40.5004863748453],[-111.986363320243,40.5004980425227],[-111.986246963261,40.5004928169664],[-111.986246016437,40.499653853745],[-111.986127192681,40.4996541385926],[-111.986127728975,40.5000555853725],[-111.986128232032,40.5004309866504],[-111.984977881818,40.5004337421947],[-111.984402546811,40.5004351097206],[-111.98382691536,40.5004364635849],[-111.983826957581,40.5004932889741],[-111.982644241966,40.5004974871792],[-111.981520321985,40.5005015754083],[-111.981504807182,40.5005016389347],[-111.979797287693,40.5005086439114],[-111.979797233794,40.50044603285],[-111.978844340467,40.5004482617391],[-111.977941979171,40.5004503663078],[-111.977429571149,40.5004515582819],[-111.976971352201,40.5004526225201],[-111.976971619899,40.5005201804337],[-111.976762660086,40.5005210308671],[-111.97675913869,40.4968925926713],[-111.976756889308,40.4945729893608],[-111.976875543283,40.4945718696951],[-111.977092715494,40.4945718410032],[-111.977860724756,40.4945717344334],[-111.978388372697,40.4945716579218],[-111.978387699858,40.4938936494017],[-111.978387064749,40.4932540750601],[-111.978372035036,40.4932540777927],[-111.976874263183,40.4932543100647],[-111.976874152691,40.4932543196289],[-111.976874167962,40.4932515890663],[-111.9768774001,40.4927327760703],[-111.976880638527,40.4922129951191],[-111.976881915033,40.4919168485168],[-111.976883508644,40.4916389214217],[-111.9776884198,40.4916385613915],[-111.978017267873,40.4916384131437],[-111.978052654309,40.4916383967476],[-111.979014992523,40.4916379567865],[-111.979677791099,40.4916376473108],[-111.980616395824,40.4916372025675],[-111.981004197634,40.4916370174286],[-111.981508546868,40.4916367735371],[-111.981892054731,40.4916365883981],[-111.981749711284,40.4914606979938],[-111.981668135274,40.4913598966842],[-111.9815741688,40.4911862969204],[-111.981560610527,40.4911863037521],[-111.980877826233,40.4911866289429],[-111.980690415207,40.4911867170724],[-111.980088049893,40.4911869992233],[-111.979650919794,40.4911872055418],[-111.97871892128,40.4911876414068],[-111.978495921697,40.491187743883],[-111.977906359173,40.491188015103],[-111.976886083216,40.4911884748792],[-111.976886100284,40.4911857326186],[-111.976886342829,40.4911432111695],[-111.976887913084,40.4908687165689],[-111.976890027718,40.4904991617375],[-111.976891604262,40.4902237592839],[-111.976893175415,40.4899492636551],[-111.976893426045,40.4899054297033],[-111.97689501247,40.4896281617543],[-111.976895741004,40.4894971859243],[-111.976777098707,40.4894976764556],[-111.976039345602,40.4895088725925],[-111.975589943618,40.489509917875],[-111.975194462111,40.489510836767],[-111.974798982401,40.489511752243],[-111.974404104561,40.4895126663527],[-111.974296242947,40.4895129157174],[-111.973810867927,40.489514036834],[-111.973221651254,40.4895153943346],[-111.973220999078,40.4896064431439],[-111.973307091818,40.4896060311802],[-111.97573384115,40.489594423779],[-111.975733321924,40.4896850065458],[-111.976657416162,40.4896798744274],[-111.976640413749,40.492650693868],[-111.97663841859,40.4929992598788],[-111.976636977693,40.4932517926459],[-111.976636962421,40.4932545409704],[-111.972007314043,40.4932642943449],[-111.970709627547,40.4932669962144],[-111.967259026064,40.4932741092016],[-111.96725913476,40.4932734868494],[-111.967259021572,40.4932734875325],[-111.967259026064,40.4932741092016],[-111.967259013488,40.493274911223],[-111.967256983295,40.4942366242621],[-111.967256807225,40.49431987543],[-111.967643026203,40.4951047751929],[-111.967993503912,40.4957833398368],[-111.968469694555,40.4965352373761],[-111.968757686351,40.4969127425392],[-111.968759792002,40.4969155023267],[-111.968798246184,40.4969154237684],[-111.972005235342,40.4969088679066],[-111.976640493699,40.496899233241],[-111.97663902136,40.4953722735952],[-111.976638724916,40.4950768903345],[-111.976641936393,40.4969015667648],[-111.976645281719,40.5004563535012],[-111.975669696948,40.5004584245987],[-111.975025824976,40.5004598317427],[-111.974410718857,40.5004611719449],[-111.974123051353,40.5004617976458],[-111.973565587431,40.5004630080629],[-111.972952495334,40.5004643373357],[-111.972253102088,40.5004658489908],[-111.971512465391,40.5004674446647],[-111.97132909858,40.5004678367523],[-111.969975054478,40.5004707398403],[-111.969224565957,40.5004723423448],[-111.96884998645,40.5004731394986],[-111.968850077179,40.5005453587211],[-111.967885777943,40.5005457398791],[-111.967885689908,40.5004751901031],[-111.967289311865,40.500476452434],[-111.967289164542,40.5005459721259],[-111.967233136617,40.5005459933013],[-111.966686781262,40.5005471053535],[-111.966084388998,40.5005483280644],[-111.966084721375,40.5004701715181],[-111.965482309349,40.5004686783063],[-111.964879895526,40.5004671830452],[-111.964807979099,40.5004670047614],[-111.9642774835,40.5004656836855],[-111.964277417025,40.5004598399397],[-111.964275622191,40.5004597613855],[-111.964273826458,40.5004596814652],[-111.964272031625,40.5004596029111],[-111.964270236791,40.5004595229908],[-111.964268441957,40.5004594437535],[-111.964266647123,40.5004593631501],[-111.964264852289,40.5004592818636],[-111.964263057455,40.5004592026264],[-111.964261261723,40.5004591213399],[-111.964259466889,40.5004590407365],[-111.964257672953,40.5004589580839],[-111.964255878119,40.5004588774805],[-111.964254083285,40.500458795511],[-111.964252288451,40.5004587128583],[-111.964250493617,40.5004586308887],[-111.964248699682,40.5004585489192],[-111.964246904848,40.5004584662666],[-111.964245110014,40.5004583829309],[-111.96424331518,40.5004583002782],[-111.964241521244,40.5004582183087],[-111.96423972641,40.5004581349729],[-111.964237930678,40.5004580516372],[-111.964236137641,40.5004579669353],[-111.964234341908,40.5004578829165],[-111.964232547075,40.5004577988978],[-111.964230753139,40.5004577135128],[-111.964228958305,40.500457629494],[-111.964227164369,40.500457543426],[-111.964225369535,40.5004574587241],[-111.9642235756,40.5004573733392],[-111.964221780766,40.5004572886373],[-111.96421998683,40.5004572018862],[-111.964218191996,40.5004571158181],[-111.964216398061,40.5004570297501],[-111.964214603227,40.5004569443651],[-111.964212809291,40.5004568555648],[-111.964211014457,40.5004567694967],[-111.964209220522,40.5004566827456],[-111.964207425688,40.5004565953114],[-111.964205631752,40.5004565078772],[-111.964203837816,40.5004564204431],[-111.964202042982,40.5004563323258],[-111.964200249047,40.5004562435254],[-111.964198455111,40.5004561554081],[-111.964196660277,40.5004560672908],[-111.964194866342,40.5004559778074],[-111.964193072406,40.5004558896901],[-111.96419127847,40.5004557981575],[-111.964189483636,40.5004557100402],[-111.964187546869,40.5004556123598],[-111.964187588191,40.5004654610017],[-111.963675071474,40.5004641822767],[-111.963675163102,40.5004427390393],[-111.963675242154,40.5004243539441],[-111.963675004998,40.5004243341348],[-111.963675096627,40.5004029093278],[-111.963513346875,40.5003892975873],[-111.963353469212,40.5003740676264],[-111.963144693554,40.5003515123047],[-111.962950117565,40.500327745873],[-111.962756112006,40.5003013898719],[-111.962588570816,40.5002774833907],[-111.962483620641,40.5002073677729],[-111.962483266705,40.5004464966611],[-111.962240284099,40.5004118221576],[-111.962242980841,40.4987088142084],[-111.962244415451,40.4977983935125],[-111.961298005265,40.4977964555387],[-111.961296721572,40.4987067239301],[-111.96077854457,40.4987092076725],[-111.960778812268,40.4983985554116],[-111.960097771603,40.4983968695193],[-111.960098211778,40.4978793580043],[-111.960098283643,40.497793987474],[-111.960099040923,40.4969048996869],[-111.958871159812,40.4969018297644],[-111.957925647043,40.496899457303],[-111.957902095013,40.4968993992382],[-111.957844574987,40.4968989859531],[-111.957817576121,40.4968989360856],[-111.957815341113,40.4966154089252],[-111.957871404071,40.4966539743838],[-111.957874413427,40.4932661122146],[-111.957874416122,40.4932627627161],[-111.95784790055,40.4932627271921],[-111.957818311841,40.4932626868861],[-111.957729326526,40.4932625680175],[-111.957729261847,40.4933346235309],[-111.957610611466,40.4933342375499],[-111.957610414735,40.4935540940031],[-111.957610214411,40.4937764240969],[-111.957610003307,40.4940130947239],[-111.957609981747,40.4940146318007],[-111.957609791304,40.4941915176821],[-111.95760952181,40.4945356591893],[-111.957609433775,40.4946042846598],[-111.957609053787,40.4950537361723],[-111.957609052889,40.4950541036987],[-111.957608804056,40.4953282334643],[-111.957608708834,40.4954380331597],[-111.957608649545,40.4955058078935],[-111.957608320762,40.4958901043411],[-111.957726976533,40.4958901658225],[-111.957726874125,40.4959627165126],[-111.957726027912,40.4969014984532],[-111.957607729671,40.4969014369728],[-111.957607437718,40.4969014369728],[-111.957578994361,40.4969014226274],[-111.957577952316,40.4979147189716],[-111.957567330636,40.497914941664],[-111.956993025098,40.4979139532103],[-111.956992263327,40.497913951844],[-111.956223343173,40.4979126293517],[-111.955715708799,40.4979118396817],[-111.955717631194,40.4968823329522],[-111.955717636584,40.4968790034445],[-111.955438890249,40.4968788552083],[-111.955433676427,40.4968788524758],[-111.955433830039,40.4968732871289],[-111.954902527753,40.4968744101718],[-111.953748361496,40.4968768482132],[-111.953794696598,40.4979088415313],[-111.953787332209,40.4979985516796],[-111.95376763485,40.4982125024567],[-111.953751705025,40.4982996218777],[-111.953694785972,40.4985652904993],[-111.953684263107,40.4986372221421],[-111.953659450741,40.4988068324727],[-111.953654627686,40.4989629676466],[-111.953625363269,40.4989629696959],[-111.953624564667,40.4991462069096],[-111.953624266426,40.499214639814],[-111.953623961897,40.4993385109738],[-111.953622466202,40.499681189548],[-111.953600290391,40.4997344956298],[-111.953571656591,40.4997344689893],[-111.953547949153,40.4997892627911],[-111.953511084988,40.4998744634264],[-111.953258989872,40.4998952722592],[-111.95325840956,40.4998968467709],[-111.953197742736,40.5000613444512],[-111.951178185348,40.5000556284068],[-111.95096758072,40.5000564337625],[-111.950757026397,40.5000600431768],[-111.950546585262,40.5000664580154],[-111.950336325586,40.5000756741791],[-111.95012630666,40.5000876896173],[-111.949916594058,40.5001025022793],[-111.949707253359,40.5001201053325],[-111.94949834475,40.5001404946763],[-111.949247425528,40.5001687380978],[-111.948398726892,40.5002712256809],[-111.948399558732,40.5000511214201],[-111.948400775949,40.4997766250075],[-111.94840291933,40.4992935137029],[-111.948404472517,40.4989677766343],[-111.94840589994,40.4986458763123],[-111.948407118954,40.498347191008],[-111.948408294848,40.4980819996955],[-111.948410420262,40.4976030048965],[-111.94841044272,40.4976015744668],[-111.948411409307,40.4973848435293],[-111.948411392239,40.4973841262629],[-111.948413520348,40.4969044146747],[-111.948415845188,40.4963812839061],[-111.948417693023,40.4959656457543],[-111.948419301007,40.4956280976268],[-111.948300650626,40.495627335255],[-111.948302865872,40.4951282203527],[-111.948421403963,40.4951287818888],[-111.948423648853,40.4946227963643],[-111.948426165034,40.4940556922329],[-111.948427760442,40.4936961022786],[-111.948309110061,40.4936957969112],[-111.948309760441,40.4935489416862],[-111.948428409924,40.4935496678746],[-111.948428533892,40.4935217980823],[-111.948430718594,40.4930827018158],[-111.948432001389,40.4928631061503],[-111.948433604881,40.4925886110703],[-111.948435207476,40.4923141155505],[-111.948436810969,40.4920396202742],[-111.948438413563,40.4917651252413],[-111.948441358241,40.4912608188694],[-111.948442281709,40.491102703693],[-111.948442712002,40.4910290478352],[-111.95061704013,40.4917597002029],[-111.951760563147,40.4920208837787],[-111.952060994812,40.492172473942],[-111.952113380068,40.4921725040013],[-111.953029500859,40.4921730204732],[-111.953027956655,40.4923541878046],[-111.953329323467,40.4923543565456],[-111.953965355841,40.4923547097404],[-111.954483098058,40.492354994619],[-111.95500019259,40.4923552774482],[-111.955341307158,40.4923554625851],[-111.955242630818,40.492119531444],[-111.95526008688,40.4905231844279],[-111.955098249992,40.4905226132887],[-111.954327056202,40.4905198867141],[-111.953552304185,40.4905171416935],[-111.953043631359,40.4905153374129],[-111.953050580726,40.4897001057113],[-111.953562547674,40.4897019202617],[-111.954337291606,40.4897046646325],[-111.955108474616,40.489707390557],[-111.955635791976,40.4897092508809],[-111.956163109336,40.4897111098384],[-111.956690426696,40.489712966063],[-111.957170465723,40.4897146535399],[-111.957597495165,40.4897161538229],[-111.957598434802,40.4897161736355],[-111.957769129079,40.4897167570789],[-111.957757087163,40.490531972865],[-111.957743868454,40.4914269015038],[-111.957868542937,40.4914273243871],[-111.957876938592,40.4906807168515],[-111.957845739203,40.4906806109587],[-111.957846613264,40.4906028494092],[-111.957876274737,40.4906029491535],[-111.957886230765,40.4897175243001],[-111.9593423145,40.4897223920215],[-111.959969431095,40.4897244832628],[-111.960595906293,40.4897265683553],[-111.961222381491,40.4897286500319],[-111.961848857587,40.489730730342],[-111.962475332784,40.4897328051865],[-111.962547237533,40.489733042253],[-111.963101807982,40.4897348772982],[-111.963659086852,40.4897367178089],[-111.963660961636,40.489736736255],[-111.963944812197,40.4897376729068],[-111.963945752733,40.4897376640253],[-111.964778455968,40.4897404070282],[-111.964750433022,40.4896851698281],[-111.964945469847,40.489685764886],[-111.965529048693,40.4896875411782],[-111.966022576822,40.4896890428282],[-111.967290125739,40.4896928878174],[-111.96728981582,40.489728559851],[-111.967434020576,40.4897278124423],[-111.968342099649,40.4897230970724],[-111.969288620328,40.4897181753792],[-111.969837931141,40.4897153148668],[-111.970387245547,40.4897124536712],[-111.970936560852,40.4897095883763],[-111.971485875259,40.4897067210317],[-111.972032956453,40.4897038618853],[-111.972154347594,40.4897032272026],[-111.97312680533,40.4896981388097],[-111.973127332641,40.4896068906334],[-111.971944761655,40.4896122823696],[-111.971441608976,40.4896148600456],[-111.971442276424,40.4895242771841],[-111.970850493265,40.4895277983502],[-111.970293680621,40.4895307524676],[-111.970257725552,40.489530943761],[-111.970221770482,40.4895311350545],[-111.969662842306,40.4895340980534],[-111.969626470418,40.4895342907131],[-111.969570474833,40.489534587218],[-111.969070793245,40.4895372332161],[-111.968477159556,40.4895403752106],[-111.968477126318,40.4895436394961],[-111.968476374428,40.4896354992134],[-111.967447487221,40.4896396817014],[-111.967447222218,40.4895487798233],[-111.967398875787,40.4895490209896],[-111.96739830895,40.4895489881964],[-111.967397757385,40.4895488884506],[-111.967397232769,40.4895487238016],[-111.967396750373,40.4895484983487],[-111.967396317385,40.4895482168741],[-111.967395949974,40.489547886893],[-111.967395654429,40.48954751797],[-111.967395437935,40.4895471176203],[-111.967395307679,40.4895466967748],[-111.96739526456,40.489546264315],[-111.967397581315,40.4892774104597],[-111.96739808527,40.4892188621201],[-111.967401360527,40.4888387045368],[-111.967401367714,40.4888379154432],[-111.967416194408,40.4888380056253],[-111.9674197176,40.488432717034],[-111.967422670363,40.4880931148723],[-111.967425065271,40.4878186235095],[-111.967408994411,40.4878187089105],[-111.967306524485,40.4878192472787],[-111.967310573192,40.4873595756349],[-111.967413039524,40.48735894093],[-111.967413519225,40.4873040365444],[-111.967416919348,40.4869101853176],[-111.967421762166,40.4863364597937],[-111.967437939926,40.4863363791733],[-111.96744038514,40.4860549978045],[-111.967440623194,40.4860275485001],[-111.967440813636,40.4860057453708],[-111.96732207522,40.4860064894048],[-111.967322119238,40.4860014376258],[-111.967203481433,40.486001911102],[-111.967202060298,40.4861760141493],[-111.967320696306,40.4861766140209],[-111.967314617407,40.4868758570421],[-111.967195980501,40.4868752558103],[-111.967191807826,40.4873550404669],[-111.967187653118,40.487832892997],[-111.96718763605,40.4878347369758],[-111.967186067591,40.488010968239],[-111.967186072083,40.4880126885526],[-111.96718308249,40.4883527529665],[-111.96717999498,40.4887040167108],[-111.967176970353,40.4890480346918],[-111.967172973748,40.4895028079047],[-111.967172965663,40.4895034002315],[-111.967172601845,40.4895451336344],[-111.967118251076,40.4895450796623],[-111.967117161419,40.4895450823951],[-111.966564242972,40.4895445679524],[-111.965881586238,40.489545128852],[-111.965385417961,40.4895446963923],[-111.964836695544,40.4895442140596],[-111.964690370764,40.4895440849365],[-111.964732109187,40.4896251960268],[-111.960279211528,40.4896266621524],[-111.960245567824,40.4895697182488],[-111.958685761012,40.4895701916998],[-111.958686139203,40.4895365650555],[-111.958236735422,40.4895367003272],[-111.95788978989,40.4895368028059],[-111.957900168126,40.4886138883144],[-111.957781522237,40.488613921108],[-111.957770126209,40.4896274136613],[-111.956651915022,40.4896277559395],[-111.956652509706,40.4895781590669],[-111.956209234233,40.4895777006461],[-111.955765935403,40.4895772388094],[-111.955661269096,40.4895771301821],[-111.954851257306,40.4895744240648],[-111.954443194893,40.4895730576839],[-111.954034774053,40.4895716892534],[-111.953125173234,40.4895686374414],[-111.952938435046,40.4895680089062],[-111.952129688084,40.4895652877583],[-111.952129360199,40.489623121179],[-111.951949589344,40.489622441405],[-111.951949936094,40.4895646824515],[-111.951938737695,40.4895646441928],[-111.951453377947,40.4895630079514],[-111.950982399329,40.4895614174838],[-111.950705564609,40.4895604828791],[-111.948599239847,40.4895143606665],[-111.948451788579,40.4895111305392],[-111.948453539396,40.4892815185019],[-111.948453696601,40.4892206247608],[-111.948454924598,40.4889376971121],[-111.948464173652,40.4873535838567],[-111.94846654251,40.4869528399433],[-111.94834790201,40.486952430013],[-111.948344544108,40.4875227137186],[-111.948339262014,40.4884269706211],[-111.948220628701,40.4884265675319],[-111.948219462687,40.4886245571682],[-111.948215181317,40.4893585396354]],[[-111.953202265753,40.475096055017],[-111.953156731948,40.4750960256335],[-111.95315662954,40.4751204850229],[-111.953154567008,40.4756158687668],[-111.95315447538,40.4756379144373],[-111.953153801644,40.4757996610488],[-111.953152696716,40.4760650340354],[-111.953151817265,40.4762762893242],[-111.95315091895,40.4764921522829],[-111.953150787796,40.4765237751255],[-111.953150344028,40.4766305087717],[-111.95315032696,40.4766345410559],[-111.953149141184,40.4769192719134],[-111.953148163817,40.4771546551706],[-111.953148150342,40.4771573809216],[-111.953194948975,40.4771573993711],[-111.953220055989,40.477157431487],[-111.954319161807,40.477158123687],[-111.954334187029,40.4771581332534],[-111.954333988501,40.4773391463714],[-111.954333389325,40.4778822647945],[-111.95321702687,40.4778815445863],[-111.953199164769,40.4778815329701],[-111.953145133799,40.4778814988046],[-111.953143738716,40.4782164419217],[-111.953143549171,40.4782619910882],[-111.953142033713,40.4786262589473],[-111.953142022934,40.4786288445616],[-111.953213914207,40.4786295743279],[-111.954332552095,40.4786409444699],[-111.955518970565,40.4786529917618],[-111.955518998413,40.478631396694],[-111.955519008294,40.4786231116587],[-111.955519269704,40.478383423266],[-111.9555195383,40.4781359204039],[-111.955519785337,40.4779083022965],[-111.955520543515,40.4772111839013],[-111.955520690839,40.4770739615499],[-111.955521191201,40.4766138999402],[-111.955521442729,40.4763840080347],[-111.955522186534,40.4757407736369],[-111.955522587183,40.47539636765],[-111.955522970763,40.4750994334391],[-111.955507937457,40.4750993999555],[-111.954336465156,40.4750967868718],[-111.953840250166,40.4750964684364],[-111.953837664815,40.4750964663864],[-111.953714857031,40.4750963864358],[-111.953202265753,40.475096055017]]]},"properties":{"zone_code":"R-1-43","zone_description":"The R-1-43 (Residential) zone is established to provide areas within the city for single-family dwellings on relatively large lots. Higher density is discouraged in this zone due to lack of infrastructure and services.","zone_class_normalized":"Industrial/Flex","jurisdiction":"bluffdale_ut","source_rest_url":"https://services3.arcgis.com/ojBMkFlpg5ujUNtB/arcgis/rest/services/Zoning/FeatureServer/0","extraction_method":"arcgis_rest","confidence":"rest_api"}},{"type":"Feature","geometry":{"type":"Polygon","coordinates":[[[-111.960105948069,40.499759146186],[-111.960105342604,40.4993241749407],[-111.960105908543,40.498871255268],[-111.960107914481,40.4987074746542],[-111.96077854457,40.4987092076725],[-111.961296721572,40.4987067239301],[-111.961296549994,40.4997622207594],[-111.960105948069,40.499759146186]]]},"properties":{"zone_code":"NC Neighborhood Commercial","zone_description":"The NC neighborhood commercial zone is established to provide an area in which the primary use of the land is for commercial and service uses that will accommodate the daily convenience needs of the surrounding residential neighborhoods.","zone_class_normalized":"Commercial","jurisdiction":"bluffdale_ut","source_rest_url":"https://services3.arcgis.com/ojBMkFlpg5ujUNtB/arcgis/rest/services/Zoning/FeatureServer/0","extraction_method":"arcgis_rest","confidence":"rest_api"}},{"type":"Feature","geometry":{"type":"Polygon","coordinates":[[[-111.961296549994,40.4997622207594],[-111.961294510818,40.5002768515403],[-111.960838009449,40.5002117012462],[-111.960630658518,40.5001835363972],[-111.960422696733,40.5001581366553],[-111.960104172998,40.500124714777],[-111.959894945487,40.5001063412072],[-111.959544652832,40.5000818786265],[-111.959334531497,40.5000709636348],[-111.95912419277,40.5000628486015],[-111.958913700431,40.5000575376258],[-111.958659418815,40.5000548626699],[-111.958444675648,40.5000543291815],[-111.958054600202,40.5000533612518],[-111.957895518447,40.4999348877834],[-111.957895421429,40.4997534881782],[-111.958444946041,40.4997515591409],[-111.958801252018,40.4997542525523],[-111.959100657808,40.4997565163019],[-111.959544935801,40.4997577274148],[-111.960105948069,40.499759146186],[-111.961296549994,40.4997622207594]]]},"properties":{"zone_code":"R-1-43","zone_description":"The R-1-43 (Residential) zone is established to provide areas within the city for single-family dwellings on relatively large lots. Higher density is discouraged in this zone due to lack of infrastructure and services.","zone_class_normalized":"Industrial/Flex","jurisdiction":"bluffdale_ut","source_rest_url":"https://services3.arcgis.com/ojBMkFlpg5ujUNtB/arcgis/rest/services/Zoning/FeatureServer/0","extraction_method":"arcgis_rest","confidence":"rest_api"}},{"type":"Feature","geometry":{"type":"Polygon","coordinates":[[[-111.962242980841,40.4987088142084],[-111.962240284099,40.5004118221576],[-111.961294510818,40.5002768515403],[-111.961296549994,40.4997622207594],[-111.961296721572,40.4987067239301],[-111.961298005264,40.4977964555387],[-111.962244415451,40.4977983935125],[-111.962242980841,40.4987088142084]]]},"properties":{"zone_code":"GC-1 Commercial","zone_description":"The GC-1 (General Commercial) zone is established to provide areas within the city where general retail and service issues can be established. The zone allows for a variety of commercial and retail uses and limited residential uses.","zone_class_normalized":"Agriculture/Rural","jurisdiction":"bluffdale_ut","source_rest_url":"https://services3.arcgis.com/ojBMkFlpg5ujUNtB/arcgis/rest/services/Zoning/FeatureServer/0","extraction_method":"arcgis_rest","confidence":"rest_api"}},{"type":"Feature","geometry":{"type":"Polygon","coordinates":[[[-111.939901934522,40.4849084168076],[-111.939898606264,40.4848982146978],[-111.940605732208,40.484897073007],[-111.940696700105,40.4848969254276],[-111.94080836339,40.48489693226],[-111.940921514285,40.48489695549],[-111.940942244707,40.4848969595895],[-111.94093950754,40.4848979516511],[-111.940940174988,40.4851195581812],[-111.940914819141,40.4851180209006],[-111.940993704698,40.485197982673],[-111.939996363628,40.4851978378272],[-111.939970151687,40.4851174989085],[-111.939901934522,40.4849084168076]]]},"properties":{"zone_code":"R-1-10","zone_description":"The R-1-10 (Residential) zone is established to provide areas within the city for single-family dwellings on average sized large lots with very limited commercial services, such as home occupations.","zone_class_normalized":"Commercial","jurisdiction":"bluffdale_ut","source_rest_url":"https://services3.arcgis.com/ojBMkFlpg5ujUNtB/arcgis/rest/services/Zoning/FeatureServer/0","extraction_method":"arcgis_rest","confidence":"rest_api"}},{"type":"Feature","geometry":{"type":"Polygon","coordinates":[[[-111.939071039597,40.4953258650461],[-111.939043061567,40.4952546949615],[-111.939032509058,40.4952278519431],[-111.938937520301,40.4951551460702],[-111.938949234333,40.4949173536632],[-111.938949447233,40.4949173563958],[-111.939348311796,40.494917578415],[-111.939346990374,40.4949213909971],[-111.939348365695,40.4949213916803],[-111.939345341067,40.4949301139603],[-111.939382630135,40.4949313155964],[-111.939382598694,40.4949351261284],[-111.93938037177,40.495212613296],[-111.939331563606,40.4952548534483],[-111.939231406841,40.4952547981146],[-111.939076071959,40.4957028626183],[-111.939049947154,40.4957085653711],[-111.939067303504,40.4953936603872],[-111.939071039597,40.4953258650461]]]},"properties":{"zone_code":"NC Neighborhood Commercial","zone_description":"The NC neighborhood commercial zone is established to provide an area in which the primary use of the land is for commercial and service uses that will accommodate the daily convenience needs of the surrounding residential neighborhoods.","zone_class_normalized":"Commercial","jurisdiction":"bluffdale_ut","source_rest_url":"https://services3.arcgis.com/ojBMkFlpg5ujUNtB/arcgis/rest/services/Zoning/FeatureServer/0","extraction_method":"arcgis_rest","confidence":"rest_api"}},{"type":"Feature","geometry":{"type":"Polygon","coordinates":[[[-111.906079435217,40.4839473947624],[-111.906079514269,40.4839473339534],[-111.906081543563,40.4839410439745],[-111.906084838584,40.4839350751215],[-111.90608931938,40.4839295749761],[-111.906094873664,40.4839246801879],[-111.906101365788,40.4839205103254],[-111.906108634057,40.4839171692426],[-111.906116497011,40.4839147402958],[-111.906124763308,40.4839132829277],[-111.906133226336,40.4839128333505],[-111.906235642364,40.4839135623762],[-111.906314840534,40.483917032593],[-111.906393239204,40.4839262817211],[-111.906470117026,40.4839412250352],[-111.906544764331,40.4839617245155],[-111.906616495705,40.4839875915808],[-111.906684650885,40.4840185877715],[-111.907637398686,40.484500622951],[-111.907674221528,40.4845161591913],[-111.907713822859,40.4845270042897],[-111.907755183091,40.4845328767529],[-111.907797243111,40.4845336283188],[-111.907838918652,40.4845292391737],[-111.90787913982,40.484519821368],[-111.907892301038,40.484558689622],[-111.908218186466,40.4847237632998],[-111.908310021238,40.484770280984],[-111.908407408496,40.4848196115303],[-111.908407352801,40.4848196614067],[-111.90840332206,40.4848232395285],[-111.908288481434,40.4849062639248],[-111.907875166572,40.4851613066083],[-111.907319389685,40.4855002150936],[-111.907042070774,40.4856693209303],[-111.906924350149,40.4857434991922],[-111.90677864341,40.4858353128687],[-111.906760528882,40.4858467282497],[-111.906751190895,40.4858538748183],[-111.906556497227,40.4860028867499],[-111.90639666987,40.4860024945777],[-111.906257028556,40.4860021515979],[-111.9061434303,40.4860018721581],[-111.906136842954,40.485996778702],[-111.906053656263,40.4859324549113],[-111.906079435217,40.4839473947624]]]},"properties":{"zone_code":"SD-X The Centrum at Bluffdale","zone_description":"The Centrum at Bluffdale, a mixed-use community consisting of up to 20,450 square feet of commercial buildings and up to 236 residential units, including only studio, one bedroom and two-bedroom units.","zone_class_normalized":"Agriculture/Rural","jurisdiction":"bluffdale_ut","source_rest_url":"https://services3.arcgis.com/ojBMkFlpg5ujUNtB/arcgis/rest/services/Zoning/FeatureServer/0","extraction_method":"arcgis_rest","confidence":"rest_api"}},{"type":"Feature","geometry":{"type":"Polygon","coordinates":[[[-111.938870347878,40.4983423252784],[-111.938859509704,40.4982191893467],[-111.938858705711,40.4981899846621],[-111.938853760486,40.4980100722391],[-111.938845381899,40.4980100660911],[-111.93885023909,40.497900194097],[-111.938850116021,40.4978775204494],[-111.938843599642,40.4977255066692],[-111.938842296186,40.4976950967675],[-111.938841722163,40.4974348608929],[-111.940085915781,40.4974355166789],[-111.940085563641,40.4978280314571],[-111.940085400148,40.4980114411806],[-111.940085211501,40.4982205726292],[-111.940085099212,40.4983452769586],[-111.940078284592,40.4983452605642],[-111.939886992844,40.4983448022033],[-111.939387560987,40.4983436074594],[-111.938870347878,40.4983423252784]]]},"properties":{"zone_code":"GC-1 Commercial","zone_description":"The GC-1 (General Commercial) zone is established to provide areas within the city where general retail and service issues can be established. The zone allows for a variety of commercial and retail uses and limited residential uses.","zone_class_normalized":"Agriculture/Rural","jurisdiction":"bluffdale_ut","source_rest_url":"https://services3.arcgis.com/ojBMkFlpg5ujUNtB/arcgis/rest/services/Zoning/FeatureServer/0","extraction_method":"arcgis_rest","confidence":"rest_api"}},{"type":"Feature","geometry":{"type":"Polygon","coordinates":[[[-111.938937279553,40.4989478808118],[-111.938902240765,40.4987444302168],[-111.938896851772,40.4986831912182],[-111.938870347878,40.4983423252784],[-111.939387560987,40.4983436074594],[-111.939886992844,40.4983448022033],[-111.940078284592,40.4983452605642],[-111.940085099212,40.4983452769586],[-111.940084783005,40.4986981947746],[-111.94030412375,40.4986983081688],[-111.940303906357,40.4989537909496],[-111.940228071479,40.4989513447866],[-111.939994052263,40.498948486034],[-111.938938583008,40.4989478814949],[-111.938937279553,40.4989478808118]]]},"properties":{"zone_code":"DR Destination Retail","zone_description":"The DR zone is established to promote centers of retail-specific uses.","zone_class_normalized":"Commercial","jurisdiction":"bluffdale_ut","source_rest_url":"https://services3.arcgis.com/ojBMkFlpg5ujUNtB/arcgis/rest/services/Zoning/FeatureServer/0","extraction_method":"arcgis_rest","confidence":"rest_api"}},{"type":"Feature","geometry":{"type":"Polygon","coordinates":[[[-111.939108945807,40.464183964336],[-111.939228455876,40.463145498138],[-111.941423523408,40.4630353168699],[-111.941489546887,40.4630316330175],[-111.941546547687,40.4630278562142],[-111.941602811868,40.4630235763836],[-111.941605000164,40.4630233897988],[-111.941607554074,40.4630231663072],[-111.941663150807,40.4630183909673],[-111.941719130222,40.4630130148651],[-111.941776727503,40.4630069211285],[-111.941785049496,40.4630059629164],[-111.941790323505,40.463005351219],[-111.941828632161,40.4630009346948],[-111.941885674283,40.4629938123484],[-111.941943120647,40.4629860639509],[-111.941965076371,40.4629829056773],[-111.941969903019,40.4629822071801],[-111.941986583835,40.4629798095985],[-111.94203238444,40.4629728458129],[-111.942080568275,40.4629651309026],[-111.942130464299,40.4629566881051],[-111.942145370943,40.4629540663473],[-111.942146306988,40.4629539118851],[-111.942174100863,40.4629490100999],[-111.942214639136,40.4629418508411],[-111.942262813988,40.4629333465291],[-111.942307718973,40.4629254183743],[-111.942361508295,40.4629159216737],[-111.942409492705,40.4629074501646],[-111.942554420604,40.4628818620316],[-111.942607098711,40.462872562162],[-111.942626037892,40.4629131536535],[-111.94277220906,40.4632264422396],[-111.942795125083,40.4632202036292],[-111.943249985231,40.4641824723672],[-111.943247401676,40.464182475101],[-111.942782806486,40.4641833157431],[-111.942299742831,40.4641834059583],[-111.941749579517,40.4641835050584],[-111.941233126382,40.4641835966405],[-111.940619206937,40.4641837018917],[-111.940507458313,40.4641838016752],[-111.940439510643,40.4641838625022],[-111.940439508846,40.4641837319634],[-111.939166993144,40.4641839534009],[-111.939108945807,40.464183964336]]]},"properties":{"zone_code":"GC-1 Commercial","zone_description":"The GC-1 (General Commercial) zone is established to provide areas within the city where general retail and service issues can be established. The zone allows for a variety of commercial and retail uses and limited residential uses.","zone_class_normalized":"Agriculture/Rural","jurisdiction":"bluffdale_ut","source_rest_url":"https://services3.arcgis.com/ojBMkFlpg5ujUNtB/arcgis/rest/services/Zoning/FeatureServer/0","extraction_method":"arcgis_rest","confidence":"rest_api"}},{"type":"Feature","geometry":{"type":"Polygon","coordinates":[[[-111.944433739298,40.4714570451755],[-111.946518997669,40.4714463927275],[-111.946562189566,40.4716495939646],[-111.946597932633,40.471859486837],[-111.946483957983,40.4718595251058],[-111.946179200929,40.4718596310282],[-111.945773735546,40.4718597636022],[-111.94540695611,40.4718598784085],[-111.944989444319,40.4718600219163],[-111.944179589734,40.4718602836473],[-111.943924010951,40.4718592893429],[-111.943861642718,40.4718542474332],[-111.943800088358,40.4718450683959],[-111.943709502245,40.4718284030276],[-111.943632325284,40.471814200525],[-111.94358337788,40.4718062296827],[-111.943533944489,40.4718002194319],[-111.943474053809,40.4717956210258],[-111.943399210671,40.4717917838953],[-111.943296640133,40.4714659844014],[-111.943295651088,40.4714628436109],[-111.944433739298,40.4714570451755]]]},"properties":{"zone_code":"GC-1 Commercial","zone_description":"The GC-1 (General Commercial) zone is established to provide areas within the city where general retail and service issues can be established. The zone allows for a variety of commercial and retail uses and limited residential uses.","zone_class_normalized":"Agriculture/Rural","jurisdiction":"bluffdale_ut","source_rest_url":"https://services3.arcgis.com/ojBMkFlpg5ujUNtB/arcgis/rest/services/Zoning/FeatureServer/0","extraction_method":"arcgis_rest","confidence":"rest_api"}},{"type":"Feature","geometry":{"type":"Polygon","coordinates":[[[-111.908364125869,40.4739088352618],[-111.90836558114,40.4739076845006],[-111.908367019343,40.4739095705463],[-111.908397668064,40.4739497726919],[-111.908402463271,40.4739550727502],[-111.908458916098,40.4740174686744],[-111.908463609795,40.4740221755807],[-111.908526406525,40.4740851440883],[-111.908600122277,40.474150414051],[-111.908672236334,40.4742085416093],[-111.908763099128,40.4742713691728],[-111.908839835914,40.4743199496041],[-111.908925917875,40.4743661143748],[-111.909024496299,40.4744146168363],[-111.909071127846,40.4744341878272],[-111.909090929409,40.4744425000298],[-111.909103627994,40.4744478294331],[-111.909123031604,40.474455972848],[-111.909235948937,40.4744991526792],[-111.909243437293,40.4745020165734],[-111.909240171917,40.4745076288763],[-111.909187845052,40.4745975240607],[-111.909135323252,40.4746846802899],[-111.909098259662,40.4747479543131],[-111.909092905703,40.4747573119891],[-111.909035904005,40.4748569553719],[-111.909027236161,40.4748721084402],[-111.908982592586,40.4749723434244],[-111.908926518848,40.4751084111303],[-111.90889405553,40.4751863471157],[-111.908862080896,40.4752631104057],[-111.908852088037,40.4752851425253],[-111.908820145742,40.4753555691356],[-111.908772102942,40.4754462784025],[-111.908759885854,40.4754637628738],[-111.908744168032,40.475479529439],[-111.908725349225,40.4754931756159],[-111.90870391632,40.4755043453889],[-111.908680419087,40.4755127558591],[-111.908655462092,40.4755181890442],[-111.908629691223,40.4755205034948],[-111.908603765844,40.4755196411279],[-111.908578354302,40.4755156238101],[-111.90855410967,40.4755085560908],[-111.908483707803,40.4754854300272],[-111.908411168844,40.4754665385767],[-111.908336932069,40.4754519951766],[-111.907802862073,40.4753640670913],[-111.907282644099,40.4752784171331],[-111.907127128655,40.4752528118463],[-111.906970203755,40.4752269748987],[-111.906980050188,40.4752141015214],[-111.906979925323,40.4752141008381],[-111.90700952571,40.475174851338],[-111.907097228231,40.4750585575271],[-111.907205821972,40.4749145616137],[-111.907250522141,40.4748580938167],[-111.907277499447,40.474825774549],[-111.907305211575,40.4747938194863],[-111.907333648644,40.4747622388794],[-111.907362803466,40.4747310416123],[-111.907392667958,40.4747002386189],[-111.907423229542,40.4746698374166],[-111.907454482829,40.4746398489394],[-111.907486417039,40.4746102800212],[-111.907519020494,40.4745811422795],[-111.907552286008,40.4745524439149],[-111.907586201901,40.4745241931282],[-111.907620758293,40.4744963988033],[-111.907795710585,40.4743581171849],[-111.907851093519,40.4743143420689],[-111.907965475106,40.4742239346787],[-111.907980027813,40.4742124319029],[-111.908219657907,40.4740230256666],[-111.908364125869,40.4739088352618]]]},"properties":{"zone_code":"GC-1 Commercial","zone_description":"The GC-1 (General Commercial) zone is established to provide areas within the city where general retail and service issues can be established. The zone allows for a variety of commercial and retail uses and limited residential uses.","zone_class_normalized":"Agriculture/Rural","jurisdiction":"bluffdale_ut","source_rest_url":"https://services3.arcgis.com/ojBMkFlpg5ujUNtB/arcgis/rest/services/Zoning/FeatureServer/0","extraction_method":"arcgis_rest","confidence":"rest_api"}},{"type":"Feature","geometry":{"type":"Polygon","coordinates":[[[-111.939747487175,40.4873629910166],[-111.939859560092,40.4871252345351],[-111.940322447585,40.4871890843981],[-111.940895726348,40.487159682929],[-111.940690945498,40.4876120640374],[-111.940351168521,40.4875223632312],[-111.939747487175,40.4873629910166]]]},"properties":{"zone_code":"GC-1 Commercial","zone_description":"The GC-1 (General Commercial) zone is established to provide areas within the city where general retail and service issues can be established. The zone allows for a variety of commercial and retail uses and limited residential uses.","zone_class_normalized":"Agriculture/Rural","jurisdiction":"bluffdale_ut","source_rest_url":"https://services3.arcgis.com/ojBMkFlpg5ujUNtB/arcgis/rest/services/Zoning/FeatureServer/0","extraction_method":"arcgis_rest","confidence":"rest_api"}},{"type":"Feature","geometry":{"type":"Polygon","coordinates":[[[-111.941002332118,40.4895022449552],[-111.940386216292,40.4895052837895],[-111.940370225382,40.4895053623565],[-111.940484518934,40.4891029711273],[-111.940495595161,40.4890639722817],[-111.940496683021,40.48906014297],[-111.94050184474,40.4890600705513],[-111.94054000158,40.489059535609],[-111.941003854762,40.4890530329522],[-111.941003725405,40.4892603552157],[-111.941003595149,40.4894550138826],[-111.941003566403,40.4895022415393],[-111.941002332118,40.4895022449552]]]},"properties":{"zone_code":"GC-1 Commercial","zone_description":"The GC-1 (General Commercial) zone is established to provide areas within the city where general retail and service issues can be established. The zone allows for a variety of commercial and retail uses and limited residential uses.","zone_class_normalized":"Agriculture/Rural","jurisdiction":"bluffdale_ut","source_rest_url":"https://services3.arcgis.com/ojBMkFlpg5ujUNtB/arcgis/rest/services/Zoning/FeatureServer/0","extraction_method":"arcgis_rest","confidence":"rest_api"}},{"type":"Feature","geometry":{"type":"Polygon","coordinates":[[[-111.938150604197,40.4917419501244],[-111.938610281111,40.4916348886725],[-111.938609785241,40.4918894002435],[-111.938609208523,40.4921859404694],[-111.938608467413,40.4925674085206],[-111.937863131628,40.492566564818],[-111.937343067266,40.4925659738846],[-111.937336952434,40.4921498215863],[-111.937492204671,40.4920729293589],[-111.937864456643,40.4918885565324],[-111.938150604197,40.4917419501244]]]},"properties":{"zone_code":"GC-1 Commercial","zone_description":"The GC-1 (General Commercial) zone is established to provide areas within the city where general retail and service issues can be established. The zone allows for a variety of commercial and retail uses and limited residential uses.","zone_class_normalized":"Agriculture/Rural","jurisdiction":"bluffdale_ut","source_rest_url":"https://services3.arcgis.com/ojBMkFlpg5ujUNtB/arcgis/rest/services/Zoning/FeatureServer/0","extraction_method":"arcgis_rest","confidence":"rest_api"}},{"type":"Feature","geometry":{"type":"Polygon","coordinates":[[[-111.937105724283,40.4938632801183],[-111.937106460003,40.4932450854494],[-111.937335906795,40.4932453457307],[-111.937341734166,40.4932453525622],[-111.937856732928,40.4932459400739],[-111.937856459841,40.4935323923758],[-111.937856186753,40.4938188441379],[-111.937635816539,40.4938185927397],[-111.937629833759,40.4938185872746],[-111.937389946747,40.4938183126494],[-111.937389986273,40.4938636052962],[-111.937105724283,40.4938632801183]]]},"properties":{"zone_code":"GC-1 Commercial","zone_description":"The GC-1 (General Commercial) zone is established to provide areas within the city where general retail and service issues can be established. The zone allows for a variety of commercial and retail uses and limited residential uses.","zone_class_normalized":"Agriculture/Rural","jurisdiction":"bluffdale_ut","source_rest_url":"https://services3.arcgis.com/ojBMkFlpg5ujUNtB/arcgis/rest/services/Zoning/FeatureServer/0","extraction_method":"arcgis_rest","confidence":"rest_api"}},{"type":"Feature","geometry":{"type":"Polygon","coordinates":[[[-111.953623819065,40.4993170660104],[-111.953625363269,40.4989629696959],[-111.953654627686,40.4989629676466],[-111.953659302519,40.4988141620972],[-111.953684263107,40.4986372221421],[-111.953694586546,40.4985666580633],[-111.953752007758,40.4982979564759],[-111.95376763485,40.4982125024567],[-111.953794696598,40.4979088415313],[-111.953854428276,40.4979091543937],[-111.954516635761,40.4979101913479],[-111.955086740776,40.4979109857997],[-111.955405244749,40.497911356726],[-111.956223343173,40.4979126293517],[-111.957567330636,40.497914941664],[-111.957567327941,40.4979180716535],[-111.957567382738,40.4986392338662],[-111.957566554491,40.4989494847189],[-111.957605491967,40.4989495038456],[-111.957605474001,40.4989649616005],[-111.957571957858,40.49896494384],[-111.957571788974,40.4997414071037],[-111.957571788076,40.4997414371595],[-111.957571788076,40.4997414692646],[-111.957533555778,40.4997414023221],[-111.957495460921,40.4997413401612],[-111.95362199818,40.4997345168055],[-111.953600290391,40.4997344956298],[-111.953622230843,40.4996811888649],[-111.953623819065,40.4993170660104]]]},"properties":{"zone_code":"GC-1 Commercial","zone_description":"The GC-1 (General Commercial) zone is established to provide areas within the city where general retail and service issues can be established. The zone allows for a variety of commercial and retail uses and limited residential uses.","zone_class_normalized":"Agriculture/Rural","jurisdiction":"bluffdale_ut","source_rest_url":"https://services3.arcgis.com/ojBMkFlpg5ujUNtB/arcgis/rest/services/Zoning/FeatureServer/0","extraction_method":"arcgis_rest","confidence":"rest_api"}},{"type":"Feature","geometry":{"type":"Polygon","coordinates":[[[-111.958801252018,40.4997542532354],[-111.958444946041,40.4997515591409],[-111.957895421429,40.4997534881782],[-111.957895473531,40.4994067394381],[-111.957895133069,40.4993005720869],[-111.957874041525,40.4990455530813],[-111.957859659497,40.4988475921424],[-111.95784290412,40.4988475497905],[-111.957843247277,40.4984495413385],[-111.957843289498,40.4983912605798],[-111.957843737757,40.497869716647],[-111.957843764706,40.4978391947812],[-111.957844248898,40.4972774782157],[-111.957844574987,40.4968989859531],[-111.958871159812,40.4969018297644],[-111.960099040923,40.4969048996869],[-111.960098283643,40.497793987474],[-111.960098211778,40.4978793580043],[-111.960106330751,40.4983968900123],[-111.960778812268,40.4983985554116],[-111.96077854457,40.4987092076725],[-111.960107914481,40.4987074746542],[-111.960105763914,40.4988498101552],[-111.960105197976,40.4993027299727],[-111.960105948069,40.499759146186],[-111.959544935801,40.4997577274148],[-111.959100657808,40.4997565163019],[-111.958801252018,40.4997542532354]]]},"properties":{"zone_code":"GC-1 Commercial","zone_description":"The GC-1 (General Commercial) zone is established to provide areas within the city where general retail and service issues can be established. The zone allows for a variety of commercial and retail uses and limited residential uses.","zone_class_normalized":"Agriculture/Rural","jurisdiction":"bluffdale_ut","source_rest_url":"https://services3.arcgis.com/ojBMkFlpg5ujUNtB/arcgis/rest/services/Zoning/FeatureServer/0","extraction_method":"arcgis_rest","confidence":"rest_api"}},{"type":"Feature","geometry":{"type":"Polygon","coordinates":[[[-111.938927986481,40.500360286476],[-111.9389281365,40.5000917321048],[-111.938928579369,40.4997595724321],[-111.938913892813,40.4996711351817],[-111.938905082136,40.4994877873751],[-111.938894534118,40.4992222023284],[-111.938884081322,40.4989549050775],[-111.938917588482,40.4989549412815],[-111.938938499465,40.4989549638237],[-111.938937279553,40.4989478808118],[-111.938938583008,40.4989478814949],[-111.939994052263,40.498948486034],[-111.940228071479,40.4989513447866],[-111.940303906357,40.4989537909496],[-111.940297433996,40.4989537964144],[-111.940296808768,40.4992255747546],[-111.940302169016,40.4994911119717],[-111.940297721457,40.4995816697664],[-111.940779514893,40.4995828098411],[-111.941146315888,40.4995836930746],[-111.941142983138,40.5003989447302],[-111.940776152499,40.5003980464797],[-111.940715491064,40.5003979098636],[-111.940549593791,40.5003917826335],[-111.940385447334,40.5003841997585],[-111.940301598585,40.5003800179403],[-111.939894396759,40.5003594565331],[-111.93971193545,40.500350219916],[-111.939712381014,40.5002553535965],[-111.939450734111,40.5002546875918],[-111.939364319774,40.5003203446903],[-111.939364229943,40.5004916024514],[-111.939077606282,40.5004771764982],[-111.938927986481,40.500360286476]]]},"properties":{"zone_code":"DR Destination Retail","zone_description":"The DR zone is established to promote centers of retail-specific uses.","zone_class_normalized":"Commercial","jurisdiction":"bluffdale_ut","source_rest_url":"https://services3.arcgis.com/ojBMkFlpg5ujUNtB/arcgis/rest/services/Zoning/FeatureServer/0","extraction_method":"arcgis_rest","confidence":"rest_api"}},{"type":"Feature","geometry":{"type":"Polygon","coordinates":[[[-111.925931602023,40.4679147889147],[-111.925931456496,40.4679138287224],[-111.925927397009,40.4678870027886],[-111.926123280945,40.4678664293753],[-111.926317821002,40.4678394230019],[-111.926510654259,40.4678060356001],[-111.926701423187,40.467766327984],[-111.926889772953,40.4677203739511],[-111.927075352314,40.4676682595985],[-111.927257816318,40.4676100819568],[-111.9274368263,40.4675459483062],[-111.927612047188,40.4674759795943],[-111.927783155588,40.467400304285],[-111.927949830802,40.4673190645098],[-111.928111763811,40.4672324106004],[-111.928268653677,40.4671405045061],[-111.92842020755,40.4670435163768],[-111.928566145156,40.4669416266137],[-111.928706193407,40.4668350258691],[-111.92884009269,40.4667239116298],[-111.928967592375,40.4666084909511],[-111.929088458002,40.4664889777228],[-111.929202461398,40.4663655954036],[-111.929315398493,40.4662375956185],[-111.930049185537,40.4654059228782],[-111.930147810673,40.465299092795],[-111.93025226947,40.4651955478311],[-111.930362375076,40.4650954725304],[-111.930477928066,40.4649990480203],[-111.930598721827,40.4649064458602],[-111.930724541662,40.4648178335093],[-111.930855159399,40.4647333688589],[-111.930990342375,40.4646532029657],[-111.931067652287,40.4647326710633],[-111.931719344093,40.465402559004],[-111.931523051423,40.466753445749],[-111.931719520162,40.4667700973414],[-111.931754807783,40.4667888238],[-111.931748043469,40.4668248914052],[-111.931744905654,40.466847449111],[-111.931744860738,40.4668477710026],[-111.931740543435,40.4668788167956],[-111.931731881879,40.4669410791936],[-111.931736675289,40.4670313829412],[-111.931749956881,40.4671281072883],[-111.931775867887,40.4672183335582],[-111.9317976161,40.4673182526104],[-111.931819222379,40.4673955914472],[-111.931836707188,40.4674890751982],[-111.931828828963,40.4675794253646],[-111.931791407843,40.4676731111501],[-111.931749660437,40.4677506833053],[-111.931695222531,40.4678250768227],[-111.931609870002,40.4678515344223],[-111.931605218526,40.4678529764207],[-111.931601181497,40.4678569135544],[-111.929375487701,40.4678619817338],[-111.929374980153,40.4681063254805],[-111.929137235623,40.4680931589224],[-111.926001157677,40.46791944841],[-111.925988952268,40.4679187725167],[-111.925931602023,40.4679147889147]]]},"properties":{"zone_code":"SD-X The Bluff at Point Crossing","zone_description":"The purpose is to develop The Bluff at Point Crossing (“SD-X BPC Zone”), a mixed-use community consisting of a minimum of 62,000 square feet of commercial uses and up to 50 residential townhome units.","zone_class_normalized":"Agriculture/Rural","jurisdiction":"bluffdale_ut","source_rest_url":"https://services3.arcgis.com/ojBMkFlpg5ujUNtB/arcgis/rest/services/Zoning/FeatureServer/0","extraction_method":"arcgis_rest","confidence":"rest_api"}},{"type":"Feature","geometry":{"type":"Polygon","coordinates":[[[-111.941290572746,40.489049012345],[-111.941134460821,40.4890512013043],[-111.94100385566,40.4890530329522],[-111.94050184474,40.4890600705513],[-111.940496683021,40.48906014297],[-111.940427708577,40.4890611090087],[-111.940518039568,40.4888657004147],[-111.940560626001,40.4888114811431],[-111.940620930804,40.4886873261496],[-111.940622773249,40.4886835166292],[-111.940626419511,40.4886835255108],[-111.941249420025,40.4886848707306],[-111.941207695975,40.4885015079319],[-111.940891707285,40.4885135452558],[-111.940720305136,40.4884817784399],[-111.94079294291,40.4883253736053],[-111.940840003851,40.4883254637881],[-111.940924825475,40.4881425734685],[-111.941005905616,40.4879635721472],[-111.941078509254,40.4877248203079],[-111.941090585306,40.4876985399747],[-111.941102223879,40.4876734805272],[-111.941209654302,40.487435591236],[-111.941703635182,40.4875706956334],[-111.942049056273,40.4874924911753],[-111.942115056396,40.4871061926366],[-111.941358920166,40.487106976968],[-111.941378935529,40.4870631971835],[-111.941494066311,40.4868066217522],[-111.941635062285,40.4868169260546],[-111.941639526912,40.4867807482579],[-111.941912047921,40.4864345309766],[-111.941971157965,40.486131265627],[-111.942242389892,40.4855120322718],[-111.942276532161,40.4856137455963],[-111.942357318553,40.4858151699227],[-111.942410834788,40.4859305507562],[-111.942430897761,40.4859738086108],[-111.942440593278,40.4859947105742],[-111.942442606403,40.4859990497481],[-111.942555875875,40.486101792639],[-111.942634820721,40.4861734042296],[-111.942728733295,40.4862022376878],[-111.942809292413,40.4862269717866],[-111.94286628962,40.4862444732637],[-111.942969698286,40.4862762226915],[-111.943044511779,40.4862634457179],[-111.943085009629,40.4862584035235],[-111.943164259003,40.4862167070205],[-111.943178556589,40.4862091813008],[-111.943190691032,40.4862032242644],[-111.943225341747,40.4861862017172],[-111.943333997473,40.4861629891459],[-111.943457921863,40.4861934712301],[-111.943515922487,40.4862551424942],[-111.943515094241,40.4862615996462],[-111.943512702027,40.4862803138368],[-111.943508767406,40.4863215422921],[-111.943516952855,40.4863455712604],[-111.943517014839,40.4863457447992],[-111.943538900494,40.4864051093635],[-111.943493839203,40.4865557447712],[-111.943285934012,40.4866816575335],[-111.9432168356,40.4868412780079],[-111.943216773616,40.4868414242166],[-111.943209693993,40.4868577777271],[-111.943198280898,40.4868859898462],[-111.943197835333,40.4868870624982],[-111.943148199821,40.4868979256604],[-111.943102043483,40.4869098683047],[-111.943099489573,40.4869085893214],[-111.943097127004,40.4869091065171],[-111.942999596913,40.486858892739],[-111.942698662191,40.4868734780772],[-111.942528071221,40.4868821740746],[-111.942524730386,40.487062148447],[-111.94249788603,40.4871210819519],[-111.942245145923,40.4876760466631],[-111.942113227426,40.4879656894052],[-111.941947551138,40.4883275824011],[-111.941781776934,40.4886897016342],[-111.941617578374,40.4890444260515],[-111.941290572746,40.489049012345]]]},"properties":{"zone_code":"R-1-10","zone_description":"The R-1-10 (Residential) zone is established to provide areas within the city for single-family dwellings on average sized large lots with very limited commercial services, such as home occupations.","zone_class_normalized":"Commercial","jurisdiction":"bluffdale_ut","source_rest_url":"https://services3.arcgis.com/ojBMkFlpg5ujUNtB/arcgis/rest/services/Zoning/FeatureServer/0","extraction_method":"arcgis_rest","confidence":"rest_api"}},{"type":"Feature","geometry":{"type":"Polygon","coordinates":[[[-111.907931442431,40.4755294537964],[-111.907843553959,40.4755149848932],[-111.907557559118,40.4754678977281],[-111.907067763489,40.4753872560636],[-111.906904840538,40.4753604296985],[-111.906879482894,40.4753562531541],[-111.906970254959,40.4752307885995],[-111.907127179859,40.4752566248623],[-111.907282695303,40.4752822301476],[-111.907802913277,40.475367880101],[-111.908336983273,40.4754558088646],[-111.908411220048,40.4754703515806],[-111.908483759007,40.4754892443966],[-111.908554162671,40.4755123697757],[-111.908578405505,40.4755194374945],[-111.908603817048,40.4755234548121],[-111.908629742427,40.4755243171789],[-111.908655514195,40.4755220027285],[-111.908680470291,40.4755165695437],[-111.908703967524,40.475508159074],[-111.908725401327,40.4754969893016],[-111.908744219236,40.4754833431255],[-111.908759938855,40.4754675765611],[-111.908772154146,40.4754500914075],[-111.908820197844,40.4753593828291],[-111.908852141037,40.4752889555394],[-111.9088621321,40.4752669247878],[-111.908894107632,40.4751901601354],[-111.908926517949,40.4751084111303],[-111.909043682517,40.4751206141737],[-111.909107267069,40.4751272370811],[-111.909728902144,40.4751919832782],[-111.910052184256,40.4752256505926],[-111.910592329558,40.4752819028297],[-111.910937694954,40.4753178688399],[-111.910706504532,40.4756751205043],[-111.910509351277,40.4759577726436],[-111.91037778402,40.4761388826137],[-111.910250751459,40.4763061438221],[-111.910116940211,40.4764775551224],[-111.910012330498,40.4766077582384],[-111.909980514866,40.4766473560784],[-111.909844806376,40.4768174442829],[-111.909772845931,40.476908744696],[-111.909683548002,40.477028127317],[-111.909549343292,40.4772056955046],[-111.909324273093,40.4775034841087],[-111.909264683348,40.4775823281694],[-111.909142470249,40.4777497272272],[-111.908875836798,40.4781246287568],[-111.908754844509,40.4782993733605],[-111.908635488052,40.478474742732],[-111.908517758444,40.4786507525823],[-111.908341093065,40.478920796264],[-111.908142024602,40.4789191440473],[-111.908086809653,40.4789186855537],[-111.907890154962,40.4789170524693],[-111.907887114165,40.4789169274256],[-111.907883754466,40.4789167887159],[-111.907770811082,40.4789160623691],[-111.907989225663,40.4785259077902],[-111.908026530002,40.4784592686406],[-111.908128499567,40.4782771153726],[-111.908230466436,40.4780949684435],[-111.908332592308,40.4779125353969],[-111.908493810257,40.4776245391034],[-111.908629611273,40.4773819478421],[-111.908640923758,40.4773617394944],[-111.908629501679,40.4773617360779],[-111.908511160318,40.4773617053287],[-111.908446667569,40.4773616875626],[-111.908187853953,40.4773616185477],[-111.907929039438,40.4773615481663],[-111.90760552107,40.477361460702],[-111.907328373736,40.4773613834875],[-111.907051194064,40.4773613069562],[-111.907237152514,40.4769910894128],[-111.907308666496,40.4768487171124],[-111.907468026729,40.4765314420124],[-111.907469886242,40.4765277397671],[-111.907879018548,40.4757131731984],[-111.907931442431,40.4755294537964]]]},"properties":{"zone_code":"R-1-10","zone_description":"The R-1-10 (Residential) zone is established to provide areas within the city for single-family dwellings on average sized large lots with very limited commercial services, such as home occupations.","zone_class_normalized":"Commercial","jurisdiction":"bluffdale_ut","source_rest_url":"https://services3.arcgis.com/ojBMkFlpg5ujUNtB/arcgis/rest/services/Zoning/FeatureServer/0","extraction_method":"arcgis_rest","confidence":"rest_api"}},{"type":"Feature","geometry":{"type":"Polygon","coordinates":[[[-111.941089705856,40.485213015891],[-111.941425290395,40.4852085714482],[-111.941602492068,40.4852201755086],[-111.94149802339,40.4854584532126],[-111.941145611609,40.4854993637866],[-111.941138979347,40.4854653989522],[-111.941007086002,40.4854679494583],[-111.941089705856,40.485213015891]]]},"properties":{"zone_code":"R-1-10","zone_description":"The R-1-10 (Residential) zone is established to provide areas within the city for single-family dwellings on average sized large lots with very limited commercial services, such as home occupations.","zone_class_normalized":"Commercial","jurisdiction":"bluffdale_ut","source_rest_url":"https://services3.arcgis.com/ojBMkFlpg5ujUNtB/arcgis/rest/services/Zoning/FeatureServer/0","extraction_method":"arcgis_rest","confidence":"rest_api"}},{"type":"Feature","geometry":{"type":"Polygon","coordinates":[[[-111.938433333662,40.4843706688119],[-111.938432352701,40.4843068504299],[-111.938713598149,40.4843070267069],[-111.938753544433,40.4846212034577],[-111.938785480439,40.4848723684806],[-111.938818745953,40.4851323435714],[-111.938849573438,40.4853732759483],[-111.93888050423,40.4856164901342],[-111.938908518192,40.4858367824932],[-111.938901440366,40.4858369621823],[-111.938951156727,40.4862273550755],[-111.938461613525,40.4862311872817],[-111.938455795137,40.4858482224702],[-111.938454642598,40.485772380661],[-111.938452333928,40.4856207097672],[-111.938448707429,40.485382572702],[-111.938444974929,40.4851373619372],[-111.93844270309,40.4849878014944],[-111.938441049291,40.4848793176971],[-111.938433333662,40.4843706688119]]]},"properties":{"zone_code":"R-1-10","zone_description":"The R-1-10 (Residential) zone is established to provide areas within the city for single-family dwellings on average sized large lots with very limited commercial services, such as home occupations.","zone_class_normalized":"Commercial","jurisdiction":"bluffdale_ut","source_rest_url":"https://services3.arcgis.com/ojBMkFlpg5ujUNtB/arcgis/rest/services/Zoning/FeatureServer/0","extraction_method":"arcgis_rest","confidence":"rest_api"}},{"type":"Feature","geometry":{"type":"Polygon","coordinates":[[[-111.941003778405,40.4892641681194],[-111.941003908661,40.4890568458676],[-111.941003845779,40.4890568465507],[-111.94100385566,40.4890530329522],[-111.941134460821,40.4890512013043],[-111.941290572746,40.489049012345],[-111.941291158448,40.4895012891707],[-111.941003622099,40.4895022408561],[-111.94100364815,40.4894588274583],[-111.941003778405,40.4892641681194]]]},"properties":{"zone_code":"GC-1 Commercial","zone_description":"The GC-1 (General Commercial) zone is established to provide areas within the city where general retail and service issues can be established. The zone allows for a variety of commercial and retail uses and limited residential uses.","zone_class_normalized":"Agriculture/Rural","jurisdiction":"bluffdale_ut","source_rest_url":"https://services3.arcgis.com/ojBMkFlpg5ujUNtB/arcgis/rest/services/Zoning/FeatureServer/0","extraction_method":"arcgis_rest","confidence":"rest_api"}},{"type":"Feature","geometry":{"type":"Polygon","coordinates":[[[-111.938275116984,40.4863639144375],[-111.938562203277,40.4863630645079],[-111.93899002144,40.4863635946891],[-111.939023607652,40.4866304030406],[-111.939046360181,40.4868113407431],[-111.939059326464,40.4872478182931],[-111.939053477533,40.4876803775297],[-111.939013775591,40.4879582492825],[-111.938992258245,40.4882228629917],[-111.938963749311,40.4882230050982],[-111.938855217553,40.4882235427799],[-111.938852430081,40.48850455501],[-111.938851308983,40.4890302169428],[-111.938851103269,40.4891262906266],[-111.938850723282,40.4893047149644],[-111.938850270531,40.4895169786546],[-111.937918850532,40.489517623587],[-111.937897675444,40.489517637934],[-111.937897595494,40.4894501153982],[-111.937897421221,40.4893035303074],[-111.937897419424,40.4893008501405],[-111.937897415831,40.4892994120187],[-111.937899797265,40.4883534901424],[-111.937901087246,40.487839881533],[-111.937973222861,40.4876790254577],[-111.93827373807,40.4870088767061],[-111.938275116984,40.4863639144375]]]},"properties":{"zone_code":"R-1-10","zone_description":"The R-1-10 (Residential) zone is established to provide areas within the city for single-family dwellings on average sized large lots with very limited commercial services, such as home occupations.","zone_class_normalized":"Commercial","jurisdiction":"bluffdale_ut","source_rest_url":"https://services3.arcgis.com/ojBMkFlpg5ujUNtB/arcgis/rest/services/Zoning/FeatureServer/0","extraction_method":"arcgis_rest","confidence":"rest_api"}},{"type":"Feature","geometry":{"type":"Polygon","coordinates":[[[-111.939334935881,40.4895407755604],[-111.939294737171,40.4895246351761],[-111.939256966606,40.4895053787531],[-111.939222036515,40.4894832146621],[-111.939181763244,40.4894450392836],[-111.939149126551,40.4894028255344],[-111.939124811851,40.4893574588246],[-111.939109326693,40.4893098874199],[-111.939102995366,40.4892611087784],[-111.939076461828,40.4892611299574],[-111.939076248927,40.4891017823676],[-111.939075983924,40.4889041439361],[-111.939075579682,40.4886021980742],[-111.939217452412,40.487746309969],[-111.939152391927,40.4867710479155],[-111.939131418062,40.4864566748945],[-111.939817114695,40.4864561337826],[-111.939831646741,40.4863188736208],[-111.939122262433,40.486319424299],[-111.939094499101,40.4860449550608],[-111.939093387884,40.4860339810778],[-111.93897475008,40.4860340746799],[-111.938974296431,40.4856936924303],[-111.939092932439,40.4856935995111],[-111.938981471275,40.4851999093957],[-111.938949638574,40.4849816591922],[-111.938853066986,40.4843193736093],[-111.938851276644,40.4843071100626],[-111.938822265552,40.4843070936647],[-111.938750662637,40.4842564748257],[-111.938731994747,40.4842432759056],[-111.938732080087,40.4841159305848],[-111.938732159139,40.4840009135357],[-111.938803864462,40.4840499125896],[-111.939059209683,40.4842243999012],[-111.939179780662,40.4843067909876],[-111.939022818931,40.4843060578668],[-111.939222159584,40.4844929221289],[-111.939440159144,40.4846972775028],[-111.939624404507,40.4848699914945],[-111.939657466103,40.4848972205864],[-111.939669170252,40.4848981791694],[-111.939765131884,40.4851190334561],[-111.939832270172,40.4851701032632],[-111.939894174875,40.4852248898283],[-111.939950494752,40.4852830856873],[-111.9400009109,40.4853443560466],[-111.940045134962,40.4854083538156],[-111.940082914509,40.4854747148237],[-111.940115464065,40.4855466577674],[-111.94012085216,40.4855625524619],[-111.940133634289,40.4856002606693],[-111.940135864805,40.4856068401826],[-111.940140441722,40.485620344922],[-111.940157688477,40.4856953116853],[-111.940131356161,40.4859201349515],[-111.940130542287,40.4859270833763],[-111.940128471671,40.4859447659869],[-111.940111855533,40.4859946975929],[-111.940105325679,40.4860143246489],[-111.940103408674,40.4860200801503],[-111.94010121948,40.4860331864854],[-111.940065930062,40.4861066134801],[-111.939914616937,40.4868877976406],[-111.94031554493,40.4868488043399],[-111.941071589531,40.4867752654261],[-111.940925866622,40.4870970559941],[-111.940895779349,40.4871634959519],[-111.940322499687,40.4871928974194],[-111.939859613991,40.4871290475601],[-111.939747540176,40.487366804028],[-111.940351221522,40.4875261769168],[-111.940690998498,40.4876158770346],[-111.940573513232,40.4878753024479],[-111.940514770599,40.4880050168281],[-111.940362037238,40.4883422733166],[-111.94030247085,40.4884738020611],[-111.940198214174,40.4886262337413],[-111.94014843583,40.4886992206515],[-111.940077017069,40.4888569220073],[-111.939827741765,40.4894073373355],[-111.939806137282,40.4894550391607],[-111.93976740013,40.489540573336],[-111.939668141681,40.4895401477081],[-111.939660918328,40.4895401723029],[-111.939581674344,40.4895404476289],[-111.939334935881,40.4895407755604]]]},"properties":{"zone_code":"R-1-10","zone_description":"The R-1-10 (Residential) zone is established to provide areas within the city for single-family dwellings on average sized large lots with very limited commercial services, such as home occupations.","zone_class_normalized":"Commercial","jurisdiction":"bluffdale_ut","source_rest_url":"https://services3.arcgis.com/ojBMkFlpg5ujUNtB/arcgis/rest/services/Zoning/FeatureServer/0","extraction_method":"arcgis_rest","confidence":"rest_api"}},{"type":"Feature","geometry":{"type":"Polygon","coordinates":[[[-111.939084639192,40.4897233314063],[-111.939084660752,40.4896327493743],[-111.939675681242,40.4896307032207],[-111.939637763353,40.4897195506386],[-111.939719818166,40.4897192671152],[-111.939759356615,40.4897191304774],[-111.939690901397,40.4898795369081],[-111.939091047773,40.4912850756154],[-111.939083792979,40.4913020743247],[-111.939083941201,40.491017207034],[-111.939084167576,40.4906186110526],[-111.939084643684,40.4905193278722],[-111.939084639192,40.4897233314063]]]},"properties":{"zone_code":"R-1-10","zone_description":"The R-1-10 (Residential) zone is established to provide areas within the city for single-family dwellings on average sized large lots with very limited commercial services, such as home occupations.","zone_class_normalized":"Commercial","jurisdiction":"bluffdale_ut","source_rest_url":"https://services3.arcgis.com/ojBMkFlpg5ujUNtB/arcgis/rest/services/Zoning/FeatureServer/0","extraction_method":"arcgis_rest","confidence":"rest_api"}},{"type":"Feature","geometry":{"type":"Polygon","coordinates":[[[-111.938136394646,40.4904560120096],[-111.938137083654,40.4901341835754],[-111.938135602332,40.4901341828922],[-111.938060501378,40.4901340920286],[-111.937899790078,40.4901338904891],[-111.937899573584,40.4900940464594],[-111.937898038363,40.4898103921649],[-111.937898516267,40.4898104010463],[-111.937906018996,40.4898104440871],[-111.938158512965,40.4898119395858],[-111.938948750141,40.4898166030271],[-111.938948460883,40.4898416377629],[-111.938945054472,40.4901351892233],[-111.938877878455,40.4901345893871],[-111.938835929826,40.490554142075],[-111.93890441918,40.4905541632536],[-111.938899155052,40.4906249789713],[-111.938889464925,40.4906959660923],[-111.938871070123,40.4907659427175],[-111.938844129648,40.4908342864751],[-111.938808886044,40.4909003920756],[-111.93876565013,40.4909636726769],[-111.938714806383,40.4910235653504],[-111.938656805758,40.4910795385949],[-111.938592162092,40.4911310971186],[-111.938525023804,40.4911756585334],[-111.938452960952,40.4912154834753],[-111.938376545763,40.4912502590592],[-111.938296381903,40.4912797086079],[-111.938213104483,40.4913035991665],[-111.938181007678,40.4913110355024],[-111.938137018975,40.4913220113552],[-111.9381368456,40.4912662063736],[-111.938135553823,40.4908478776093],[-111.938135697553,40.490780647446],[-111.938135951777,40.4906631755404],[-111.938136186237,40.490553888615],[-111.938136394646,40.4904560120096]]]},"properties":{"zone_code":"R-1-10","zone_description":"The R-1-10 (Residential) zone is established to provide areas within the city for single-family dwellings on average sized large lots with very limited commercial services, such as home occupations.","zone_class_normalized":"Commercial","jurisdiction":"bluffdale_ut","source_rest_url":"https://services3.arcgis.com/ojBMkFlpg5ujUNtB/arcgis/rest/services/Zoning/FeatureServer/0","extraction_method":"arcgis_rest","confidence":"rest_api"}},{"type":"Feature","geometry":{"type":"Polygon","coordinates":[[[-111.938142295679,40.4915135296548],[-111.938610790456,40.4914044142241],[-111.93861033501,40.4916387021244],[-111.938150658096,40.491745762887],[-111.938145434393,40.4916006263484],[-111.938142295679,40.4915135296548]]]},"properties":{"zone_code":"R-1-10","zone_description":"The R-1-10 (Residential) zone is established to provide areas within the city for single-family dwellings on average sized large lots with very limited commercial services, such as home occupations.","zone_class_normalized":"Commercial","jurisdiction":"bluffdale_ut","source_rest_url":"https://services3.arcgis.com/ojBMkFlpg5ujUNtB/arcgis/rest/services/Zoning/FeatureServer/0","extraction_method":"arcgis_rest","confidence":"rest_api"}},{"type":"Feature","geometry":{"type":"Polygon","coordinates":[[[-111.93844096485,40.4968746670235],[-111.937643737883,40.4968734975286],[-111.937643842986,40.496757780288],[-111.93764397414,40.496613751679],[-111.937644037022,40.4965447990002],[-111.937644086429,40.4964902402743],[-111.937644252618,40.496347200251],[-111.937644253516,40.4963471599468],[-111.937644316398,40.4962798054999],[-111.937644452942,40.4961316238391],[-111.937644634402,40.4959331651841],[-111.93759570227,40.4959119500286],[-111.937621119202,40.4947697414627],[-111.937621412952,40.4947104785705],[-111.937622676881,40.4944579226012],[-111.937623532976,40.4944167469643],[-111.937629348669,40.4941362889278],[-111.937629885861,40.4938224006023],[-111.937635869539,40.4938224067506],[-111.937856239753,40.4938226567825],[-111.938543591083,40.4938288829858],[-111.938542068438,40.4939381160742],[-111.938567243724,40.4939383278494],[-111.938563975653,40.4941729607711],[-111.938561480133,40.4944172620527],[-111.938561419048,40.4944215303185],[-111.938560887245,40.4944584363231],[-111.938558201283,40.4946450933361],[-111.938557999162,40.4946574294559],[-111.93854872765,40.4948619410595],[-111.938547903895,40.4948821892257],[-111.938535157699,40.4951446667994],[-111.938605414937,40.4951447043718],[-111.938605169697,40.4954054778728],[-111.938424672106,40.495405380185],[-111.938349538812,40.495494097677],[-111.938339495647,40.4957023017702],[-111.9383035819,40.4957010557446],[-111.938287919773,40.4959444688642],[-111.938323816452,40.4959461602832],[-111.938318044776,40.4960350068538],[-111.938479580729,40.4960434127023],[-111.938532672959,40.4960461752581],[-111.938604563334,40.4960499139987],[-111.938723220004,40.4960499795787],[-111.938722440266,40.4968740897903],[-111.938531869865,40.4968739859567],[-111.938440978325,40.4968739360892],[-111.93844096485,40.4968746670235]]]},"properties":{"zone_code":"R-1-10","zone_description":"The R-1-10 (Residential) zone is established to provide areas within the city for single-family dwellings on average sized large lots with very limited commercial services, such as home occupations.","zone_class_normalized":"Commercial","jurisdiction":"bluffdale_ut","source_rest_url":"https://services3.arcgis.com/ojBMkFlpg5ujUNtB/arcgis/rest/services/Zoning/FeatureServer/0","extraction_method":"arcgis_rest","confidence":"rest_api"}},{"type":"Feature","geometry":{"type":"Polygon","coordinates":[[[-111.93843782434,40.4970692708131],[-111.938440441132,40.4969061306616],[-111.938436917041,40.4972498032926],[-111.938436959262,40.4972830606069],[-111.938437373385,40.4974645440834],[-111.938433454036,40.4973070494454],[-111.93843308393,40.497249812173],[-111.938433025539,40.4972403353554],[-111.93843782434,40.4970692708131]]]},"properties":{"zone_code":"R-1-10","zone_description":"The R-1-10 (Residential) zone is established to provide areas within the city for single-family dwellings on average sized large lots with very limited commercial services, such as home occupations.","zone_class_normalized":"Commercial","jurisdiction":"bluffdale_ut","source_rest_url":"https://services3.arcgis.com/ojBMkFlpg5ujUNtB/arcgis/rest/services/Zoning/FeatureServer/0","extraction_method":"arcgis_rest","confidence":"rest_api"}},{"type":"Feature","geometry":{"type":"Polygon","coordinates":[[[-111.938841774265,40.4974386740152],[-111.938723198444,40.4974386098028],[-111.938723211919,40.4974243485059],[-111.938723324208,40.4973013516103],[-111.938874590621,40.4973014322176],[-111.938855712525,40.4972871613279],[-111.938840741202,40.4972758442117],[-111.93884075827,40.4972524298594],[-111.938841091545,40.4968921165395],[-111.938841113105,40.4968690128711],[-111.938841160716,40.4968174546575],[-111.93884142482,40.4965358214433],[-111.93884153172,40.4964301967286],[-111.938846942273,40.4963259988889],[-111.938857899024,40.49614483545],[-111.938860270577,40.4961091524816],[-111.938870177198,40.4959720199969],[-111.938924040182,40.4959720486881],[-111.93892464385,40.495964183866],[-111.939040980171,40.4957801837888],[-111.939046745558,40.4957710674549],[-111.939047599856,40.4957556547336],[-111.939050001053,40.4957123792746],[-111.93907612496,40.4957066751559],[-111.939231459842,40.4952586113607],[-111.939331617505,40.4952586673776],[-111.939380423872,40.4952164258614],[-111.939382684034,40.4949351288609],[-111.939344034917,40.4949338828211],[-111.939348365695,40.4949213916803],[-111.938949287333,40.4949211669285],[-111.938950420109,40.4948940334438],[-111.93895971318,40.4946658730497],[-111.938963419629,40.4944139665798],[-111.938945480273,40.4944139576989],[-111.938949527183,40.4941319967339],[-111.938951691225,40.4939672993827],[-111.938953080919,40.4937353491476],[-111.938959060105,40.4934086457599],[-111.938960020404,40.4933670930623],[-111.939041583839,40.4933684217926],[-111.939045108828,40.4932983378938],[-111.9390452301,40.4932959256821],[-111.939045252558,40.4932954666036],[-111.939047216276,40.4932531596351],[-111.939047350125,40.4932502862935],[-111.939047355514,40.4932501715239],[-111.938844500652,40.4932505288129],[-111.938846856035,40.493185160601],[-111.938849875272,40.4931373070343],[-111.938853989556,40.4930895019376],[-111.938859195293,40.4930417596571],[-111.938863709328,40.4930075650006],[-111.93886548889,40.4929940931729],[-111.938872873042,40.4929465161483],[-111.938881344155,40.4928990477119],[-111.938890899535,40.4928516981112],[-111.938892899184,40.492842815019],[-111.939005003542,40.4928426175866],[-111.939017662601,40.4927614263567],[-111.939023321089,40.4927073461812],[-111.939046162552,40.4925707922118],[-111.939056932454,40.4925141589119],[-111.93909047914,40.4923586160615],[-111.939129689703,40.4922038482413],[-111.939142186167,40.4921588776107],[-111.939181262882,40.4920269256944],[-111.939224461966,40.4918957263685],[-111.939238794586,40.4918990875492],[-111.939312019858,40.4917154910078],[-111.939343799558,40.4916672258084],[-111.939344933232,40.4916645477853],[-111.939369820159,40.4916645430032],[-111.939889492856,40.4904492068386],[-111.94004306704,40.4901560318201],[-111.940196885566,40.4897962119123],[-111.940271532871,40.4897543112844],[-111.940451607356,40.4897525835003],[-111.940451305522,40.4897177511188],[-111.940451296539,40.4897167584452],[-111.941205386406,40.4897142026351],[-111.941114713156,40.4899008625976],[-111.940517661378,40.4911299227414],[-111.940258757031,40.4916628753872],[-111.940018556507,40.4921573295608],[-111.939827261166,40.4925510987573],[-111.939818355268,40.4925694293078],[-111.939686210395,40.4928414165963],[-111.939695154022,40.4932487956536],[-111.939693922432,40.4932490306583],[-111.939688273825,40.4932501346336],[-111.93968828191,40.4932507631344],[-111.939689182022,40.4932943325704],[-111.939759884825,40.4932942089197],[-111.939759895605,40.4932956647179],[-111.939760174981,40.4933326499042],[-111.939760586409,40.4933871715749],[-111.939762180919,40.4935985356241],[-111.939763215778,40.4937357849961],[-111.939764965696,40.4939677393286],[-111.939766207168,40.4941324353124],[-111.939768334378,40.4944144010576],[-111.939770882,40.4947523583422],[-111.939772423509,40.4949560116381],[-111.939776153315,40.4954506580979],[-111.939776665354,40.4955990455182],[-111.939776851305,40.495652623313],[-111.939777587026,40.4958641708181],[-111.939777960725,40.4959725077484],[-111.939778433239,40.4961096470634],[-111.93977880065,40.4962171488211],[-111.939780311616,40.4963265009833],[-111.939783217666,40.496536328318],[-111.939784302831,40.4966147223908],[-111.93979340546,40.4968179676781],[-111.939795644061,40.4968679458436],[-111.9397956234,40.4968910481461],[-111.939795599145,40.4969164771328],[-111.939795246108,40.4972876681969],[-111.939794715203,40.4973019185931],[-111.939789988268,40.4974391726858],[-111.939295311194,40.4974389137869],[-111.938841832655,40.4974386733321],[-111.938843462199,40.4976989112411],[-111.938843653541,40.497729320458],[-111.938842349187,40.4976989105581],[-111.938841774265,40.4974386740152]]]},"properties":{"zone_code":"R-1-10","zone_description":"The R-1-10 (Residential) zone is established to provide areas within the city for single-family dwellings on average sized large lots with very limited commercial services, such as home occupations.","zone_class_normalized":"Commercial","jurisdiction":"bluffdale_ut","source_rest_url":"https://services3.arcgis.com/ojBMkFlpg5ujUNtB/arcgis/rest/services/Zoning/FeatureServer/0","extraction_method":"arcgis_rest","confidence":"rest_api"}},{"type":"Feature","geometry":{"type":"Polygon","coordinates":[[[-111.938414996352,40.497672451058],[-111.938424408899,40.4976177497963],[-111.938412865548,40.4977535188509],[-111.938412874531,40.4977575054643],[-111.938413281468,40.4978408089614],[-111.938416899882,40.4980878415992],[-111.938415724885,40.4980878436485],[-111.938412815242,40.4979806140314],[-111.938409302829,40.4978408185249],[-111.938407227721,40.4977582582484],[-111.938414996352,40.497672451058]]]},"properties":{"zone_code":"R-1-10","zone_description":"The R-1-10 (Residential) zone is established to provide areas within the city for single-family dwellings on average sized large lots with very limited commercial services, such as home occupations.","zone_class_normalized":"Commercial","jurisdiction":"bluffdale_ut","source_rest_url":"https://services3.arcgis.com/ojBMkFlpg5ujUNtB/arcgis/rest/services/Zoning/FeatureServer/0","extraction_method":"arcgis_rest","confidence":"rest_api"}},{"type":"Feature","geometry":{"type":"Polygon","coordinates":[[[-111.944195281506,40.5000179932148],[-111.94419524198,40.4999905427908],[-111.944682092033,40.4999916862741],[-111.944678230176,40.5004111240498],[-111.944193698674,40.5004099826229],[-111.943906031171,40.5004093050074],[-111.94365309613,40.5004087086784],[-111.943651627384,40.5004086608628],[-111.943650686848,40.5004086150964],[-111.943649749007,40.5004085556685],[-111.943648812064,40.5004084853112],[-111.943647876918,40.5004084006093],[-111.943646945365,40.500408304295],[-111.943646013812,40.5004081950022],[-111.943645085852,40.500408074097],[-111.943644161486,40.5004079408963],[-111.943643238916,40.5004077947172],[-111.943642320838,40.5004076369256],[-111.943641405454,40.5004074668387],[-111.943640497258,40.5004072858225],[-111.943639589061,40.5004070911446],[-111.943638687152,40.5004068834883],[-111.943637790634,40.5004066655857],[-111.943636899505,40.5004064353877],[-111.943636013766,40.5004061942604],[-111.943635132519,40.5004059387884],[-111.94363425756,40.5004056730702],[-111.943633389787,40.5004053964228],[-111.943632526506,40.5004051067967],[-111.943631672208,40.5004048062415],[-111.943630825097,40.50040449544],[-111.943629981579,40.50040417166],[-111.943629148841,40.5004038389999],[-111.943628323289,40.5004034926783],[-111.943627505822,40.5004031381597],[-111.943626698237,40.5004027713456],[-111.943625895143,40.5004023929192],[-111.943625102829,40.5004020042465],[-111.943624320396,40.5004016066938],[-111.943623546048,40.5004011961626],[-111.943622780684,40.5004007767514],[-111.943622026997,40.5004003484601],[-111.943621282294,40.5003999085564],[-111.943620547472,40.5003994597727],[-111.943619822531,40.5003990000597],[-111.943619109269,40.5003985321497],[-111.943618407685,40.5003980526274],[-111.943617209332,40.5003972001433],[-111.943616537392,40.5003966967131],[-111.943615877131,40.5003961844029],[-111.943615227649,40.5003956638957],[-111.943614590743,40.5003951338254],[-111.943613965516,40.5003945969244],[-111.943613354661,40.5003940497771],[-111.943612755485,40.500393496482],[-111.943612167987,40.5003929343069],[-111.943611593963,40.5003923646179],[-111.943611033415,40.5003917880982],[-111.943610487239,40.5003912020153],[-111.943609952741,40.5003906118338],[-111.943609431719,40.5003900127724],[-111.943608925069,40.5003894068801],[-111.943608431894,40.5003887941571],[-111.943607953092,40.5003881752863],[-111.943607489561,40.5003875509508],[-111.943607039505,40.5003869197846],[-111.943606602924,40.5003862817875],[-111.943606182512,40.500385639692],[-111.943605776474,40.5003849914487],[-111.943605384808,40.5003843384239],[-111.943605010211,40.5003836785682],[-111.943604647291,40.5003830146141],[-111.943604302338,40.5003823479276],[-111.94360397086,40.5003816737272],[-111.94360365645,40.5003809974776],[-111.943603355514,40.5003803157633],[-111.943603074341,40.5003796306337],[-111.943602803948,40.5003789420886],[-111.943602551522,40.500378249445],[-111.943602314367,40.500377553386],[-111.943602095178,40.5003768559609],[-111.943601889463,40.5003761544372],[-111.943601700817,40.5003754494982],[-111.943601530137,40.5003747438761],[-111.943601372034,40.5003740355216],[-111.943601230998,40.5003733237517],[-111.943601108827,40.5003726112987],[-111.943601000131,40.5003718974796],[-111.943600908503,40.5003711822943],[-111.943600833943,40.500370467109],[-111.943600775552,40.5003697485083],[-111.943600735128,40.5003690319568],[-111.943600708179,40.5003683133561],[-111.943600698297,40.5003675933891],[-111.943600284174,40.5000871417843],[-111.943600023663,40.5000529964851],[-111.943599343638,40.5000185109925],[-111.943619942007,40.5000184945985],[-111.943907614002,40.5000182439067],[-111.944195281506,40.5000179932148]]]},"properties":{"zone_code":"R-1-10","zone_description":"The R-1-10 (Residential) zone is established to provide areas within the city for single-family dwellings on average sized large lots with very limited commercial services, such as home occupations.","zone_class_normalized":"Commercial","jurisdiction":"bluffdale_ut","source_rest_url":"https://services3.arcgis.com/ojBMkFlpg5ujUNtB/arcgis/rest/services/Zoning/FeatureServer/0","extraction_method":"arcgis_rest","confidence":"rest_api"}},{"type":"Feature","geometry":{"type":"Polygon","coordinates":[[[-111.942571887447,40.5004061519094],[-111.942273522805,40.5004054449215],[-111.942273479686,40.5004537516508],[-111.94198956175,40.5004517755013],[-111.941645273435,40.5004493792576],[-111.941645314757,40.5004039530743],[-111.941392948349,40.5004033519638],[-111.941143037037,40.5004027590501],[-111.941146368889,40.4995875060747],[-111.941990327115,40.4995895116225],[-111.942274242356,40.4995901858309],[-111.942274157016,40.4996862601067],[-111.942483118625,40.499686754662],[-111.942571458052,40.4996869630037],[-111.942571458052,40.4996842866668],[-111.942571453561,40.4996790419207],[-111.943395776411,40.4996747008991],[-111.94339584109,40.499676072539],[-111.943395906667,40.4996774441789],[-111.943395972244,40.4996788151356],[-111.943396030635,40.4996801874586],[-111.943396087228,40.4996815590984],[-111.943396147416,40.4996829314212],[-111.943396206704,40.4996843016948],[-111.943396268688,40.4996856747007],[-111.943396328875,40.4996870449742],[-111.943396390859,40.499688417297],[-111.943396453741,40.4996897889366],[-111.943396516623,40.4996911612593],[-111.943396580404,40.4996925322158],[-111.943396644184,40.4996939045384],[-111.943396709761,40.4996952761779],[-111.943396776236,40.4996966464513],[-111.943396841813,40.4996980187738],[-111.943396909187,40.4996993897301],[-111.943396976561,40.4997007620527],[-111.943397046629,40.4997021323258],[-111.943397114901,40.4997035039652],[-111.943397184071,40.4997048762876],[-111.943397255038,40.4997062465607],[-111.943397326005,40.4997076195662],[-111.94339739787,40.4997089898392],[-111.943397470634,40.4997103621616],[-111.943397544296,40.4997117324345],[-111.943397617059,40.4997131040737],[-111.943397692518,40.4997144763959],[-111.943397767078,40.4997158466688],[-111.943397842536,40.499717218991],[-111.943397919792,40.4997185892639],[-111.943397997047,40.4997199609029],[-111.9433980752,40.4997213318588],[-111.943398152455,40.4997227021316],[-111.943398231507,40.4997240744536],[-111.943398310559,40.4997254460925],[-111.943398393204,40.4997268163652],[-111.943398472255,40.4997281880041],[-111.943398554901,40.4997295589598],[-111.943398637545,40.4997309292324],[-111.943398720191,40.4997323015542],[-111.943398802836,40.4997336704606],[-111.943398887277,40.4997350420994],[-111.943398973515,40.4997364144211],[-111.943399058855,40.4997377833274],[-111.943399144195,40.4997391549661],[-111.94339923223,40.4997405272877],[-111.943399319367,40.4997418961939],[-111.9433994083,40.4997432685156],[-111.943399498132,40.4997446387879],[-111.943399586166,40.4997460090602],[-111.943399676896,40.4997473800156],[-111.943399768524,40.4997487509709],[-111.943399861051,40.4997501212431],[-111.943399952679,40.4997514915154],[-111.943400045206,40.4997528638368],[-111.94340013863,40.4997542334259],[-111.943400232953,40.4997556036979],[-111.943400328175,40.4997569746531],[-111.943400422498,40.4997583462914],[-111.943400520414,40.4997597151972],[-111.943400616534,40.4997610854692],[-111.943400713552,40.4997624571073],[-111.943400812367,40.4997638273793],[-111.943400911181,40.4997651976512],[-111.943401010894,40.4997665686062],[-111.943401111506,40.4997679388781],[-111.943401212117,40.4997693084668],[-111.943401313627,40.4997706787386],[-111.943401415136,40.4997720496935],[-111.943401518443,40.4997734206483],[-111.943401621749,40.4997747895539],[-111.943401726852,40.4997761591425],[-111.943401833751,40.4997775294141],[-111.943401936159,40.4997789003689],[-111.943402043059,40.4997802706404],[-111.943402149958,40.4997816395459],[-111.943402259553,40.4997830098174],[-111.943402366452,40.499784380772],[-111.94340247425,40.4997857510436],[-111.943402584743,40.4997871206319],[-111.943402695236,40.4997884895372],[-111.94340280483,40.4997898591255],[-111.943402917119,40.4997912293969],[-111.943403030307,40.4997925996683],[-111.943403142597,40.4997939699396],[-111.943403254886,40.4997953395278],[-111.94340336987,40.4997967084329],[-111.943403483956,40.4997980780211],[-111.943403599839,40.4997994476092],[-111.94340371662,40.4998008185635],[-111.943403833401,40.4998021881516],[-111.94340395108,40.4998035570565],[-111.943404069658,40.4998049266446],[-111.943404188236,40.4998062948664],[-111.943404305915,40.4998076651374],[-111.943404427188,40.4998090347253],[-111.943404549358,40.4998104049964],[-111.943404668834,40.4998117739011],[-111.943404791005,40.499813143489],[-111.943404913176,40.4998145130768],[-111.943405038042,40.4998158819815],[-111.943405161111,40.4998172502031],[-111.943405285079,40.4998186197909],[-111.943405410843,40.4998199880124],[-111.943405536607,40.4998213576001],[-111.943405663269,40.4998227271877],[-111.943405792627,40.4998240954092],[-111.943405920188,40.4998254643137],[-111.943406047748,40.4998268339013],[-111.943406178004,40.4998282021227],[-111.943406307361,40.4998295717102],[-111.943406437617,40.4998309399315],[-111.943406570568,40.4998323102021],[-111.943406700824,40.4998336777402],[-111.943406833774,40.4998350480107],[-111.943406967623,40.4998364155488],[-111.943407101472,40.49983778377],[-111.943407235321,40.4998391540404],[-111.943407370967,40.4998405215785],[-111.943407536257,40.4998421780618],[-111.943407673699,40.4998435469659],[-111.943407807548,40.499844915187],[-111.943407941397,40.4998462840911],[-111.943408075246,40.499847652312],[-111.943408209095,40.4998490212161],[-111.943408342944,40.4998503901201],[-111.9434084732,40.4998517590241],[-111.943408605252,40.4998531272449],[-111.943408735508,40.4998544968319],[-111.943408864865,40.4998558650527],[-111.943408995121,40.4998572346397],[-111.94340912358,40.4998586028605],[-111.943409251141,40.4998599724473],[-111.9434093796,40.499861340668],[-111.943409503567,40.4998627102549],[-111.943409629331,40.4998640784755],[-111.943409755095,40.4998654473792],[-111.943409879961,40.499866816966],[-111.94341000303,40.4998681865527],[-111.943410127896,40.4998695554563],[-111.943410248271,40.4998709257261],[-111.943410370441,40.4998722953127],[-111.943410490816,40.4998736642163],[-111.94341061119,40.4998750338028],[-111.943410731564,40.4998764020232],[-111.94341085104,40.4998777716098],[-111.943410966923,40.4998791418794],[-111.943411087297,40.4998805114659],[-111.943411202281,40.4998818817354],[-111.943411318164,40.4998832506387],[-111.943411434945,40.4998846209082],[-111.943411548133,40.4998859898114],[-111.943411664015,40.4998873587147],[-111.943411776305,40.4998887289841],[-111.943411890391,40.4998900985704],[-111.943412001782,40.4998914695228],[-111.943412112275,40.499892839109],[-111.943412222768,40.4998942086953],[-111.94341233326,40.4998955789645],[-111.943412442855,40.4998969478676],[-111.943412549754,40.4998983195029],[-111.943412657552,40.4998996897721],[-111.943412766248,40.499901057992],[-111.943412871351,40.4999024282611],[-111.943412978251,40.4999037992133],[-111.943413082455,40.4999051694823],[-111.943413187558,40.4999065390683],[-111.943413290864,40.4999079086542],[-111.943413395069,40.4999092789231],[-111.94341349568,40.4999106498752],[-111.943413598088,40.4999120201441],[-111.9434136987,40.4999133897299],[-111.943413800209,40.4999147599988],[-111.943413900821,40.4999161309507],[-111.943413997839,40.4999175019026],[-111.943414097552,40.4999188721713],[-111.94341419457,40.4999202431232],[-111.943414290689,40.4999216133919],[-111.943414388606,40.4999229829775],[-111.943414483827,40.4999243532462],[-111.943414579049,40.4999257255641],[-111.943414672473,40.4999270958327],[-111.943414765898,40.4999284654182],[-111.943414858425,40.4999298370529],[-111.943414950053,40.4999312073215],[-111.943415040783,40.49993257759],[-111.943415132411,40.4999339485415],[-111.943415221344,40.499935319493],[-111.943415312972,40.4999366897614],[-111.943415400109,40.4999380600298],[-111.943415488144,40.4999394323475],[-111.943415576179,40.4999408026158],[-111.943415661518,40.4999421728841],[-111.943415748655,40.4999435452016],[-111.943415833995,40.4999449147868],[-111.94341591664,40.4999462871043],[-111.943416001082,40.4999476580555],[-111.943416084625,40.4999490276406],[-111.943416166372,40.499950399958],[-111.943416249017,40.4999517709092],[-111.943416329865,40.4999531411773],[-111.943416339746,40.4999532955544],[-111.943416411612,40.4999545134946],[-111.943416489765,40.4999558830795],[-111.943416569715,40.4999572547137],[-111.943416648767,40.4999586263478],[-111.943416724225,40.4999599972989],[-111.943416801481,40.4999613689329],[-111.943416877837,40.4999627398839],[-111.943416954194,40.4999641108348],[-111.943417028754,40.4999654831519],[-111.943417103314,40.4999668534197],[-111.943417177875,40.4999682257367],[-111.943417250638,40.4999695960045],[-111.943417321605,40.4999709676384],[-111.94341739347,40.4999723399553],[-111.943417464437,40.499973710223],[-111.943417535404,40.4999750825398],[-111.943417602778,40.4999764528075],[-111.943417671948,40.4999778258074],[-111.943417741118,40.4999791960749],[-111.943417807594,40.4999805677086],[-111.943417875866,40.4999819400254],[-111.943417939646,40.4999833102928],[-111.943418005223,40.4999846832926],[-111.943418069902,40.49998605356],[-111.94341813458,40.4999874258766],[-111.943418197462,40.4999887975101],[-111.943418259446,40.4999901698267],[-111.94341832143,40.4999915407771],[-111.943418383414,40.4999929124105],[-111.943418443601,40.499994284727],[-111.943418503788,40.4999956549942],[-111.943418562179,40.4999970286768],[-111.943418622366,40.499998398944],[-111.943418678061,40.4999997719434],[-111.943418735553,40.5000011422106],[-111.943418791249,40.5000025158931],[-111.943418847843,40.5000038861601],[-111.94341890264,40.5000052591594],[-111.943418957437,40.5000066301095],[-111.943419010438,40.5000080031088],[-111.94341906254,40.5000093733757],[-111.943419116439,40.500010746375],[-111.943419166745,40.5000121173249],[-111.943419218847,40.5000134903241],[-111.943419268254,40.5000148619571],[-111.943419316763,40.5000162342731],[-111.943419366171,40.500017605223],[-111.943419420968,40.5000191769995],[-111.943419468579,40.5000205472662],[-111.943419515291,40.5000219202653],[-111.943419561105,40.5000232918981],[-111.943419605123,40.5000246642139],[-111.943419651835,40.5000260358467],[-111.943419694056,40.5000274088456],[-111.943419737175,40.5000287811614],[-111.943419780294,40.5000301527941],[-111.943419822515,40.5000315237436],[-111.943419862939,40.5000328960593],[-111.943419903363,40.5000342697411],[-111.943419943787,40.5000356413737],[-111.943419981517,40.5000370136894],[-111.943420021043,40.5000383846388],[-111.94342005967,40.5000397583205],[-111.943420094704,40.5000411292699],[-111.943420133332,40.5000425029515],[-111.94342016657,40.5000438732177],[-111.943420201604,40.5000452468994],[-111.943420237537,40.5000466178486],[-111.943420269876,40.5000479915302],[-111.943420303114,40.5000493624794],[-111.943420335453,40.5000507361609],[-111.943420367792,40.5000521077931],[-111.943420396538,40.5000534801084],[-111.943420427081,40.5000548510575],[-111.943420456725,40.5000562247389],[-111.943420485472,40.500057597054],[-111.943420513319,40.5000589686861],[-111.943420540269,40.5000603416843],[-111.943420567218,40.5000617133164],[-111.943420595066,40.5000630863146],[-111.943420619321,40.5000644579465],[-111.943420644473,40.5000658316277],[-111.943420668728,40.5000672025765],[-111.943420692084,40.5000685762577],[-111.943420712745,40.5000699485726],[-111.943420734305,40.5000713202045],[-111.943420757661,40.5000726932024],[-111.943420776526,40.5000740648342],[-111.943420796289,40.5000754385152],[-111.943420816052,40.5000768094639],[-111.943420834018,40.5000781831448],[-111.943420851086,40.5000795547765],[-111.943420869052,40.5000809277743],[-111.943420884324,40.500082300089],[-111.943420900493,40.5000836717206],[-111.943420916663,40.5000850454014],[-111.943420930138,40.5000864170329],[-111.943420943612,40.5000877900305],[-111.943420956189,40.500089161662],[-111.943420968765,40.5000905346596],[-111.943420980443,40.500091906291],[-111.943420992121,40.5000932799717],[-111.943421002901,40.500094651603],[-111.943421011884,40.5000960239174],[-111.943421020867,40.5000973969149],[-111.943421028054,40.5000987685461],[-111.943421034342,40.5001001422266],[-111.943421041529,40.5001015138579],[-111.943421047817,40.5001028868552],[-111.943421053207,40.5001042584864],[-111.943421058597,40.5001056321667],[-111.943421061292,40.5001070037978],[-111.943421064885,40.500108376112],[-111.943421068478,40.5001097491092],[-111.943421070275,40.5001111248387],[-111.943421385583,40.5003906446217],[-111.943421357736,40.5003920182962],[-111.943421268802,40.5003933885553],[-111.94342112058,40.5003947567651],[-111.943420913968,40.5003961201933],[-111.94342064627,40.5003974774738],[-111.943420320182,40.5003988258742],[-111.943419937499,40.5004001674438],[-111.943419493731,40.5004014967179],[-111.943418991573,40.5004028143797],[-111.943418434618,40.5004041197459],[-111.943417819272,40.5004054087182],[-111.943417149129,40.5004066826627],[-111.943416421493,40.500407937481],[-111.943415640857,40.5004091745391],[-111.943414806322,40.5004103897386],[-111.943413921482,40.5004115837627],[-111.943412983641,40.5004127545619],[-111.943411994595,40.5004139007704],[-111.943410956143,40.5004150223879],[-111.943409869182,40.5004161153159],[-111.943408734609,40.5004171802378],[-111.943407555121,40.5004182164702],[-111.943406330718,40.5004192205979],[-111.943405064093,40.500420195353],[-111.943403755248,40.5004211359543],[-111.94340240508,40.5004220417183],[-111.943401017183,40.5004229140115],[-111.943399590658,40.5004237507845],[-111.943398129997,40.500424549305],[-111.943396635201,40.5004253116223],[-111.943395106268,40.5004260336378],[-111.943393548589,40.5004267174008],[-111.943391961266,40.5004273629113],[-111.943390345197,40.500427966071],[-111.943388703975,40.5004285268796],[-111.943387040295,40.5004290467034],[-111.943385355954,40.5004295248593],[-111.943383650053,40.5004299586151],[-111.943381925288,40.5004303493368],[-111.94338018615,40.5004306956584],[-111.943378432638,40.5004309968966],[-111.94337666655,40.5004312544177],[-111.943374889683,40.5004314654894],[-111.943373105628,40.500431632844],[-111.943371315286,40.5004317537491],[-111.943369519554,40.5004318302541],[-111.943367261189,40.5004318596265],[-111.943367054577,40.5004549989542],[-111.943010601275,40.5004531484914],[-111.942571914396,40.5004508670052],[-111.942571887447,40.5004061519094]]]},"properties":{"zone_code":"R-1-10","zone_description":"The R-1-10 (Residential) zone is established to provide areas within the city for single-family dwellings on average sized large lots with very limited commercial services, such as home occupations.","zone_class_normalized":"Commercial","jurisdiction":"bluffdale_ut","source_rest_url":"https://services3.arcgis.com/ojBMkFlpg5ujUNtB/arcgis/rest/services/Zoning/FeatureServer/0","extraction_method":"arcgis_rest","confidence":"rest_api"}},{"type":"Feature","geometry":{"type":"Polygon","coordinates":[[[-111.911463473499,40.4718600205495],[-111.912840788459,40.4732889568217],[-111.912922430047,40.4734414339196],[-111.912923989523,40.4734443463771],[-111.912935163667,40.473465090287],[-111.912936262306,40.4734671314666],[-111.912936715955,40.4734679863429],[-111.912775228512,40.4736043010545],[-111.912607683728,40.4737362926068],[-111.912434283725,40.4738637990715],[-111.912255236015,40.4739866687704],[-111.912211843793,40.4740166343055],[-111.912097214271,40.474095792701],[-111.911963694077,40.4741958361401],[-111.911945138477,40.4742097374663],[-111.911799226922,40.4743283151218],[-111.911659798508,40.4744513056061],[-111.91156408032,40.4745430609267],[-111.911551432041,40.4745551813883],[-111.911527045476,40.4745785694928],[-111.911410815156,40.4746993017573],[-111.911300657448,40.4748233213562],[-111.911196670267,40.4749503535692],[-111.911177605322,40.4749752031983],[-111.910823988002,40.4748523838255],[-111.91081336722,40.4748478273122],[-111.910803904367,40.4748419669851],[-111.910795874326,40.4748349709457],[-111.910789507068,40.4748270400957],[-111.91078498405,40.4748184013038],[-111.910782436428,40.4748093033058],[-111.910691803602,40.4748245657195],[-111.909336000599,40.474353649473],[-111.909233378857,40.4743147807768],[-111.909134400683,40.474270745961],[-111.909039513436,40.4742217397691],[-111.908949141122,40.4741679870115],[-111.908863692473,40.4741097261652],[-111.90878355197,40.474047220991],[-111.908709080735,40.4739807537003],[-111.90866129126,40.47393105028],[-111.908618974322,40.473878534837],[-111.908582411992,40.4738235565567],[-111.908551845916,40.4737664823929],[-111.908728752941,40.4736206263557],[-111.909197597163,40.4732500348908],[-111.90923215086,40.4732222400384],[-111.909266066754,40.4731939880087],[-111.909299329572,40.4731652890512],[-111.909331933027,40.4731361506825],[-111.909363864542,40.4731065824688],[-111.909395116033,40.4730765926101],[-111.909425677617,40.4730461906726],[-111.909455538515,40.4730153869063],[-111.909484692439,40.4729841895109],[-111.90951312861,40.4729526080529],[-111.909540837145,40.4729206527822],[-111.909567813553,40.4728883325819],[-111.909594045257,40.4728556583852],[-111.909619526869,40.4728226390753],[-111.9096483035,40.4727836840727],[-111.90975891935,40.4726303177928],[-111.909774889599,40.4726086422011],[-111.909790755643,40.4725879772968],[-111.909807090608,40.472567528329],[-111.909823890901,40.4725472987147],[-111.909841150232,40.4725272973379],[-111.909858864111,40.4725075289824],[-111.909877028046,40.4724879991152],[-111.909895634851,40.4724687145701],[-111.909914678237,40.4724496801311],[-111.909934156407,40.4724309033152],[-111.909954058582,40.4724123895896],[-111.909974381169,40.4723941430548],[-111.909995117879,40.4723761698612],[-111.910016261526,40.4723584768427],[-111.910037807618,40.4723410674164],[-111.91005974807,40.4723239484162],[-111.910082074798,40.4723071232591],[-111.910104784209,40.4722905994623],[-111.910127867318,40.4722743804429],[-111.910151317839,40.4722584716681],[-111.910175127685,40.4722428779217],[-111.910199289672,40.472227603304],[-111.910223798407,40.4722126539656],[-111.91024864491,40.4721980326401],[-111.910273821094,40.4721837454783],[-111.910299320672,40.4721697952136],[-111.91032513466,40.4721561879966],[-111.910351255872,40.4721429258776],[-111.910377674426,40.4721300143237],[-111.910404386729,40.4721174567521],[-111.910431381103,40.4721052572631],[-111.910458648565,40.4720934199571],[-111.910486183725,40.4720819468845],[-111.9105139776,40.4720708428289],[-111.91054201941,40.4720601112075],[-111.910570302867,40.4720497547538],[-111.910598818987,40.4720397762015],[-111.910627558788,40.4720301810178],[-111.910656513287,40.4720209685194],[-111.910685672601,40.4720121441735],[-111.910715030442,40.4720037100303],[-111.91074457693,40.4719956674566],[-111.910774303082,40.4719880212363],[-111.910804198116,40.4719807720528],[-111.910834253949,40.4719739205896],[-111.910864463393,40.4719674729972],[-111.910894814772,40.4719614279089],[-111.910925299999,40.4719557887417],[-111.911237379221,40.4719002539905],[-111.911463473499,40.4718600205495]]]},"properties":{"zone_code":"SD-C HOLIDAY PARK ZONE","zone_description":"The SD-C Holiday Park Zone recognizes the unique placement of retail, commercial, flex\r\nspace, restaurant, and other appropriate commercial facilities at the southeast intersection of\r\nPorter Rockwell Boulevard and Freedom Point Way.","zone_class_normalized":"Open Space/Public","jurisdiction":"bluffdale_ut","source_rest_url":"https://services3.arcgis.com/ojBMkFlpg5ujUNtB/arcgis/rest/services/Zoning/FeatureServer/0","extraction_method":"arcgis_rest","confidence":"rest_api"}},{"type":"Feature","geometry":{"type":"Polygon","coordinates":[[[-111.929309501054,40.4521921556303],[-111.929309642987,40.452326393775],[-111.92930975887,40.4524365830369],[-111.929309709463,40.4524816807618],[-111.9293096897,40.4524996715834],[-111.92930933217,40.4528293732654],[-111.929308961166,40.453172173092],[-111.929308934217,40.4531965003363],[-111.929250155651,40.4531890338029],[-111.929210856154,40.4531840417588],[-111.928979645969,40.4531397599938],[-111.92880234638,40.4531281018562],[-111.928614356839,40.4531246874672],[-111.928367549206,40.4531625130088],[-111.928125958989,40.4531757043675],[-111.927905669623,40.4531600986714],[-111.927695815088,40.4530952239147],[-111.927550224231,40.4530013961229],[-111.927436601721,40.4528664251789],[-111.927306688263,40.4527027954792],[-111.927214367503,40.4525390293513],[-111.92710071984,40.4523999553826],[-111.926895521273,40.4522201895492],[-111.9266403099,40.452010776693],[-111.926607800769,40.4519841016299],[-111.927688747143,40.4521609225868],[-111.927688744448,40.4521584241341],[-111.928063148784,40.4522192482725],[-111.928227518921,40.4522460326134],[-111.92879655045,40.4522159315879],[-111.928797385883,40.4522187779759],[-111.929309501054,40.4521921556303]]]},"properties":{"zone_code":"A-5 Agricultural","zone_description":"The A-5 (Agricultural) zone is established to provide areas within the city where agricultural pursuits can be encouraged and supported.","zone_class_normalized":"Agriculture/Rural","jurisdiction":"bluffdale_ut","source_rest_url":"https://services3.arcgis.com/ojBMkFlpg5ujUNtB/arcgis/rest/services/Zoning/FeatureServer/0","extraction_method":"arcgis_rest","confidence":"rest_api"}}]}
