{"type":"FeatureCollection","features":[{"type":"Feature","geometry":{"type":"Polygon","coordinates":[[[-111.881847079349,40.4931828956702],[-111.881824190606,40.4932475825922],[-111.881805838693,40.4932920195254],[-111.881787469701,40.4933336169725],[-111.881765370357,40.4933861254259],[-111.880559694495,40.4933777757284],[-111.879510887835,40.4929167796558],[-111.878639233846,40.4925875658479],[-111.879908160553,40.4921215965582],[-111.880206350449,40.4920059615564],[-111.880514152144,40.4918727935331],[-111.880888548684,40.4916902174333],[-111.88110632512,40.491572643195],[-111.881390993402,40.4914050152096],[-111.881617625605,40.4912591499588],[-111.881748280526,40.4911734093037],[-111.882019105242,40.492452016012],[-111.881825647118,40.4926083016685],[-111.881847079349,40.4931828956702]]]},"properties":{"zone_code":"RSD-3","zone_description":"Residential Special District","zone_class_normalized":"Residential-Low","jurisdiction":"draper_ut","source_rest_url":"https://services2.arcgis.com/nAPVXppTJAHM40Se/arcgis/rest/services/Zoning_Public/FeatureServer/5","extraction_method":"arcgis_rest","confidence":"rest_api"}},{"type":"Feature","geometry":{"type":"Polygon","coordinates":[[[-111.837725088293,40.4997264367899],[-111.837766287891,40.4967882513692],[-111.839609698766,40.4968035188762],[-111.842140170611,40.4968233741273],[-111.842169580277,40.49673133811],[-111.842194077432,40.4966201899077],[-111.842211562572,40.4964560990524],[-111.842214188891,40.4962111344439],[-111.842218014442,40.4959168802453],[-111.842221838785,40.4956226269182],[-111.842226138195,40.4953269006219],[-111.842230352776,40.4950142562308],[-111.840229928814,40.4949888034595],[-111.839281510497,40.4949767239138],[-111.83927946041,40.4942303078041],[-111.839276542167,40.4931676468099],[-111.840443400328,40.4931716187588],[-111.840452995835,40.4913404122008],[-111.848686788456,40.4913635245822],[-111.848664480782,40.4879853383503],[-111.848663426934,40.487778925974],[-111.848662815481,40.4876591628046],[-111.848661603277,40.4871375628316],[-111.848661613549,40.4871296403668],[-111.848651785944,40.4860151440004],[-111.848711174315,40.4825119092835],[-111.853369888744,40.482447818861],[-111.853415359898,40.4805483374149],[-111.853452710014,40.478988029221],[-111.865793151998,40.4789375251473],[-111.866567792626,40.4789327502346],[-111.872483918154,40.4788975794242],[-111.87231612636,40.4814360064645],[-111.87224544347,40.4825006601955],[-111.867587545344,40.4824901359625],[-111.867537167099,40.4838277872256],[-111.867510873919,40.4845176694936],[-111.867789450411,40.4846658528539],[-111.86900406615,40.4853135560148],[-111.869100095899,40.48536229304],[-111.86921737644,40.4854170923912],[-111.869340370457,40.4854679335512],[-111.869462761826,40.4855135215689],[-111.86952940497,40.4855360799541],[-111.869678741656,40.4855802696914],[-111.869791876516,40.4856105622212],[-111.86990842237,40.4856355898579],[-111.869976164789,40.485649387229],[-111.870080055939,40.485667010426],[-111.870179344744,40.4856820219686],[-111.870299839328,40.4856947770744],[-111.870390485924,40.4857023715208],[-111.870517259917,40.4857098516352],[-111.870662933706,40.4857128940686],[-111.871187072076,40.4857129851844],[-111.871676229528,40.485713185848],[-111.872745268485,40.485714132652],[-111.872913361496,40.4857144388195],[-111.87319852819,40.4857143709317],[-111.87332551184,40.4857139663198],[-111.873463139086,40.4857135276384],[-111.873614332204,40.4857108039737],[-111.87376808465,40.4857061095728],[-111.873817253724,40.4857042712887],[-111.873922548771,40.4856984830949],[-111.874018087628,40.48569388591],[-111.874082154643,40.4856894143677],[-111.874158098971,40.4856846887147],[-111.874462006359,40.4856624233094],[-111.874455536299,40.485892073389],[-111.874450321911,40.4860908779999],[-111.882008440276,40.4860942490243],[-111.883365591714,40.4860947921582],[-111.884076018394,40.4853190971329],[-111.884438957263,40.4855127069022],[-111.883853998348,40.4861518326178],[-111.883289517896,40.4867512408611],[-111.883038593194,40.4869801807047],[-111.882806468292,40.4871548082133],[-111.882555292249,40.4873133229553],[-111.882341914899,40.4874277193124],[-111.882118604925,40.4875304724903],[-111.881886450657,40.4876210808627],[-111.881685320973,40.4876895224634],[-111.881701304092,40.4882496881136],[-111.881824059187,40.4882187123338],[-111.881913050412,40.4882080898434],[-111.882008149441,40.4882055103031],[-111.882112242993,40.4882165172872],[-111.882231248155,40.4882365534199],[-111.882341426336,40.4882725045539],[-111.882488816903,40.4883381605551],[-111.882645133153,40.4884463020143],[-111.882833769091,40.4887062887757],[-111.882327327249,40.4889397495152],[-111.882179182021,40.4890241997888],[-111.882090355659,40.4890857634916],[-111.881998620176,40.489158683073],[-111.881831231595,40.4893139572513],[-111.881732773857,40.4894568387977],[-111.88174575483,40.4897921118995],[-111.881763628973,40.4904139519348],[-111.881683211021,40.490471538829],[-111.881541945883,40.4905726977668],[-111.881244303074,40.4907810009442],[-111.880996017578,40.4909466695119],[-111.880900159704,40.4910059145064],[-111.880890465051,40.4910119060887],[-111.880619481219,40.4911671846526],[-111.880313696556,40.4913232419861],[-111.880022158367,40.4914550473148],[-111.879734829611,40.4915701963829],[-111.877311525834,40.4924666737118],[-111.877020889259,40.4925733414121],[-111.87664298572,40.4927120363162],[-111.87637843349,40.492809128204],[-111.876113880512,40.4929062203914],[-111.875849325603,40.4930033119817],[-111.87553580698,40.4931183725521],[-111.875118427603,40.493271547909],[-111.874588276557,40.4934661057185],[-111.874309588955,40.4935683786073],[-111.87404386342,40.4936658939946],[-111.873778135952,40.4937634096799],[-111.873512408894,40.4938609229541],[-111.873246681087,40.4939584374231],[-111.872980951337,40.4940559503891],[-111.872715222008,40.494153462745],[-111.872446250843,40.4942521636601],[-111.872281456218,40.4943126355736],[-111.871877164368,40.494460991801],[-111.870820871084,40.494848590233],[-111.87023408078,40.4950639028053],[-111.869340112484,40.4953872333075],[-111.86933339505,40.495388463064],[-111.869166296938,40.4954556948781],[-111.86837465339,40.4957535890637],[-111.867663242906,40.4960056170526],[-111.866222702346,40.4965417120873],[-111.865915289115,40.4966545364603],[-111.865737575497,40.4967197593706],[-111.865589964651,40.4967739334142],[-111.865041407747,40.4969743606054],[-111.864900958956,40.4970256764289],[-111.863138396992,40.497740316663],[-111.861819208063,40.4982911510892],[-111.861022476745,40.4986256626056],[-111.859789349684,40.4991752414583],[-111.85883610615,40.499610057612],[-111.858193460507,40.4999294891499],[-111.857537517743,40.5002815712704],[-111.857012560937,40.5006144519246],[-111.856558818766,40.5009003454982],[-111.855590789037,40.5015332784048],[-111.855040963234,40.5018631482009],[-111.854258615049,40.5023990343311],[-111.853304762589,40.503018906953],[-111.852581951256,40.5034894641211],[-111.852003134167,40.5038881557913],[-111.851466239835,40.5042804273474],[-111.850754834777,40.504850602067],[-111.850258827628,40.5052841576677],[-111.849717084954,40.5057930800163],[-111.849142329457,40.5063904456249],[-111.847930665434,40.5076839980119],[-111.843749380189,40.5076466965191],[-111.843845799203,40.5073582471541],[-111.843881750559,40.5072466583765],[-111.8439314665,40.5071489647081],[-111.843990116509,40.5070129225476],[-111.844067040744,40.5068803101261],[-111.844175685299,40.506702314476],[-111.84427535899,40.5065556995533],[-111.844384230942,40.5064229939324],[-111.84448862676,40.506307719421],[-111.844620249046,40.5061610111532],[-111.844724695655,40.5060561874655],[-111.844833707881,40.5059513511448],[-111.844910981285,40.5058884147352],[-111.845024643368,40.5058009835059],[-111.845142852289,40.5057100553378],[-111.845255362703,40.5056416105371],[-111.845269602038,40.5054799032535],[-111.845254825633,40.5052815658144],[-111.845118194754,40.5049071461743],[-111.845011379512,40.5047447335685],[-111.844859815966,40.5046144491825],[-111.844257062903,40.5044310961259],[-111.843992242732,40.5042851454298],[-111.843841927988,40.5041644553049],[-111.843849193264,40.5037045917698],[-111.843869549321,40.502277009485],[-111.843733302308,40.5022751542003],[-111.843148432514,40.5022695152496],[-111.842692820201,40.5022649156306],[-111.839161602503,40.5022291686388],[-111.839175449496,40.5013309556764],[-111.839199341498,40.4997390379265],[-111.837725088293,40.4997264367899]]]},"properties":{"zone_code":"SMA","zone_description":"South Mountain Agreement","zone_class_normalized":"Other/Unknown","jurisdiction":"draper_ut","source_rest_url":"https://services2.arcgis.com/nAPVXppTJAHM40Se/arcgis/rest/services/Zoning_Public/FeatureServer/5","extraction_method":"arcgis_rest","confidence":"rest_api"}},{"type":"Feature","geometry":{"type":"MultiPolygon","coordinates":[[[[-111.885271213206,40.4818134666443],[-111.886038559269,40.481223199171],[-111.886387418588,40.4804294852833],[-111.888331723444,40.4788207874244],[-111.887681311822,40.4788240136395],[-111.891353781831,40.4759973236906],[-111.891352183701,40.4765995592196],[-111.891357312902,40.4788068963601],[-111.891332803441,40.4801504843895],[-111.888666259933,40.481321649955],[-111.888547451096,40.481312368199],[-111.888395952245,40.4813663411933],[-111.888326429639,40.4814469743153],[-111.888310630286,40.4815100749981],[-111.888332595403,40.4815983515819],[-111.888392773731,40.4816647928095],[-111.886240994655,40.4821370203216],[-111.886023337793,40.4824566770128],[-111.885955219875,40.4829670991222],[-111.88493951982,40.4836160644701],[-111.884371822483,40.4828945226784],[-111.885271213206,40.4818134666443]]],[[[-111.883365061513,40.4866716683209],[-111.883853861199,40.4861505155107],[-111.88539206853,40.486150527316],[-111.885358836839,40.4861003065182],[-111.885525371493,40.4861003754723],[-111.885547138904,40.4861329068301],[-111.885594157561,40.4862162660672],[-111.885633721443,40.486301852656],[-111.885665651408,40.4863892781405],[-111.885689803646,40.4864781458421],[-111.885706067342,40.4865680535685],[-111.885714370566,40.486658592694],[-111.88571467323,40.4867493535856],[-111.885706975334,40.486839924676],[-111.885691312268,40.4869298942794],[-111.88566775365,40.487018855099],[-111.885636406867,40.4871064033142],[-111.885593904776,40.4872005526015],[-111.885542737549,40.4872921547144],[-111.885483164394,40.487380745888],[-111.885415485884,40.4874658757288],[-111.885340046344,40.4875471126109],[-111.885257227973,40.487624046397],[-111.885167449654,40.4876962866419],[-111.88507116815,40.4877634661911],[-111.884968869874,40.4878252448106],[-111.884861073252,40.4878813109806],[-111.88474832517,40.4879313783055],[-111.884397671792,40.4880762393446],[-111.882837681214,40.4887116803989],[-111.882685718212,40.4887745378778],[-111.882416677232,40.488885822676],[-111.882312528524,40.4889452193289],[-111.88219851304,40.4890093203095],[-111.882045304142,40.4891204217125],[-111.881831231595,40.4893139572513],[-111.881703776198,40.4894974829863],[-111.88163824339,40.4896294330401],[-111.881585651822,40.4897901739992],[-111.881556245678,40.4899642193903],[-111.881560413076,40.4901170592398],[-111.881580284602,40.4902680719798],[-111.881643659928,40.4904998613577],[-111.881541945883,40.4905726977668],[-111.881322476571,40.4907262927269],[-111.881244303074,40.4907810009442],[-111.881082298216,40.4908910173992],[-111.880996017583,40.4909466704124],[-111.880998334198,40.4905908287333],[-111.88087667395,40.4904543238774],[-111.880749676218,40.4903118266406],[-111.880719222327,40.4901487776323],[-111.880688966757,40.4899867879496],[-111.880683526256,40.4898233775472],[-111.880678027935,40.4896582661191],[-111.880672520877,40.4894928521128],[-111.880667002573,40.4893271085188],[-111.880660910521,40.4891441331981],[-111.880509218747,40.4888749352163],[-111.880297140806,40.4887543538732],[-111.880009013107,40.4886042500389],[-111.879694024156,40.4885594505375],[-111.879587169643,40.4884097450363],[-111.881685322157,40.4876895233601],[-111.881886450662,40.4876210817633],[-111.882061351678,40.4875542824694],[-111.882175305413,40.4875059050931],[-111.882286977461,40.4874545207926],[-111.882396232512,40.4874001912559],[-111.882502936474,40.487342984471],[-111.88260696115,40.4872829684075],[-111.882657930255,40.4872519298764],[-111.882708179569,40.4872202182354],[-111.882757698524,40.4871878416251],[-111.882806469477,40.48715480911],[-111.882854477149,40.4871211306473],[-111.882901707456,40.4870868188921],[-111.882948146296,40.4870518828974],[-111.882993779575,40.4870163335171],[-111.88308257425,40.4869434371115],[-111.88312570747,40.4869061135954],[-111.883167982295,40.4868682200982],[-111.883209383451,40.4868297674779],[-111.883249900416,40.4867907719803],[-111.883289519081,40.4867512417578],[-111.883365061513,40.4866716683209]]],[[[-111.887674200073,40.4903507269754],[-111.888863255956,40.4898560127805],[-111.888861191572,40.4916370444491],[-111.888865620091,40.4932559366939],[-111.888466455235,40.493415633864],[-111.888231304925,40.4935010699429],[-111.887992614349,40.4935732895048],[-111.887768894391,40.4936295790472],[-111.887636429277,40.4936515395363],[-111.887638447921,40.4935393778431],[-111.887669340955,40.4907840888131],[-111.887672954313,40.4904618685858],[-111.887674200073,40.4903507269754]]],[[[-111.881837490319,40.4979497236102],[-111.881837926661,40.4977748130728],[-111.881940081828,40.4977749691255],[-111.883642597585,40.4977775517172],[-111.883638891144,40.497780106195],[-111.883641479571,40.4984965354151],[-111.883672033926,40.49849647139],[-111.883671780714,40.4985937539045],[-111.883670279917,40.4991704513418],[-111.883695582925,40.499180135285],[-111.883718554792,40.4991927582483],[-111.883738614487,40.4992080024298],[-111.883755256088,40.4992254804367],[-111.883758511098,40.4992288622644],[-111.883762467768,40.4992317743923],[-111.883767013556,40.4992341334349],[-111.883772017127,40.4992358713781],[-111.88377733427,40.4992369373613],[-111.883782810269,40.4992373012712],[-111.883782672574,40.4992902522824],[-111.883782534878,40.4993432032925],[-111.88377705697,40.4993435508477],[-111.883771734013,40.4993446003483],[-111.883766721567,40.4993463224662],[-111.883762163284,40.4993486680995],[-111.883758190906,40.4993515683728],[-111.8837549184,40.4993549400592],[-111.883740410586,40.4993703613923],[-111.883723229405,40.4993840884802],[-111.883703708392,40.4993958527568],[-111.883682230857,40.4994054260195],[-111.883659214548,40.4994126195784],[-111.883666876794,40.4998094048301],[-111.883486849259,40.4998102130259],[-111.883486280588,40.4997091724215],[-111.882887945305,40.499711127398],[-111.882710592389,40.49971170592],[-111.882713772665,40.498492584432],[-111.881836137165,40.4984912484345],[-111.881837490319,40.4979497236102]]],[[[-111.888170626608,40.5069743613143],[-111.888168056112,40.5060841918964],[-111.888153894563,40.5051410290693],[-111.885453982944,40.5051405681675],[-111.885457097886,40.5046480437893],[-111.885460015832,40.5046075450483],[-111.88546785966,40.5045470066231],[-111.885475391491,40.5045068565363],[-111.885502206322,40.5044075731133],[-111.885523704588,40.5043489935461],[-111.885549190003,40.5042913518666],[-111.886690792404,40.5042940814636],[-111.887354459869,40.5046393455852],[-111.888172197605,40.5049109451944],[-111.888172198308,40.5049075410024],[-111.888699891293,40.5049518833956],[-111.889650018997,40.5049778489514],[-111.88973253657,40.505147362543],[-111.889861069529,40.5051109082038],[-111.890286459342,40.5059847136705],[-111.890269755735,40.5059703861559],[-111.890251185418,40.5059574688585],[-111.890223865302,40.5059426840768],[-111.890205521792,40.5059349731646],[-111.890168349824,40.5059232597293],[-111.890146214617,40.5059195275827],[-111.89012135468,40.5059167465088],[-111.89010043854,40.5059159542877],[-111.890079512678,40.5059165579927],[-111.890050501853,40.5059197327418],[-111.890018254756,40.5059266340443],[-111.889991308929,40.5059354332261],[-111.889962501896,40.5059484686152],[-111.889939455829,40.5059622917453],[-111.889910740026,40.5059855204713],[-111.889883895694,40.5060178838397],[-111.889872520524,40.5060385017172],[-111.889865452132,40.5060569051502],[-111.889860941942,40.5060757728754],[-111.889859385145,40.506088482522],[-111.889858332933,40.5061060824346],[-111.889859198916,40.5061211606483],[-111.889862279619,40.5061341970857],[-111.889870077534,40.506155320337],[-111.889881130463,40.5061755817106],[-111.889889618949,40.5061876752597],[-111.889899272538,40.5061992516015],[-111.889908909603,40.506209173634],[-111.889918192191,40.5062175577559],[-111.889933309467,40.5062293023341],[-111.889958418291,40.5062448609336],[-111.889981281213,40.5062557611028],[-111.890002287114,40.5062635739597],[-111.890034539947,40.5062721049638],[-111.890060926664,40.5062763182979],[-111.890087764014,40.5062782471584],[-111.89011830106,40.5062776411743],[-111.89013861259,40.5062766702708],[-111.890154763201,40.5062796964781],[-111.890171619421,40.5062883066246],[-111.890183725159,40.506302421615],[-111.890186311274,40.5063092123744],[-111.890195565644,40.5063493969086],[-111.890211984911,40.5064080941972],[-111.890260164585,40.5065934908102],[-111.890362861697,40.5069890323432],[-111.890381937036,40.5070660754398],[-111.890398956131,40.5071421257395],[-111.890414233828,40.5072183916712],[-111.890427765265,40.5072948489362],[-111.89044957347,40.5074482456621],[-111.890462371552,40.5075557248852],[-111.890466157304,40.5076090733455],[-111.890496570613,40.50789429235],[-111.890501088432,40.5078943016106],[-111.890530726985,40.5081948113746],[-111.890531776211,40.5085201372484],[-111.89053202788,40.5087060391465],[-111.890532001521,40.5088004360256],[-111.888224145438,40.5087956990037],[-111.888220604448,40.5078829379053],[-111.888173605031,40.5078829323977],[-111.888170626608,40.5069743613143]]],[[[-111.903610239201,40.5095903158095],[-111.903644184265,40.5095260894195],[-111.903660331235,40.5094955402166],[-111.903345032487,40.5093987366006],[-111.903298401482,40.5093847805246],[-111.903251457957,40.5093714469045],[-111.903204217277,40.5093587401901],[-111.903156692445,40.509346664839],[-111.903108900007,40.509335225297],[-111.903060852948,40.5093244233203],[-111.903012565455,40.5093142633626],[-111.902964054054,40.5093047471679],[-111.902915331754,40.5092958800947],[-111.902866415073,40.5092876620861],[-111.902817317015,40.5092800975998],[-111.902768054108,40.5092731883801],[-111.902718639338,40.5092669361832],[-111.90266909042,40.50926134365],[-111.90261942151,40.5092564107314],[-111.902569646786,40.509252140981],[-111.902519781592,40.5092485352466],[-111.902469842449,40.5092455943718],[-111.902419842334,40.509243318312],[-111.902369798955,40.5092417088074],[-111.902319726474,40.5092407667101],[-111.902261547357,40.5092405089407],[-111.902261537657,40.5092388627166],[-111.902487628538,40.5092076018219],[-111.902786418494,40.5092352469313],[-111.90298529091,40.509266521134],[-111.903373954343,40.5093468069611],[-111.903475435495,40.5093806921911],[-111.903684968515,40.5094278255123],[-111.904221734893,40.5095336258656],[-111.904401451853,40.5095696872735],[-111.904447459642,40.509583745026],[-111.904661576478,40.5095820638415],[-111.904310061709,40.5103042323766],[-111.904180295666,40.510570826955],[-111.904177854905,40.5106227302822],[-111.904165240754,40.5106562933013],[-111.903187651534,40.5104513949099],[-111.903231721484,40.5103448696987],[-111.903274322023,40.5102456892346],[-111.903315537285,40.5101567071625],[-111.903358779329,40.5100682881624],[-111.903404036503,40.5099804583889],[-111.903610239201,40.5095903158095]]],[[[-111.854565125089,40.5138898854629],[-111.854565465139,40.5137736094185],[-111.854719397403,40.513773872168],[-111.85474574435,40.5138901935162],[-111.854731262239,40.5142166947973],[-111.854563703265,40.5142156771796],[-111.854565125089,40.5138898854629]]],[[[-111.91034802958,40.5278927905531],[-111.910333930256,40.5270015135641],[-111.910445646752,40.5269948238277],[-111.910951136771,40.5269779870427],[-111.911491738838,40.5269525018006],[-111.911490204653,40.5269360735348],[-111.911688939572,40.5269261304283],[-111.911690936073,40.5278869371192],[-111.91040650455,40.5278852281588],[-111.91034802958,40.5278927905531]]],[[[-111.873271954226,40.5282668534189],[-111.873272280187,40.5277623625852],[-111.874273883469,40.5277593984401],[-111.874281819166,40.5277593749027],[-111.874283849161,40.5281583807028],[-111.874283914248,40.5281711100615],[-111.874643644022,40.5281700437389],[-111.8746604715,40.527179294457],[-111.87457646601,40.5270820545015],[-111.874576194184,40.5270817707897],[-111.874714561836,40.5270206408611],[-111.8748050577,40.5271252356446],[-111.874822952382,40.5271766505635],[-111.874823193008,40.5273285617163],[-111.87481272563,40.5278421871725],[-111.874796509341,40.5288486501309],[-111.874214945254,40.5288468176186],[-111.874214825413,40.52876576666],[-111.874215994833,40.5282672079663],[-111.873271954226,40.5282668534189]]],[[[-111.863835266375,40.5297165377532],[-111.863837877802,40.5287881537807],[-111.863987210164,40.5287888140885],[-111.865055606286,40.5287935265809],[-111.86539379354,40.5287950151995],[-111.86541647526,40.528818571852],[-111.86551981614,40.5289318592744],[-111.866120989916,40.5295463620509],[-111.866120492146,40.5297266063536],[-111.865912959025,40.5297256936706],[-111.865052081339,40.5297219026681],[-111.863983671854,40.5297171883406],[-111.863835266375,40.5297165377532]]],[[[-111.868723900281,40.5297245250647],[-111.86873271467,40.528820829311],[-111.869915764384,40.5288264615336],[-111.869918903527,40.5289172083959],[-111.869921280472,40.5293248250697],[-111.869923658626,40.5297324416757],[-111.868855270125,40.52972541399],[-111.868723900281,40.5297245250647]]],[[[-111.879456645238,40.5297592475363],[-111.879455275341,40.5288433312382],[-111.879453904956,40.5279273200588],[-111.879453414966,40.5275995236922],[-111.880333645578,40.5275993375429],[-111.880333767423,40.5279297791906],[-111.881181325202,40.5279270261058],[-111.881191819046,40.5279277394547],[-111.881253263429,40.5279343911685],[-111.88131330014,40.5279463824122],[-111.881371136371,40.5279635545652],[-111.881426004897,40.5279856804815],[-111.88147718179,40.5280124671338],[-111.881523989982,40.5280435601044],[-111.881551650559,40.5280610005875],[-111.881582714104,40.5280747043241],[-111.881616325185,40.5280842913537],[-111.881651552296,40.5280894972375],[-111.881652570115,40.5280895794779],[-111.881780909541,40.5280891615493],[-111.881783439069,40.5297505091015],[-111.881656592657,40.5297508501157],[-111.880855022457,40.5297530041698],[-111.879456645238,40.5297592475363]]],[[[-111.862741307547,40.5297152739398],[-111.862869787769,40.5297123474911],[-111.863733437577,40.5297161432162],[-111.863910415995,40.5303133416052],[-111.8628862381,40.5303138734366],[-111.862742629381,40.5303141585147],[-111.862741307547,40.5297152739398]]],[[[-111.86868416793,40.531277895812],[-111.868527123291,40.5312782032096],[-111.867897867165,40.5312803148348],[-111.867798304437,40.531171938445],[-111.867577103218,40.5309311553872],[-111.867462772067,40.5307961357319],[-111.867462719099,40.5307711730122],[-111.868531127021,40.5307676578014],[-111.868695631536,40.5307672296704],[-111.86868416793,40.531277895812]]],[[[-111.871118800144,40.5342506067005],[-111.871120660546,40.5340231775524],[-111.871125659598,40.5334120466673],[-111.871318779259,40.5334116431568],[-111.872238558553,40.5334130696173],[-111.872236412972,40.5340272453487],[-111.872235662264,40.5340272423291],[-111.87223611579,40.5342532106414],[-111.871118800144,40.5342506067005]]],[[[-111.873545025737,40.5346514383115],[-111.873392981165,40.5344206396043],[-111.873396081844,40.5344197633814],[-111.874195298553,40.5344209866183],[-111.874196001017,40.534359666467],[-111.874188581359,40.534359656829],[-111.874188723659,40.5343522428947],[-111.874196084968,40.5343523742957],[-111.874857635734,40.5343533812484],[-111.875902522425,40.5343550002821],[-111.876037705317,40.5343552043392],[-111.876525187855,40.5343559387892],[-111.877012664507,40.5343566721317],[-111.877012971819,40.5343635857094],[-111.877012223851,40.535924825151],[-111.877011939686,40.5369348246978],[-111.877010607044,40.5370313986622],[-111.876587549067,40.5370335535911],[-111.876582316919,40.5369346088133],[-111.87560548298,40.5363926990971],[-111.875609579862,40.536365428483],[-111.875298527826,40.5362312539213],[-111.875298635211,40.5361101974338],[-111.874827402841,40.5358270012751],[-111.874688621797,40.5357408309822],[-111.874185781502,40.5352618290407],[-111.873545025737,40.5346514383115]]],[[[-111.874559380678,40.5386193687355],[-111.874203544901,40.5382328658377],[-111.873198010263,40.5371207508264],[-111.873121291825,40.5370366919937],[-111.874084568567,40.5370359105828],[-111.873982936052,40.5370332827764],[-111.873881792095,40.5370252454155],[-111.873781631515,40.5370118374494],[-111.8736829422,40.5369931257684],[-111.873572854447,40.53696544375],[-111.873466005056,40.53693116366],[-111.873366231896,40.5368918726926],[-111.873270727511,40.5368468287312],[-111.873180058793,40.5367963010521],[-111.873094766825,40.5367405896346],[-111.873018063227,40.5366822499886],[-111.872947259989,40.5366197191913],[-111.872882748523,40.5365533436273],[-111.872824887301,40.5364834904988],[-111.872773997134,40.5364105478405],[-111.872730358775,40.5363349191235],[-111.872693097872,40.5362542854715],[-111.872664079563,40.5361717037922],[-111.872643477644,40.5360876634481],[-111.872631414021,40.5360026620698],[-111.872627959881,40.5359172046522],[-111.872629556898,40.5357587509501],[-111.872625980046,40.5356869177071],[-111.872613832058,40.5356156322332],[-111.872593215356,40.5355454885754],[-111.872564300772,40.5354770724563],[-111.872527329865,40.5354109522612],[-111.872482610204,40.535347680855],[-111.872430515298,40.5352877829743],[-111.872371477543,40.5352317597531],[-111.872305990519,40.5351800779091],[-111.872234599534,40.5351331670725],[-111.872234786327,40.5349479862414],[-111.873594483026,40.5349487141199],[-111.874325789672,40.5356400070407],[-111.874547292049,40.5358493858887],[-111.874544833638,40.5369335648418],[-111.874542137819,40.5370355366214],[-111.876251968891,40.5370341231551],[-111.876251711107,40.5371156064443],[-111.876247877465,40.5383297466583],[-111.875889280115,40.5383309680944],[-111.875283470391,40.5383326648361],[-111.875284710017,40.5385934858247],[-111.875229661895,40.5385935521545],[-111.875210914929,40.5385948999652],[-111.875180410494,40.5386004379141],[-111.875151627605,40.538609933742],[-111.875134892257,40.538617760087],[-111.874559380678,40.5386193687355]]],[[[-111.898509992332,40.539528821591],[-111.898083179478,40.5395783195903],[-111.897944168107,40.5395944406823],[-111.897726063239,40.5385442783834],[-111.897861805862,40.538544072662],[-111.897860835094,40.5385395379938],[-111.897907564604,40.538539227206],[-111.899095533236,40.538531324854],[-111.899801796574,40.5385328323637],[-111.900070819005,40.5385339553269],[-111.900146571426,40.5385342713615],[-111.900143581041,40.5385404432557],[-111.899483602325,40.5395545055212],[-111.899451520243,40.5396302634295],[-111.899382677746,40.5396075109724],[-111.899295199891,40.5395825471107],[-111.899206017368,40.5395613839807],[-111.89911541269,40.5395440908614],[-111.898995576121,40.5395274384006],[-111.89887445943,40.5395175498345],[-111.89875271685,40.5395144787692],[-111.898631009496,40.5395182436679],[-111.898509992332,40.539528821591]]],[[[-111.871816474347,40.5381551013509],[-111.871816512546,40.53702063679],[-111.872229267514,40.5370229175551],[-111.872775053944,40.5370232114551],[-111.873787817083,40.5381555464102],[-111.874566176261,40.5390204271388],[-111.875268441463,40.5397916223635],[-111.873319149165,40.5397912065857],[-111.873319156449,40.5397716084323],[-111.872655846287,40.5397714600674],[-111.872092224263,40.5397727324003],[-111.872005735375,40.5395137922797],[-111.872653224639,40.5394986912744],[-111.872646568701,40.5390089689211],[-111.871944945981,40.5390088077468],[-111.871945288421,40.5381551313237],[-111.871816474347,40.5381551013509]]],[[[-111.903050045057,40.54422189173],[-111.90336681321,40.5416946638879],[-111.905018480891,40.5416894822325],[-111.905019050691,40.5418047708893],[-111.905026008509,40.5430927171352],[-111.905030160594,40.543157600338],[-111.905041884703,40.543221943157],[-111.905061086905,40.5432852307904],[-111.905087613125,40.5433469594498],[-111.905121253863,40.5434066354429],[-111.905161738349,40.543463785101],[-111.905192094707,40.5434999433154],[-111.905225195529,40.5435346718425],[-111.905285987391,40.5435946474901],[-111.905331327132,40.5436439804953],[-111.905370436436,40.543696324905],[-111.905402972602,40.5437512253225],[-111.905428652988,40.5438082018282],[-111.905447252689,40.5438667571907],[-111.905458609289,40.5439263813537],[-111.905462624058,40.543986554133],[-111.905463277502,40.5441072466974],[-111.905462051031,40.544119974142],[-111.90545826463,40.5441324042466],[-111.905452006248,40.5441442395199],[-111.905443427662,40.544155195758],[-111.905358348839,40.5443174279865],[-111.905220583147,40.5443313559602],[-111.905220420325,40.544331370932],[-111.905046483222,40.5443458199566],[-111.904872113604,40.5443568237488],[-111.904697428319,40.5443643737984],[-111.904475965369,40.5443689708098],[-111.904344020028,40.5443690719913],[-111.90421209726,40.5443672043086],[-111.90303585746,40.5443417689538],[-111.903050045057,40.54422189173]]]]},"properties":{"zone_code":"RM2","zone_description":"Multi-Family Residential","zone_class_normalized":"Mixed-Use","jurisdiction":"draper_ut","source_rest_url":"https://services2.arcgis.com/nAPVXppTJAHM40Se/arcgis/rest/services/Zoning_Public/FeatureServer/5","extraction_method":"arcgis_rest","confidence":"rest_api"}},{"type":"Feature","geometry":{"type":"Polygon","coordinates":[[[-111.867998424921,40.5119718857989],[-111.868042879121,40.5116439464188],[-111.868093760462,40.5116474015247],[-111.868153731721,40.5111398933488],[-111.86810290038,40.5111377637607],[-111.868205476273,40.5103216363426],[-111.868249278577,40.5103244895222],[-111.868304582717,40.5099061023371],[-111.868313967119,40.5098351236068],[-111.868316182236,40.5098183614144],[-111.868406216703,40.5095275577311],[-111.868515720362,40.5091736523333],[-111.868646636861,40.508897760357],[-111.869000730479,40.5083769894535],[-111.869283278852,40.5079482305975],[-111.869937592656,40.5079941811095],[-111.881640986596,40.508796043733],[-111.881800266403,40.5088027358189],[-111.881805510373,40.5097403964294],[-111.881788693333,40.5105255122915],[-111.881781974595,40.5108392078587],[-111.881775033856,40.5111632220204],[-111.881802096808,40.511648660909],[-111.881801796495,40.5128960539705],[-111.881798771843,40.5132554891908],[-111.881610647523,40.513245367955],[-111.877041999047,40.5132102321462],[-111.877043330045,40.5131773298243],[-111.876203109536,40.5131644473737],[-111.87466213479,40.5130597244229],[-111.873350386382,40.5129715665524],[-111.872624162813,40.5129230881144],[-111.871929712285,40.5128768134223],[-111.871929273562,40.5128625605],[-111.868075901642,40.5125953669402],[-111.867961574817,40.5125874199506],[-111.867981168041,40.5124160148749],[-111.868012534777,40.5121898925452],[-111.868041719345,40.5119759834473],[-111.867998145804,40.5119739543978],[-111.867997454083,40.5119739043366],[-111.867998424921,40.5119718857989]]]},"properties":{"zone_code":"RSD-5","zone_description":"Residential Special District","zone_class_normalized":"Residential-Low","jurisdiction":"draper_ut","source_rest_url":"https://services2.arcgis.com/nAPVXppTJAHM40Se/arcgis/rest/services/Zoning_Public/FeatureServer/5","extraction_method":"arcgis_rest","confidence":"rest_api"}},{"type":"Feature","geometry":{"type":"Polygon","coordinates":[[[-111.895853239292,40.5078818987304],[-111.895853305838,40.507343348849],[-111.895853430428,40.5063516723184],[-111.894368639678,40.5063521254108],[-111.894369758725,40.5078863638789],[-111.891806918444,40.5078940386388],[-111.891804889044,40.5044064064331],[-111.891802043783,40.504289506303],[-111.893285287063,40.5042834306315],[-111.896965914409,40.5042682717716],[-111.899230705105,40.5042755675213],[-111.899416743456,40.5042745075544],[-111.899661903891,40.5042722649251],[-111.899956310483,40.5042543997503],[-111.900257792695,40.5042293572596],[-111.900564415106,40.5041958597869],[-111.900832889437,40.5041584177871],[-111.901088387448,40.5041122713531],[-111.901384568895,40.5040603365691],[-111.901703903468,40.503988699822],[-111.902008461558,40.5039158890078],[-111.90227543823,40.5038350318565],[-111.902538087111,40.5037478362663],[-111.902796049818,40.5036581588818],[-111.903041437592,40.5035599092257],[-111.903293814352,40.5034575535648],[-111.903542274235,40.5033397676891],[-111.903807542123,40.5032110488461],[-111.904054615702,40.5030865789329],[-111.904285176355,40.5029416565417],[-111.904512853364,40.5027990509284],[-111.904733451167,40.5026503588737],[-111.904948632095,40.5024926000532],[-111.905166965957,40.5023402694311],[-111.905375297419,40.5021844931501],[-111.905430655012,40.5021391572981],[-111.905466444165,40.5021110208874],[-111.905469727685,40.5024801657532],[-111.905387803952,40.5025401099936],[-111.905282009744,40.5026215831718],[-111.905168118101,40.5027073854247],[-111.905069205343,40.5027793523941],[-111.904938117339,40.5028712684666],[-111.904820864776,40.5029503033149],[-111.904695844254,40.5030315451774],[-111.904580757159,40.5031035964023],[-111.904464039626,40.5031741032401],[-111.904409920192,40.5032056392461],[-111.904345728109,40.5032430448469],[-111.904199941655,40.5033244361745],[-111.904104466568,40.5033761471995],[-111.904050547314,40.5034042835549],[-111.903981589458,40.5034402671585],[-111.903881150554,40.5034899760102],[-111.903756990115,40.5035514236278],[-111.903630157262,40.5036108882334],[-111.903501984496,40.5036686525151],[-111.903372510664,40.5037247010249],[-111.903241774605,40.503779016514],[-111.903109816338,40.5038315817296],[-111.902976677067,40.5038823803156],[-111.902842395648,40.5039313977253],[-111.902707013292,40.5039786185032],[-111.902570572393,40.5040240280908],[-111.90243311418,40.5040676137348],[-111.90229467869,40.5041093608851],[-111.902155310689,40.5041492567764],[-111.902015052597,40.5041872904531],[-111.901873944467,40.5042234500672],[-111.901732032253,40.5042577237506],[-111.9015893572,40.5042901014529],[-111.901445962914,40.5043205731155],[-111.901301894183,40.5043491295767],[-111.901157194626,40.5043757625796],[-111.901011907858,40.5044004638675],[-111.90086607868,40.5044232260803],[-111.900866081836,40.5044239645451],[-111.900761636596,40.5044379818045],[-111.900667613913,40.504450599855],[-111.900604585336,40.5044590286422],[-111.900459293558,40.5044761004471],[-111.900311806422,40.5044914234406],[-111.900246761824,40.5044973003746],[-111.900163990315,40.5045047787039],[-111.900015892426,40.5045161633728],[-111.899944066675,40.5045207196223],[-111.899812362714,40.5045283349869],[-111.899693297076,40.5045339483333],[-111.89819925184,40.5061451781239],[-111.899300476762,40.5061441145292],[-111.900575476306,40.506142870848],[-111.900874485262,40.5061425183515],[-111.903939455515,40.5061390148284],[-111.905412698222,40.5061373051458],[-111.905410230462,40.5062955455181],[-111.905409616114,40.5063349461981],[-111.903938249757,40.506341628663],[-111.903920965043,40.5073790565409],[-111.904029405859,40.507379028525],[-111.904040506138,40.5074350549051],[-111.904048762643,40.5074724914283],[-111.904064354329,40.5075334320876],[-111.904084531004,40.507600146756],[-111.904110397267,40.5076730702034],[-111.904139506033,40.5077440237012],[-111.90416232103,40.5077937929637],[-111.904196561075,40.5078613362658],[-111.905385886369,40.5078565272883],[-111.905389886274,40.5078527697439],[-111.905887856797,40.5078512306036],[-111.905857390293,40.5078941676658],[-111.905209668047,40.5088070295268],[-111.905116866879,40.5089303370093],[-111.905026898466,40.5090548621092],[-111.904998010309,40.509096527256],[-111.904892593879,40.5090364262121],[-111.904790936491,40.5089726641562],[-111.904693256195,40.508905377861],[-111.904599762508,40.5088347116583],[-111.904510655963,40.5087608171294],[-111.904426127682,40.5086838527801],[-111.904346358966,40.5086039837007],[-111.904271520901,40.5085213812112],[-111.904129356086,40.5083564298496],[-111.904080854267,40.5082983453147],[-111.904034747369,40.5082391354008],[-111.903991080166,40.508178857616],[-111.903949895064,40.5081175705052],[-111.903911232057,40.5080553335937],[-111.90387512869,40.5079922073292],[-111.903841620022,40.5079282530226],[-111.903810738589,40.5078635327894],[-111.903812483343,40.5078622866798],[-111.903758992984,40.5077335360026],[-111.903732884934,40.507658173645],[-111.903702543568,40.5075526861845],[-111.903689153013,40.5074959940325],[-111.903669986769,40.507393367924],[-111.903656155693,40.5072785232851],[-111.903657213245,40.5071965723417],[-111.903659287451,40.5070359315853],[-111.90366074987,40.5069226814083],[-111.903662517921,40.5067856936046],[-111.903663980334,40.5066724443173],[-111.903665672675,40.5065414113924],[-111.903667130022,40.5064285043323],[-111.903668250009,40.506341752158],[-111.901122706749,40.5063398405177],[-111.901123425852,40.5064801059889],[-111.901820457877,40.5067680457533],[-111.901552395092,40.5071461172923],[-111.901431436533,40.5070940225571],[-111.901357948755,40.507196030713],[-111.901306269192,40.5071743398465],[-111.901380068321,40.507071898378],[-111.900877974125,40.506855650841],[-111.900878467608,40.5069692310958],[-111.900561178444,40.5069699072461],[-111.897407558195,40.5069765876629],[-111.897377956895,40.5069766493231],[-111.897330025776,40.5070283042565],[-111.897354320706,40.5070613974043],[-111.897404651196,40.5071351971989],[-111.89744893261,40.5072112225039],[-111.89748699687,40.5072891847863],[-111.897518699494,40.5073687881608],[-111.897543920137,40.5074497305129],[-111.89756256306,40.5075317046449],[-111.897574557482,40.5076143994427],[-111.897579857857,40.5076975010554],[-111.897602624717,40.5086721587199],[-111.897606550875,40.5087429833816],[-111.897615009486,40.5088135767973],[-111.897627980329,40.5088837700876],[-111.897645432387,40.5089533953302],[-111.897667323924,40.5090222859607],[-111.897693602582,40.5090902771722],[-111.897724205507,40.5091572063086],[-111.8977590595,40.5092229132542],[-111.897797074205,40.5092898268609],[-111.898600250744,40.5092874578969],[-111.89861810854,40.5092949205841],[-111.898600305716,40.5092980854337],[-111.898563050614,40.5093052339568],[-111.898525965944,40.509312878107],[-111.898489061124,40.5093210142502],[-111.898452347947,40.5093296414458],[-111.898415838189,40.5093387560515],[-111.898379541273,40.509348355334],[-111.898343470161,40.5093584365475],[-111.898307635456,40.5093689969544],[-111.898241770843,40.5093898611565],[-111.89798445923,40.5094751248897],[-111.897575371787,40.5096106798285],[-111.897358392738,40.5096825767416],[-111.897374235598,40.509928694217],[-111.897426577445,40.5107417754188],[-111.897436414494,40.5108941819379],[-111.89744563022,40.5110369390647],[-111.897454490751,40.5111742119701],[-111.897463352498,40.5113114848636],[-111.897473542429,40.5114693485502],[-111.897477480904,40.5115323440919],[-111.897477833513,40.5115379850135],[-111.897482263842,40.5116066219032],[-111.89749502566,40.5118043228914],[-111.89750458277,40.5119523714998],[-111.897514139916,40.5121004191985],[-111.897523697104,40.5122484668881],[-111.897533253153,40.5123965145727],[-111.897542810424,40.512544562244],[-111.897552366556,40.5126926099103],[-111.897577695151,40.5130849639039],[-111.897592165629,40.5133091197238],[-111.89757865645,40.5133492970583],[-111.897568058556,40.5133808135738],[-111.897564201215,40.5133808140513],[-111.896764695194,40.5133808443355],[-111.893281407652,40.5133730240102],[-111.893282883907,40.5129986367277],[-111.893281360547,40.5128261768874],[-111.893276240036,40.5128277052388],[-111.893269178838,40.5128297057008],[-111.893262072263,40.5128316126545],[-111.893254923835,40.5128334233866],[-111.893247734743,40.5128351396942],[-111.893240507332,40.5128367588675],[-111.893233243973,40.5128382827],[-111.893225947009,40.5128397084818],[-111.893218618807,40.5128410371057],[-111.893211260545,40.5128422685677],[-111.893203875754,40.5128434010548],[-111.893196466798,40.5128444354597],[-111.893189033673,40.5128453708817],[-111.893181582277,40.5128462073011],[-111.893174111427,40.5128469438213],[-111.893166625846,40.512847581327],[-111.893159125531,40.5128481189176],[-111.8931516152,40.5128485565773],[-111.893144096028,40.5128488934016],[-111.893136570386,40.5128491311836],[-111.893129039438,40.5128492672179],[-111.89312150674,40.512849304194],[-111.891811992919,40.5128469848424],[-111.891811304464,40.5117938786362],[-111.891804111302,40.5117938450485],[-111.891805089915,40.5115250095988],[-111.894475120779,40.5115310650122],[-111.894472793036,40.5121243136587],[-111.894470400649,40.5127337448548],[-111.894471597612,40.5128216335249],[-111.895771661006,40.5128195017194],[-111.89576931154,40.5115339781382],[-111.896516050463,40.5115356523963],[-111.89638436134,40.5096396244652],[-111.896284519404,40.5080608332416],[-111.896191763318,40.5079208448446],[-111.896182445253,40.5078809023656],[-111.896145059,40.5078810152489],[-111.895853239292,40.5078818987304]]]},"properties":{"zone_code":"DC","zone_description":"Destination Commercial","zone_class_normalized":"Commercial","jurisdiction":"draper_ut","source_rest_url":"https://services2.arcgis.com/nAPVXppTJAHM40Se/arcgis/rest/services/Zoning_Public/FeatureServer/5","extraction_method":"arcgis_rest","confidence":"rest_api"}},{"type":"Feature","geometry":{"type":"Polygon","coordinates":[[[-111.894475120779,40.5115310650122],[-111.89576931154,40.5115339781382],[-111.895771661006,40.5128195017194],[-111.894471597612,40.5128216335249],[-111.894470400649,40.5127337448548],[-111.894472793036,40.5121243136587],[-111.894475120779,40.5115310650122]]]},"properties":{"zone_code":"CSD-SWF","zone_description":"Commercial Special District","zone_class_normalized":"Commercial","jurisdiction":"draper_ut","source_rest_url":"https://services2.arcgis.com/nAPVXppTJAHM40Se/arcgis/rest/services/Zoning_Public/FeatureServer/5","extraction_method":"arcgis_rest","confidence":"rest_api"}},{"type":"Feature","geometry":{"type":"Polygon","coordinates":[[[-111.871179408096,40.5258348799822],[-111.871185181236,40.525630175331],[-111.871338382241,40.5256312138559],[-111.872374080601,40.5256321563615],[-111.872373868836,40.5257676930385],[-111.872374322683,40.525768029311],[-111.87266573258,40.5257671419106],[-111.872664801611,40.5261655387355],[-111.871401447761,40.5261629860447],[-111.871182899684,40.5261633243908],[-111.871182366932,40.5261144079478],[-111.871179408096,40.5258348799822]]]},"properties":{"zone_code":"CS","zone_description":"Commercial Services","zone_class_normalized":"Commercial","jurisdiction":"draper_ut","source_rest_url":"https://services2.arcgis.com/nAPVXppTJAHM40Se/arcgis/rest/services/Zoning_Public/FeatureServer/5","extraction_method":"arcgis_rest","confidence":"rest_api"}},{"type":"Feature","geometry":{"type":"Polygon","coordinates":[[[-111.8959884806,40.5443176245169],[-111.895861025201,40.5439118356808],[-111.895857672238,40.5439091335957],[-111.894958313967,40.5411076753244],[-111.894992089651,40.5410969492558],[-111.895019941487,40.5410841304061],[-111.895042189003,40.5410705811615],[-111.895064743139,40.5410527000523],[-111.895079394916,40.5410378111355],[-111.895093800151,40.5410190794271],[-111.895105104459,40.5409991478049],[-111.895112198536,40.5409813331943],[-111.895117337312,40.5409599724354],[-111.895118868606,40.5409320857164],[-111.895116089799,40.5409104724642],[-111.895108716036,40.5408863026773],[-111.895093425751,40.5408575756811],[-111.895066806826,40.5408264256069],[-111.895047537848,40.5408104397268],[-111.895015908285,40.5407909706701],[-111.894976593949,40.5407747542265],[-111.894945820309,40.5407667167688],[-111.894915807244,40.5407622087655],[-111.89490365236,40.5407602054198],[-111.894891734498,40.5407565271201],[-111.894873988343,40.5407468616661],[-111.894859514594,40.5407319258758],[-111.89485337249,40.5407190351299],[-111.894841070532,40.5406783520109],[-111.894849837719,40.540678351303],[-111.896042174347,40.5406782975468],[-111.896045913598,40.5406725320918],[-111.896050831949,40.5397791724049],[-111.897174447117,40.5397821805007],[-111.897842331884,40.5397804185164],[-111.897982716286,40.5397800474177],[-111.898265942832,40.5411437127755],[-111.898490062133,40.5422227482109],[-111.898529097022,40.5426265989762],[-111.898576150731,40.5432863823208],[-111.898625767645,40.5438993876588],[-111.898642114673,40.5441013461929],[-111.898642821504,40.5442223303505],[-111.898643166736,40.5442814216244],[-111.898643156649,40.5442825239516],[-111.898406172935,40.5442534720891],[-111.89839936378,40.544253477215],[-111.897910512958,40.5442570528109],[-111.897421811815,40.5442669504741],[-111.897244099388,40.5442716989177],[-111.896719038684,40.5443228394117],[-111.896646987987,40.5443298572373],[-111.896530903131,40.5443411638518],[-111.896509850359,40.5443420590679],[-111.895997964998,40.5443465375755],[-111.8959884806,40.5443176245169]]]},"properties":{"zone_code":"CSD-KMAC","zone_description":"Commercial Special District","zone_class_normalized":"Commercial","jurisdiction":"draper_ut","source_rest_url":"https://services2.arcgis.com/nAPVXppTJAHM40Se/arcgis/rest/services/Zoning_Public/FeatureServer/5","extraction_method":"arcgis_rest","confidence":"rest_api"}},{"type":"Feature","geometry":{"type":"MultiPolygon","coordinates":[[[[-111.836844650105,40.4943420412102],[-111.835950868368,40.4931538593998],[-111.839276540987,40.4931676468133],[-111.840443399149,40.4931716187622],[-111.840446705121,40.4936104191525],[-111.840447551548,40.4937939145965],[-111.840448628091,40.4940271133256],[-111.84227452267,40.4940225290899],[-111.842248278401,40.4941689916043],[-111.842240335783,40.4943146648698],[-111.842230352776,40.4950142562308],[-111.842226138195,40.4953269006219],[-111.842220875012,40.4956226297333],[-111.842218014447,40.4959168811459],[-111.842215152673,40.4962111316289],[-111.842211562572,40.4964560990524],[-111.842194077432,40.4966201899077],[-111.842169580277,40.49673133811],[-111.842140166929,40.4968226392647],[-111.839609698766,40.4968035188762],[-111.837766287891,40.4967882513692],[-111.836635124606,40.4967780765216],[-111.836651911771,40.4956896718232],[-111.837317165162,40.4949696526808],[-111.836844650105,40.4943420412102]]],[[[-111.834559806728,40.4953116994432],[-111.83459231479,40.4931481478819],[-111.835538932502,40.4931522976324],[-111.83642667647,40.4943318147024],[-111.835172940097,40.4953140608666],[-111.834559806728,40.4953116994432]]]]},"properties":{"zone_code":"RSD-2","zone_description":"Residential Special District","zone_class_normalized":"Residential-Low","jurisdiction":"draper_ut","source_rest_url":"https://services2.arcgis.com/nAPVXppTJAHM40Se/arcgis/rest/services/Zoning_Public/FeatureServer/5","extraction_method":"arcgis_rest","confidence":"rest_api"}},{"type":"Feature","geometry":{"type":"MultiPolygon","coordinates":[[[[-111.84032220108,40.4690497417465],[-111.840599793911,40.4676601040705],[-111.839514650509,40.4668473664462],[-111.841838841919,40.465104634542],[-111.839550447321,40.462593934752],[-111.839491828989,40.4622468924647],[-111.838830940467,40.4616294661036],[-111.839543987918,40.4612919123058],[-111.842069431144,40.4644535518451],[-111.850227151947,40.4644318392047],[-111.851368514701,40.4644351260328],[-111.851597756194,40.4644344379939],[-111.855367151824,40.464439451947],[-111.855366792835,40.4646220488456],[-111.855379638327,40.46709588554],[-111.85572156682,40.4669787370064],[-111.855932879198,40.4669793927164],[-111.856232599071,40.4672062056484],[-111.856512350413,40.4676933231153],[-111.856487137483,40.467946704416],[-111.858381172761,40.4684091956156],[-111.858462115722,40.4678396288971],[-111.858682524837,40.4676067467071],[-111.859593830771,40.4677775886592],[-111.859577640248,40.4646961446206],[-111.859569672144,40.4644437602876],[-111.872662324522,40.464456660374],[-111.87262159411,40.4715881897962],[-111.879305172713,40.4716077118746],[-111.879188441554,40.4716837025023],[-111.872572154921,40.4759297843712],[-111.872532802838,40.4762715945376],[-111.872526418855,40.4764942681618],[-111.872515208265,40.4768852635162],[-111.872509874643,40.477245623736],[-111.872483918154,40.4788975794242],[-111.866567793806,40.4789327502309],[-111.865793151998,40.4789375251473],[-111.865791097562,40.4789375333643],[-111.853452710014,40.478988029221],[-111.853415359898,40.4805483374149],[-111.846867937428,40.4805403158756],[-111.84534374043,40.4790259650427],[-111.845257937989,40.4774118951008],[-111.844005746628,40.477372135112],[-111.84432466296,40.4764423642473],[-111.844339549579,40.4758521261087],[-111.843991346356,40.4745077013423],[-111.842902966591,40.4730786167845],[-111.842785896255,40.4724279377737],[-111.841949754489,40.4715514851198],[-111.841472130497,40.4714335020243],[-111.840274578926,40.4709161320246],[-111.839758793728,40.4701797905313],[-111.839756639788,40.4697457840243],[-111.84032220108,40.4690497417465]]],[[[-111.824201533272,40.459552711244],[-111.826245198169,40.4590973841237],[-111.826327991911,40.4599955551192],[-111.825817340753,40.4603487058569],[-111.824997985136,40.4604291207738],[-111.824432384656,40.4600007557148],[-111.824201533272,40.459552711244]]],[[[-111.820875670695,40.4606559826866],[-111.822146444822,40.4602273793605],[-111.821464379723,40.4607514148758],[-111.820875670695,40.4606559826866]]],[[[-111.812194974291,40.4647079332523],[-111.812734445844,40.464495690998],[-111.812669480478,40.4645433228501],[-111.81261949398,40.4648170347536],[-111.812211030379,40.4651307740313],[-111.811800959959,40.4650927692602],[-111.811698755116,40.464709883667],[-111.812194974291,40.4647079332523]]],[[[-111.81902142772,40.4752351161385],[-111.813314012242,40.4710293812793],[-111.814031563685,40.4710665675306],[-111.814286691903,40.4708313953465],[-111.814237124103,40.4703269703964],[-111.814078141925,40.4700502904291],[-111.813666428153,40.4696605502908],[-111.812798516796,40.4688229793336],[-111.812393345424,40.4680719072797],[-111.812375977306,40.4675925630329],[-111.813805633546,40.4664944694938],[-111.8136952761,40.4647751120555],[-111.814255824251,40.4641092188077],[-111.814076478464,40.4639619464427],[-111.81791080251,40.461875213048],[-111.8173758713,40.4629510714227],[-111.817328404928,40.4637640404905],[-111.816922072981,40.4645320392253],[-111.818875050804,40.4658165417332],[-111.81902142772,40.4752351161385]]],[[[-111.792666162226,40.4937738528015],[-111.792680992005,40.4901185218501],[-111.792675050137,40.4901162321086],[-111.797518620832,40.490058562208],[-111.803201033947,40.4900277370875],[-111.803161620527,40.4792125825556],[-111.802412716533,40.4792159864019],[-111.802232072025,40.4792168281894],[-111.801868240133,40.4792184850606],[-111.801396555122,40.479220712859],[-111.801395221268,40.4792207189929],[-111.800926665853,40.4792228422848],[-111.800490761122,40.4792248574315],[-111.800479728234,40.4792249091495],[-111.799293909856,40.4792303604576],[-111.797995199815,40.4792363689005],[-111.797511181402,40.4792384989548],[-111.797510886227,40.4792007886325],[-111.79751083753,40.4792004393294],[-111.797510735431,40.4791891840845],[-111.797510577039,40.4791717743885],[-111.797502696322,40.4785682262503],[-111.797502398852,40.4785454206004],[-111.797495864843,40.47805255528],[-111.797495177205,40.4780002807796],[-111.797479868083,40.4768310802228],[-111.79747934948,40.4767918871705],[-111.797415873822,40.471994745502],[-111.797392945917,40.4719945623654],[-111.794150558621,40.4719685327328],[-111.794063618494,40.4719678333535],[-111.792886536301,40.4719580422162],[-111.792578055559,40.4719554738572],[-111.792608086154,40.4684633294492],[-111.792626603564,40.4683021364951],[-111.795531058354,40.4682518006088],[-111.796446421924,40.4687410136601],[-111.797031295934,40.469625914512],[-111.802957862449,40.4696109389678],[-111.806497812513,40.4686268525395],[-111.80667390912,40.4690252602552],[-111.807082618879,40.4694673849073],[-111.807611326031,40.4707512406742],[-111.808022047046,40.4716365364742],[-111.808491484458,40.4726546322937],[-111.808961935792,40.4738943134507],[-111.808560180089,40.4750033090439],[-111.809441020906,40.4770396433123],[-111.809563455167,40.478413181627],[-111.810616052185,40.4798639651791],[-111.811946412996,40.4804871925498],[-111.811935432793,40.4882184322779],[-111.811422372166,40.4882092136482],[-111.810321725609,40.4884432884966],[-111.809222610693,40.4886067316106],[-111.808495887972,40.4888556284742],[-111.80794768704,40.4892398935641],[-111.807770048068,40.4893021051385],[-111.807414323256,40.489327736671],[-111.80704906481,40.4895763157051],[-111.80663701736,40.4900744355953],[-111.805981159612,40.4907516365612],[-111.80536872713,40.4916329532287],[-111.804978800812,40.4917670837344],[-111.804474181465,40.4918876988589],[-111.803812557222,40.4918022177729],[-111.80348371035,40.4920685629802],[-111.803128437643,40.4932827721766],[-111.802856891986,40.4936336748145],[-111.801456186712,40.4936526160379],[-111.799438426467,40.4936629840987],[-111.792666162226,40.4937738528015]]]]},"properties":{"zone_code":"RR-43","zone_description":"Rural Residential","zone_class_normalized":"Agriculture/Rural","jurisdiction":"draper_ut","source_rest_url":"https://services2.arcgis.com/nAPVXppTJAHM40Se/arcgis/rest/services/Zoning_Public/FeatureServer/5","extraction_method":"arcgis_rest","confidence":"rest_api"}},{"type":"Feature","geometry":{"type":"MultiPolygon","coordinates":[[[[-111.871185181236,40.525630175331],[-111.871199375171,40.5251269180347],[-111.87237485676,40.525132608649],[-111.87237471391,40.5252245340521],[-111.872374080601,40.5256321563615],[-111.871338382241,40.5256312138559],[-111.871185181236,40.525630175331]]],[[[-111.868052831494,40.5268084419255],[-111.867518679117,40.526805365593],[-111.867518818919,40.526829355462],[-111.867008024614,40.5268264115956],[-111.867004773405,40.526269198009],[-111.866981389421,40.5262690631902],[-111.866979882882,40.5260110425851],[-111.868582395791,40.5260202723156],[-111.868756008846,40.5260212707442],[-111.868753823215,40.5268266754254],[-111.868587042933,40.5268115165388],[-111.868052831494,40.5268084419255]]],[[[-111.866406018989,40.5270487609651],[-111.866427162435,40.5270483139302],[-111.866518946272,40.5270489707722],[-111.866406018989,40.5270487609651]]],[[[-111.865059374817,40.528131358],[-111.864531231932,40.527545670322],[-111.864163295274,40.5271606457188],[-111.864378902756,40.5271242176305],[-111.864529856522,40.5271078415046],[-111.864530132507,40.5270474816993],[-111.866132685913,40.5270545393685],[-111.866295702996,40.5270510933053],[-111.866282668135,40.5278705983428],[-111.866128973583,40.5278697762774],[-111.865060591842,40.5278650726661],[-111.865059417962,40.5281217721952],[-111.865059374817,40.528131358]]],[[[-111.865658870086,40.5287961581648],[-111.865556384803,40.5286824206074],[-111.866269753111,40.5286832422014],[-111.866267724626,40.5288099821741],[-111.86626831816,40.5288103981841],[-111.866267119695,40.5289101463723],[-111.865761133476,40.5289098305794],[-111.865658870086,40.5287961581648]]],[[[-111.871278813708,40.5297592467968],[-111.871278702922,40.5297475604508],[-111.870992048526,40.5297394596201],[-111.869923658626,40.5297324416757],[-111.869921280472,40.5293248250697],[-111.870442881428,40.5293282525829],[-111.870440501368,40.5289206359203],[-111.87044005685,40.5288289538675],[-111.86873271467,40.528820829311],[-111.868730613914,40.5284319957842],[-111.868547044503,40.5284332458076],[-111.867885164301,40.5284285184208],[-111.867777248876,40.5284277466514],[-111.867777416873,40.5284140232338],[-111.867478851966,40.5284118886553],[-111.867480486212,40.5282787657277],[-111.867478997881,40.5282787550839],[-111.86748177883,40.5278702332094],[-111.867137029328,40.5278694069846],[-111.867137958974,40.5275777534037],[-111.866875647969,40.5275766690822],[-111.866877377956,40.5274336971839],[-111.866762465607,40.5274340567877],[-111.866769140385,40.5272815395731],[-111.866676711015,40.5272818287434],[-111.866675615237,40.5270778673151],[-111.866677891442,40.5270501091073],[-111.866678959573,40.5270501165728],[-111.866678631269,40.5270768789601],[-111.867495172183,40.5270827187458],[-111.867495501346,40.5270559563525],[-111.868563841687,40.5270635908353],[-111.8688614224,40.5270921583844],[-111.869682543656,40.5270970319268],[-111.869929925636,40.5271042251238],[-111.870421213797,40.527100301523],[-111.87087345991,40.5271040903096],[-111.871281825422,40.5271088980085],[-111.871277799611,40.5278953405034],[-111.87127549933,40.5283448702921],[-111.871273108369,40.5288120154459],[-111.871273108854,40.5288121046008],[-111.871969115869,40.5288282345842],[-111.872249685149,40.5288333741547],[-111.872251699999,40.5288334064807],[-111.872249866032,40.5289381621447],[-111.87224866474,40.5297081102495],[-111.872118257431,40.5297079911583],[-111.872118187649,40.5297525560888],[-111.872058827862,40.5297523626676],[-111.872058812664,40.5297580182956],[-111.872058693944,40.5298029228952],[-111.872055585905,40.5307063060981],[-111.872008437374,40.5307062891273],[-111.871214950026,40.5307059992859],[-111.8712289067,40.5306072580537],[-111.871263662577,40.5302599693307],[-111.871279841352,40.5298661384975],[-111.871278872189,40.5297654407321],[-111.871278813708,40.5297592467968]]],[[[-111.869401359213,40.5279210607308],[-111.868867138507,40.5279178889677],[-111.868760921396,40.5279182753986],[-111.868763135015,40.5281488523061],[-111.868868735342,40.5281484876279],[-111.869402957848,40.5281516584827],[-111.869401359213,40.5279210607308]]],[[[-111.871125659598,40.5334120466673],[-111.871128104071,40.5330474211393],[-111.871131557422,40.5325319047303],[-111.870564883567,40.5325339828827],[-111.870565844553,40.5323953399439],[-111.870566838654,40.5320247751219],[-111.869955258759,40.5320238186801],[-111.869956455179,40.5315791408313],[-111.869963071912,40.5315791460656],[-111.86995788077,40.5310493700737],[-111.870226406564,40.531048525908],[-111.870226098329,40.5309917063481],[-111.870632608002,40.530990421778],[-111.870630462078,40.5307019878277],[-111.871028238935,40.5307047181135],[-111.871029817648,40.5312636588235],[-111.870155638477,40.5312664224356],[-111.870157331219,40.5315785166134],[-111.870157350477,40.5315794558463],[-111.870587816457,40.5315801283799],[-111.870588506571,40.5313229280841],[-111.871025158048,40.5313236091708],[-111.87117409572,40.5313229233431],[-111.871164702282,40.5315801764224],[-111.871323667339,40.5315812742049],[-111.871726396295,40.5315818998314],[-111.871807444539,40.5315825667807],[-111.871989598753,40.5321154816506],[-111.87203913157,40.532260397151],[-111.872139843612,40.5324414313923],[-111.872178459705,40.5325252004118],[-111.872373598826,40.5325239503142],[-111.872375057261,40.5325915793197],[-111.872372930523,40.5333924151913],[-111.87223892074,40.5333924805644],[-111.872238865441,40.533413070444],[-111.871318779259,40.5334116431568],[-111.871125659598,40.5334120466673]]],[[[-111.871024575217,40.5315809181036],[-111.871024913366,40.531580808965],[-111.871024575809,40.5315808100334],[-111.871024575217,40.5315809181036]]],[[[-111.870201593014,40.5338422270252],[-111.870044945835,40.5336679005288],[-111.871019306408,40.5336768578206],[-111.871123883934,40.5336771905152],[-111.871118108353,40.5343352344044],[-111.87111720297,40.5348926025988],[-111.870568399003,40.534250424213],[-111.870201593014,40.5338422270252]]],[[[-111.869900417416,40.5363093807565],[-111.869903010089,40.5360392463898],[-111.870573135935,40.5360428765702],[-111.87073871105,40.5358782425984],[-111.870930646252,40.535879276299],[-111.870976516552,40.535879523802],[-111.871103368869,40.5358790439682],[-111.871092811549,40.5363150962882],[-111.870975349097,40.5363155094717],[-111.870926717461,40.536315233781],[-111.869900417416,40.5363093807565]]],[[[-111.869046719741,40.5383827212684],[-111.869046677685,40.5381082240902],[-111.869046635624,40.5378337259823],[-111.869046380921,40.5375557036946],[-111.870901913971,40.5375645740718],[-111.870905620519,40.5375645947657],[-111.871100787435,40.5375642842376],[-111.871096627498,40.5370168163827],[-111.871291478467,40.5370177340056],[-111.871309143436,40.5370178302541],[-111.871816512546,40.53702063679],[-111.871816474347,40.5381551013509],[-111.871312803737,40.5381549838763],[-111.871113392355,40.5381550028956],[-111.871137915734,40.5383936160533],[-111.87095774806,40.5383915034809],[-111.869046719741,40.5383827212684]]],[[[-111.91428267275,40.5430532897305],[-111.914309951512,40.5430453151764],[-111.914322034082,40.5430704352297],[-111.914330196341,40.5430874054931],[-111.914522483552,40.5434872044471],[-111.914518047355,40.5437691849804],[-111.914516109908,40.5438923461689],[-111.914042310774,40.543949387141],[-111.913946058834,40.5439609741826],[-111.913945681768,40.5439332623676],[-111.91395116995,40.5432806146543],[-111.913954718153,40.543249809934],[-111.913964718109,40.5432198424756],[-111.913980907754,40.543191493094],[-111.914002866584,40.5431654999354],[-111.914030022631,40.5431425413424],[-111.914053664313,40.5431275552676],[-111.914055976197,40.5431262728005],[-111.914056816297,40.5431258159478],[-111.914083645182,40.5431131456769],[-111.914112341201,40.5431031335834],[-111.914121670584,40.5431004034327],[-111.914124889973,40.5430994617756],[-111.91414539293,40.5430934618214],[-111.914215910639,40.5430728265704],[-111.91428267275,40.5430532897305]]],[[[-111.871317196975,40.5397749833635],[-111.871520194678,40.5397739088913],[-111.872092224263,40.5397727324003],[-111.872655846287,40.5397714600674],[-111.87263284935,40.5406474033466],[-111.872677072397,40.5409687964392],[-111.872677892458,40.5414963265188],[-111.873612945427,40.5414961017865],[-111.87360985753,40.5418182422661],[-111.8736090805,40.5419283623351],[-111.873642056272,40.5421360673158],[-111.873687451062,40.542424643114],[-111.873696293958,40.5426957932541],[-111.87371116833,40.5431379217099],[-111.873743181339,40.5441332928007],[-111.873744797176,40.5442813054241],[-111.872238483237,40.5442767449745],[-111.871831064341,40.5442751820476],[-111.871032809772,40.5442756269458],[-111.871015097087,40.5441233758499],[-111.871019215039,40.5416150089568],[-111.871424605517,40.5416031608493],[-111.871599896482,40.5415956530307],[-111.871451555326,40.5406403055236],[-111.871317196975,40.5397749833635]]]]},"properties":{"zone_code":"CN","zone_description":"Neighborhood Commercial","zone_class_normalized":"Commercial","jurisdiction":"draper_ut","source_rest_url":"https://services2.arcgis.com/nAPVXppTJAHM40Se/arcgis/rest/services/Zoning_Public/FeatureServer/5","extraction_method":"arcgis_rest","confidence":"rest_api"}},{"type":"Feature","geometry":{"type":"Polygon","coordinates":[[[-111.858879580988,40.5241016018388],[-111.858869357934,40.5233538390225],[-111.858877390062,40.5233542971364],[-111.858860929856,40.522471354832],[-111.858399516504,40.522473687019],[-111.858399606633,40.5224784903945],[-111.858396611506,40.5224784995529],[-111.858396392532,40.5224606202659],[-111.857582764392,40.522460497249],[-111.85759421593,40.5214287308375],[-111.85885295297,40.5214881165307],[-111.861548299546,40.5214974340368],[-111.861737474095,40.5215198770792],[-111.861810775854,40.5215285727972],[-111.861902937823,40.5215445345921],[-111.861880876565,40.5216255245461],[-111.861898370337,40.5216254705326],[-111.861900452409,40.5220177165022],[-111.862658694449,40.5220153728581],[-111.862622702924,40.5223834292232],[-111.862621703379,40.5223925416034],[-111.86262213136,40.5225352971789],[-111.862406672111,40.5225359635666],[-111.862391651447,40.5238047240199],[-111.862362952362,40.5238067102518],[-111.86091385479,40.5239070227414],[-111.860914367786,40.5240988915372],[-111.85889138448,40.5241051040437],[-111.858879580988,40.5241016018388]]]},"properties":{"zone_code":"R5","zone_description":"Residential","zone_class_normalized":"Residential-Low","jurisdiction":"draper_ut","source_rest_url":"https://services2.arcgis.com/nAPVXppTJAHM40Se/arcgis/rest/services/Zoning_Public/FeatureServer/5","extraction_method":"arcgis_rest","confidence":"rest_api"}},{"type":"Feature","geometry":{"type":"MultiPolygon","coordinates":[[[[-111.888769497939,40.5264692808281],[-111.888770082084,40.5261062682417],[-111.888748662926,40.526107136287],[-111.888715555642,40.5258194376604],[-111.888715869766,40.5257722250256],[-111.888721399949,40.5257183146479],[-111.888731573497,40.5256599355403],[-111.888746974574,40.5255970848631],[-111.888759018675,40.525559632447],[-111.888778015112,40.5255132485092],[-111.888803481922,40.5254566153063],[-111.888847468004,40.5253811077075],[-111.888873376325,40.5253427429316],[-111.888902935118,40.5253031700775],[-111.888960558063,40.5252367886134],[-111.889013042697,40.5251855763019],[-111.889067636587,40.5251379457454],[-111.889108909111,40.5251067687147],[-111.889162863233,40.5250682486249],[-111.889226909417,40.5250285611771],[-111.88928264644,40.5249980727191],[-111.88932187129,40.5249787089162],[-111.889389482287,40.5249482737259],[-111.889447381018,40.5249253968499],[-111.889505759028,40.5249048238178],[-111.88957405779,40.5248778822564],[-111.889643904346,40.5248477447814],[-111.889728327713,40.524807988414],[-111.889796576191,40.5247722744117],[-111.889858030469,40.5247365820664],[-111.889898644636,40.5247113264038],[-111.889984016436,40.5246548205472],[-111.890066742249,40.5245923427296],[-111.890103147645,40.524562316258],[-111.890135384326,40.5245342975179],[-111.890200880421,40.5244742688694],[-111.890259053846,40.524413068603],[-111.890310966185,40.5243534840694],[-111.890348838237,40.5243059076766],[-111.890385649854,40.5242555448281],[-111.890420357694,40.524202795252],[-111.890453481114,40.5241472609678],[-111.890486050921,40.5240861458666],[-111.890502057881,40.5240525984356],[-111.890515985029,40.5240210517996],[-111.890558830008,40.5240205100913],[-111.890277343881,40.5260581958536],[-111.890229202768,40.5263930492289],[-111.890017876107,40.5265543803873],[-111.889722161811,40.5265549983201],[-111.888896999927,40.526557721806],[-111.888769497939,40.5264692808281]]],[[[-111.883501877375,40.5265957584433],[-111.883384327068,40.5265916293128],[-111.883447974251,40.5255452646865],[-111.883489427284,40.5248006801422],[-111.883804025455,40.5248009859927],[-111.884085936826,40.5248009532291],[-111.88609899854,40.5247992395447],[-111.88648771833,40.5247988491309],[-111.887212787064,40.5247985769697],[-111.88806542562,40.5247981184928],[-111.888113792394,40.5247997297782],[-111.888139333363,40.5248011212431],[-111.88816758496,40.5248030945015],[-111.888196228683,40.5248059517171],[-111.888219455013,40.5248085314809],[-111.888251588084,40.5248125577764],[-111.888275979548,40.524816019833],[-111.888306959754,40.5248215259705],[-111.888329420311,40.5248255842876],[-111.888350720782,40.5248296464439],[-111.888380547634,40.5248363379344],[-111.888421611493,40.5248462387443],[-111.888456483784,40.5248558646716],[-111.888498335792,40.5248684204318],[-111.888531282237,40.5248795287582],[-111.88854833719,40.5248853763773],[-111.888574702798,40.5248956212432],[-111.888594482557,40.5249041237158],[-111.888619680647,40.5249134799749],[-111.888649545042,40.5249269606879],[-111.888680577442,40.5249416181705],[-111.888712817012,40.5249576972478],[-111.888728690064,40.5249665512685],[-111.888755080952,40.5249812241244],[-111.888828144081,40.5250203016699],[-111.888646682528,40.5252045851218],[-111.888603835962,40.5252652996738],[-111.88856738522,40.5253215396766],[-111.888536197456,40.5253795435532],[-111.888513131732,40.5254290578222],[-111.888482063017,40.5255079941877],[-111.888455241343,40.5255997199023],[-111.888440378226,40.5256702542402],[-111.888434514456,40.525722200662],[-111.888429554321,40.5258194950982],[-111.888401681446,40.5260498529297],[-111.88837775361,40.5260503770962],[-111.888377413947,40.5265079489188],[-111.888277402844,40.526583964304],[-111.88727360095,40.5265797580969],[-111.887212194496,40.526581347843],[-111.886749106838,40.5265933818564],[-111.885079265277,40.5265865245568],[-111.884904961947,40.5266021960318],[-111.883501877375,40.5265957584433]]],[[[-111.883386242005,40.5298416155733],[-111.883381848223,40.5269302451214],[-111.88338180876,40.5269051508256],[-111.886269129326,40.5269180464223],[-111.88626913878,40.5269470348911],[-111.886355504115,40.526947014125],[-111.886369443139,40.5269594446994],[-111.886380663251,40.5269733854874],[-111.886388888697,40.5269884933803],[-111.886393917913,40.5270043962065],[-111.88639562595,40.5270207044307],[-111.886395651516,40.5270362689253],[-111.88642802456,40.5270362378543],[-111.886540185087,40.5270360724735],[-111.88655058742,40.5270360624854],[-111.886575567242,40.5270349237357],[-111.886600202882,40.5270315707097],[-111.886624158221,40.5270260468432],[-111.886812850762,40.5269731965665],[-111.886856067443,40.5269623182306],[-111.886900133412,40.5269536506806],[-111.887269592525,40.5269609356203],[-111.887345384955,40.5269614335633],[-111.888080597047,40.526964490729],[-111.888081114751,40.527925219618],[-111.888591996768,40.5279275724763],[-111.888602293296,40.5279276112881],[-111.888680474722,40.5280701232562],[-111.888715711592,40.5281241937878],[-111.888744837534,40.5281662916661],[-111.88881682848,40.5282616494373],[-111.888868414022,40.5283235664017],[-111.888951022865,40.5284137736167],[-111.889009483877,40.5284720248918],[-111.889096952389,40.5285517197153],[-111.889098663213,40.5285476947872],[-111.889100020024,40.5285490627539],[-111.889100927173,40.5285504322132],[-111.88910227616,40.5285504277354],[-111.889103632972,40.5285517957021],[-111.889104540121,40.5285531651613],[-111.889105896933,40.5285545331279],[-111.88910724592,40.52855452865],[-111.88910815307,40.5285558981093],[-111.889109509882,40.5285572660759],[-111.889110866694,40.5285586340424],[-111.889111766019,40.5285586310571],[-111.889112673168,40.5285600005163],[-111.88911402998,40.5285613684829],[-111.88911493713,40.5285627379421],[-111.889116286117,40.5285627334641],[-111.889117642929,40.5285641014305],[-111.889118550079,40.5285654708897],[-111.889119906892,40.5285668388561],[-111.889121255879,40.5285668343781],[-111.889122163029,40.5285682038372],[-111.889123519841,40.5285695718036],[-111.889124876654,40.52857093977],[-111.889125775979,40.5285709367846],[-111.889127132791,40.528572304751],[-111.889128489604,40.5285736727174],[-111.889129396754,40.5285750421764],[-111.889130745742,40.5285750376983],[-111.889132102554,40.5285764056646],[-111.889133009705,40.5285777751236],[-111.889134366517,40.5285791430898],[-111.889135715505,40.5285791386116],[-111.889137072318,40.5285805065779],[-111.889137979468,40.5285818760369],[-111.889139328456,40.5285818715586],[-111.889140685269,40.5285832395249],[-111.88914159242,40.5285846089838],[-111.889142949233,40.52858597695],[-111.889144298221,40.5285859724717],[-111.889145655034,40.5285873404378],[-111.889146562184,40.5285887098968],[-111.889147918998,40.5285900778629],[-111.889149267986,40.5285900733845],[-111.889150175136,40.5285914428433],[-111.88915153195,40.5285928108095],[-111.889152888763,40.5285941787755],[-111.889154237751,40.5285941742971],[-111.889155144907,40.5285955446565],[-111.889156501721,40.5285969126225],[-111.889157850709,40.528596908144],[-111.88915875786,40.5285982776028],[-111.889160114674,40.5285996455688],[-111.889161471488,40.5286010135348],[-111.889162820476,40.5286010090563],[-111.889163727627,40.528602378515],[-111.889165084441,40.528603746481],[-111.889166441255,40.5286051144469],[-111.889167790243,40.5286051099683],[-111.889168697394,40.528606479427],[-111.889170054208,40.5286078473929],[-111.889171403197,40.5286078429142],[-111.889172760011,40.5286092108801],[-111.889173667162,40.5286105803388],[-111.889175023977,40.5286119483046],[-111.889176372965,40.5286119438259],[-111.889177729779,40.5286133117916],[-111.889179086594,40.5286146797574],[-111.889179993745,40.5286160492161],[-111.889181342734,40.5286160447373],[-111.889182699548,40.528617412703],[-111.889184056363,40.5286187806687],[-111.889184955689,40.5286187776829],[-111.889186312503,40.5286201456485],[-111.889187669318,40.5286215136141],[-111.889189026133,40.5286228815798],[-111.889189925458,40.5286228785939],[-111.889191282273,40.5286242465595],[-111.889192639088,40.5286256145251],[-111.889193988077,40.5286256100462],[-111.889195344892,40.5286269780117],[-111.889196252044,40.5286283474702],[-111.889197608859,40.5286297154358],[-111.889198957848,40.5286297109568],[-111.889200314663,40.5286310789223],[-111.889201671478,40.5286324468878],[-111.889202578631,40.5286338163462],[-111.889203935446,40.5286351843117],[-111.889205292261,40.5286365522771],[-111.889206649077,40.5286379202426],[-111.889207998066,40.5286379157635],[-111.889208905218,40.5286392852219],[-111.889210262034,40.5286406531873],[-111.889211611023,40.5286406487082],[-111.889212967838,40.5286420166735],[-111.889214324654,40.5286433846389],[-111.88921568147,40.5286447526042],[-111.889216580796,40.5286447496181],[-111.889217487949,40.5286461190764],[-111.889218844764,40.5286474870417],[-111.889220193753,40.5286474825625],[-111.889221550569,40.5286488505277],[-111.889222457722,40.528650219986],[-111.889223814539,40.5286515879512],[-111.889225163528,40.528651583472],[-111.889226520344,40.5286529514372],[-111.88922787716,40.5286543194023],[-111.889229226149,40.528654314923],[-111.889230582965,40.5286556828882],[-111.889231490119,40.5286570523464],[-111.889232839108,40.5286570478671],[-111.889234195924,40.5286584158321],[-111.889235552741,40.5286597837972],[-111.889236909557,40.5286611517623],[-111.889238258546,40.5286611472829],[-111.8892391657,40.528662516741],[-111.889240522517,40.5286638847061],[-111.889241871506,40.5286638802266],[-111.889243228323,40.5286652481916],[-111.889244585139,40.5286666161565],[-111.889245934129,40.5286666116771],[-111.889247290946,40.528667979642],[-111.889248647763,40.5286693476069],[-111.889249554916,40.528670717065],[-111.889250903906,40.5286707125854],[-111.889252260723,40.5286720805503],[-111.88925361754,40.5286734485152],[-111.88925496653,40.5286734440356],[-111.889256323347,40.5286748120004],[-111.889257680164,40.5286761799652],[-111.889259029153,40.5286761754856],[-111.889259936308,40.5286775449436],[-111.889261293125,40.5286789129083],[-111.889262642115,40.5286789084287],[-111.889263998932,40.5286802763934],[-111.88926535575,40.5286816443581],[-111.889266712567,40.5286830123228],[-111.889268061557,40.528683007843],[-111.889269418374,40.5286843758077],[-111.889270775192,40.5286857437724],[-111.889271674519,40.5286857407858],[-111.889273031336,40.5286871087505],[-111.889274388154,40.5286884767151],[-111.889275737144,40.5286884722352],[-111.889277093962,40.5286898401998],[-111.88927845078,40.5286912081644],[-111.88927979977,40.5286912036845],[-111.889281156588,40.528692571649],[-111.889282513406,40.5286939396135],[-111.889283862396,40.5286939351336],[-111.889285219214,40.5286953030981],[-111.889286126369,40.5286966725559],[-111.889287483187,40.5286980405203],[-111.889288832177,40.5286980360403],[-111.889290188995,40.5286994040047],[-111.889291545814,40.5287007719691],[-111.889292894804,40.5287007674891],[-111.889294251622,40.5287021354535],[-111.889295608441,40.5287035034179],[-111.889296957431,40.5287034989378],[-111.889298314249,40.5287048669021],[-111.889299671068,40.5287062348664],[-111.889301020058,40.5287062303863],[-111.889302376877,40.5287075983505],[-111.889303733696,40.5287089663148],[-111.889305082686,40.5287089618346],[-111.889305989842,40.5287103312922],[-111.88930734666,40.5287116992564],[-111.889308695651,40.5287116947762],[-111.88931005247,40.5287130627404],[-111.889311409289,40.5287144307046],[-111.889312758279,40.5287144262243],[-111.889314115098,40.5287157941885],[-111.889315471917,40.5287171621526],[-111.889316820908,40.5287171576723],[-111.889318177727,40.5287185256364],[-111.889319534546,40.5287198936005],[-111.889320883537,40.5287198891201],[-111.889322240356,40.5287212570841],[-111.889323597176,40.5287226250481],[-111.889324946166,40.5287226205677],[-111.889326302986,40.5287239885317],[-111.889327660986,40.5287253564918],[-111.889329009976,40.5287253520113],[-111.889330366796,40.5287267199753],[-111.889331723616,40.5287280879392],[-111.889333072606,40.5287280834587],[-111.889334429426,40.5287294514226],[-111.889335786246,40.5287308193865],[-111.889337135237,40.5287308149059],[-111.889338042393,40.5287321843633],[-111.889339399213,40.5287335523271],[-111.889340748204,40.5287335478465],[-111.889342105024,40.5287349158103],[-111.889343461844,40.5287362837741],[-111.889344810835,40.5287362792935],[-111.889346167655,40.5287376472572],[-111.889347524475,40.528739015221],[-111.889348873466,40.5287390107403],[-111.889350230286,40.528740378704],[-111.889351587107,40.5287417466677],[-111.889352936098,40.528741742187],[-111.889354292918,40.5287431101506],[-111.889355649739,40.5287444781143],[-111.88935699873,40.5287444736335],[-111.88935835555,40.5287458415971],[-111.889359712371,40.5287472095607],[-111.889361061362,40.5287472050798],[-111.889362418183,40.5287485730434],[-111.889363775003,40.5287499410069],[-111.889365123994,40.5287499365261],[-111.889366480815,40.5287513044896],[-111.889367837636,40.5287526724531],[-111.889369186627,40.5287526679722],[-111.889370543448,40.5287540359356],[-111.88937190027,40.5287554038991],[-111.889373249261,40.5287553994182],[-111.889374606082,40.5287567673816],[-111.889375962903,40.5287581353449],[-111.889377311894,40.5287581308639],[-111.889378668716,40.5287594988273],[-111.889380017707,40.5287594943462],[-111.889381374528,40.5287608623096],[-111.88938273135,40.5287622302729],[-111.889384080341,40.5287622257918],[-111.889385437162,40.5287635937551],[-111.889386793984,40.5287649617184],[-111.889388142975,40.5287649572373],[-111.889389949461,40.5287663237068],[-111.889391306282,40.52876769167],[-111.889392655274,40.5287676871888],[-111.889394012096,40.528769055152],[-111.889395368917,40.5287704231151],[-111.889396717909,40.5287704186339],[-111.889398074731,40.528771786597],[-111.889399431553,40.5287731545602],[-111.889400780544,40.5287731500789],[-111.889402137366,40.5287745180419],[-111.889403486358,40.5287745135606],[-111.88940484318,40.5287758815237],[-111.889406200002,40.5287772494868],[-111.889407548994,40.5287772450054],[-111.889408905816,40.5287786129684],[-111.889410712302,40.5287799794376],[-111.889412061294,40.5287799749562],[-111.889413418116,40.5287813429192],[-111.889414774939,40.5287827108821],[-111.889416123931,40.5287827064007],[-111.889417480753,40.5287840743635],[-111.889418829745,40.528784069882],[-111.889420186567,40.5287854378449],[-111.88942154339,40.5287868058078],[-111.889422892382,40.5287868013262],[-111.889424249205,40.5287881692891],[-111.889426055692,40.528789535758],[-111.889427404683,40.5287895312764],[-111.889428761506,40.5287908992392],[-111.889430118329,40.528792267202],[-111.889431467321,40.5287922627203],[-111.889432824144,40.5287936306831],[-111.889434173136,40.5287936262014],[-111.889435529959,40.5287949941641],[-111.889436886782,40.5287963621267],[-111.889438235774,40.528796357645],[-111.889440042262,40.5287977241137],[-111.889441399085,40.5287990920764],[-111.889442748077,40.5287990875946],[-111.8894441049,40.5288004555572],[-111.889445453892,40.5288004510754],[-111.889446810716,40.5288018190379],[-111.889448167539,40.5288031870005],[-111.889449516532,40.5288031825187],[-111.889451323019,40.5288045489872],[-111.889452679843,40.5288059169497],[-111.889454028835,40.5288059124678],[-111.889455385659,40.5288072804303],[-111.889456734651,40.5288072759484],[-111.889458091475,40.5288086439107],[-111.889459448299,40.5288100118731],[-111.889460797291,40.5288100073912],[-111.889462603779,40.5288113738596],[-111.889480195503,40.5288209227027],[-111.889481552328,40.5288222906649],[-111.88948290132,40.5288222861826],[-111.889484258145,40.5288236541448],[-111.889486056802,40.5288236481685],[-111.889487413626,40.5288250161305],[-111.889488770451,40.5288263840926],[-111.889490119444,40.5288263796103],[-111.889491476269,40.5288277475723],[-111.889492833094,40.5288291155343],[-111.889494182086,40.528829111052],[-111.889495538911,40.5288304790139],[-111.889497337568,40.5288304730374],[-111.889498694393,40.5288318409994],[-111.889500051219,40.5288332089613],[-111.889501400211,40.5288332044788],[-111.889502757036,40.5288345724407],[-111.889504113862,40.5288359404026],[-111.889505462855,40.5288359359201],[-111.88950681968,40.528837303882],[-111.889508618337,40.5288372979053],[-111.889509975162,40.5288386658671],[-111.889511331988,40.5288400338289],[-111.889512680981,40.5288400293463],[-111.889514037806,40.5288413973081],[-111.889515394632,40.5288427652698],[-111.889516743625,40.5288427607872],[-111.889518100451,40.5288441287489],[-111.889519457277,40.5288454967106],[-111.88952080627,40.5288454922279],[-111.88952261276,40.5288468586953],[-111.889523961753,40.5288468542126],[-111.889525318579,40.5288482221742],[-111.889526675405,40.5288495901358],[-111.889528024398,40.5288495856531],[-111.889529381224,40.5288509536147],[-111.88953073805,40.5288523215763],[-111.889532087043,40.5288523170935],[-111.889533443869,40.528853685055],[-111.889534792862,40.5288536805722],[-111.889536599353,40.5288550470394],[-111.88953795618,40.5288564150009],[-111.889539305173,40.528856410518],[-111.889540661999,40.5288577784794],[-111.889542018826,40.5288591464408],[-111.889543367819,40.5288591419579],[-111.889544724646,40.5288605099193],[-111.889546081472,40.5288618778807],[-111.889547430466,40.5288618733977],[-111.889548787292,40.5288632413591],[-111.889550144119,40.5288646093204],[-111.889551493112,40.5288646048374],[-111.889552849939,40.5288659727987],[-111.889554198933,40.5288659683156],[-111.889556005424,40.5288673347825],[-111.889557362251,40.5288687027438],[-111.889558711245,40.5288686982607],[-111.889560068072,40.5288700662219],[-111.889561424899,40.5288714341831],[-111.889562773892,40.5288714296999],[-111.88956413072,40.5288727976611],[-111.889565487547,40.5288741656222],[-111.88956683654,40.5288741611391],[-111.889568193368,40.5288755291001],[-111.889569550195,40.5288768970613],[-111.889570899189,40.528876892578],[-111.889572256016,40.5288782605391],[-111.88957360501,40.5288782560558],[-111.889574961837,40.5288796240169],[-111.889576318665,40.5288809919779],[-111.889577667659,40.5288809874946],[-111.889579024487,40.5288823554555],[-111.889580381314,40.5288837234165],[-111.889582179973,40.5288837174387],[-111.8895835368,40.5288850853996],[-111.889584893628,40.5288864533605],[-111.889586242622,40.5288864488771],[-111.88958759945,40.528887816838],[-111.889588956278,40.5288891847988],[-111.889590305272,40.5288891803154],[-111.8895916621,40.5288905482762],[-111.889593018928,40.528891916237],[-111.889594367922,40.5288919117535],[-111.889595724751,40.5288932797143],[-111.889597081579,40.5288946476751],[-111.889598430573,40.5288946431915],[-111.889599787401,40.5288960111522],[-111.88960114423,40.528897379113],[-111.889602493224,40.5288973746294],[-111.889603850052,40.5288987425901],[-111.889605199046,40.5288987381064],[-111.889606555875,40.5289001060671],[-111.889607463039,40.5289014755223],[-111.889608812033,40.5289014710386],[-111.889610168862,40.5289028389992],[-111.889611525691,40.5289042069598],[-111.889612874685,40.5289042024761],[-111.889614231514,40.5289055704367],[-111.889615588343,40.5289069383972],[-111.889616937337,40.5289069339135],[-111.889618294166,40.5289083018739],[-111.889619650995,40.5289096698344],[-111.889620999989,40.5289096653506],[-111.889622356818,40.5289110333111],[-111.889623713648,40.5289124012715],[-111.889625062642,40.5289123967877],[-111.889626419471,40.5289137647481],[-111.889627776301,40.5289151327085],[-111.889629125295,40.5289151282246],[-111.889630482124,40.528916496185],[-111.889631838954,40.5289178641453],[-111.889633187948,40.5289178596614],[-111.889634544778,40.5289192276217],[-111.889635901607,40.528920595582],[-111.889637250602,40.528920591098],[-111.889638607431,40.5289219590583],[-111.889639964261,40.5289233270185],[-111.889641313256,40.5289233225345],[-111.889642670086,40.5289246904947],[-111.889644026916,40.5289260584549],[-111.88964537591,40.5289260539708],[-111.88964673274,40.528927421931],[-111.88964808957,40.5289287898912],[-111.889649438565,40.528928785407],[-111.88965034573,40.5289301548619],[-111.88965170256,40.528931522822],[-111.88965305939,40.5289328907821],[-111.889654416221,40.5289342587421],[-111.889655773051,40.5289356267022],[-111.889657122046,40.528935622218],[-111.889658478876,40.528936990178],[-111.889659835707,40.528938358138],[-111.889661184701,40.5289383536537],[-111.889662541532,40.5289397216137],[-111.889663898363,40.5289410895737],[-111.889665255193,40.5289424575337],[-111.889667061689,40.5289438239988],[-111.889668410684,40.5289438195145],[-111.889669767515,40.5289451874744],[-111.889671124346,40.5289465554342],[-111.889672473341,40.5289465509498],[-111.889673830172,40.5289479189097],[-111.889675187003,40.5289492868695],[-111.889676535997,40.528949282385],[-111.889677892829,40.5289506503448],[-111.88967924966,40.5289520183046],[-111.889680598655,40.5289520138201],[-111.889681955486,40.5289533817799],[-111.889683312317,40.5289547497397],[-111.889684211647,40.5289547467499],[-111.889685568479,40.5289561147097],[-111.88968692531,40.5289574826694],[-111.889688274305,40.5289574781848],[-111.889689631137,40.5289588461444],[-111.889690987968,40.528960214104],[-111.889692336963,40.5289602096194],[-111.889693693795,40.528961577579],[-111.889695050627,40.5289629455386],[-111.889696407459,40.5289643134982],[-111.889697756454,40.5289643090135],[-111.889698663621,40.528965678468],[-111.889700020452,40.5289670464275],[-111.889701369448,40.5289670419428],[-111.88970272628,40.5289684099023],[-111.889704083112,40.5289697778618],[-111.889705432107,40.528969773377],[-111.889706788939,40.5289711413364],[-111.889708145771,40.5289725092958],[-111.889709494767,40.528972504811],[-111.889710851599,40.5289738727705],[-111.889711758766,40.5289752422248],[-111.889713107761,40.5289752377399],[-111.889714464594,40.5289766056993],[-111.889715821426,40.5289779736587],[-111.889717178259,40.528979341618],[-111.889718527254,40.528979337133],[-111.889719884087,40.5289807050924],[-111.889721240919,40.5289820730516],[-111.889722589915,40.5289820685667],[-111.889723497082,40.5289834380209],[-111.889724853915,40.5289848059801],[-111.889726202911,40.5289848014951],[-111.889727559744,40.5289861694543],[-111.889728466911,40.5289875389085],[-111.889729823744,40.5289889068677],[-111.88973117274,40.5289889023826],[-111.889732529573,40.5289902703418],[-111.889733436741,40.5289916397959],[-111.889734785736,40.5289916353108],[-111.88973614257,40.5289930032699],[-111.889737499403,40.528994371229],[-111.889738848399,40.5289943667439],[-111.889740205232,40.5289957347029],[-111.889741562065,40.5289971026619],[-111.889742469233,40.528998472116],[-111.889743818229,40.5289984676308],[-111.889745175063,40.5289998355898],[-111.889746531896,40.5290012035488],[-111.889747880892,40.5290011990635],[-111.889749237726,40.5290025670225],[-111.889750144894,40.5290039364765],[-111.88975149389,40.5290039319912],[-111.889752850724,40.5290052999501],[-111.889754207557,40.529006667909],[-111.889755564391,40.5290080358679],[-111.889756913387,40.5290080313825],[-111.889757820556,40.5290094008364],[-111.88975917739,40.5290107687953],[-111.889760526386,40.5290107643098],[-111.88976188322,40.5290121322686],[-111.889763240054,40.5290135002274],[-111.88976458905,40.529013495742],[-111.889765496219,40.5290148651959],[-111.889766853053,40.5290162331546],[-111.889768209887,40.5290176011133],[-111.889769558884,40.5290175966278],[-111.889770915718,40.5290189645865],[-111.889772272552,40.5290203325452],[-111.889773171883,40.5290203295548],[-111.889774528718,40.5290216975134],[-111.889775885552,40.5290230654721],[-111.889777242387,40.5290244334307],[-111.889778591383,40.529024428945],[-111.889779498552,40.5290257983988],[-111.889780855387,40.5290271663574],[-111.889782204383,40.5290271618717],[-111.889783561218,40.5290285298303],[-111.889784918053,40.5290298977888],[-111.889785825222,40.5290312672425],[-111.889787174219,40.5290312627568],[-111.889788531054,40.5290326307153],[-111.889789887889,40.5290339986737],[-111.889791236886,40.529033994188],[-111.889792144055,40.5290353636417],[-111.88979350089,40.5290367316001],[-111.889794857725,40.5290380995585],[-111.889796206722,40.5290380950727],[-111.889797563557,40.529039463031],[-111.889798470727,40.5290408324847],[-111.889799819724,40.5290408279988],[-111.889801176559,40.5290421959571],[-111.8898025334,40.529043564816],[-111.88980344057,40.5290449342696],[-111.889804789567,40.5290449297837],[-111.889806146402,40.529046297742],[-111.889807503238,40.5290476657002],[-111.889808860073,40.5290490336584],[-111.889809759405,40.5290490306678],[-111.889811116241,40.529050398626],[-111.889812473076,40.5290517665841],[-111.889813822073,40.5290517620981],[-111.889814729244,40.5290531315516],[-111.889816086079,40.5290544995098],[-111.889817442915,40.5290558674679],[-111.889818791913,40.5290558629818],[-111.889819699083,40.5290572324353],[-111.889821055919,40.5290586003934],[-111.889822404916,40.5290585959073],[-111.889823761752,40.5290599638653],[-111.889824668923,40.5290613333187],[-111.889826025759,40.5290627012767],[-111.889827374756,40.5290626967905],[-111.889828731593,40.5290640647485],[-111.889829638763,40.529065434202],[-111.8898309956,40.5290668021599],[-111.889832344597,40.5290667976737],[-111.889833701434,40.5290681656316],[-111.889834608605,40.529069535085],[-111.889835957602,40.5290695305987],[-111.889837314439,40.5290708985566],[-111.889838671275,40.5290722665145],[-111.889839128781,40.5290736374632],[-111.889840477778,40.5290736329769],[-111.889841834615,40.5290750009347],[-111.889842741786,40.529076370388],[-111.889844098623,40.5290777383458],[-111.88984544762,40.5290777338594],[-111.889846804457,40.5290791018171],[-111.889847711629,40.5290804712704],[-111.889849068466,40.5290818392281],[-111.889850417463,40.5290818347417],[-111.889851324635,40.5290832041949],[-111.889852681472,40.5290845721526],[-111.88985403047,40.5290845676661],[-111.889855387307,40.5290859356238],[-111.889856294479,40.529087305077],[-111.889857651316,40.5290886730346],[-111.889859000314,40.529088668548],[-111.889859907485,40.5290900380012],[-111.889861264323,40.5290914059588],[-111.889862621161,40.5290927739164],[-111.889863970158,40.5290927694298],[-111.88986487733,40.5290941388829],[-111.889866234168,40.5290955068404],[-111.889867591006,40.529096874798],[-111.889868490338,40.5290968718068],[-111.889869847175,40.5290982397643],[-111.889871204013,40.5290996077218],[-111.889872111185,40.5291009771749],[-111.889873460183,40.5291009726881],[-111.889874817021,40.5291023406456],[-111.889875724194,40.5291037100986],[-111.889877081032,40.529105078056],[-111.88987843003,40.5291050735692],[-111.889879337202,40.5291064430222],[-111.88988069404,40.5291078109796],[-111.889882043038,40.5291078064928],[-111.889882950211,40.5291091759457],[-111.889884307049,40.5291105439031],[-111.889885663888,40.5291119118604],[-111.88988656322,40.5291119088691],[-111.889887920058,40.5291132768264],[-111.889889276897,40.5291146447836],[-111.889890184069,40.5291160142365],[-111.889891533068,40.5291160097496],[-111.889892889906,40.5291173777069],[-111.889893797079,40.5291187471597],[-111.889895153918,40.5291201151169],[-111.889896502916,40.5291201106299],[-111.889897410089,40.5291214800828],[-111.889898766928,40.5291228480399],[-111.889900123767,40.5291242159971],[-111.889901023099,40.5291242130057],[-111.889902379938,40.5291255809628],[-111.889903736777,40.5291269489199],[-111.889904643951,40.5291283183727],[-111.889905992949,40.5291283138856],[-111.889906900122,40.5291296833383],[-111.889908256961,40.5291310512954],[-111.889909613801,40.5291324192524],[-111.889910513133,40.529132416261],[-111.889911869973,40.529133784218],[-111.889913226812,40.5291351521749],[-111.889914133985,40.5291365216276],[-111.889915482984,40.5291365171405],[-111.889916839824,40.5291378850974],[-111.889917746997,40.52913925455],[-111.889919105017,40.529140622503],[-111.88992000435,40.5291406195115],[-111.889921361189,40.5291419874684],[-111.889922718029,40.5291433554253],[-111.889923625203,40.5291447248779],[-111.889924982043,40.5291460928347],[-111.889925881375,40.5291460898432],[-111.889927238215,40.5291474578],[-111.889928595055,40.5291488257568],[-111.889929502229,40.5291501952094],[-111.889930851228,40.529150190722],[-111.889931758402,40.5291515601745],[-111.889933115242,40.5291529281312],[-111.889934472083,40.529154296088],[-111.889935371415,40.5291542930963],[-111.889936728256,40.529155661053],[-111.88993763543,40.5291570305056],[-111.889938542604,40.5291583999581],[-111.889939891603,40.5291583954706],[-111.889940798777,40.529159764923],[-111.889942155618,40.5291611328797],[-111.889943062792,40.5291625023321],[-111.889944411791,40.5291624978446],[-111.889945768632,40.5291638658012],[-111.889946675806,40.5291652352536],[-111.889948032647,40.5291666032102],[-111.889948939821,40.5291679726626],[-111.889950288821,40.529167968175],[-111.889951195995,40.5291693376274],[-111.889952552836,40.5291707055839],[-111.889953909677,40.5291720735404],[-111.88995480901,40.5291720705486],[-111.889955245855,40.5291725103752],[-111.889956165851,40.529173438505],[-111.889957073026,40.5291748079574],[-111.889957628588,40.5291753689661],[-111.889958429867,40.5291761759138],[-111.8899593292,40.529176172922],[-111.889960686041,40.5291775408784],[-111.889961593216,40.5291789103307],[-111.889962950058,40.5291802782871],[-111.889964299057,40.5291802737993],[-111.889965206232,40.5291816432516],[-111.889966563074,40.529183011208],[-111.889967470249,40.5291843806602],[-111.88996882709,40.5291857486165],[-111.889969726423,40.5291857456247],[-111.889971083265,40.5291871135809],[-111.88997199044,40.5291884830331],[-111.889973347282,40.5291898509894],[-111.889974246615,40.5291898479975],[-111.889975603457,40.5291912159537],[-111.889976960299,40.5291925839099],[-111.889977867474,40.5291939533621],[-111.889979224316,40.5291953213183],[-111.889980123649,40.5291953183263],[-111.889981480492,40.5291966862825],[-111.889982387667,40.5291980557346],[-111.889983744509,40.5291994236907],[-111.889984643843,40.5291994206987],[-111.889986000685,40.5292007886548],[-111.88998690786,40.5292021581069],[-111.889988264703,40.529203526063],[-111.889989171879,40.5292048955151],[-111.889990520879,40.529204891027],[-111.889991428054,40.5292062604791],[-111.889992784897,40.5292076284351],[-111.889993692073,40.5292089978871],[-111.889995041073,40.529208993399],[-111.889995948249,40.529210362851],[-111.889997305092,40.529211730807],[-111.889998212268,40.529213100259],[-111.88999956911,40.5292144682149],[-111.890000468444,40.5292144652228],[-111.890001825287,40.5292158331787],[-111.890002732463,40.5292172026307],[-111.890004089306,40.5292185705866],[-111.890004988639,40.5292185675944],[-111.890006345482,40.5292199355503],[-111.890007252659,40.5292213050022],[-111.890008609502,40.5292226729581],[-111.890009516678,40.52922404241],[-111.890010865679,40.5292240379217],[-111.890011772855,40.5292254073736],[-111.890013129698,40.5292267753293],[-111.890014036875,40.5292281447812],[-111.890015393718,40.5292295127369],[-111.890016293052,40.5292295097447],[-111.890017649896,40.5292308777004],[-111.890018557072,40.5292322471523],[-111.890019913916,40.529233615108],[-111.89002081325,40.5292336121157],[-111.890021720426,40.5292349815675],[-111.89002307727,40.5292363495231],[-111.890024434114,40.5292377174788],[-111.890025341291,40.5292390869306],[-111.890026698135,40.5292404548861],[-111.890027605312,40.5292418243379],[-111.890028512489,40.5292431937897],[-111.890029411823,40.5292431907973],[-111.890030768667,40.5292445587529],[-111.890031675844,40.5292459282046],[-111.890033032688,40.5292472961602],[-111.890033939865,40.5292486656119],[-111.890034839199,40.5292486626195],[-111.890036196043,40.529250030575],[-111.890037103221,40.5292514000266],[-111.890038460065,40.5292527679821],[-111.890039359399,40.5292527649897],[-111.890040716243,40.5292541329451],[-111.890041623421,40.5292555023968],[-111.890042530598,40.5292568718484],[-111.890043887443,40.5292582398038],[-111.890044786777,40.5292582368114],[-111.890046143621,40.5292596047668],[-111.890047050799,40.5292609742183],[-111.890048407644,40.5292623421737],[-111.890049314822,40.5292637116252],[-111.890050214156,40.5292637086327],[-111.890051571001,40.5292650765881],[-111.890052478178,40.5292664460396],[-111.890053835023,40.5292678139949],[-111.890054742201,40.5292691834465],[-111.890055641535,40.5292691804539],[-111.890056998381,40.5292705484091],[-111.890057905559,40.5292719178607],[-111.890059262404,40.5292732858159],[-111.890060169582,40.5292746552674],[-111.890061068916,40.5292746522748],[-111.890062425761,40.52927602023],[-111.89006333294,40.5292773896814],[-111.890064689785,40.5292787576365],[-111.890065596963,40.529280127088],[-111.890066496298,40.5292801240954],[-111.890067853143,40.5292814920505],[-111.890068760321,40.5292828615019],[-111.890070117167,40.529284229457],[-111.890071024346,40.5292855989084],[-111.89007192368,40.5292855959158],[-111.890073280526,40.5292869638708],[-111.890074187704,40.5292883333222],[-111.89007554455,40.5292897012772],[-111.890076451729,40.5292910707285],[-111.890077351063,40.5292910677358],[-111.890078707909,40.5292924356908],[-111.890079615088,40.5292938051421],[-111.890080522267,40.5292951745935],[-111.890081879113,40.5292965425484],[-111.890082778447,40.5292965395557],[-111.890083685626,40.529297909007],[-111.890085042472,40.5292992769619],[-111.890085949651,40.5293006464132],[-111.890087306498,40.529302014368],[-111.890088213677,40.5293033838193],[-111.890089113011,40.5293033808265],[-111.890090469858,40.5293047487813],[-111.890091377037,40.5293061182325],[-111.890092284216,40.5293074876838],[-111.890093641063,40.5293088556386],[-111.890094540397,40.5293088526457],[-111.890095447577,40.5293102220969],[-111.890096804423,40.5293115900517],[-111.890097711603,40.5293129595029],[-111.890098618782,40.529314328954],[-111.890099967784,40.5293143244647],[-111.890100874964,40.5293156939158],[-111.890101782143,40.529317063367],[-111.890103146835,40.5293198037657],[-111.890104054014,40.5293211732169],[-111.890104953349,40.529321170224],[-111.890106310196,40.5293225381786],[-111.890107217376,40.5293239076297],[-111.890108124556,40.5293252770808],[-111.890109481403,40.5293266450354],[-111.890110388583,40.5293280144865],[-111.890111287918,40.5293280114935],[-111.890112644765,40.529329379448],[-111.890113102278,40.5293307503956],[-111.890114009458,40.5293321198466],[-111.890115366305,40.5293334878012],[-111.89011626564,40.5293334848082],[-111.89011717282,40.5293348542592],[-111.89011808,40.5293362237102],[-111.890119436848,40.5293375916647],[-111.890120344028,40.5293389611157],[-111.890121251208,40.5293403305666],[-111.890122600211,40.5293403260771],[-111.890123507391,40.529341695528],[-111.890124414571,40.529343064979],[-111.890125771419,40.5293444329334],[-111.8901266786,40.5293458023843],[-111.890127577935,40.5293457993912],[-111.890128485115,40.5293471688422],[-111.890129841963,40.5293485367966],[-111.890130749144,40.5293499062475],[-111.890131656325,40.5293512756984],[-111.890133013173,40.5293526436526],[-111.890133912508,40.5293526406595],[-111.890134819689,40.5293540101104],[-111.890135726869,40.5293553795612],[-111.890137083718,40.5293567475155],[-111.890137990899,40.5293581169664],[-111.890138898079,40.5293594864172],[-111.890139797415,40.529359483424],[-111.890141154263,40.5293608513783],[-111.890142061444,40.5293622208291],[-111.890142968625,40.5293635902799],[-111.890143875806,40.5293649597306],[-111.890145224809,40.5293649552408],[-111.89014613199,40.5293663246916],[-111.890147039171,40.5293676941423],[-111.890147946353,40.5293690635931],[-111.890149303201,40.5293704315472],[-111.890150210383,40.529371800998],[-111.890151109718,40.5293717980047],[-111.890152016899,40.5293731674554],[-111.890153373748,40.5293745354095],[-111.89015428093,40.5293759048602],[-111.890155188111,40.5293772743109],[-111.890156095293,40.5293786437616],[-111.890157444296,40.5293786392716],[-111.890158351478,40.5293800087223],[-111.890159258659,40.5293813781729],[-111.890160165841,40.5293827476236],[-111.89016152269,40.5293841155776],[-111.890162429872,40.5293854850282],[-111.890163329207,40.5293854820349],[-111.890164236389,40.5293868514855],[-111.890165143571,40.5293882209361],[-111.89016650042,40.52938958889],[-111.890167407602,40.5293909583406],[-111.890168314784,40.5293923277912],[-111.89016921412,40.5293923247978],[-111.89017057097,40.5293936927517],[-111.890171478152,40.5293950622022],[-111.890172385334,40.5293964316528],[-111.890173292516,40.5293978011033],[-111.890174199698,40.5293991705539],[-111.890175548701,40.5293991660637],[-111.890176455884,40.5294005355142],[-111.890177363066,40.5294019049647],[-111.890178270248,40.5294032744152],[-111.89017917743,40.5294046438657],[-111.89018053428,40.5294060118195],[-111.890181433616,40.529406008826],[-111.890182340799,40.5294073782764],[-111.890183247981,40.5294087477269],[-111.890184155163,40.5294101171774],[-111.890185512014,40.5294114851311],[-111.890186419196,40.5294128545815],[-111.890187318532,40.5294128515879],[-111.890188225715,40.5294142210384],[-111.890188683229,40.5294155919855],[-111.890189590412,40.529416961436],[-111.890190947263,40.5294183293896],[-111.890191854445,40.52941969884],[-111.890192753782,40.5294196958464],[-111.890193660964,40.5294210652968],[-111.890194568147,40.5294224347472],[-111.89019547533,40.5294238041975],[-111.890196832181,40.5294251721511],[-111.890197739364,40.5294265416014],[-111.8901986387,40.5294265386078],[-111.890199545883,40.5294279080581],[-111.890200453066,40.5294292775084],[-111.890201360249,40.5294306469587],[-111.8902027171,40.5294320149122],[-111.890203624283,40.5294333843625],[-111.890204531466,40.5294347538128],[-111.890205430803,40.5294347508191],[-111.890206337986,40.5294361202694],[-111.890207245169,40.5294374897197],[-111.890208152352,40.52943885917],[-111.890209509204,40.5294402271233],[-111.890210416387,40.5294415965735],[-111.890211315724,40.5294415935798],[-111.890212222907,40.52944296303],[-111.89021313009,40.5294443324802],[-111.890214037274,40.5294457019304],[-111.890214944457,40.5294470713807],[-111.890215851641,40.5294484408309],[-111.890217208493,40.5294498087842],[-111.890218107829,40.5294498057903],[-111.890219015013,40.5294511752405],[-111.890219922197,40.5294525446907],[-111.89022082938,40.5294539141408],[-111.890221736564,40.529455283591],[-111.890222643748,40.5294566530411],[-111.890223543085,40.5294566500473],[-111.890224450268,40.5294580194974],[-111.890225807121,40.5294593874506],[-111.890226714304,40.5294607569007],[-111.890227621488,40.5294621263508],[-111.890228528672,40.5294634958009],[-111.890229435857,40.529464865251],[-111.890230335193,40.5294648622571],[-111.890231242377,40.5294662317071],[-111.890232149561,40.5294676011572],[-111.890233056746,40.5294689706073],[-111.89023396393,40.5294703400573],[-111.890235320782,40.5294717080104],[-111.890236227967,40.5294730774604],[-111.890237127304,40.5294730744665],[-111.890238034488,40.5294744439165],[-111.890238941672,40.5294758133665],[-111.890239848857,40.5294771828165],[-111.890240756041,40.5294785522664],[-111.890241663226,40.5294799217164],[-111.89024257041,40.5294812911664],[-111.890243469747,40.5294812881724],[-111.890244376932,40.5294826576224],[-111.890245284116,40.5294840270723],[-111.890246191301,40.5294853965222],[-111.890247548154,40.5294867644752],[-111.890248455339,40.5294881339251],[-111.890249362524,40.529489503375],[-111.890250261861,40.529489500381],[-111.890251169045,40.5294908698309],[-111.890252076235,40.5294922401813],[-111.89025298342,40.5294936096312],[-111.890253890605,40.5294949790811],[-111.89025479779,40.5294963485309],[-111.890255704975,40.5294977179808],[-111.890256604312,40.5294977149867],[-111.890257511497,40.5294990844366],[-111.890257969014,40.5295004553834],[-111.890258876199,40.5295018248333],[-111.890259783384,40.5295031942831],[-111.890260690569,40.5295045637329],[-111.890261597755,40.5295059331827],[-111.890262497092,40.5295059301886],[-111.890263404277,40.5295072996384],[-111.890264311462,40.5295086690882],[-111.890265218648,40.529510038538],[-111.890266125833,40.5295114079877],[-111.890267033019,40.5295127774375],[-111.890267940204,40.5295141468873],[-111.890268839541,40.5295141438931],[-111.890269746727,40.5295155133428],[-111.890271103581,40.5295168812955],[-111.890272010767,40.5295182507452],[-111.890272917953,40.5295196201949],[-111.890273825138,40.5295209896446],[-111.890274732324,40.5295223590943],[-111.89027563951,40.529523728544],[-111.890276538847,40.5295237255498],[-111.890277446033,40.5295250949994],[-111.890278353219,40.5295264644491],[-111.890279260405,40.5295278338987],[-111.890280167591,40.5295292033484],[-111.890281074776,40.5295305727981],[-111.890281981963,40.5295319422476],[-111.8902828813,40.5295319392534],[-111.890282010426,40.5295321726991],[-111.890288774091,40.5295401553544],[-111.890232263723,40.5296446503118],[-111.890159006816,40.529651756511],[-111.889634225535,40.5296507570657],[-111.887338641672,40.5296556199361],[-111.887338661035,40.529647385954],[-111.886438752516,40.5296488350173],[-111.886437670956,40.5298980552987],[-111.886438105297,40.5302886790377],[-111.884157108083,40.5302895220678],[-111.884154803342,40.5298408591211],[-111.883386242005,40.5298416155733]]]]},"properties":{"zone_code":"CSD-DP","zone_description":"Commercial Special District","zone_class_normalized":"Commercial","jurisdiction":"draper_ut","source_rest_url":"https://services2.arcgis.com/nAPVXppTJAHM40Se/arcgis/rest/services/Zoning_Public/FeatureServer/5","extraction_method":"arcgis_rest","confidence":"rest_api"}},{"type":"Feature","geometry":{"type":"Polygon","coordinates":[[[-111.900580652165,40.4790584105061],[-111.900697521858,40.4790963520155],[-111.900812515032,40.4791375013832],[-111.900925480744,40.4791818045967],[-111.901036270714,40.479229203504],[-111.901144739513,40.4792796358895],[-111.901250744762,40.4793330355555],[-111.901354147311,40.4793893324096],[-111.901454811427,40.4794484525562],[-111.901504263598,40.4794786004661],[-111.901515086737,40.4794851980016],[-111.901462451753,40.479539585731],[-111.901334351094,40.4796638619171],[-111.901087134972,40.4798938651848],[-111.900803595942,40.4801332511453],[-111.900651230141,40.4802552950637],[-111.900512401557,40.4803599318539],[-111.900264888495,40.4805401678309],[-111.899724790493,40.480845198692],[-111.899710105382,40.4808477812569],[-111.899665569514,40.480864512143],[-111.899567956594,40.4808967401504],[-111.899467737519,40.4809239068815],[-111.899365361796,40.4809458904864],[-111.899261288607,40.4809625923626],[-111.898353751975,40.4811180526467],[-111.898217212232,40.4811442930388],[-111.89808263395,40.4811758941866],[-111.89802585859,40.4811909999525],[-111.897970140901,40.4812088975216],[-111.897766238892,40.4810405795045],[-111.89839400024,40.4806510888653],[-111.898614386015,40.4805100022813],[-111.898910779821,40.4803143482878],[-111.899202654313,40.4801147733564],[-111.899489921387,40.4799113390607],[-111.899826928577,40.4796590907914],[-111.900161050585,40.4794001537011],[-111.900489202434,40.4791368015394],[-111.900580652165,40.4790584105061]]]},"properties":{"zone_code":"MARF","zone_description":"Major Freeway Arterial Frontage Road","zone_class_normalized":"Other/Unknown","jurisdiction":"draper_ut","source_rest_url":"https://services2.arcgis.com/nAPVXppTJAHM40Se/arcgis/rest/services/Zoning_Public/FeatureServer/5","extraction_method":"arcgis_rest","confidence":"rest_api"}},{"type":"Feature","geometry":{"type":"Polygon","coordinates":[[[-111.903868403897,40.5167339759625],[-111.90384028703,40.5160368261643],[-111.903858063773,40.5160367748143],[-111.903836146699,40.5154949438855],[-111.903822214723,40.5151505322226],[-111.903814726404,40.5149654211108],[-111.903793306442,40.5144358982253],[-111.903771887993,40.513906375225],[-111.90375061237,40.513380395394],[-111.903749550925,40.5133541508315],[-111.903746575416,40.5132805983435],[-111.903743505117,40.5131962050324],[-111.903739149504,40.5130078093887],[-111.90373925354,40.5129312302484],[-111.903740056426,40.5128489174246],[-111.903742840617,40.5127341085463],[-111.903749953806,40.5125851366572],[-111.903753980772,40.5125276371299],[-111.903759811734,40.5124443748726],[-111.903772571603,40.5123054870892],[-111.903790021992,40.512155270081],[-111.903798072597,40.512098178149],[-111.903813029158,40.5119929616722],[-111.90383692762,40.5118490958074],[-111.903863008106,40.5117092867168],[-111.903895265211,40.5115566645195],[-111.903892452171,40.511556656203],[-111.903952712009,40.5113115877187],[-111.903993324128,40.5111663862498],[-111.904033310253,40.5110342660091],[-111.90408328668,40.5108824030525],[-111.904126538562,40.5107592601726],[-111.904165240754,40.5106562933013],[-111.904177854905,40.5106227302822],[-111.904180295666,40.510570826955],[-111.904310061709,40.5103042323766],[-111.904661576478,40.5095820638415],[-111.904685392136,40.5095821184882],[-111.904774263691,40.5094353594846],[-111.90485556995,40.5093074117083],[-111.904939790907,40.509180566011],[-111.905026898461,40.5090548612087],[-111.905116865699,40.5089303370134],[-111.905209666868,40.5088070295309],[-111.905857390293,40.5078941676658],[-111.905887856792,40.507851229703],[-111.905387202093,40.507852778129],[-111.905385945545,40.5078527824759],[-111.905393339754,40.5073786686348],[-111.905394876767,40.507280053496],[-111.905407496999,40.5064708356707],[-111.905409616114,40.5063349461981],[-111.905410230462,40.5062955455181],[-111.905412698222,40.5061373051458],[-111.905456505112,40.5033281658948],[-111.905469727685,40.5024801657532],[-111.905466444165,40.5021110208874],[-111.905551659531,40.5020400591871],[-111.905782901546,40.5018648061433],[-111.905988992798,40.5017031908192],[-111.906223353503,40.5015226594712],[-111.90641006831,40.5013772633788],[-111.906631662453,40.5012065629824],[-111.906846218461,40.5010479841005],[-111.907054693292,40.5008829264425],[-111.907264063817,40.5007216405244],[-111.907481909474,40.5005515855016],[-111.907681038795,40.5003981847969],[-111.90788783588,40.5002523354448],[-111.908089549901,40.5001013827123],[-111.908289724842,40.4999449387329],[-111.908501370495,40.4997841253107],[-111.908712964272,40.4996144175262],[-111.90894015033,40.4994371530778],[-111.909137869825,40.499284831827],[-111.909346985092,40.4991237302681],[-111.909558688581,40.498960415551],[-111.909763499181,40.498794951439],[-111.909987866042,40.4986263124176],[-111.910210203609,40.4984613625383],[-111.910424965414,40.4983192243987],[-111.910633572144,40.4981859781648],[-111.910876137094,40.4980415281001],[-111.911109961331,40.4979164094793],[-111.91133894868,40.4977972935374],[-111.911522654657,40.497714795384],[-111.911679038609,40.4976386240739],[-111.911872833363,40.4975574290812],[-111.912117364797,40.4974577455632],[-111.912155757376,40.4974435353048],[-111.912381902136,40.4973598319076],[-111.912682667434,40.4972574546441],[-111.912947882999,40.4971804623551],[-111.91323376698,40.4971037856186],[-111.913495189203,40.4970397477403],[-111.91375346347,40.4969821271404],[-111.914072849085,40.4969151896167],[-111.914368702124,40.4968800277706],[-111.9149155013,40.4968279752018],[-111.915081583879,40.4968112331712],[-111.915112917336,40.4968080745872],[-111.915365423613,40.4967967004973],[-111.915678387222,40.4967893017998],[-111.915969100916,40.4967840823232],[-111.916251311112,40.4967830800483],[-111.916543599182,40.4967820412651],[-111.916841351453,40.4967809823124],[-111.9170922014,40.4967800895801],[-111.917357160365,40.4967770603019],[-111.917554753122,40.4967763562777],[-111.917827932712,40.4967774681395],[-111.918101033478,40.4967764938946],[-111.918420330895,40.4967774370924],[-111.918803729326,40.4967739770044],[-111.91889327154,40.4967757282426],[-111.9191541243,40.4967706454438],[-111.919923002311,40.4967727941355],[-111.919925806951,40.4971120212476],[-111.919892983754,40.4973486698869],[-111.919579184745,40.4980248747807],[-111.919313569589,40.4984581802262],[-111.91903727082,40.498770160667],[-111.918809811819,40.4989454321111],[-111.918492230261,40.4990072481179],[-111.918293927367,40.4990762230995],[-111.918006616719,40.499213781278],[-111.917839048766,40.4994343489493],[-111.917793372267,40.499596007875],[-111.917787775203,40.4996152264483],[-111.917772197493,40.4996140004638],[-111.917688617857,40.4996221371108],[-111.917665357924,40.4996105367709],[-111.917626840301,40.4996010378343],[-111.917621376942,40.4995996902232],[-111.917564775065,40.4996048460576],[-111.917516091938,40.499629736928],[-111.917478689216,40.4996576756827],[-111.917444014914,40.4996847950809],[-111.917407667963,40.4997125346245],[-111.917339822239,40.499762724399],[-111.917282366492,40.4998067495689],[-111.917213697433,40.4998521637104],[-111.917174292754,40.4998809263214],[-111.917135143437,40.4999086235214],[-111.917057584738,40.4999673555067],[-111.916988861833,40.5000364568182],[-111.916958244385,40.5000771135909],[-111.916925381102,40.5001346516542],[-111.916900042514,40.5001715657186],[-111.916879698671,40.5002126830349],[-111.916842389411,40.5002823064916],[-111.916814034172,40.5003373987101],[-111.916792184834,40.5003775451328],[-111.916770517648,40.5004131339575],[-111.916745639416,40.5004499265692],[-111.916722574597,40.5004838452721],[-111.916698493025,40.5005249524296],[-111.916678850514,40.5005669713949],[-111.916659823645,40.5006083829758],[-111.916640947746,40.5006478586654],[-111.916615150173,40.5006842393463],[-111.916584079302,40.500716794185],[-111.916572041959,40.5007287399733],[-111.916540971763,40.5007494224254],[-111.916483415815,40.5007822695155],[-111.916446020844,40.5008037210054],[-111.916406899425,40.5008272292438],[-111.91636621397,40.5008511825106],[-111.916327246316,40.5008755385235],[-111.916290814958,40.5008985130253],[-111.916251327644,40.500921237203],[-111.916207398888,40.5009453802504],[-111.916151674192,40.5009746453589],[-111.916097805171,40.5009990632232],[-111.916054988535,40.501013284155],[-111.916006156541,40.5010292933698],[-111.915956194176,40.5010437314592],[-111.915904032484,40.5010631683583],[-111.915853734032,40.5010851922967],[-111.915807035922,40.5011091090679],[-111.915760471204,40.5011332378841],[-111.915714243421,40.5011596187417],[-111.915671609661,40.5011882112677],[-111.915629396491,40.5012165195033],[-111.915588467892,40.5012477086309],[-111.915548262533,40.5012787168637],[-111.915510004636,40.5013106448748],[-111.915484133381,40.501333312398],[-111.915440593957,40.5013732499749],[-111.915389239015,40.5014266528212],[-111.915347267937,40.5014641586346],[-111.915311373864,40.5014857674393],[-111.915270703182,40.5015113070894],[-111.915226692797,40.5015330103748],[-111.915178537994,40.5015529929077],[-111.915127006304,40.5015698137348],[-111.915064261569,40.5015900541427],[-111.915014294871,40.5016017441662],[-111.914964802428,40.5016114935364],[-111.914915469067,40.5016229615327],[-111.914868000198,40.5016298461508],[-111.914814984891,40.5016341558099],[-111.914704917074,40.501645883743],[-111.914616691029,40.5016602414354],[-111.914571003796,40.5016696898884],[-111.914520667533,40.5016811603656],[-111.914471641504,40.5016948839443],[-111.914421613072,40.5017119819245],[-111.914335552521,40.501745709558],[-111.914261677971,40.5017806314439],[-111.914192919064,40.501815392007],[-111.914135441004,40.5018464364849],[-111.914092426551,40.501870407086],[-111.91404675974,40.5018964871994],[-111.914002518594,40.5019267400547],[-111.913962312836,40.5019605908684],[-111.913931727019,40.5019983414238],[-111.913905970605,40.5020377463903],[-111.913884381048,40.5020786910357],[-111.913869319106,40.5021223440836],[-111.913857141042,40.5021629663931],[-111.913845363631,40.5022058486454],[-111.91383954268,40.5022447950314],[-111.913832859423,40.5022835670476],[-111.913828007805,40.5023245822461],[-111.91382700387,40.502365858532],[-111.913824486265,40.5024086918647],[-111.913825908705,40.5024493102609],[-111.913827475725,40.5024904243662],[-111.91383035922,40.5025338456133],[-111.913835442125,40.5025987235446],[-111.91383914797,40.5026511026683],[-111.913841473774,40.5026936063889],[-111.913844748246,40.502737685477],[-111.913847303412,40.5027804621627],[-111.913847515748,40.5028234731682],[-111.913846900074,40.5028655450895],[-111.91384522397,40.5029094030056],[-111.913840664136,40.5029913611827],[-111.91383803341,40.5030492075913],[-111.913834437447,40.5031323322143],[-111.913832174747,40.5031769324749],[-111.913829354669,40.5032235898291],[-111.913828156008,40.5032708925761],[-111.913826141005,40.5033166519078],[-111.91382142921,40.503363619436],[-111.913820092312,40.5034089440922],[-111.913815550227,40.5034529634178],[-111.913810748725,40.5034997322315],[-111.913805868031,40.5035462833833],[-111.913796931539,40.5035905631825],[-111.913785207916,40.5036338018447],[-111.913768743696,40.5036768284973],[-111.913750717143,40.5037205937363],[-111.913731947256,40.5037626018614],[-111.913710613679,40.5038048153609],[-111.913685945417,40.5038477241696],[-111.913639372476,40.503933242927],[-111.913606594069,40.5040090641501],[-111.913587169696,40.5040449190879],[-111.913572224361,40.5040833843067],[-111.913549914836,40.5041326032305],[-111.913532408741,40.5041791646947],[-111.913514923472,40.5042242986616],[-111.913497168745,40.504268776152],[-111.913478117621,40.5043129051858],[-111.913459306765,40.5043556059478],[-111.913440469179,40.5043985724715],[-111.913417778189,40.5044423054721],[-111.91339603,40.5044858685339],[-111.913372157455,40.5045295201374],[-111.9133470783,40.5045705066708],[-111.913320191405,40.5046143805316],[-111.913293303621,40.5046569440439],[-111.913266132242,40.5046994410059],[-111.913237427785,40.5047410842136],[-111.913210486687,40.5047824582258],[-111.913183856966,40.5048246011293],[-111.913154315191,40.5048663211144],[-111.913122976853,40.50490985489],[-111.913092486554,40.5049519870654],[-111.913044274459,40.5050218961612],[-111.913007767976,40.5050784425937],[-111.912979719364,40.5051203094653],[-111.912951649171,40.5051636857779],[-111.912900443756,40.5052500184321],[-111.912875702484,40.505292340122],[-111.91282628615,40.5053781927299],[-111.912802465462,40.5054225320608],[-111.912781405612,40.5054666833457],[-111.912760594926,40.505510679749],[-111.912740314419,40.5055547517303],[-111.912698794918,40.5056401009532],[-111.91266026195,40.5057257197213],[-111.912618780745,40.5058147062175],[-111.912576087868,40.5059056683316],[-111.912518627248,40.5060387043784],[-111.912481057551,40.5061264351443],[-111.912442539782,40.5062150508996],[-111.912381487093,40.506358623681],[-111.912336643069,40.5064601993856],[-111.912279231586,40.5065901947536],[-111.912222368145,40.5067191506905],[-111.912185702781,40.5068061216682],[-111.91216603,40.5068515071351],[-111.912148535994,40.5068956520412],[-111.912128971708,40.5069402554154],[-111.912110405408,40.5069846373354],[-111.912090725567,40.5070286746434],[-111.912071467875,40.5070748259242],[-111.912054554547,40.5071207798357],[-111.912036801116,40.5071679047496],[-111.912024539433,40.5072137693517],[-111.912010580979,40.5072572713934],[-111.912000490089,40.5073031130491],[-111.911989721337,40.5073478772915],[-111.911979911268,40.5073935297353],[-111.911970053059,40.5074386365956],[-111.911961080244,40.5074828487679],[-111.911953719194,40.5075282449381],[-111.911949142247,40.5075739663352],[-111.911947029996,40.5076179175336],[-111.911944760311,40.5076635443624],[-111.911945207861,40.5077074073096],[-111.911945466393,40.5077504486915],[-111.911951900677,40.507792163423],[-111.911961645971,40.5078325516676],[-111.911977817228,40.5078759243539],[-111.911995153713,40.5079162787017],[-111.912009928238,40.5079551894197],[-111.912024614513,40.5079941373694],[-111.912036822062,40.5080319448931],[-111.912044157355,40.5080698614061],[-111.912048190707,40.5081076742546],[-111.912046283663,40.5081467147665],[-111.91203781089,40.5081869860409],[-111.912028351445,40.5082256478458],[-111.9120136766,40.5082683688855],[-111.912003919407,40.5083114625836],[-111.911996010836,40.5083556872123],[-111.911991902212,40.5084043302301],[-111.911991282909,40.508451864074],[-111.911990248959,40.508500096423],[-111.911992501233,40.5085477786713],[-111.911992965632,40.5085911038987],[-111.911992354634,40.5086359080548],[-111.911992155438,40.5086801289883],[-111.911992162873,40.5087222238281],[-111.911990070859,40.5087943603586],[-111.911986450988,40.5088352332552],[-111.91197780636,40.5088771567804],[-111.911964412702,40.5089206577028],[-111.911950314967,40.5089640197071],[-111.91193370775,40.5090050661362],[-111.91191364344,40.5090443595794],[-111.911889687204,40.5090837522531],[-111.911864101984,40.5091257686293],[-111.911838311761,40.5091662754488],[-111.911812465809,40.5092036124202],[-111.911788522689,40.5092410903937],[-111.911764603708,40.5092770976316],[-111.911740174018,40.509310988497],[-111.911718784955,40.5093478189702],[-111.911699090447,40.5093880134515],[-111.911688877053,40.5094302585602],[-111.911694759618,40.509475183079],[-111.911714212689,40.5095113603292],[-111.911754086034,40.509544916289],[-111.911782939695,40.5095598014343],[-111.91183089683,40.5095616961333],[-111.911830713914,40.509576751751],[-111.91182975635,40.5096231943592],[-111.911821893833,40.5096985689082],[-111.911809345144,40.5097888870138],[-111.911799946608,40.5098617642462],[-111.911789760836,40.5099420397937],[-111.911779299939,40.5099757284731],[-111.911754622517,40.5100466420873],[-111.911732864046,40.5101153831494],[-111.911709472056,40.5101836562403],[-111.911679726736,40.5102567256106],[-111.911659256512,40.5102929701564],[-111.911639320485,40.5103338634088],[-111.911621425898,40.5103777240973],[-111.911609240441,40.510425413802],[-111.911608182597,40.5104744296976],[-111.911608813334,40.5105189619856],[-111.91160933878,40.510563252387],[-111.911605828754,40.5105995003874],[-111.91159424986,40.5106356650558],[-111.911577074038,40.5106789873635],[-111.911560190859,40.5107246654536],[-111.911542176797,40.5107708500346],[-111.911531261923,40.5108171564762],[-111.911514303579,40.5108538992833],[-111.911500058517,40.5109343988627],[-111.911489175174,40.5110068913001],[-111.911483634585,40.5110866299391],[-111.911479410831,40.511173421783],[-111.911470401054,40.5112145720163],[-111.911459501063,40.5112567114156],[-111.91144257193,40.5112977381533],[-111.911427717045,40.511341689888],[-111.911393617153,40.5114267404196],[-111.911331170818,40.5115530225377],[-111.911292398661,40.5116365980744],[-111.911245770511,40.5117125678649],[-111.911156821138,40.5118653604292],[-111.91106306128,40.5120139388743],[-111.910982600321,40.5121342969203],[-111.910905771061,40.5122493737908],[-111.910822388727,40.5123712306122],[-111.910743533006,40.5124888685063],[-111.910666706075,40.5126054464565],[-111.91058687007,40.5127236109036],[-111.910500984141,40.5128406059182],[-111.910444064579,40.5129161205825],[-111.910383522329,40.5129849530093],[-111.910299925637,40.513041412034],[-111.910255282068,40.5130715620587],[-111.910277040407,40.5169840301034],[-111.910281067181,40.5177066075762],[-111.908751314779,40.5186332155198],[-111.908858084914,40.5188566171935],[-111.90480252426,40.5213303761354],[-111.904847899148,40.5224009219891],[-111.904667978742,40.5224013749],[-111.904310218151,40.522402221385],[-111.90429219659,40.5224022637359],[-111.904127224516,40.5224026471433],[-111.904120590031,40.5222426281101],[-111.903977051914,40.5187801351957],[-111.903892233114,40.5167339064527],[-111.903868403897,40.5167339759625]],[[-111.91515713321,40.5014648792922],[-111.91607849443,40.50063252471],[-111.915143640457,40.5006414540143],[-111.91515713321,40.5014648792922]]]},"properties":{"zone_code":"TSD","zone_description":"Transit Station District","zone_class_normalized":"Other/Unknown","jurisdiction":"draper_ut","source_rest_url":"https://services2.arcgis.com/nAPVXppTJAHM40Se/arcgis/rest/services/Zoning_Public/FeatureServer/5","extraction_method":"arcgis_rest","confidence":"rest_api"}},{"type":"Feature","geometry":{"type":"Polygon","coordinates":[[[-111.891352183701,40.4765995592196],[-111.89477472419,40.4752019839525],[-111.896135778407,40.4752057947034],[-111.896136539555,40.4746446481962],[-111.900924738438,40.4726911563193],[-111.900918183011,40.4779604899396],[-111.900687535032,40.4781525516449],[-111.89982502127,40.4788610363679],[-111.896131007726,40.4788369055439],[-111.891332803441,40.4801504843895],[-111.891357312902,40.4788068963601],[-111.891352183701,40.4765995592196]]]},"properties":{"zone_code":"PF","zone_description":"Public Facilities","zone_class_normalized":"Open Space/Public","jurisdiction":"draper_ut","source_rest_url":"https://services2.arcgis.com/nAPVXppTJAHM40Se/arcgis/rest/services/Zoning_Public/FeatureServer/5","extraction_method":"arcgis_rest","confidence":"rest_api"}},{"type":"Feature","geometry":{"type":"MultiPolygon","coordinates":[[[[-111.839090435766,40.5104078095263],[-111.839092482613,40.5113080564277],[-111.834375003613,40.5112825320782],[-111.834375713064,40.5076141680058],[-111.83448401214,40.5003631689158],[-111.831204761849,40.5003890368389],[-111.827295510125,40.5004199696458],[-111.827454614458,40.5000996549704],[-111.827190589752,40.4995709820437],[-111.826894001085,40.4993635168447],[-111.826682215744,40.4993385950269],[-111.826680319143,40.4993317757296],[-111.826547807714,40.4990484664134],[-111.826339547652,40.4989238941133],[-111.825989446014,40.4988497775384],[-111.825854559123,40.4986414165806],[-111.825277319036,40.4984929867747],[-111.824871144484,40.4981186560051],[-111.824392900042,40.4978271739953],[-111.824361174284,40.4978229570604],[-111.824151753817,40.4978213401164],[-111.824105235105,40.4978271730736],[-111.824077679073,40.4978305463159],[-111.824028282865,40.4978107351063],[-111.824003449053,40.4978050445792],[-111.823959773519,40.4978039351572],[-111.823894560332,40.497807591686],[-111.823893640406,40.4978076428603],[-111.823744529646,40.4978360593733],[-111.823613502155,40.4978514691203],[-111.823551879463,40.4978562727851],[-111.823481868703,40.4978801747415],[-111.823430808869,40.4979021241226],[-111.823352280004,40.4979428516173],[-111.823342766309,40.4979484659655],[-111.823278797337,40.4979862155396],[-111.823198349057,40.4980209944975],[-111.823108506509,40.4980495042592],[-111.823087894921,40.4980537992222],[-111.823078384875,40.4980524637704],[-111.823070391047,40.4980462033735],[-111.823061560742,40.4980259664952],[-111.823059875913,40.4980206865432],[-111.823051220676,40.4979935660559],[-111.823023616484,40.4979556134127],[-111.822973231582,40.4979013168117],[-111.822927606569,40.4978544404488],[-111.822885400431,40.4978265307472],[-111.822809454598,40.497782356775],[-111.822796304864,40.4977747092629],[-111.82273541691,40.4977487647048],[-111.822682702564,40.4977301832536],[-111.8225932865,40.4976753869832],[-111.822568475277,40.4976544645956],[-111.82254562204,40.4976244814895],[-111.822491316961,40.4975348261229],[-111.822467545968,40.4974945960351],[-111.822461704607,40.4974592310582],[-111.822459228407,40.4974442396277],[-111.822458636123,40.4974269870613],[-111.82247144171,40.4974104955342],[-111.822534445132,40.497347673323],[-111.822597200322,40.4972935099283],[-111.822642444478,40.497268400577],[-111.822698380634,40.4972426412612],[-111.82278880187,40.4972077171837],[-111.822825303343,40.4971936180129],[-111.822863244606,40.4971758990372],[-111.822907566044,40.4971455462502],[-111.822912480483,40.497132540949],[-111.822912971157,40.4971130672711],[-111.822901835917,40.4970858482313],[-111.822898884359,40.4970806158945],[-111.822887687159,40.4970607484528],[-111.822837357886,40.4970205501933],[-111.822749474008,40.4969702770203],[-111.822712003693,40.4969488428772],[-111.822573147226,40.4968791682844],[-111.822416796012,40.4968121821685],[-111.822332727623,40.4967778618513],[-111.822309070553,40.4967686887887],[-111.822278719502,40.4967569206529],[-111.822124839082,40.4967311873952],[-111.822095101598,40.4967301902557],[-111.822039932411,40.4967346845014],[-111.821983556647,40.4967469864579],[-111.821754898781,40.4968354724383],[-111.821694355683,40.4968604289324],[-111.821690757547,40.4968619121594],[-111.821590243467,40.4968932202532],[-111.82150882287,40.4969100647977],[-111.821383834106,40.4969186642206],[-111.821350558663,40.4969254368885],[-111.821267926421,40.4969493001009],[-111.821218665691,40.4969715191697],[-111.821116657478,40.4970268512015],[-111.821043368766,40.4970716640371],[-111.820974422265,40.4971033975258],[-111.82093297582,40.4971173790807],[-111.820861019687,40.4971352752408],[-111.820848817476,40.4971368927751],[-111.82078863995,40.4971448727781],[-111.820782455656,40.4971432920825],[-111.820782597231,40.4971332502367],[-111.820782754637,40.4971220583078],[-111.820738893034,40.4970513451286],[-111.820742852272,40.4970353138859],[-111.820744869508,40.4970300327704],[-111.82075660579,40.4969992980931],[-111.820737988288,40.4969747623453],[-111.820728138254,40.4969617813423],[-111.820718401803,40.496935810072],[-111.820720032507,40.4968796301738],[-111.820726143677,40.4968350077521],[-111.820751612365,40.496741677638],[-111.820771384663,40.4966903634309],[-111.820789293421,40.4966195459709],[-111.820798683734,40.4965856557733],[-111.820784639157,40.4965298123738],[-111.82077073357,40.4965035508243],[-111.820746171777,40.4964835333442],[-111.82071823531,40.4964656054351],[-111.820684925881,40.4964528003122],[-111.820608287939,40.4964329469409],[-111.820596384649,40.4964298635077],[-111.820583400644,40.4964265011489],[-111.820490401062,40.4964077497483],[-111.820383968262,40.4963922104509],[-111.820288560264,40.4963753017574],[-111.820134237641,40.4963593248733],[-111.820035840754,40.4963545630513],[-111.820026218296,40.4963540976185],[-111.819982936957,40.4963480306513],[-111.819891820694,40.4963263170299],[-111.819781574722,40.4963000445841],[-111.819774866576,40.4962981743777],[-111.819732890748,40.4962864688293],[-111.819676721308,40.4962705323462],[-111.819631800895,40.4962577874218],[-111.819543344356,40.4962218119013],[-111.81953556444,40.4962180407793],[-111.819468809722,40.4961856830798],[-111.819407782293,40.4961591049577],[-111.819319494899,40.4961408314977],[-111.819287315261,40.4961341711541],[-111.819220330586,40.496102292147],[-111.819147726986,40.4960569926613],[-111.819102651997,40.4960285373449],[-111.819030247805,40.4959910407642],[-111.81895745652,40.4959608164716],[-111.818850967321,40.4959145319504],[-111.818784765657,40.4958900812439],[-111.818764595424,40.4958733538224],[-111.818708149106,40.4958106118048],[-111.818642468669,40.4957400796428],[-111.818617913168,40.4957159082231],[-111.818598533627,40.4957007456304],[-111.818558775295,40.4956696405486],[-111.818514148558,40.4956246347327],[-111.818488645172,40.4955869085358],[-111.818436012187,40.4954966297976],[-111.818421912355,40.4954638906203],[-111.818417007196,40.4954367965023],[-111.818415554247,40.4953888157628],[-111.818426066247,40.4953792104287],[-111.818431485357,40.4953718199524],[-111.818457349504,40.4952924112806],[-111.818470659047,40.4952513158707],[-111.818514559241,40.4951684413555],[-111.818529910164,40.4951363326765],[-111.818539193924,40.4951077266351],[-111.818541529759,40.4950827165861],[-111.818541854476,40.4950792430675],[-111.818518940064,40.4950183838411],[-111.818497203158,40.4949919568802],[-111.818452148121,40.4949513821472],[-111.818432799207,40.4949336257702],[-111.818425724041,40.4949223274123],[-111.818424879228,40.4949086282861],[-111.818438099816,40.494899061517],[-111.818463835065,40.4948960124489],[-111.818493494788,40.4948977194761],[-111.818508741327,40.4949009048064],[-111.818526479288,40.4949010538105],[-111.818560123109,40.4949033533778],[-111.818592679485,40.4948983620959],[-111.818618513848,40.4948930441635],[-111.818670080409,40.4948918628473],[-111.818692373308,40.4948870210314],[-111.818706147131,40.4948840296621],[-111.818741977162,40.4948717392391],[-111.818756251778,40.4948640805969],[-111.818769628215,40.4948419196566],[-111.818771310789,40.4948326535148],[-111.818777049757,40.4948010590649],[-111.818775691089,40.4947680186825],[-111.818774533517,40.4947386350078],[-111.818774197679,40.4947301209381],[-111.818778392297,40.4946734720511],[-111.818777947362,40.4946036855173],[-111.818748213799,40.4945201763787],[-111.818714944088,40.494456204127],[-111.818688026066,40.4944241698698],[-111.818641813151,40.4943836532867],[-111.818586833846,40.494341256697],[-111.818527129651,40.4942952147704],[-111.818417755272,40.4942139537435],[-111.818210849156,40.4940427104161],[-111.818154928168,40.4940041769646],[-111.818106559738,40.4939799223921],[-111.818041790549,40.4939563625411],[-111.818017447327,40.4939408611916],[-111.817980044563,40.4939170433014],[-111.817951265824,40.4939045574112],[-111.817872091897,40.4938859942513],[-111.817802940511,40.4938631900367],[-111.817745755286,40.4938403641356],[-111.817665165649,40.4938171765935],[-111.817623934625,40.4938008509895],[-111.81761845798,40.4937984000481],[-111.817576895669,40.4937656235258],[-111.81755558775,40.4937546734897],[-111.817543674609,40.4937544148918],[-111.817528527821,40.4937581564283],[-111.817507376519,40.4937633821813],[-111.817480642624,40.4937631583375],[-111.817457881111,40.4937587405288],[-111.81744665002,40.4937521859176],[-111.817424771043,40.4937257258109],[-111.817404246145,40.4937131904057],[-111.817363851113,40.4936977738323],[-111.817327555207,40.4936833484881],[-111.8172731175,40.4936582040249],[-111.817249888361,40.4936478301037],[-111.817211325964,40.4936399058457],[-111.817136639728,40.4936451891107],[-111.817133695154,40.4936453970101],[-111.817089442876,40.4936465029221],[-111.817031449381,40.4936182024305],[-111.817003930036,40.4936068251157],[-111.81696590295,40.4935927384589],[-111.816909698936,40.4935667007266],[-111.816862110055,40.4935351254143],[-111.816825648035,40.4935196872108],[-111.816805444629,40.4935164042934],[-111.816668314824,40.4934931987298],[-111.816649357607,40.4934905293147],[-111.816618211087,40.4935086782315],[-111.816610490573,40.4935132920552],[-111.816599571078,40.4935184521694],[-111.816580844698,40.4935185027724],[-111.816566772591,40.4935125834579],[-111.816549550436,40.4935007162148],[-111.816542529384,40.4934900497995],[-111.816533192663,40.4934857324271],[-111.816492929535,40.493483178185],[-111.816469953344,40.4934830565323],[-111.81645292498,40.4934829647393],[-111.816432551463,40.4934857323155],[-111.816398280494,40.4934808095408],[-111.816363164163,40.4934701226232],[-111.816339550083,40.4934593677147],[-111.816317219359,40.493438662427],[-111.816302538459,40.4934148853163],[-111.811973689909,40.4934852037981],[-111.811937278463,40.488585569365],[-111.811935432793,40.4882184322779],[-111.811946412996,40.4804871925498],[-111.81194569438,40.4804868558438],[-111.811942764337,40.479164386515],[-111.817039715219,40.4791509530087],[-111.817039877465,40.4791510975637],[-111.820064476298,40.4791431061269],[-111.820064522392,40.4791428754511],[-111.821521391124,40.4791389566792],[-111.821521212221,40.4792903563593],[-111.821518353182,40.4817260255925],[-111.821516733281,40.4830928412647],[-111.821165436394,40.4830937923381],[-111.818069868948,40.4831021323195],[-111.818093849106,40.4882604029519],[-111.819037284972,40.4876571509044],[-111.821156128823,40.4863282343549],[-111.822419115719,40.4863339303013],[-111.826318466135,40.4863355667464],[-111.833594555106,40.486338371734],[-111.834740360633,40.4863384354022],[-111.845760897055,40.4860824681718],[-111.846594922451,40.4860630518455],[-111.848651785944,40.4860151440004],[-111.848662847336,40.4871296420982],[-111.848661603277,40.4871375628316],[-111.848662815481,40.4876591628046],[-111.848663426934,40.487778925974],[-111.848664480782,40.4879853383503],[-111.848687511555,40.4913635260324],[-111.848686788456,40.4913635245822],[-111.840452995835,40.4913404122008],[-111.840443400328,40.4931716187588],[-111.839276542167,40.4931676468099],[-111.835976943306,40.493153967445],[-111.835962990827,40.4931467974036],[-111.835537980749,40.493145137136],[-111.835534468709,40.4931522779956],[-111.83459231479,40.4931481478819],[-111.834562565374,40.4951281163621],[-111.834561786297,40.4951296991055],[-111.83312493259,40.4951379801129],[-111.833128879178,40.497025865609],[-111.834534001829,40.4969994160215],[-111.834537675823,40.4967522197881],[-111.83663459928,40.4967708238596],[-111.836635245288,40.4967702519364],[-111.836635124606,40.4967780765216],[-111.837766287891,40.4967882513692],[-111.837725088293,40.4997264367899],[-111.839199341498,40.4997390379265],[-111.839175521229,40.5013261589878],[-111.839174964655,40.5013259768809],[-111.839054929919,40.5011077403661],[-111.83887962768,40.5009883534741],[-111.838275748136,40.5020892669461],[-111.837793994229,40.5022271645926],[-111.838384949876,40.5037197028114],[-111.837822192366,40.5039263493916],[-111.837343030019,40.5037295568475],[-111.837326889143,40.5040065687344],[-111.837288437933,40.5044032540954],[-111.837516055596,40.5044097051487],[-111.83773441763,40.5043746568141],[-111.838019278794,40.5043834833157],[-111.838153023072,40.5044806948039],[-111.838328950682,40.5046809202649],[-111.838457621058,40.5049703310329],[-111.838337303058,40.5076255724728],[-111.838314091696,40.5081377773691],[-111.838159598198,40.5087445586132],[-111.839083863152,40.508470931537],[-111.839084014672,40.5084710310625],[-111.83908632788,40.5091926072242],[-111.839090435766,40.5104078095263]]],[[[-111.845118194754,40.5049071461743],[-111.845011379512,40.5047447335685],[-111.844859815966,40.5046144491825],[-111.844257062903,40.5044310961259],[-111.843992242732,40.5042851454298],[-111.843841927988,40.5041644553049],[-111.843849193264,40.5037045917698],[-111.843869549321,40.502277009485],[-111.843733302308,40.5022751542003],[-111.843148432514,40.5022695152496],[-111.842692820201,40.5022649156306],[-111.839161601323,40.5022291686423],[-111.839175463653,40.5013309556354],[-111.841099567754,40.5013564608662],[-111.841167940753,40.5013835466345],[-111.841228174554,40.5014075553739],[-111.841273755584,40.5014254062774],[-111.841314450688,40.5014407903016],[-111.84135432248,40.501454316115],[-111.841395824271,40.5014684585647],[-111.841441394897,40.5014844479373],[-111.841529274037,40.5015133372469],[-111.842885431737,40.5019043873767],[-111.842937480494,40.501916017322],[-111.84300577379,40.5019269800943],[-111.843013784506,40.5019276924166],[-111.8430732305,40.5019329830891],[-111.843129282008,40.5019328189621],[-111.843135781298,40.5019327999294],[-111.843192628895,40.5019295327492],[-111.843255961371,40.5019231467534],[-111.843308704574,40.5019112099643],[-111.843376860701,40.5018948871966],[-111.843434433772,40.5018742546203],[-111.843483142659,40.5018528185676],[-111.843491173298,40.5018492836708],[-111.84353654305,40.5018249665272],[-111.843583737824,40.5017950117964],[-111.843601325165,40.5017838497874],[-111.843640967837,40.5017514874178],[-111.843675729483,40.5017178992541],[-111.843701594275,40.5016917786574],[-111.843717734536,40.5016706478682],[-111.843728122885,40.5016559757885],[-111.843741933006,40.5016364701708],[-111.843762891785,40.5016041634685],[-111.843772281878,40.5015836036287],[-111.843782176064,40.5015619391001],[-111.843825585699,40.5014712756627],[-111.843941354983,40.5012309523997],[-111.843964734093,40.5011955369581],[-111.844049457896,40.5010818080918],[-111.845685578999,40.5004500590499],[-111.845743141917,40.5004275656566],[-111.845790608886,40.5004049156101],[-111.845800678491,40.5004001110224],[-111.845858191067,40.5003676951404],[-111.845914861301,40.5003297008278],[-111.84592936828,40.5003172831418],[-111.845972288929,40.5002805424734],[-111.846015118876,40.5002363884893],[-111.846040962172,40.5002065462278],[-111.84606677206,40.5001698839731],[-111.846090918532,40.5001257842392],[-111.846107019963,40.5000972117343],[-111.846126264644,40.5000475455819],[-111.846127993986,40.500041230115],[-111.846136632615,40.5000096888269],[-111.846143757895,40.499973080847],[-111.846146268758,40.4999524429608],[-111.846148437609,40.4999346203948],[-111.846149738287,40.4998707447715],[-111.846144705933,40.499841040523],[-111.846141294067,40.4998075184343],[-111.846126411685,40.4997560924921],[-111.846114047179,40.4997207830812],[-111.846103371203,40.4996978705583],[-111.846093519453,40.4996774357952],[-111.845987813344,40.4994966747983],[-111.845941815577,40.4992363639522],[-111.846088648121,40.4990368743507],[-111.846117025654,40.4990262483425],[-111.846394383302,40.4989361326308],[-111.847080171471,40.4988131814438],[-111.847148345673,40.4988011971919],[-111.847184869963,40.4987907755329],[-111.847238382349,40.4987755052295],[-111.847291097195,40.4987586063156],[-111.847356759506,40.4987317464076],[-111.84742158569,40.4987005490481],[-111.847481522686,40.4986662654561],[-111.847516027728,40.4986422770447],[-111.84754870828,40.498619557548],[-111.847619894328,40.4985610554468],[-111.847664343417,40.4985162755216],[-111.847718728257,40.4984506933194],[-111.847751482352,40.4984000555721],[-111.847785967514,40.4983349196451],[-111.847789297667,40.4983286309177],[-111.847810133483,40.4982727592352],[-111.847828506744,40.4982119335639],[-111.84862440956,40.4983467876524],[-111.848636644536,40.4983484362321],[-111.848725029859,40.4983680607088],[-111.848735858944,40.4983704654468],[-111.848821290403,40.4983974960057],[-111.848871757411,40.4984178096241],[-111.849116509964,40.4983067001325],[-111.849702442427,40.4980389250786],[-111.849339846345,40.4967092445795],[-111.847184512105,40.4961687115371],[-111.846236200402,40.4968970496521],[-111.845380502412,40.4968282618764],[-111.845043592605,40.4967058525346],[-111.844437527643,40.496687792416],[-111.844066526967,40.4972147375437],[-111.844102930138,40.4973460946092],[-111.844359203473,40.497747175055],[-111.84359046703,40.4978505102816],[-111.843518215887,40.4978594037255],[-111.843438649139,40.4978670784701],[-111.84336637613,40.4978716310896],[-111.8433323337,40.4978726368322],[-111.843296527874,40.4978736954625],[-111.843212860833,40.4978739405765],[-111.843154003495,40.4978717012185],[-111.843091803416,40.4978693347312],[-111.842997536492,40.4978615487396],[-111.842944057464,40.4978553192728],[-111.842904065648,40.4978506605467],[-111.842797565144,40.4978329885093],[-111.842721939381,40.4978170875663],[-111.843179000477,40.4976018106799],[-111.843301778589,40.4973025566177],[-111.843135417099,40.4971728200787],[-111.842790588729,40.4970907347332],[-111.842809492519,40.4969728574341],[-111.843156973913,40.4969364942633],[-111.843290240499,40.496784796499],[-111.843196380811,40.4965345453632],[-111.843212428908,40.4963335824932],[-111.843481122319,40.4962986883114],[-111.843231102282,40.4960085884831],[-111.843532533591,40.4961844367499],[-111.843787027958,40.4959108405174],[-111.843677319192,40.4955781619181],[-111.843783091087,40.495128889622],[-111.843435237488,40.4949277528318],[-111.843567288961,40.494858533381],[-111.843676304476,40.4948923195461],[-111.843736753108,40.4947985052194],[-111.843704887966,40.4946001620072],[-111.843900408144,40.4947143096626],[-111.844496971612,40.4944626512452],[-111.844431813257,40.4941056579583],[-111.84455017668,40.4940606618169],[-111.844710989528,40.4942183173152],[-111.845051279302,40.4943692436406],[-111.84526944713,40.4944640985209],[-111.845494009586,40.4943778606101],[-111.845644861468,40.4938509395161],[-111.845959956747,40.4939988368489],[-111.846307987607,40.4939140933017],[-111.846756792364,40.4946395384299],[-111.847083736115,40.4945604359153],[-111.846942101268,40.4938619873055],[-111.847221361656,40.4931920577202],[-111.847672977887,40.4931925789965],[-111.847719117177,40.4933208055558],[-111.848769802793,40.493724476931],[-111.849593059847,40.4944444552278],[-111.850211429409,40.4944897376678],[-111.85065577656,40.4938639535997],[-111.853156524523,40.4911533651291],[-111.853331879993,40.4911367132692],[-111.853440567028,40.4911072398732],[-111.854065115921,40.490939783721],[-111.854349593842,40.4906648330997],[-111.854408701152,40.4906293082363],[-111.854545856215,40.4906078087973],[-111.854614941972,40.4906123646833],[-111.854680732037,40.4906167026589],[-111.854712447364,40.490618052072],[-111.854735162855,40.4906190180624],[-111.854757956539,40.4906168704971],[-111.854789555015,40.4906138920428],[-111.85479603961,40.4906126142905],[-111.85484567529,40.4906021901122],[-111.854886890996,40.4905887933794],[-111.854933074817,40.4905669494243],[-111.854954722647,40.4905538208846],[-111.854959794189,40.4905507453384],[-111.855147530152,40.4904162317965],[-111.855185601005,40.4903962720374],[-111.855195774513,40.4903918967814],[-111.855220447964,40.4903812842522],[-111.85525063738,40.4903732180501],[-111.855259373433,40.4903693838947],[-111.855292634823,40.4903618415111],[-111.855298431504,40.4903612079326],[-111.85556700986,40.4903318635246],[-111.855718625119,40.4902799340539],[-111.855784711552,40.4901811348577],[-111.85572090533,40.4899382441708],[-111.855734274767,40.4897881538393],[-111.855734718289,40.489783173169],[-111.855728422357,40.489665990409],[-111.855595429834,40.4895504332833],[-111.855574918518,40.4895108077436],[-111.855594077937,40.4891349596461],[-111.856284126591,40.4892277413207],[-111.85918812158,40.4880592578964],[-111.860916271554,40.4877141237879],[-111.861600735551,40.4873672280708],[-111.861849412074,40.4872418175741],[-111.862253418113,40.4863891502813],[-111.861820893376,40.4859979537363],[-111.86107098696,40.4859463171175],[-111.860992122604,40.4858437854626],[-111.861342879666,40.4852666432649],[-111.861431457217,40.4853233067746],[-111.861787495759,40.4855003262779],[-111.86185643201,40.4854570654062],[-111.862904728816,40.4860733554547],[-111.863168681381,40.4862257061771],[-111.863445321015,40.486014629275],[-111.863001790831,40.4856929233579],[-111.863154850888,40.485457425166],[-111.863370558799,40.485548533953],[-111.863750361255,40.4857991217949],[-111.864080701309,40.4859115773558],[-111.864078645644,40.4856784196634],[-111.864116799854,40.48552265211],[-111.864120275443,40.4855084228741],[-111.864198665948,40.4851875349541],[-111.864306138016,40.4853899791694],[-111.864502197586,40.4854513808517],[-111.864799491075,40.4853072083972],[-111.865144027427,40.4854927901889],[-111.864983381098,40.4856749847059],[-111.865015296062,40.4858720818048],[-111.865332826705,40.4861706075247],[-111.86589563809,40.486317678891],[-111.865970398507,40.4863374329337],[-111.866020890425,40.4863507740458],[-111.866176265867,40.4863974178673],[-111.866615664755,40.4862484557565],[-111.866783554098,40.485903145858],[-111.866619152778,40.4858391678087],[-111.866501210326,40.4858060513203],[-111.8661703196,40.4854399770786],[-111.866391294944,40.4853010004263],[-111.866169576466,40.4849984568074],[-111.866034654341,40.4845244889511],[-111.866106235269,40.4845545735556],[-111.866353551161,40.4847752596564],[-111.866553878046,40.4848750914528],[-111.866723831477,40.4844609423641],[-111.866794959637,40.4842863339372],[-111.866805394995,40.4842884158359],[-111.8668470179,40.4842970734071],[-111.866874658405,40.4843031405434],[-111.86692623757,40.4843151495028],[-111.866991079877,40.4843315387624],[-111.867085547302,40.484358069406],[-111.867148844137,40.4843776677039],[-111.867240831587,40.4844088665239],[-111.867316755515,40.4844371518159],[-111.867355046219,40.4844523245826],[-111.867400862445,40.4844713084265],[-111.867412588597,40.4844763149261],[-111.867437574147,40.4844871903762],[-111.867460853919,40.4844975785516],[-111.867509210885,40.4845200855778],[-111.867505647905,40.4846411165011],[-111.867501200237,40.4847921639968],[-111.867455276197,40.4860537925452],[-111.869057414982,40.4860618550947],[-111.869060872932,40.4866631006753],[-111.86962061173,40.4869432657327],[-111.869663709484,40.4866921152039],[-111.870479234556,40.4868114141408],[-111.871074099245,40.4870989162078],[-111.871245058225,40.4873070652068],[-111.87137339403,40.487584912914],[-111.871596933952,40.487811260286],[-111.87205073293,40.4880246318243],[-111.872564238771,40.4880925636985],[-111.872942521268,40.4880908034898],[-111.872953567867,40.4875776675728],[-111.87308623164,40.4875789139313],[-111.873130710297,40.4875821116371],[-111.873185418397,40.4875897283287],[-111.87320857486,40.4875959757619],[-111.873244544577,40.4876056793367],[-111.873287518637,40.4876232028711],[-111.873300063777,40.4876283187419],[-111.873346259992,40.4876513876927],[-111.873409694966,40.4876830634992],[-111.873435736427,40.4876946691748],[-111.873450612367,40.4877012986867],[-111.873490056689,40.4877167548498],[-111.873559429617,40.4877404630852],[-111.873493456705,40.4879387912019],[-111.873548293185,40.4882363486373],[-111.873967020754,40.4884325729806],[-111.874521186796,40.4883378659565],[-111.874584165709,40.4878601801713],[-111.874856157557,40.4878815699037],[-111.874807158425,40.4882501359424],[-111.875135296078,40.4882752413104],[-111.875246111321,40.4882799026603],[-111.875322647554,40.4882802059345],[-111.875357680848,40.4882786536553],[-111.875417379421,40.4882760073672],[-111.875488050482,40.4882702152616],[-111.87555797917,40.4882622001494],[-111.875581506997,40.4882584656471],[-111.875640271158,40.4882491372033],[-111.875711628253,40.4882355518075],[-111.875790247899,40.488217491483],[-111.875850656654,40.4882011592166],[-111.875944524637,40.4881724761043],[-111.877185583667,40.4877338530332],[-111.876982557072,40.4873978184743],[-111.877018935739,40.487386014514],[-111.877047952632,40.4873784219558],[-111.877070611619,40.4873724925218],[-111.87712449579,40.4873628584265],[-111.877140269471,40.4873613414945],[-111.877178403352,40.4873576758214],[-111.877234514259,40.4873552689031],[-111.877278980666,40.4873562388283],[-111.877345338518,40.4873615907149],[-111.877387650059,40.487368132253],[-111.877440922125,40.4873796475146],[-111.877458424201,40.4873837500232],[-111.877543885064,40.4874143754941],[-111.877565726999,40.4874240908533],[-111.877581149497,40.4874309504318],[-111.87763086621,40.4874586155444],[-111.877635805293,40.4874616742191],[-111.877663047788,40.4874785462087],[-111.877713548907,40.4875162259607],[-111.877747258029,40.4875489516866],[-111.877775133792,40.4875811396526],[-111.877781885222,40.4875902723239],[-111.877803040367,40.487618892225],[-111.8778243773,40.4876549962947],[-111.877827470459,40.4876614696276],[-111.877844288353,40.4876966705723],[-111.877853941947,40.4877289163889],[-111.877868916749,40.4878006581906],[-111.877869379506,40.4878079748484],[-111.877871311774,40.4878384930301],[-111.877868377559,40.4878756696205],[-111.877867225682,40.487890261005],[-111.877859435203,40.4879314680643],[-111.877851106775,40.4879551812015],[-111.877844366906,40.4879743682799],[-111.877808842474,40.4880425355231],[-111.877802535216,40.4880546399072],[-111.877744908201,40.4881253126868],[-111.877695287289,40.4881679568504],[-111.877651726605,40.4881992620099],[-111.877398994706,40.4879702382972],[-111.87720419849,40.488068811448],[-111.875667879172,40.4884978080755],[-111.874841852285,40.4887280658628],[-111.874299090545,40.4889089967901],[-111.873980774037,40.4890802138658],[-111.874467006782,40.4894411529068],[-111.874514575997,40.4894030556422],[-111.874586063066,40.489344951961],[-111.874686882105,40.4892810429216],[-111.87477725659,40.4892331516722],[-111.874876477243,40.4891903473621],[-111.87497476392,40.4891529782792],[-111.875313837308,40.4890596789834],[-111.876128283462,40.4896789994304],[-111.875046361248,40.4905452767875],[-111.874867635324,40.4906882869047],[-111.871161323899,40.4936538022497],[-111.869943111206,40.494629132103],[-111.869849821446,40.4947006779782],[-111.869781773036,40.4947507498885],[-111.869725213486,40.4947888960207],[-111.86962409194,40.494854411813],[-111.869557994014,40.4948937388978],[-111.869495893098,40.4949292177609],[-111.869433286626,40.4949639317893],[-111.869329586715,40.4950171832231],[-111.869231376818,40.4950638979503],[-111.869149184859,40.4950998235889],[-111.869109584436,40.4951156725122],[-111.869028379642,40.4951485266729],[-111.868989273401,40.4951628403078],[-111.868670407916,40.4952804316202],[-111.867516264735,40.495705537942],[-111.867407948925,40.4957415442878],[-111.867291293368,40.4957763536875],[-111.867105338903,40.4954903336229],[-111.867384515821,40.4954946359849],[-111.867728915736,40.4954536696869],[-111.867965564764,40.4953674038586],[-111.86869405234,40.4951004894303],[-111.868936213983,40.4950122860353],[-111.869031962306,40.4949747841552],[-111.869091246428,40.4949493342868],[-111.869115661752,40.4949388538476],[-111.869225898391,40.4948867320448],[-111.86929553581,40.4948516132174],[-111.869361646293,40.4948145872275],[-111.869474313055,40.4947475006618],[-111.869599449879,40.4946638840914],[-111.869716907513,40.4945749385576],[-111.87070049705,40.4937886807205],[-111.870742859311,40.4937478943903],[-111.87077880677,40.4937071274449],[-111.870811216034,40.4936621542591],[-111.870836597466,40.4936183533522],[-111.870855959378,40.4935761060858],[-111.870871802755,40.493533485405],[-111.870882124986,40.4934916503962],[-111.870887463993,40.4934571168729],[-111.870889735838,40.4934130054582],[-111.870887942929,40.4933604702543],[-111.870885467669,40.4933458454267],[-111.870880158813,40.4933144733319],[-111.870868726285,40.4932711131554],[-111.870866822074,40.4932638920089],[-111.870842891493,40.4932049066596],[-111.870817523322,40.4931585817403],[-111.870794232773,40.4931249061255],[-111.870762873187,40.4930855031204],[-111.870735590852,40.4930568266513],[-111.870709841051,40.4930327464025],[-111.87068668677,40.4930126385106],[-111.87067551972,40.493002941247],[-111.870380981943,40.4927871880951],[-111.870245321827,40.492689437176],[-111.870213050408,40.4926669120183],[-111.870173232169,40.492642492456],[-111.870107250514,40.4926101025249],[-111.870053885088,40.492588411255],[-111.869988535439,40.4925672729415],[-111.86997991149,40.4925644831536],[-111.869923071318,40.4925504730598],[-111.86985368151,40.4925380362495],[-111.869792864039,40.4925317080105],[-111.869721013647,40.4925288664914],[-111.869701992761,40.4925293768068],[-111.8696562221,40.4925306055341],[-111.869602493442,40.4925346097289],[-111.869526202609,40.4925467398762],[-111.869461479508,40.4925611335827],[-111.869392271156,40.4925824452619],[-111.869359264227,40.4925952934721],[-111.869338633713,40.4926033241652],[-111.869287024931,40.4926276476818],[-111.869229077329,40.4926592588546],[-111.869170659928,40.4927012957219],[-111.868028503325,40.4936140027813],[-111.868194856666,40.4938789843411],[-111.867434383287,40.4941572480121],[-111.867341287766,40.4941861064016],[-111.867243040347,40.4942021844958],[-111.867142628853,40.4942049938097],[-111.867097215764,40.4942018570925],[-111.866932381359,40.4941965052607],[-111.866768834993,40.4942130864414],[-111.866690649084,40.4942277485933],[-111.866611544833,40.4942510978784],[-111.866596042076,40.4942524405242],[-111.866587716305,40.4942548873398],[-111.866567322117,40.4942613876097],[-111.866552272183,40.4942644588509],[-111.866534491326,40.4942637859088],[-111.86652208722,40.4942604628419],[-111.866501126058,40.4942463856757],[-111.866489994683,40.4942250190668],[-111.866469828729,40.4941887625762],[-111.866456906135,40.4941620196886],[-111.86644459606,40.4941351082757],[-111.86643072762,40.4941020291464],[-111.86642183252,40.4940808131375],[-111.866411385043,40.4940534465047],[-111.866401564418,40.4940259446242],[-111.86639237423,40.4939983164907],[-111.866383815699,40.4939705693052],[-111.866375893593,40.4939427129594],[-111.866368610316,40.493914755551],[-111.866355965141,40.4938585708535],[-111.866350608047,40.4938303597599],[-111.866345897045,40.4938020827042],[-111.866341832171,40.493773746891],[-111.866338417009,40.4937453604144],[-111.866335649251,40.493716933188],[-111.866333533662,40.4936884742029],[-111.866332067922,40.493659990671],[-111.866331254442,40.4936314924911],[-111.866331092081,40.4936029868714],[-111.86633158089,40.4935744837183],[-111.866332722097,40.4935459920337],[-111.86633451338,40.4935175190295],[-111.866336955971,40.4934890746083],[-111.866340048739,40.4934606677792],[-111.86634250508,40.4934420432628],[-111.866348179065,40.4934039975354],[-111.866353214365,40.4933757530397],[-111.866358895298,40.4933475794717],[-111.866365218373,40.4933194858482],[-111.866372183638,40.4932914811745],[-111.866379787591,40.4932635726663],[-111.866386520267,40.4932377310166],[-111.866394395843,40.4931986697467],[-111.866399582827,40.4931593485104],[-111.866402067645,40.4931198745199],[-111.866401842613,40.4930803540682],[-111.866397329196,40.493027777776],[-111.866393272454,40.4930016123346],[-111.866390797242,40.4929885733385],[-111.8663880226,40.4929755704014],[-111.866381586887,40.4929496843747],[-111.866369722293,40.4929112161767],[-111.866355237058,40.4928732740067],[-111.866338171858,40.4928359631047],[-111.866325383249,40.4928114901394],[-111.866305394993,40.4927774790999],[-111.866281172914,40.4927394737014],[-111.866180342712,40.4925780154618],[-111.866176226992,40.4925687685363],[-111.866175191321,40.4925573352759],[-111.866180127968,40.4925428087602],[-111.866188937193,40.492532664082],[-111.866197322882,40.4925269092657],[-111.866207090632,40.4925226108736],[-111.868897833365,40.4916781006511],[-111.868896530699,40.4916828328133],[-111.868908896599,40.4916789303744],[-111.86924829842,40.4915712006019],[-111.873509828652,40.4901590261948],[-111.873476716304,40.490096167455],[-111.873458403013,40.4900298735332],[-111.873455445903,40.4899621599675],[-111.873467934023,40.4898950825077],[-111.873495489227,40.4898306812757],[-111.873537271703,40.4897709114045],[-111.873592015072,40.4897175897925],[-111.873658053198,40.4896723364828],[-111.873708005823,40.4896469707071],[-111.873656985499,40.4896272458559],[-111.873588176321,40.4896021543955],[-111.873505046434,40.4895831613769],[-111.873494523368,40.4895807570459],[-111.873428155784,40.4895692168973],[-111.87334761028,40.4895631461116],[-111.873375410699,40.4892340120804],[-111.872138087312,40.4894422465024],[-111.871768877586,40.4894786738905],[-111.871427189641,40.4895683463292],[-111.871115336104,40.4897013142821],[-111.868846532383,40.490531093999],[-111.868516772158,40.4906387995403],[-111.868184721494,40.4907609756109],[-111.867938226413,40.4905005025342],[-111.8676506423,40.4903052439318],[-111.867343191561,40.4905981909801],[-111.86729697151,40.4905902000285],[-111.867248379232,40.4905813132102],[-111.867189989132,40.4905767699741],[-111.867170200458,40.4905752298579],[-111.867122831364,40.4905735708371],[-111.867098072116,40.4905742581173],[-111.867086131823,40.4905745900221],[-111.867022220363,40.4905793093902],[-111.866965418254,40.4905849115408],[-111.866947110904,40.4905885964336],[-111.866901549313,40.4905977674791],[-111.866713541225,40.4906444578868],[-111.86666479364,40.4901655064753],[-111.8661788374,40.4902908701275],[-111.865599473423,40.4904409308933],[-111.864394876015,40.4910214172738],[-111.864880243207,40.4918922381391],[-111.864498450952,40.4920145585739],[-111.86427331066,40.4917603389903],[-111.864213506613,40.4916909972372],[-111.864199443749,40.4916746917762],[-111.864153030514,40.4916305408893],[-111.864095975489,40.4915891356119],[-111.864073863974,40.4915756496571],[-111.864053211655,40.4915630534424],[-111.864004546827,40.4915406054317],[-111.863993617381,40.4915365327319],[-111.863917939832,40.4915083319319],[-111.863891094925,40.4915022012958],[-111.863851553907,40.4914931705827],[-111.863786375207,40.4914825254724],[-111.86368334104,40.4914783253409],[-111.863596942415,40.4914849210102],[-111.863472755624,40.491510618144],[-111.863463287245,40.4915142102246],[-111.863377778693,40.4915466559995],[-111.863293763253,40.491597693214],[-111.863221325281,40.4916551291368],[-111.863214728512,40.4916623632562],[-111.863182477656,40.4916977363608],[-111.863166548235,40.4917289918314],[-111.863147217709,40.4917466599442],[-111.863116740621,40.4918046078399],[-111.863093483471,40.4918842292861],[-111.863085564627,40.4919538598577],[-111.863087457737,40.4919673636301],[-111.863094180414,40.4920153033205],[-111.86310288166,40.4920506656455],[-111.86310507114,40.4920595638199],[-111.863136498013,40.4921280691896],[-111.863160103477,40.4921660618423],[-111.863184964583,40.4921986056754],[-111.863191104734,40.4922066441525],[-111.863242988573,40.4922563026218],[-111.863254181072,40.4922670145699],[-111.86328627419,40.4922904184597],[-111.863705805832,40.492583810792],[-111.863675821044,40.4934010931241],[-111.863590795664,40.4934438437864],[-111.863439565241,40.4935057822499],[-111.863161926051,40.4936138070513],[-111.862883250475,40.4937243127994],[-111.862602089925,40.4938310872525],[-111.862318530385,40.4939340995076],[-111.86202835516,40.4940347755907],[-111.861781595524,40.4941247098396],[-111.861620875214,40.4941839635819],[-111.861398740138,40.4938257734487],[-111.861521632727,40.4937783875264],[-111.861520787886,40.4933951069459],[-111.861431328994,40.4932715394169],[-111.861409901016,40.4932499104976],[-111.861392621127,40.4932337272069],[-111.861364682409,40.493207563218],[-111.861343943095,40.4931939068166],[-111.861310025101,40.4931715725193],[-111.86129341422,40.4931629916658],[-111.86123522472,40.4931329331519],[-111.861194885856,40.4931176899892],[-111.861173529716,40.4931096199688],[-111.86110317466,40.4930946935494],[-111.861015904272,40.4930820823756],[-111.860912883379,40.4930805923156],[-111.860818231587,40.4930944430233],[-111.860720872299,40.4931216504184],[-111.860635305068,40.493161926705],[-111.860601177199,40.4931829000404],[-111.859552014456,40.493907388912],[-111.859450480041,40.4939637463744],[-111.859232808823,40.4941459181399],[-111.859185096409,40.4942085963143],[-111.859176132887,40.4942203700808],[-111.85915478558,40.4942525754816],[-111.859136244616,40.4942838816004],[-111.85911405076,40.4943341219339],[-111.859103947496,40.4943698636647],[-111.859094854788,40.494419887322],[-111.859092221222,40.494452749511],[-111.859094431119,40.4944784012077],[-111.859097203856,40.4945105857988],[-111.859106779923,40.4945526955596],[-111.859109145934,40.4945595795576],[-111.859121981134,40.4945969305603],[-111.859140283543,40.4946337406638],[-111.859144674644,40.4946425718146],[-111.859174855525,40.4946889033708],[-111.859239768089,40.4947572692251],[-111.859326163501,40.4948191417073],[-111.859419959972,40.4948652780753],[-111.859520980549,40.4948945666367],[-111.859536223115,40.4948975251026],[-111.859577343095,40.4949055059433],[-111.859629763195,40.4949110592391],[-111.859736463034,40.4949200166666],[-111.85979168951,40.4949255603725],[-111.85958536948,40.4950083295107],[-111.859535002605,40.495026432671],[-111.859338850948,40.4950969348672],[-111.859141446308,40.4951611986434],[-111.859028779928,40.4951978761046],[-111.858870432259,40.4952421898278],[-111.858659780739,40.4953011403061],[-111.858421511553,40.4953575785186],[-111.858514773102,40.495301584119],[-111.85856008274,40.4952728276913],[-111.858567922602,40.4952678532027],[-111.858613557212,40.4952284310754],[-111.85865913925,40.4951790099361],[-111.858686063477,40.4951396459549],[-111.858709257105,40.4951024349713],[-111.858726818047,40.4950616704238],[-111.858736917859,40.4950252145853],[-111.858745145574,40.4949887644777],[-111.858749275162,40.4949484985461],[-111.858748374501,40.4948909064205],[-111.858740380622,40.4948542042862],[-111.858736870243,40.4948380892234],[-111.858715984058,40.4947803007214],[-111.858683880027,40.4947239757808],[-111.858676426179,40.4947132672714],[-111.858655600368,40.4946833515687],[-111.858621730563,40.4946470303277],[-111.858565355188,40.4946007787997],[-111.858528175544,40.4945757231283],[-111.85847526277,40.4945474879005],[-111.858435122107,40.4945284688514],[-111.858374539215,40.4945076283031],[-111.858327179647,40.4944963456796],[-111.858276830991,40.4944859862679],[-111.858227703651,40.4944801935517],[-111.85817200366,40.4944771640798],[-111.858112135206,40.4944782611793],[-111.858067852313,40.4944829678779],[-111.858021783602,40.4944895081973],[-111.857963770436,40.4945020270305],[-111.857862153802,40.4945343351204],[-111.857746791223,40.494571712141],[-111.857509495346,40.4946492299609],[-111.857033703463,40.4948042669038],[-111.856856179239,40.4948624017328],[-111.856782694601,40.4948932516039],[-111.856721191555,40.4949254365339],[-111.856678566802,40.4949506808175],[-111.856614981329,40.4949956963082],[-111.856569677291,40.4950342304792],[-111.85656265294,40.4950413313266],[-111.856520242786,40.495084204677],[-111.856483354567,40.4951291127341],[-111.856473864119,40.4951433311682],[-111.856451866832,40.4951762900235],[-111.856421028416,40.4952330646234],[-111.856414904317,40.4952492450841],[-111.856397994705,40.4952939293277],[-111.856383288635,40.4953442553105],[-111.856374059424,40.495411476645],[-111.856371902126,40.4954571940042],[-111.856374871245,40.4955028336294],[-111.856378868581,40.4955298515123],[-111.856383095439,40.4955547361205],[-111.856388077948,40.4955756792881],[-111.856389514448,40.4955817178177],[-111.856395698822,40.4956037488332],[-111.856405680668,40.49563167881],[-111.856417273728,40.4956609223349],[-111.856433010968,40.4956933286999],[-111.856486841004,40.4957969271717],[-111.856434353914,40.4960654050579],[-111.856558570023,40.4962323262162],[-111.856697850983,40.4964174849632],[-111.85683713748,40.4966035585072],[-111.857022674346,40.4968173738295],[-111.857251208731,40.4970091160003],[-111.857473094877,40.4971889948384],[-111.857692571858,40.4973656799395],[-111.857912055984,40.4975437361835],[-111.858132135741,40.4977208760981],[-111.858333572685,40.4978825303919],[-111.858634221734,40.4980086851158],[-111.858983631831,40.4980702378444],[-111.859348345158,40.4980814613948],[-111.859701124197,40.4979866735045],[-111.859985607008,40.4978852373815],[-111.860267104577,40.497785637919],[-111.860582663186,40.4976731348043],[-111.860846837776,40.4974684543651],[-111.861042529963,40.4972219317402],[-111.861141123086,40.4969569661061],[-111.861113137734,40.4968734028125],[-111.861506857014,40.4967094609038],[-111.861550916988,40.4967756041027],[-111.861569596494,40.4967979448068],[-111.861593665917,40.4968202679728],[-111.861622490928,40.4968361778288],[-111.861656088464,40.4968488731823],[-111.861682465502,40.496854733793],[-111.86170403496,40.4968574103762],[-111.862253964511,40.4976967772549],[-111.861734977879,40.4979511574616],[-111.861573068673,40.4980188504333],[-111.861197867021,40.4981758792583],[-111.860821513328,40.4983415956119],[-111.860440973575,40.4985086943014],[-111.860301188813,40.4985712894906],[-111.859059273882,40.4991323079341],[-111.858821522887,40.499239997257],[-111.858635152784,40.4993260463999],[-111.858358010736,40.499458539327],[-111.85808388091,40.4995946787369],[-111.857813958308,40.4997340053075],[-111.857622285197,40.4998369809961],[-111.857517790779,40.4998930655804],[-111.857358968621,40.4999803992845],[-111.857106431312,40.5001242416124],[-111.857002559233,40.5001848951736],[-111.856850933413,40.5002744919198],[-111.856746477114,40.5003383467874],[-111.856601447788,40.5004297512954],[-111.856354358277,40.5005854603345],[-111.855095947102,40.5013997903901],[-111.85313374397,40.5026716884049],[-111.850500817942,40.5043792180261],[-111.85039814861,40.5044435192472],[-111.850290677359,40.5045055490645],[-111.850190347549,40.5045588722667],[-111.850038621052,40.5046324615302],[-111.849941824797,40.5046743465291],[-111.849846211875,40.5047134856548],[-111.849770900229,40.5047411366744],[-111.849670474848,40.5047761761811],[-111.849510243091,40.5048260211844],[-111.849411572189,40.5048528266559],[-111.849322456719,40.5048745765338],[-111.849230936824,40.5048945044365],[-111.849143594716,40.5049116775604],[-111.8490586429,40.5049279285117],[-111.848944949669,40.5049447233874],[-111.848792940749,40.5049634594808],[-111.848649285139,40.5049762285117],[-111.84855768557,40.5049806148562],[-111.848352931221,40.5049899089056],[-111.847961379174,40.50500707103],[-111.847348309475,40.5050344870453],[-111.847045966316,40.5050481818853],[-111.846938815144,40.5050562693661],[-111.846856212385,40.505063370901],[-111.846715565637,40.5050793284046],[-111.846548615323,40.5051040487021],[-111.846363749739,40.505138420072],[-111.846192075146,40.5051764103244],[-111.846102967491,40.5051999849954],[-111.845977387109,40.5052346381255],[-111.845873949653,40.5052664835057],[-111.845785473533,40.5052964564732],[-111.845664729153,40.5053402367562],[-111.845570298793,40.5053770832194],[-111.845484846844,40.5054129890486],[-111.845396421236,40.5054530174171],[-111.845238712682,40.5055293603097],[-111.845269602038,40.5054799032535],[-111.845254825633,40.5052815658144],[-111.845253607312,40.505277454666],[-111.845118194754,40.5049071461743]]],[[[-111.854425035815,40.5003981882923],[-111.854314734113,40.5001592883665],[-111.854214434036,40.499944073944],[-111.854145264867,40.4997942383681],[-111.854070060189,40.4996313814899],[-111.854079250736,40.4994132900566],[-111.853618838453,40.4993849910856],[-111.853630905777,40.4990986360472],[-111.853406987417,40.4990468600818],[-111.85335720239,40.4990396840178],[-111.852973737017,40.4990138935999],[-111.852426069801,40.4989879358145],[-111.851909646651,40.4989910090857],[-111.851372388026,40.4990646309409],[-111.8511775908,40.4990959112092],[-111.850876544042,40.4991102947984],[-111.850868444407,40.4991101380371],[-111.850754108514,40.4991071058953],[-111.850639860368,40.4991025504991],[-111.850525731836,40.4990964735547],[-111.850411760692,40.4990888776511],[-111.85029798116,40.4990797635871],[-111.850184426296,40.4990691348668],[-111.850185430856,40.4994057811327],[-111.849509272313,40.5009161433353],[-111.849002678239,40.5021830665071],[-111.848742430822,40.5029146418535],[-111.848817539656,40.5035394636915],[-111.848675334391,40.5038531989322],[-111.848687801865,40.5043160012423],[-111.849263803987,40.5044529837979],[-111.849657884379,40.5044007925948],[-111.85003798574,40.5043504519847],[-111.85040322383,40.5042137963685],[-111.850699838238,40.5040404762436],[-111.851130619438,40.5034960421008],[-111.851298720878,40.503367543565],[-111.853577245459,40.502054272292],[-111.85384388232,40.5019005779318],[-111.854036431966,40.501682761365],[-111.854236238236,40.5014567425631],[-111.85433788064,40.5011833904653],[-111.854440124359,40.5009083073178],[-111.854490164735,40.5007737336778],[-111.854468960701,40.5006514235109],[-111.854425035815,40.5003981882923]]],[[[-111.855895819114,40.4998415515078],[-111.856273423006,40.4999260436711],[-111.856662193047,40.4999044096467],[-111.857036915053,40.4998377611379],[-111.857369891202,40.4997133990268],[-111.857626110537,40.4995582533947],[-111.857887105361,40.499394988285],[-111.858140154936,40.4991978175168],[-111.858318689946,40.4989580767198],[-111.858397648368,40.4986687048897],[-111.858373678895,40.4983762958792],[-111.858237166637,40.4981100046943],[-111.858053803897,40.4978555028147],[-111.857831294434,40.497671970657],[-111.857233717928,40.4972139505558],[-111.857062982732,40.4970828259287],[-111.856930464729,40.4969319294567],[-111.856280962521,40.4961591204555],[-111.856216241298,40.4959462136825],[-111.856309695478,40.4956867738156],[-111.856320753903,40.4956402449853],[-111.856327168904,40.4956049731296],[-111.856328563093,40.495588889014],[-111.856331686351,40.4955528499671],[-111.856331645434,40.4955214990619],[-111.856329567733,40.4954911476919],[-111.856323299568,40.4954372291499],[-111.856315313753,40.4953998000679],[-111.856308009049,40.4953755669305],[-111.856305653222,40.4953633514073],[-111.856288516297,40.4953179160673],[-111.856266679643,40.4952715800246],[-111.856264811696,40.4952671800614],[-111.85624897033,40.4952394272889],[-111.856229128232,40.4952070531879],[-111.856198354444,40.4951654453378],[-111.856172239343,40.4951340485162],[-111.856143611982,40.4951024999222],[-111.856075006901,40.4950301711281],[-111.855981812941,40.4949381033166],[-111.855921034604,40.4948817278611],[-111.855822848978,40.4947955873997],[-111.855759162328,40.4947433741718],[-111.855709354198,40.4947035819187],[-111.855509138305,40.4945563970095],[-111.855437311885,40.4945083626843],[-111.855311955383,40.4944290153462],[-111.855279414536,40.4944094615401],[-111.85522735285,40.4943787825921],[-111.855202519153,40.4943647628844],[-111.855154727024,40.4943377804545],[-111.855086516994,40.4943009192707],[-111.855033214131,40.4942731204547],[-111.854972153301,40.4942424686624],[-111.854921798636,40.4942183352354],[-111.854892224724,40.494205802272],[-111.854853641511,40.4941913801514],[-111.854839312098,40.4941867837555],[-111.854821566647,40.4941810917894],[-111.854787195678,40.4941716091876],[-111.85475157305,40.4941632488879],[-111.854700251389,40.4941541372913],[-111.854688972522,40.4941527151972],[-111.854659413746,40.4941489880151],[-111.854614817874,40.4941454486322],[-111.854573164633,40.4941442967742],[-111.854538405794,40.4941443911564],[-111.854508503134,40.4941457703735],[-111.854483818498,40.4941479218041],[-111.854452443776,40.4941513722953],[-111.854420654431,40.4941556228482],[-111.854409300926,40.4941577744604],[-111.854385529746,40.4941622799287],[-111.854346020201,40.4941711864044],[-111.85431968737,40.494178296884],[-111.854294821282,40.4941857217279],[-111.854262440821,40.4941970039644],[-111.854247438339,40.4942027301952],[-111.854241344573,40.4942050559101],[-111.854210855415,40.4942177706423],[-111.854182671006,40.4942311169112],[-111.854157833536,40.4942442936532],[-111.854138636871,40.4942553765986],[-111.854112139928,40.4942711141969],[-111.85399384691,40.494342891384],[-111.853138255708,40.4948626673232],[-111.852299467125,40.4953725168832],[-111.852177121098,40.4954540135455],[-111.852172005662,40.4954575934213],[-111.852064302776,40.4955329616214],[-111.85202010226,40.495565528855],[-111.851863961274,40.4956851906679],[-111.851781639928,40.4957528634566],[-111.851777997213,40.4957560894675],[-111.851597884296,40.495915587132],[-111.851524366358,40.495985789162],[-111.851491626151,40.4960186487149],[-111.851441496501,40.4960689614417],[-111.851398407474,40.4961143070404],[-111.851324730927,40.4961945752048],[-111.851270214459,40.4962562519271],[-111.851224448924,40.4963103933484],[-111.851170793307,40.4963768612314],[-111.851128375851,40.4964308322737],[-111.851028407928,40.4965672608832],[-111.850984366035,40.4966311431215],[-111.850901106084,40.496760810432],[-111.850855246871,40.4968374799977],[-111.850834503512,40.4968738111893],[-111.850824271793,40.4968939625945],[-111.850817927907,40.4969064555293],[-111.850806970074,40.4969326907266],[-111.850804844527,40.4969389399142],[-111.850796249307,40.4969641990116],[-111.850787636505,40.4969988962433],[-111.850783562653,40.4970206376439],[-111.850780951492,40.4970418955563],[-111.850779391266,40.4970642688429],[-111.850778897466,40.4970903133044],[-111.850780290896,40.4971169924281],[-111.850784441231,40.4971510120332],[-111.850795144173,40.4971973148473],[-111.850805774073,40.497229397715],[-111.850819331479,40.4972611521098],[-111.850841336603,40.4973075813792],[-111.850869448147,40.4973611816897],[-111.850908313127,40.4974302478724],[-111.850971199389,40.4975305579634],[-111.851008102589,40.4975844516068],[-111.851042673893,40.4976324408161],[-111.851087339903,40.4976898252382],[-111.851133672576,40.4977457682222],[-111.851199775103,40.4978203443707],[-111.851259743349,40.4978823172405],[-111.851296120495,40.4979152819823],[-111.851327650838,40.4979417104263],[-111.851393832194,40.4979907223585],[-111.851427850324,40.4980125098294],[-111.851462701585,40.4980336553793],[-111.851479070171,40.4980426174818],[-111.851523359778,40.4980668660166],[-111.851592384189,40.4980990933002],[-111.8516366394,40.4981173350262],[-111.851680467969,40.4981338200838],[-111.851737489856,40.4981520225506],[-111.851744022082,40.498153886954],[-111.851777943809,40.4981635654127],[-111.851866801124,40.4981858266063],[-111.851896148458,40.4981946857316],[-111.851916694841,40.498201653949],[-111.851952975652,40.4982156057282],[-111.851987797528,40.4982309992047],[-111.852015917708,40.4982452942852],[-111.852041109187,40.4982599178645],[-111.85205806786,40.4982700434632],[-111.852062943285,40.4982729538976],[-111.852100963705,40.4982998417384],[-111.852131651543,40.4983249945724],[-111.852228790369,40.4984109808579],[-111.852308675675,40.4984792838204],[-111.852365612894,40.4985214533693],[-111.852430296562,40.4985639192956],[-111.852468296197,40.4985864923993],[-111.852520767096,40.498614934259],[-111.852528390617,40.498618624413],[-111.85258014684,40.4986436750111],[-111.85264349598,40.4986709655601],[-111.852711231666,40.4986964858385],[-111.852760709989,40.4987126337768],[-111.852804520698,40.4987257638059],[-111.852862575267,40.4987409267592],[-111.852881620537,40.498745006665],[-111.852931719782,40.4987557374741],[-111.852975296964,40.4987640743559],[-111.853041277906,40.4987739413471],[-111.85309824038,40.4987804808197],[-111.853162730545,40.4987853990458],[-111.85320962354,40.4987874947339],[-111.853411218087,40.4987950352885],[-111.853672727131,40.4988132592551],[-111.853868795705,40.498845101641],[-111.854100265393,40.4988825887203],[-111.854320368374,40.4989477503143],[-111.854527391198,40.4990334032417],[-111.854688523685,40.4991084895362],[-111.854885361261,40.4992478562231],[-111.855084541015,40.4993944057052],[-111.855290657615,40.4995466858115],[-111.855553714642,40.4996920645452],[-111.855895819114,40.4998415515078]]],[[[-111.896145650118,40.471574693266],[-111.896136539555,40.4746446481962],[-111.896135778407,40.4752057947034],[-111.894774723011,40.4752019839565],[-111.891352183701,40.4765995592196],[-111.891353498861,40.475997541678],[-111.887681311822,40.4788240136395],[-111.888331723444,40.4788207874244],[-111.886387418588,40.4804294852833],[-111.886038559269,40.481223199171],[-111.885271213206,40.4818134666443],[-111.884371822483,40.4828945226784],[-111.884037900979,40.4824700997471],[-111.883251860461,40.4824713070372],[-111.88324406523,40.4835198637254],[-111.88316311699,40.4835849059],[-111.883205471061,40.4824713795518],[-111.883048727572,40.482471731909],[-111.885698829404,40.4794306381031],[-111.885693734737,40.4788325447742],[-111.886136863694,40.4788316458692],[-111.887000299555,40.4788273715722],[-111.887064545141,40.4788257219519],[-111.887061258883,40.4782110778276],[-111.887059478606,40.477877989434],[-111.887259324791,40.4777612322263],[-111.887444896649,40.4776528145061],[-111.887630466737,40.4775443964914],[-111.887816037416,40.4774359781744],[-111.888001606321,40.4773275586625],[-111.888325271445,40.4775146397072],[-111.888413265717,40.4774632287395],[-111.888818047066,40.4772267312687],[-111.888867445,40.4771978700231],[-111.888701887073,40.476845464443],[-111.88890172624,40.4767287025914],[-111.889101709298,40.4766118552582],[-111.889287272739,40.4765034327797],[-111.889472835586,40.4763950091023],[-111.889649310855,40.4762919234279],[-111.889686946542,40.4762699337206],[-111.889864624603,40.4761359463053],[-111.890080494037,40.4759731584705],[-111.890315925729,40.4757956173284],[-111.89042201527,40.4755611744973],[-111.890613204328,40.4755210939382],[-111.890906927814,40.4754535568633],[-111.891196182078,40.4753831016563],[-111.891355509317,40.4753464530693],[-111.891355918842,40.4751923401456],[-111.89135678662,40.4750369054178],[-111.891357237127,40.4747121108107],[-111.891358385465,40.4745091113779],[-111.891358765167,40.4741719608529],[-111.891359195432,40.4738436358977],[-111.891359666146,40.4735223713928],[-111.891360581851,40.4732787740497],[-111.891361739685,40.472794633649],[-111.890922499413,40.4730451389302],[-111.89073331076,40.4731498009982],[-111.890544120502,40.4732544897777],[-111.890354894291,40.473359179266],[-111.89029670367,40.4733913783588],[-111.890080064656,40.4735112274117],[-111.889832073383,40.473648418603],[-111.889565411831,40.4737959642003],[-111.889295344594,40.4739453874209],[-111.888977117844,40.4741214301821],[-111.888721560927,40.474262844452],[-111.888371906172,40.4744562820587],[-111.888124373632,40.474593221281],[-111.887938068652,40.4747008888662],[-111.88775252101,40.4748093218443],[-111.887566973963,40.4749177554208],[-111.887381426323,40.4750261877985],[-111.887195878098,40.4751346207785],[-111.887010364658,40.4752430524427],[-111.886824815255,40.4753514848262],[-111.886639265258,40.4754599160108],[-111.886453714676,40.4755683477977],[-111.886396641454,40.4756017218998],[-111.886211090097,40.4757101523961],[-111.886026188604,40.4758193225356],[-111.885851408504,40.4759384780863],[-111.885676591236,40.4760576334913],[-111.885501810073,40.4761768164275],[-111.885327028143,40.4762959711799],[-111.885154107547,40.4764138299007],[-111.884922743516,40.4764752757374],[-111.884691379064,40.4765367202151],[-111.884460014201,40.4765981651349],[-111.884211240817,40.476664249796],[-111.884024632674,40.4767137997513],[-111.883658537192,40.4768516619869],[-111.883594077312,40.4768759449388],[-111.883103184598,40.4770608213163],[-111.882707813155,40.4772097013388],[-111.882505828199,40.4773059639812],[-111.882299580341,40.4774051499844],[-111.881801722548,40.4776445318668],[-111.881498640738,40.4777902826458],[-111.881300922217,40.4778853765299],[-111.881103132385,40.4779804703072],[-111.880905844357,40.47807534237],[-111.880706423736,40.4781683550086],[-111.880507002567,40.478261366404],[-111.8803075443,40.478354378476],[-111.880108123374,40.4784474161991],[-111.879908700581,40.4785404274669],[-111.879647894089,40.4786620455021],[-111.879448470042,40.4787550559788],[-111.879249008887,40.4788480653307],[-111.879049584933,40.4789410751181],[-111.878850159252,40.479034083666],[-111.878650696467,40.4791270919894],[-111.878451269704,40.4792201007524],[-111.878190459356,40.4793417434258],[-111.877991031335,40.4794347504972],[-111.877791602776,40.4795277581265],[-111.877592173668,40.4796207645124],[-111.877392091844,40.4797129225024],[-111.87718118437,40.479791086558],[-111.877116287728,40.4798151475653],[-111.876891746481,40.4798983514459],[-111.876768157851,40.4799441746572],[-111.87665385326,40.4800113802442],[-111.876419187931,40.4801493516467],[-111.876181512101,40.4802890874814],[-111.875935056057,40.4804340122672],[-111.87576223967,40.4806281686553],[-111.875586957134,40.4808250776677],[-111.875378970743,40.4810543916532],[-111.875341109634,40.4811008445636],[-111.874977230977,40.4808501563828],[-111.874748447307,40.4806934803754],[-111.874385778669,40.4808045287884],[-111.873798668399,40.4809834141396],[-111.873446089342,40.4810908638024],[-111.872959932842,40.4812391290876],[-111.87231612636,40.4814360064645],[-111.87224544347,40.4825006601955],[-111.867587545344,40.4824901359625],[-111.86755787821,40.48327787601],[-111.867556322353,40.4832769703997],[-111.86694415508,40.4835108507581],[-111.866520500884,40.483782560781],[-111.866356871218,40.4838561578546],[-111.866559093578,40.4842078999846],[-111.866314387854,40.4841822260734],[-111.865929302243,40.4841933973173],[-111.865910787923,40.484196447796],[-111.865344484215,40.4835787080721],[-111.866302840746,40.482226151401],[-111.866465929889,40.4818505327913],[-111.867054775681,40.4816275501722],[-111.866818192118,40.4810434118034],[-111.866617239791,40.4809195213408],[-111.866614333656,40.4807562595141],[-111.866834220033,40.4807519543486],[-111.866862678314,40.4802553367149],[-111.866617797193,40.4798887450877],[-111.866567793806,40.4789327502309],[-111.872483918154,40.4788975794242],[-111.872509604577,40.4772456245949],[-111.872515208265,40.4768852635162],[-111.872526418855,40.4764942681618],[-111.872532802838,40.4762715945376],[-111.872667354982,40.4762656747226],[-111.872726231785,40.4763235437994],[-111.872668091222,40.4764006138166],[-111.872753957149,40.4766976814698],[-111.872896516586,40.4768407994503],[-111.873140433782,40.476919260893],[-111.87318086932,40.4769286341745],[-111.873330740563,40.4769633731748],[-111.873388499496,40.4769602198247],[-111.873544371944,40.4769517084932],[-111.873604851235,40.4769269259432],[-111.87367558195,40.4768979418349],[-111.874004746109,40.4767839169708],[-111.875044255013,40.4761866947673],[-111.87534793849,40.47592368497],[-111.875578207138,40.4757362458196],[-111.875665805981,40.4756191243352],[-111.875703508814,40.4755687163378],[-111.875907435934,40.4752879807611],[-111.876075715777,40.4750638459891],[-111.876124074308,40.4750260803175],[-111.876148345141,40.4750071251327],[-111.876926851091,40.475028144864],[-111.877387511618,40.4749059879867],[-111.877602187992,40.4747951513611],[-111.877874775661,40.4746088076535],[-111.877931318161,40.4744774238072],[-111.878058617402,40.474292357991],[-111.878334148722,40.4742550232571],[-111.878494681001,40.4741701256974],[-111.878603792962,40.4741124217236],[-111.878929117095,40.47406601599],[-111.879370054803,40.47402247435],[-111.879632691054,40.4739552130112],[-111.879730127675,40.4739411694678],[-111.879862640196,40.4739220714555],[-111.879956160205,40.4738272395502],[-111.880006063474,40.4737766365407],[-111.88003094066,40.4737454836896],[-111.880162986628,40.4735801338278],[-111.880334301098,40.4734921096933],[-111.880445251199,40.4733192063074],[-111.880445748081,40.4733184319876],[-111.880732750123,40.4730317116765],[-111.880733666033,40.4730307955012],[-111.880860653471,40.4729817895135],[-111.880878636784,40.4729736320307],[-111.881161838182,40.4728762440585],[-111.881192593647,40.4728656683044],[-111.881244405214,40.4728625133083],[-111.881278883246,40.4728613753021],[-111.881473954422,40.472853155339],[-111.881485693059,40.4728514888387],[-111.881740282338,40.4728190234064],[-111.881936976537,40.4727796811038],[-111.88202166456,40.4727627421916],[-111.88210574392,40.4727535826972],[-111.882216247647,40.4727415441829],[-111.88223971391,40.4726951628743],[-111.882308197351,40.4725598076445],[-111.882416420213,40.4724237363354],[-111.882524403546,40.4722881385101],[-111.882536940079,40.4722731441684],[-111.882861079171,40.4718854229891],[-111.88298132028,40.4716579028256],[-111.883023723159,40.4716577641609],[-111.883340377028,40.4716546613085],[-111.883658838966,40.4716522406287],[-111.891364869254,40.4715779687945],[-111.891364866843,40.4715791945063],[-111.89136550835,40.4715791932633],[-111.896145650118,40.471574693266]]],[[[-111.91256771468,40.5226323687942],[-111.912716907214,40.5223883282521],[-111.91253467726,40.5223889697788],[-111.912535069048,40.5221259547398],[-111.912534317699,40.5216739968449],[-111.91233775773,40.5212695866015],[-111.912189313566,40.5209602362595],[-111.912028858437,40.5206297653109],[-111.911866377925,40.5202917444983],[-111.911713800779,40.519970093512],[-111.911563027417,40.5196614186516],[-111.911525366269,40.5195809908314],[-111.911421050786,40.5193621786344],[-111.911270651835,40.5190558570261],[-111.911122216136,40.5187465041742],[-111.910973782968,40.5184371519942],[-111.91077923076,40.518034243728],[-111.910372073951,40.5171891872364],[-111.910320815725,40.5170746234049],[-111.910277040407,40.5169840301034],[-111.910255282068,40.5130715620587],[-111.910265209,40.5130648576305],[-111.910299925637,40.513041412034],[-111.910383522329,40.5129849530093],[-111.910444064579,40.5129161205825],[-111.910500984141,40.5128406059182],[-111.91058687007,40.5127236109036],[-111.910666706075,40.5126054464565],[-111.910743533006,40.5124888685063],[-111.910822388727,40.5123712306122],[-111.910905771061,40.5122493737908],[-111.910982600321,40.5121342969203],[-111.91106306128,40.5120139388743],[-111.911156821138,40.5118653604292],[-111.911245770511,40.5117125678649],[-111.911292398661,40.5116365980744],[-111.911331170818,40.5115530225377],[-111.911393617153,40.5114267404196],[-111.911427717045,40.511341689888],[-111.91144257193,40.5112977381533],[-111.911459501063,40.5112567114156],[-111.911470401054,40.5112145720163],[-111.911479410831,40.511173421783],[-111.911483634585,40.5110866299391],[-111.911489175174,40.5110068913001],[-111.911500058517,40.5109343988627],[-111.911514303579,40.5108538992833],[-111.911531261923,40.5108171564762],[-111.911542176797,40.5107708500346],[-111.911560190859,40.5107246654536],[-111.911577074038,40.5106789873635],[-111.91159424986,40.5106356650558],[-111.911605828754,40.5105995003874],[-111.91160933878,40.510563252387],[-111.911608813334,40.5105189619856],[-111.911608182597,40.5104744296976],[-111.911609240441,40.510425413802],[-111.911621425898,40.5103777240973],[-111.911639320485,40.5103338634088],[-111.911659256512,40.5102929701564],[-111.911679726736,40.5102567256106],[-111.911709472056,40.5101836562403],[-111.911732864046,40.5101153831494],[-111.911754622517,40.5100466420873],[-111.911779299939,40.5099757284731],[-111.911789760836,40.5099420397937],[-111.911799946608,40.5098617642462],[-111.911809345144,40.5097888870138],[-111.911821893833,40.5096985689082],[-111.91182975635,40.5096231943592],[-111.911830713914,40.509576751751],[-111.91183089683,40.5095616961333],[-111.911782939695,40.5095598014343],[-111.911754086034,40.509544916289],[-111.911714212689,40.5095113603292],[-111.911694759618,40.509475183079],[-111.911688877053,40.5094302585602],[-111.911699090447,40.5093880134515],[-111.911718784955,40.5093478189702],[-111.911740174018,40.509310988497],[-111.911764603708,40.5092770976316],[-111.911788522689,40.5092410903937],[-111.911812465809,40.5092036124202],[-111.911838311761,40.5091662754488],[-111.911864101984,40.5091257686293],[-111.911889687204,40.5090837522531],[-111.91191364344,40.5090443595794],[-111.91193370775,40.5090050661362],[-111.911950314967,40.5089640197071],[-111.911964412702,40.5089206577028],[-111.91197780636,40.5088771567804],[-111.911986450988,40.5088352332552],[-111.911990070859,40.5087943603586],[-111.911992162873,40.5087222238281],[-111.911992155438,40.5086801289883],[-111.911992354634,40.5086359080548],[-111.911992965632,40.5085911038987],[-111.911992501233,40.5085477786713],[-111.911990248959,40.508500096423],[-111.911991282909,40.508451864074],[-111.911991902212,40.5084043302301],[-111.911996010836,40.5083556872123],[-111.912003919407,40.5083114625836],[-111.9120136766,40.5082683688855],[-111.912028351445,40.5082256478458],[-111.91203781089,40.5081869860409],[-111.912046283663,40.5081467147665],[-111.912048190707,40.5081076742546],[-111.912044157355,40.5080698614061],[-111.912036822062,40.5080319448931],[-111.912024614513,40.5079941373694],[-111.912009928238,40.5079551894197],[-111.911995153713,40.5079162787017],[-111.911977817228,40.5078759243539],[-111.911961645971,40.5078325516676],[-111.911951900677,40.507792163423],[-111.911945466393,40.5077504486915],[-111.911945207861,40.5077074073096],[-111.911944760311,40.5076635443624],[-111.911947029996,40.5076179175336],[-111.911949142247,40.5075739663352],[-111.911953719194,40.5075282449381],[-111.911961080244,40.5074828487679],[-111.911970053059,40.5074386365956],[-111.911979911268,40.5073935297353],[-111.911989721337,40.5073478772915],[-111.912000490089,40.5073031130491],[-111.912010580979,40.5072572713934],[-111.912024539433,40.5072137693517],[-111.912036801116,40.5071679047496],[-111.912054554547,40.5071207798357],[-111.912071467875,40.5070748259242],[-111.912090725567,40.5070286746434],[-111.912110405408,40.5069846373354],[-111.912128971708,40.5069402554154],[-111.912148535994,40.5068956520412],[-111.91216603,40.5068515071351],[-111.912185702781,40.5068061216682],[-111.912222368145,40.5067191506905],[-111.912279231586,40.5065901947536],[-111.912336643069,40.5064601993856],[-111.912381487093,40.506358623681],[-111.912442539782,40.5062150508996],[-111.912481057551,40.5061264351443],[-111.912518627248,40.5060387043784],[-111.912576087868,40.5059056683316],[-111.912618780745,40.5058147062175],[-111.91266026195,40.5057257197213],[-111.912698794918,40.5056401009532],[-111.912740314419,40.5055547517303],[-111.912760594926,40.505510679749],[-111.912781405612,40.5054666833457],[-111.912802465462,40.5054225320608],[-111.91282628615,40.5053781927299],[-111.912875702484,40.505292340122],[-111.912900443756,40.5052500184321],[-111.912951649171,40.5051636857779],[-111.912979719364,40.5051203094653],[-111.913007767976,40.5050784425937],[-111.913044274459,40.5050218961612],[-111.913092486554,40.5049519870654],[-111.913122976853,40.50490985489],[-111.913154315191,40.5048663211144],[-111.913183856966,40.5048246011293],[-111.913210486687,40.5047824582258],[-111.913237427785,40.5047410842136],[-111.913266132242,40.5046994410059],[-111.913293303621,40.5046569440439],[-111.913320191405,40.5046143805316],[-111.9133470783,40.5045705066708],[-111.913372157455,40.5045295201374],[-111.91339603,40.5044858685339],[-111.913417778189,40.5044423054721],[-111.913440469179,40.5043985724715],[-111.913459306765,40.5043556059478],[-111.913478117621,40.5043129051858],[-111.913497168745,40.504268776152],[-111.913514923472,40.5042242986616],[-111.913532408741,40.5041791646947],[-111.913549914836,40.5041326032305],[-111.913572224361,40.5040833843067],[-111.913587169696,40.5040449190879],[-111.913606594069,40.5040090641501],[-111.913639372476,40.503933242927],[-111.913685945417,40.5038477241696],[-111.913710613679,40.5038048153609],[-111.913731947256,40.5037626018614],[-111.913750717143,40.5037205937363],[-111.913768743696,40.5036768284973],[-111.913785207916,40.5036338018447],[-111.913796931539,40.5035905631825],[-111.913805868031,40.5035462833833],[-111.913810748725,40.5034997322315],[-111.913815550227,40.5034529634178],[-111.913820092312,40.5034089440922],[-111.91382142921,40.503363619436],[-111.913826141005,40.5033166519078],[-111.913828156008,40.5032708925761],[-111.913829354669,40.5032235898291],[-111.913832174747,40.5031769324749],[-111.913834437447,40.5031323322143],[-111.91383803341,40.5030492075913],[-111.913840664136,40.5029913611827],[-111.91384522397,40.5029094030056],[-111.913846900074,40.5028655450895],[-111.913847515748,40.5028234731682],[-111.913847303412,40.5027804621627],[-111.913844748246,40.502737685477],[-111.913841473774,40.5026936063889],[-111.91383914797,40.5026511026683],[-111.913835442125,40.5025987235446],[-111.91383035922,40.5025338456133],[-111.913827475725,40.5024904243662],[-111.913825908705,40.5024493102609],[-111.913824486265,40.5024086918647],[-111.91382700387,40.502365858532],[-111.913828007805,40.5023245822461],[-111.913832859423,40.5022835670476],[-111.91383954268,40.5022447950314],[-111.913845363631,40.5022058486454],[-111.913857141042,40.5021629663931],[-111.913869319106,40.5021223440836],[-111.913884381048,40.5020786910357],[-111.913905970605,40.5020377463903],[-111.913931727019,40.5019983414238],[-111.913962312836,40.5019605908684],[-111.914002518594,40.5019267400547],[-111.91404675974,40.5018964871994],[-111.914092426551,40.501870407086],[-111.914135441004,40.5018464364849],[-111.914192919064,40.501815392007],[-111.914261677971,40.5017806314439],[-111.914335552521,40.501745709558],[-111.914421613072,40.5017119819245],[-111.914471641504,40.5016948839443],[-111.914520667533,40.5016811603656],[-111.914571003796,40.5016696898884],[-111.914616691029,40.5016602414354],[-111.914704917074,40.501645883743],[-111.914814984891,40.5016341558099],[-111.914868000198,40.5016298461508],[-111.914915469067,40.5016229615327],[-111.914964802428,40.5016114935364],[-111.915014294871,40.5016017441662],[-111.915064261569,40.5015900541427],[-111.915127006304,40.5015698137348],[-111.915178537994,40.5015529929077],[-111.915226692797,40.5015330103748],[-111.915270703182,40.5015113070894],[-111.915311373864,40.5014857674393],[-111.915347267937,40.5014641586346],[-111.915389239015,40.5014266528212],[-111.915440593957,40.5013732499749],[-111.915484133381,40.501333312398],[-111.915510004636,40.5013106448748],[-111.915548262533,40.5012787168637],[-111.915588467892,40.5012477086309],[-111.915629396491,40.5012165195033],[-111.915671609661,40.5011882112677],[-111.915714243421,40.5011596187417],[-111.915760471204,40.5011332378841],[-111.915807035922,40.5011091090679],[-111.915853734032,40.5010851922967],[-111.915904032484,40.5010631683583],[-111.915956194176,40.5010437314592],[-111.916006156541,40.5010292933698],[-111.916054988535,40.501013284155],[-111.916097805171,40.5009990632232],[-111.916151674192,40.5009746453589],[-111.916207398888,40.5009453802504],[-111.916251327644,40.500921237203],[-111.916290814958,40.5008985130253],[-111.916327246316,40.5008755385235],[-111.91636621397,40.5008511825106],[-111.916406899425,40.5008272292438],[-111.916446020844,40.5008037210054],[-111.916483415815,40.5007822695155],[-111.916540971763,40.5007494224254],[-111.916572041959,40.5007287399733],[-111.916584079302,40.500716794185],[-111.916615150173,40.5006842393463],[-111.916640947746,40.5006478586654],[-111.916659823645,40.5006083829758],[-111.916678850514,40.5005669713949],[-111.916698493025,40.5005249524296],[-111.916722574597,40.5004838452721],[-111.916745639416,40.5004499265692],[-111.916770517648,40.5004131339575],[-111.916792184834,40.5003775451328],[-111.916814034172,40.5003373987101],[-111.916842389411,40.5002823064916],[-111.916879698671,40.5002126830349],[-111.916900042514,40.5001715657186],[-111.916925381102,40.5001346516542],[-111.916958244385,40.5000771135909],[-111.916988861833,40.5000364568182],[-111.917057584738,40.4999673555067],[-111.917135143437,40.4999086235214],[-111.917174292754,40.4998809263214],[-111.917213697433,40.4998521637104],[-111.917282366492,40.4998067495689],[-111.917339822239,40.499762724399],[-111.917407667963,40.4997125346245],[-111.917444014914,40.4996847950809],[-111.917478689216,40.4996576756827],[-111.917516091938,40.499629736928],[-111.917564775065,40.4996048460576],[-111.917621376942,40.4995996902232],[-111.917626840301,40.4996010378343],[-111.917665357924,40.4996105367709],[-111.917688617857,40.4996221371108],[-111.917772197493,40.4996140004638],[-111.917787775203,40.4996152264483],[-111.917794875819,40.4996161512441],[-111.91772932717,40.4998498744428],[-111.91762648531,40.5004211777567],[-111.917550984383,40.5010737708117],[-111.917335212631,40.5015372341551],[-111.917256601962,40.5016816324075],[-111.91714836634,40.5018564766649],[-111.917125036556,40.5018706295057],[-111.916919387736,40.501995380506],[-111.916586851962,40.5020666798216],[-111.916343286109,40.5020169913759],[-111.91631571272,40.5020151323835],[-111.916311777936,40.5020058100351],[-111.916247755299,40.5018859197219],[-111.91617009411,40.501732453696],[-111.915954230679,40.5016664636807],[-111.91569273802,40.5016825196388],[-111.915450404094,40.5018074252214],[-111.915213782716,40.5020029066341],[-111.91520145782,40.5020171146533],[-111.915117752305,40.502159539195],[-111.915088046842,40.5023012536505],[-111.9150888733,40.5023190128891],[-111.915168439055,40.5025849770613],[-111.915288956586,40.5027567474251],[-111.915280759581,40.5030929283042],[-111.915254907476,40.503333992003],[-111.915292542229,40.5036565818168],[-111.915418603747,40.5039637301639],[-111.915568141779,40.5042203688697],[-111.915754938322,40.5044397631449],[-111.916015622448,40.5045868870841],[-111.916412211778,40.5047384014977],[-111.916416200609,40.5047439835305],[-111.916476338349,40.5047719489702],[-111.916551088048,40.5048650365525],[-111.916615862192,40.5049658126855],[-111.916666571136,40.5050620458331],[-111.916711397506,40.5051797264862],[-111.916727942624,40.5052623085122],[-111.916706476864,40.5053588009899],[-111.916637005513,40.5054738269899],[-111.91657105194,40.5055677299339],[-111.916558197247,40.5055964924362],[-111.916348060234,40.5058642829203],[-111.916250547372,40.5060625075282],[-111.916317182044,40.5063728916905],[-111.916210372555,40.5066243888379],[-111.91607584672,40.5068810275238],[-111.915869740063,40.5070995968113],[-111.915468627765,40.5074076057886],[-111.915212101575,40.5075920630461],[-111.915021293153,40.5077198107519],[-111.914829285135,40.5078677326633],[-111.914730993854,40.5080001955764],[-111.914498631681,40.508248101565],[-111.91432329622,40.5085311036539],[-111.913887010608,40.509059924551],[-111.913883105238,40.5090587747962],[-111.913854073761,40.5091878249294],[-111.913805765918,40.5094155493041],[-111.913796798916,40.5094761403945],[-111.913783700857,40.5095374818425],[-111.913787047512,40.5095420296561],[-111.913786672324,40.5095445643092],[-111.913828709308,40.5096621782576],[-111.913901924973,40.5097489227998],[-111.914077701307,40.5098580031301],[-111.914268592196,40.5098814027373],[-111.914433795642,40.5098609437366],[-111.91444138429,40.50986104298],[-111.914674929736,40.5098641135995],[-111.914685831935,40.5098691254665],[-111.914900678695,40.5098950095224],[-111.915128501933,40.5100038724739],[-111.915232230894,40.5101140402076],[-111.915244649486,40.5101192645895],[-111.915246757499,40.5101294624779],[-111.91530886355,40.5101953574774],[-111.915362351419,40.5102973007327],[-111.915349640513,40.5103805682574],[-111.9151624161,40.5105422443337],[-111.915154351159,40.5105492082605],[-111.915080302971,40.5106886441683],[-111.915036487794,40.5108713394062],[-111.91510114703,40.5112916570792],[-111.915132211674,40.5118371479429],[-111.91504317445,40.5126230888202],[-111.914944854752,40.5129693543159],[-111.91493366511,40.512995759248],[-111.914863795851,40.5132738609339],[-111.914846027515,40.5135169203758],[-111.914886804866,40.5138711811778],[-111.914762863234,40.5143334962797],[-111.914717816378,40.5145313224879],[-111.914657207232,40.5149954494285],[-111.914571080129,40.5151742592924],[-111.914359266162,40.5155461379057],[-111.91422920048,40.5156706431376],[-111.914011412854,40.5159295900289],[-111.913949937176,40.5160336823932],[-111.913866082076,40.5161519738922],[-111.913810068501,40.516285294008],[-111.913770019121,40.5164357101087],[-111.913769815925,40.5164356721013],[-111.913768834956,40.5164395057163],[-111.913779595022,40.5165587346706],[-111.913820355686,40.5166901208415],[-111.913890397578,40.516818331723],[-111.913940873344,40.5169471006782],[-111.914031378905,40.5171212388212],[-111.914102834324,40.5172397525628],[-111.914131778217,40.5172877563714],[-111.91414265545,40.5173028575223],[-111.914269195912,40.5174785431937],[-111.914463077081,40.5176447732017],[-111.914576038639,40.5176939224716],[-111.914592258839,40.5177009796457],[-111.914610837116,40.5177090623369],[-111.914826058034,40.5177769246692],[-111.915103216817,40.517827886781],[-111.915121052563,40.517832027498],[-111.915223295269,40.5178557611275],[-111.915314433141,40.5178995700355],[-111.91539750274,40.517974930332],[-111.915448718268,40.5180441264721],[-111.915454729525,40.5181474741764],[-111.915418993616,40.5182484734591],[-111.915401066648,40.5182724121679],[-111.915408907901,40.5183295718471],[-111.915473193429,40.5184614737693],[-111.915477240857,40.5184697780407],[-111.915588096579,40.5187309149298],[-111.915567319399,40.5188457165496],[-111.915458846015,40.5192616042101],[-111.915437478813,40.5194422012209],[-111.915520129632,40.5195599034346],[-111.916044123451,40.5198878244899],[-111.916359147435,40.5200217101754],[-111.916358617196,40.5200230025835],[-111.91636486308,40.5200256542038],[-111.916693410122,40.5201155077483],[-111.917012018299,40.5202053957344],[-111.917243012254,40.5201937514246],[-111.917529912376,40.520157671229],[-111.917796655096,40.5201115802438],[-111.918412602006,40.5200638724018],[-111.918978061601,40.5198873947049],[-111.919443521677,40.5196126663443],[-111.919680567814,40.5193690937119],[-111.919749276353,40.5192859136393],[-111.919806793536,40.5192352708876],[-111.919867763321,40.5192085728559],[-111.919954271987,40.5191912204199],[-111.920029578684,40.5191916016789],[-111.920112369104,40.5192203052911],[-111.920186722962,40.5192583627523],[-111.920206729346,40.5192686026187],[-111.920438358314,40.5194909301131],[-111.920570521347,40.5197072839509],[-111.920597957865,40.5198705625266],[-111.920537444348,40.5201299653187],[-111.920443619714,40.5203451125971],[-111.920366293242,40.5206640765739],[-111.920192029787,40.5209077505099],[-111.919932989754,40.5211194558202],[-111.919697555354,40.5213018298343],[-111.919419764502,40.5214566172253],[-111.919415090668,40.5214559486127],[-111.919348897569,40.5215529027114],[-111.919336601251,40.5216231014951],[-111.919366591017,40.5217432380614],[-111.919411744555,40.5218313409405],[-111.919508228931,40.5219369131575],[-111.919808704839,40.522165324499],[-111.920124326877,40.5223612447682],[-111.920471606654,40.5225284186448],[-111.920683655547,40.5225745074551],[-111.920847320967,40.5225877905705],[-111.921009254157,40.5225884698326],[-111.921092298629,40.5225596773285],[-111.921092716686,40.522558958969],[-111.921094558478,40.5225588938148],[-111.921176815047,40.5225303733527],[-111.92119088493,40.522501734949],[-111.921192438539,40.5224985728517],[-111.921226771698,40.5224286882477],[-111.921295025062,40.5223258692712],[-111.921295689204,40.5223248690471],[-111.921302876643,40.5223140408175],[-111.921343897707,40.5222824407861],[-111.921397987934,40.5222436458909],[-111.921446582018,40.522224885108],[-111.921510164588,40.5222060713041],[-111.921613210703,40.5222071298931],[-111.921703275991,40.522229680485],[-111.921752016674,40.5222570059661],[-111.921755480557,40.5222589477494],[-111.921762558993,40.5222688799348],[-111.921839814709,40.522377269776],[-111.92193904795,40.5226098768764],[-111.921918818273,40.5228957164572],[-111.921851059186,40.5230704295682],[-111.92182187075,40.5231080660618],[-111.921741083488,40.5232000703857],[-111.921726657988,40.5232593827948],[-111.921623665467,40.5233486445238],[-111.921570341639,40.5233968099266],[-111.921535403378,40.5234279765831],[-111.92147275708,40.5234634764664],[-111.921389840917,40.5235103369897],[-111.920767058592,40.5238639054736],[-111.91955753482,40.5245476252643],[-111.917752720331,40.5255545027208],[-111.917606865168,40.5256389216861],[-111.91746124147,40.5257128110373],[-111.917317440892,40.5257824601179],[-111.917197590257,40.5258379144945],[-111.9170058098,40.5259232553317],[-111.91689515241,40.5259702112985],[-111.91673098462,40.5260356993916],[-111.916507743299,40.5261169185559],[-111.916315830916,40.5261810934458],[-111.916123893553,40.5262410363137],[-111.915935626363,40.5262967322468],[-111.915756553983,40.5263439298747],[-111.915540526265,40.5263954900358],[-111.91525059537,40.5264571900158],[-111.914942132361,40.5265118988899],[-111.914703810875,40.5265466056455],[-111.914450899166,40.5265672731385],[-111.914198611104,40.5265903811359],[-111.913945421681,40.5266067581883],[-111.913490243041,40.5263376984324],[-111.912866447351,40.5259347987767],[-111.912356083559,40.5255030242463],[-111.911999163657,40.5252442604001],[-111.911769341584,40.5250732250726],[-111.91133265956,40.5247639803226],[-111.911098571252,40.5244805301266],[-111.911040653124,40.52441035162],[-111.910919865078,40.5242435025902],[-111.910899085385,40.5239356404668],[-111.911256555345,40.5234408020472],[-111.911748303235,40.5231647688842],[-111.912309910029,40.5228761734414],[-111.91236936102,40.5228449476192],[-111.91256771468,40.5226323687942]]],[[[-111.856439185119,40.4847241767529],[-111.85565929584,40.4851024323006],[-111.855635230013,40.484589936694],[-111.856208717518,40.4838285058295],[-111.856193249593,40.4824552593905],[-111.856193260561,40.4821674421224],[-111.855360172046,40.4821673634052],[-111.855022270516,40.4817418526385],[-111.854087889968,40.4819445144829],[-111.853915932068,40.482449263868],[-111.853369906283,40.4824471055445],[-111.853415359898,40.4805483374149],[-111.853452710014,40.478988029221],[-111.865791097562,40.4789375333643],[-111.865797080403,40.4792874179487],[-111.865979080254,40.4795065205999],[-111.865962235926,40.479622685892],[-111.865989625538,40.4797489112197],[-111.866066473839,40.4799016564577],[-111.865859698373,40.4800443042978],[-111.865792634671,40.4803755901079],[-111.866098858401,40.4809599002771],[-111.865937690818,40.4811777216727],[-111.865744474667,40.4815509814113],[-111.865440329817,40.4807791582676],[-111.864154375057,40.4816241908898],[-111.864534657571,40.4818403248851],[-111.864539353032,40.4825275672082],[-111.864000667775,40.4828579651674],[-111.86380942439,40.4830256656501],[-111.863234289502,40.482879172651],[-111.863509958769,40.4839021418182],[-111.863956801765,40.4838811404901],[-111.864094461963,40.4847143457002],[-111.864083532719,40.4847178505239],[-111.863800806431,40.4848085739678],[-111.863629974327,40.4848633664283],[-111.863355284856,40.4849369887497],[-111.862940415524,40.4849979818354],[-111.862707881986,40.4850007652922],[-111.862517975833,40.4850030390335],[-111.862100799964,40.4849520062205],[-111.86170156714,40.4848464347368],[-111.861616016752,40.4848172119065],[-111.861205174792,40.4846768723619],[-111.861045228166,40.4846222352318],[-111.860915334954,40.4845794434472],[-111.86003451204,40.4843664332146],[-111.859118638532,40.4842734394161],[-111.858356491823,40.4842980827109],[-111.858195535336,40.4843032868514],[-111.857293247713,40.4844550702611],[-111.856439185119,40.4847241767529]]],[[[-111.912452346126,40.5332110871125],[-111.911461024701,40.5332122986183],[-111.911302183756,40.5327821455121],[-111.911439480691,40.5317692887398],[-111.911852553121,40.5313923531675],[-111.912711766361,40.5311393119922],[-111.912790993105,40.5310786470205],[-111.913502560907,40.5313398039463],[-111.914697979744,40.5304580407819],[-111.916008253443,40.5306025931518],[-111.917199710273,40.5310395929922],[-111.917928154505,40.5304100102541],[-111.917974000229,40.5303719183101],[-111.918105812688,40.5302437552526],[-111.918185623326,40.5301660700048],[-111.918240707978,40.5301023795551],[-111.918286582302,40.5300443667284],[-111.918332429418,40.5299821203902],[-111.918370907025,40.5299241330233],[-111.918403844922,40.5298675766117],[-111.918445908807,40.5297912344647],[-111.918486087384,40.5297092551453],[-111.918511602604,40.5296484925079],[-111.918531580515,40.5295891599301],[-111.918556931242,40.5295015896341],[-111.918578540977,40.5294069776051],[-111.918594638197,40.5293180291401],[-111.918603261011,40.5292164083914],[-111.918604494809,40.5291162252219],[-111.918602283114,40.5290569727583],[-111.918596397386,40.5290019661034],[-111.918566238086,40.5286070025768],[-111.918562246263,40.5285590433329],[-111.918552706267,40.5285111047992],[-111.918548765199,40.5284716116544],[-111.918539235053,40.5284250833796],[-111.918533409996,40.5283799530715],[-111.918520129183,40.528324972803],[-111.91850680513,40.5282629376002],[-111.918294241481,40.5273719635761],[-111.918271672193,40.5273099622173],[-111.918237939967,40.5272367120012],[-111.918204344962,40.5271860368475],[-111.918157790751,40.5271325855187],[-111.918124299588,40.5270988425437],[-111.918079688745,40.5270609047258],[-111.918001683136,40.5270047440114],[-111.917940447893,40.5269696887182],[-111.917873692926,40.5269388848632],[-111.917690092548,40.5268506481828],[-111.917434164154,40.5267273951643],[-111.917358026341,40.526681043613],[-111.916865977383,40.5264031404777],[-111.916887660719,40.5263275043691],[-111.917093515936,40.5262434483107],[-111.917487943796,40.5260893213175],[-111.917782667706,40.5259642289527],[-111.917867481845,40.5259244193706],[-111.91799654178,40.5258632875753],[-111.918366770221,40.5256681336015],[-111.921553553366,40.5239240917535],[-111.92150256156,40.5238708656771],[-111.921638317164,40.5237951308251],[-111.921849778087,40.5237344376366],[-111.921934830074,40.5237093053661],[-111.921962274276,40.5237483833555],[-111.921963276659,40.5239105227498],[-111.92193646237,40.5241155782716],[-111.921880077519,40.524401186693],[-111.921881704464,40.5246643997267],[-111.921803867582,40.5249006689653],[-111.921608017533,40.5250738271851],[-111.92149447253,40.5250923884091],[-111.921343519047,40.5250455312283],[-111.921134988574,40.5250916632569],[-111.920944966515,40.5251387370885],[-111.920789628921,40.5252381274129],[-111.920705444906,40.5253029737184],[-111.920463651345,40.5255277284398],[-111.920318722603,40.5256008605802],[-111.92007961994,40.5258336721638],[-111.919979860867,40.5259449649884],[-111.919798019513,40.5260333556517],[-111.919561946537,40.5263296916289],[-111.919398499252,40.5266156817391],[-111.919367449938,40.5267247108552],[-111.919278690338,40.5270665455221],[-111.919387651664,40.5272928605774],[-111.919518834113,40.5278005232115],[-111.91975188854,40.528214011803],[-111.920227191279,40.5288689721463],[-111.920416171903,40.5290677938277],[-111.920616150332,40.5292567036567],[-111.92079573329,40.5293622501255],[-111.921075283256,40.5295584590087],[-111.921235361203,40.5297247554183],[-111.921416678637,40.5298692390364],[-111.921567114726,40.530173576916],[-111.921578809069,40.5304080573331],[-111.921487881698,40.5306155455818],[-111.921321534494,40.530801526307],[-111.921024249868,40.5309542966447],[-111.920851853458,40.5312244081941],[-111.920623332275,40.5316388222136],[-111.920297215372,40.5319214187074],[-111.919811762822,40.5321185930214],[-111.919172603628,40.5321442032381],[-111.918515219493,40.5320411464746],[-111.918077571138,40.5318978062051],[-111.917742598347,40.5318913374216],[-111.917431462079,40.5319076942382],[-111.91719348456,40.5320071476655],[-111.917075492155,40.5322199492372],[-111.917086452278,40.5323867815737],[-111.917257210665,40.5326744061773],[-111.917391197999,40.5332301308063],[-111.917413830754,40.5335387136543],[-111.917470750293,40.5337996872766],[-111.917800275031,40.5345799230647],[-111.917821193166,40.534922516425],[-111.917816006096,40.5354103656782],[-111.917708229129,40.535754458606],[-111.917580975053,40.5360688605319],[-111.917471309405,40.5363218465299],[-111.917393387113,40.5365897309806],[-111.917395308773,40.5367639951714],[-111.917438288796,40.536937460248],[-111.917407644049,40.5369795971404],[-111.917011806349,40.5369836553045],[-111.916924749012,40.53517156906],[-111.915737720315,40.535173063999],[-111.913878331262,40.5351753816938],[-111.91378510109,40.5351343287072],[-111.912016659469,40.5351366461528],[-111.911935876951,40.5350540803067],[-111.911662538398,40.5347948757011],[-111.911361848019,40.5343949721862],[-111.91166330261,40.5342373021333],[-111.911659734672,40.5339802261656],[-111.911908942983,40.5339690338547],[-111.912126381957,40.5339120092076],[-111.912452346126,40.5332110871125]]],[[[-111.900929370711,40.4715789116758],[-111.896145650118,40.471574693266],[-111.896153050151,40.4679437520407],[-111.900895529124,40.4679212782269],[-111.900895545157,40.4679230055079],[-111.900929370711,40.4715789116758]]],[[[-111.850767089832,40.5046375310099],[-111.852559490193,40.5034757618623],[-111.852581951256,40.5034894641211],[-111.852435629953,40.5035921361502],[-111.852343719489,40.5036538409964],[-111.852264424085,40.5037072261281],[-111.852121161676,40.503805666647],[-111.852003134167,40.5038881557913],[-111.851836464402,40.5040066825152],[-111.851657207126,40.5041390508314],[-111.851466239835,40.5042804273474],[-111.851325741888,40.5043892116173],[-111.851226672918,40.5044661216689],[-111.851120408219,40.5045506459677],[-111.851003343451,40.5046448657183],[-111.85089799138,40.5047307667594],[-111.850754834777,40.504850602067],[-111.850620687838,40.5049641980496],[-111.850371348676,40.5051851206772],[-111.850258827628,40.5052841576677],[-111.850142725504,40.5053901063717],[-111.849979832464,40.5055410596833],[-111.849900642673,40.5056158387687],[-111.849839452156,40.5056739988418],[-111.849781868268,40.5057300776882],[-111.849717084954,40.5057930800163],[-111.849648717167,40.5058623051849],[-111.849587536821,40.5059225364172],[-111.849377967661,40.5061412677503],[-111.849301506605,40.5062194892858],[-111.849224166335,40.5063025449854],[-111.849142329457,40.5063904456249],[-111.849076679992,40.5064610429259],[-111.848832067814,40.506724050917],[-111.848582052311,40.5069919060342],[-111.848338330707,40.5072528398552],[-111.847930665434,40.5076839980119],[-111.84791786548,40.5076838676079],[-111.844711568097,40.5076562944149],[-111.843939280448,40.5076475198905],[-111.843749380189,40.5076466965191],[-111.843831826874,40.5074987501808],[-111.843964237014,40.507396210996],[-111.844100152856,40.5072715738194],[-111.844186017402,40.5070842745769],[-111.844244195276,40.5069653878571],[-111.844301548063,40.506862377994],[-111.844368833997,40.506756577739],[-111.844422704832,40.5066804971829],[-111.844487378945,40.5065947207503],[-111.844554792028,40.5065144576624],[-111.844619528532,40.5064411053267],[-111.844692398733,40.506367038285],[-111.844783290529,40.5062804947118],[-111.844865213077,40.5062084722491],[-111.844955273924,40.506136424869],[-111.845050759442,40.5060643623443],[-111.845117436242,40.5060172315122],[-111.845171511534,40.5059818713806],[-111.845222885996,40.5059485896072],[-111.845265251939,40.5059222372779],[-111.845297705637,40.5059028161654],[-111.84533106193,40.505882701641],[-111.84537615068,40.505858410773],[-111.84542484278,40.5058313489963],[-111.845470836394,40.5058070563244],[-111.845520446139,40.5057827529715],[-111.845568251849,40.5057591447596],[-111.845616957779,40.5057348440307],[-111.845662972225,40.5057146920747],[-111.845721625175,40.5056903610585],[-111.845764929465,40.5056709078006],[-111.845807347466,40.5056549081542],[-111.845855177462,40.5056361313489],[-111.845911137671,40.5056159499392],[-111.845974318521,40.5055929860137],[-111.846029385413,40.5055748785123],[-111.846080845436,40.5055588511641],[-111.846123273789,40.5055449217988],[-111.84616390164,40.505532378322],[-111.846202733627,40.5055226004063],[-111.846243364948,40.5055107467337],[-111.846290328308,40.5054995641769],[-111.846333672011,40.5054877033578],[-111.846382444004,40.5054765154183],[-111.846428510581,40.5054667160417],[-111.846476381128,40.5054562214708],[-111.84653238773,40.5054450129778],[-111.846579365014,40.5054365914336],[-111.846613693343,40.5054302777138],[-111.846648022845,40.5054239639805],[-111.846678745534,40.5054197322359],[-111.846711276877,40.5054154942312],[-111.84675555574,40.5054098417705],[-111.846794408611,40.5054042053514],[-111.846853145047,40.5053964387376],[-111.846908274673,40.5053907541001],[-111.846956176662,40.5053864714223],[-111.846993232545,40.5053829106853],[-111.84703029193,40.5053800397686],[-111.84706012018,40.5053778810002],[-111.847090853349,40.5053757195438],[-111.847118884641,40.5053756365105],[-111.847148712882,40.505373476819],[-111.848567139456,40.5053105988732],[-111.848624995362,40.5053076655875],[-111.848685560139,40.5053040343703],[-111.848753352492,40.5052990010257],[-111.848826559052,40.5052918810969],[-111.848894344327,40.5052854671064],[-111.848977482598,40.5052755572417],[-111.849067837828,40.5052621739057],[-111.849138310739,40.505250920169],[-111.849210585228,40.5052382813362],[-111.84931627568,40.5052179500797],[-111.849378607793,40.5052060306235],[-111.849438219243,40.5051927386619],[-111.849508663757,40.5051759633455],[-111.849579096456,40.5051571175939],[-111.849641403728,40.5051403673732],[-111.849705504296,40.5051208496959],[-111.849764189479,40.5051034194761],[-111.849829187825,40.505082519366],[-111.849879738133,40.5050658032161],[-111.849929378785,40.5050477091753],[-111.849987145958,40.5050275204134],[-111.850046704058,40.5050038761598],[-111.850081901373,40.5049906567982],[-111.850117091595,40.5049760568617],[-111.850162209909,40.5049579771339],[-111.850205517187,40.5049392120581],[-111.850254235042,40.5049176696224],[-111.850304750891,40.504894051363],[-111.850354365332,40.5048711256192],[-111.850390435555,40.5048516922695],[-111.85043643737,40.504829468036],[-111.850484232445,40.5048044772492],[-111.850530220026,40.50477949275],[-111.850563580132,40.5047607563951],[-111.850597838051,40.5047406385597],[-111.85063300322,40.5047212069414],[-111.850669811353,40.5046984598716],[-111.850767089832,40.5046375310099]]],[[[-111.854849166078,40.5247005751308],[-111.854677897851,40.5246495547159],[-111.854533961128,40.5246039349619],[-111.854289242249,40.5245213369549],[-111.854047376051,40.5244343440381],[-111.853880357631,40.5243712482701],[-111.853684521083,40.5242928871876],[-111.853363367999,40.5241567861761],[-111.85337399673,40.5224620361567],[-111.853399179703,40.5224625212864],[-111.855754447312,40.5225078851754],[-111.855733326633,40.5230543027652],[-111.857354281995,40.5230770843634],[-111.857363204297,40.5224604635303],[-111.858396392532,40.5224606202659],[-111.858408405456,40.5233547279992],[-111.858409302713,40.523422441942],[-111.857659026367,40.5234238817995],[-111.85767421576,40.5245703538523],[-111.857354768351,40.5245684112548],[-111.857354465545,40.5251737274584],[-111.857348711358,40.5251787557784],[-111.856830066388,40.5251123481041],[-111.856575530758,40.5250769359545],[-111.856451853172,40.5250586712074],[-111.856303717771,40.5250349971015],[-111.856039061312,40.5249875532044],[-111.855781567141,40.5249357002887],[-111.855660722521,40.5249097496408],[-111.855431963518,40.524856712768],[-111.855184471687,40.5247938628567],[-111.855008910175,40.5247461466221],[-111.854849166078,40.5247005751308]]],[[[-111.879834571771,40.4791969198097],[-111.881264407608,40.478552521263],[-111.881496893713,40.478853339626],[-111.881915005133,40.4788512710451],[-111.881831069996,40.4810573245877],[-111.879852913917,40.4810637560973],[-111.87985389959,40.4810620021599],[-111.879866094453,40.481040528644],[-111.879878742102,40.4810171282033],[-111.879890852196,40.4809935637964],[-111.879902423585,40.4809698408307],[-111.879913449246,40.4809459683349],[-111.879923928027,40.4809219517166],[-111.879933856438,40.4808977990924],[-111.879943232159,40.4808735176747],[-111.879952050519,40.4808491155842],[-111.879960309194,40.4808245991324],[-111.879968007056,40.4807999773291],[-111.879975141778,40.4807752555856],[-111.879981708691,40.4807504429228],[-111.879987709015,40.4807255465416],[-111.87999313808,40.4807005745626],[-111.8799979971,40.480675533286],[-111.879998793205,40.4806708701652],[-111.880002281404,40.4806504308323],[-111.880005992221,40.4806252762034],[-111.880009127223,40.4806000748106],[-111.880011686466,40.48057483656],[-111.880013667622,40.4805495668629],[-111.880015071926,40.4805242756216],[-111.880015897055,40.4804989691479],[-111.880016144234,40.4804736555431],[-111.880015812325,40.4804483420157],[-111.880014901379,40.4804230375711],[-111.880011895151,40.4803785376042],[-111.879951005815,40.4796846110722],[-111.879944211004,40.4796071690854],[-111.879942646711,40.4795914048734],[-111.879940721651,40.4795756634456],[-111.879938438214,40.4795599501978],[-111.879935795245,40.4795442696365],[-111.879935717526,40.4795438673261],[-111.879932795134,40.4795286271576],[-111.879929436722,40.4795130263672],[-111.879925723576,40.4794974726571],[-111.879921654548,40.4794819714346],[-111.879917232018,40.4794665262943],[-111.879912457193,40.4794511426357],[-111.87990733246,40.4794358249541],[-111.879901857847,40.4794205786527],[-111.879896034549,40.4794054064295],[-111.87988986614,40.4793903145768],[-111.879883353825,40.4793753075938],[-111.879876499982,40.4793603890749],[-111.879869305821,40.4793455644197],[-111.879861773726,40.4793308381234],[-111.879853906076,40.4793162137805],[-111.879845706444,40.4793016976835],[-111.879837174841,40.4792872916334],[-111.879828316023,40.4792730028195],[-111.879814088742,40.4792513087701],[-111.879813325054,40.4792501359797],[-111.879812926341,40.4792494852472],[-111.87981254293,40.4792488290615],[-111.87981217482,40.4792481674227],[-111.879811822018,40.4792475012313],[-111.879811483342,40.4792468304912],[-111.879811161152,40.4792461551946],[-111.879810854275,40.4792454762461],[-111.879810562704,40.479244792745],[-111.879810286444,40.4792441055919],[-111.879810026681,40.4792434156835],[-111.879809782224,40.4792427212226],[-111.879809554264,40.4792420240064],[-111.87980934162,40.4792413240388],[-111.879809145472,40.4792406213159],[-111.879808964642,40.4792399158416],[-111.879808800312,40.4792392085127],[-111.879808652478,40.4792384984285],[-111.87980852115,40.4792377873901],[-111.879808405139,40.4792370736003],[-111.879808306819,40.4792363597533],[-111.879808223815,40.4792356431547],[-111.879808157322,40.4792349265026],[-111.879808107336,40.4792342088964],[-111.87980807386,40.4792334912367],[-111.879808056891,40.4792327726228],[-111.879808055253,40.4792320539593],[-111.879808071306,40.4792313352384],[-111.879808103875,40.4792306173645],[-111.879808151776,40.4792298994409],[-111.879808217372,40.4792291823605],[-111.879808298305,40.4792284661309],[-111.879808395759,40.479227751649],[-111.879808509729,40.4792270380141],[-111.879808640225,40.4792263270274],[-111.879808786058,40.4792256168915],[-111.879808949597,40.4792249094],[-111.879809128477,40.47922420366],[-111.879809322704,40.4792235005719],[-111.879809533457,40.479222800132],[-111.879809760736,40.4792221023402],[-111.879810003367,40.479221408101],[-111.879810262529,40.4792207174107],[-111.879810537043,40.4792200302728],[-111.879810826909,40.4792193466875],[-111.879811132126,40.4792186666548],[-111.87981145388,40.4792179910714],[-111.879811789811,40.479217319945],[-111.879812142278,40.4792166532679],[-111.879812508927,40.4792159919484],[-111.879812890934,40.4792153350819],[-111.879813288302,40.4792146835692],[-111.879813699852,40.4792140374141],[-111.879814126764,40.4792133966126],[-111.879814567864,40.4792127620692],[-111.879815023151,40.479212133784],[-111.8798154938,40.4792115108525],[-111.879815977457,40.4792108941828],[-111.879816475306,40.4792102846719],[-111.879816987342,40.4792096814191],[-111.879817513572,40.4792090853249],[-111.879818052814,40.4792084963933],[-111.879818605069,40.4792079146242],[-111.879819170342,40.4792073409181],[-111.879819749808,40.4792067743707],[-111.879820341108,40.4792062149896],[-111.87982094543,40.4792056645722],[-111.879821562766,40.4792051213173],[-111.879822191945,40.4792045870298],[-111.879822832963,40.4792040608092],[-111.879823485825,40.4792035435562],[-111.87982415053,40.4792030352705],[-111.879824827079,40.4792025359524],[-111.879825515467,40.4792020447011],[-111.87982621335,40.4792015642261],[-111.879826923071,40.479201091818],[-111.879827643462,40.4792006292817],[-111.879828374523,40.4792001766173],[-111.879829116252,40.4791997338248],[-111.879829867472,40.479199300908],[-111.879830628181,40.4791988778668],[-111.879831398386,40.4791984656019],[-111.879832178081,40.4791980632127],[-111.87983296727,40.4791976715997],[-111.87983376477,40.4791972898663],[-111.879834571771,40.4791969198097]]],[[[-111.905518518686,40.5261981588735],[-111.904828871055,40.5261980175348],[-111.904667978742,40.5224013749],[-111.904847899148,40.5224009219891],[-111.905365517296,40.522399723737],[-111.905407210653,40.5232968861403],[-111.9054594307,40.524418292408],[-111.90547318368,40.5247326511807],[-111.906432598017,40.5247279901226],[-111.906427989696,40.5247629150237],[-111.906425800998,40.5247996687039],[-111.906425997925,40.5248327397727],[-111.906426194848,40.5248658099405],[-111.906426402716,40.5249007181399],[-111.906426599644,40.5249337892075],[-111.906429313487,40.5249852241413],[-111.906466181142,40.5258151860044],[-111.905993871379,40.5258161141267],[-111.905502282256,40.5258170863306],[-111.905518518686,40.5261981588735]]],[[[-111.848496281825,40.5282327770551],[-111.849325402742,40.5277753863377],[-111.849372153889,40.5277507470032],[-111.849419462907,40.5277267327834],[-111.849467313319,40.5277033527324],[-111.849515691002,40.5276806140962],[-111.849564580642,40.5276585223233],[-111.849613969297,40.5276370855568],[-111.849663839295,40.5276163092523],[-111.849714177686,40.5275961997517],[-111.849764967985,40.5275767643083],[-111.849816196058,40.5275580083669],[-111.849867844232,40.5275399373834],[-111.849919898373,40.5275225568027],[-111.849972341987,40.527505872077],[-111.850025158576,40.5274898877579],[-111.850083527978,40.5274731960938],[-111.850515820739,40.5280829174419],[-111.850376202631,40.5280825630637],[-111.850258909456,40.5280952649153],[-111.850141663763,40.5281172306681],[-111.850037879044,40.5281466641569],[-111.849669987234,40.5282714914337],[-111.849398968772,40.5283956127714],[-111.848958857421,40.5286661742646],[-111.848754801071,40.5288301160296],[-111.848489930434,40.5290869653593],[-111.848402222019,40.5292084147856],[-111.848141087615,40.5296276851309],[-111.84810804487,40.5296873207844],[-111.846927359465,40.5296885047837],[-111.848495699705,40.5283321143136],[-111.848496281825,40.5282327770551]]],[[[-111.85551682594,40.4979432267637],[-111.855599269772,40.4978908933171],[-111.855916761832,40.4982204071265],[-111.856161098373,40.4985307835726],[-111.856431155736,40.4989097576671],[-111.85641546436,40.4991425683894],[-111.856318218109,40.4994825601744],[-111.856258995388,40.499472599731],[-111.856197731993,40.4994581641764],[-111.856189474321,40.4994562179106],[-111.85611932043,40.4994343075118],[-111.856046111643,40.4994054926031],[-111.855980737129,40.4993738872656],[-111.855918356317,40.4993372034339],[-111.85586018449,40.4992972809085],[-111.855812120532,40.4992568809716],[-111.855804997983,40.4992508957333],[-111.855609042499,40.4990717330849],[-111.855604091886,40.4990671110242],[-111.855539905204,40.4990129450085],[-111.855471672915,40.4989589227154],[-111.855459875404,40.4989495816687],[-111.85540592386,40.4989082628196],[-111.85534654346,40.4988678826038],[-111.855302689892,40.498838920558],[-111.85529443887,40.4988334718533],[-111.855216908279,40.4987862319545],[-111.855153922008,40.4987490884492],[-111.855088528149,40.4987133354971],[-111.855417363672,40.4980901006541],[-111.85551682594,40.4979432267637]]],[[[-111.91607849443,40.50063252471],[-111.91515713321,40.5014648792922],[-111.915143640457,40.5006414540143],[-111.91607849443,40.50063252471]]]]},"properties":{"zone_code":"OS","zone_description":"Public Open Space","zone_class_normalized":"Open Space/Public","jurisdiction":"draper_ut","source_rest_url":"https://services2.arcgis.com/nAPVXppTJAHM40Se/arcgis/rest/services/Zoning_Public/FeatureServer/5","extraction_method":"arcgis_rest","confidence":"rest_api"}},{"type":"Feature","geometry":{"type":"MultiPolygon","coordinates":[[[[-111.872968738715,40.4926754809088],[-111.87316582117,40.4925177259502],[-111.873301932314,40.4924087757016],[-111.873693563449,40.492095290567],[-111.873899526153,40.4919304238184],[-111.874103006242,40.4917675423024],[-111.874306486544,40.49160466132],[-111.874505002686,40.4914457521021],[-111.874703517904,40.4912868425384],[-111.874902031024,40.4911279335333],[-111.875168746707,40.4909146483049],[-111.875403282302,40.4910986507921],[-111.875430170221,40.4911188799909],[-111.875456747763,40.4911373639468],[-111.875484233971,40.4911550560733],[-111.87551059944,40.4911707921162],[-111.875712857215,40.4912593860603],[-111.875758647135,40.4912729767022],[-111.875805305699,40.4912847192446],[-111.875852164518,40.4912944798424],[-111.875922595966,40.4913071691308],[-111.875993306546,40.4913189181725],[-111.876064274997,40.4913297225326],[-111.876135478896,40.4913395804811],[-111.876206898161,40.4913484875795],[-111.876278510363,40.4913564411975],[-111.876350293082,40.4913634405062],[-111.876422223878,40.4913694810745],[-111.876494283876,40.4913745629628],[-111.876637657614,40.4913818039108],[-111.877067195433,40.4920722358587],[-111.877311525834,40.4924666737118],[-111.877023293011,40.4925749952522],[-111.877020889259,40.4925733414121],[-111.87664298572,40.4927120363162],[-111.87637843349,40.492809128204],[-111.876113880517,40.492906221292],[-111.875849325603,40.4930033119817],[-111.87553580698,40.4931183725521],[-111.875118427598,40.4932715470084],[-111.874588276557,40.4934661057185],[-111.874309588955,40.4935683786073],[-111.87404386342,40.4936658939946],[-111.873778135947,40.4937634087793],[-111.873512408894,40.4938609229541],[-111.873246681087,40.4939584374231],[-111.872980951337,40.4940559503891],[-111.872715222008,40.494153462745],[-111.872446250843,40.4942521636601],[-111.871877164368,40.494460991801],[-111.870820871084,40.494848590233],[-111.87023408078,40.4950639028053],[-111.869627034886,40.4952867241255],[-111.86922475519,40.4954336481465],[-111.869282699589,40.4954108249024],[-111.869340112484,40.4953872333075],[-111.869396978572,40.4953628797149],[-111.869453279026,40.4953377731905],[-111.869508996184,40.4953119200949],[-111.869564114749,40.4952853276818],[-111.869618615899,40.4952580059178],[-111.869672484332,40.4952299611561],[-111.86972570359,40.4952012042564],[-111.869778257192,40.4951717415757],[-111.86983012986,40.4951415839701],[-111.869881305117,40.4951107386972],[-111.869931766512,40.4950792175172],[-111.870030490091,40.4950141809435],[-111.870078722895,40.4949806863577],[-111.870154518035,40.4949255933764],[-111.870182630888,40.4949043543887],[-111.870212962593,40.4948809280738],[-111.870244127581,40.4948562824314],[-111.87055322075,40.4946088916129],[-111.870835783494,40.4943827331961],[-111.871046723585,40.4942138987351],[-111.87123284598,40.4940649265109],[-111.871471082408,40.4938742421936],[-111.871657204136,40.4937252701731],[-111.871855731428,40.4935663655742],[-111.872140717947,40.4933382572475],[-111.872323187573,40.4931922037114],[-111.872567547592,40.4929966101603],[-111.872968738715,40.4926754809088]]],[[[-111.834676594925,40.4801327427106],[-111.836449526332,40.4797360107469],[-111.837722483365,40.4801992335651],[-111.837875227377,40.480322706439],[-111.836386462803,40.4814162698734],[-111.836336832568,40.4814509579299],[-111.83627705285,40.4814900951736],[-111.836186017802,40.4815401426223],[-111.836068924158,40.4815946902389],[-111.836058468043,40.4815984198403],[-111.83595321334,40.4816359582476],[-111.835866209146,40.4816591456441],[-111.835827322562,40.481669510296],[-111.835701388151,40.4816942104839],[-111.835687009737,40.4816958835495],[-111.83557105199,40.4817078603603],[-111.835484113662,40.4817120872684],[-111.834958210487,40.4817184653439],[-111.83495207708,40.4817171833383],[-111.834932104252,40.4817130085996],[-111.834922650222,40.4817058444605],[-111.834917560951,40.4817019864965],[-111.83490733665,40.4816854197501],[-111.83491828227,40.4815537310404],[-111.834919222489,40.4815439146777],[-111.834932065967,40.4814098646029],[-111.834940340289,40.4813720055656],[-111.834941986393,40.4813644755701],[-111.834956284278,40.4813257113302],[-111.834983580571,40.481278059867],[-111.835068353788,40.4811328835445],[-111.835080444438,40.4811089366226],[-111.835101358639,40.4810675138191],[-111.835114844044,40.4810105402463],[-111.83511839248,40.4809955515622],[-111.835125343192,40.4809357877564],[-111.835125115189,40.4808893209144],[-111.835119842619,40.4808497786943],[-111.835117594491,40.4808329180654],[-111.835102834217,40.4807776418446],[-111.835093893483,40.4807570449204],[-111.835076455759,40.4807168674615],[-111.835035572241,40.4806528150024],[-111.835009204375,40.480620867406],[-111.834991845303,40.48059983435],[-111.834927763584,40.4805325295353],[-111.834868029215,40.4804652122561],[-111.834857978142,40.4804480947454],[-111.834796540067,40.4803647365691],[-111.834751256767,40.4802896337883],[-111.834745754772,40.4802823970976],[-111.8347015125,40.4801913095318],[-111.834676594925,40.4801327427106]]],[[[-111.853440567028,40.4911072398732],[-111.852882977939,40.4900869728684],[-111.853591612794,40.4900036009248],[-111.853685760878,40.4899902942991],[-111.853776647593,40.4899745172412],[-111.85384088338,40.4899610765707],[-111.853867617652,40.489955483353],[-111.853942966329,40.4899386678959],[-111.854029208579,40.4899141726212],[-111.854037856241,40.4899117167153],[-111.854177323535,40.4898666460574],[-111.854295669974,40.489821020408],[-111.854376713171,40.4897866684081],[-111.854467454613,40.4897429866874],[-111.855594077937,40.4891349596461],[-111.855574918518,40.4895108077436],[-111.855595429834,40.4895504332833],[-111.855728422357,40.489665990409],[-111.855734718289,40.489783173169],[-111.855734274767,40.4897881538393],[-111.85572090533,40.4899382441708],[-111.855784711552,40.4901811348577],[-111.855718625119,40.4902799340539],[-111.85556700986,40.4903318635246],[-111.855298431504,40.4903612079326],[-111.855292634823,40.4903618415111],[-111.855259373433,40.4903693838947],[-111.85525063738,40.4903732180501],[-111.855220447964,40.4903812842522],[-111.855195774513,40.4903918967814],[-111.855185601005,40.4903962720374],[-111.855147530152,40.4904162317965],[-111.854959794189,40.4905507453384],[-111.854954722647,40.4905538208846],[-111.854933074817,40.4905669494243],[-111.854886890996,40.4905887933794],[-111.85484567529,40.4906021901122],[-111.85479603961,40.4906126142905],[-111.854789555015,40.4906138920428],[-111.854757956539,40.4906168704971],[-111.854735162855,40.4906190180624],[-111.854712447364,40.490618052072],[-111.854680732037,40.4906167026589],[-111.854614941972,40.4906123646833],[-111.854545856215,40.4906078087973],[-111.854408701152,40.4906293082363],[-111.854349593842,40.4906648330997],[-111.854065115921,40.490939783721],[-111.853440567028,40.4911072398732]]]]},"properties":{"zone_code":"C-2","zone_description":"Community Commercial","zone_class_normalized":"Commercial","jurisdiction":"draper_ut","source_rest_url":"https://services2.arcgis.com/nAPVXppTJAHM40Se/arcgis/rest/services/Zoning_Public/FeatureServer/5","extraction_method":"arcgis_rest","confidence":"rest_api"}},{"type":"Feature","geometry":{"type":"Polygon","coordinates":[[[-111.87481272563,40.5278421871725],[-111.874823193008,40.5273285617163],[-111.875295451995,40.527340159354],[-111.875297900233,40.5271299059997],[-111.875185615825,40.5271281689194],[-111.875115919664,40.526880390903],[-111.875240818737,40.5268732944902],[-111.875362928581,40.5268680620527],[-111.875485191063,40.5268656928153],[-111.877030641645,40.5268602106113],[-111.878072021436,40.5268596229289],[-111.87807059891,40.5279273968591],[-111.878642088768,40.5279280855267],[-111.879076530248,40.527933585162],[-111.879453918455,40.5279359042577],[-111.879455275341,40.5288433312382],[-111.879456645238,40.5297592475363],[-111.879211379289,40.5297599034351],[-111.877567889563,40.5297642809766],[-111.877567910536,40.5297554850393],[-111.876894768324,40.5297553836322],[-111.876892662756,40.529751325228],[-111.876210239215,40.5297527518822],[-111.876210286302,40.5297657901865],[-111.875906266933,40.529766424188],[-111.874837864167,40.5297544835262],[-111.874779635948,40.5297544535694],[-111.87479493808,40.5289461581163],[-111.87481272563,40.5278421871725]]]},"properties":{"zone_code":"CSD-DD","zone_description":"Commercial Special District","zone_class_normalized":"Commercial","jurisdiction":"draper_ut","source_rest_url":"https://services2.arcgis.com/nAPVXppTJAHM40Se/arcgis/rest/services/Zoning_Public/FeatureServer/5","extraction_method":"arcgis_rest","confidence":"rest_api"}},{"type":"Feature","geometry":{"type":"Polygon","coordinates":[[[-111.826320068662,40.4844868240397],[-111.8263215912,40.4827302172616],[-111.827084342157,40.4827285357382],[-111.827764616659,40.4827270323204],[-111.833576608397,40.4827209014794],[-111.833594555106,40.486338371734],[-111.826318466135,40.4863355667464],[-111.826320068662,40.4844868240397]]]},"properties":{"zone_code":"MPC- Edelweiss","zone_description":"Master Planned Community","zone_class_normalized":"Other/Unknown","jurisdiction":"draper_ut","source_rest_url":"https://services2.arcgis.com/nAPVXppTJAHM40Se/arcgis/rest/services/Zoning_Public/FeatureServer/5","extraction_method":"arcgis_rest","confidence":"rest_api"}},{"type":"Feature","geometry":{"type":"MultiPolygon","coordinates":[[[[-111.884257798803,40.4948324255824],[-111.884281464669,40.4948048982068],[-111.884302949156,40.4947630857364],[-111.884323490103,40.4947143941046],[-111.884335962808,40.4946641340039],[-111.884340172287,40.4946130805777],[-111.884336055761,40.4945620229431],[-111.884287148856,40.4942616895559],[-111.884281304013,40.494199906238],[-111.884283784368,40.4941379920451],[-111.884294565246,40.4940765972781],[-111.884313532307,40.4940163698289],[-111.884340486199,40.4939579434571],[-111.884375141361,40.4939019341924],[-111.884417135407,40.4938489312975],[-111.884466023214,40.4937994945869],[-111.88452129102,40.4937541435733],[-111.884582357595,40.4937133565644],[-111.88464857774,40.4936775625457],[-111.884719255244,40.4936471393381],[-111.884793645215,40.4936224072861],[-111.884870963497,40.4936036265253],[-111.88517393054,40.4935430492047],[-111.885240170455,40.4935263165227],[-111.885303124111,40.4935033526698],[-111.885361792042,40.4934745220725],[-111.88541524138,40.4934402835008],[-111.885462621145,40.4934011819126],[-111.885503177521,40.4933578384958],[-111.885579991733,40.4932636630068],[-111.885633263617,40.4931734023418],[-111.88586329388,40.4932787336473],[-111.886457453233,40.493562490647],[-111.886492327246,40.4935780025237],[-111.886494425661,40.4936721794738],[-111.886494248455,40.4943398983293],[-111.885894287754,40.4943510862403],[-111.88590693995,40.4947638365432],[-111.885909734085,40.4948549699004],[-111.885875348982,40.4948379738869],[-111.885841580683,40.4948338910866],[-111.885766203947,40.4948269499473],[-111.885662604436,40.4948248945655],[-111.885557482196,40.4948312312286],[-111.885484551359,40.4948404581231],[-111.885375593528,40.4948623846191],[-111.885286273229,40.4948878406615],[-111.885221268142,40.4949108211407],[-111.885163332244,40.4949349761187],[-111.884840132463,40.4950959996426],[-111.884713357267,40.4951593225768],[-111.884492603902,40.4952513212651],[-111.884406357277,40.4951800205797],[-111.884314552135,40.4951128870461],[-111.884217533172,40.4950501725847],[-111.884194339653,40.495036292317],[-111.884167932929,40.4950209753448],[-111.884143797489,40.4950074124588],[-111.884257798803,40.4948324255824]]],[[[-111.887762278654,40.4969329105871],[-111.887773726063,40.4952143186164],[-111.888958751791,40.4952152725554],[-111.888958898152,40.4951082189144],[-111.890472976891,40.4951094227382],[-111.89050949315,40.4956774749895],[-111.888958164083,40.495676433091],[-111.888957781404,40.4960037699388],[-111.888414051328,40.4960033997499],[-111.888412956516,40.4969360030166],[-111.887783287569,40.4969355725201],[-111.887771391513,40.496935565062],[-111.887762278654,40.4969329105871]]],[[[-111.888959557642,40.4969424687492],[-111.888958448724,40.4963290508337],[-111.890551464564,40.4963273574478],[-111.890552039012,40.496327553661],[-111.890552609138,40.4963375131012],[-111.890570683554,40.4966917175803],[-111.89057288406,40.4968936937047],[-111.890575608751,40.4970008682979],[-111.888960079671,40.4970082239111],[-111.888959557642,40.4969424687492]]],[[[-111.887575157254,40.511704737345],[-111.887576372929,40.5112005930164],[-111.888376913679,40.5111999149491],[-111.888378941324,40.5117058614186],[-111.887575157254,40.511704737345]]],[[[-111.889537942233,40.5180862504609],[-111.889506843749,40.5172393207369],[-111.890107500341,40.5172392114624],[-111.890214770512,40.5174069566092],[-111.890615809865,40.5174068814821],[-111.89061892227,40.5180860514403],[-111.89061892178,40.5180861721189],[-111.890615789215,40.5180860510754],[-111.889537942233,40.5180862504609]]],[[[-111.891810605558,40.5207166727304],[-111.894148213744,40.5207024724382],[-111.894152491031,40.5207025751288],[-111.894149887102,40.5207102333621],[-111.894029478905,40.5210679995104],[-111.893960958464,40.5212624881491],[-111.893932259918,40.5213480670832],[-111.891813056869,40.5213593717098],[-111.891812577051,40.5212757838542],[-111.891810636461,40.520724112269],[-111.891810605558,40.5207166727304]]],[[[-111.88721129406,40.5218876294792],[-111.887210755165,40.5215178296753],[-111.887210700505,40.5213176404563],[-111.886523847681,40.5213160206809],[-111.886523543454,40.5212393729655],[-111.886521536059,40.5207352510425],[-111.886520528017,40.5204820040031],[-111.886520094319,40.5202359857533],[-111.886518433765,40.5196559774148],[-111.886514855487,40.5188562891566],[-111.888610641722,40.5188514112958],[-111.888612897764,40.51941412594],[-111.888684835668,40.5194139531356],[-111.888685144565,40.5194907891115],[-111.890039211646,40.5194876623597],[-111.890038255785,40.5192516105813],[-111.890588066799,40.5192503361494],[-111.890589498595,40.5203178397102],[-111.890589677685,40.5204817417928],[-111.890589981461,40.5210023481726],[-111.890590277716,40.5215098844477],[-111.890589638337,40.5215099271042],[-111.889141703056,40.5215146181629],[-111.889148494962,40.5217591346609],[-111.888265574252,40.5217591061807],[-111.888265570834,40.5217653516692],[-111.88826486563,40.522722676965],[-111.889128982696,40.5227227066813],[-111.889128977114,40.5228152928281],[-111.890441809195,40.5228153262656],[-111.890379657824,40.5233368633648],[-111.890369256325,40.5234260619419],[-111.890272812898,40.5240136025715],[-111.890209489114,40.5240136143724],[-111.888137842945,40.5240139807164],[-111.887211443007,40.5240141331973],[-111.887211547245,40.5239898615187],[-111.887211814228,40.5237284180699],[-111.887211505802,40.5234683120454],[-111.887211781545,40.5232082049655],[-111.887211470592,40.5229476531137],[-111.8872111647,40.5226879927867],[-111.887211440441,40.522427885629],[-111.887211134546,40.5221682243496],[-111.88721129406,40.5218876294792]]],[[[-111.904942189622,40.52635387277],[-111.904935588298,40.5261980397651],[-111.905518518686,40.5261981588735],[-111.905502282256,40.5258170863306],[-111.905993871379,40.5258161141267],[-111.906028644082,40.526638147256],[-111.90588716162,40.5266362777537],[-111.905887103021,40.5266143183943],[-111.905025226187,40.526614792461],[-111.905018123716,40.5264471366888],[-111.904942189622,40.52635387277]]],[[[-111.909146586053,40.5266911696119],[-111.909142783161,40.5257660027414],[-111.909157345558,40.5257660050438],[-111.909163938148,40.5256203305462],[-111.909958669888,40.5256241800846],[-111.909959024899,40.52562453547],[-111.909959026319,40.5256241824403],[-111.910136391448,40.525625035309],[-111.910495521773,40.5257884830766],[-111.91141971989,40.5266155459221],[-111.911301517413,40.5266155311694],[-111.910441449635,40.526615419119],[-111.910441637152,40.5266885990085],[-111.910284827339,40.5266895217206],[-111.909958419418,40.5266894759117],[-111.90977160554,40.5266896716422],[-111.909573757214,40.5266901460845],[-111.909146586053,40.5266911696119]]],[[[-111.906004137676,40.5277568151221],[-111.90597008141,40.5268729312387],[-111.906473690091,40.5268729105527],[-111.906475347578,40.5269639490855],[-111.906489774506,40.5277567953976],[-111.906004137676,40.5277568151221]]],[[[-111.857064070011,40.5278795354949],[-111.857063696522,40.5277910006866],[-111.856739915233,40.5277919180746],[-111.856736777645,40.5271137397198],[-111.856790736173,40.5271135944036],[-111.856789328908,40.5268094022229],[-111.857275121157,40.5268360662743],[-111.857918048179,40.5268713515805],[-111.858004314353,40.5268713646138],[-111.85927447143,40.5268715409013],[-111.859280442063,40.5281521623715],[-111.859231328009,40.5281602415157],[-111.859129693962,40.5281755483314],[-111.859027725811,40.5281894989231],[-111.85892545423,40.5282020895937],[-111.858822909885,40.5282133157456],[-111.858720124635,40.5282231745791],[-111.858617129161,40.5282316641984],[-111.858513955312,40.5282387800029],[-111.85841063495,40.5282445200935],[-111.85835622299,40.5282468162987],[-111.858354083937,40.5277872772372],[-111.857994353562,40.5277882917757],[-111.857996507376,40.528253131546],[-111.857497519169,40.5282514718108],[-111.857495802967,40.5278783159483],[-111.857171984655,40.527879229238],[-111.857064070011,40.5278795354949]]]]},"properties":{"zone_code":"CG","zone_description":"General Commercial","zone_class_normalized":"Commercial","jurisdiction":"draper_ut","source_rest_url":"https://services2.arcgis.com/nAPVXppTJAHM40Se/arcgis/rest/services/Zoning_Public/FeatureServer/5","extraction_method":"arcgis_rest","confidence":"rest_api"}},{"type":"Feature","geometry":{"type":"MultiPolygon","coordinates":[[[[-111.837725088293,40.4997264367899],[-111.837766287891,40.4967882513692],[-111.839609698766,40.4968035188762],[-111.842140166929,40.4968226392647],[-111.842169580277,40.49673133811],[-111.842194077432,40.4966201899077],[-111.842211562572,40.4964560990524],[-111.842215152673,40.4962111316289],[-111.842218014447,40.4959168811459],[-111.842220875012,40.4956226297333],[-111.842226138195,40.4953269006219],[-111.842230352776,40.4950142562308],[-111.842240335783,40.4943146648698],[-111.842248278401,40.4941689916043],[-111.84227452267,40.4940225290899],[-111.840448628091,40.4940271133256],[-111.840447551548,40.4937939145965],[-111.840446705121,40.4936104191525],[-111.840443399149,40.4931716187622],[-111.840452995835,40.4913404122008],[-111.848686788456,40.4913635245822],[-111.848664480782,40.4879853383503],[-111.848663426934,40.487778925974],[-111.848662815481,40.4876591628046],[-111.848661604457,40.4871375628281],[-111.848651785944,40.4860151440004],[-111.848677188931,40.4846692272045],[-111.847052061267,40.4849717872202],[-111.846683977671,40.4846818253891],[-111.846602623159,40.4846815906202],[-111.846513196536,40.4851349400416],[-111.846505688817,40.4857704531255],[-111.846570116887,40.4858906985323],[-111.846599990173,40.4860629341851],[-111.845760897055,40.4860824681718],[-111.834740360633,40.4863384354022],[-111.833594555106,40.486338371734],[-111.833576608397,40.4827209014794],[-111.827764616659,40.4827270323204],[-111.827084342157,40.4827285357382],[-111.824135313247,40.4792608631418],[-111.823094951894,40.4787975962447],[-111.823770413659,40.4783782349783],[-111.824938916317,40.4788832176916],[-111.825716316011,40.4788810855442],[-111.823822134675,40.4775734789695],[-111.823707673846,40.4768538723059],[-111.824038629536,40.4763871388721],[-111.826082817608,40.4742217777259],[-111.826388423665,40.4729551312283],[-111.826019353028,40.4703195159395],[-111.82772310177,40.4676405468208],[-111.829842553739,40.4666737675911],[-111.830712576519,40.4665458221748],[-111.831233211406,40.4660586545524],[-111.832208967172,40.4663466398431],[-111.833378025276,40.4664269294096],[-111.835518019804,40.4659403036256],[-111.836562175179,40.4657247393727],[-111.837327343482,40.4654568096634],[-111.839514650509,40.4668473664462],[-111.840599793911,40.4676601040705],[-111.84032220108,40.4690497417465],[-111.839756639788,40.4697457840243],[-111.839758793728,40.4701797905313],[-111.840274578926,40.4709161320246],[-111.841472130497,40.4714335020243],[-111.841949754489,40.4715514851198],[-111.842785896255,40.4724279377737],[-111.842902966591,40.4730786167845],[-111.843991346356,40.4745077013423],[-111.844339549579,40.4758521261087],[-111.84432466296,40.4764423642473],[-111.844005746628,40.477372135112],[-111.845257937989,40.4774118951008],[-111.84534374043,40.4790259650427],[-111.846867937428,40.4805403158756],[-111.853415359898,40.4805483374149],[-111.853370087569,40.4824395157645],[-111.853369906283,40.4824471055445],[-111.853915932068,40.482449263868],[-111.854087889968,40.4819445144829],[-111.855022270516,40.4817418526385],[-111.855360172046,40.4821673634052],[-111.856193260561,40.4821674421224],[-111.856193249593,40.4824552593905],[-111.856208717518,40.4838285058295],[-111.855635230013,40.484589936694],[-111.85565929584,40.4851024323006],[-111.856439185119,40.4847241767529],[-111.857293247713,40.4844550702611],[-111.858195535336,40.4843032868514],[-111.858356491823,40.4842980827109],[-111.858024162604,40.4847676380751],[-111.857821541863,40.4850557490352],[-111.858007178935,40.4851554754637],[-111.857714519202,40.4854681158719],[-111.85891961886,40.4860681311752],[-111.859168804349,40.4860468665324],[-111.859239075467,40.4858396616288],[-111.859715535986,40.4858725118077],[-111.859779334764,40.4858740143869],[-111.859826256963,40.4858714296848],[-111.859881907864,40.485864222466],[-111.859945160401,40.4858502590939],[-111.860014088088,40.4858272372787],[-111.860078149429,40.4857971157628],[-111.860136096049,40.485760479269],[-111.860180893667,40.4857236364152],[-111.860214368753,40.4856889348276],[-111.860247164695,40.4856453420456],[-111.860266204224,40.4856124959095],[-111.860278690044,40.4855853832347],[-111.860290765381,40.4855506672843],[-111.860298832781,40.4855152792149],[-111.860302829978,40.4854794884939],[-111.860303074669,40.4854507500848],[-111.86029569848,40.4853935829431],[-111.860252770582,40.4852003333119],[-111.860256244943,40.485179684827],[-111.860278320515,40.485162299591],[-111.860321533205,40.4851631600265],[-111.860343012081,40.4851826870799],[-111.860436537612,40.4854176509925],[-111.860449751155,40.4854468694311],[-111.860475032388,40.4854893271531],[-111.860503431902,40.4855259124668],[-111.860533210086,40.4855568765837],[-111.860579407036,40.485595246096],[-111.860624404716,40.4856247233066],[-111.860674907711,40.4856509585563],[-111.860732249196,40.4856737937325],[-111.860907399771,40.4857336366445],[-111.860992122604,40.4858437854626],[-111.86107098696,40.4859463171175],[-111.861820893376,40.4859979537363],[-111.862253418113,40.4863891502813],[-111.861849412074,40.4872418175741],[-111.861600735551,40.4873672280708],[-111.860916271554,40.4877141237879],[-111.85918812158,40.4880592578964],[-111.856284126591,40.4892277413207],[-111.855594077937,40.4891349596461],[-111.854467454613,40.4897429866874],[-111.854376713171,40.4897866684081],[-111.854324976745,40.4898085982901],[-111.854295669974,40.489821020408],[-111.854177323535,40.4898666460574],[-111.854037856241,40.4899117167153],[-111.854029208579,40.4899141726212],[-111.853942966329,40.4899386678959],[-111.853867617652,40.489955483353],[-111.85384088338,40.4899610765707],[-111.853776647593,40.4899745172412],[-111.853685760878,40.4899902942991],[-111.853591612794,40.4900036009248],[-111.852882977939,40.4900869728684],[-111.853440567028,40.4911072398732],[-111.853331879993,40.4911367132692],[-111.853156524523,40.4911533651291],[-111.85065577656,40.4938639535997],[-111.850211429409,40.4944897376678],[-111.849593059847,40.4944444552278],[-111.848769802793,40.493724476931],[-111.847719117177,40.4933208055558],[-111.847672977887,40.4931925789965],[-111.847221361656,40.4931920577202],[-111.846942101268,40.4938619873055],[-111.847083736115,40.4945604359153],[-111.846756792364,40.4946395384299],[-111.846307987607,40.4939140933017],[-111.845959956747,40.4939988368489],[-111.845644861468,40.4938509395161],[-111.845494009586,40.4943778606101],[-111.84526944713,40.4944640985209],[-111.845051279302,40.4943692436406],[-111.844710989528,40.4942183173152],[-111.84455017668,40.4940606618169],[-111.844431813257,40.4941056579583],[-111.844496971612,40.4944626512452],[-111.843900408144,40.4947143096626],[-111.843704887966,40.4946001620072],[-111.843736753108,40.4947985052194],[-111.843676304476,40.4948923195461],[-111.843567288961,40.494858533381],[-111.843435237488,40.4949277528318],[-111.843783091087,40.495128889622],[-111.843677319192,40.4955781619181],[-111.843787027958,40.4959108405174],[-111.843532533591,40.4961844367499],[-111.843231102282,40.4960085884831],[-111.843481122319,40.4962986883114],[-111.843212428908,40.4963335824932],[-111.843196380811,40.4965345453632],[-111.843290240499,40.496784796499],[-111.843156973913,40.4969364942633],[-111.842809492519,40.4969728574341],[-111.842790588729,40.4970907347332],[-111.843135417099,40.4971728200787],[-111.843301778589,40.4973025566177],[-111.843179000477,40.4976018106799],[-111.842721939381,40.4978170875663],[-111.842797565144,40.4978329885093],[-111.842904065648,40.4978506605467],[-111.842944057464,40.4978553192728],[-111.842997536492,40.4978615487396],[-111.843091803416,40.4978693347312],[-111.843154003495,40.4978717012185],[-111.843212860833,40.4978739405765],[-111.843296527874,40.4978736954625],[-111.8433323337,40.4978726368322],[-111.84336637613,40.4978716310896],[-111.843438649139,40.4978670784701],[-111.843518215887,40.4978594037255],[-111.84359046703,40.4978505102816],[-111.844359203473,40.497747175055],[-111.844102930138,40.4973460946092],[-111.844066526967,40.4972147375437],[-111.844437527643,40.496687792416],[-111.845043592605,40.4967058525346],[-111.845380502412,40.4968282618764],[-111.846236200402,40.4968970496521],[-111.847184512105,40.4961687115371],[-111.849339846345,40.4967092445795],[-111.849702442427,40.4980389250786],[-111.849116509964,40.4983067001325],[-111.848871757411,40.4984178096241],[-111.848821290403,40.4983974960057],[-111.848735858944,40.4983704654468],[-111.848725029859,40.4983680607088],[-111.848636644536,40.4983484362321],[-111.84862440956,40.4983467876524],[-111.847828506744,40.4982119335639],[-111.847810133483,40.4982727592352],[-111.847789297667,40.4983286309177],[-111.847785967514,40.4983349196451],[-111.847751482352,40.4984000555721],[-111.847718728257,40.4984506933194],[-111.847664343417,40.4985162755216],[-111.847619894328,40.4985610554468],[-111.84754870828,40.498619557548],[-111.847516027728,40.4986422770447],[-111.847481522686,40.4986662654561],[-111.84742158569,40.4987005490481],[-111.847356759506,40.4987317464076],[-111.847291097195,40.4987586063156],[-111.847238382349,40.4987755052295],[-111.847184869963,40.4987907755329],[-111.847148345673,40.4988011971919],[-111.847080171471,40.4988131814438],[-111.846394383302,40.4989361326308],[-111.846117025654,40.4990262483425],[-111.846088648121,40.4990368743507],[-111.845941815577,40.4992363639522],[-111.845987813344,40.4994966747983],[-111.846093519453,40.4996774357952],[-111.846103371203,40.4996978705583],[-111.846114047179,40.4997207830812],[-111.846126411685,40.4997560924921],[-111.846141294067,40.4998075184343],[-111.846144705933,40.499841040523],[-111.846149738287,40.4998707447715],[-111.846148437609,40.4999346203948],[-111.846146268758,40.4999524429608],[-111.846143757895,40.499973080847],[-111.846136632615,40.5000096888269],[-111.846127993986,40.500041230115],[-111.846126264644,40.5000475455819],[-111.846107019963,40.5000972117343],[-111.846090918532,40.5001257842392],[-111.84606677206,40.5001698839731],[-111.846040962172,40.5002065462278],[-111.846015118876,40.5002363884893],[-111.845972288929,40.5002805424734],[-111.84592936828,40.5003172831418],[-111.845914861301,40.5003297008278],[-111.845858191067,40.5003676951404],[-111.845800678491,40.5004001110224],[-111.845790608886,40.5004049156101],[-111.845743141917,40.5004275656566],[-111.845685578999,40.5004500590499],[-111.844049457896,40.5010818080918],[-111.843964734093,40.5011955369581],[-111.843941354983,40.5012309523997],[-111.843825585699,40.5014712756627],[-111.843782176064,40.5015619391001],[-111.843772281878,40.5015836036287],[-111.843762891785,40.5016041634685],[-111.843741933006,40.5016364701708],[-111.843728122885,40.5016559757885],[-111.843717734536,40.5016706478682],[-111.843701594275,40.5016917786574],[-111.843675729483,40.5017178992541],[-111.843640967837,40.5017514874178],[-111.843601325165,40.5017838497874],[-111.843583737824,40.5017950117964],[-111.84353654305,40.5018249665272],[-111.843491173298,40.5018492836708],[-111.843483142659,40.5018528185676],[-111.843434433772,40.5018742546203],[-111.843376860701,40.5018948871966],[-111.843308704574,40.5019112099643],[-111.843255961371,40.5019231467534],[-111.843192628895,40.5019295327492],[-111.843135781298,40.5019327999294],[-111.843129282008,40.5019328189621],[-111.8430732305,40.5019329830891],[-111.843013784506,40.5019276924166],[-111.84300577379,40.5019269800943],[-111.842937480494,40.501916017322],[-111.842885431737,40.5019043873767],[-111.841529274037,40.5015133372469],[-111.841441394897,40.5014844479373],[-111.841395824271,40.5014684585647],[-111.84135432248,40.501454316115],[-111.841314450688,40.5014407903016],[-111.841273755584,40.5014254062774],[-111.841228174554,40.5014075553739],[-111.841167940753,40.5013835466345],[-111.841099567754,40.5013564608662],[-111.839175463653,40.5013309556354],[-111.839199341498,40.4997390379265],[-111.837725088293,40.4997264367899]]],[[[-111.837722483365,40.4801992335651],[-111.836449526332,40.4797360107469],[-111.834676594925,40.4801327427106],[-111.8347015125,40.4801913095318],[-111.834745754772,40.4802823970976],[-111.834751256767,40.4802896337883],[-111.834796540067,40.4803647365691],[-111.834857978142,40.4804480947454],[-111.834868029215,40.4804652122561],[-111.834927763584,40.4805325295353],[-111.834991845303,40.48059983435],[-111.835009204375,40.480620867406],[-111.835035572241,40.4806528150024],[-111.835076455759,40.4807168674615],[-111.835093893483,40.4807570449204],[-111.835102834217,40.4807776418446],[-111.835117594491,40.4808329180654],[-111.835119842619,40.4808497786943],[-111.835125115189,40.4808893209144],[-111.835125343192,40.4809357877564],[-111.83511839248,40.4809955515622],[-111.835114844044,40.4810105402463],[-111.835101358639,40.4810675138191],[-111.835080444438,40.4811089366226],[-111.835068353788,40.4811328835445],[-111.834983580571,40.481278059867],[-111.834956284278,40.4813257113302],[-111.834941986393,40.4813644755701],[-111.834940340289,40.4813720055656],[-111.834932065967,40.4814098646029],[-111.834919222489,40.4815439146777],[-111.83491828227,40.4815537310404],[-111.83490733665,40.4816854197501],[-111.834917560951,40.4817019864965],[-111.834922650222,40.4817058444605],[-111.834932104252,40.4817130085996],[-111.83495207708,40.4817171833383],[-111.834958210487,40.4817184653439],[-111.835484113662,40.4817120872684],[-111.83557105199,40.4817078603603],[-111.835687009737,40.4816958835495],[-111.835701388151,40.4816942104839],[-111.835827322562,40.481669510296],[-111.835866209146,40.4816591456441],[-111.83595321334,40.4816359582476],[-111.836058468043,40.4815984198403],[-111.836068924158,40.4815946902389],[-111.836186017802,40.4815401426223],[-111.83627705285,40.4814900951736],[-111.836336832568,40.4814509579299],[-111.836386462803,40.4814162698734],[-111.837875227377,40.480322706439],[-111.837722483365,40.4801992335651]]],[[[-111.833576944553,40.4791059553851],[-111.833540507671,40.4718880727774],[-111.831461339471,40.4718970824793],[-111.828602022992,40.4719028855049],[-111.828635257932,40.4791209104047],[-111.833576944553,40.4791059553851]]],[[[-111.832365081181,40.460891847837],[-111.831889544546,40.4607260368407],[-111.829707284102,40.4610385539482],[-111.829417825846,40.4615965005776],[-111.828908585248,40.4620157703331],[-111.826956939526,40.4619284585615],[-111.825834571711,40.4606592593479],[-111.825817340753,40.4603487058569],[-111.826327991911,40.4599955551192],[-111.826245198169,40.4590973841237],[-111.827125509499,40.458901594479],[-111.837543883467,40.4588720261617],[-111.837555790329,40.4608335691238],[-111.838381960071,40.4608341692564],[-111.838179537908,40.4610208892508],[-111.838830940467,40.4616294661036],[-111.839491828989,40.4622468924647],[-111.839550447321,40.462593934752],[-111.833411522001,40.4627188938347],[-111.832365081181,40.460891847837]]],[[[-111.856512350413,40.4676933231153],[-111.856232599071,40.4672062056484],[-111.855932879198,40.4669793927164],[-111.85572156682,40.4669787370064],[-111.855379638327,40.46709588554],[-111.855366792835,40.4646220488456],[-111.855367151824,40.464439451947],[-111.859569672144,40.4644437602876],[-111.859577640248,40.4646961446206],[-111.859593830771,40.4677775886592],[-111.858682524837,40.4676067467071],[-111.858462115722,40.4678396288971],[-111.858381172761,40.4684091956156],[-111.856487137483,40.467946704416],[-111.856512350413,40.4676933231153]]],[[[-111.817227963617,40.4789176609819],[-111.817883769186,40.4785537667105],[-111.819382800275,40.4788561662263],[-111.819968535387,40.4791331565078],[-111.820066745402,40.4791431008272],[-111.817104752071,40.4791509273563],[-111.817039715219,40.4791509530087],[-111.81710438013,40.4790708159119],[-111.817227963617,40.4789176609819]]],[[[-111.821518365001,40.4817260309635],[-111.821521273578,40.479290362495],[-111.821531001053,40.4792913471508],[-111.822619210707,40.4790929558787],[-111.822725142075,40.4790271888083],[-111.825320539402,40.4817493491683],[-111.822704800701,40.4827737818355],[-111.822351826704,40.4820897036029],[-111.821518365001,40.4817260309635]]],[[[-111.865144027427,40.4854927901889],[-111.864799491075,40.4853072083972],[-111.864502197586,40.4854513808517],[-111.864306138016,40.4853899791694],[-111.864198665948,40.4851875349541],[-111.864120275443,40.4855084228741],[-111.864116799854,40.48552265211],[-111.864078645644,40.4856784196634],[-111.864080701309,40.4859115773558],[-111.863750361255,40.4857991217949],[-111.863370558799,40.485548533953],[-111.863154850888,40.485457425166],[-111.863001790831,40.4856929233579],[-111.863445321015,40.486014629275],[-111.863168681381,40.4862257061771],[-111.862904728816,40.4860733554547],[-111.86185643201,40.4854570654062],[-111.861787495759,40.4855003262779],[-111.861431457217,40.4853233067746],[-111.861342879666,40.4852666432649],[-111.861616016752,40.4848172119065],[-111.86170156714,40.4848464347368],[-111.862100799964,40.4849520062205],[-111.862517975833,40.4850030390335],[-111.862707881986,40.4850007652922],[-111.862940415524,40.4849979818354],[-111.863355284856,40.4849369887497],[-111.863629974327,40.4848633664283],[-111.863800806431,40.4848085739678],[-111.864083532719,40.4847178505239],[-111.864094461963,40.4847143457002],[-111.863956801765,40.4838811404901],[-111.863509958769,40.4839021418182],[-111.863234289502,40.482879172651],[-111.86380942439,40.4830256656501],[-111.864000667775,40.4828579651674],[-111.864539353032,40.4825275672082],[-111.864534657571,40.4818403248851],[-111.864154375057,40.4816241908898],[-111.865440329817,40.4807791582676],[-111.865744474667,40.4815509814113],[-111.865937690818,40.4811777216727],[-111.866098858401,40.4809599002771],[-111.865792634671,40.4803755901079],[-111.865859698373,40.4800443042978],[-111.866066473839,40.4799016564577],[-111.865989625538,40.4797489112197],[-111.865962235926,40.479622685892],[-111.865979080254,40.4795065205999],[-111.865797080403,40.4792874179487],[-111.865791097562,40.4789375333643],[-111.865793151998,40.4789375251473],[-111.866567793806,40.4789327502309],[-111.866617797193,40.4798887450877],[-111.866862678314,40.4802553367149],[-111.866834220033,40.4807519543486],[-111.866614333656,40.4807562595141],[-111.866617239791,40.4809195213408],[-111.866818192118,40.4810434118034],[-111.867054775681,40.4816275501722],[-111.866465929889,40.4818505327913],[-111.866302840746,40.482226151401],[-111.865344484215,40.4835787080721],[-111.865910787923,40.484196447796],[-111.865929302243,40.4841933973173],[-111.866314387854,40.4841822260734],[-111.866559093578,40.4842078999846],[-111.866584129731,40.4842517584957],[-111.866646003114,40.4842604491274],[-111.866737370253,40.4842754838774],[-111.866794959637,40.4842863339372],[-111.866723831477,40.4844609423641],[-111.866553878046,40.4848750914528],[-111.866353551161,40.4847752596564],[-111.866106235269,40.4845545735556],[-111.866034654341,40.4845244889511],[-111.866169576466,40.4849984568074],[-111.866391294944,40.4853010004263],[-111.8661703196,40.4854399770786],[-111.866501210326,40.4858060513203],[-111.866619152778,40.4858391678087],[-111.866783554098,40.485903145858],[-111.866615664755,40.4862484557565],[-111.866176265867,40.4863974178673],[-111.866020890425,40.4863507740458],[-111.865970398507,40.4863374329337],[-111.86589563809,40.486317678891],[-111.865332826705,40.4861706075247],[-111.865015296062,40.4858720818048],[-111.864983381098,40.4856749847059],[-111.865144027427,40.4854927901889]]],[[[-111.818093849106,40.4882604029519],[-111.818069868948,40.4831021323195],[-111.821165436394,40.4830937923381],[-111.821426836671,40.4834296244681],[-111.819655658558,40.4847811379751],[-111.81972263845,40.4854409061736],[-111.822075408141,40.4847418405177],[-111.823020284992,40.4846354907331],[-111.824040793409,40.484652086133],[-111.824601991285,40.4846939063116],[-111.824861060155,40.4847715677362],[-111.825293803435,40.4847462411246],[-111.8258254971,40.4846498761774],[-111.826320068662,40.4844868240397],[-111.826318466135,40.4863355667464],[-111.822419115719,40.4863339303013],[-111.821156128823,40.4863282343549],[-111.819037284972,40.4876571509044],[-111.818093849106,40.4882604029519]]],[[[-111.876128283462,40.4896789994304],[-111.875313837308,40.4890596789834],[-111.87497476392,40.4891529782792],[-111.874876477243,40.4891903473621],[-111.87477725659,40.4892331516722],[-111.874686882105,40.4892810429216],[-111.874586063066,40.489344951961],[-111.874514575997,40.4894030556422],[-111.874467006782,40.4894411529068],[-111.873980774037,40.4890802138658],[-111.874299090545,40.4889089967901],[-111.874841852285,40.4887280658628],[-111.875667879172,40.4884978080755],[-111.87720419849,40.488068811448],[-111.877398994706,40.4879702382972],[-111.877651726605,40.4881992620099],[-111.877695287289,40.4881679568504],[-111.877744908201,40.4881253126868],[-111.877802535216,40.4880546399072],[-111.877808842474,40.4880425355231],[-111.877844366906,40.4879743682799],[-111.877851106775,40.4879551812015],[-111.877859435203,40.4879314680643],[-111.877867225682,40.487890261005],[-111.877868377559,40.4878756696205],[-111.877871311774,40.4878384930301],[-111.877869379506,40.4878079748484],[-111.877868916749,40.4878006581906],[-111.877853941947,40.4877289163889],[-111.877844288353,40.4876966705723],[-111.877827470459,40.4876614696276],[-111.8778243773,40.4876549962947],[-111.877803040367,40.487618892225],[-111.877781885222,40.4875902723239],[-111.877775133792,40.4875811396526],[-111.877747258029,40.4875489516866],[-111.877713548907,40.4875162259607],[-111.877663047788,40.4874785462087],[-111.877635805293,40.4874616742191],[-111.87763086621,40.4874586155444],[-111.877581149497,40.4874309504318],[-111.877565726999,40.4874240908533],[-111.877543885064,40.4874143754941],[-111.877458424201,40.4873837500232],[-111.877440922125,40.4873796475146],[-111.877387650059,40.487368132253],[-111.877345338518,40.4873615907149],[-111.877278980666,40.4873562388283],[-111.877234514259,40.4873552689031],[-111.877178403352,40.4873576758214],[-111.877140269471,40.4873613414945],[-111.87712449579,40.4873628584265],[-111.877070611619,40.4873724925218],[-111.877047952632,40.4873784219558],[-111.877018935739,40.487386014514],[-111.876982557072,40.4873978184743],[-111.877185583667,40.4877338530332],[-111.875944524637,40.4881724761043],[-111.875850656654,40.4882011592166],[-111.875790247899,40.488217491483],[-111.875711628253,40.4882355518075],[-111.875640271158,40.4882491372033],[-111.875581506997,40.4882584656471],[-111.87555797917,40.4882622001494],[-111.875488050482,40.4882702152616],[-111.875417379421,40.4882760073672],[-111.875357680848,40.4882786536553],[-111.875322647554,40.4882802059345],[-111.875246111321,40.4882799026603],[-111.875135296078,40.4882752413104],[-111.874807158425,40.4882501359424],[-111.874856157557,40.4878815699037],[-111.874584165709,40.4878601801713],[-111.874521186796,40.4883378659565],[-111.873967020754,40.4884325729806],[-111.873548293185,40.4882363486373],[-111.873493456705,40.4879387912019],[-111.873559429617,40.4877404630852],[-111.873490056689,40.4877167548498],[-111.873450612367,40.4877012986867],[-111.873435736427,40.4876946691748],[-111.873409694966,40.4876830634992],[-111.873346259992,40.4876513876927],[-111.873300063777,40.4876283187419],[-111.873287518637,40.4876232028711],[-111.873244544577,40.4876056793367],[-111.87320857486,40.4875959757619],[-111.873185418397,40.4875897283287],[-111.873130710297,40.4875821116371],[-111.87308623164,40.4875789139313],[-111.872953567867,40.4875776675728],[-111.872942521268,40.4880908034898],[-111.872564238771,40.4880925636985],[-111.87205073293,40.4880246318243],[-111.871596933952,40.487811260286],[-111.87137339403,40.487584912914],[-111.871245058225,40.4873070652068],[-111.871074099245,40.4870989162078],[-111.870479234556,40.4868114141408],[-111.869663709484,40.4866921152039],[-111.86962061173,40.4869432657327],[-111.869060872932,40.4866631006753],[-111.869057414982,40.4860618550947],[-111.867455276197,40.4860537925452],[-111.867501200237,40.4847921639968],[-111.867505647905,40.4846411165011],[-111.8690510008,40.4854616111378],[-111.869454289574,40.4856192751672],[-111.86976009655,40.4857136705467],[-111.87008657627,40.4857815118147],[-111.870385073632,40.485807057321],[-111.870662698267,40.4858220727312],[-111.873445075529,40.4858238312502],[-111.873861325128,40.4858119081698],[-111.874235971568,40.485805413766],[-111.87445253001,40.4857935959107],[-111.874454171011,40.4858895966412],[-111.874450320731,40.4860908780037],[-111.882008440276,40.4860942490243],[-111.883365592893,40.4860947921544],[-111.883006077917,40.4864982361895],[-111.882917795486,40.4865898261253],[-111.882860087449,40.4866442533875],[-111.882795305631,40.4867041270587],[-111.882738744966,40.486752222097],[-111.88265269232,40.4868212881074],[-111.882565451447,40.4868856721883],[-111.882458123938,40.4869592447091],[-111.882355481273,40.4870237617653],[-111.882213863604,40.4871055818565],[-111.882084000631,40.4871719949518],[-111.881951737453,40.4872329924038],[-111.881841888662,40.4872794532525],[-111.881715475433,40.4873277754459],[-111.881551215552,40.4873834533719],[-111.878066290709,40.4885726274093],[-111.877763756247,40.4886748488502],[-111.877584163206,40.488742321431],[-111.877424703486,40.4888106330583],[-111.877297158804,40.4888698025198],[-111.877156661757,40.4889416685494],[-111.877066954474,40.4889916758715],[-111.876965456792,40.4890507602262],[-111.876781929632,40.4891687399721],[-111.876598627438,40.4893032444173],[-111.876471316515,40.4894048981637],[-111.876128283462,40.4896789994304]]],[[[-111.857022674346,40.4968173738295],[-111.85683713748,40.4966035585072],[-111.856697850983,40.4964174849632],[-111.856558570023,40.4962323262162],[-111.856434353914,40.4960654050579],[-111.856486841004,40.4957969271717],[-111.856433010968,40.4956933286999],[-111.856417273728,40.4956609223349],[-111.856405680668,40.49563167881],[-111.856395698822,40.4956037488332],[-111.856389514448,40.4955817178177],[-111.856388077948,40.4955756792881],[-111.856383095439,40.4955547361205],[-111.856378868581,40.4955298515123],[-111.856374871245,40.4955028336294],[-111.856371902126,40.4954571940042],[-111.856374059424,40.495411476645],[-111.856383288635,40.4953442553105],[-111.856397994705,40.4952939293277],[-111.856414904317,40.4952492450841],[-111.856421028416,40.4952330646234],[-111.856451866832,40.4951762900235],[-111.856473864119,40.4951433311682],[-111.856483354567,40.4951291127341],[-111.856520242786,40.495084204677],[-111.85656265294,40.4950413313266],[-111.856569677291,40.4950342304792],[-111.856614981329,40.4949956963082],[-111.856678566802,40.4949506808175],[-111.856721191555,40.4949254365339],[-111.856782694601,40.4948932516039],[-111.856856179239,40.4948624017328],[-111.857033703463,40.4948042669038],[-111.857509495346,40.4946492299609],[-111.857746791223,40.494571712141],[-111.857862153802,40.4945343351204],[-111.857963770436,40.4945020270305],[-111.858021783602,40.4944895081973],[-111.858067852313,40.4944829678779],[-111.858112135206,40.4944782611793],[-111.85817200366,40.4944771640798],[-111.858227703651,40.4944801935517],[-111.858276830991,40.4944859862679],[-111.858327179647,40.4944963456796],[-111.858374539215,40.4945076283031],[-111.858435122107,40.4945284688514],[-111.85847526277,40.4945474879005],[-111.858528175544,40.4945757231283],[-111.858565355188,40.4946007787997],[-111.858621730563,40.4946470303277],[-111.858655600368,40.4946833515687],[-111.858676426179,40.4947132672714],[-111.858683880027,40.4947239757808],[-111.858715984058,40.4947803007214],[-111.858736870243,40.4948380892234],[-111.858740380622,40.4948542042862],[-111.858748374501,40.4948909064205],[-111.858749275162,40.4949484985461],[-111.858745145574,40.4949887644777],[-111.858736917859,40.4950252145853],[-111.858726818047,40.4950616704238],[-111.858709257105,40.4951024349713],[-111.858686063477,40.4951396459549],[-111.85865913925,40.4951790099361],[-111.858613557212,40.4952284310754],[-111.858567922602,40.4952678532027],[-111.85856008274,40.4952728276913],[-111.858514773102,40.495301584119],[-111.858421511553,40.4953575785186],[-111.858659780739,40.4953011403061],[-111.858870432259,40.4952421898278],[-111.859028779928,40.4951978761046],[-111.859141446308,40.4951611986434],[-111.859338850948,40.4950969348672],[-111.859535002605,40.495026432671],[-111.85958536948,40.4950083295107],[-111.85979168951,40.4949255603725],[-111.859736463034,40.4949200166666],[-111.859629763195,40.4949110592391],[-111.859577343095,40.4949055059433],[-111.859536223115,40.4948975251026],[-111.859520980549,40.4948945666367],[-111.859419959972,40.4948652780753],[-111.859326163501,40.4948191417073],[-111.859239768089,40.4947572692251],[-111.859174855525,40.4946889033708],[-111.859144674644,40.4946425718146],[-111.859140283543,40.4946337406638],[-111.859121981134,40.4945969305603],[-111.859109145934,40.4945595795576],[-111.859106779923,40.4945526955596],[-111.859097203856,40.4945105857988],[-111.859094431119,40.4944784012077],[-111.859092221222,40.494452749511],[-111.859094854788,40.494419887322],[-111.859103947496,40.4943698636647],[-111.85911405076,40.4943341219339],[-111.859136244616,40.4942838816004],[-111.85915478558,40.4942525754816],[-111.859176132887,40.4942203700808],[-111.859185096409,40.4942085963143],[-111.859232808823,40.4941459181399],[-111.859450480041,40.4939637463744],[-111.859552014456,40.493907388912],[-111.860601177199,40.4931829000404],[-111.860635305068,40.493161926705],[-111.860720872299,40.4931216504184],[-111.860818231587,40.4930944430233],[-111.860912883379,40.4930805923156],[-111.861015904272,40.4930820823756],[-111.86110317466,40.4930946935494],[-111.861173529716,40.4931096199688],[-111.861194885856,40.4931176899892],[-111.86123522472,40.4931329331519],[-111.86129341422,40.4931629916658],[-111.861310025101,40.4931715725193],[-111.861343943095,40.4931939068166],[-111.861364682409,40.493207563218],[-111.861392621127,40.4932337272069],[-111.861409901016,40.4932499104976],[-111.861431328994,40.4932715394169],[-111.861520787886,40.4933951069459],[-111.861521632727,40.4937783875264],[-111.861398740138,40.4938257734487],[-111.861620875214,40.4941839635819],[-111.861781595524,40.4941247098396],[-111.86202835516,40.4940347755907],[-111.862318530385,40.4939340995076],[-111.862602089925,40.4938310872525],[-111.862883250475,40.4937243127994],[-111.863161926051,40.4936138070513],[-111.863439565241,40.4935057822499],[-111.863590795664,40.4934438437864],[-111.863675821044,40.4934010931241],[-111.863705805832,40.492583810792],[-111.86328627419,40.4922904184597],[-111.863254181072,40.4922670145699],[-111.863242988573,40.4922563026218],[-111.863191104734,40.4922066441525],[-111.863184964583,40.4921986056754],[-111.863160103477,40.4921660618423],[-111.863136498013,40.4921280691896],[-111.86310507114,40.4920595638199],[-111.86310288166,40.4920506656455],[-111.863094180414,40.4920153033205],[-111.863087457737,40.4919673636301],[-111.863085564627,40.4919538598577],[-111.863093483471,40.4918842292861],[-111.863116740621,40.4918046078399],[-111.863147217709,40.4917466599442],[-111.863166548235,40.4917289918314],[-111.863182477656,40.4916977363608],[-111.863214728512,40.4916623632562],[-111.863221325281,40.4916551291368],[-111.863293763253,40.491597693214],[-111.863377778693,40.4915466559995],[-111.863463287245,40.4915142102246],[-111.863472755624,40.491510618144],[-111.863596942415,40.4914849210102],[-111.86368334104,40.4914783253409],[-111.863786375207,40.4914825254724],[-111.863851553907,40.4914931705827],[-111.863891094925,40.4915022012958],[-111.863917939832,40.4915083319319],[-111.863993617381,40.4915365327319],[-111.864004546827,40.4915406054317],[-111.864053211655,40.4915630534424],[-111.864073863974,40.4915756496571],[-111.864095975489,40.4915891356119],[-111.864153030514,40.4916305408893],[-111.864199443749,40.4916746917762],[-111.864213506613,40.4916909972372],[-111.86427331066,40.4917603389903],[-111.864498450952,40.4920145585739],[-111.864880243207,40.4918922381391],[-111.864394876015,40.4910214172738],[-111.865599473423,40.4904409308933],[-111.8661788374,40.4902908701275],[-111.86666479364,40.4901655064753],[-111.866713541225,40.4906444578868],[-111.866901549313,40.4905977674791],[-111.866947110904,40.4905885964336],[-111.866965418254,40.4905849115408],[-111.867022220363,40.4905793093902],[-111.867086131823,40.4905745900221],[-111.867098072116,40.4905742581173],[-111.867122831364,40.4905735708371],[-111.867170200458,40.4905752298579],[-111.867189989132,40.4905767699741],[-111.867248379232,40.4905813132102],[-111.86729697151,40.4905902000285],[-111.867343191561,40.4905981909801],[-111.8676506423,40.4903052439318],[-111.867938226413,40.4905005025342],[-111.868184721494,40.4907609756109],[-111.868516772158,40.4906387995403],[-111.868846532383,40.490531093999],[-111.871115336104,40.4897013142821],[-111.871427189641,40.4895683463292],[-111.871768877586,40.4894786738905],[-111.872138087312,40.4894422465024],[-111.873375410699,40.4892340120804],[-111.87334761028,40.4895631461116],[-111.873428155784,40.4895692168973],[-111.873494523368,40.4895807570459],[-111.873505046434,40.4895831613769],[-111.873588176321,40.4896021543955],[-111.873656985499,40.4896272458559],[-111.873708005823,40.4896469707071],[-111.873658053198,40.4896723364828],[-111.873592015072,40.4897175897925],[-111.873537271703,40.4897709114045],[-111.873495489227,40.4898306812757],[-111.873467934023,40.4898950825077],[-111.873455445903,40.4899621599675],[-111.873458403013,40.4900298735332],[-111.873476716304,40.490096167455],[-111.873509828652,40.4901590261948],[-111.86924829842,40.4915712006019],[-111.868908896599,40.4916789303744],[-111.868897847247,40.4916824171014],[-111.868897833365,40.4916781006511],[-111.866208824021,40.4925220506966],[-111.866194353837,40.4925286773837],[-111.866187102241,40.4925343025735],[-111.866180127968,40.4925428087602],[-111.866176056385,40.4925523514503],[-111.866175129808,40.4925623625198],[-111.866177134917,40.4925715575044],[-111.866180342712,40.4925780154618],[-111.866318572073,40.4927993859943],[-111.866331917701,40.4928236843069],[-111.866344144529,40.4928483238348],[-111.866355237058,40.4928732740067],[-111.866365183332,40.4928985051412],[-111.866373970199,40.4929239848588],[-111.866381586887,40.4929496843747],[-111.8663880226,40.4929755704014],[-111.866393272454,40.4930016123346],[-111.866395450567,40.4930146819789],[-111.866398908328,40.4930408970242],[-111.866400186762,40.4930540361251],[-111.866401842613,40.4930803540682],[-111.86640229304,40.4931067000965],[-111.866401540231,40.4931330426831],[-111.866399582827,40.4931593485104],[-111.8663964242,40.4931855869481],[-111.866392068889,40.4932117246603],[-111.866386520267,40.4932377310166],[-111.866379787591,40.4932635726663],[-111.866372183638,40.4932914811745],[-111.866365218373,40.4933194858482],[-111.866358895298,40.4933475794717],[-111.866353214365,40.4933757530397],[-111.866348179065,40.4934039975354],[-111.866343789361,40.4934323057543],[-111.866340048739,40.4934606677792],[-111.866336955971,40.4934890746083],[-111.86633451338,40.4935175190295],[-111.866332722097,40.4935459920337],[-111.86633158089,40.4935744837183],[-111.866331092081,40.4936029868714],[-111.866331254442,40.4936314924911],[-111.866332067922,40.493659990671],[-111.866333533662,40.4936884742029],[-111.866338417009,40.4937453604144],[-111.866341832171,40.493773746891],[-111.866345897045,40.4938020827042],[-111.866350608047,40.4938303597599],[-111.866355965141,40.4938585708535],[-111.86636196709,40.4938867051816],[-111.866369977038,40.4939331348588],[-111.866383815699,40.4939705693052],[-111.86639237423,40.4939983164907],[-111.866401564418,40.4940259446242],[-111.866411385043,40.4940534465047],[-111.86642183252,40.4940808131375],[-111.866429937421,40.4941007401832],[-111.866432904446,40.4941080364247],[-111.86644459606,40.4941351082757],[-111.866456906135,40.4941620196886],[-111.866469828729,40.4941887625762],[-111.866481333186,40.4942106296445],[-111.866493455524,40.4942302505284],[-111.86650219644,40.4942475674932],[-111.866509001853,40.4942535098579],[-111.866521247932,40.4942601385563],[-111.866534491326,40.4942637859088],[-111.86654203069,40.4942642729517],[-111.866548520985,40.4942646921302],[-111.866559666391,40.4942633964452],[-111.866565924247,40.4942618287656],[-111.866587716305,40.4942548873398],[-111.866604605067,40.4942497948377],[-111.866621607108,40.4942449289254],[-111.866638717707,40.494240288717],[-111.866673243411,40.4942316980859],[-111.86670814212,40.4942240320754],[-111.866761092366,40.4942142877402],[-111.86681463914,40.4942066731908],[-111.866932381359,40.4941965052607],[-111.867097215764,40.4942018570925],[-111.867142628853,40.4942049938097],[-111.867243040347,40.4942021844958],[-111.867341287766,40.4941861064016],[-111.867434383287,40.4941572480121],[-111.868194856666,40.4938789843411],[-111.868028503325,40.4936140027813],[-111.869170659928,40.4927012957219],[-111.869229077329,40.4926592588546],[-111.869287024931,40.4926276476818],[-111.869338633713,40.4926033241652],[-111.869359264227,40.4925952934721],[-111.869392271156,40.4925824452619],[-111.869461479508,40.4925611335827],[-111.869526202609,40.4925467398762],[-111.869602493442,40.4925346097289],[-111.8696562221,40.4925306055341],[-111.869701992761,40.4925293768068],[-111.869721013647,40.4925288664914],[-111.869792864039,40.4925317080105],[-111.86985368151,40.4925380362495],[-111.869923071318,40.4925504730598],[-111.86997991149,40.4925644831536],[-111.869988535439,40.4925672729415],[-111.870053885088,40.492588411255],[-111.870107250514,40.4926101025249],[-111.870173232169,40.492642492456],[-111.870213050408,40.4926669120183],[-111.870245321827,40.492689437176],[-111.870380981943,40.4927871880951],[-111.87067551972,40.493002941247],[-111.87068668677,40.4930126385106],[-111.870709841051,40.4930327464025],[-111.870735590852,40.4930568266513],[-111.870762873187,40.4930855031204],[-111.870794232773,40.4931249061255],[-111.870817523322,40.4931585817403],[-111.870842891493,40.4932049066596],[-111.870866822074,40.4932638920089],[-111.870868726285,40.4932711131554],[-111.870880158813,40.4933144733319],[-111.870885467669,40.4933458454267],[-111.870887942929,40.4933604702543],[-111.870889735838,40.4934130054582],[-111.870887463993,40.4934571168729],[-111.870882124986,40.4934916503962],[-111.870871802755,40.493533485405],[-111.870855959378,40.4935761060858],[-111.870836597466,40.4936183533522],[-111.870811216034,40.4936621542591],[-111.87077880677,40.4937071274449],[-111.870742859311,40.4937478943903],[-111.87070049705,40.4937886807205],[-111.869716907513,40.4945749385576],[-111.869599449879,40.4946638840914],[-111.869474313055,40.4947475006618],[-111.869361646293,40.4948145872275],[-111.86929553581,40.4948516132174],[-111.869225898391,40.4948867320448],[-111.869115661752,40.4949388538476],[-111.869091246428,40.4949493342868],[-111.869031962306,40.4949747841552],[-111.868936213983,40.4950122860353],[-111.86869405234,40.4951004894303],[-111.867965564764,40.4953674038586],[-111.867728915736,40.4954536696869],[-111.867384515821,40.4954946359849],[-111.867105338903,40.4954903336229],[-111.866876511801,40.4951367967014],[-111.86673279433,40.4951335902853],[-111.866716025518,40.495133819287],[-111.866645981285,40.4951347760814],[-111.866530461744,40.4951419936606],[-111.866355320653,40.4951616815069],[-111.866185254842,40.4951928977843],[-111.866088376498,40.4952151414051],[-111.86601723152,40.49523501888],[-111.865885135265,40.4952774841368],[-111.865870187579,40.4952829532178],[-111.865827169401,40.4952986919233],[-111.865805991608,40.4953065273645],[-111.865423828758,40.4954512519253],[-111.865389174551,40.4954650722593],[-111.865343145009,40.4954789289556],[-111.865293522247,40.4954927968368],[-111.865221147625,40.4955067356219],[-111.865222174108,40.4953627456496],[-111.865223527012,40.4952800059063],[-111.865219153563,40.4952457371009],[-111.865214160121,40.4952078129659],[-111.865211021953,40.4951808539318],[-111.865196952578,40.495125131073],[-111.865178665086,40.4950643943122],[-111.865168340495,40.4950370001792],[-111.865155598069,40.4950054997238],[-111.865145299203,40.4949831334555],[-111.865127804138,40.4949585048373],[-111.865095797002,40.4949074092156],[-111.865074074069,40.4948759367346],[-111.865055962696,40.4948481102585],[-111.865021587886,40.4948020499398],[-111.864982418924,40.4947550904548],[-111.864955323451,40.4947268344539],[-111.864934256079,40.4947058732943],[-111.864928227375,40.4947000067708],[-111.864904763552,40.4946771681527],[-111.864893819846,40.4946681027591],[-111.864834398501,40.4946188782928],[-111.864803739208,40.4945956613012],[-111.864774897314,40.4945765534013],[-111.864722017513,40.494541063996],[-111.864717727873,40.4945385530189],[-111.864663756546,40.4945069629017],[-111.864630734444,40.4944896952573],[-111.8646257349,40.4944872288135],[-111.864603119251,40.49447606804],[-111.864584421212,40.494467557191],[-111.864535295721,40.4944451964069],[-111.864522629565,40.4944402826161],[-111.864467497831,40.494418896008],[-111.864460044713,40.4944162237519],[-111.864432103216,40.4944062070411],[-111.86439431515,40.4943935255077],[-111.864388925492,40.4943920058781],[-111.864325355445,40.4943740847693],[-111.864318495437,40.4943724688435],[-111.864246822087,40.4943555878454],[-111.864209661412,40.4943483897458],[-111.864174902695,40.4943425548539],[-111.864158433168,40.4943400294813],[-111.864104792094,40.4943318027743],[-111.864099178695,40.494331239344],[-111.864034102936,40.4943247088126],[-111.86402678241,40.4943243326006],[-111.864017333218,40.4943238468269],[-111.863986184727,40.4943212004292],[-111.863949058206,40.4943204016754],[-111.863935867192,40.4943203606987],[-111.863875411726,40.4943201738348],[-111.863797588644,40.4943227011885],[-111.863761674053,40.4943246408838],[-111.863720979916,40.4943284235872],[-111.86371514234,40.4943289586437],[-111.863646183611,40.494337340978],[-111.863640479337,40.4943383196038],[-111.863570213048,40.4943503758227],[-111.863559040373,40.4943527664151],[-111.86353552496,40.4943577970862],[-111.863517952743,40.4943619681691],[-111.863498449518,40.4943665964319],[-111.86346989967,40.4943739004679],[-111.863427008314,40.4943848711247],[-111.863353766509,40.4944086088836],[-111.863322108554,40.4944206244601],[-111.863286847902,40.4944330753732],[-111.863276918843,40.4944375163094],[-111.863219947635,40.4944629947898],[-111.863165001024,40.4944887632579],[-111.863124539194,40.4945109664328],[-111.863094453715,40.4945258832506],[-111.863041438813,40.4945599967674],[-111.862977008285,40.4946040781427],[-111.862972532368,40.4946082337848],[-111.862949588921,40.4946270180501],[-111.862925708841,40.4946460285564],[-111.862886660489,40.494679410692],[-111.862873883917,40.4946903319929],[-111.862831003737,40.4947334324463],[-111.862790529125,40.4947788111104],[-111.862773874624,40.4947994319645],[-111.86277017824,40.494804217393],[-111.862744141838,40.4948379212222],[-111.862707897194,40.4948905994816],[-111.862691867427,40.4949162472365],[-111.862676455144,40.4949455494386],[-111.862648615928,40.4950023164147],[-111.862627941245,40.4950554039463],[-111.862617321842,40.4950851478991],[-111.862609659948,40.4951080265703],[-111.862595573564,40.4951615511987],[-111.862587816448,40.4952075994221],[-111.862586867233,40.4952132309939],[-111.862584776533,40.4952318281675],[-111.862582292725,40.4952539271175],[-111.862579542684,40.4952996455402],[-111.862579239536,40.4953554131826],[-111.862583722067,40.4954102510228],[-111.862586871345,40.4954394957629],[-111.862591796632,40.4954650786457],[-111.862605907636,40.4955290284859],[-111.862618716952,40.4955733280643],[-111.86262844009,40.4956002667797],[-111.862649673286,40.4956523104963],[-111.862675698322,40.4957047968705],[-111.862704705211,40.4957549883316],[-111.862724621007,40.4957846377531],[-111.862747568383,40.4958211348108],[-111.862772921441,40.4958599100901],[-111.862786206335,40.4958808957264],[-111.862798853115,40.4958945697166],[-111.862840398923,40.4959383227829],[-111.862887337058,40.4959825166277],[-111.86293786119,40.4960253268591],[-111.862970935812,40.496052194104],[-111.862991373318,40.4960672146215],[-111.863048789389,40.4961038389732],[-111.863079089509,40.4961231661129],[-111.863137944289,40.4961563520459],[-111.863234439712,40.4962867839892],[-111.863201008741,40.4963056287218],[-111.863174621126,40.4963190571314],[-111.863167569209,40.4963226452914],[-111.863135319721,40.496338286578],[-111.863110700727,40.4963477793554],[-111.863100662178,40.496351650544],[-111.86186841758,40.4968215738994],[-111.861851671758,40.4968280026319],[-111.861839712815,40.4968325947036],[-111.861829665793,40.4968364522997],[-111.861809945081,40.4968438268174],[-111.861799189416,40.4968479738844],[-111.861786550903,40.4968507731914],[-111.861774070279,40.4968535368868],[-111.861754331365,40.4968572550929],[-111.861739464143,40.4968582213893],[-111.861732184426,40.4968586941553],[-111.861723008947,40.4968582757951],[-111.86170403496,40.4968574103762],[-111.861682465502,40.496854733793],[-111.861656088464,40.4968488731823],[-111.861622490928,40.4968361778288],[-111.861593665917,40.4968202679728],[-111.861569596494,40.4967979448068],[-111.861550916988,40.4967756041027],[-111.861506857014,40.4967094609038],[-111.861113137734,40.4968734028125],[-111.861141123086,40.4969569661061],[-111.861042529963,40.4972219317402],[-111.860846837776,40.4974684543651],[-111.860582663186,40.4976731348043],[-111.860267104577,40.497785637919],[-111.859985607008,40.4978852373815],[-111.859701124197,40.4979866735045],[-111.859348345158,40.4980814613948],[-111.858983631831,40.4980702378444],[-111.858634221734,40.4980086851158],[-111.858333572685,40.4978825303919],[-111.858132135741,40.4977208760981],[-111.857912055984,40.4975437361835],[-111.857692571858,40.4973656799395],[-111.857473094877,40.4971889948384],[-111.857251208731,40.4970091160003],[-111.857022674346,40.4968173738295]]],[[[-111.855290657615,40.4995466858115],[-111.855084541015,40.4993944057052],[-111.854885361261,40.4992478562231],[-111.854688523685,40.4991084895362],[-111.854527391198,40.4990334032417],[-111.854320368374,40.4989477503143],[-111.854100265393,40.4988825887203],[-111.853868795705,40.498845101641],[-111.853672727131,40.4988132592551],[-111.853411218087,40.4987950352885],[-111.85320962354,40.4987874947339],[-111.853162730545,40.4987853990458],[-111.85309824038,40.4987804808197],[-111.853041277906,40.4987739413471],[-111.852975296964,40.4987640743559],[-111.852931719782,40.4987557374741],[-111.852881620537,40.498745006665],[-111.852862575267,40.4987409267592],[-111.852804520698,40.4987257638059],[-111.852760709989,40.4987126337768],[-111.852711231666,40.4986964858385],[-111.85264349598,40.4986709655601],[-111.85258014684,40.4986436750111],[-111.852528390617,40.498618624413],[-111.852520767096,40.498614934259],[-111.852468296197,40.4985864923993],[-111.852430296562,40.4985639192956],[-111.852365612894,40.4985214533693],[-111.852308675675,40.4984792838204],[-111.852228790369,40.4984109808579],[-111.852131651543,40.4983249945724],[-111.852100963705,40.4982998417384],[-111.852062943285,40.4982729538976],[-111.85205806786,40.4982700434632],[-111.852041109187,40.4982599178645],[-111.852015917708,40.4982452942852],[-111.851987797528,40.4982309992047],[-111.851952975652,40.4982156057282],[-111.851916694841,40.498201653949],[-111.851896148458,40.4981946857316],[-111.851866801124,40.4981858266063],[-111.851777943809,40.4981635654127],[-111.851744022082,40.498153886954],[-111.851737489856,40.4981520225506],[-111.851680467969,40.4981338200838],[-111.8516366394,40.4981173350262],[-111.851592384189,40.4980990933002],[-111.851523359778,40.4980668660166],[-111.851479070171,40.4980426174818],[-111.851462701585,40.4980336553793],[-111.851427850324,40.4980125098294],[-111.851393832194,40.4979907223585],[-111.851327650838,40.4979417104263],[-111.851296120495,40.4979152819823],[-111.851259743349,40.4978823172405],[-111.851199775103,40.4978203443707],[-111.851133672576,40.4977457682222],[-111.851087339903,40.4976898252382],[-111.851042673893,40.4976324408161],[-111.851008102589,40.4975844516068],[-111.850971199389,40.4975305579634],[-111.850908313127,40.4974302478724],[-111.850869448147,40.4973611816897],[-111.850841336603,40.4973075813792],[-111.850819331479,40.4972611521098],[-111.850805774073,40.497229397715],[-111.850795144173,40.4971973148473],[-111.850784441231,40.4971510120332],[-111.850780290896,40.4971169924281],[-111.850778897466,40.4970903133044],[-111.850779391266,40.4970642688429],[-111.850780951492,40.4970418955563],[-111.850783562653,40.4970206376439],[-111.850787636505,40.4969988962433],[-111.850796249307,40.4969641990116],[-111.850804844527,40.4969389399142],[-111.850806970074,40.4969326907266],[-111.850817927907,40.4969064555293],[-111.850824271793,40.4968939625945],[-111.850834503512,40.4968738111893],[-111.850855246871,40.4968374799977],[-111.850901106084,40.496760810432],[-111.850984366035,40.4966311431215],[-111.851028407928,40.4965672608832],[-111.851128375851,40.4964308322737],[-111.851170793307,40.4963768612314],[-111.851224448924,40.4963103933484],[-111.851270214459,40.4962562519271],[-111.851324730927,40.4961945752048],[-111.851398407474,40.4961143070404],[-111.851441496501,40.4960689614417],[-111.851491626151,40.4960186487149],[-111.851524366358,40.495985789162],[-111.851597884296,40.495915587132],[-111.851777997213,40.4957560894675],[-111.851781639928,40.4957528634566],[-111.851863961274,40.4956851906679],[-111.85202010226,40.495565528855],[-111.852064302776,40.4955329616214],[-111.852172005662,40.4954575934213],[-111.852177121098,40.4954540135455],[-111.852299467125,40.4953725168832],[-111.853138255708,40.4948626673232],[-111.85399384691,40.494342891384],[-111.854112139928,40.4942711141969],[-111.854138636871,40.4942553765986],[-111.854157833536,40.4942442936532],[-111.854182671006,40.4942311169112],[-111.854210855415,40.4942177706423],[-111.854241344573,40.4942050559101],[-111.854247438339,40.4942027301952],[-111.854262440821,40.4941970039644],[-111.854294821282,40.4941857217279],[-111.85431968737,40.494178296884],[-111.854346020201,40.4941711864044],[-111.854385529746,40.4941622799287],[-111.854409300926,40.4941577744604],[-111.854420654431,40.4941556228482],[-111.854452443776,40.4941513722953],[-111.854483818498,40.4941479218041],[-111.854508503134,40.4941457703735],[-111.854538405794,40.4941443911564],[-111.854573164633,40.4941442967742],[-111.854614817874,40.4941454486322],[-111.854659413746,40.4941489880151],[-111.854688972522,40.4941527151972],[-111.854700251389,40.4941541372913],[-111.85475157305,40.4941632488879],[-111.854787195678,40.4941716091876],[-111.854821566647,40.4941810917894],[-111.854839312098,40.4941867837555],[-111.854853641511,40.4941913801514],[-111.854892224724,40.494205802272],[-111.854921798636,40.4942183352354],[-111.854972153301,40.4942424686624],[-111.855033214131,40.4942731204547],[-111.855086516994,40.4943009192707],[-111.855154727024,40.4943377804545],[-111.855202519153,40.4943647628844],[-111.85522735285,40.4943787825921],[-111.855279414536,40.4944094615401],[-111.855311955383,40.4944290153462],[-111.855437311885,40.4945083626843],[-111.855509138305,40.4945563970095],[-111.855709354198,40.4947035819187],[-111.855759162328,40.4947433741718],[-111.855822848978,40.4947955873997],[-111.855921034604,40.4948817278611],[-111.855981812941,40.4949381033166],[-111.856075006901,40.4950301711281],[-111.856143611982,40.4951024999222],[-111.856172239343,40.4951340485162],[-111.856198354444,40.4951654453378],[-111.856229128232,40.4952070531879],[-111.85624897033,40.4952394272889],[-111.856264811696,40.4952671800614],[-111.856266679643,40.4952715800246],[-111.856288516297,40.4953179160673],[-111.856305653222,40.4953633514073],[-111.856308009049,40.4953755669305],[-111.856315313753,40.4953998000679],[-111.856323299568,40.4954372291499],[-111.856329567733,40.4954911476919],[-111.856331645434,40.4955214990619],[-111.856331686351,40.4955528499671],[-111.856328563093,40.495588889014],[-111.856327168904,40.4956049731296],[-111.856320753903,40.4956402449853],[-111.856309695478,40.4956867738156],[-111.856216241298,40.4959462136825],[-111.856280962521,40.4961591204555],[-111.856930464729,40.4969319294567],[-111.857062982732,40.4970828259287],[-111.857233717928,40.4972139505558],[-111.857831294434,40.497671970657],[-111.858053803897,40.4978555028147],[-111.858237166637,40.4981100046943],[-111.858373678895,40.4983762958792],[-111.858397648368,40.4986687048897],[-111.858318689946,40.4989580767198],[-111.858140154936,40.4991978175168],[-111.857887105361,40.499394988285],[-111.857626110537,40.4995582533947],[-111.857369891202,40.4997133990268],[-111.857036915053,40.4998377611379],[-111.856662193047,40.4999044096467],[-111.856273423006,40.4999260436711],[-111.855895819114,40.4998415515078],[-111.855553714642,40.4996920645452],[-111.855290657615,40.4995466858115]]],[[[-111.855916761832,40.4982204071265],[-111.855599269772,40.4978908933171],[-111.85551682594,40.4979432267637],[-111.855417363672,40.4980901006541],[-111.855088528149,40.4987133354971],[-111.855153922008,40.4987490884492],[-111.855216908279,40.4987862319545],[-111.85529443887,40.4988334718533],[-111.85534654346,40.4988678826038],[-111.85540592386,40.4989082628196],[-111.855459875404,40.4989495816687],[-111.855539905204,40.4990129450085],[-111.855604091886,40.4990671110242],[-111.855609042499,40.4990717330849],[-111.855804997983,40.4992508957333],[-111.855812120532,40.4992568809716],[-111.85586018449,40.4992972809085],[-111.855918356317,40.4993372034339],[-111.855980737129,40.4993738872656],[-111.856046111643,40.4994054926031],[-111.85611932043,40.4994343075118],[-111.856189474321,40.4994562179106],[-111.856197731993,40.4994581641764],[-111.856258995388,40.499472599731],[-111.856318218109,40.4994825601744],[-111.85641546436,40.4991425683894],[-111.856431155736,40.4989097576671],[-111.856161098373,40.4985307835726],[-111.855916761832,40.4982204071265]]],[[[-111.850185430856,40.4994057811327],[-111.850184426296,40.4990691348668],[-111.85029798116,40.4990797635871],[-111.850411760692,40.4990888776511],[-111.850525731836,40.4990964735547],[-111.850639860368,40.4991025504991],[-111.850754108514,40.4991071058953],[-111.850868444407,40.4991101380371],[-111.850876544042,40.4991102947984],[-111.8511775908,40.4990959112092],[-111.851372388026,40.4990646309409],[-111.851909646651,40.4989910090857],[-111.852426069801,40.4989879358145],[-111.852973737017,40.4990138935999],[-111.85335720239,40.4990396840178],[-111.853406987417,40.4990468600818],[-111.853630905777,40.4990986360472],[-111.853618838453,40.4993849910856],[-111.854079250736,40.4994132900566],[-111.854070060189,40.4996313814899],[-111.854145264867,40.4997942383681],[-111.854214434036,40.499944073944],[-111.854314734113,40.5001592883665],[-111.854425035815,40.5003981882923],[-111.854468960701,40.5006514235109],[-111.854490164735,40.5007737336778],[-111.854440124359,40.5009083073178],[-111.85433788064,40.5011833904653],[-111.854236238236,40.5014567425631],[-111.854036431966,40.501682761365],[-111.85384388232,40.5019005779318],[-111.853577245459,40.502054272292],[-111.851298720878,40.503367543565],[-111.851130619438,40.5034960421008],[-111.850699838238,40.5040404762436],[-111.85040322383,40.5042137963685],[-111.85003798574,40.5043504519847],[-111.849657884379,40.5044007925948],[-111.849263803987,40.5044529837979],[-111.848687801865,40.5043160012423],[-111.848675334391,40.5038531989322],[-111.848817539656,40.5035394636915],[-111.848742430822,40.5029146418535],[-111.849002678239,40.5021830665071],[-111.849509272313,40.5009161433353],[-111.850185430856,40.4994057811327]]]]},"properties":{"zone_code":"RM","zone_description":"Residential - MDU","zone_class_normalized":"Residential-High","jurisdiction":"draper_ut","source_rest_url":"https://services2.arcgis.com/nAPVXppTJAHM40Se/arcgis/rest/services/Zoning_Public/FeatureServer/5","extraction_method":"arcgis_rest","confidence":"rest_api"}},{"type":"Feature","geometry":{"type":"MultiPolygon","coordinates":[[[[-111.86694415508,40.4835108507581],[-111.867556322353,40.4832769703997],[-111.86755787821,40.48327787601],[-111.867535817391,40.4838206993495],[-111.86741734794,40.4841126283273],[-111.867404354622,40.4844539413941],[-111.867403870972,40.4844666456665],[-111.867400862445,40.4844713084265],[-111.867355046219,40.4844523245826],[-111.867316755515,40.4844371518159],[-111.867240831587,40.4844088665239],[-111.867148844137,40.4843776677039],[-111.867085547302,40.484358069406],[-111.866991079877,40.4843315387624],[-111.86692623757,40.4843151495028],[-111.866874658405,40.4843031405434],[-111.8668470179,40.4842970734071],[-111.866805394995,40.4842884158359],[-111.866795367496,40.4842865091748],[-111.866737370253,40.4842754838774],[-111.866646003114,40.4842604491274],[-111.866584129731,40.4842517584957],[-111.866559093578,40.4842078999846],[-111.866356871218,40.4838561578546],[-111.866520500884,40.483782560781],[-111.86694415508,40.4835108507581]]],[[[-111.868040864736,40.5000366223481],[-111.868066686082,40.5000231054842],[-111.868285398736,40.5005624456243],[-111.867579506169,40.5005600314397],[-111.867579420079,40.5005282619535],[-111.867578738708,40.5002785395826],[-111.868040864736,40.5000366223481]]],[[[-111.868926218508,40.5005646380915],[-111.868929634141,40.5000952567466],[-111.869350596351,40.5000966935004],[-111.869350176784,40.5001543472586],[-111.869347183612,40.5005660748574],[-111.868926218508,40.5005646380915]]],[[[-111.876395362086,40.5005825073784],[-111.876395375877,40.5005745227897],[-111.875891053712,40.5005737264135],[-111.875891043395,40.5005817100902],[-111.875301369927,40.500580774292],[-111.875307922129,40.5001770321827],[-111.875321708281,40.499230705782],[-111.874851535899,40.4992287598995],[-111.87485067197,40.4990713942998],[-111.874851771113,40.4987773601815],[-111.874852628392,40.4982748819487],[-111.874310144582,40.4982752365743],[-111.874309247859,40.4981116588154],[-111.874310915681,40.4979211544863],[-111.874311369479,40.4973441344881],[-111.874310767887,40.4972343924785],[-111.874194136887,40.497234765025],[-111.873855098319,40.4972365380797],[-111.873597425275,40.4972373599902],[-111.872996193094,40.497239965407],[-111.872432938405,40.4972431377711],[-111.872441144456,40.4980844813364],[-111.872466353973,40.4982307266813],[-111.872463714698,40.4985758412378],[-111.872460621014,40.498837441848],[-111.872451732632,40.4995283729779],[-111.872448966409,40.4998500213476],[-111.872440302486,40.5005823637731],[-111.87233180356,40.5005827085983],[-111.872223300873,40.5005823634905],[-111.872160835191,40.500568067076],[-111.87167166706,40.5005661687386],[-111.871673261613,40.5001948292887],[-111.871675958161,40.5000257187922],[-111.871258225254,40.5000242819631],[-111.87056923286,40.500020941583],[-111.870375743954,40.5000215533636],[-111.870381838808,40.4994783374056],[-111.870386168653,40.499109749476],[-111.870386660466,40.499033824483],[-111.870386521937,40.4990082871594],[-111.87031523767,40.4990347409848],[-111.870196063564,40.4990668675443],[-111.869841250165,40.499162547195],[-111.869503598599,40.4992554104648],[-111.869165037546,40.4993475857764],[-111.868990789093,40.4993943785528],[-111.86884651333,40.4994666153747],[-111.868548957965,40.4996180179445],[-111.868014258341,40.499890261689],[-111.867677007975,40.5000556862307],[-111.867589332645,40.5000999069251],[-111.867505703298,40.5001493076068],[-111.867431771381,40.5001881905641],[-111.867361429255,40.5002222315079],[-111.867277539755,40.5002590760529],[-111.867190930542,40.500294548471],[-111.867097083424,40.5003293527563],[-111.867003218846,40.5003607068987],[-111.866884963085,40.5003962782078],[-111.866784728271,40.5004200593311],[-111.866677255565,40.5004431722741],[-111.866596863897,40.5004579186594],[-111.866464052969,40.5004769698139],[-111.866328502659,40.5004911977712],[-111.866213716481,40.500499148476],[-111.866063644686,40.5005030684464],[-111.865594058007,40.5004862492096],[-111.865349187641,40.5004805459298],[-111.865261856894,40.5005520711747],[-111.865126690079,40.5005516053868],[-111.864911003717,40.5005508787072],[-111.862886455772,40.5005438539927],[-111.862886324284,40.5000303267044],[-111.863335888002,40.5000302933775],[-111.863785368951,40.5000302234601],[-111.864234848725,40.5000301527226],[-111.864234780152,40.4997968090681],[-111.864234700512,40.4995003527755],[-111.864432516955,40.499489900635],[-111.864826924441,40.4994704184813],[-111.865465436844,40.4994366912726],[-111.865964577721,40.4994103079299],[-111.866341286529,40.4993383766296],[-111.866762737754,40.4992549396467],[-111.867575513021,40.4990997244882],[-111.867574948751,40.498893224974],[-111.867574013084,40.4985506768092],[-111.867573548177,40.4983810413075],[-111.867572087175,40.4978460135998],[-111.867571037703,40.4974617192291],[-111.867569987057,40.497077423906],[-111.867569889826,40.4970416108043],[-111.867568823949,40.4966516346023],[-111.871735549417,40.4951261346668],[-111.876577466568,40.4933412004466],[-111.877051685591,40.493344796835],[-111.877056051269,40.4949139071989],[-111.877067097554,40.4950741239381],[-111.877067197629,40.4951119003341],[-111.877072225481,40.4970027087585],[-111.877738985027,40.4970060626739],[-111.878716825153,40.4970081834426],[-111.87870934939,40.4997981600242],[-111.878708918508,40.499959123983],[-111.878589241603,40.5000452649119],[-111.877999152056,40.5004699916726],[-111.877998864622,40.5005770445824],[-111.877716012531,40.5005766013618],[-111.877377752811,40.5005760720555],[-111.877081920949,40.5005756051668],[-111.877081898974,40.5005835888815],[-111.87697850912,40.5005834262481],[-111.876395362086,40.5005825073784]]],[[[-111.879235071122,40.5005789028723],[-111.879236681157,40.4999756159251],[-111.879237701605,40.4995937088011],[-111.879637682883,40.4992838475269],[-111.879635835655,40.499976235258],[-111.879563901319,40.4999761233843],[-111.879562295356,40.500579410332],[-111.879235071122,40.5005789028723]]],[[[-111.867890584301,40.501946370166],[-111.867897659043,40.5007422901164],[-111.868240002425,40.5007434616634],[-111.868900306747,40.5007457191222],[-111.869262156622,40.5007469541496],[-111.869257735485,40.5015018421325],[-111.869256318689,40.5017437845995],[-111.868894463526,40.5017425486539],[-111.868566240812,40.5017414264473],[-111.868454983896,40.5017745277264],[-111.868338364796,40.5018100349928],[-111.868233552257,40.5018419468496],[-111.867890584301,40.501946370166]]],[[[-111.8700151693,40.5025357486099],[-111.870044174202,40.5021795904489],[-111.870600705213,40.5022084458552],[-111.870750388676,40.502220573244],[-111.87071913651,40.5025752302254],[-111.870560590013,40.5025640287029],[-111.8700151693,40.5025357486099]]],[[[-111.870622315034,40.504148383404],[-111.870648206203,40.5038271974247],[-111.869898310783,40.5038298327327],[-111.869898503061,40.5037784342888],[-111.869898668916,40.5037339181512],[-111.869464953201,40.5037334006747],[-111.869516031892,40.5032919802405],[-111.869546505371,40.5030043301405],[-111.870505231986,40.5030547213453],[-111.870829534022,40.5030987262208],[-111.872324175688,40.5030673185853],[-111.872323129345,40.5034392457904],[-111.871702655609,40.5034522928066],[-111.871708757561,40.503374063561],[-111.871592254788,40.5033765116131],[-111.871313456341,40.5034701298431],[-111.871314374738,40.5035476694885],[-111.871283686701,40.5039412008519],[-111.870746382074,40.5041475118162],[-111.870622315034,40.504148383404]]],[[[-111.8852489884,40.5051414692531],[-111.885307600498,40.5051404813282],[-111.885322011975,40.5051402385138],[-111.885317666971,40.5047215654558],[-111.885318881988,40.5046696844952],[-111.885319315542,40.5046511779676],[-111.885323576798,40.5046001218255],[-111.885323891786,40.5045963545673],[-111.885325465417,40.5045852299406],[-111.885331292592,40.5045440525051],[-111.885332462313,40.5045357822414],[-111.885334579075,40.5045251493456],[-111.885341607407,40.5044898442386],[-111.885343231995,40.5044816868523],[-111.885344201608,40.5044778886225],[-111.885357432241,40.5044260681065],[-111.88537101292,40.5043819211737],[-111.885384020204,40.5043448834965],[-111.885405261101,40.5042919027977],[-111.885417584291,40.5042643117413],[-111.885427727551,40.504244730402],[-111.885438399117,40.5042238513901],[-111.885472137398,40.5041618255745],[-111.885504953057,40.5041087941679],[-111.885527648114,40.5040760122566],[-111.885545583663,40.5040515673549],[-111.885571535684,40.5040161963589],[-111.88563799595,40.503938729547],[-111.885711319856,40.5038649594952],[-111.885772007227,40.503811962339],[-111.885834140101,40.5037625726149],[-111.885864413768,40.5037395648847],[-111.885902982767,40.5037115676339],[-111.886159126849,40.5039394394666],[-111.886312808664,40.504042336541],[-111.886688802025,40.5042940772249],[-111.885632314097,40.5042915520383],[-111.885549187679,40.5042913581782],[-111.885547210252,40.5042913493747],[-111.885547011101,40.5042918093255],[-111.885521724887,40.5043490000595],[-111.88550022662,40.5044075796263],[-111.885473411785,40.5045068630489],[-111.885465879953,40.5045470131356],[-111.885458036123,40.5046075515606],[-111.885455118176,40.5046480503015],[-111.885453606063,40.5048871959764],[-111.885452003231,40.5051405764808],[-111.885451095955,40.5051405794652],[-111.885307599901,40.5051412116999],[-111.8852489884,40.5051414692531]]],[[[-111.8515683221,40.5058365679278],[-111.851566630603,40.5049861485945],[-111.851629966574,40.5049342221638],[-111.851773621471,40.5048209116787],[-111.851877892791,40.5047388531596],[-111.852159103479,40.5045255620499],[-111.852579445099,40.5042202674101],[-111.852573528505,40.5046210333947],[-111.852574493586,40.5051033223236],[-111.852574583764,40.5051482005413],[-111.853184454492,40.5051484757982],[-111.853185168293,40.5051484763485],[-111.853185166867,40.5051545867727],[-111.853184912922,40.5054916215255],[-111.853184190728,40.5054915957843],[-111.852751698898,40.5054914008728],[-111.852752391596,40.5058366928222],[-111.8515683221,40.5058365679278]]],[[[-111.852356226347,40.5065831656205],[-111.852356460198,40.5062839652349],[-111.853183580573,40.506284339051],[-111.853184314831,40.5062832741567],[-111.853184087609,40.5065846512301],[-111.853183350347,40.5065835394382],[-111.852356226347,40.5065831656205]]],[[[-111.853402205796,40.5067310632851],[-111.853402222888,40.5067236523838],[-111.853646107014,40.5067236803031],[-111.853861599826,40.5060744231652],[-111.853999171479,40.5060749154285],[-111.853450866111,40.5060727692211],[-111.853452569313,40.5051061561476],[-111.853453527551,40.5049418833672],[-111.853455638778,40.5044750228256],[-111.853452196028,40.5039859454818],[-111.853458712832,40.5039450602901],[-111.853464417353,40.5039232085652],[-111.853471688315,40.5039085828568],[-111.853483349673,40.5038906018579],[-111.85349502175,40.5038746921551],[-111.853509396617,40.5038567029674],[-111.853527401832,40.5038414639975],[-111.853541805278,40.5038289970647],[-111.853563437259,40.5038158175758],[-111.853585961015,40.5037998751196],[-111.853618404187,40.5037790711223],[-111.854635820715,40.5031161542634],[-111.85502512121,40.5028630484463],[-111.8551909328,40.5027548727638],[-111.855579321878,40.5025010770774],[-111.855968611771,40.5022472782344],[-111.856133519093,40.5021397937745],[-111.856553443628,40.501865883559],[-111.857439061479,40.5012820830395],[-111.857954571899,40.5009459080896],[-111.857986751927,40.5009256043782],[-111.85802223336,40.5009047132989],[-111.85805864709,40.5008847811784],[-111.858095949587,40.5008658306635],[-111.858134096143,40.5008478853049],[-111.858173040868,40.5008309677567],[-111.858230859788,40.5008082909242],[-111.858271554721,40.5007939751693],[-111.858312879461,40.5007807516781],[-111.858354783369,40.500768637716],[-111.858418614737,40.5007525778707],[-111.858461741558,40.5007432978551],[-111.858505267287,40.5007351720464],[-111.858549138889,40.5007282105129],[-111.858593300966,40.5007224224295],[-111.85863770047,40.500717815163],[-111.858704626979,40.5007131272108],[-111.858749384208,40.500711490719],[-111.858794188996,40.5007110473322],[-111.859657407002,40.5007140060692],[-111.861204051101,40.5007192925978],[-111.861897114759,40.5007216542355],[-111.862112865348,40.5007223889678],[-111.862824822027,40.5007248101082],[-111.862827933805,40.5012910785721],[-111.862826785503,40.501713713212],[-111.862826762854,40.5018917217772],[-111.862716372201,40.5019194492629],[-111.862674247777,40.5019295724805],[-111.862631638456,40.5019396962831],[-111.862587085668,40.501949085808],[-111.86252896722,40.5019603679783],[-111.86246502665,40.501970557716],[-111.862433052825,40.5019750982761],[-111.862394776723,40.5019796574189],[-111.86236231329,40.5019830881592],[-111.862313372946,40.5019880503924],[-111.862218379147,40.5019935260177],[-111.86218057023,40.5019947524038],[-111.862142274472,40.5019956110449],[-111.862102518182,40.5019953637729],[-111.862058880105,40.5019943891065],[-111.861571045192,40.5019729505154],[-111.860860144214,40.5019414639832],[-111.860471716675,40.5019237861471],[-111.860412560944,40.5019221174286],[-111.860351487183,40.501924526097],[-111.860287043863,40.5019313849494],[-111.860219718586,40.5019434345583],[-111.860160650694,40.5019584198517],[-111.860102574775,40.5019778419214],[-111.860052262776,40.5019983514199],[-111.860022279032,40.5020125060927],[-111.859991337227,40.5020288854297],[-111.859947360596,40.5020556659629],[-111.859886992002,40.5020998906102],[-111.859859006225,40.5021251423426],[-111.859784712851,40.5021949456175],[-111.85935871514,40.5025926075627],[-111.858923067652,40.5029999201266],[-111.858538068379,40.50335933636],[-111.85815355112,40.5037187488933],[-111.857772409331,40.5040755597345],[-111.857748280555,40.504097097786],[-111.857556260727,40.504276802581],[-111.857540040043,40.5042920160114],[-111.85752538319,40.5043057630296],[-111.857505104367,40.5043217381179],[-111.857482889821,40.5043384593833],[-111.857459216695,40.5043544448186],[-111.85742393937,40.504376386947],[-111.857385258053,40.504396489659],[-111.857358656127,40.5044087835305],[-111.857321402348,40.5044236999409],[-111.856614920069,40.5046856482133],[-111.856227806719,40.5048296762767],[-111.855605513081,40.5050602753844],[-111.855605422487,40.5050428818987],[-111.854439438172,40.5054807154483],[-111.854287066869,40.5055573416883],[-111.854170944385,40.50567690398],[-111.854100339614,40.5057845922848],[-111.854006771032,40.5060749447037],[-111.854060360707,40.50607513312],[-111.854945968465,40.5060782401289],[-111.854928726613,40.5076590359061],[-111.854928500828,40.5077549534359],[-111.853409874687,40.5077452952173],[-111.853400194055,40.5076550839086],[-111.853402229919,40.5070851413239],[-111.853402205796,40.5067310632851]]],[[[-111.883425465466,40.5103493397287],[-111.881924383262,40.5103463731344],[-111.881792518174,40.5103469361035],[-111.881805510373,40.5097403964294],[-111.881800266403,40.5088027358189],[-111.881928692033,40.5087961573753],[-111.883430967506,40.5087920278506],[-111.883431543075,40.5091499641677],[-111.884929697571,40.509153105607],[-111.885556785629,40.509154415848],[-111.885549497932,40.5097349107245],[-111.885549522845,40.5097714966036],[-111.885551007713,40.5103962762878],[-111.884215357639,40.5103924281093],[-111.88403533708,40.5103923058334],[-111.883425315718,40.5103907442553],[-111.883425465466,40.5103493397287]]],[[[-111.850989514252,40.5114193041201],[-111.85156636012,40.5108974079521],[-111.851752650939,40.5105985115994],[-111.851842149155,40.5104915264931],[-111.852073854863,40.5102145465196],[-111.85220495309,40.5100578315021],[-111.852211614064,40.510058812923],[-111.853176409966,40.5100604733452],[-111.853177074173,40.5100597724964],[-111.853175457472,40.5106255894285],[-111.853175101346,40.5106254022814],[-111.853173932801,40.5109003831183],[-111.852429491653,40.5108990075687],[-111.852427897975,40.5114373467617],[-111.852429523778,40.511533082958],[-111.850991010343,40.5115140717003],[-111.850989514252,40.5114193041201]]],[[[-111.882425313953,40.5128967271854],[-111.881887742028,40.5128956757741],[-111.881801796495,40.5128960539705],[-111.881802096808,40.511648660909],[-111.881775033856,40.5111632220204],[-111.881781974595,40.5108392078587],[-111.881788693333,40.5105255122915],[-111.881984111617,40.5105183498927],[-111.88313346321,40.5105207758199],[-111.883133156022,40.5104427030895],[-111.883425547144,40.5104420331699],[-111.883425521292,40.5104527663332],[-111.883661870206,40.5104532635049],[-111.883660270175,40.5109602936474],[-111.883771115291,40.5109600387734],[-111.883771935625,40.5111683026181],[-111.883905001367,40.51116841433],[-111.884345783337,40.5111687832909],[-111.884753982351,40.5111691224874],[-111.884929228646,40.5111650716651],[-111.885161053805,40.5111597116198],[-111.885557965817,40.5111601067255],[-111.885981040737,40.51116052599],[-111.885981813696,40.5112035341026],[-111.885984480282,40.5112444241245],[-111.885988845191,40.5112983209889],[-111.885997170926,40.51133485429],[-111.886010437455,40.5113837650559],[-111.886021275654,40.5114339230123],[-111.88602551797,40.5114661325817],[-111.886023047948,40.5118863210648],[-111.886018544721,40.513164964612],[-111.883436816253,40.5131702330986],[-111.883423213757,40.5131452731036],[-111.883289727704,40.5129003405434],[-111.882425313953,40.5128967271854]]],[[[-111.897901403559,40.5126850960923],[-111.898071504494,40.512531842694],[-111.899593534679,40.5125277075218],[-111.90016665536,40.5126003917657],[-111.900598883646,40.5126002947549],[-111.901203662788,40.5125233140537],[-111.902374727282,40.512522986952],[-111.903003574735,40.5126300490517],[-111.90318106478,40.51255050746],[-111.903735820324,40.5125843586191],[-111.903749953806,40.5125851366572],[-111.903740056426,40.5128489174246],[-111.90373925354,40.5129312302484],[-111.903739149504,40.5130078093887],[-111.903743505117,40.5131962050324],[-111.903746575416,40.5132805983435],[-111.903749550925,40.5133541508315],[-111.903712023819,40.5133542981239],[-111.89757865645,40.5133492970583],[-111.897592165629,40.5133091197238],[-111.897577695151,40.5130849639039],[-111.897551673271,40.5126983750545],[-111.897901403559,40.5126850960923]]],[[[-111.895430518811,40.5167962892849],[-111.895620714735,40.516197710217],[-111.89582488879,40.5161971297883],[-111.89587138687,40.5160541477231],[-111.896076436297,40.5154491838016],[-111.896162415313,40.5152010843842],[-111.896253185042,40.5149177039175],[-111.896427383224,40.5143776542874],[-111.896741662364,40.5134594715161],[-111.896764695194,40.5133808443355],[-111.896887806856,40.5133808399335],[-111.897564201215,40.5133808140513],[-111.897453702954,40.5141727497969],[-111.897512676955,40.514316292593],[-111.8975213221,40.5143084786862],[-111.897539143071,40.5142932029973],[-111.897557652428,40.5142784112815],[-111.897576826677,40.51426412163],[-111.897596642318,40.514250351233],[-111.897617075851,40.5142371172809],[-111.897638101406,40.5142244351711],[-111.897659695479,40.5142123211932],[-111.897681828655,40.5142007898561],[-111.897704476232,40.5141898547519],[-111.897727609971,40.5141795294848],[-111.897751202808,40.5141698267545],[-111.89777522413,40.514160758372],[-111.897799645682,40.51415233524],[-111.89782443685,40.5141445682691],[-111.897849569361,40.5141374656601],[-111.897887837172,40.5141280778164],[-111.897913684026,40.5141226739574],[-111.897939762646,40.5141179618491],[-111.897966041212,40.5141139479035],[-111.897992486705,40.5141106358347],[-111.898005761732,40.5141092443901],[-111.898045751134,40.5141061339705],[-111.898072505206,40.5141049497986],[-111.898085898551,40.5141046251262],[-111.898100694735,40.5141044740011],[-111.898104064213,40.5146474471284],[-111.898913321547,40.514644028024],[-111.898913609975,40.5146933849335],[-111.898911038742,40.5147020653356],[-111.89890410195,40.5147114270236],[-111.898896276381,40.5147181233283],[-111.898884957259,40.5147254988503],[-111.898873647108,40.5147342080941],[-111.898862340853,40.5147435846508],[-111.898849320944,40.5147589702805],[-111.898838928012,40.514775013395],[-111.898832021198,40.5147897108913],[-111.898825150633,40.5148104115057],[-111.898824386561,40.5148290902583],[-111.898829813539,40.5148604208525],[-111.898840451989,40.5148863968951],[-111.898853666786,40.5149043616473],[-111.89887387958,40.5149236354336],[-111.898893184125,40.5149369099665],[-111.898913347451,40.5149475131653],[-111.898941371459,40.5149574231764],[-111.898970246445,40.5149633272221],[-111.898993859295,40.5149659152422],[-111.899020950473,40.5149658230072],[-111.899048023336,40.5149623959942],[-111.899071580414,40.5149556452122],[-111.899093386039,40.5149482339633],[-111.899109074643,40.5149408435417],[-111.899118652848,40.5149348085818],[-111.899125613028,40.5149294480629],[-111.899761078488,40.5154584609789],[-111.898427857064,40.5154700912739],[-111.897680635777,40.5154726291764],[-111.897681930421,40.5160545877876],[-111.899774967868,40.5160485331858],[-111.899776243434,40.5161931964547],[-111.899778201862,40.5167458101209],[-111.896544135075,40.5167550663121],[-111.896387793402,40.5167938768568],[-111.895430518811,40.5167962892849]]],[[[-111.864395270777,40.5174820336334],[-111.864496472423,40.5167089543165],[-111.864498774868,40.5167089921845],[-111.864496078364,40.5167030009453],[-111.864513245442,40.5166431088979],[-111.864510389982,40.5166431492991],[-111.864513744016,40.516640569529],[-111.865168637253,40.5166523879835],[-111.865115563633,40.5172567818706],[-111.86508497917,40.517497690641],[-111.864945873146,40.5174963974788],[-111.864395270777,40.5174820336334]]],[[[-111.8852489884,40.5051414692531],[-111.885248862343,40.5051768381088],[-111.885242101886,40.5051768369199],[-111.885240274066,40.5056869794848],[-111.885190748546,40.5056869036409],[-111.884384721209,40.5056856671259],[-111.88438704965,40.5051887047279],[-111.883532977215,40.5051868535749],[-111.883530638484,40.5056843509135],[-111.882714065678,40.5056830860889],[-111.882680334845,40.5056830314443],[-111.882681682106,40.5051780409616],[-111.882682492622,40.5051121519587],[-111.881819074777,40.5051101171072],[-111.881808885059,40.5053543017471],[-111.881795791341,40.5056891471808],[-111.881899141107,40.5056818093018],[-111.882259192852,40.505684392524],[-111.882518368984,40.5056835602726],[-111.882633994959,40.5056829639291],[-111.882634144429,40.5057666839433],[-111.882632692317,40.5063115549745],[-111.885188414869,40.5063182512491],[-111.88517512833,40.5064863546026],[-111.885168244176,40.5065271905519],[-111.885159637105,40.5065692254298],[-111.885143955879,40.5066334810175],[-111.885129524819,40.5067012114276],[-111.885122543814,40.5067420377827],[-111.885111064866,40.5068390759171],[-111.885108474965,40.5068777534671],[-111.885106769547,40.5069439677985],[-111.88191738842,40.506939035795],[-111.881801379559,40.5069462330101],[-111.881806604227,40.5078804658423],[-111.881929227118,40.5078760802916],[-111.882349987121,40.5078769920466],[-111.882348984669,40.508289151113],[-111.881928222252,40.5082882618685],[-111.881795448959,40.5082953425944],[-111.881798286572,40.5088027422694],[-111.881689390962,40.5087994721833],[-111.881639006765,40.5087960501808],[-111.869937592656,40.5079941811095],[-111.869283278852,40.5079482305975],[-111.869336636868,40.507849042146],[-111.869341025095,40.5078405836004],[-111.869340983897,40.5078406017418],[-111.867902418096,40.5077337039573],[-111.867723070577,40.5077227052755],[-111.867301980816,40.5081948999701],[-111.866773036608,40.5087932908141],[-111.86692006879,40.5088030727956],[-111.867147844234,40.5088182266521],[-111.86863735988,40.5089173104491],[-111.868515720362,40.5091736523333],[-111.868406171853,40.5095275551703],[-111.866420577562,40.5093851871974],[-111.866397738772,40.5093835493131],[-111.866273762021,40.5093746591335],[-111.866226874297,40.5094471246936],[-111.866184959756,40.5095213443258],[-111.866148131798,40.5095971195543],[-111.866108494684,40.5096962717093],[-111.866195784505,40.5097017680657],[-111.868313967119,40.5098351236068],[-111.868304582717,40.5099061023371],[-111.868249278577,40.5103244895222],[-111.868205476273,40.5103216363426],[-111.86810290038,40.5111377637607],[-111.868153731721,40.5111398933488],[-111.868093760462,40.5116474015247],[-111.868042879121,40.5116439464188],[-111.867998424921,40.5119718857989],[-111.867997454083,40.5119739043366],[-111.867881184032,40.5119655716214],[-111.867881442894,40.5119634661626],[-111.865794877318,40.5118132632168],[-111.865905584453,40.5109471712734],[-111.865816417134,40.5109410447525],[-111.865798588626,40.5109408761609],[-111.864927513441,40.5109326238105],[-111.864912396549,40.5117887323894],[-111.864913760622,40.5118613658941],[-111.865171522688,40.5118697344455],[-111.865167938849,40.511942685957],[-111.865153176436,40.5122581262223],[-111.865140337927,40.512532445571],[-111.865596359384,40.5125286733351],[-111.865637783586,40.5125283297623],[-111.865720183591,40.5125278601104],[-111.865753315107,40.5122370427501],[-111.865898948393,40.5122466691856],[-111.866629922009,40.5122951365892],[-111.8666264658,40.5123252149268],[-111.867981168041,40.5124160148749],[-111.867961574817,40.5125874199506],[-111.868075901642,40.5125953669402],[-111.871929273562,40.5128625605],[-111.871929712285,40.5128768134223],[-111.872624162813,40.5129230881144],[-111.873350386382,40.5129715665524],[-111.873338788915,40.5130870780373],[-111.873320506674,40.5132448451134],[-111.873261577395,40.5137594902864],[-111.873201651154,40.5142784225382],[-111.873181662764,40.5144490632736],[-111.872719718628,40.514422882953],[-111.871924974345,40.5143782843021],[-111.871923411766,40.5147137166294],[-111.871923259331,40.514806589832],[-111.871819151415,40.5148061447786],[-111.871675211092,40.5148032548217],[-111.871439976222,40.5147983513011],[-111.871265438012,40.5147947130742],[-111.871147926223,40.5147922628787],[-111.871111113875,40.5147909790595],[-111.870641504475,40.5146868340148],[-111.870312809947,40.5145641061294],[-111.869920312475,40.5143482683251],[-111.869688523091,40.5141610946928],[-111.869542149617,40.514027364304],[-111.869413355701,40.5139284449925],[-111.869087964197,40.5137199981811],[-111.868763858729,40.5135666391153],[-111.86867252698,40.513526172723],[-111.868113552559,40.5134005407274],[-111.86769350491,40.5133584777525],[-111.867654103474,40.513458436465],[-111.867398723094,40.5134403738996],[-111.86720037934,40.5137296425621],[-111.867128936745,40.5138333028705],[-111.867136526849,40.5138353621239],[-111.867125209627,40.5140150578453],[-111.867052172418,40.5143482598917],[-111.867007106702,40.5146029557843],[-111.86555464953,40.5147325265896],[-111.865422178974,40.5147425902749],[-111.86535705667,40.5152015101228],[-111.865343764015,40.5154683126054],[-111.865428519675,40.515468127613],[-111.866893012792,40.5154106604208],[-111.866912237001,40.5154099058935],[-111.866858871554,40.5160285272971],[-111.866858146157,40.5160283665638],[-111.865361648294,40.5160448452329],[-111.865269184051,40.5160459178511],[-111.865246608964,40.5161799855835],[-111.865120128574,40.5161716783386],[-111.864323064438,40.5161403170172],[-111.864337215758,40.5160210207593],[-111.86443596008,40.5151886638634],[-111.863784914549,40.5151670419625],[-111.863795392893,40.5147117859817],[-111.863811718579,40.5142274222938],[-111.863824802723,40.5136925976395],[-111.863825102118,40.5136759324657],[-111.863821034127,40.5136758199147],[-111.863405817165,40.5136541489272],[-111.863468009216,40.5125784249516],[-111.863758992653,40.5125793754981],[-111.863776609057,40.5119570797274],[-111.863778751716,40.5118833195171],[-111.863130071176,40.5118753196254],[-111.863127133422,40.5119607825664],[-111.863091184042,40.5125910835022],[-111.863031334216,40.5136404059401],[-111.86304869889,40.5136413121616],[-111.863047769655,40.5136824695265],[-111.863047578303,40.5136826547372],[-111.863047744678,40.5136826542218],[-111.863041051277,40.5140677311689],[-111.863031849658,40.5144509093114],[-111.863025948342,40.5147502039385],[-111.86301846659,40.5150048304162],[-111.86154500119,40.5149775373217],[-111.861537226451,40.5158667931209],[-111.861536058626,40.5161587377111],[-111.861530016066,40.5169040859435],[-111.861528239807,40.5170403860959],[-111.861527680062,40.5174063810686],[-111.861531399481,40.5178713592577],[-111.862470249973,40.5178968500119],[-111.862452533546,40.5182065949817],[-111.863434081427,40.5182332373984],[-111.863623305416,40.5182377423211],[-111.863607854715,40.5185693400336],[-111.863187155256,40.5185579229485],[-111.862099247224,40.5185283920552],[-111.861529854218,40.5185129308553],[-111.859836734783,40.5188035132073],[-111.858014738252,40.5188189316973],[-111.858014746278,40.5188031374192],[-111.857416221047,40.5188095742116],[-111.856620537915,40.5187997033568],[-111.853418875807,40.5187804381724],[-111.853400980734,40.5187803363334],[-111.853402393413,40.5183623400558],[-111.853403346647,40.5180798867869],[-111.85532405066,40.5180836552717],[-111.855327261668,40.5170948265789],[-111.855326709726,40.5170946607455],[-111.854362572288,40.517093767718],[-111.85436157447,40.5166610594513],[-111.854360875346,40.5166598178727],[-111.854282148931,40.5166594660055],[-111.854285591896,40.5156362684362],[-111.853411617867,40.5156311145131],[-111.853423159312,40.5154115800599],[-111.854286330754,40.5154166701841],[-111.854287374787,40.5151064975267],[-111.853958553043,40.5151045597295],[-111.853958763094,40.5150333317678],[-111.853959891567,40.514649039735],[-111.853416317579,40.5146521400312],[-111.853417584442,40.5142126225023],[-111.853961174949,40.5142120176316],[-111.854156826779,40.5142132060817],[-111.854563703265,40.5142156771796],[-111.854731262239,40.5142166947973],[-111.85474574435,40.5138901935162],[-111.854719397403,40.513773872168],[-111.8547207293,40.5133189670315],[-111.853418669548,40.5133199965129],[-111.85342179164,40.5122599291211],[-111.853410422245,40.5115450542104],[-111.85635037443,40.5115604344543],[-111.856350029766,40.5115450401613],[-111.85635029814,40.5114974457218],[-111.856353477547,40.5109317844042],[-111.856008816339,40.5109312010131],[-111.856009619656,40.5106548946777],[-111.855731810154,40.5105330060157],[-111.85540442721,40.5103893650387],[-111.855076265115,40.5102453805835],[-111.854877234165,40.5101580584293],[-111.854878233144,40.509821364206],[-111.854882045528,40.5098213805788],[-111.854882478474,40.5094007714235],[-111.854879457762,40.5094007418464],[-111.85488402106,40.5078399242932],[-111.856183366494,40.5078481723108],[-111.856396660487,40.5078495708153],[-111.856555066355,40.5078504848354],[-111.856554533339,40.5076693561126],[-111.856557897047,40.5073602840428],[-111.857456924423,40.5073659816897],[-111.858148857685,40.5073627099191],[-111.85815157995,40.5071488802543],[-111.858843828478,40.5071532583163],[-111.8588380725,40.5076838122633],[-111.85883724916,40.5077334626983],[-111.858345569297,40.5077349672787],[-111.858343235089,40.5078200834496],[-111.858342045726,40.5078618855677],[-111.858329716431,40.5082951521077],[-111.858628800935,40.5083047640218],[-111.859380353609,40.5083328101201],[-111.859621737576,40.5083418174428],[-111.859570510514,40.5078243518082],[-111.860522260405,40.5078296462294],[-111.860744162397,40.5078369847661],[-111.86074432967,40.5077040752761],[-111.860788976407,40.5076567827034],[-111.860829344598,40.5073007016528],[-111.860839069769,40.5070260316386],[-111.860860409047,40.5063722664333],[-111.861151573195,40.506371353219],[-111.861151709275,40.506308976991],[-111.861593162298,40.5063095356344],[-111.861592392287,40.5063717697279],[-111.86154409592,40.5063717242239],[-111.861531096224,40.5065004928972],[-111.862400426597,40.5065013117402],[-111.862421446912,40.5063566220625],[-111.862670057469,40.5063584204356],[-111.862813902467,40.5063594611072],[-111.862813139164,40.5063110727284],[-111.862813313045,40.5062305632425],[-111.862816464536,40.50560649536],[-111.862816926338,40.5054691584895],[-111.862818971419,40.5044339816654],[-111.862819979378,40.5039884722994],[-111.862821004606,40.5035459932522],[-111.862821050611,40.50348005364],[-111.862822740383,40.5027516845847],[-111.862820975276,40.502673731434],[-111.864115353602,40.5027487817899],[-111.864115176174,40.5028318760611],[-111.864113557976,40.5035903278643],[-111.864113701822,40.5044130491581],[-111.86502821451,40.5044196842564],[-111.866096246739,40.5044219079592],[-111.866136388202,40.5044219905728],[-111.86613820714,40.5043431653573],[-111.866137678858,40.5038088303],[-111.866138279528,40.5035232945251],[-111.866140521005,40.5032308848772],[-111.866139758873,40.5028205852795],[-111.866247638624,40.5028207173367],[-111.866801778991,40.5028213948285],[-111.866822995341,40.502821421171],[-111.866819693506,40.504398399026],[-111.866819641462,40.5044234082546],[-111.867164277858,40.504424121931],[-111.868232310226,40.5044263261644],[-111.869676936626,40.5044359300984],[-111.86989590907,40.5044361675675],[-111.870515112916,40.5044369976762],[-111.870602889725,40.5044368749933],[-111.870603477487,40.5045451551102],[-111.870772100118,40.5045447279474],[-111.872317685602,40.5046564125584],[-111.87231722351,40.5046108357395],[-111.872318659993,40.5045631392291],[-111.872322073841,40.5038376202746],[-111.872681949855,40.5036946854778],[-111.873096634444,40.5034908400078],[-111.87309676278,40.5034454531136],[-111.873099481604,40.502486321216],[-111.873043987009,40.5024969437264],[-111.873037627779,40.5024802843401],[-111.873093747962,40.502339099232],[-111.873408135537,40.5015266592965],[-111.873408129506,40.5015262036223],[-111.873399793156,40.5015266183384],[-111.872688257101,40.5015218690496],[-111.872680646372,40.5015229442333],[-111.872680734396,40.5015306412084],[-111.872325713552,40.5015300686593],[-111.8723290639,40.5013811867748],[-111.871861589088,40.5013829126543],[-111.870962481203,40.5013862264379],[-111.870823785724,40.501387602963],[-111.870802473667,40.5016294688488],[-111.870943356286,40.5016314472905],[-111.871519856875,40.5016338679317],[-111.871554657401,40.5016344456274],[-111.871529388724,40.5019548331021],[-111.871483607917,40.501954702676],[-111.870917689198,40.5019567710617],[-111.870773698058,40.5019560380188],[-111.870756664133,40.5021493472722],[-111.870608422486,40.5021400395484],[-111.870049761928,40.5021110738299],[-111.870078713349,40.5017707992929],[-111.870651955757,40.501768297521],[-111.870790280704,40.501767849071],[-111.87079616829,40.5017010335499],[-111.870659729068,40.5017013220431],[-111.870061148456,40.5016997630169],[-111.870061601691,40.5011989411251],[-111.870714384618,40.501201162597],[-111.870839903594,40.501204687432],[-111.870880902603,40.5007524665741],[-111.871011872205,40.500752911998],[-111.871865320586,40.5007551444051],[-111.872331405593,40.500756360605],[-111.872330841307,40.5007569432721],[-111.872331074527,40.5011335290375],[-111.872374224775,40.5011333847086],[-111.872374168201,40.5011496187412],[-111.872689886946,40.5011500072535],[-111.872690632107,40.5011499247318],[-111.872690484618,40.5011877450528],[-111.872690641519,40.5011877436531],[-111.873048806697,40.5011843695461],[-111.873340801193,40.501186170097],[-111.873345743374,40.5007590011647],[-111.873472348954,40.5007592046806],[-111.873470188654,40.5015231257803],[-111.87382977994,40.5015237018941],[-111.873831937397,40.5007597807842],[-111.874575966105,40.500760969113],[-111.876935584134,40.5007666360934],[-111.876923457676,40.501126568537],[-111.876588178995,40.5014111870063],[-111.87649934966,40.5014694112779],[-111.876652731497,40.5016114116869],[-111.87788398238,40.5025971800255],[-111.877913706852,40.5022288038109],[-111.878004873224,40.5011754391272],[-111.880306886577,40.5011864105258],[-111.880344514305,40.5011849825496],[-111.880346545003,40.5012424338742],[-111.880305618297,40.5012412626772],[-111.880302751156,40.5013653268991],[-111.880999282502,40.5013669816405],[-111.880998931841,40.5013599564542],[-111.881068153024,40.5013600735737],[-111.881068182611,40.5013499437518],[-111.881706186896,40.5013509939085],[-111.881704676171,40.5019548521926],[-111.881676843756,40.5019548050676],[-111.881298910195,40.5019542019468],[-111.880997716003,40.5019537200478],[-111.880938957798,40.5019536256059],[-111.880939429233,40.5019607296491],[-111.880936321708,40.502523416646],[-111.88087790927,40.502690501968],[-111.880878639285,40.5031612253615],[-111.881284986008,40.5031619121197],[-111.881673353613,40.5031625677765],[-111.881701049661,40.5031626144475],[-111.881806322782,40.5031612835353],[-111.881806260012,40.5034827654166],[-111.881806254943,40.5035109733834],[-111.881700178877,40.5035112244126],[-111.880485342062,40.5035091703739],[-111.880485223394,40.503555834281],[-111.880483131514,40.5043772459045],[-111.880988198422,40.5043778905012],[-111.881297456238,40.5043782786766],[-111.881296829672,40.504625433845],[-111.881728273273,40.5046259743856],[-111.881820556828,40.5046251378746],[-111.881813163455,40.5043146945108],[-111.881909838113,40.5043086274651],[-111.882789652609,40.5043088068943],[-111.883111122627,40.5043054409013],[-111.883703008022,40.5043123092033],[-111.883703143584,40.5042587558122],[-111.884753628381,40.5042573852722],[-111.884754306099,40.5042608241605],[-111.884754368367,40.5050467062953],[-111.884752332889,40.5051170031744],[-111.885120368989,40.5051178609929],[-111.8852489884,40.5051414692531]]],[[[-111.879289568687,40.5051271072615],[-111.879315068884,40.5042153181984],[-111.87770629411,40.5042134723966],[-111.877636227175,40.5050082510868],[-111.877633368857,40.505063145171],[-111.879289613414,40.505183367175],[-111.879289568687,40.5051271072615]]],[[[-111.867645622683,40.5060817246453],[-111.867623373856,40.506456988722],[-111.866496493232,40.5064067306625],[-111.865842060334,40.5063775391004],[-111.865256387845,40.5063552468435],[-111.864920029755,40.506337890589],[-111.864516410305,40.5063204436275],[-111.86450738925,40.506399133555],[-111.86443428643,40.5070367636696],[-111.864492253088,40.5070404981909],[-111.864412614438,40.5078103748245],[-111.863863384579,40.5078066258105],[-111.863329959307,40.5078013329646],[-111.864974315111,40.5078970003757],[-111.864982872922,40.5078142647042],[-111.865059130616,40.5070770225194],[-111.866133395418,40.5071468329536],[-111.866409632742,40.5071645898747],[-111.866455873565,40.5067611341876],[-111.867512005197,40.5068156131223],[-111.867580680406,40.5068191540293],[-111.86836440215,40.5068595758128],[-111.868492337319,40.5068668510011],[-111.868744174427,40.5065802802406],[-111.869121143112,40.5061821411495],[-111.868997216159,40.506128411219],[-111.868941248978,40.5061264782902],[-111.867645622683,40.5060817246453]]],[[[-111.868439262484,40.507138842863],[-111.869627444831,40.5072877948653],[-111.869632856967,40.5072773482038],[-111.868274734533,40.5071070923501],[-111.868265678115,40.5071171982758],[-111.868439262484,40.507138842863]]],[[[-111.862809094771,40.5078139590139],[-111.862573856595,40.5077979840864],[-111.862212390869,40.5077956509151],[-111.862159762248,40.5081621683511],[-111.862570906943,40.5081787860448],[-111.862570442527,40.5082386353304],[-111.862806442777,40.5082523015295],[-111.862810021036,40.507912325292],[-111.862809094771,40.5078139590139]]],[[[-111.858071449154,40.5099464354394],[-111.858070491125,40.5099495966878],[-111.858054314586,40.5099484906752],[-111.85804141847,40.5099847800736],[-111.857922130736,40.5103204425024],[-111.85792709008,40.5103209181692],[-111.857849884036,40.5105212106336],[-111.857634951958,40.5110787982523],[-111.857489854818,40.51145520615],[-111.857483737446,40.5115684397879],[-111.857507140342,40.5115686466741],[-111.858118805722,40.5116312774318],[-111.858390356856,40.5116699231284],[-111.858840045912,40.5117411244303],[-111.859213380816,40.5117987387393],[-111.859293765182,40.5118091389234],[-111.8593730227,40.5118184140865],[-111.859455652748,40.511827058355],[-111.859585057738,40.5118385057354],[-111.859668343083,40.5118445334721],[-111.859734649201,40.5118485860752],[-111.859814930483,40.5118526101425],[-111.859881705726,40.5118552230026],[-111.859924257863,40.5118533686195],[-111.859991451614,40.5118532243701],[-111.859990343757,40.5110542026588],[-111.85957688064,40.5109749119089],[-111.859186443945,40.510940972379],[-111.858961247667,40.5109213967304],[-111.858480511507,40.5108796055135],[-111.858612047811,40.5104903253248],[-111.859569391403,40.5105557302378],[-111.859572310715,40.5100591129312],[-111.858071449154,40.5099464354394]]],[[[-111.856900601204,40.5116492246703],[-111.856843346249,40.5116491279515],[-111.856843336008,40.5116525861932],[-111.856297146637,40.5116516616052],[-111.856295489503,40.5122233222733],[-111.856841303495,40.512224245324],[-111.856842051707,40.5119606121754],[-111.856876721295,40.5119606696069],[-111.856900601204,40.5116492246703]]],[[[-111.861568945284,40.511941814389],[-111.861573255545,40.5123370070193],[-111.861576554325,40.5124957755214],[-111.861571891982,40.5125447262809],[-111.862000933581,40.5125004046967],[-111.862574790443,40.512559289842],[-111.86256750537,40.5119589913358],[-111.862567153804,40.5118692464432],[-111.861568467006,40.5118586413892],[-111.861568945284,40.511941814389]]],[[[-111.883578752304,40.5202151769832],[-111.883580255437,40.5196661894057],[-111.884371565499,40.5196677972566],[-111.884753678917,40.5196685715874],[-111.8847553059,40.5190703787663],[-111.883487643057,40.5190655690771],[-111.882674546363,40.5190624774295],[-111.881900331649,40.5190595281284],[-111.881808191869,40.519059177209],[-111.881807192099,40.5184743169286],[-111.881798426669,40.5173086814103],[-111.881795387302,40.5167648530751],[-111.88187700394,40.5167649861224],[-111.881939047167,40.5167650865403],[-111.883461502425,40.516764400985],[-111.883461759265,40.5167300882365],[-111.885494816438,40.5167289085949],[-111.885495157383,40.5169485045996],[-111.885422324448,40.5169487441403],[-111.885368366378,40.5169475490977],[-111.885367025174,40.5170285296109],[-111.885365513115,40.5172385234484],[-111.885363784105,40.5174100895525],[-111.885362380701,40.5175596940578],[-111.885365521904,40.5178284845857],[-111.885373087661,40.5178444476118],[-111.885383787444,40.5178593304493],[-111.885397365532,40.5178727764099],[-111.885496489212,40.5179566289346],[-111.885497351231,40.5179573582665],[-111.885538038658,40.5179338031849],[-111.885542519079,40.5179310434946],[-111.88554879787,40.5179282778882],[-111.885555076661,40.5179255122815],[-111.885562704228,40.5179227422373],[-111.88556943261,40.5179199751508],[-111.885577509768,40.5179172036265],[-111.885585586926,40.5179144321017],[-111.885595912045,40.5179116531805],[-111.885605787571,40.5179088757377],[-111.885611174926,40.5179074855367],[-111.885617911057,40.5179060908977],[-111.885624647188,40.5179046962583],[-111.885631832912,40.5179033001392],[-111.885639018635,40.5179019040197],[-111.885649351504,40.5179004975441],[-111.885656537226,40.5178991014235],[-111.885661932333,40.5178990836705],[-111.885671366017,40.5178976801519],[-111.885678559493,40.5178976564803],[-111.885685745214,40.5178962603579],[-111.885691140321,40.5178962426036],[-111.885696535429,40.5178962248491],[-111.885701930536,40.5178962070942],[-111.885835017599,40.5178971415138],[-111.885841775557,40.5175814488943],[-111.885845309489,40.5174112502251],[-111.88584854121,40.5172671286871],[-111.885854284138,40.5169958890146],[-111.885855283532,40.5169486919898],[-111.885855375627,40.5169482837261],[-111.886520231347,40.5169478733793],[-111.88650939253,40.5173421475433],[-111.886513485493,40.5184953461229],[-111.8854927894,40.518490032525],[-111.885485186822,40.5190647734962],[-111.885475293343,40.5190658651111],[-111.885469911989,40.5190660359075],[-111.88546986446,40.5190730830578],[-111.88546591955,40.51966991556],[-111.885157704126,40.5196693393103],[-111.885153677772,40.5202191835813],[-111.883578752304,40.5202151769832]]],[[[-111.847278735392,40.5196118971117],[-111.847190479057,40.5173819951082],[-111.847173455018,40.5170171160987],[-111.846981034579,40.5170164008161],[-111.845215761045,40.5170157177154],[-111.845161083048,40.516897667696],[-111.845059517591,40.516658649286],[-111.844968944838,40.5164170714031],[-111.844854447556,40.5160600616568],[-111.844801265549,40.515823472614],[-111.84476971998,40.5156776436487],[-111.844683494461,40.5152297347919],[-111.844627705466,40.5149603390504],[-111.844645392549,40.5149603482775],[-111.844636766697,40.5148546948805],[-111.844621992806,40.5145996281917],[-111.844617824146,40.5143970274662],[-111.844620884032,40.5141995522511],[-111.844633851921,40.5139945361943],[-111.844647396966,40.5137979784189],[-111.844662543178,40.5136628891329],[-111.844705011266,40.5133905466641],[-111.844741817523,40.5131927406574],[-111.844787008617,40.5129917039093],[-111.844840588685,40.5127885053794],[-111.844891698188,40.5126057427192],[-111.845021848904,40.5122307753857],[-111.845112499713,40.5120129421481],[-111.845205244541,40.5118021469511],[-111.845352164256,40.5115047313991],[-111.845667396747,40.5113037274962],[-111.845715332188,40.5112334528889],[-111.845786173759,40.5111152180747],[-111.845857023259,40.5109983637704],[-111.845945473306,40.510863300959],[-111.846117769005,40.5106128671885],[-111.846188364113,40.5105349452938],[-111.846272834845,40.5104297840692],[-111.846348339573,40.5103398338848],[-111.84643101972,40.5102381288352],[-111.846462476754,40.510200073869],[-111.846524977635,40.5101271963968],[-111.8484336182,40.5081084727429],[-111.848822671877,40.507693094177],[-111.848794890257,40.5076928112376],[-111.849231123094,40.5072282246696],[-111.850475277029,40.5072403864757],[-111.850474966957,40.5072776649827],[-111.852445478535,40.5072968414055],[-111.852445092802,40.5077304163044],[-111.853183671133,40.5077380124963],[-111.853182475998,40.5086546509693],[-111.853180085205,40.5088140106844],[-111.852959995732,40.5088130869794],[-111.852934102435,40.5088910468183],[-111.852905656322,40.5089476562665],[-111.852883751872,40.5089865289681],[-111.852858418449,40.5090315341081],[-111.852809271655,40.5090981131002],[-111.852604018383,40.5093384021471],[-111.852403863038,40.5095747678779],[-111.852210479415,40.509800692323],[-111.852015414063,40.5100318313097],[-111.851818633365,40.510261673765],[-111.851621859224,40.5104928171783],[-111.851333491144,40.5108336503208],[-111.85104283131,40.5110611674358],[-111.850696198727,40.5113565836037],[-111.850642709849,40.5114020930392],[-111.850644019348,40.5114647619699],[-111.847603910591,40.5114259928674],[-111.847600623239,40.5115091779564],[-111.847552672678,40.5127623209572],[-111.847191404785,40.5128851089929],[-111.847243287629,40.5115124788439],[-111.847244411392,40.5114214039327],[-111.846918442405,40.5114172405764],[-111.846915183435,40.5115254471443],[-111.846890069874,40.5122927295781],[-111.846874306158,40.5127240570862],[-111.846865988169,40.5129703628106],[-111.846520867225,40.5130866852756],[-111.846171278115,40.5133066292299],[-111.846457658723,40.5133333801668],[-111.84761986984,40.5133408184183],[-111.848134554437,40.5133429595706],[-111.848356781174,40.5133438833254],[-111.848357374818,40.5133443687717],[-111.848357632698,40.5133123543742],[-111.848358590511,40.5129009320263],[-111.84835917697,40.5127064709412],[-111.849160965328,40.5124391644941],[-111.849373948269,40.5124385819739],[-111.849325016457,40.5133196405218],[-111.849321457071,40.5133478886536],[-111.849298665854,40.5137809646083],[-111.849275940212,40.5142128452286],[-111.848196414374,40.5142097499388],[-111.848183876626,40.5144842849636],[-111.849227336509,40.5144905579169],[-111.849275374693,40.5144962216632],[-111.849245623677,40.5149074882387],[-111.849141850497,40.514908794373],[-111.848588450505,40.5149157587014],[-111.848053932791,40.5149224932315],[-111.848045415528,40.5151858662168],[-111.84802934405,40.515538168974],[-111.84910711863,40.5155380587328],[-111.849197380597,40.5155439308404],[-111.849212965651,40.5153754410332],[-111.849327867901,40.5153784577433],[-111.849332038131,40.5153784732308],[-111.851092403715,40.51538519679],[-111.851091513706,40.5155218822924],[-111.851289086656,40.5154389021282],[-111.851376524732,40.5153862797256],[-111.851463158661,40.515339991605],[-111.85165583974,40.5151622247367],[-111.85171335488,40.515162325019],[-111.851712532715,40.5154390451192],[-111.85174766285,40.5154390576625],[-111.851747505247,40.515710983785],[-111.851751342017,40.5159817667701],[-111.851751316289,40.5162669164673],[-111.851747442427,40.5173560810034],[-111.851745857785,40.5173709965546],[-111.851745939255,40.5174397064641],[-111.851887861542,40.517439386705],[-111.851888169191,40.5175214991685],[-111.851873654142,40.5179698589761],[-111.85315194411,40.5179765671238],[-111.853150242315,40.5184803925527],[-111.851863263653,40.5184514978087],[-111.851862194365,40.5185325084705],[-111.851475156566,40.51852986036],[-111.851475459356,40.5184692625905],[-111.85129561594,40.5184668208829],[-111.850925589903,40.5184617964889],[-111.850928834379,40.517513447125],[-111.850928530902,40.5174544163467],[-111.850088222383,40.5174558019107],[-111.850085077822,40.517511763928],[-111.850084353721,40.5177279054932],[-111.850076982683,40.5177278176405],[-111.850076970889,40.5177266685442],[-111.849121942147,40.517716368928],[-111.849020004123,40.5177134682994],[-111.848935506952,40.5184279869672],[-111.848754792598,40.5198306950337],[-111.848742141863,40.51992881673],[-111.848682997174,40.5203982584661],[-111.848693655056,40.5203988067275],[-111.848773612098,40.5204019774903],[-111.849343883689,40.5204335498722],[-111.849451126984,40.5204394864503],[-111.849439975575,40.5206405922779],[-111.849732989989,40.5206503450694],[-111.84973548996,40.520873165299],[-111.849735620423,40.5208848084077],[-111.848784232207,40.5208847417675],[-111.848768306314,40.5208715003158],[-111.848691529405,40.520809250658],[-111.848636855575,40.520764490058],[-111.848542551494,40.5206951977269],[-111.848227083383,40.5204536806627],[-111.847835385616,40.5201312834402],[-111.847550104453,40.5198846551348],[-111.847278735392,40.5196118971117]]],[[[-111.84950872839,40.5174447235188],[-111.849506814005,40.5173607633672],[-111.849527361216,40.5171836016233],[-111.849568843232,40.5171836165921],[-111.84957410307,40.5165493323373],[-111.849575752781,40.5163507121867],[-111.850024564062,40.516179345199],[-111.849834744104,40.5159428034704],[-111.849295550114,40.5159319774928],[-111.849165521359,40.5159282484333],[-111.849039754795,40.5174453412273],[-111.84950872839,40.5174447235188]]],[[[-111.850549143872,40.5166108092126],[-111.85053193607,40.5173628143981],[-111.851056327769,40.5173638601023],[-111.851056762329,40.5166170509447],[-111.850549143872,40.5166108092126]]],[[[-111.846172192793,40.5137757727527],[-111.846351005375,40.5134261168891],[-111.846350556601,40.5134265063631],[-111.846172192793,40.5137757727527]]],[[[-111.849792093862,40.5215440216542],[-111.849792516209,40.5208731851442],[-111.850067587081,40.5208732860847],[-111.850814047688,40.5208735551046],[-111.850813635376,40.5215443907176],[-111.849792093862,40.5215440216542]]],[[[-111.857592423995,40.5215547759013],[-111.857628018722,40.5190503880155],[-111.857734045959,40.5189702430405],[-111.859861470792,40.5189681476126],[-111.861521707872,40.518676627105],[-111.861521435248,40.5193426028148],[-111.860885196933,40.5193456190668],[-111.860883249844,40.5199357796034],[-111.858604733023,40.5199354254043],[-111.858604274016,40.5215536188869],[-111.857592423995,40.5215547759013]]],[[[-111.851855002538,40.522075356095],[-111.851858173692,40.5209872844174],[-111.853128790412,40.5209894185933],[-111.853127581248,40.521407167973],[-111.853122762418,40.5220774998729],[-111.851855002538,40.522075356095]]],[[[-111.864340686266,40.5223927484389],[-111.862621811954,40.5223925421681],[-111.862621703389,40.5223925434045],[-111.862622702924,40.5223834292232],[-111.862658694449,40.5220153728581],[-111.861900452409,40.5220177165022],[-111.861898370337,40.5216254705326],[-111.861880876565,40.5216255245461],[-111.86188087785,40.5216188666102],[-111.861923462606,40.5214542131406],[-111.861956768623,40.5200125166738],[-111.864615594482,40.5200128398975],[-111.864757077644,40.5200174527855],[-111.864642861024,40.5209911068832],[-111.864437894333,40.5223928803071],[-111.864340686266,40.5223927484389]]],[[[-111.872161349018,40.5233674515683],[-111.872165650736,40.5233317536344],[-111.872185834497,40.5231457889087],[-111.87222430905,40.5227907943786],[-111.872259964081,40.5224618046693],[-111.87226305015,40.5224349776176],[-111.872855441037,40.522455089342],[-111.872804369004,40.5233479784512],[-111.872708417645,40.5233444039318],[-111.872708188468,40.5233821836677],[-111.872195977903,40.5233687140838],[-111.872161349018,40.5233674515683]]],[[[-111.886379175646,40.5215028875916],[-111.886379088543,40.5211829167946],[-111.886523543454,40.5212393729655],[-111.886523847681,40.5213160206809],[-111.887210700505,40.5213176404563],[-111.887210755165,40.5215178296753],[-111.88721129406,40.5218876294792],[-111.887211134546,40.5221682243496],[-111.887211440441,40.522427885629],[-111.8872111647,40.5226879927867],[-111.887211470592,40.5229476531137],[-111.887211781545,40.5232082049655],[-111.887211505802,40.5234683120454],[-111.887211814228,40.5237284180699],[-111.887211434226,40.5239826293929],[-111.886451764919,40.5239808371735],[-111.8864513894,40.5218874654464],[-111.886447059291,40.5218442765164],[-111.88639493675,40.5216066105176],[-111.886385347709,40.5215621033672],[-111.886380519239,40.5215340601164],[-111.886379175646,40.5215028875916]]],[[[-111.906466181142,40.5258151860044],[-111.906429320764,40.5249864461939],[-111.906426606921,40.5249350112601],[-111.906426409993,40.5249019401926],[-111.906426202125,40.5248670319932],[-111.906426005202,40.5248339618254],[-111.906425808275,40.5248008907566],[-111.906427996973,40.5247641370764],[-111.906432605294,40.5247292121754],[-111.905473190939,40.5247338732334],[-111.905459437959,40.5244195144609],[-111.905407217917,40.5232981090943],[-111.905365517296,40.522399723737],[-111.906143805324,40.5223978832041],[-111.906506105806,40.5223970252834],[-111.906765200397,40.522396414586],[-111.907254581673,40.522395248345],[-111.907265084016,40.5226045611081],[-111.9072746436,40.5228835104097],[-111.907281496453,40.5230361554935],[-111.907290601349,40.5232341393375],[-111.907298014078,40.5234366913529],[-111.908673055543,40.5234394681566],[-111.909227651909,40.5234405834078],[-111.909418502379,40.5234409660902],[-111.91008634395,40.5234423093578],[-111.910524368299,40.5234431814555],[-111.911085964284,40.5234443012222],[-111.911256555345,40.5234408020472],[-111.910899085385,40.5239356404668],[-111.910919865078,40.5242435025902],[-111.911040653124,40.52441035162],[-111.911098571252,40.5244805301266],[-111.91133265956,40.5247639803226],[-111.911769341584,40.5250732250726],[-111.911999163657,40.5252442604001],[-111.912356083559,40.5255030242463],[-111.912512863477,40.5256356628807],[-111.912352738211,40.5256357426906],[-111.909959026319,40.5256241824403],[-111.909959024899,40.52562453547],[-111.909958669888,40.5256241800846],[-111.909163938148,40.5256203305462],[-111.909157345563,40.5257660059444],[-111.90739513609,40.5257656985605],[-111.907401199295,40.5259111155148],[-111.906751248965,40.5259125297855],[-111.906466181142,40.5258151860044]]],[[[-111.87237471391,40.5252245340521],[-111.87237485676,40.525132608649],[-111.873003536743,40.525135647523],[-111.873454703789,40.5251378267288],[-111.874363643593,40.5251422101661],[-111.874794352965,40.5251442856484],[-111.87479249946,40.5252490532836],[-111.874793204633,40.5265874713607],[-111.874628659165,40.5266284879525],[-111.873996024485,40.5267083472354],[-111.873786802244,40.5267311758548],[-111.873637139214,40.5267469312009],[-111.873512044823,40.5267577891142],[-111.873402804942,40.5267655632656],[-111.873334483719,40.5267696200223],[-111.873318089307,40.5267704539329],[-111.873320444176,40.5257659032761],[-111.87266573258,40.5257671419106],[-111.872374322683,40.525768029311],[-111.872373868836,40.5257676930385],[-111.872374080601,40.5256321563615],[-111.87237471391,40.5252245340521]]],[[[-111.868756008846,40.5260212707442],[-111.868756863012,40.5258770469797],[-111.868898898294,40.5258769134532],[-111.869589559152,40.5258762606471],[-111.869581547867,40.5263799177381],[-111.869574659695,40.5268128970837],[-111.869574277528,40.5268369129136],[-111.868885846337,40.5268378827875],[-111.868753829652,40.5268278668605],[-111.868756008846,40.5260212707442]]],[[[-111.869928423886,40.5261695614128],[-111.869933091179,40.5258759721651],[-111.86994003135,40.5254395234697],[-111.869668437083,40.5254397805498],[-111.869672147949,40.525206480309],[-111.869673532161,40.5251195140549],[-111.870051511856,40.5251213499841],[-111.870050116034,40.5249960299489],[-111.870062149103,40.5246227284177],[-111.869481174698,40.5246221891061],[-111.868905992602,40.5246216520997],[-111.868767114279,40.5246215217497],[-111.86877153383,40.5241804780438],[-111.866330599113,40.5241775658349],[-111.866295269566,40.5241775231496],[-111.866283303292,40.5232284811464],[-111.866299119415,40.5216691060443],[-111.866342784053,40.5216706941718],[-111.866349908003,40.5216174057371],[-111.866416596592,40.5211045624701],[-111.868001857227,40.5212200591827],[-111.868541453533,40.5212404187711],[-111.868746279644,40.5212426311633],[-111.869246284674,40.5213264466461],[-111.86935652389,40.5213221196692],[-111.869367320684,40.5213295243763],[-111.869426804366,40.5213703183721],[-111.869478086084,40.5214171720307],[-111.869612901806,40.5215683232762],[-111.869798115444,40.5218029605558],[-111.869849074261,40.5218029645719],[-111.870217162324,40.5218029894526],[-111.870656641342,40.5218029297247],[-111.870738425208,40.5214147241145],[-111.871204505273,40.5214459532384],[-111.871189989425,40.5220695503922],[-111.871182159744,40.5224617727512],[-111.871170041662,40.5231455085873],[-111.871189531057,40.5231451658902],[-111.871188641097,40.5237879178798],[-111.871353387105,40.5237872465482],[-111.872694964161,40.5237598428482],[-111.872698176884,40.5240190433987],[-111.87209653534,40.5240313979195],[-111.872096221094,40.5242333125601],[-111.871352000271,40.5242405646636],[-111.871190027377,40.5242485488573],[-111.871194161169,40.5250045324533],[-111.871199375171,40.5251269180347],[-111.870151372896,40.5251218343824],[-111.870152128346,40.5252082526437],[-111.870175755611,40.5252778975742],[-111.870688752461,40.525827767389],[-111.870904369189,40.526114775516],[-111.870910850334,40.526120549283],[-111.870903681793,40.5261205431482],[-111.870909486186,40.5261270935481],[-111.870923478799,40.5262778436172],[-111.870916596577,40.5263272680289],[-111.870845476283,40.5268393857697],[-111.870755077807,40.5268393024986],[-111.869917817726,40.5268365866419],[-111.869918272731,40.5268079587568],[-111.869928423886,40.5261695614128]]],[[[-111.869402957848,40.5281516584827],[-111.868868735342,40.5281484876279],[-111.868763135015,40.5281488523061],[-111.868760921396,40.5279182753986],[-111.868867138507,40.5279178889677],[-111.869401359213,40.5279210607308],[-111.869402957848,40.5281516584827]]],[[[-111.869918903527,40.5289172083959],[-111.869915764384,40.5288264615336],[-111.87044005685,40.5288289538675],[-111.870440501368,40.5289206359203],[-111.870442881428,40.5293282525829],[-111.869921280472,40.5293248250697],[-111.869918903527,40.5289172083959]]],[[[-111.873571245716,40.5307068081361],[-111.873464897726,40.5307073640365],[-111.873463255009,40.5305723864667],[-111.873463374228,40.5305270946294],[-111.873465415174,40.5297539145923],[-111.873470871824,40.5289456002969],[-111.873470031572,40.5288444608134],[-111.873571551908,40.5288447821299],[-111.87416001225,40.5288466417511],[-111.874160337532,40.5289458025223],[-111.874159467915,40.5290552074893],[-111.874158099397,40.5292383032104],[-111.874154610956,40.5297541987886],[-111.874303648431,40.5297542597302],[-111.874301496393,40.530573671821],[-111.874302477662,40.5306974970388],[-111.873571245716,40.5307068081361]]],[[[-111.867462772067,40.5307961357319],[-111.8665031997,40.5297282886394],[-111.866466977921,40.5297281299115],[-111.866121617463,40.5293190265286],[-111.865757754495,40.5289098411226],[-111.866267119695,40.5289101463723],[-111.86626832639,40.5288097326371],[-111.866866429773,40.5288135655855],[-111.86686395925,40.528681994612],[-111.866868968858,40.5282743925388],[-111.867149548065,40.5282763994866],[-111.867480486212,40.5282787657277],[-111.867478851966,40.5284118886553],[-111.867777416873,40.5284140232338],[-111.867777248876,40.5284277466514],[-111.867885164301,40.5284285184208],[-111.868547044503,40.5284332458076],[-111.868730613914,40.5284319957842],[-111.86873271467,40.528820829311],[-111.868723900281,40.5297245250647],[-111.868855270125,40.52972541399],[-111.869923658626,40.5297324416757],[-111.870992048526,40.5297394596201],[-111.871278704681,40.5297476667125],[-111.871279841352,40.5298661384975],[-111.871263662577,40.5302599693307],[-111.8712289067,40.5306072580537],[-111.871214950026,40.5307059992859],[-111.868697394344,40.5306887007644],[-111.868695631536,40.5307672296704],[-111.868531127021,40.5307676578014],[-111.867462719099,40.5307711730122],[-111.867462772067,40.5307961357319]]],[[[-111.878381662795,40.5306036883195],[-111.877647211922,40.530603939481],[-111.877514458489,40.5306050380079],[-111.877403369283,40.5306138763808],[-111.877332409403,40.5306195217438],[-111.877138304316,40.5306349634664],[-111.877037205186,40.5306430074687],[-111.87694661057,40.5306502142975],[-111.876894769737,40.5306543380904],[-111.876740561458,40.5306666060448],[-111.875913655739,40.530676966859],[-111.874836314027,40.5306906976321],[-111.874835717072,40.5305744873058],[-111.874837864167,40.5297544835262],[-111.875906266933,40.529766424188],[-111.876210286302,40.5297657901865],[-111.876210239215,40.5297527518822],[-111.8768947211,40.5297513204111],[-111.876898892504,40.5297552343859],[-111.877034859773,40.5297552870487],[-111.877567910536,40.5297554850393],[-111.877567889563,40.5297642809766],[-111.879211379289,40.5297599034351],[-111.879456645238,40.5297592475363],[-111.880855022457,40.5297530041698],[-111.881656592657,40.5297508501157],[-111.881658683012,40.5304536799109],[-111.881656140347,40.5306992835782],[-111.881657005549,40.5315673617653],[-111.879213905536,40.5315693376665],[-111.879213018887,40.5309675212477],[-111.879211680907,40.5306035232942],[-111.878381662795,40.5306036883195]]],[[[-111.867897867165,40.5312803148348],[-111.868527123291,40.5312782032096],[-111.86868416793,40.531277895812],[-111.868668464775,40.5319773813093],[-111.868680726813,40.5320507796537],[-111.868521662598,40.531974461263],[-111.868168306348,40.5315812555554],[-111.867897867165,40.5312803148348]]],[[[-111.824824406067,40.5299285617477],[-111.825168398123,40.5296939042956],[-111.825731476701,40.5292666261437],[-111.826473451966,40.5287156060768],[-111.826899972031,40.5283942346085],[-111.827002278246,40.528310999669],[-111.827410957227,40.5276726451577],[-111.827915091738,40.5268792051836],[-111.828082642328,40.5266101640483],[-111.828432452324,40.526059431778],[-111.829055092493,40.5260599729706],[-111.829055156442,40.5260171795234],[-111.830851168836,40.5260257855419],[-111.83095812946,40.5262723036163],[-111.830976955032,40.5263147051139],[-111.831026745848,40.5263742182421],[-111.831302737114,40.5262688697611],[-111.831620551413,40.5261633113505],[-111.831775219009,40.5261277838754],[-111.832065199198,40.5260893639549],[-111.832289623396,40.5260803724756],[-111.833011851736,40.5260803563307],[-111.833012218226,40.5260376718847],[-111.833015403575,40.5256671098652],[-111.834162857871,40.5256728697788],[-111.834284410556,40.5256734795932],[-111.834282583314,40.5243876218926],[-111.834173289109,40.5243884972972],[-111.834173032997,40.5243882530722],[-111.833902482335,40.5243869410771],[-111.830934394614,40.5243718231221],[-111.829555380734,40.5243595306147],[-111.829571183189,40.522566060293],[-111.831982700491,40.5225627264741],[-111.83208631286,40.5224155597402],[-111.832459692377,40.5224164374889],[-111.834190907885,40.522420493785],[-111.834320400266,40.5224207963277],[-111.834328824071,40.5212597495055],[-111.834691226012,40.5208409283559],[-111.834719391003,40.5208095395526],[-111.834739589998,40.5207831455491],[-111.834759183467,40.5207564867021],[-111.834778162004,40.5207295702433],[-111.834796522129,40.5207024078903],[-111.834814259133,40.5206750023587],[-111.83483136718,40.5206473662734],[-111.8348478404,40.5206195059554],[-111.834863672938,40.5205914304273],[-111.834878862473,40.5205631478013],[-111.834900777213,40.5205194398759],[-111.834916250432,40.5204862068912],[-111.83496758804,40.52036498461],[-111.834995110933,40.520277369466],[-111.835091515061,40.5198872263992],[-111.835386287888,40.5186991634463],[-111.835518883067,40.5182846863058],[-111.835634065073,40.5179242265316],[-111.835680930791,40.5177756806317],[-111.835693971246,40.5177338738173],[-111.835853659467,40.5174737496651],[-111.836020035907,40.517201836503],[-111.836106284327,40.5168860707415],[-111.836250980965,40.5163412574207],[-111.836334657074,40.5155222943458],[-111.836391704072,40.5149719017474],[-111.839075143499,40.5149935922374],[-111.839080629134,40.5135753379334],[-111.839096376784,40.5123799409172],[-111.839093155248,40.5114753047763],[-111.839092482613,40.5113080564277],[-111.839090435766,40.5104078095263],[-111.83908632788,40.5091926072242],[-111.839084014672,40.5084710310625],[-111.839083863152,40.508470931537],[-111.838159598198,40.5087445586132],[-111.838314091696,40.5081377773691],[-111.838337303058,40.5076255724728],[-111.838457621058,40.5049703310329],[-111.838328950682,40.5046809202649],[-111.838153023072,40.5044806948039],[-111.838019278794,40.5043834833157],[-111.83773441763,40.5043746568141],[-111.837516055596,40.5044097051487],[-111.837288437933,40.5044032540954],[-111.837326889143,40.5040065687344],[-111.837343030019,40.5037295568475],[-111.837822192366,40.5039263493916],[-111.838384949876,40.5037197028114],[-111.837793994229,40.5022271645926],[-111.838275748136,40.5020892669461],[-111.83887962768,40.5009883534741],[-111.839054929919,40.5011077403661],[-111.839174964655,40.5013259768809],[-111.839175521229,40.5013261589878],[-111.839175449496,40.5013309556764],[-111.839161602503,40.5022291686388],[-111.842692820201,40.5022649156306],[-111.842682642598,40.5029812211476],[-111.843039164364,40.5031305276499],[-111.843377907397,40.5037003010482],[-111.843849193264,40.5037045917698],[-111.843841927988,40.5041644553049],[-111.843992242732,40.5042851454298],[-111.844257062903,40.5044310961259],[-111.844859815966,40.5046144491825],[-111.845011379512,40.5047447335685],[-111.845118194754,40.5049071461743],[-111.845254825633,40.5052815658144],[-111.845269602038,40.5054799032535],[-111.845238712682,40.5055293603097],[-111.845197599284,40.5055973480346],[-111.845138091322,40.5056313427001],[-111.845049731867,40.5056819884129],[-111.844976712825,40.5057263776158],[-111.84489739879,40.5057776864234],[-111.84477575692,40.505862939998],[-111.844646039012,40.5059606415578],[-111.844585709138,40.5060112035689],[-111.844518185136,40.506069380365],[-111.844450673765,40.5061303173521],[-111.844384991843,40.5061953897751],[-111.844338205224,40.5062417709968],[-111.844278849424,40.506306135826],[-111.844197047926,40.5064023145945],[-111.844160200104,40.5064472868632],[-111.844111687961,40.5065102382686],[-111.844060501543,40.5065807902679],[-111.843981519666,40.5066983574005],[-111.843903521243,40.5068317969553],[-111.843829223347,40.5069817908013],[-111.843776463905,40.5070992808323],[-111.84371264089,40.5072306424466],[-111.843666167016,40.5073464154916],[-111.843625422979,40.5074604200895],[-111.843600592953,40.5075437169778],[-111.843574570407,40.5076460825592],[-111.843749380189,40.5076466965191],[-111.843939279268,40.5076475198939],[-111.844711566917,40.5076562944184],[-111.84791786548,40.5076838676079],[-111.846906466324,40.5087720976064],[-111.846209421218,40.5095161346434],[-111.846039429646,40.5096974714778],[-111.845927017282,40.5098206608245],[-111.845766084417,40.5100054215026],[-111.845590842277,40.5102219739398],[-111.845466875431,40.5103852283775],[-111.845356603489,40.5105356757546],[-111.845283681694,40.510640405129],[-111.845222755752,40.5107310843597],[-111.845136855299,40.5108630816661],[-111.845030571491,40.5110299263435],[-111.844960829043,40.5111492219459],[-111.844966653672,40.5111493146704],[-111.844880322852,40.5113002602356],[-111.8448811555,40.5114013158407],[-111.843671772239,40.511401190768],[-111.843672600356,40.5114864665074],[-111.843694797047,40.5137719512856],[-111.844290344954,40.5137742747114],[-111.844269847411,40.514215300259],[-111.844273229251,40.5145407569485],[-111.84428099173,40.5146994828519],[-111.844292296668,40.5148701534592],[-111.844307871864,40.5150248704487],[-111.844335053517,40.515237340455],[-111.844352201854,40.5153588423324],[-111.84437637035,40.5154916149686],[-111.844412993835,40.515678152171],[-111.844452146251,40.5158480771384],[-111.844486788294,40.5159867969535],[-111.844531097713,40.5161440860784],[-111.844570062935,40.5162768151377],[-111.844643401497,40.5164951272697],[-111.844699903127,40.5166537087944],[-111.844768653603,40.5168248748868],[-111.844805656536,40.5169137714979],[-111.844875217989,40.517072979115],[-111.844944400037,40.5172338691691],[-111.844892246481,40.517233539048],[-111.845084984217,40.5180693033569],[-111.845475255039,40.5181368250004],[-111.845486377706,40.5181381169565],[-111.845720942971,40.518468192203],[-111.845734433478,40.5184682001387],[-111.845866432021,40.5186317653748],[-111.846106771594,40.5189085890026],[-111.846230340863,40.5190373742653],[-111.846339350733,40.5191493914271],[-111.8450884506,40.5192453889749],[-111.845201475378,40.5196433820637],[-111.84682320014,40.5196357945179],[-111.846967504905,40.5197722256147],[-111.846967653128,40.5197723656652],[-111.847135225536,40.5199207241928],[-111.847322326262,40.520086371432],[-111.847432569658,40.5201843241514],[-111.848134811912,40.5207765037209],[-111.848232533516,40.5208608798125],[-111.848232109856,40.5208608792701],[-111.848345689673,40.5209595380517],[-111.84878957014,40.5213125129347],[-111.850207430981,40.5224523814656],[-111.849963755148,40.5224539855411],[-111.849120145746,40.5224542391133],[-111.848623712618,40.5224543838901],[-111.848610687037,40.5226562389219],[-111.848586791067,40.5229408077316],[-111.848578637225,40.5230389672495],[-111.84855246136,40.5233612866337],[-111.848509369658,40.5238822853417],[-111.848479093215,40.5242494382141],[-111.848449575237,40.5245761252215],[-111.848318809933,40.5245765138851],[-111.848337598033,40.5245972927587],[-111.848709574354,40.5248385249287],[-111.848862348474,40.5249268909229],[-111.849039613928,40.5250272460331],[-111.849488340506,40.5251937087006],[-111.850307514195,40.525156479733],[-111.850368419684,40.5252227030791],[-111.850298492278,40.5252609819058],[-111.850361108064,40.5253486121107],[-111.850787825279,40.5260832569091],[-111.850385592432,40.5260818005814],[-111.850380448604,40.5264228583545],[-111.849283228913,40.5267817087331],[-111.848507926707,40.5266663208994],[-111.848323003188,40.5266663680472],[-111.848306664944,40.5260702679102],[-111.847942996216,40.5260713479858],[-111.847938259688,40.5261601663845],[-111.847938094946,40.5261602614333],[-111.847939399064,40.5261602620651],[-111.847930752648,40.5279282687435],[-111.848498597924,40.5279213009462],[-111.847920306828,40.528272609133],[-111.847013923933,40.5282822491614],[-111.846924350607,40.5282825503198],[-111.846973737518,40.5273479307008],[-111.846983937439,40.5272080456075],[-111.847012657171,40.5267422533338],[-111.846935812496,40.5267419521669],[-111.846935796979,40.5267419179911],[-111.84655462234,40.526742089155],[-111.846554488803,40.5267334548841],[-111.846090520801,40.5267348509109],[-111.846091161015,40.5264998866855],[-111.845621245859,40.5264990803147],[-111.845336716703,40.5264999189222],[-111.845325070746,40.5264703469904],[-111.845319162367,40.5264385643657],[-111.845316104361,40.5264023866662],[-111.845317264428,40.5263475556385],[-111.845317752474,40.5261603670882],[-111.845315841112,40.5261597765416],[-111.845315756355,40.5260665128387],[-111.843677874031,40.5260630647299],[-111.843678305927,40.5261528205897],[-111.843642813355,40.5264822748362],[-111.843639753327,40.5264872432464],[-111.843636592797,40.5264921750276],[-111.843633330571,40.5264970674819],[-111.843629967834,40.5265019215062],[-111.843626506929,40.5265067334914],[-111.843622946679,40.5265115043416],[-111.843619289436,40.5265162322485],[-111.843614581545,40.5265220790415],[-111.84361070781,40.5265267049178],[-111.84360573372,40.5265324219081],[-111.843602678739,40.5265358152054],[-111.843598524574,40.5265402978121],[-111.843594278095,40.5265447293568],[-111.843589941664,40.5265491098325],[-111.843585516455,40.5265534383352],[-111.843581002459,40.5265577130637],[-111.84357523654,40.5265629793869],[-111.843570528368,40.5265671304056],[-111.84356330683,40.5265732493316],[-111.843558389033,40.5265772559723],[-111.843552125706,40.5265821806351],[-111.843545737983,40.5265870111022],[-111.843540539411,40.5265908060306],[-111.843535263809,40.5265945381446],[-111.843528562047,40.5265991137692],[-111.843523116948,40.5266027013876],[-111.84351759835,40.5266062243802],[-111.843510600194,40.5266105334031],[-111.84350634888,40.5266130683582],[-111.843499176383,40.5266172085842],[-111.843490431764,40.5266220342475],[-111.843486004866,40.5266243878013],[-111.843480044979,40.5266274636013],[-111.843477041885,40.5266289745519],[-111.843473952724,40.5266305028655],[-111.84286696607,40.5266455227916],[-111.842866802671,40.5266454170023],[-111.842866802024,40.5266455232714],[-111.842466910799,40.5266472731626],[-111.842466047253,40.5269535856157],[-111.842467042156,40.5269542887557],[-111.84074557566,40.5276127976662],[-111.84071563853,40.5276192454098],[-111.840716163441,40.526621041628],[-111.841320431311,40.5266206939296],[-111.841320392383,40.5266119657195],[-111.84153482392,40.5266179738243],[-111.841527168411,40.5265536783275],[-111.841997072339,40.5265053246224],[-111.841998204305,40.5261577139012],[-111.841997769316,40.52608550656],[-111.841206207488,40.5260878143042],[-111.841206090585,40.526066790836],[-111.840287315762,40.5260702398048],[-111.840287727377,40.5261603730615],[-111.840283200683,40.5271968241033],[-111.839896565832,40.5271971398545],[-111.839896913919,40.5271305318134],[-111.839094714584,40.5271307127518],[-111.839090395487,40.5279539160007],[-111.83905829723,40.5279539836337],[-111.8390552377,40.5287749603714],[-111.839017874209,40.5287750684374],[-111.839013103561,40.5295503432942],[-111.839012439485,40.5297060553544],[-111.839058350679,40.5299800601792],[-111.838074596052,40.5302351579435],[-111.83752831958,40.5303863985168],[-111.837527581676,40.5294630188378],[-111.837232376696,40.5294631624297],[-111.83723734306,40.5286534196362],[-111.836908185918,40.5286535160043],[-111.836781707795,40.5286462732457],[-111.836788933742,40.5278965764015],[-111.8367917227,40.5272967549599],[-111.834423439996,40.5272925702589],[-111.834423451705,40.5272911058996],[-111.834421512247,40.5272927171481],[-111.834269044966,40.5272934041949],[-111.834246646955,40.5297088786952],[-111.83411346304,40.5297097753048],[-111.828306106874,40.5297200906244],[-111.82818780508,40.5297262134484],[-111.827259403254,40.5311560643626],[-111.827036277305,40.5314073240616],[-111.826773148604,40.5316709218297],[-111.826501742929,40.531879523658],[-111.826110304289,40.532119024073],[-111.825454996634,40.5324692918348],[-111.825135279878,40.5326291201287],[-111.824759564914,40.5328074409315],[-111.824530762437,40.5329522229357],[-111.824287989037,40.5331983992435],[-111.824208370634,40.5333218332318],[-111.823728966276,40.5333221917844],[-111.820668559809,40.5333209112827],[-111.821679782419,40.5321064008449],[-111.821904871304,40.5319275805119],[-111.822245648374,40.5316517028184],[-111.823046948937,40.5311151600132],[-111.823978685479,40.5304926701981],[-111.824824406067,40.5299285617477]]],[[[-111.840060385634,40.5260708983811],[-111.840060403135,40.5259735034807],[-111.840060204682,40.5254727204091],[-111.839882143649,40.5254727613576],[-111.839881978832,40.5250552565415],[-111.839881777632,40.5245451262831],[-111.839104519871,40.5245453539267],[-111.839102945008,40.5255740367616],[-111.83912047857,40.525636181212],[-111.839131259239,40.525691933137],[-111.83913647137,40.5257262216735],[-111.839137862415,40.525752506191],[-111.839142067007,40.5257531352317],[-111.839143208777,40.5258140446884],[-111.839139042146,40.5259794788554],[-111.839099107526,40.5261675154311],[-111.839098113472,40.5264829068943],[-111.839529786512,40.5264828100355],[-111.839530778572,40.5261674185687],[-111.839529980332,40.5260724359623],[-111.840060385634,40.5260708983811]]],[[[-111.842972805907,40.5250051054605],[-111.843053260596,40.525010469767],[-111.843052982179,40.5245514461478],[-111.843051190343,40.5241949415547],[-111.842972238271,40.5241889703692],[-111.842075768003,40.5241875113883],[-111.842079110662,40.5245443428665],[-111.842119657981,40.5245444091419],[-111.842119846305,40.5250053115992],[-111.842972805907,40.5250051054605]]],[[[-111.842116586108,40.5259787781844],[-111.842117254847,40.526083466609],[-111.84307254325,40.5260789634424],[-111.84307320286,40.525977275433],[-111.843070853464,40.525466438327],[-111.842967771204,40.5254656575027],[-111.842123160915,40.5254652682569],[-111.842116586108,40.5259787781844]]],[[[-111.845121398934,40.5234977994456],[-111.845122630372,40.5230871272526],[-111.845929876152,40.523089797071],[-111.845932900095,40.5225983319378],[-111.845052877682,40.5225958773263],[-111.84505197484,40.5227139926258],[-111.845048612447,40.523497171704],[-111.845121398934,40.5234977994456]]],[[[-111.843017253762,40.5226549508867],[-111.843019677822,40.5223341881838],[-111.843014142033,40.5223342268987],[-111.842915887792,40.5223339362323],[-111.842915899236,40.5223254086879],[-111.842323499388,40.522324428736],[-111.84232298671,40.5223299759521],[-111.842321274897,40.5231193073598],[-111.842914589541,40.5231262329391],[-111.843019636238,40.5231255040978],[-111.843021482417,40.5234928605591],[-111.84314891332,40.5234925542033],[-111.844326781347,40.5234950239088],[-111.844569984516,40.523496523714],[-111.844571773146,40.5232815944531],[-111.84457480849,40.5230812570675],[-111.844574802909,40.523077112655],[-111.844572036667,40.5230771144831],[-111.843562888652,40.5230746076282],[-111.843507329984,40.5230727369764],[-111.843504043493,40.5230146219409],[-111.843151814408,40.5230137453635],[-111.843019068367,40.5230132117375],[-111.843017253762,40.5226549508867]]],[[[-111.847566124226,40.5210360423994],[-111.845803543568,40.5210355985116],[-111.845805768547,40.5211058068429],[-111.845938073311,40.5214235209355],[-111.846172571016,40.521425347482],[-111.846539669116,40.5214282062893],[-111.847443658564,40.5214352427125],[-111.847525017221,40.521437885141],[-111.847566124226,40.5210360423994]]],[[[-111.873464897726,40.5307073640365],[-111.873521666772,40.5307073974975],[-111.873571245716,40.5307068081361],[-111.873589447894,40.5316335056007],[-111.873687831715,40.5316338431292],[-111.874222060809,40.531634468688],[-111.874756288737,40.5316350927166],[-111.875824745793,40.5316363316649],[-111.87589541764,40.5316362509624],[-111.875898582632,40.5324326584682],[-111.875899664083,40.5325188547877],[-111.874742111988,40.5325206327502],[-111.874740811122,40.5325945448199],[-111.874743475523,40.5333912237899],[-111.874207089399,40.5333914963107],[-111.874188581359,40.534359656829],[-111.874196001017,40.534359666467],[-111.874195298553,40.5344209866183],[-111.873396081844,40.5344197633814],[-111.873392981165,40.5344206396043],[-111.873312856577,40.5342990127444],[-111.873278417649,40.5342575377563],[-111.872801855783,40.5336851930053],[-111.872602548401,40.5334338033945],[-111.872574103943,40.5333923154392],[-111.872372930523,40.5333924151913],[-111.872375057261,40.5325915793197],[-111.872373598826,40.5325239503142],[-111.872178459705,40.5325252004118],[-111.872139843612,40.5324414313923],[-111.87203913157,40.532260397151],[-111.871894063656,40.531835982403],[-111.871807444539,40.5315825667807],[-111.871489853152,40.5310107574413],[-111.872122380905,40.5310322443851],[-111.872138861089,40.5307672931102],[-111.872137705373,40.5307064281737],[-111.87239396234,40.5307067202834],[-111.872394812545,40.5305707396562],[-111.872396982612,40.5297534646679],[-111.872931198296,40.5297536899487],[-111.872929033178,40.5305715638303],[-111.872928000708,40.5307070416261],[-111.873464897726,40.5307073640365]]],[[[-111.87770091807,40.5369351673252],[-111.877704189992,40.536374481237],[-111.878474835751,40.5363749361935],[-111.878471114107,40.536935545426],[-111.878471001408,40.53696970973],[-111.878470939933,40.5370299236917],[-111.877700841459,40.5370285978748],[-111.87770091807,40.5369351673252]]],[[[-111.881788998044,40.5333874016895],[-111.881788934832,40.5333461432183],[-111.884146865281,40.5333546432629],[-111.884146971564,40.5334347530555],[-111.88415131189,40.5369335876776],[-111.884151357203,40.5369737186423],[-111.884150259871,40.5370335541767],[-111.881794397476,40.5370334322501],[-111.881794474559,40.53697125769],[-111.881788998044,40.5333874016895]]],[[[-111.911434877122,40.5370362651457],[-111.911433958335,40.5365970580134],[-111.910465338547,40.5366061467875],[-111.910454552849,40.5366062475902],[-111.910344430114,40.5366069582004],[-111.910335533108,40.5361294669087],[-111.911615142565,40.5361279142416],[-111.911614366359,40.5357573496755],[-111.911017720099,40.5357580750698],[-111.910453486402,40.5357587586968],[-111.910352864693,40.5357588948122],[-111.910330672342,40.5321366033114],[-111.910207705155,40.532137420918],[-111.907397913848,40.5321438639628],[-111.907398736365,40.5312527191689],[-111.910323767872,40.5312391255741],[-111.910326448229,40.5309248240262],[-111.910339604315,40.530126183628],[-111.91034802958,40.5278927905531],[-111.91040650455,40.5278852281588],[-111.912549494178,40.5278880720238],[-111.912547446814,40.5269081589318],[-111.913466558265,40.5269000565064],[-111.913982903725,40.5268985987657],[-111.914203410616,40.5269100279463],[-111.914328143985,40.5268993917309],[-111.915879002867,40.5267728482171],[-111.916160862637,40.5267488156996],[-111.916382627818,40.5267395915769],[-111.916535859098,40.5267332177524],[-111.917005565261,40.5267233029392],[-111.917434164154,40.5267273951643],[-111.917690092548,40.5268506481828],[-111.917873692926,40.5269388848632],[-111.917940447893,40.5269696887182],[-111.918001683141,40.5270047449119],[-111.918079688745,40.5270609047258],[-111.918124299588,40.5270988425437],[-111.918157790751,40.5271325855187],[-111.918204344962,40.5271860368475],[-111.918237939967,40.5272367120012],[-111.918271672193,40.5273099622173],[-111.918294241481,40.5273719635761],[-111.91850680513,40.5282629376002],[-111.918520129183,40.528324972803],[-111.918533409996,40.5283799530715],[-111.918539235053,40.5284250833796],[-111.918548765199,40.5284716116544],[-111.918552706267,40.5285111047992],[-111.918562245083,40.5285590433371],[-111.91856623808,40.5286070016763],[-111.918596397386,40.5290019661034],[-111.918602281933,40.5290569727625],[-111.918604494809,40.5291162252219],[-111.918603259831,40.5292164083956],[-111.918594638197,40.5293180291401],[-111.918578540977,40.5294069776051],[-111.918556931242,40.5295015896341],[-111.918531580515,40.5295891599301],[-111.918511602604,40.5296484925079],[-111.918486087384,40.5297092551453],[-111.918445908807,40.5297912344647],[-111.918403844922,40.5298675766117],[-111.918370907025,40.5299241330233],[-111.918332429418,40.5299821203902],[-111.918286582302,40.5300443667284],[-111.918240707978,40.5301023795551],[-111.918185622146,40.5301660700091],[-111.918105812688,40.5302437552526],[-111.917974000229,40.5303719183101],[-111.917928154505,40.5304100102541],[-111.917199710273,40.5310395929922],[-111.916008253443,40.5306025931518],[-111.914697979744,40.5304580407819],[-111.913502560907,40.5313398039463],[-111.912790993105,40.5310786470205],[-111.912711766361,40.5311393119922],[-111.911852553121,40.5313923531675],[-111.911439480691,40.5317692887398],[-111.911302183756,40.5327821455121],[-111.911461024701,40.5332122986183],[-111.912452346126,40.5332110871125],[-111.912126381957,40.5339120092076],[-111.911908942983,40.5339690338547],[-111.911659734672,40.5339802261656],[-111.91166330261,40.5342373021333],[-111.911361848019,40.5343949721862],[-111.911662538398,40.5347948757011],[-111.911935876951,40.5350540803067],[-111.912016659469,40.5351366461528],[-111.91378510109,40.5351343287072],[-111.913878331262,40.5351753816938],[-111.915737720315,40.535173063999],[-111.916924749012,40.53517156906],[-111.917011806343,40.536983654404],[-111.916697561186,40.5369860965108],[-111.916305194846,40.5369901399502],[-111.915492682237,40.5369983213471],[-111.914973573332,40.5370028094497],[-111.914636757152,40.5370053259239],[-111.914523904028,40.537005725009],[-111.914279114439,40.5370092397657],[-111.913652368006,40.5370154261694],[-111.913251320941,40.5370194900155],[-111.913077699247,40.5370201019008],[-111.912926657615,40.5370219587368],[-111.912744363548,40.5370239254116],[-111.911434877122,40.5370362651457]]],[[[-111.915449496288,40.5284030444388],[-111.91529485401,40.527755527815],[-111.915189320104,40.5277702018576],[-111.914013290449,40.5277715615856],[-111.913948958468,40.5285672103898],[-111.915449496288,40.5284030444388]]],[[[-111.879605437563,40.5371254991689],[-111.879605124428,40.5370293150381],[-111.880578674166,40.5370300139908],[-111.880577635664,40.5371259350425],[-111.880570259904,40.5375268980574],[-111.88062577926,40.5375283001154],[-111.880636789179,40.5380800628494],[-111.880641379893,40.538314345879],[-111.880129528228,40.5381418413824],[-111.8795919058,40.5379679753828],[-111.879603816831,40.5377754432087],[-111.879605437563,40.5371254991689]]],[[[-111.910358076901,40.5425319204065],[-111.910479996875,40.5425305192075],[-111.911228073987,40.5425303265913],[-111.911537833053,40.5425302447551],[-111.911545607719,40.5428925354854],[-111.911545944407,40.542908234792],[-111.911204542434,40.5429084186207],[-111.910937200505,40.5429085616414],[-111.910542322591,40.5429087724595],[-111.91048089609,40.5429088056179],[-111.910359102811,40.5429090086176],[-111.910358076901,40.5425319204065]]],[[[-111.915455965884,40.5428830104136],[-111.915474273004,40.5427294798495],[-111.915920571919,40.5427604511882],[-111.915947575939,40.5425604726363],[-111.916061266816,40.5422067288485],[-111.916056803532,40.5419418949337],[-111.916099629254,40.541820611185],[-111.916083852665,40.541699486772],[-111.916277184785,40.5417135905222],[-111.916289625734,40.5418122728968],[-111.916243401411,40.541945107757],[-111.916246366016,40.5422083610879],[-111.916128132683,40.5425695040333],[-111.916088133911,40.5428538074482],[-111.91608577577,40.5428914415234],[-111.916084769207,40.5429286754523],[-111.91608074078,40.5429283835556],[-111.915514341963,40.5428872370379],[-111.915494402962,40.5428857884424],[-111.915455965884,40.5428830104136]]],[[[-111.916125248085,40.543204114406],[-111.916133921761,40.5432026625261],[-111.916149679641,40.5432391588218],[-111.916166172925,40.5432725482492],[-111.916188140792,40.5433116503515],[-111.916206837953,40.5433413387229],[-111.916221811577,40.5433632422979],[-111.916237173097,40.543378097555],[-111.916184457683,40.543522619497],[-111.916182819605,40.5435188231169],[-111.916147214083,40.5434358982904],[-111.916131148434,40.5433764305198],[-111.916127025915,40.5433649728254],[-111.916124273686,40.543353277921],[-111.916100081492,40.5432148187105],[-111.916098683385,40.543206815828],[-111.916125248085,40.543204114406]]],[[[-111.914042310774,40.543949387141],[-111.91456781482,40.5438861214556],[-111.915970142898,40.5439368403099],[-111.915974174036,40.5439369863091],[-111.916032544047,40.5439390963659],[-111.915916400035,40.5442575040289],[-111.91580610641,40.5442583464092],[-111.915649996787,40.5442746373377],[-111.912044774191,40.5443021238244],[-111.911996752599,40.5443023970429],[-111.91199685401,40.5442970995531],[-111.911996504467,40.5441516205274],[-111.911996195354,40.5440226127184],[-111.91338867083,40.5440120180334],[-111.91353106532,40.5440109332277],[-111.913638445004,40.5439980068516],[-111.914042310774,40.543949387141]]]]},"properties":{"zone_code":"RA2","zone_description":"Residential/Agricultural","zone_class_normalized":"Agriculture/Rural","jurisdiction":"draper_ut","source_rest_url":"https://services2.arcgis.com/nAPVXppTJAHM40Se/arcgis/rest/services/Zoning_Public/FeatureServer/5","extraction_method":"arcgis_rest","confidence":"rest_api"}},{"type":"Feature","geometry":{"type":"Polygon","coordinates":[[[-111.827084342157,40.4827285357382],[-111.8263215912,40.4827302172616],[-111.826320068662,40.4844868240397],[-111.8258254971,40.4846498761774],[-111.825293803435,40.4847462411246],[-111.824861060155,40.4847715677362],[-111.824601991285,40.4846939063116],[-111.824040793409,40.484652086133],[-111.823020284992,40.4846354907331],[-111.822075408141,40.4847418405177],[-111.81972263845,40.4854409061736],[-111.819655658558,40.4847811379751],[-111.821426836671,40.4834296244681],[-111.821165436394,40.4830937923381],[-111.821516733281,40.4830928412647],[-111.821518342546,40.4817260211188],[-111.822351826704,40.4820897036029],[-111.822704800701,40.4827737818355],[-111.825320539402,40.4817493491683],[-111.822725142075,40.4790271888083],[-111.823094951894,40.4787975962447],[-111.824135313247,40.4792608631418],[-111.827084342157,40.4827285357382]]]},"properties":{"zone_code":"C-3","zone_description":"Intense Commercial","zone_class_normalized":"Commercial","jurisdiction":"draper_ut","source_rest_url":"https://services2.arcgis.com/nAPVXppTJAHM40Se/arcgis/rest/services/Zoning_Public/FeatureServer/5","extraction_method":"arcgis_rest","confidence":"rest_api"}},{"type":"Feature","geometry":{"type":"MultiPolygon","coordinates":[[[[-111.900918183011,40.4779604899396],[-111.900924738438,40.4726911563193],[-111.896136539555,40.4746446481962],[-111.896145650118,40.471574693266],[-111.900929370711,40.4715789116758],[-111.906405836911,40.4715696249561],[-111.905501449758,40.4724577795577],[-111.905035644667,40.4729029944901],[-111.904854056067,40.4730896501481],[-111.904751614355,40.4731937495555],[-111.90455147642,40.4734126658342],[-111.904318906499,40.4736925096861],[-111.904225917048,40.4738108863564],[-111.904123641442,40.4739436044685],[-111.903981864458,40.474140062929],[-111.903704219456,40.4745630332253],[-111.90234533785,40.4766368077639],[-111.90212643535,40.4769208425878],[-111.901907036649,40.4771206591681],[-111.901627795351,40.4773742754888],[-111.900918183011,40.4779604899396]]],[[[-111.828602022992,40.4719028855049],[-111.833540507671,40.4718880727774],[-111.833576944553,40.4791059553851],[-111.828635226085,40.4791209095935],[-111.828602022992,40.4719028855049]]],[[[-111.881495798754,40.4854224780292],[-111.881495076895,40.4852852302369],[-111.88035302358,40.485296878078],[-111.880312977063,40.4852970080975],[-111.880253995289,40.4852929524081],[-111.880212808162,40.4852879896823],[-111.880135962033,40.4852721014832],[-111.88010365038,40.4852628627559],[-111.880043457151,40.485240973894],[-111.880006654038,40.4852241055411],[-111.879960912877,40.4852004712498],[-111.87992295859,40.4851768116862],[-111.879870462574,40.4851387601781],[-111.879843618901,40.4851125159015],[-111.879808921112,40.4850744066522],[-111.879785385858,40.4850430561217],[-111.879752833492,40.4849904999095],[-111.879738192617,40.484958270382],[-111.879645761825,40.4847402788144],[-111.879649712335,40.4847392951798],[-111.879643810861,40.4847379265032],[-111.879606183046,40.4846377655215],[-111.880606751593,40.4843738325898],[-111.880790197761,40.4843457208116],[-111.881025336496,40.4843076593543],[-111.88122952419,40.4842934321968],[-111.881469330395,40.4842960422283],[-111.881744661708,40.4842985360047],[-111.881980122135,40.4843181126832],[-111.882162354307,40.4843480337692],[-111.882424647541,40.4844014272728],[-111.882802604679,40.4844917391414],[-111.883129150087,40.4846095120073],[-111.883128624585,40.4844916603507],[-111.883151259532,40.4838966249576],[-111.88316311699,40.4835849059],[-111.88324406523,40.4835198637254],[-111.883251860461,40.4824713070372],[-111.884037900979,40.4824700997471],[-111.884371822483,40.4828945226784],[-111.88493951982,40.4836160644701],[-111.885955219875,40.4829670991222],[-111.886023337793,40.4824566770128],[-111.886240994655,40.4821370203216],[-111.888392773731,40.4816647928095],[-111.888332595403,40.4815983515819],[-111.888310630286,40.4815100749981],[-111.888326429639,40.4814469743153],[-111.888395952245,40.4813663411933],[-111.888547451096,40.481312368199],[-111.888666259933,40.481321649955],[-111.891332803441,40.4801504843895],[-111.896130852046,40.4788369051698],[-111.899824968451,40.4788610797765],[-111.89950052302,40.4791350597125],[-111.899250684112,40.4793256682396],[-111.898996510108,40.4795129407939],[-111.898738073665,40.4796967969483],[-111.898476615252,40.479877191929],[-111.898209272746,40.4800547784663],[-111.897938647806,40.4802277185877],[-111.896108951959,40.4813784447977],[-111.895356954634,40.4818504696637],[-111.895244696935,40.4818465013605],[-111.895148320318,40.4818462060086],[-111.895057643887,40.4818471323626],[-111.894954376917,40.4818508965217],[-111.894858034399,40.4818564996631],[-111.894797524413,40.4818613254337],[-111.894696681805,40.4818713267675],[-111.894623823911,40.4818799603102],[-111.894545523167,40.4818910869541],[-111.894475234109,40.4819015705639],[-111.89437164916,40.4819205498014],[-111.894250169309,40.4819459833467],[-111.894159650658,40.4819675292207],[-111.894088188532,40.4819860894089],[-111.8940134867,40.4820071442702],[-111.893951677309,40.4820255557299],[-111.893877097145,40.4820495207924],[-111.893809323222,40.4820730369474],[-111.893726944995,40.4821028117007],[-111.893634034985,40.4821394536416],[-111.893097682921,40.4823542616483],[-111.892911050636,40.4824284774769],[-111.89280352282,40.4824692033128],[-111.892797833335,40.4824698437963],[-111.892608652281,40.4825386326419],[-111.892491437788,40.4825786161495],[-111.892384685826,40.4826128187477],[-111.892297009456,40.4826407478186],[-111.892143962467,40.4826859726105],[-111.891940146821,40.4827422353631],[-111.891821985605,40.4827727498906],[-111.891724118393,40.4827963645832],[-111.891361852853,40.4828779969735],[-111.889453789763,40.4832967069657],[-111.888955445536,40.4834057982131],[-111.88658555645,40.4839256662274],[-111.886323508856,40.4839833072926],[-111.886221254188,40.4840088410772],[-111.88611812039,40.4840368164573],[-111.886012973621,40.4840682134022],[-111.885920903944,40.4840971770148],[-111.885773094792,40.4841491134628],[-111.885639188731,40.4842007878128],[-111.885560484673,40.4842339606068],[-111.885476515843,40.4842711870989],[-111.885399452106,40.484306838202],[-111.885326453861,40.4843424758807],[-111.885227924211,40.4843937226803],[-111.885176438847,40.4844221478684],[-111.88511920285,40.4844544329389],[-111.885047135016,40.4844967839523],[-111.885005799473,40.4845223811826],[-111.884963251342,40.4845492242909],[-111.884890319108,40.4845966609537],[-111.884787024812,40.4846684167642],[-111.884732354326,40.4847089614939],[-111.884676880448,40.4847513730481],[-111.884625061113,40.4847928395691],[-111.88456393755,40.4848430317678],[-111.884501211894,40.48489757632],[-111.884459540655,40.4849359051357],[-111.884411401898,40.484981086103],[-111.884333067062,40.4850539339552],[-111.884075332517,40.4853248640308],[-111.883365592893,40.4860947921544],[-111.882953953184,40.4860946291665],[-111.882008440276,40.4860942490243],[-111.881495798754,40.4854224780292]]],[[[-111.883853861199,40.4861505155107],[-111.884438957263,40.4855127069022],[-111.884329466355,40.4854542993566],[-111.884513497927,40.4852531755257],[-111.884563108315,40.4852026699302],[-111.884626390786,40.485146007147],[-111.884692984939,40.4850834436216],[-111.884760658227,40.4850217221621],[-111.884812429978,40.4849768182051],[-111.884888214694,40.4849170387035],[-111.88493036589,40.4848837604439],[-111.885014206476,40.4848221352027],[-111.885092533775,40.4847684162561],[-111.885164568937,40.4847181347674],[-111.885251569335,40.484662225788],[-111.885352457646,40.4846039628555],[-111.885455947754,40.4845484236512],[-111.885561912664,40.4844956761303],[-111.885615782743,40.4844703697578],[-111.885725218161,40.4844219289726],[-111.885780749379,40.48439880908],[-111.885893355313,40.4843548083908],[-111.886007903106,40.4843138334668],[-111.886065861659,40.4842944978071],[-111.886124252709,40.4842759369982],[-111.886242265211,40.4842411635664],[-111.886422082076,40.4841949513416],[-111.886505766189,40.4841760898617],[-111.886459550819,40.4861007583143],[-111.885358836839,40.4861003065182],[-111.885392944573,40.4861519320491],[-111.883853861199,40.4861505155107]]],[[[-111.884831546068,40.498544966407],[-111.884831672308,40.4984957789439],[-111.884833520029,40.4977793432436],[-111.884835368889,40.497062697511],[-111.8848374343,40.49626266148],[-111.884837198334,40.4962360734703],[-111.884836356056,40.4962094928554],[-111.884834905145,40.4961829268475],[-111.884832846835,40.4961563844483],[-111.884830183526,40.4961298728546],[-111.884826912914,40.4961034019804],[-111.884823038574,40.4960769781178],[-111.884818560554,40.496050609372],[-111.88481348009,40.4960243056452],[-111.884807799571,40.495998072333],[-111.884801520235,40.4959719193376],[-111.884794643301,40.4959458538597],[-111.884787172355,40.4959198839924],[-111.884779108624,40.4958940178372],[-111.884770454507,40.4958682625904],[-111.884761213591,40.4958426263454],[-111.884753579156,40.4958228097896],[-111.884751387105,40.495817118104],[-111.884740979805,40.4957917441544],[-111.884729992917,40.4957665125977],[-111.884718432385,40.4957414315196],[-111.884706299429,40.4957165081203],[-111.88469359881,40.4956917495888],[-111.884680334119,40.495667164919],[-111.884666508928,40.4956427604031],[-111.884652128005,40.4956185441303],[-111.884637196102,40.4955945223891],[-111.884621716811,40.4955707041731],[-111.88460569606,40.4955470948663],[-111.884589137439,40.4955237034625],[-111.884572046883,40.495500536246],[-111.884554429146,40.4954775995052],[-111.884536290172,40.4954549013253],[-111.884517634715,40.4954324479949],[-111.884498468721,40.4954102475992],[-111.884478799291,40.4953883046178],[-111.884445668429,40.4953531096073],[-111.884392659995,40.4952931390413],[-111.884713760704,40.4951593212521],[-111.884840535899,40.4950959983175],[-111.885163735679,40.4949349747924],[-111.885221671577,40.4949108198142],[-111.885286676664,40.4948878393348],[-111.885375996963,40.4948623832921],[-111.885484954793,40.4948404567957],[-111.88555788563,40.4948312299009],[-111.885663007871,40.4948248932374],[-111.885766607382,40.494826948619],[-111.885841984117,40.494833889758],[-111.885875752416,40.4948379725581],[-111.886257428409,40.4950266324178],[-111.886394997862,40.495068116224],[-111.8864985096,40.4950545947735],[-111.88657955418,40.4949536764828],[-111.886719046845,40.4947806726129],[-111.886742463228,40.4947584283776],[-111.886772025554,40.494738676474],[-111.886803491088,40.4947258752805],[-111.886837183541,40.4947167771263],[-111.887167042036,40.4946240235366],[-111.887202674912,40.4946101394717],[-111.887246128097,40.494593208093],[-111.887315732538,40.4945510396743],[-111.887353237317,40.4945221591749],[-111.887374302265,40.494500521472],[-111.887410176903,40.4944608618648],[-111.887464724457,40.494392981971],[-111.887515795404,40.4941274067928],[-111.887539704524,40.4940536375125],[-111.887559870394,40.494011633361],[-111.887587145041,40.4939779928171],[-111.887615259699,40.4939539352923],[-111.887634022066,40.4939412920725],[-111.887634773306,40.4938454612541],[-111.887635927546,40.4937406187657],[-111.887636429277,40.4936515395363],[-111.887768894391,40.4936295790472],[-111.887992614349,40.4935732895048],[-111.888231304925,40.4935010699429],[-111.888466455235,40.493415633864],[-111.888865620091,40.4932559366939],[-111.888861191572,40.4916370444491],[-111.888863255956,40.4898560127805],[-111.88913336103,40.4897436307611],[-111.889397100819,40.4897436694154],[-111.891244408528,40.4889756155152],[-111.891237577906,40.4896575529381],[-111.892053668115,40.489662907441],[-111.89206255695,40.4896630470037],[-111.892026436278,40.4897037338126],[-111.891918654206,40.4898321404482],[-111.891808941555,40.4899680850218],[-111.891693378602,40.4901161006656],[-111.891587636568,40.4902565508714],[-111.891483902042,40.4904030200742],[-111.891386123353,40.490555351895],[-111.891234670441,40.4907873061152],[-111.891234673497,40.4908529010536],[-111.891200431396,40.4909093433361],[-111.891196409729,40.4910608152002],[-111.890985210688,40.4915012195702],[-111.890919923297,40.491638424355],[-111.890732239553,40.4924874003356],[-111.890731248417,40.4924873550097],[-111.890693000328,40.492556175478],[-111.890540621162,40.4925463016041],[-111.890377911778,40.4925732994234],[-111.890088272498,40.4927017885979],[-111.889621012681,40.4929197356501],[-111.888933198007,40.4932289002082],[-111.888889319091,40.4932464550412],[-111.888892651165,40.493354718401],[-111.888892396725,40.4935409922686],[-111.888893082997,40.4935397012561],[-111.88895751612,40.4935122222055],[-111.889063932926,40.4934668388016],[-111.88926327915,40.4933818226088],[-111.889378289486,40.4933327738079],[-111.88949532605,40.4932828608013],[-111.889577316025,40.4932478932238],[-111.889690426846,40.4931990746742],[-111.889756799331,40.4931688239368],[-111.889846197775,40.4931259180966],[-111.889908226676,40.4930956565091],[-111.890004947182,40.4930484691199],[-111.890118162266,40.4929932340484],[-111.890213640261,40.4929466522111],[-111.890283391525,40.4929126227768],[-111.890342834435,40.4928836213812],[-111.890407272954,40.4928523437441],[-111.890420508018,40.4928465160927],[-111.890442853783,40.4928376789475],[-111.890461673877,40.4928311500361],[-111.890476667455,40.4928265088901],[-111.890491871039,40.492822286714],[-111.890510710501,40.4928177020899],[-111.890526311142,40.4928144287014],[-111.890552624045,40.4928099398368],[-111.890568672455,40.492807819498],[-111.890570850483,40.4928076915589],[-111.890567987051,40.4928135864178],[-111.890559726861,40.4928211329259],[-111.890531972136,40.492997381368],[-111.890485512149,40.4933158005829],[-111.890466403514,40.493464572182],[-111.890452859336,40.493642468097],[-111.890441005965,40.4938086841045],[-111.890436189405,40.4939623693524],[-111.890434593505,40.4941410629553],[-111.890439521005,40.494337286268],[-111.890455732308,40.4945544186188],[-111.890486375535,40.4951094330182],[-111.890472976891,40.4951094227382],[-111.888958898152,40.4951082189144],[-111.888958751791,40.4952152725554],[-111.887773726063,40.4952143186164],[-111.887762278654,40.4969329105871],[-111.887762138464,40.4969705445695],[-111.887667927257,40.4970352047086],[-111.887667296648,40.4971597608737],[-111.887665953189,40.4978652315342],[-111.887664334164,40.4981976082308],[-111.887599373982,40.4981979492252],[-111.886584140398,40.4981964464877],[-111.886583323985,40.4985262835247],[-111.885156063231,40.4985261244195],[-111.885155404126,40.4985454287451],[-111.884831546068,40.498544966407]]],[[[-111.886663748602,40.5005984153689],[-111.886667128306,40.4992725996468],[-111.887602035085,40.4992739829236],[-111.887598673535,40.5005997986719],[-111.886663748602,40.5005984153689]]],[[[-111.886004599649,40.5029809690571],[-111.885922940116,40.5029025012412],[-111.885735845681,40.5026832010952],[-111.885686856017,40.502591721145],[-111.885628434064,40.5024666085345],[-111.885362300722,40.5017995238434],[-111.885195983472,40.5013813720367],[-111.885178455032,40.5013348363337],[-111.885139067685,40.5012027218808],[-111.885126783503,40.5011463769186],[-111.885113206058,40.5010613302031],[-111.885107402494,40.5010043821607],[-111.885102902279,40.5008520007214],[-111.885177532291,40.5007925386419],[-111.8870242354,40.5007902439575],[-111.888105122484,40.5007888877619],[-111.888117831615,40.502781856947],[-111.88811783627,40.502783921061],[-111.888131491025,40.5028098332484],[-111.888153144618,40.5028365447693],[-111.888180457116,40.5028600404801],[-111.888212624691,40.5028796295938],[-111.888248702591,40.5028947361638],[-111.888287632375,40.5029049170063],[-111.888328266754,40.5029098733258],[-111.888369413288,40.5029094577755],[-111.888409862757,40.5029036842695],[-111.888409610141,40.5029957396871],[-111.888468225325,40.5029958317604],[-111.888524039502,40.5031182165344],[-111.888524648994,40.503771212305],[-111.888121562948,40.5037628434868],[-111.887792934138,40.5037560190447],[-111.887636505357,40.5037451857322],[-111.887418525601,40.5037218125303],[-111.887001207355,40.5036092646334],[-111.886630202829,40.5034407183979],[-111.886482736181,40.5033514170847],[-111.886444128123,40.503328037488],[-111.886442143588,40.5033267679114],[-111.886275717916,40.5032203457987],[-111.886268749422,40.5032141934951],[-111.886004599649,40.5029809690571]]],[[[-111.881790819768,40.5019761116111],[-111.881791216792,40.5019544909942],[-111.881704676171,40.5019548521926],[-111.881706186896,40.5013509939085],[-111.881706275237,40.5013159376357],[-111.881706685217,40.5011537634134],[-111.881947747637,40.5011493269126],[-111.883170352964,40.5011512294791],[-111.883171196495,40.5008377869236],[-111.883171316155,40.5007888949207],[-111.883477576993,40.5007893690431],[-111.884266260555,40.5007905874393],[-111.884456842736,40.500790880857],[-111.884636557311,40.5008125930238],[-111.88465827961,40.5008378253247],[-111.884661089453,40.5010006842774],[-111.884667924319,40.5010828605166],[-111.884679243046,40.5011647491566],[-111.884692664392,40.5012353745359],[-111.884731123807,40.5013805073681],[-111.884794964111,40.5013806255445],[-111.88506761153,40.5020810801067],[-111.885104996014,40.5021893564657],[-111.885127518971,40.502275061788],[-111.885148353972,40.5023905116043],[-111.885158587421,40.5025067896715],[-111.885173725213,40.5025726533578],[-111.885418671781,40.5030692138576],[-111.885267135665,40.5031259903293],[-111.885264572798,40.5038752737956],[-111.885465333105,40.5039636691487],[-111.88542205123,40.5040221123334],[-111.885360890493,40.5041205036646],[-111.885336123262,40.5041686976682],[-111.885308790922,40.5042321261958],[-111.885298112967,40.5042581520278],[-111.885297962492,40.504258247984],[-111.885296129683,40.5042581504439],[-111.884756615636,40.5042573772646],[-111.883703143584,40.5042587558122],[-111.883669991217,40.5041899862601],[-111.883584449237,40.5040155962511],[-111.883495994406,40.5038352655746],[-111.883423233406,40.5036836380707],[-111.883356964476,40.5035455393941],[-111.883168588385,40.503154308861],[-111.883082994233,40.502974576358],[-111.883062157622,40.5027451164203],[-111.881947400162,40.5027433816723],[-111.88179165438,40.5027408029573],[-111.881790819768,40.5019761116111]]],[[[-111.888612897764,40.51941412594],[-111.888610641722,40.5188514112958],[-111.886514855487,40.5188562891566],[-111.886513485493,40.5184953461229],[-111.88650939253,40.5173421475433],[-111.886520231347,40.5169478733793],[-111.886559704802,40.5152187465343],[-111.886283708401,40.5152190180437],[-111.886284009666,40.5151923906305],[-111.886282237398,40.5151333952562],[-111.886278855951,40.5150911432845],[-111.886272889482,40.5150433252684],[-111.88626649058,40.5150052096783],[-111.88625834559,40.5149658975735],[-111.886249024648,40.5149281338307],[-111.886237042628,40.5148865838303],[-111.886224729707,40.5148493225599],[-111.886219991438,40.5148360835005],[-111.886142714613,40.5146327431639],[-111.886088373679,40.5144838354621],[-111.886074659545,40.5144437356687],[-111.886062751466,40.5144050024014],[-111.886051277446,40.514363522747],[-111.886043444826,40.5143297508332],[-111.886036515991,40.5142970052998],[-111.886030471745,40.5142616830057],[-111.886023466286,40.5142153849549],[-111.886018683239,40.5141647901392],[-111.886015096785,40.5138988582401],[-111.886015686576,40.5137139382979],[-111.886017016969,40.5133997760063],[-111.88601706371,40.5133926000605],[-111.886018544721,40.513164964612],[-111.886023047948,40.5118863210648],[-111.88602551797,40.5114661325817],[-111.886021275654,40.5114339230123],[-111.886010437455,40.5113837650559],[-111.885997170926,40.51133485429],[-111.885988845191,40.5112983209889],[-111.885984480282,40.5112444241245],[-111.885981813696,40.5112035341026],[-111.885981040737,40.51116052599],[-111.886145362141,40.511160688909],[-111.886145235114,40.5112001868354],[-111.886274814733,40.5112003892961],[-111.886274837139,40.5111907944744],[-111.886268160562,40.5111585938345],[-111.88626316247,40.5111363021143],[-111.886258176079,40.5111158691462],[-111.886252376729,40.5110954388573],[-111.886244950316,40.5110743943336],[-111.886238326351,40.5110514883734],[-111.886231718738,40.5110316803439],[-111.886224295843,40.5110112554038],[-111.886216054162,40.5109895939675],[-111.886207812486,40.5109679325304],[-111.886039764539,40.5105396709993],[-111.885975498928,40.5103738099296],[-111.885895612652,40.5101732983071],[-111.885859277121,40.5100649749267],[-111.885829242984,40.5099400421478],[-111.885814511511,40.5098090980533],[-111.885815933048,40.5097366049891],[-111.889191708671,40.5097292273915],[-111.889191663682,40.5097213357788],[-111.889425424023,40.5097202169805],[-111.890550164861,40.5097153635297],[-111.890580349783,40.5097152251039],[-111.890581623353,40.5103610205708],[-111.890581834085,40.5105257183798],[-111.890581574689,40.5117089138532],[-111.890581900324,40.5119570073252],[-111.890584886192,40.5146084261164],[-111.890583071626,40.51522366513],[-111.890586972044,40.516970729071],[-111.890634535794,40.5169707191424],[-111.890639187726,40.5174068765106],[-111.890615809865,40.5174068814821],[-111.890214770512,40.5174069566092],[-111.890107500341,40.5172392114624],[-111.889506843749,40.5172393207369],[-111.889537942233,40.5180862504609],[-111.890615789215,40.5180860510754],[-111.89061892178,40.5180861721189],[-111.8906159622,40.518596554821],[-111.890604084346,40.5185966763596],[-111.890602850695,40.5188467394311],[-111.890642067457,40.5188466465509],[-111.890642521944,40.5192502095969],[-111.890588066799,40.5192503361494],[-111.890038255785,40.5192516105813],[-111.890039211646,40.5194876623597],[-111.888685144565,40.5194907891115],[-111.888684835668,40.5194139531356],[-111.888612897764,40.51941412594]]],[[[-111.888376913679,40.5111999149491],[-111.887576372929,40.5112005930164],[-111.887575157254,40.511704737345],[-111.888378941324,40.5117058614186],[-111.888376913679,40.5111999149491]]],[[[-111.891810605558,40.5207166727304],[-111.891801546529,40.5185389574424],[-111.894768004576,40.518520929535],[-111.894568268985,40.5191401006781],[-111.894320642525,40.5198633659495],[-111.894434047411,40.5198626754612],[-111.894303374451,40.5202588923582],[-111.894152491031,40.5207025751288],[-111.894148213744,40.5207024724382],[-111.891810605558,40.5207166727304]]],[[[-111.888265570834,40.5217653516692],[-111.888265574252,40.5217591061807],[-111.889148494962,40.5217591346609],[-111.889141703056,40.5215146181629],[-111.890589638337,40.5215099271042],[-111.890590277716,40.5215098844477],[-111.890590281752,40.5215155391364],[-111.890591305029,40.5220923783237],[-111.890533627425,40.5220925705168],[-111.890463244875,40.5226580642993],[-111.8904511015,40.5226581047522],[-111.89042987208,40.5228153255033],[-111.889128977114,40.5228152928281],[-111.889128982696,40.5227227066813],[-111.88826486563,40.522722676965],[-111.888265570834,40.5217653516692]]],[[[-111.892504582049,40.526416152595],[-111.892505652022,40.5264131978375],[-111.892506654643,40.5264102288963],[-111.892507588735,40.526407246676],[-111.892508455489,40.5264042529737],[-111.892509252546,40.5264012477974],[-111.89250998227,40.5263982320396],[-111.892510641132,40.5263952075135],[-111.892511231496,40.5263921751115],[-111.892511753364,40.5263891348338],[-111.892512204384,40.5263860884892],[-111.892512585738,40.526383036074],[-111.892512897435,40.5263799793892],[-111.892513139476,40.5263769184347],[-111.892513310691,40.5263738550157],[-111.892513412264,40.5263707900287],[-111.892513444202,40.5263677243744],[-111.892513405324,40.5263646580566],[-111.892513296821,40.5263615928725],[-111.892513118703,40.5263585306233],[-111.892512869784,40.5263554704123],[-111.892512550076,40.5263524140406],[-111.892512161938,40.5263493615004],[-111.892511703025,40.526346315501],[-111.892511175699,40.5263432760349],[-111.892510577603,40.5263402440103],[-111.892509911104,40.5263372203198],[-111.892509176211,40.5263342067647],[-111.89250837174,40.5263312024483],[-111.892507497706,40.5263282100722],[-111.892506556464,40.5263252287281],[-111.892505546849,40.5263222611215],[-111.892504470042,40.5263193072484],[-111.892503324868,40.5263163680134],[-111.892502113697,40.5263134452097],[-111.892500835344,40.5263105379407],[-111.892499491005,40.526307648904],[-111.892498080679,40.5263047780998],[-111.892496604373,40.5263019264284],[-111.892495063271,40.5262990947866],[-111.892493458558,40.5262962840709],[-111.892491789061,40.5262934951859],[-111.892490055963,40.5262907290281],[-111.892488259265,40.5262879855975],[-111.892486401344,40.5262852675879],[-111.892484481013,40.5262825741027],[-111.892482499463,40.5262799069391],[-111.892480456694,40.526277266097],[-111.892478353897,40.5262746533735],[-111.892476192252,40.5262720687649],[-111.892473971769,40.526269514072],[-111.892471692443,40.5262669883945],[-111.89246935665,40.526264494426],[-111.892466963204,40.5262620312699],[-111.892464514472,40.5262595998189],[-111.892462010463,40.5262572018741],[-111.892459452363,40.5262548383321],[-111.892456840167,40.5262525082923],[-111.892454175065,40.526250213552],[-111.892451458243,40.5262479550076],[-111.8924486897,40.5262457326591],[-111.892445870622,40.5262435474034],[-111.892443002199,40.5262414010373],[-111.892440084422,40.5262392917598],[-111.892437119665,40.5262372222647],[-111.892434107935,40.5262351934526],[-111.8924310504,40.5262332035184],[-111.892427948263,40.5262312560602],[-111.892424801512,40.5262293492771],[-111.892421611338,40.5262274849662],[-111.892418378921,40.5262256631235],[-111.892415106627,40.5262238846417],[-111.8924117921,40.5262221504292],[-111.892408440062,40.5262204604702],[-111.892405049332,40.5262188147687],[-111.8924016211,40.5262172151218],[-111.892398157728,40.5262156615217],[-111.892394659214,40.5262141539682],[-111.892390296325,40.526212359324],[-111.892389736449,40.5262110472635],[-111.892386828665,40.5262092387423],[-111.892295230665,40.5259752866997],[-111.892274915981,40.5259752862433],[-111.892197786796,40.5257417737934],[-111.892136474299,40.5255087568093],[-111.892106278322,40.5253574004594],[-111.892097181404,40.5252782966894],[-111.892087810929,40.5252189541927],[-111.892078412158,40.5251495469904],[-111.892072149241,40.5251037837341],[-111.892063838936,40.525049633989],[-111.892009609376,40.5246614146173],[-111.891987721384,40.5245065857134],[-111.891913936015,40.5239561654967],[-111.891913850817,40.5239561261564],[-111.89190713123,40.5238815586725],[-111.891881216772,40.5235899947588],[-111.891842149849,40.5232092243771],[-111.891827827334,40.5228356460424],[-111.891816997428,40.5224726287096],[-111.891813521701,40.5214403488495],[-111.891813056869,40.5213593717098],[-111.893932259918,40.5213480670832],[-111.89390564027,40.5214274430723],[-111.893552148623,40.5224621126674],[-111.893711841446,40.5224620293489],[-111.894419273277,40.5224572652972],[-111.894403672672,40.522479658321],[-111.893969708916,40.5237347941451],[-111.893986805951,40.5239613460678],[-111.893339585382,40.5239617726834],[-111.89316725768,40.5239485171522],[-111.893219421348,40.5244920918532],[-111.893180254486,40.5254952323695],[-111.893194907565,40.525731214233],[-111.89322867919,40.5259752686076],[-111.89323816795,40.5259752682948],[-111.893258253253,40.5263125480529],[-111.893264206309,40.5264125249077],[-111.89317075366,40.5264119882668],[-111.89317949324,40.526559526693],[-111.892553157867,40.526555462421],[-111.892548161694,40.5265457538754],[-111.892495221341,40.5264363783676],[-111.89249675583,40.5264335445325],[-111.892498225295,40.5264306911025],[-111.892499629736,40.5264278180778],[-111.892500966804,40.5264249272671],[-111.892502238857,40.5264220186626],[-111.892503443542,40.5264190931729],[-111.892504582049,40.526416152595]]],[[[-111.896834592083,40.5266177566326],[-111.896374187775,40.5266175132733],[-111.896374178542,40.5266321809235],[-111.896323256158,40.5266321729947],[-111.896323249032,40.5266157024543],[-111.895995936486,40.5266156568475],[-111.896013617186,40.526632139725],[-111.895376833118,40.52663204783],[-111.895393444728,40.526615583373],[-111.894489960122,40.5266154457899],[-111.894139093801,40.5265975420742],[-111.894138187712,40.5258027946375],[-111.894137616519,40.5253012695637],[-111.89413608964,40.5239612458383],[-111.896375732142,40.5239597398847],[-111.896375755351,40.523920044345],[-111.89745863724,40.5239198337585],[-111.897459062676,40.5251620610217],[-111.897459258193,40.5257302631518],[-111.897459567414,40.5266345502414],[-111.897051245636,40.5266343373574],[-111.896834592083,40.5266177566326]]],[[[-111.87807059891,40.5279273968591],[-111.878072021436,40.5268596229289],[-111.878641286192,40.5268592966002],[-111.878642088768,40.5279280855267],[-111.87807059891,40.5279273968591]]],[[[-111.888081114751,40.527925219618],[-111.888080597057,40.5269644925301],[-111.888311478602,40.5269656001936],[-111.888387685785,40.5270242541082],[-111.888384805293,40.5271021000618],[-111.888386120513,40.527200902822],[-111.888390231965,40.5272653296008],[-111.888400685945,40.5273581745119],[-111.88841227151,40.5274289885898],[-111.88843514128,40.5275332061942],[-111.888458069203,40.5276150732144],[-111.888486654576,40.5277001527283],[-111.888517884515,40.5277721021417],[-111.888543685834,40.5278306384172],[-111.888574962248,40.5278949751282],[-111.888591996768,40.5279275724763],[-111.888081114751,40.527925219618]]],[[[-111.881780529622,40.5278393740904],[-111.881779213525,40.5269797858073],[-111.88193030337,40.5269796502338],[-111.881930342703,40.5270069257121],[-111.882053304145,40.5269137247178],[-111.88253885265,40.5269159631599],[-111.882538766659,40.5269267315736],[-111.883381848223,40.5269302451214],[-111.883386262247,40.5298542532128],[-111.88191324607,40.5298557141655],[-111.881913092021,40.5297568968744],[-111.881783451034,40.5297570787239],[-111.881780529622,40.5278393740904]]],[[[-111.886437670956,40.5298980552987],[-111.886438752516,40.5296488350173],[-111.887338661035,40.529647385954],[-111.887338641672,40.5296556199361],[-111.889634225535,40.5296507570657],[-111.890160804315,40.5296517505283],[-111.890232263723,40.5296446503118],[-111.890430908162,40.5297560621959],[-111.890484229354,40.5298479652512],[-111.890529416578,40.5299392946976],[-111.890551651494,40.5299906414086],[-111.890581848668,40.5300640832042],[-111.891223044783,40.532440023473],[-111.891289088436,40.5327355736092],[-111.891287689922,40.533285657977],[-111.891285472065,40.5333292943761],[-111.891288526604,40.5334305541331],[-111.891327741133,40.5334304628605],[-111.891389338849,40.5334831836958],[-111.891394493605,40.5336641341336],[-111.891394420879,40.5337813155778],[-111.891391668698,40.5338984789454],[-111.891386235644,40.5340155855165],[-111.891378125071,40.5341326046601],[-111.891264542163,40.5355386334774],[-111.891237834714,40.5359239409072],[-111.891201560977,40.5368307624827],[-111.891203096439,40.53706154331],[-111.889715281078,40.5370310801271],[-111.888942233587,40.5370324874273],[-111.88654288339,40.5370368225514],[-111.886436512944,40.5370363987349],[-111.886436133879,40.5369363171461],[-111.886431574173,40.5334494434123],[-111.886431287061,40.5333412076261],[-111.886439260978,40.5332804919677],[-111.886437861653,40.5308044869275],[-111.886437564712,40.5302970128977],[-111.886437670956,40.5298980552987]]],[[[-111.898413003483,40.5411474403882],[-111.898265942832,40.5411437127755],[-111.897944168107,40.5395944406823],[-111.898083179478,40.5395783195903],[-111.898509992332,40.539528821591],[-111.898631009496,40.5395182436679],[-111.89875271685,40.5395144787692],[-111.89887445943,40.5395175498345],[-111.898995576121,40.5395274384006],[-111.89911541269,40.5395440908614],[-111.899212643217,40.5395628131345],[-111.899308211853,40.5395859906927],[-111.89940176517,40.5396135382897],[-111.899492962622,40.5396453544257],[-111.899611484736,40.5396900617439],[-111.900362765273,40.5399734459704],[-111.900703033806,40.540101793236],[-111.900696666135,40.5401023310244],[-111.900670230879,40.540142251677],[-111.900646004682,40.5401788371764],[-111.900626759432,40.540207900319],[-111.90035732536,40.5406147794433],[-111.90030853314,40.5406808495768],[-111.900252111499,40.5407432840272],[-111.900188520157,40.5408015705928],[-111.899809673205,40.541118471449],[-111.899783308253,40.5411405261895],[-111.899754170868,40.5411404976606],[-111.89974719816,40.5411469884084],[-111.899574361846,40.5413165762259],[-111.899486203613,40.5413842732918],[-111.89930203282,40.5415268985047],[-111.899164067145,40.5416402778016],[-111.898977551469,40.5417935533701],[-111.898956103824,40.5418194447095],[-111.898921212235,40.5418615640766],[-111.89889258212,40.5419130244236],[-111.898855093521,40.5419804072035],[-111.898809747529,40.5420619123701],[-111.898768026365,40.5421369021943],[-111.898745698175,40.5421826377751],[-111.898650494174,40.5423776424571],[-111.898529097022,40.5426265989762],[-111.898490062133,40.5422227482109],[-111.898484009646,40.5421936075271],[-111.898487346847,40.54219300091],[-111.89859218293,40.541984323615],[-111.898660854368,40.5418658997274],[-111.898686816467,40.5418192350227],[-111.898708923466,40.5417794979748],[-111.898733316142,40.5417493099658],[-111.898783469784,40.5416887653741],[-111.898813287084,40.5416622899453],[-111.898946110033,40.5415531387149],[-111.899023141691,40.5414898341728],[-111.899135920468,40.5413971538644],[-111.899241139664,40.541315434773],[-111.899334534638,40.5412437161318],[-111.899400886969,40.5411916714749],[-111.899446323875,40.5411470898961],[-111.898413003483,40.5411474403882]]],[[[-111.889190235899,40.5427412759943],[-111.889191174045,40.5425040313012],[-111.889194420375,40.542504033133],[-111.889201790012,40.5425017392421],[-111.889523780234,40.5425021846841],[-111.88953596273,40.5424649535211],[-111.889659892808,40.5420855941635],[-111.889654786046,40.5420855877209],[-111.889753029737,40.5417855093975],[-111.889806290038,40.541628250097],[-111.889857151716,40.5414780717888],[-111.889862413905,40.5414654139364],[-111.890010184231,40.5411099874856],[-111.890046371534,40.5406875345358],[-111.889957831285,40.5406874103],[-111.889882362068,40.5400114803875],[-111.889835260054,40.5395070662611],[-111.889759345801,40.5392950711264],[-111.889619500604,40.5391686964289],[-111.889555471157,40.5391108334023],[-111.891178481199,40.5387826883703],[-111.891176940574,40.5391689577808],[-111.891151508351,40.5391689534785],[-111.891145426495,40.540692603977],[-111.891181657778,40.5406927703762],[-111.89117583116,40.541467241336],[-111.89116948022,40.5414672319062],[-111.891116077518,40.5424673604904],[-111.891096371601,40.542467329865],[-111.891066007924,40.5429671337892],[-111.891031001958,40.5432223998598],[-111.890978755467,40.5435989620894],[-111.890971982168,40.5437263562274],[-111.890954231535,40.5440480741475],[-111.890941121485,40.5443211937303],[-111.888503140939,40.5443151197651],[-111.888535622321,40.5441643330848],[-111.888601508072,40.5438762795064],[-111.888715949082,40.5434372894353],[-111.888809287181,40.5433003181557],[-111.889190235899,40.5427412759943]]]]},"properties":{"zone_code":"CR","zone_description":"Regional Commercial","zone_class_normalized":"Commercial","jurisdiction":"draper_ut","source_rest_url":"https://services2.arcgis.com/nAPVXppTJAHM40Se/arcgis/rest/services/Zoning_Public/FeatureServer/5","extraction_method":"arcgis_rest","confidence":"rest_api"}},{"type":"Feature","geometry":{"type":"MultiPolygon","coordinates":[[[[-111.807286338565,40.4647100316213],[-111.806846758471,40.4632512399356],[-111.806776724177,40.4632635579723],[-111.805882937896,40.460295908897],[-111.807481328042,40.4598391334176],[-111.807494719763,40.459837322287],[-111.807508316606,40.4598370758436],[-111.807521806156,40.459838401212],[-111.807534878183,40.4598412667857],[-111.807547235271,40.4598456067021],[-111.807558591648,40.4598513226472],[-111.807568688507,40.4598582820133],[-111.807932129357,40.4601498271432],[-111.808084896794,40.4602023674664],[-111.808126830027,40.4602089458245],[-111.80816956629,40.4602108380803],[-111.808212989423,40.4602079103503],[-111.808255380282,40.4602001464458],[-111.80829581996,40.4601877153963],[-111.808333433623,40.4601708851818],[-111.80836740583,40.4601500208903],[-111.808397001709,40.4601255738553],[-111.808825125385,40.4595531176985],[-111.809560378077,40.4595511781129],[-111.809615337784,40.4573485376544],[-111.811734925099,40.4573428968926],[-111.811743644677,40.4548113341492],[-111.818160423784,40.4526274568994],[-111.820363385598,40.4517136322729],[-111.824022959401,40.4595940770685],[-111.823265977634,40.4598494354692],[-111.822823881441,40.4599985925821],[-111.822146444822,40.4602273793605],[-111.820875670695,40.4606559826866],[-111.818929868703,40.4613072077375],[-111.81791080251,40.461875213048],[-111.814076478464,40.4639619464427],[-111.813496763981,40.4641917516108],[-111.813320196015,40.4642631717248],[-111.812734445844,40.464495690998],[-111.812194974291,40.4647079332523],[-111.811698755116,40.464709883667],[-111.807286338565,40.4647100316213]]],[[[-111.872726231785,40.4763235437994],[-111.872667354982,40.4762656747226],[-111.872532802838,40.4762715945376],[-111.872546015186,40.4761568301793],[-111.872572154921,40.4759297843712],[-111.879188441554,40.4716837025023],[-111.879305172713,40.4716077118746],[-111.883001067449,40.471626872357],[-111.883168439558,40.4716166606701],[-111.883261851035,40.4714849472031],[-111.884447502821,40.4712181789522],[-111.88634167565,40.4695617034228],[-111.886716529445,40.4683708752674],[-111.888131385436,40.4677576650447],[-111.889177286707,40.466943661383],[-111.891020230492,40.4664102258065],[-111.891266237403,40.4649336932146],[-111.892954723013,40.463948941078],[-111.896253571284,40.4637371306794],[-111.896662975059,40.4637108378457],[-111.900851522429,40.4634417524535],[-111.900854447643,40.4634807084281],[-111.900895529124,40.4679212782269],[-111.896153050151,40.4679437520407],[-111.896145650118,40.471574693266],[-111.89136550835,40.4715791932633],[-111.891364866843,40.4715791945063],[-111.891364869254,40.4715779687945],[-111.883658838966,40.4716522406287],[-111.883340377028,40.4716546613085],[-111.883023723159,40.4716577641609],[-111.88298132028,40.4716579028256],[-111.882861079171,40.4718854229891],[-111.882536940079,40.4722731441684],[-111.882524403546,40.4722881385101],[-111.882416420213,40.4724237363354],[-111.882308197351,40.4725598076445],[-111.88223971391,40.4726951628743],[-111.882216247647,40.4727415441829],[-111.88210574392,40.4727535826972],[-111.88202166456,40.4727627421916],[-111.881936976537,40.4727796811038],[-111.881740282338,40.4728190234064],[-111.881485693059,40.4728514888387],[-111.881473954422,40.472853155339],[-111.881278883246,40.4728613753021],[-111.881244405214,40.4728625133083],[-111.881192593647,40.4728656683044],[-111.881161838182,40.4728762440585],[-111.880878636784,40.4729736320307],[-111.880860653471,40.4729817895135],[-111.880733666033,40.4730307955012],[-111.880732750123,40.4730317116765],[-111.880445748081,40.4733184319876],[-111.880445251199,40.4733192063074],[-111.880334301098,40.4734921096933],[-111.880162986628,40.4735801338278],[-111.88003094066,40.4737454836896],[-111.880006063474,40.4737766365407],[-111.879956160205,40.4738272395502],[-111.879862640196,40.4739220714555],[-111.879730127675,40.4739411694678],[-111.879632691054,40.4739552130112],[-111.879370054803,40.47402247435],[-111.878929117095,40.47406601599],[-111.878603792962,40.4741124217236],[-111.878494681001,40.4741701256974],[-111.878334148722,40.4742550232571],[-111.878058617402,40.474292357991],[-111.877931318161,40.4744774238072],[-111.877874775661,40.4746088076535],[-111.877602187992,40.4747951513611],[-111.877387511618,40.4749059879867],[-111.876926851091,40.475028144864],[-111.876148345141,40.4750071251327],[-111.876124074308,40.4750260803175],[-111.876075715777,40.4750638459891],[-111.875907435934,40.4752879807611],[-111.875703508814,40.4755687163378],[-111.875665805981,40.4756191243352],[-111.875578207138,40.4757362458196],[-111.87534793849,40.47592368497],[-111.875044255013,40.4761866947673],[-111.874004746109,40.4767839169708],[-111.87367558195,40.4768979418349],[-111.873604851235,40.4769269259432],[-111.873544371944,40.4769517084932],[-111.873388499496,40.4769602198247],[-111.873330740563,40.4769633731748],[-111.87318086932,40.4769286341745],[-111.873140433782,40.476919260893],[-111.872896516586,40.4768407994503],[-111.872753957149,40.4766976814698],[-111.872668091222,40.4764006138166],[-111.872726231785,40.4763235437994]]],[[[-111.896079807078,40.4846687920204],[-111.896100774785,40.4822729961943],[-111.896143307696,40.4822890557286],[-111.89631038828,40.4823498304686],[-111.8964699653,40.4824233610678],[-111.896634169985,40.4825107646352],[-111.896772608261,40.4825982543491],[-111.896882201843,40.4826777408491],[-111.897000991129,40.4827745557975],[-111.896884968346,40.4828929997144],[-111.896767504727,40.4830241781878],[-111.896675692242,40.4831355954518],[-111.8966080167,40.4832272557958],[-111.896522346606,40.4833525400834],[-111.896462256419,40.4834453319118],[-111.896405230813,40.4835439005061],[-111.896346762159,40.4836552037456],[-111.896285370781,40.4837850356036],[-111.896233072681,40.483914835764],[-111.896192752569,40.4840191339969],[-111.896164491106,40.4841118179918],[-111.896079807078,40.4846687920204]]],[[[-111.846513196536,40.4851349400416],[-111.846602623159,40.4846815906202],[-111.846683977671,40.4846818253891],[-111.847052061267,40.4849717872202],[-111.848677188931,40.4846692272045],[-111.848651785944,40.4860151440004],[-111.846599990173,40.4860629341851],[-111.846570116887,40.4858906985323],[-111.846505688817,40.4857704531255],[-111.846513196536,40.4851349400416]]],[[[-111.85891961886,40.4860681311752],[-111.857714519202,40.4854681158719],[-111.858007178935,40.4851554754637],[-111.857821541863,40.4850557490352],[-111.858024162604,40.4847676380751],[-111.858356491823,40.4842980827109],[-111.859118638532,40.4842734394161],[-111.86003451204,40.4843664332146],[-111.860915334954,40.4845794434472],[-111.861045228166,40.4846222352318],[-111.861205174792,40.4846768723619],[-111.861484080874,40.4847721440762],[-111.861616016752,40.4848172119065],[-111.861342879666,40.4852666432649],[-111.860992122604,40.4858437854626],[-111.860907399771,40.4857336366445],[-111.860732249196,40.4856737937325],[-111.860674907711,40.4856509585563],[-111.860624404716,40.4856247233066],[-111.860579407036,40.485595246096],[-111.860533210086,40.4855568765837],[-111.860503431902,40.4855259124668],[-111.860475032388,40.4854893271531],[-111.860449751155,40.4854468694311],[-111.860436537612,40.4854176509925],[-111.860343012081,40.4851826870799],[-111.860321533205,40.4851631600265],[-111.860278320515,40.485162299591],[-111.860256244943,40.485179684827],[-111.860252770582,40.4852003333119],[-111.86029569848,40.4853935829431],[-111.860303074669,40.4854507500848],[-111.860302829978,40.4854794884939],[-111.860298832781,40.4855152792149],[-111.860290765381,40.4855506672843],[-111.860278690044,40.4855853832347],[-111.860266204224,40.4856124959095],[-111.860247164695,40.4856453420456],[-111.860214368753,40.4856889348276],[-111.860180893667,40.4857236364152],[-111.860136096049,40.485760479269],[-111.860078149429,40.4857971157628],[-111.860014088088,40.4858272372787],[-111.859945160401,40.4858502590939],[-111.859881907864,40.485864222466],[-111.859826256963,40.4858714296848],[-111.859779334764,40.4858740143869],[-111.859715535986,40.4858725118077],[-111.859239075467,40.4858396616288],[-111.859168804349,40.4860468665324],[-111.85891961886,40.4860681311752]]],[[[-111.833128879178,40.497025865609],[-111.83312493259,40.4951379801129],[-111.834561786297,40.4951296991055],[-111.834562565374,40.4951281163621],[-111.834559806728,40.4953116994432],[-111.835172940097,40.4953140608666],[-111.83642667647,40.4943318147024],[-111.835538932502,40.4931522976324],[-111.835534468709,40.4931522779956],[-111.835537980749,40.493145137136],[-111.835962990827,40.4931467974036],[-111.83597694331,40.4931539683456],[-111.835950868368,40.4931538593998],[-111.836844650105,40.4943420412102],[-111.837317165162,40.4949696526808],[-111.836651911771,40.4956896718232],[-111.836635245288,40.4967702519364],[-111.83663459928,40.4967708238596],[-111.834537675823,40.4967522197881],[-111.834534001829,40.4969994160215],[-111.833128879178,40.497025865609]]],[[[-111.87870934939,40.4997981600242],[-111.878716825153,40.4970081834426],[-111.877738985027,40.4970060626739],[-111.877072225481,40.4970027087585],[-111.877067197629,40.4951119003341],[-111.877067097554,40.4950741239381],[-111.877056051269,40.4949139071989],[-111.877051685591,40.493344796835],[-111.88019254353,40.4933685687229],[-111.880420297195,40.4933702907062],[-111.880556677792,40.4933683924484],[-111.881765370357,40.4933861254259],[-111.881851107687,40.4933868690777],[-111.881839751509,40.4970583774029],[-111.882253696445,40.4970589791855],[-111.882361783229,40.4970591362281],[-111.882098035468,40.4973563690649],[-111.88199082334,40.4975708427199],[-111.881940081828,40.4977749691255],[-111.881837926661,40.4977748130728],[-111.881837490319,40.4979497236102],[-111.881555304779,40.4982764750064],[-111.881177326781,40.4985003118432],[-111.880670864872,40.498695330279],[-111.879637682883,40.4992838475269],[-111.879237701605,40.4995937088011],[-111.879237760139,40.4995717497526],[-111.878913461516,40.4998235350102],[-111.878708918508,40.499959123983],[-111.87870934939,40.4997981600242]]],[[[-111.905478957055,40.5018883458513],[-111.90549642416,40.500768047874],[-111.906930532389,40.5007710074703],[-111.907205067334,40.5007670880847],[-111.907054693292,40.5008829264425],[-111.906846218461,40.5010479841005],[-111.906631662453,40.5012065629824],[-111.90641006831,40.5013772633788],[-111.906223353503,40.5015226594712],[-111.905988992798,40.5017031908192],[-111.905782901546,40.5018648061433],[-111.905551659531,40.5020400591871],[-111.905466444165,40.5021110208874],[-111.905478957055,40.5018883458513]]],[[[-111.842682642598,40.5029812211476],[-111.842692820201,40.5022649156306],[-111.843148432514,40.5022695152496],[-111.843149139238,40.5022695221857],[-111.843733302308,40.5022751542003],[-111.843869549321,40.502277009485],[-111.843849193264,40.5037045917698],[-111.843377907397,40.5037003010482],[-111.843039164364,40.5031305276499],[-111.842682642598,40.5029812211476]]],[[[-111.877636227175,40.5050082510868],[-111.87770629411,40.5042134723966],[-111.879315068884,40.5042153181984],[-111.879292216455,40.5051214133371],[-111.879289613414,40.505183367175],[-111.877633368857,40.505063145171],[-111.877636227175,40.5050082510868]]],[[[-111.845084984217,40.5180693033569],[-111.844892246481,40.517233539048],[-111.844944400037,40.5172338691691],[-111.845011731555,40.5173640658809],[-111.845081620541,40.5174928726385],[-111.845154214282,40.5176230447574],[-111.845229485026,40.5177490906196],[-111.845307904377,40.5178751271515],[-111.845389020406,40.5180011565794],[-111.845486377706,40.5181381169565],[-111.845475255039,40.5181368250004],[-111.845084984217,40.5180693033569]]],[[[-111.8450884506,40.5192453889749],[-111.846339350733,40.5191493914271],[-111.846592074153,40.5194101589365],[-111.84682320014,40.5196357945179],[-111.845201475378,40.5196433820637],[-111.8450884506,40.5192453889749]]],[[[-111.894303374451,40.5202588923582],[-111.894434047411,40.5198626754612],[-111.894320642525,40.5198633659495],[-111.894568268985,40.5191401006781],[-111.894768004576,40.518520929535],[-111.895147469633,40.5173907285482],[-111.895227624909,40.5173900268974],[-111.895430518811,40.5167962892849],[-111.896387793402,40.5167938768568],[-111.89614263086,40.5173820142627],[-111.895660770657,40.5187979005975],[-111.894891488709,40.5210582162246],[-111.89503299154,40.5210862632716],[-111.894948459661,40.5213417095737],[-111.894540478709,40.5224568267486],[-111.894419273277,40.5224572652972],[-111.893711841446,40.5224620293489],[-111.893552148623,40.5224621126674],[-111.89390564027,40.5214274430723],[-111.893960958464,40.5212624881491],[-111.894029478905,40.5210679995104],[-111.894149887102,40.5207102333621],[-111.894303374451,40.5202588923582]]],[[[-111.842321274897,40.5231193073598],[-111.84232298671,40.5223299759521],[-111.842323499388,40.522324428736],[-111.842915899236,40.5223254086879],[-111.842915887792,40.5223339362323],[-111.843014142033,40.5223342268987],[-111.843019677822,40.5223341881838],[-111.843017253762,40.5226549508867],[-111.843019068367,40.5230132117375],[-111.843019636238,40.5231255040978],[-111.84291458836,40.5231262329425],[-111.842321274897,40.5231193073598]]],[[[-111.842079110662,40.5245443428665],[-111.842075768003,40.5241875113883],[-111.842972238271,40.5241889703692],[-111.843051190343,40.5241949415547],[-111.843052982179,40.5245514461478],[-111.842972485301,40.5245457982854],[-111.842119657981,40.5245444091419],[-111.842079110662,40.5245443428665]]],[[[-111.846983937439,40.5272080456075],[-111.846909573312,40.5272077965166],[-111.846909559173,40.5272080334084],[-111.846090441773,40.5272082618569],[-111.846090520801,40.5267348509109],[-111.846554488803,40.5267334548841],[-111.84655462234,40.526742089155],[-111.846937367827,40.526741916944],[-111.846937365677,40.5267419583766],[-111.847012657171,40.5267422533338],[-111.846983937439,40.5272080456075]]],[[[-111.881651299681,40.527925496867],[-111.881780659676,40.5279250756149],[-111.881780909541,40.5280891615493],[-111.881652570115,40.5280895794779],[-111.881651552296,40.5280894972375],[-111.881616325185,40.5280842913537],[-111.881582714104,40.5280747043241],[-111.881551650559,40.5280610005875],[-111.881523989982,40.5280435601044],[-111.88147718179,40.5280124671338],[-111.881426004897,40.5279856804815],[-111.881371136371,40.5279635545652],[-111.88131330014,40.5279463824122],[-111.881253263429,40.5279343911685],[-111.881191819046,40.5279277394547],[-111.881181325202,40.5279270261058],[-111.881651299681,40.527925496867]]],[[[-111.846854860543,40.5296907239933],[-111.846754962252,40.5296890490995],[-111.846046990505,40.5296920796025],[-111.846206105436,40.5273460857254],[-111.846897476317,40.527346226493],[-111.846898768028,40.527345639101],[-111.846973737518,40.5273479307008],[-111.846924350607,40.5282825503198],[-111.846884493682,40.529091011253],[-111.846865887694,40.5294675609655],[-111.846854860543,40.5296907239933]]],[[[-111.83429018931,40.5332797351255],[-111.83431757294,40.5297095409821],[-111.834401267103,40.5297095156919],[-111.835237223598,40.5297081348086],[-111.836092963297,40.5307837710914],[-111.83752831958,40.5303863985168],[-111.838074596052,40.5302351579435],[-111.838264091262,40.5310393474797],[-111.836211812043,40.5314112064269],[-111.83429018931,40.5332797351255]]],[[[-111.824751096944,40.5361253442581],[-111.824745453026,40.5333225989639],[-111.834238645889,40.5333259776329],[-111.834246477283,40.5339595394393],[-111.829774864526,40.5352743825165],[-111.829778459187,40.5345881244705],[-111.827764259884,40.5351803356169],[-111.82775927244,40.5361278920377],[-111.824751096944,40.5361253442581]]],[[[-111.812090823314,40.5352557513336],[-111.812047592036,40.5352447039008],[-111.811432270843,40.5352879264668],[-111.811367379059,40.5353043063185],[-111.811274614108,40.5353371792608],[-111.810982369991,40.5353380395133],[-111.81084322695,40.5352471659141],[-111.810593763852,40.5350524853759],[-111.810242021587,40.534873580055],[-111.810034361546,40.5347218950608],[-111.809794809596,40.5346461144234],[-111.809414450299,40.5344598255358],[-111.809269106571,40.5344016074287],[-111.809145334532,40.5343954227965],[-111.809010317067,40.5343221583969],[-111.808837125091,40.534178107258],[-111.808671948015,40.53406948734],[-111.808379588387,40.5339644393503],[-111.808362488156,40.533893728651],[-111.808250815129,40.5337954850943],[-111.807937940239,40.5336026505101],[-111.807801155686,40.5334352909749],[-111.807783690862,40.533347434353],[-111.807822747904,40.53331166037],[-111.807911610162,40.533327564248],[-111.808005688906,40.5333728965681],[-111.808120983004,40.5333921268734],[-111.808348150814,40.533388525284],[-111.808499302646,40.5334489077335],[-111.808614399446,40.5334763899619],[-111.808940703647,40.5334941496975],[-111.809010252541,40.5335313651089],[-111.809139872304,40.5335588355558],[-111.809483060956,40.5335936447064],[-111.80965090291,40.5336576856366],[-111.809935903023,40.5337129071868],[-111.810125955212,40.5336905712371],[-111.810426438458,40.5336757964458],[-111.811061628006,40.5337345461333],[-111.811198873426,40.533699793756],[-111.811285911956,40.533618863821],[-111.811419951621,40.5335234026086],[-111.811572658141,40.5334709639179],[-111.811730947611,40.533300756613],[-111.811866923007,40.5332910632834],[-111.812059008995,40.533306830755],[-111.812227562003,40.5333006894713],[-111.812479455674,40.5332457663788],[-111.812608996055,40.533256747436],[-111.812660598605,40.5332954611589],[-111.812704032325,40.5333720600669],[-111.812712354433,40.5334157810836],[-111.812767411388,40.5334489623686],[-111.813075355503,40.5334831805104],[-111.813228006381,40.5335752681174],[-111.813379148294,40.533624742953],[-111.813592372206,40.5336380694073],[-111.813731265615,40.5337433648413],[-111.813917872499,40.5339009056875],[-111.814041387855,40.5339047580044],[-111.814206829852,40.5337894501534],[-111.814408430279,40.5335203778317],[-111.814566793086,40.5333665622005],[-111.814912219836,40.5331963823027],[-111.815245025499,40.533002042488],[-111.815344039527,40.5329162250447],[-111.815503800674,40.5326757824208],[-111.815610378561,40.5325922804525],[-111.815653562041,40.5325702641972],[-111.816042199362,40.5324878823868],[-111.816415432543,40.532354272485],[-111.816538820864,40.5322847380059],[-111.816713116125,40.5321385960197],[-111.816984665983,40.5318090424822],[-111.817099329956,40.5317264574506],[-111.817611048249,40.5314609573529],[-111.817895293589,40.5312759064743],[-111.818035612781,40.5311713455264],[-111.818141704905,40.531047343091],[-111.818201256538,40.5309447184867],[-111.818204523038,40.5307932323554],[-111.81814358931,40.5306590969969],[-111.818053941972,40.5305266776427],[-111.818021294564,40.5304669045832],[-111.818050061454,40.5303955312934],[-111.818093161618,40.5303571186047],[-111.818168218382,40.5303277734384],[-111.818373848686,40.5303021595406],[-111.818740936557,40.5303131620379],[-111.818992797997,40.5302472344006],[-111.819207610725,40.5301493081719],[-111.819552740786,40.5298617053775],[-111.819820463856,40.5295991260959],[-111.81987046876,40.5293757478297],[-111.819964349342,40.5292861300377],[-111.820040709041,40.5292841249507],[-111.820137016519,40.5292422025874],[-111.820316974766,40.5291378646541],[-111.820496919729,40.5289840672648],[-111.820921431257,40.5285831327202],[-111.821180454712,40.5282921097218],[-111.821475546937,40.5280448818164],[-111.821591658184,40.5279255306575],[-111.821662601626,40.5277099550816],[-111.821598136639,40.5274892557539],[-111.82161935871,40.5274463043333],[-111.821720104171,40.5273914452894],[-111.822258191334,40.527220480135],[-111.822338968558,40.5271387592413],[-111.822418134482,40.5269026158402],[-111.822482839666,40.5267872928794],[-111.822684417107,40.5265400965532],[-111.822979379907,40.5262929568738],[-111.823225856774,40.5261401947212],[-111.823297319516,40.5260858103793],[-111.823535884091,40.5258852410374],[-111.823662971906,40.525793231121],[-111.823748609336,40.5257122621661],[-111.823770901512,40.5256119248736],[-111.823739258265,40.5255397379618],[-111.823601666706,40.525315478006],[-111.823403793333,40.5251341918918],[-111.823229286115,40.5250625646216],[-111.822972007038,40.5250628550448],[-111.822720130845,40.5249036607368],[-111.822396238191,40.524782906682],[-111.822421122769,40.5246806235578],[-111.822468143727,40.5246290644633],[-111.822576110473,40.52443136336],[-111.822597695076,40.5242172501781],[-111.82257610155,40.5240713902419],[-111.822686194329,40.5238952815143],[-111.822705502447,40.5238327963319],[-111.822650978695,40.5237153193593],[-111.822616733617,40.5236415317418],[-111.822611900232,40.5235637384786],[-111.822655045327,40.5234813616307],[-111.822649693493,40.5233940111381],[-111.822568676673,40.5232342333975],[-111.822473504101,40.5231570624351],[-111.822407575522,40.5231036049276],[-111.822345172639,40.5230530051024],[-111.822280841231,40.522981602866],[-111.822234477479,40.5228721894506],[-111.822181609676,40.522747423854],[-111.822137929571,40.522675205584],[-111.822084138373,40.5225862707724],[-111.822014410439,40.5224709866954],[-111.821938679288,40.5223866977911],[-111.821868905002,40.5223090377884],[-111.821817054273,40.5222513275048],[-111.82176945551,40.5221983497309],[-111.821748153729,40.5221579320579],[-111.821767779168,40.5220890826854],[-111.821784151654,40.5220316425635],[-111.821785216481,40.5219215754833],[-111.821737950814,40.5218500810404],[-111.82174086267,40.5217735776611],[-111.821792812384,40.5217229598513],[-111.821834432779,40.5217021927847],[-111.822057585578,40.521685650535],[-111.822168114004,40.5216958834594],[-111.822239340057,40.52175440308],[-111.82230940047,40.521811964052],[-111.822420618637,40.521864483847],[-111.822539681294,40.5219052781312],[-111.822723764588,40.5219157394712],[-111.822899505631,40.5219052384031],[-111.823180244427,40.5220699922745],[-111.82332197409,40.5221126856049],[-111.823424931316,40.522124824025],[-111.823633566542,40.5221083827794],[-111.823806313296,40.5220534589605],[-111.823978961215,40.5219710578412],[-111.824043772243,40.5219710461843],[-111.824194839493,40.5221412271701],[-111.824266881124,40.5222785477437],[-111.82448456623,40.5225685207466],[-111.824583505849,40.522635470797],[-111.824626798175,40.5226519177994],[-111.824749382532,40.5226329003886],[-111.825051240193,40.5224816845604],[-111.825264807619,40.5224654329677],[-111.825339172288,40.5224431418812],[-111.825547757607,40.5223552577936],[-111.825691767093,40.5222673834786],[-111.825835333237,40.522222929437],[-111.825907750448,40.5221999382533],[-111.826029923412,40.5221849687067],[-111.826152210157,40.5221355365705],[-111.826341923464,40.5219936242828],[-111.826330664773,40.5217644900374],[-111.826317655875,40.521438061141],[-111.826382330965,40.521311746167],[-111.826540605655,40.521174490545],[-111.826734866229,40.5208723856767],[-111.826808832508,40.5206054131066],[-111.826849948218,40.5205154439403],[-111.826885835064,40.520400144556],[-111.826905300036,40.5202600441908],[-111.826857063523,40.5201145905189],[-111.826763517018,40.5200047213578],[-111.826382067993,40.5197137621304],[-111.826324426259,40.5196148975657],[-111.826324427068,40.5195380517752],[-111.826360381091,40.5195050925029],[-111.826576275789,40.5194940895331],[-111.826777783585,40.5194556210139],[-111.827281462832,40.5194720163262],[-111.827460222262,40.5194380688837],[-111.827558185818,40.5194052385668],[-111.827703308839,40.5194211107292],[-111.827852620848,40.519420693158],[-111.827972212256,40.5193895022728],[-111.828159348968,40.5192577137993],[-111.828218420647,40.5191950288839],[-111.828288773401,40.5189830974632],[-111.828267163804,40.5186756009143],[-111.828295882199,40.5186207116539],[-111.82837752279,40.5185694961488],[-111.828605329022,40.518499846815],[-111.828727539539,40.518444917721],[-111.828866998259,40.5183369720425],[-111.828929055912,40.5182636561139],[-111.828964986983,40.5181043926157],[-111.828963232514,40.5179460228796],[-111.828986426437,40.5177748760282],[-111.829021810951,40.517708194672],[-111.829044023362,40.5175058195925],[-111.829007980294,40.5173685132132],[-111.828930028978,40.5172526599082],[-111.82892156117,40.5170609409411],[-111.828957514248,40.5170280708937],[-111.829036704102,40.5170170525308],[-111.829173381915,40.5170060725924],[-111.82930409385,40.5169748778901],[-111.829489970004,40.5168906490359],[-111.829605045674,40.5168796428669],[-111.829835316692,40.5168960978203],[-111.829986477736,40.5168631202056],[-111.830159103535,40.5167423328117],[-111.830258378642,40.5167084842508],[-111.830410902697,40.5166763812029],[-111.830473278119,40.5166437630977],[-111.830597976739,40.5165499940805],[-111.830641819764,40.5165166734784],[-111.830763374431,40.5163028640625],[-111.830829144188,40.5162380893258],[-111.830864090178,40.5161710609837],[-111.830878409779,40.5159349272033],[-111.83105149094,40.5158029997663],[-111.831112767071,40.5156935907291],[-111.831115766121,40.5155504352298],[-111.831091925384,40.5154205597571],[-111.831110864444,40.515301339679],[-111.831194816793,40.515231944728],[-111.831353103454,40.5151550413238],[-111.831496969562,40.5150286937797],[-111.831604829767,40.51486395652],[-111.831716011317,40.5146516603606],[-111.831757948328,40.5145795452912],[-111.831822209935,40.5144155093789],[-111.831778317489,40.5142522920795],[-111.831742644414,40.5141078869898],[-111.831663985421,40.5139864601058],[-111.831503796033,40.5138040743193],[-111.831359885441,40.5137162826958],[-111.831122379364,40.5135241203863],[-111.831050491483,40.5134856294144],[-111.830756913923,40.5134155345404],[-111.830629525263,40.5133066579707],[-111.830508618053,40.5131927972147],[-111.830485510782,40.5131233488645],[-111.830491764643,40.5130711960909],[-111.830475283855,40.5130265542758],[-111.830467541549,40.5129530739458],[-111.8303995679,40.5128405704479],[-111.830337453434,40.5127761968915],[-111.830121987694,40.5126154319376],[-111.830069763859,40.5125783393889],[-111.830023769064,40.5124841292607],[-111.82992581359,40.5124074428887],[-111.829801991884,40.5123631040132],[-111.829584199715,40.5123935086224],[-111.829460809584,40.512438542972],[-111.829376452937,40.5124834674907],[-111.829236715548,40.5125111691637],[-111.829165118512,40.5125039225353],[-111.829096607033,40.5124619095334],[-111.829102645285,40.5123650700302],[-111.829329429176,40.5121757527092],[-111.829579112812,40.5120136786532],[-111.82966342079,40.5119588234805],[-111.829734813459,40.5119238658559],[-111.829838770383,40.5118962642897],[-111.830001587419,40.5119330455792],[-111.830089484142,40.5119476935382],[-111.830202826449,40.5119725777135],[-111.830392194714,40.5119890459351],[-111.830567927224,40.512005928755],[-111.830721022942,40.5120501842175],[-111.830929296156,40.5120694575433],[-111.831028479588,40.5120468963096],[-111.831295207883,40.5120195396115],[-111.831420064956,40.5119861435982],[-111.831501263011,40.5119610869003],[-111.831608628855,40.5119141964202],[-111.83167638175,40.5118513553118],[-111.831733462758,40.5117282265839],[-111.831697448107,40.5115360576312],[-111.831452738142,40.511190077351],[-111.831431009109,40.5107782590756],[-111.831351707202,40.5106357800164],[-111.831237405894,40.5105417625103],[-111.830966565767,40.5103637779944],[-111.830972819004,40.5103116242399],[-111.831115635604,40.5102491549621],[-111.831589164872,40.5101851504246],[-111.831674527902,40.5101308905538],[-111.831752242634,40.5100586740884],[-111.831764806991,40.5099667807446],[-111.831738363288,40.5098799626995],[-111.831624975655,40.5096634611122],[-111.83159622101,40.5095810569815],[-111.83158165793,40.50918567352],[-111.831488099729,40.5090264399754],[-111.831459344337,40.5089440357946],[-111.831479581178,40.5088355024191],[-111.831475552418,40.5088339206968],[-111.831555160686,40.508697543757],[-111.831611454863,40.5085297639138],[-111.831653319194,40.5082411216673],[-111.831631687087,40.507779844861],[-111.831653162415,40.50770293433],[-111.831651961716,40.5074943868266],[-111.831567009767,40.5074151829052],[-111.831566479257,40.5073059481228],[-111.831579115701,40.5072289500285],[-111.831609922609,40.5071263196447],[-111.831552106641,40.5070254493943],[-111.831454398342,40.5069984167316],[-111.831236599934,40.507023859665],[-111.830940958081,40.5070942086518],[-111.830688938786,40.5070386214991],[-111.83050191892,40.5070715860733],[-111.830422688629,40.5070496337193],[-111.830350808396,40.50701123228],[-111.830206915164,40.5069618161656],[-111.83005238762,40.5069472109815],[-111.829974311621,40.5069628721418],[-111.829808276423,40.5069310647127],[-111.82973330163,40.5068965188655],[-111.829642170639,40.5068843617161],[-111.8295702439,40.5068076025846],[-111.829573292989,40.5067653885027],[-111.829731694936,40.506563848705],[-111.829900211899,40.5064367596687],[-111.830042158567,40.5063983844555],[-111.830120130058,40.5063573425938],[-111.830192315292,40.5063138250889],[-111.830321762865,40.5061490240021],[-111.83032172892,40.5061271328839],[-111.830443976229,40.5059622934077],[-111.830451173691,40.5059238635198],[-111.830443955785,40.5058744575288],[-111.830415222888,40.5058415108043],[-111.830408001724,40.5057536366878],[-111.830487124306,40.5056712674625],[-111.830810818399,40.505457052493],[-111.830884528074,40.5053860887641],[-111.830964716701,40.505236887087],[-111.830969849861,40.5052363403477],[-111.83097396342,40.5052196842678],[-111.830976256385,40.5052154171622],[-111.83097520616,40.5052146510359],[-111.83102560525,40.5050105325102],[-111.83121779804,40.504784339951],[-111.831285349103,40.5045453681916],[-111.831256533756,40.5042763013714],[-111.831227651864,40.504001739383],[-111.831285133068,40.5038205176196],[-111.831263489593,40.5036447311718],[-111.831162846698,40.5035514024304],[-111.830982913119,40.5035074718258],[-111.830759887503,40.5034910581565],[-111.830688230182,40.5034319339665],[-111.830759872219,40.5032219638495],[-111.830767014964,40.5031121839984],[-111.830702178674,40.5029364373701],[-111.830631632484,40.5028547208102],[-111.830537316357,40.5027901245989],[-111.830426045274,40.5027542144937],[-111.830218760984,40.5027476284394],[-111.829982705658,40.5027333222421],[-111.829941321186,40.5027050372621],[-111.829968370275,40.5026235173517],[-111.83005841361,40.502505072833],[-111.830341599712,40.502287303107],[-111.830375119982,40.5021657044393],[-111.830283577198,40.5020444583443],[-111.830191175417,40.5019809371362],[-111.830010083391,40.5019150467962],[-111.829918878261,40.5018632304151],[-111.829873065505,40.5017939284403],[-111.82985736622,40.5016977035517],[-111.829773781522,40.5015911491827],[-111.829629948611,40.5014977686032],[-111.829382402566,40.5014133763199],[-111.829313415575,40.5012660915576],[-111.829176399052,40.5011449732613],[-111.829018472586,40.5010847385684],[-111.828845680908,40.5010915123764],[-111.828787980611,40.5010463166792],[-111.828737691082,40.5008993168118],[-111.828667544739,40.500835035794],[-111.828564399547,40.5007852087924],[-111.828390060809,40.5007804669728],[-111.828032715326,40.5008939204412],[-111.827793306412,40.5008505071399],[-111.82771661646,40.5008669996097],[-111.827583671129,40.5009324651595],[-111.827536291113,40.5009379254333],[-111.827392463463,40.5009214784766],[-111.827262966288,40.5009379912049],[-111.827147833671,40.5009709766855],[-111.827083427465,40.5009338626501],[-111.827111855611,40.5007897060901],[-111.827295510125,40.5004199696458],[-111.831204761849,40.5003890368389],[-111.83448401214,40.5003631689158],[-111.834375713064,40.5076141680058],[-111.834375003613,40.5112825320782],[-111.839092482613,40.5113080564277],[-111.839093843452,40.5114817788199],[-111.839096376784,40.5123799409172],[-111.839080629134,40.5135753379334],[-111.839075143499,40.5149935922374],[-111.836391704072,40.5149719017474],[-111.836334657074,40.5155222943458],[-111.836250980965,40.5163412574207],[-111.836106284327,40.5168860707415],[-111.836020035907,40.517201836503],[-111.835853659467,40.5174737496651],[-111.835693972426,40.517733873814],[-111.835680930791,40.5177756806317],[-111.835634065073,40.5179242265316],[-111.835518883067,40.5182846863058],[-111.835386287888,40.5186991634463],[-111.835091515061,40.5198872263992],[-111.834995110933,40.520277369466],[-111.83496758804,40.52036498461],[-111.834916250432,40.5204862068912],[-111.834900786578,40.5205194245394],[-111.834893401971,40.5205346671034],[-111.834877921106,40.5205649030036],[-111.834863672938,40.5205914304273],[-111.8348478404,40.5206195059554],[-111.83483136718,40.5206473662734],[-111.834814259133,40.5206750023587],[-111.834796522129,40.5207024078903],[-111.834778162004,40.5207295702433],[-111.834759183467,40.5207564867021],[-111.834739589998,40.5207831455491],[-111.834719391003,40.5208095395526],[-111.834691226012,40.5208409283559],[-111.834328822891,40.5212597495088],[-111.834320400266,40.5224207963277],[-111.834191828374,40.522426035076],[-111.832459692377,40.5224164374889],[-111.83208631286,40.5224155597402],[-111.831982700491,40.5225627264741],[-111.829571183189,40.522566060293],[-111.829555380734,40.5243595306147],[-111.829549422628,40.5250457475683],[-111.829063817271,40.5250432916301],[-111.829055156442,40.5260171795234],[-111.829055092493,40.5260599729706],[-111.828432452324,40.526059431778],[-111.828082642328,40.5266101640483],[-111.827915091738,40.5268792051836],[-111.827410957227,40.5276726451577],[-111.827002278246,40.528310999669],[-111.826899972031,40.5283942346085],[-111.826473451966,40.5287156060768],[-111.825731476701,40.5292666261437],[-111.825168398123,40.5296939042956],[-111.824824406067,40.5299285617477],[-111.823978685479,40.5304926701981],[-111.823046948937,40.5311151600132],[-111.822245648374,40.5316517028184],[-111.821904871304,40.5319275805119],[-111.820247900793,40.531927757409],[-111.82003462393,40.532183430026],[-111.820029401287,40.533320634324],[-111.818953976509,40.5333201602067],[-111.817171978404,40.5343573702845],[-111.81624583349,40.534896408961],[-111.815282991379,40.5361120681715],[-111.815274625417,40.5351356765181],[-111.812870978788,40.5351284076337],[-111.81288548339,40.536951985382],[-111.810051305742,40.5369429861898],[-111.810308152687,40.5367526881226],[-111.810600908955,40.5365956431762],[-111.810829985512,40.5364272580155],[-111.811266996707,40.5360994220207],[-111.811564388844,40.5358549227928],[-111.811760272903,40.535693877118],[-111.811932519716,40.5355522624664],[-111.812085589583,40.5353871136878],[-111.812127872844,40.5353023542379],[-111.812090823314,40.5352557513336]]],[[[-111.877012971819,40.5343635857094],[-111.877012936826,40.5333900394149],[-111.881788998044,40.5333874016895],[-111.881794474559,40.53697125769],[-111.881794397476,40.5370334322501],[-111.881688625281,40.537035704782],[-111.880578674166,40.5370300139908],[-111.879605124428,40.5370293150381],[-111.878470939933,40.5370299236917],[-111.878471001408,40.53696970973],[-111.878471114107,40.536935545426],[-111.878474835751,40.5363749361935],[-111.877704189992,40.536374481237],[-111.87770681132,40.5359253018686],[-111.877012223851,40.535924825151],[-111.877012971819,40.5343635857094]]],[[[-111.912697355185,40.5380887193957],[-111.912936086031,40.5377668358303],[-111.913042520125,40.5375725737717],[-111.913251320941,40.5370194900155],[-111.913652368006,40.5370154261694],[-111.914279114434,40.5370092388651],[-111.914523904028,40.537005725009],[-111.914636757152,40.5370053259239],[-111.914973573332,40.5370028094497],[-111.915492682237,40.5369983213471],[-111.916305194846,40.5369901399502],[-111.916697561186,40.5369860965108],[-111.917011806349,40.5369836553045],[-111.917407644049,40.5369795971404],[-111.917438288796,40.536937460248],[-111.917428242148,40.5369016974802],[-111.917437710567,40.5369118221911],[-111.917448026423,40.5369547363227],[-111.917454220539,40.5369805029761],[-111.917534661943,40.5371470668246],[-111.917615296332,40.5373364215321],[-111.917666382599,40.537541056038],[-111.917638064118,40.5377762298279],[-111.917529513709,40.5379207822993],[-111.917331311861,40.5380201012404],[-111.917132205951,40.537975286064],[-111.916922976724,40.5379153274575],[-111.916694190424,40.5378933591586],[-111.916506187499,40.5380306138494],[-111.916489660215,40.5380874012145],[-111.916339906192,40.5380876647581],[-111.916108783308,40.5380877351369],[-111.915826150001,40.5380878202675],[-111.915374736789,40.5380879552864],[-111.914690489099,40.5380881559035],[-111.914292862121,40.5380882712018],[-111.913791897947,40.5380884140176],[-111.913217221154,40.5380885758753],[-111.912711880041,40.538088715094],[-111.912697355185,40.5380887193957]]],[[[-111.90435138893,40.5334263758164],[-111.904804813985,40.5297304370439],[-111.904821655172,40.5295931525009],[-111.904843200495,40.5294134383824],[-111.904855483099,40.5292687425467],[-111.904861996772,40.5291885394536],[-111.904872751724,40.5290561227714],[-111.904883675978,40.5288951537693],[-111.904894745485,40.5287055595786],[-111.904886169845,40.5287055594808],[-111.904885950447,40.5285957625179],[-111.904894815818,40.5283052073925],[-111.904896193748,40.5278905153211],[-111.904851098356,40.5269517956591],[-111.9050456477,40.526948959477],[-111.905045632483,40.5271156320705],[-111.905003738839,40.527170996323],[-111.905005814431,40.5275313117361],[-111.905007847069,40.5278833906149],[-111.905011931295,40.5285909298115],[-111.905012572864,40.5287018258152],[-111.905014092329,40.5289650315855],[-111.904981716446,40.5289651398419],[-111.904983480389,40.5292705590371],[-111.904985170003,40.5295632506756],[-111.904981552515,40.5295928865737],[-111.904976914839,40.5295928116382],[-111.904962765835,40.5297087622718],[-111.904987193493,40.5297105231509],[-111.904951324547,40.5300001960961],[-111.904929835725,40.5299986474987],[-111.904810957352,40.5309518138075],[-111.904804400813,40.5310112975528],[-111.904524529539,40.5332716738092],[-111.90454960083,40.5332734811912],[-111.904535126575,40.5333903675175],[-111.904388874126,40.5343172353689],[-111.90403250543,40.5370544100876],[-111.903943966435,40.5377777719432],[-111.903884523959,40.5382634147078],[-111.903855475531,40.5385388959898],[-111.903796524027,40.5390979529898],[-111.903744548312,40.5395908417963],[-111.903658118716,40.5404104517176],[-111.903580985782,40.5411418880698],[-111.90342537354,40.5411419454266],[-111.903923204982,40.537056369924],[-111.903903002839,40.5370563990014],[-111.904227059658,40.5344329105813],[-111.904256700066,40.5341929532986],[-111.904319643889,40.5336835350399],[-111.90435138893,40.5334263758164]]],[[[-111.916335093454,40.5442700993011],[-111.916326935743,40.5442543665456],[-111.91613396294,40.5442558413984],[-111.915916400035,40.5442575040289],[-111.916237173097,40.543378097555],[-111.916221811577,40.5433632422979],[-111.916206837953,40.5433413387229],[-111.916188140792,40.5433116503515],[-111.916166172925,40.5432725482492],[-111.916149679641,40.5432391588218],[-111.916133921761,40.5432026625261],[-111.916120271619,40.5431656742421],[-111.916108013241,40.5431255803632],[-111.916097668409,40.5430823817398],[-111.916091564573,40.5430483898738],[-111.916086669466,40.543008767873],[-111.916083901384,40.54296078466],[-111.91608577577,40.5428914415234],[-111.916088133911,40.5428538074482],[-111.916128132683,40.5425695040333],[-111.916246366016,40.5422083610879],[-111.916243401411,40.541945107757],[-111.916289625734,40.5418122728968],[-111.916277184785,40.5417135905222],[-111.916083852665,40.541699486772],[-111.916036909379,40.541696061895],[-111.916168279628,40.5410663661335],[-111.916550660945,40.5402585682702],[-111.916677888086,40.5392943466451],[-111.91707900251,40.5393022277386],[-111.917079837355,40.5392959009752],[-111.917081538649,40.5392830104862],[-111.917089024173,40.5392208968467],[-111.917095089085,40.5391586936995],[-111.91709972878,40.5390964190726],[-111.917102943377,40.5390340918777],[-111.917104732994,40.5389717310265],[-111.917105094216,40.5389093563437],[-111.917104249874,40.5388787877368],[-111.916899941557,40.5387465895708],[-111.916691873733,40.538687930456],[-111.917043876978,40.5386911816666],[-111.917096909175,40.5386915135348],[-111.917092130388,40.5385954551399],[-111.917166031256,40.5386199569479],[-111.917585520048,40.5389446360864],[-111.918084344189,40.5392158918456],[-111.918344506353,40.5395031854192],[-111.918435094432,40.5396773266063],[-111.918357334402,40.5399582077748],[-111.918120120707,40.5402017076798],[-111.917832706146,40.5403317360699],[-111.917425245998,40.5403787553621],[-111.917206918417,40.5404402172912],[-111.917048220657,40.5405014757173],[-111.916667423529,40.5411879035647],[-111.916558162697,40.5414975009284],[-111.916544436188,40.541755260702],[-111.916610788416,40.5420229258494],[-111.916676639724,40.5421151035933],[-111.916686617116,40.5422146619146],[-111.916604240517,40.542478100512],[-111.916455942141,40.5425923375274],[-111.916418987471,40.5426707362074],[-111.916373964482,40.5429198264596],[-111.91636583469,40.5431117770452],[-111.916469876676,40.5433460809531],[-111.916591734083,40.5434664627386],[-111.91661136092,40.543474369324],[-111.916853233258,40.543565196378],[-111.91691903148,40.543636023479],[-111.916966779635,40.5438207743389],[-111.916977081642,40.5439700580296],[-111.916959258684,40.5441265922354],[-111.916750697612,40.5442556312157],[-111.916335093454,40.5442700993011]]]]},"properties":{"zone_code":"A5","zone_description":"Agricultural","zone_class_normalized":"Agriculture/Rural","jurisdiction":"draper_ut","source_rest_url":"https://services2.arcgis.com/nAPVXppTJAHM40Se/arcgis/rest/services/Zoning_Public/FeatureServer/5","extraction_method":"arcgis_rest","confidence":"rest_api"}},{"type":"Feature","geometry":{"type":"Polygon","coordinates":[[[-111.83411346304,40.5297097753048],[-111.834246646955,40.5297088786952],[-111.83431757294,40.5297095409821],[-111.83429018931,40.5332797351255],[-111.834238645889,40.5333259776329],[-111.824745453026,40.5333225989639],[-111.824449728582,40.5333219804967],[-111.824208370634,40.5333218332318],[-111.824287989037,40.5331983992435],[-111.824530762437,40.5329522229357],[-111.824759564914,40.5328074409315],[-111.825135279878,40.5326291201287],[-111.825454996634,40.5324692918348],[-111.826110304289,40.532119024073],[-111.826501742929,40.531879523658],[-111.826773148604,40.5316709218297],[-111.827259403254,40.5311560643626],[-111.82818780508,40.5297262134484],[-111.828306106874,40.5297200906244],[-111.83411346304,40.5297097753048]]]},"properties":{"zone_code":"RSD-4","zone_description":"Residential Special District","zone_class_normalized":"Residential-Low","jurisdiction":"draper_ut","source_rest_url":"https://services2.arcgis.com/nAPVXppTJAHM40Se/arcgis/rest/services/Zoning_Public/FeatureServer/5","extraction_method":"arcgis_rest","confidence":"rest_api"}},{"type":"Feature","geometry":{"type":"MultiPolygon","coordinates":[[[[-111.863835266375,40.5297165377532],[-111.862869787769,40.5297123474911],[-111.862741307547,40.5297152739398],[-111.862757982401,40.5296220466976],[-111.86274480497,40.5295223655902],[-111.862714798605,40.5294291702223],[-111.862680662012,40.5293520726996],[-111.861906217815,40.5277657661522],[-111.862090872753,40.5277047253001],[-111.863074396835,40.5274298251546],[-111.863657572823,40.5272696304218],[-111.863737206696,40.5273413902572],[-111.864043873112,40.5273405463142],[-111.864526398023,40.5278634804515],[-111.86505793594,40.5284461946381],[-111.86539379354,40.5287950151995],[-111.865055606286,40.5287935265809],[-111.863987210164,40.5287888140885],[-111.863837877802,40.5287881537807],[-111.863835266375,40.5297165377532]]],[[[-111.912120105898,40.5269045577395],[-111.912547407195,40.5268891083538],[-111.912549494178,40.5278880720238],[-111.911690936073,40.5278869371192],[-111.911688939572,40.5269261304283],[-111.912120105898,40.5269045577395]]]]},"properties":{"zone_code":"CO1","zone_description":"Commercial Office","zone_class_normalized":"Commercial","jurisdiction":"draper_ut","source_rest_url":"https://services2.arcgis.com/nAPVXppTJAHM40Se/arcgis/rest/services/Zoning_Public/FeatureServer/5","extraction_method":"arcgis_rest","confidence":"rest_api"}},{"type":"Feature","geometry":{"type":"MultiPolygon","coordinates":[[[[-111.890522645504,40.5001916394393],[-111.890584205626,40.5001158944133],[-111.890583683801,40.5011333840814],[-111.890583214228,40.5011271923535],[-111.890581588672,40.5011167024052],[-111.890575954743,40.5010980440428],[-111.890565625704,40.5010780027284],[-111.890554822923,40.501063414207],[-111.890545719548,40.5010536642436],[-111.890535536825,40.5010445563888],[-111.8905243542,40.5010361606226],[-111.890514742829,40.5010300002634],[-111.890504592963,40.5010243667366],[-111.890493953124,40.5010192868978],[-111.890480043934,40.5010137541543],[-111.890465554997,40.5010091680502],[-111.89045059741,40.5010055633379],[-111.8904284113,40.501002143914],[-111.889297978495,40.5008836072317],[-111.889298029775,40.5007827294145],[-111.889389915748,40.5007706084708],[-111.889480844111,40.500754832479],[-111.889570567347,40.5007354445916],[-111.889658838008,40.5007124996689],[-111.889745414579,40.5006860588563],[-111.889802074146,40.5006665259011],[-111.889912542155,40.5006229926083],[-111.890018761757,40.5005736817164],[-111.890169002202,40.5004894194011],[-111.890284826749,40.5004103517074],[-111.890391181304,40.500323879352],[-111.89046890204,40.5002498096612],[-111.890522645504,40.5001916394393]]],[[[-111.894369758725,40.5078863638789],[-111.894368639678,40.5063521254108],[-111.895853430428,40.5063516723184],[-111.895853305838,40.507343348849],[-111.895853239292,40.5078818987304],[-111.894369758725,40.5078863638789]]],[[[-111.894039245432,40.5162070050724],[-111.895620714735,40.516197710217],[-111.895430518811,40.5167962892849],[-111.895227624909,40.5173900268974],[-111.895147469633,40.5173907285482],[-111.894768004576,40.518520929535],[-111.891801546529,40.5185389574424],[-111.891805603265,40.5174289258116],[-111.891808223581,40.5162199720897],[-111.894039245432,40.5162070050724]]],[[[-111.900332681217,40.5266173116022],[-111.900329465683,40.5265576416536],[-111.899900951124,40.5265602706167],[-111.899900805421,40.5266151682028],[-111.899177403914,40.5266189415859],[-111.899177377018,40.5266189840044],[-111.898577196247,40.5266351248222],[-111.897459567414,40.5266345502414],[-111.897459258193,40.5257302631518],[-111.897459062676,40.5251620610217],[-111.89745863724,40.5239198337585],[-111.89637950589,40.5239200433692],[-111.896379359375,40.5234709055013],[-111.896378334946,40.5224432285865],[-111.894677977431,40.5224535945674],[-111.894540478709,40.5224568267486],[-111.894948459661,40.5213417095737],[-111.898966233334,40.521336887296],[-111.898984327029,40.5244322871375],[-111.899090702984,40.5244266944644],[-111.899498969502,40.5245862603907],[-111.899902952256,40.5246001150866],[-111.900289489583,40.5246451076453],[-111.900734585194,40.5245365257462],[-111.901900701884,40.5245381869554],[-111.902051557503,40.5244721402977],[-111.904390481766,40.5244525560765],[-111.904466705666,40.5266028675106],[-111.903228755091,40.5266001081709],[-111.903228671212,40.526622068019],[-111.903015138449,40.5266215911135],[-111.900332681217,40.5266173116022]]],[[[-111.904548316825,40.5284711273542],[-111.904521831458,40.5284693950992],[-111.904521828132,40.5284706261925],[-111.90219035886,40.5282923673454],[-111.900810068097,40.5282265992531],[-111.899269170298,40.5282299901508],[-111.899265243047,40.5269237752113],[-111.899265156019,40.5268947761822],[-111.900806026024,40.5268913835265],[-111.900806090689,40.5269132473991],[-111.900985953885,40.5269132878631],[-111.900985945294,40.526860199156],[-111.901755606058,40.5268603653896],[-111.901755615808,40.5269161558118],[-111.903814779435,40.5269165286842],[-111.903814774807,40.5269384864566],[-111.904527014155,40.526938584642],[-111.904548715237,40.5277189952337],[-111.904553378188,40.5280291884088],[-111.904548316825,40.5284711273542]]],[[[-111.895418115309,40.530623702281],[-111.89540855623,40.5306092326345],[-111.895228751303,40.5306486445915],[-111.895221846922,40.5306486840802],[-111.893532300132,40.5306583892862],[-111.892538470379,40.5306640872602],[-111.892537690516,40.5306696797134],[-111.892535493388,40.5306652598656],[-111.892535174567,40.5306646188264],[-111.892452829129,40.5304989842134],[-111.892375703038,40.5303372144233],[-111.892303545896,40.5301706630244],[-111.892265209336,40.5300480156014],[-111.892222201368,40.5299354197525],[-111.892174891662,40.5297801314026],[-111.89212587897,40.5296217462549],[-111.892098570338,40.5295163861469],[-111.892051204896,40.5293046564213],[-111.892020086185,40.5291556529414],[-111.891997905899,40.5289506004257],[-111.891984605148,40.5288288498544],[-111.891969624987,40.5286955955912],[-111.89196352417,40.5285882958125],[-111.891959383795,40.528367769643],[-111.891959622636,40.5283220171164],[-111.892046012505,40.5275047288155],[-111.892081386565,40.5271699409303],[-111.892334920203,40.5269915070495],[-111.893310093069,40.5269768431819],[-111.893308122027,40.5269504081034],[-111.894208849652,40.5269506037078],[-111.895464389349,40.5269508701818],[-111.896020762821,40.5269395925132],[-111.896766651252,40.5269397529453],[-111.896781937561,40.527584954716],[-111.895898924614,40.5275971316079],[-111.895749458394,40.5275960288062],[-111.895760243764,40.5280514196225],[-111.895564246452,40.5280534536639],[-111.894732991757,40.5280541286923],[-111.894976931306,40.5284244991571],[-111.895423593114,40.5291026490871],[-111.895467449852,40.5291692343675],[-111.895737383219,40.5291655127033],[-111.895809793148,40.529599874878],[-111.895993921773,40.5304745980884],[-111.896082767175,40.5308966575032],[-111.895948795728,40.5309088148129],[-111.895933160281,40.5309097835041],[-111.895924669088,40.5309101453945],[-111.895921225695,40.5309102596896],[-111.895865215557,40.530909451917],[-111.895809712327,40.5309036541451],[-111.895755478943,40.5308929466515],[-111.895703256299,40.5308774755311],[-111.895646507056,40.5308540207967],[-111.895594411018,40.5308249523843],[-111.895547916655,40.5307907984363],[-111.895507869111,40.5307521811038],[-111.89547499714,40.5307098021809],[-111.895418115309,40.530623702281]]],[[[-111.894849837719,40.540678351303],[-111.894633381195,40.5397739180372],[-111.894620734907,40.5397036469932],[-111.894419598448,40.5388632044242],[-111.894404774605,40.5388631759451],[-111.894032234919,40.5373074932021],[-111.893838859372,40.5369638070513],[-111.893774094165,40.5365813009915],[-111.893582594054,40.5353616742329],[-111.893363158313,40.5353669333953],[-111.893232687613,40.5345363051898],[-111.893258458966,40.5333712015221],[-111.893278717149,40.5333712560391],[-111.893285987554,40.5331342206056],[-111.893288068982,40.5330306769144],[-111.893284814782,40.5329210893838],[-111.895715155551,40.5329276422195],[-111.896370076029,40.5329281331458],[-111.896510436112,40.5329282375434],[-111.896613911937,40.5333862172515],[-111.896972828566,40.5349747112289],[-111.89734526961,40.5367106921218],[-111.897496612291,40.5374394415085],[-111.897651012661,40.5381829035232],[-111.897726049866,40.5385442117868],[-111.897944168107,40.5395944406823],[-111.897982716286,40.5397800474177],[-111.897842331884,40.5397804185164],[-111.897174447117,40.5397821805007],[-111.896050831949,40.5397791724049],[-111.896045913598,40.5406725320918],[-111.896042174347,40.5406782975468],[-111.894849837719,40.540678351303]]]]},"properties":{"zone_code":"CBP","zone_description":"Commercial Business Park","zone_class_normalized":"Open Space/Public","jurisdiction":"draper_ut","source_rest_url":"https://services2.arcgis.com/nAPVXppTJAHM40Se/arcgis/rest/services/Zoning_Public/FeatureServer/5","extraction_method":"arcgis_rest","confidence":"rest_api"}},{"type":"Feature","geometry":{"type":"MultiPolygon","coordinates":[[[[-111.900580652165,40.4790584105061],[-111.900803468037,40.4788674115641],[-111.900915820222,40.4787701093194],[-111.901102254946,40.4786130072777],[-111.901242549475,40.4784976819002],[-111.90230931165,40.4785045587719],[-111.902263270638,40.4785939688479],[-111.902137506838,40.4787634546989],[-111.902050202454,40.4788755066456],[-111.902047019184,40.4788754860514],[-111.901859603778,40.4791007909218],[-111.901768967769,40.4792037950519],[-111.901649785605,40.4793342802887],[-111.901515086737,40.4794851980016],[-111.901504263598,40.4794786004661],[-111.901454811427,40.4794484525562],[-111.901319976853,40.4793702491007],[-111.901180355713,40.4792971096811],[-111.901036270957,40.4792292033864],[-111.90088805963,40.4791666902521],[-111.900736069296,40.4791097149691],[-111.900580652165,40.4790584105061]]],[[[-111.884537541029,40.5005527880324],[-111.883672096543,40.5005518849875],[-111.883672037295,40.5005747230037],[-111.882708345411,40.5005732654458],[-111.882710592389,40.49971170592],[-111.882887945305,40.499711127398],[-111.883486280588,40.4997091724215],[-111.883486849259,40.4998102130259],[-111.883666876794,40.4998094048301],[-111.883659214548,40.4994126195784],[-111.883682230857,40.4994054260195],[-111.883703708392,40.4993958527568],[-111.883723229405,40.4993840884802],[-111.883740410586,40.4993703613923],[-111.8837549184,40.4993549400592],[-111.883758190906,40.4993515683728],[-111.883762163284,40.4993486680995],[-111.883766721567,40.4993463224662],[-111.883771734013,40.4993446003483],[-111.88377705697,40.4993435508477],[-111.883782534878,40.4993432032925],[-111.883782672574,40.4992902522824],[-111.883782810269,40.4992373012712],[-111.88377733427,40.4992369373613],[-111.883772017127,40.4992358713781],[-111.883767013556,40.4992341334349],[-111.883762467768,40.4992317743923],[-111.883758511098,40.4992288622644],[-111.883755256088,40.4992254804367],[-111.883738614487,40.4992080024298],[-111.883718554792,40.4991927582483],[-111.883695582925,40.499180135285],[-111.883670279917,40.4991704513418],[-111.883671780714,40.4985937539045],[-111.883672033926,40.49849647139],[-111.883641479571,40.4984965354151],[-111.883638891144,40.497780106195],[-111.883642597585,40.4977775517172],[-111.884833520029,40.4977793432436],[-111.884831672308,40.4984957789439],[-111.884831546068,40.498544966407],[-111.885155404126,40.4985454287451],[-111.885156063231,40.4985261244195],[-111.886583323985,40.4985262835247],[-111.886584140398,40.4981964464877],[-111.887599373982,40.4981979492252],[-111.887596927347,40.4991614316762],[-111.887602035085,40.4992739829236],[-111.886667128306,40.4992725996468],[-111.886663748602,40.5005984153689],[-111.884646467153,40.5005954044066],[-111.884537541029,40.5005527880324]]],[[[-111.896974551203,40.503430532886],[-111.896976952359,40.503197633811],[-111.896981999125,40.5031677336593],[-111.896991191294,40.5030766889743],[-111.897014506841,40.5029751028713],[-111.897045505795,40.5028825550659],[-111.897051775722,40.5028818286658],[-111.897162703626,40.50290982011],[-111.897814226253,40.5030607527595],[-111.897842665399,40.5030692747577],[-111.897868977901,40.5030811262109],[-111.897892500154,40.5030960085801],[-111.897912641241,40.5031135447291],[-111.897928890097,40.5031332933098],[-111.897940839148,40.5031547567865],[-111.897948186748,40.5031773940355],[-111.897950746689,40.5032006329209],[-111.89795169595,40.5033665309891],[-111.897952041371,40.5034268056498],[-111.89708900522,40.5034297182016],[-111.896974551203,40.503430532886]]],[[[-111.887211571503,40.5242000848131],[-111.887211443007,40.5240141331973],[-111.888137842945,40.5240139807164],[-111.890209489114,40.5240136143724],[-111.89018342802,40.5240708658879],[-111.890159712205,40.5241083573271],[-111.890123255724,40.5241632614142],[-111.890087346537,40.5242119281015],[-111.890022412542,40.5242883056208],[-111.889971351837,40.5243410311341],[-111.889912135004,40.5243964566555],[-111.889862173975,40.5244375988974],[-111.889815102042,40.5244733866105],[-111.889761621596,40.5245114218294],[-111.889702891981,40.5245499202589],[-111.889647046573,40.5245826192893],[-111.889581877856,40.5246180221801],[-111.88951552665,40.5246507560642],[-111.889460214412,40.5246745447683],[-111.889383930232,40.5247055302478],[-111.889279674758,40.5247441796896],[-111.889193501904,40.5247809876655],[-111.889116670038,40.5248182103514],[-111.889063138162,40.5248473387535],[-111.889017184465,40.5248746597471],[-111.888936360608,40.5249283742361],[-111.888876123932,40.524973442416],[-111.888828144081,40.5250203016699],[-111.888755080952,40.5249812241244],[-111.888728690064,40.5249665512685],[-111.888712817012,40.5249576972478],[-111.888680577442,40.5249416181705],[-111.888649545042,40.5249269606879],[-111.888619680647,40.5249134799749],[-111.888594482557,40.5249041237158],[-111.888574702798,40.5248956212432],[-111.88854833719,40.5248853763773],[-111.888531282237,40.5248795287582],[-111.888498335792,40.5248684204318],[-111.888456483784,40.5248558646716],[-111.888421611493,40.5248462387443],[-111.888380547634,40.5248363379344],[-111.888350720782,40.5248296464439],[-111.888329420311,40.5248255842876],[-111.888306959754,40.5248215259705],[-111.888275979548,40.524816019833],[-111.888251588084,40.5248125577764],[-111.888219455013,40.5248085314809],[-111.888196228683,40.5248059517171],[-111.88816758496,40.5248030945015],[-111.888139333363,40.5248011212431],[-111.888113792394,40.5247997297782],[-111.88806542562,40.5247981184928],[-111.887212787064,40.5247985769697],[-111.887211571503,40.5242000848131]]],[[[-111.883233336347,40.5265914008072],[-111.882047058449,40.5265774311488],[-111.881509981094,40.5265899647713],[-111.880765106672,40.5265841861735],[-111.879574908448,40.5265849889142],[-111.878133328127,40.5265734577485],[-111.877769704161,40.5265741574115],[-111.877319734076,40.5265701501639],[-111.876466021608,40.526566652389],[-111.876067424839,40.5265633038526],[-111.875761747998,40.5265668354784],[-111.875646197618,40.5265661557754],[-111.875590213505,40.5265672312436],[-111.875515514944,40.5265655253378],[-111.875340626205,40.5265624669857],[-111.875222070308,40.5265670207025],[-111.875107856824,40.5265738055273],[-111.874968371128,40.5265852270777],[-111.874793204633,40.5265874713607],[-111.87479249946,40.5252490532836],[-111.874794352965,40.5251442856484],[-111.87489496981,40.5251444132665],[-111.874895619229,40.5250372557564],[-111.874902272804,40.5250455872788],[-111.875402876423,40.5250483096039],[-111.876067505358,40.5250503001205],[-111.876089962611,40.5250495958654],[-111.876257774584,40.5250393581492],[-111.876420833217,40.5250253521551],[-111.876569103573,40.5250090987875],[-111.876572573589,40.525008724709],[-111.876574934559,40.5250073392489],[-111.87691560957,40.52496447934],[-111.877093018361,40.5249401354286],[-111.87709609863,40.5249397103552],[-111.877097867524,40.5249394624105],[-111.877099636407,40.5249392126647],[-111.877101404095,40.524938960221],[-111.877103171773,40.5249387059761],[-111.877104938261,40.524938449934],[-111.877106704734,40.5249381911901],[-111.877108470017,40.5249379306488],[-111.877110235285,40.5249376674059],[-111.877112000544,40.5249374023618],[-111.877113764607,40.5249371346199],[-111.877115527479,40.5249368650806],[-111.877117291522,40.5249365937363],[-111.87711905319,40.524936319698],[-111.877120814843,40.524936042958],[-111.877122576486,40.5249357644168],[-111.877124336939,40.5249354840783],[-111.877126097377,40.5249352010381],[-111.877127856624,40.5249349162006],[-111.877129614677,40.5249346286651],[-111.87713137272,40.5249343393285],[-111.877133130752,40.5249340481908],[-111.87713488759,40.5249337543552],[-111.877136643237,40.5249334587222],[-111.87713839887,40.5249331603875],[-111.877140154493,40.5249328602518],[-111.87714190892,40.5249325574181],[-111.877143662157,40.524932252787],[-111.87714541538,40.5249319454543],[-111.877147167412,40.5249316363242],[-111.877148919434,40.524931325393],[-111.877150670262,40.524931011764],[-111.877152421079,40.5249306963337],[-111.877154170701,40.5249303782055],[-111.877155919133,40.5249300582801],[-111.877157667555,40.5249297365535],[-111.877159415962,40.5249294121251],[-111.877161161994,40.5249290850027],[-111.877162909201,40.524928756976],[-111.877164654028,40.5249284253545],[-111.877166398849,40.5249280928325],[-111.877168143656,40.5249277576088],[-111.877169886088,40.524927419691],[-111.877171629695,40.5249270808688],[-111.877173370921,40.5249267384519],[-111.877175112143,40.5249263951345],[-111.877176853344,40.5249260482148],[-111.877178592181,40.5249257004022],[-111.877180331002,40.5249253498878],[-111.877182069813,40.5249249975723],[-111.87718380743,40.5249246425589],[-111.877185543856,40.5249242857482],[-111.877187280267,40.5249239262358],[-111.877189014308,40.5249235649298],[-111.877191442653,40.5249230554969],[-111.877193175489,40.5249226896919],[-111.877194908305,40.5249223202846],[-111.877196639936,40.5249219499806],[-111.877198371552,40.5249215769748],[-111.877200100797,40.5249212021756],[-111.877201830028,40.5249208246746],[-111.877203559248,40.5249204453725],[-111.877205287274,40.5249200633724],[-111.877207014109,40.5249196795751],[-111.877208739754,40.5249192939804],[-111.877210464205,40.5249189056879],[-111.877212188645,40.5249185155941],[-111.877213913075,40.5249181236993],[-111.87721563513,40.5249177291103],[-111.877217357175,40.5249173327202],[-111.877219078025,40.5249169336322],[-111.877220798864,40.5249165327431],[-111.877222517334,40.5249161300605],[-111.877224235789,40.5249157246761],[-111.877225953053,40.5249153174944],[-111.877227670303,40.524914907611],[-111.877229386362,40.5249144959303],[-111.877231101232,40.5249140824522],[-111.877232814906,40.5249136662762],[-111.87723452739,40.5249132483029],[-111.877236239859,40.524912827628],[-111.877237951143,40.5249124060562],[-111.877239662407,40.5249119808822],[-111.877241371306,40.5249115548152],[-111.877243080189,40.5249111260465],[-111.877244787883,40.5249106954804],[-111.877246494382,40.5249102622165],[-111.87724819969,40.5249098271552],[-111.877249904988,40.5249093902928],[-111.877251609092,40.5249089507325],[-111.877253312005,40.5249085093748],[-111.877255013723,40.5249080653193],[-111.877256715431,40.5249076194626],[-111.877258414769,40.5249071718124],[-111.877260114097,40.5249067223611],[-111.877261812229,40.5249062702118],[-111.877263510347,40.5249058153609],[-111.8772652061,40.524905359617],[-111.877266901837,40.5249049011714],[-111.877268595204,40.5249044409322],[-111.877270288557,40.5249039779914],[-111.877271981899,40.5249035132494],[-111.877273672871,40.5249030467139],[-111.877275362648,40.5249025774805],[-111.877277052415,40.5249021064459],[-111.877278740987,40.5249016327135],[-111.877280428373,40.5249011580842],[-111.877282114565,40.5249006807571],[-111.877283799561,40.5249002007321],[-111.877285483367,40.5248997189098],[-111.877287167164,40.5248992352863],[-111.87728884859,40.5248987498692],[-111.877290530001,40.5248982617505],[-111.877292210222,40.5248977718345],[-111.877293889253,40.5248972801211],[-111.877295567088,40.5248967857098],[-111.877297243734,40.5248962895012],[-111.877298920369,40.5248957914914],[-111.87730059463,40.5248952907876],[-111.8773022677,40.5248947882864],[-111.877470686246,40.5248440985897],[-111.877879843436,40.5247209589643],[-111.878091566114,40.5246572370657],[-111.878562381894,40.5246576104259],[-111.879084938435,40.5246575056731],[-111.879672171799,40.5246573863353],[-111.879825790895,40.5246573542343],[-111.8799599431,40.5246573265004],[-111.880002397012,40.5246598041351],[-111.880038284591,40.5246616699424],[-111.880074191066,40.524663325844],[-111.88011011172,40.5246647727559],[-111.88014604655,40.5246660097776],[-111.880181993194,40.5246670369166],[-111.880217948116,40.524667855085],[-111.880253910131,40.5246684633861],[-111.880289878064,40.5246688627242],[-111.880377557275,40.5246685782227],[-111.880430867229,40.5246690833413],[-111.880485477799,40.5246696004242],[-111.880589793578,40.524669261759],[-111.880625754618,40.524669905972],[-111.88066170338,40.5246708879284],[-111.880697632785,40.5246722076512],[-111.880733538111,40.5246738651559],[-111.880769414634,40.524675859557],[-111.880805255273,40.5246781908778],[-111.880841056489,40.5246808591297],[-111.880900853067,40.5246860862722],[-111.880900692749,40.5245605038024],[-111.880900128047,40.5241192639407],[-111.881685867717,40.5241578811905],[-111.881798469498,40.5241646596058],[-111.881798821911,40.5248008839537],[-111.881864206982,40.5248008717848],[-111.881980439289,40.5248007650324],[-111.883489427284,40.5248006801422],[-111.883447974251,40.5255452646865],[-111.883384327068,40.5265916293128],[-111.883384031663,40.5265963988057],[-111.883233336347,40.5265914008072]]],[[[-111.869581547867,40.5263799177381],[-111.869589559152,40.5258762606471],[-111.869933091179,40.5258759721651],[-111.869928423886,40.5261695614128],[-111.869918272731,40.5268079587568],[-111.869788374087,40.5268126940661],[-111.869574659695,40.5268128970837],[-111.869581547867,40.5263799177381]]],[[[-111.906028553734,40.5266360537376],[-111.905993871379,40.5258161141267],[-111.906466181142,40.5258151860044],[-111.906751248965,40.5259125297855],[-111.907401199295,40.5259111155148],[-111.90739513609,40.5257656985605],[-111.909142783161,40.5257660027414],[-111.909146586053,40.5266911696119],[-111.908072857493,40.5266928529487],[-111.908074481542,40.5266674034147],[-111.90742844046,40.5266374714789],[-111.906889572932,40.5266373728145],[-111.906417124941,40.5266374493593],[-111.906028553734,40.5266360537376]]],[[[-111.870845476283,40.5268393857697],[-111.870916596577,40.5263272680289],[-111.870923478799,40.5262778436172],[-111.870904369189,40.526114775516],[-111.871021517151,40.526114883872],[-111.871182366932,40.5261144079478],[-111.871182899684,40.5261633243908],[-111.871401447761,40.5261629860447],[-111.872664801611,40.5261655387355],[-111.87266573258,40.5257671419106],[-111.873320444176,40.5257659032761],[-111.873318089307,40.5267704539329],[-111.873184833753,40.5267765743676],[-111.873075203393,40.526779857408],[-111.87266335352,40.5267839412674],[-111.872351358654,40.5267681389147],[-111.871455401614,40.5267753745702],[-111.871020370415,40.526835533527],[-111.870845476283,40.5268393857697]]],[[[-111.87500582822,40.5268914905796],[-111.875115919664,40.526880390903],[-111.875185615825,40.5271281689194],[-111.875297900233,40.5271299059997],[-111.875295451995,40.527340159354],[-111.874823193008,40.5273285617163],[-111.874822952382,40.5271766505635],[-111.8748050577,40.5271252356446],[-111.874714561836,40.5270206408611],[-111.87500582822,40.5268914905796]]],[[[-111.905544158235,40.5269491089976],[-111.90553789829,40.526869442598],[-111.905969904105,40.5268683218221],[-111.90597008141,40.5268729312387],[-111.905992667853,40.5274591436685],[-111.905630905362,40.5274591289935],[-111.905623181937,40.5272837683574],[-111.905558431579,40.5272837546521],[-111.905544158235,40.5269491089976]]],[[[-111.861219343129,40.5270849579753],[-111.861315061922,40.5269703850694],[-111.861511793482,40.5270642006131],[-111.861554179463,40.527079326448],[-111.861554140243,40.5270933106282],[-111.862746208436,40.5272043333434],[-111.862746145616,40.5272302636651],[-111.861567847236,40.5275595945329],[-111.861456378779,40.5275907495248],[-111.861110635815,40.5276873800715],[-111.861219343129,40.5270849579753]]],[[[-111.854622985813,40.5279270311933],[-111.854011961557,40.5277258689466],[-111.853222298368,40.5274658880804],[-111.852630601155,40.5272738281847],[-111.852572451046,40.5272551397635],[-111.852454913141,40.5272200990326],[-111.852395561984,40.5272037574184],[-111.852335844366,40.5271882093773],[-111.852275781546,40.5271734584472],[-111.852215390074,40.5271595099812],[-111.852154688849,40.5271463675245],[-111.852093696775,40.5271340355225],[-111.852032430392,40.5271225175274],[-111.85197091096,40.5271118170772],[-111.851909156199,40.5271019377207],[-111.851847185006,40.527092883003],[-111.85178501627,40.5270846537676],[-111.851660161755,40.5270706850245],[-111.851534743804,40.5270600508482],[-111.85147187194,40.5270559877919],[-111.851408915878,40.5270527615839],[-111.851345895696,40.5270503757662],[-111.851282831445,40.5270488284775],[-111.851219740836,40.5270481214658],[-111.851156643934,40.5270482555715],[-111.851070550767,40.5270472688669],[-111.85096432791,40.5270538513252],[-111.85088543153,40.5270585777668],[-111.850776317532,40.5270673066624],[-111.850697852673,40.5270751692725],[-111.850626733237,40.5270834538394],[-111.85058948437,40.5270882347098],[-111.850530110801,40.5270963733162],[-111.850473632743,40.5271048328437],[-111.850424364402,40.5271127970908],[-111.850391017294,40.5271184992241],[-111.850364649467,40.5271231871583],[-111.850340166629,40.5271276830346],[-111.850300037479,40.5271353515438],[-111.850249608454,40.5271455192786],[-111.850213213681,40.527153227932],[-111.850156239171,40.5271659259715],[-111.850096120234,40.5271801724489],[-111.85003803778,40.5271947739425],[-111.849988759977,40.5272078199508],[-111.849946479715,40.5272194995961],[-111.849906073161,40.5272310898799],[-111.849869194492,40.5272420365191],[-111.849825817987,40.5272553701375],[-111.849789293245,40.5272669857192],[-111.849749641028,40.5272800038028],[-111.849715113549,40.5272916908509],[-111.849670960518,40.5273071205534],[-111.849633566112,40.5273206199712],[-111.849602836278,40.527332028189],[-111.849600812518,40.5273327798968],[-111.849599785342,40.527333164802],[-111.849583674754,40.527339259277],[-111.849551569034,40.5273516405979],[-111.849521219805,40.5273636276262],[-111.849476768595,40.5273816914106],[-111.84943422121,40.5273995558799],[-111.84938576304,40.5274206016539],[-111.849350088995,40.5274365832266],[-111.849302389981,40.5274586155288],[-111.849249078096,40.5274841614478],[-111.849205352295,40.5275058621696],[-111.849166503172,40.5275257255949],[-111.849114742911,40.5275530661685],[-111.849072334591,40.5275762380493],[-111.849043344182,40.5275924905075],[-111.849039105428,40.5275949148553],[-111.849016453633,40.5276078712585],[-111.848498597924,40.5279213009462],[-111.848507926707,40.5266663208994],[-111.849283228913,40.5267817087331],[-111.850380448604,40.5264228583545],[-111.850385592432,40.5260818005814],[-111.850787825279,40.5260832569091],[-111.851837008771,40.5260870485558],[-111.85323135366,40.526092079523],[-111.85323219187,40.5259662546816],[-111.853299492578,40.5260782521359],[-111.853315852742,40.5261033917819],[-111.853334466988,40.5261275997447],[-111.853360774951,40.5261563693157],[-111.853390269288,40.5261832813033],[-111.853416009328,40.52620333325],[-111.85345065656,40.5262263932553],[-111.853480189115,40.5262431250557],[-111.853519136555,40.5262617646806],[-111.853560067122,40.5262777425285],[-111.85359402652,40.5262885270883],[-111.853620099715,40.5262954134453],[-111.853664488257,40.5263045490969],[-111.853691560562,40.5263086001293],[-111.853737184681,40.5263129328849],[-111.853756752409,40.5263138527516],[-111.853799352719,40.5263589103007],[-111.85387943521,40.5264388265324],[-111.854006288681,40.5265545801525],[-111.854460843251,40.5269319890678],[-111.854663501744,40.5270989496758],[-111.854719575577,40.5271474729333],[-111.854770162303,40.5271993295707],[-111.854813367486,40.5272549377905],[-111.854848718219,40.527313687545],[-111.854871896722,40.5273645815422],[-111.854889172924,40.5274168235459],[-111.854901431387,40.5274714357293],[-111.854905803445,40.5275339526775],[-111.854905044915,40.5275825902623],[-111.854898227463,40.5276335615562],[-111.854888347602,40.5276791387002],[-111.854873397332,40.5277224149268],[-111.854860405689,40.5277533330029],[-111.854842371737,40.5277873552964],[-111.854787976675,40.5278850309647],[-111.854784707193,40.5278829380295],[-111.85477296787,40.5278970872928],[-111.854762915994,40.5279059622128],[-111.854753223999,40.5279127773399],[-111.854738953195,40.527920590646],[-111.854719340315,40.5279281058173],[-111.854704732778,40.5279317622067],[-111.854683097319,40.5279345726106],[-111.854669923974,40.5279348646296],[-111.854648112054,40.5279330160121],[-111.854622985813,40.5279270311933]]],[[[-111.878642088768,40.5279280855267],[-111.878641286192,40.5268592966002],[-111.879056666395,40.5268590581812],[-111.879452306479,40.5268588281597],[-111.879452340619,40.5268813144153],[-111.880333381451,40.52688099143],[-111.880333378094,40.5268729763555],[-111.880418632484,40.5268733337028],[-111.880547868115,40.526893087908],[-111.881136765045,40.5268955513413],[-111.881255473284,40.5268960478563],[-111.881512868771,40.5268971150895],[-111.881588545383,40.5268262594524],[-111.881778982102,40.5268270127215],[-111.88177921352,40.5269797849068],[-111.881780529622,40.5278393740904],[-111.881780659676,40.5279250756149],[-111.881651299681,40.527925496867],[-111.880333767423,40.5279297791906],[-111.880333645578,40.5275993375429],[-111.879453414966,40.5275995236922],[-111.879453918455,40.5279359042577],[-111.879076530248,40.527933585162],[-111.878642088768,40.5279280855267]]],[[[-111.859280442063,40.5281521623715],[-111.85927447143,40.5268715409013],[-111.859391382899,40.5268715562427],[-111.859391715958,40.5269236000917],[-111.859395770799,40.5276936356598],[-111.859397331351,40.5281320842622],[-111.859397261491,40.528132041249],[-111.859332596109,40.5281435839776],[-111.859280442063,40.5281521623715]]],[[[-111.873272280187,40.5277623625852],[-111.873272222028,40.5277504338098],[-111.872251710472,40.5277542554556],[-111.872251490399,40.5278965373218],[-111.872251162162,40.5281455749665],[-111.87134403202,40.5281435801211],[-111.87127315184,40.5281433156339],[-111.871274420682,40.5278953512057],[-111.871278446531,40.527108908711],[-111.871487844191,40.5270856382399],[-111.871959194939,40.5270812994774],[-111.874004536619,40.5270877090711],[-111.874576194184,40.5270817707897],[-111.8746604715,40.527179294457],[-111.874643644022,40.5281700437389],[-111.874283914248,40.5281711100615],[-111.874283849161,40.5281583807028],[-111.874281819166,40.5277593749027],[-111.874273883469,40.5277593984401],[-111.874260354783,40.5277594389341],[-111.873272280187,40.5277623625852]]],[[[-111.855141307946,40.5271413490772],[-111.855122361304,40.5271137697793],[-111.855102166362,40.5270867111871],[-111.855080744543,40.5270602074567],[-111.855071613243,40.5270495435469],[-111.855058124342,40.5270342909217],[-111.855046374041,40.5270215618301],[-111.855034333057,40.5270089912176],[-111.855009399188,40.5269843415783],[-111.854996513422,40.5269722697345],[-111.854975790427,40.5269537204063],[-111.854243172176,40.5263440991282],[-111.854204783663,40.5263092666977],[-111.854253956825,40.5263159029939],[-111.854307327663,40.526322936341],[-111.854359441083,40.5263341890356],[-111.854417893335,40.5263524812126],[-111.854480535287,40.5263798555515],[-111.854530790023,40.5264090684646],[-111.854567498879,40.5264351802412],[-111.854593820627,40.5264544403687],[-111.854629870009,40.5264808197886],[-111.854667284189,40.5265081956016],[-111.854707470624,40.5265376019049],[-111.854757296812,40.526573559488],[-111.854843150464,40.5266243745713],[-111.854937437564,40.5266655774827],[-111.854987174624,40.5266823152633],[-111.855051299286,40.5266994498224],[-111.85511713635,40.526712253719],[-111.855184186077,40.5267206312029],[-111.855220494696,40.5267232778231],[-111.855286946251,40.5267269263646],[-111.855335793559,40.5267296078897],[-111.855723096659,40.5267508717788],[-111.856789328908,40.5268094022229],[-111.856790736173,40.5271135944036],[-111.856736777645,40.5271137397198],[-111.856739915233,40.5277919180746],[-111.857063696522,40.5277910006866],[-111.857064070011,40.5278795354949],[-111.857171984655,40.527879229238],[-111.857495802967,40.5278783159483],[-111.857497519169,40.5282514718108],[-111.857173750461,40.5282500236542],[-111.856742024638,40.5282480899908],[-111.856278202879,40.5282460118421],[-111.856132481701,40.528243001872],[-111.856072932553,40.528240403618],[-111.85601345363,40.528237012619],[-111.855954060285,40.5282328306296],[-111.855894772584,40.528227857589],[-111.855835607066,40.5282220961488],[-111.855776582626,40.528215548053],[-111.855717716974,40.5282082141488],[-111.855659027833,40.5282000979847],[-111.855600532918,40.5281912013086],[-111.855542251129,40.528181526765],[-111.855484199004,40.5281710770058],[-111.855426395453,40.5281598564769],[-111.855368857013,40.5281478678302],[-111.85531160141,40.5281351146147],[-111.855254645185,40.5281216003829],[-111.855198008433,40.5281073304777],[-111.85518665098,40.5281039076045],[-111.855173055748,40.5280984310067],[-111.855162172847,40.5280927588708],[-111.855158726378,40.5280906790904],[-111.855152127098,40.5280862502696],[-111.85514898376,40.5280839075047],[-111.855141610413,40.5280776951985],[-111.855136239899,40.5280723873],[-111.85513136838,40.5280668059175],[-111.855129126282,40.5280639218807],[-111.85512411164,40.5280564650443],[-111.855117911563,40.5280439244793],[-111.85511405971,40.528030847265],[-111.855112915156,40.528022052164],[-111.855112757783,40.5280208404737],[-111.855114288068,40.5280007891506],[-111.855117703149,40.527989352373],[-111.855122917808,40.5279783181016],[-111.855169987536,40.5278950699935],[-111.855185496874,40.5278662677997],[-111.855199679927,40.5278370697693],[-111.855209787617,40.5278139872496],[-111.855218427718,40.5277926103529],[-111.855223995947,40.5277776314084],[-111.855234100962,40.5277474623084],[-111.855238634255,40.5277322811694],[-111.855246656642,40.5277017500461],[-111.855248904895,40.5277003761671],[-111.855249788442,40.5276966640413],[-111.855257831063,40.5276566444492],[-111.85526421783,40.527599620807],[-111.855266448632,40.527540705954],[-111.855263232511,40.527482203859],[-111.855255670434,40.5274281592478],[-111.855249194579,40.5273959609766],[-111.855241079013,40.5273645934967],[-111.855241492803,40.5273613294769],[-111.855232546788,40.5273309488361],[-111.855227553797,40.5273158523996],[-111.855222216538,40.5273008236482],[-111.855204154787,40.5272561992927],[-111.855190422638,40.5272268760111],[-111.855175358858,40.5271979368032],[-111.85515898015,40.5271694158394],[-111.855141307946,40.5271413490772]]],[[[-111.857996507376,40.528253131546],[-111.857994353562,40.5277882917757],[-111.858354083937,40.5277872772372],[-111.85835622299,40.5282468162987],[-111.858307198767,40.528248884376],[-111.858289221842,40.5282494031185],[-111.85820367862,40.5282518700512],[-111.858100105198,40.5282534761244],[-111.857996507376,40.528253131546]]],[[[-111.851020962966,40.5273265247519],[-111.851134518469,40.5273232956155],[-111.851248152087,40.5273230929509],[-111.85136172575,40.5273259162711],[-111.851475101371,40.5273317623883],[-111.851531671096,40.5273358173261],[-111.851588140844,40.5273406245125],[-111.851644490544,40.5273461822067],[-111.85175676724,40.5273595457046],[-111.851824464133,40.5273693343601],[-111.851867362558,40.5273757311254],[-111.851925338773,40.5273854327283],[-111.851983073674,40.5273959401369],[-111.852078710537,40.5274152313121],[-111.852146037957,40.5274302487008],[-111.852192393685,40.5274412927089],[-111.852252155205,40.5274563922063],[-111.852336838193,40.5274794858741],[-111.852397276633,40.5274972138278],[-111.852442295827,40.5275111102581],[-111.852488196546,40.5275258982863],[-111.852967757819,40.5276837084124],[-111.853194321296,40.5277582631862],[-111.853220331085,40.5277641997195],[-111.854141144119,40.5280684418856],[-111.854409580223,40.5281571328219],[-111.854473571123,40.5281784971716],[-111.854500612256,40.5281927542692],[-111.854519447382,40.5282090804726],[-111.854532150706,40.5282266716074],[-111.85453978397,40.5282458927974],[-111.854540183976,40.5282511004835],[-111.854542311145,40.5282568558956],[-111.854542415408,40.5282769265802],[-111.854538469889,40.5282962377252],[-111.854529452763,40.528313248844],[-111.854466112232,40.5283898663551],[-111.854384578031,40.5284696268883],[-111.854333213776,40.5285145575909],[-111.854292909604,40.5285463308393],[-111.854238420668,40.5285861674143],[-111.854151768357,40.5286424825038],[-111.854090238905,40.528678179647],[-111.854019607989,40.5287146760331],[-111.853912612582,40.5287620899096],[-111.853516788757,40.5289107327716],[-111.853407748621,40.528954292507],[-111.853337101067,40.5289877004733],[-111.853251328858,40.529031189923],[-111.853115184868,40.529115745732],[-111.853019877316,40.5291859656174],[-111.852916679787,40.5292715125537],[-111.852819059597,40.5293713913808],[-111.852733601772,40.5294758660534],[-111.852673378666,40.5295686852203],[-111.852642302271,40.529624360949],[-111.852613249938,40.5296800314802],[-111.851892895234,40.5296798798819],[-111.851862425389,40.5294607286558],[-111.851793240343,40.529189199408],[-111.851684626422,40.5289231918102],[-111.85151829095,40.5286465494597],[-111.851349228502,40.5284293580228],[-111.851263824705,40.5283477837138],[-111.851073990191,40.5282225194211],[-111.850933062649,40.5281642710992],[-111.850827644409,40.5281252155461],[-111.850637258755,40.5280895021444],[-111.850515820739,40.5280829174419],[-111.850082979942,40.527473345424],[-111.850083527978,40.5274731960938],[-111.850131849425,40.527460042134],[-111.850210790995,40.5274401018382],[-111.850276463068,40.5274247075942],[-111.85034899863,40.5274089622902],[-111.850437890233,40.5273917316349],[-111.850570288699,40.5273695635593],[-111.850682150257,40.5273543074119],[-111.850794640839,40.527342040068],[-111.850907624806,40.5273327754406],[-111.851020962966,40.5273265247519]]],[[[-111.853197149077,40.5294386114013],[-111.853198297898,40.5294375551743],[-111.853199447903,40.5294364998442],[-111.853200599093,40.5294354454111],[-111.853201752652,40.529434392772],[-111.853205743515,40.5294305992562],[-111.85320569714,40.5294376022235],[-111.853209156639,40.5294344443095],[-111.853209199352,40.5294274179385],[-111.853210543027,40.5294263836384],[-111.853211885821,40.5294251791333],[-111.853212779831,40.5294241470887],[-111.85321412351,40.5294231136891],[-111.85321546719,40.5294220802895],[-111.8532163612,40.5294210482448],[-111.853217704879,40.5294200148452],[-111.85321859889,40.5294189828005],[-111.853219942569,40.5294179494008],[-111.853221286248,40.5294169160012],[-111.853222180258,40.5294158839565],[-111.853223523938,40.5294148505568],[-111.853224867617,40.529413817157],[-111.853225761627,40.5294127851123],[-111.853227105306,40.5294117517126],[-111.853228448985,40.5294107183128],[-111.853229342995,40.5294096862681],[-111.853230686674,40.5294086528683],[-111.853232030352,40.5294076194685],[-111.853232924362,40.5294065874237],[-111.853234268041,40.5294055540238],[-111.85323561172,40.529404520624],[-111.85323650573,40.5294034885792],[-111.853237850294,40.5294026262849],[-111.853239193977,40.5294015937856],[-111.853240087982,40.5294005608401],[-111.853241431661,40.5293995274402],[-111.853242775344,40.5293984949408],[-111.853243669349,40.5293974619954],[-111.853245013027,40.5293964285955],[-111.85324635671,40.529395396096],[-111.853247700384,40.5293943617955],[-111.853248595284,40.5293935017566],[-111.853249938962,40.5293924683566],[-111.85325128264,40.5293914349566],[-111.85325217665,40.5293904029117],[-111.853253520328,40.5293893695116],[-111.853254864006,40.5293883361115],[-111.853256207684,40.5293873027115],[-111.853257102579,40.529386441772],[-111.853258446257,40.5293854083719],[-111.853259789935,40.5293843749718],[-111.853261133613,40.5293833415716],[-111.853262027622,40.5293823095266],[-111.85326337219,40.5293814481325],[-111.853264715868,40.5293804147323],[-111.853266059546,40.5293793813321],[-111.853266953555,40.529378349287],[-111.853268298118,40.5293774869924],[-111.853269641796,40.5293764535921],[-111.853270985473,40.5293754201918],[-111.853272329151,40.5293743867916],[-111.85327322405,40.5293735267525],[-111.853274567728,40.5293724933522],[-111.853275911405,40.5293714599519],[-111.853277255968,40.5293705976571],[-111.853278599646,40.5293695642568],[-111.853279493654,40.5293685322116],[-111.853280837332,40.5293674988112],[-111.85328218308,40.5293666374134],[-111.853283525577,40.5293656040165],[-111.853284869254,40.5293645706161],[-111.853286213816,40.5293637083212],[-111.853287107825,40.5293626762759],[-111.853288451502,40.5293616428755],[-111.85328979607,40.529360781481],[-111.853291139746,40.5293597480806],[-111.853292484309,40.5293588857856],[-111.853293827986,40.529357852385],[-111.853294721994,40.5293568203398],[-111.853296066557,40.5293559580447],[-111.853297410238,40.5293549255447],[-111.853298755981,40.5293540632461],[-111.853300098478,40.5293530298491],[-111.853301442154,40.5293519964484],[-111.853302787902,40.5293511350503],[-111.853304130393,40.5293501007527],[-111.853305026472,40.5293492407098],[-111.853306368968,40.5293482073127],[-111.853307714715,40.5293473459145],[-111.853309058392,40.5293463125138],[-111.853310401774,40.5293454502222],[-111.85331174663,40.5293444168179],[-111.853313091197,40.5293435554232],[-111.853314433693,40.529342522026],[-111.853315779435,40.5293416597272],[-111.853316673443,40.5293406276818],[-111.85331801801,40.529339766287],[-111.853319360506,40.5293387328897],[-111.853320706248,40.5293378705909],[-111.853322048744,40.5293368371935],[-111.853323393306,40.5293359748982],[-111.853324738166,40.5293349423943],[-111.853326081548,40.5293340801025],[-111.853327427295,40.5293332187041],[-111.853328770966,40.5293321844026],[-111.853330114352,40.5293313230113],[-111.853331459208,40.5293302896068],[-111.853332803774,40.5293294282118],[-111.853334146265,40.5293283939138],[-111.853335492011,40.5293275325153],[-111.853336836573,40.5293266702198],[-111.853338180253,40.5293256377193],[-111.853339075146,40.5293247767792],[-111.853340418532,40.5293239153877],[-111.853341763383,40.5293228810825],[-111.853343107949,40.5293220196875],[-111.85334445251,40.5293211573919],[-111.853345796186,40.5293201239908],[-111.853347140751,40.5293192625957],[-111.853348485317,40.5293184012007],[-111.853349828988,40.5293173668989],[-111.853351173554,40.5293165055038],[-111.853352518119,40.5293156441086],[-111.85335386268,40.5293147818129],[-111.853355206355,40.5293137484117],[-111.853356550921,40.5293128870165],[-111.853357895482,40.5293120247207],[-111.853359239157,40.5293109913195],[-111.853360583722,40.5293101299242],[-111.853361928283,40.5293092676284],[-111.853363722512,40.529308403977],[-111.853365067077,40.5293075425817],[-111.853366410752,40.5293065091804],[-111.853367755313,40.5293056468845],[-111.853369099878,40.5293047854892],[-111.853370444439,40.5293039231933],[-111.853371789004,40.5293030617979],[-111.853373132679,40.5293020283965],[-111.853374477244,40.529301167001],[-111.853375821804,40.5293003047051],[-111.853377166369,40.5292994433097],[-111.85337851093,40.5292985810137],[-111.85337985549,40.5292977187176],[-111.853381200055,40.5292968573222],[-111.853382543729,40.5292958239206],[-111.85338388829,40.5292949616246],[-111.853385232854,40.529294100229],[-111.853386577419,40.5292932388335],[-111.853388371647,40.5292923751818],[-111.853389716208,40.5292915128857],[-111.853391060772,40.52929065149],[-111.853392405332,40.5292897891939],[-111.853393749897,40.5292889277982],[-111.853395094457,40.5292880655021],[-111.853396439021,40.5292872041064],[-111.853397783581,40.5292863418102],[-111.853399128146,40.5292854804145],[-111.853400922374,40.5292846167626],[-111.853402266938,40.5292837553669],[-111.853403611498,40.5292828930706],[-111.853404956062,40.5292820316748],[-111.853406300622,40.5292811693785],[-111.853407645186,40.5292803079827],[-111.853408989746,40.5292794456864],[-111.85341033431,40.5292785842906],[-111.853412128538,40.5292777206385],[-111.853413473102,40.5292768592426],[-111.853414817661,40.5292759969462],[-111.853416162225,40.5292751355503],[-111.85341750679,40.5292742741544],[-111.853418851349,40.5292734118579],[-111.853420195908,40.5292725495614],[-111.85342199014,40.5292716868098],[-111.853423334699,40.5292708245132],[-111.853424679263,40.5292699631172],[-111.853426024713,40.5292692728268],[-111.853427369272,40.5292684105302],[-111.853428713836,40.5292675491342],[-111.853430508063,40.5292666854818],[-111.853431852627,40.5292658240857],[-111.853433197186,40.5292649617891],[-111.853434542636,40.5292642714985],[-111.853435887199,40.5292634101024],[-111.853437681431,40.5292625473505],[-111.853439025989,40.5292616850538],[-111.853440370548,40.529260822757],[-111.853441715112,40.5292599613609],[-111.853443060561,40.5292592710702],[-111.853444854788,40.5292584074176],[-111.853446199351,40.5292575460214],[-111.85344754391,40.5292566837245],[-111.853448889359,40.5292559934338],[-111.853450233923,40.5292551320376],[-111.853452028149,40.5292542683848],[-111.853453372712,40.5292534069885],[-111.853454718162,40.5292527166977],[-111.85345606272,40.5292518544008],[-111.853457856951,40.5292509916486],[-111.8534592024,40.5292503013577],[-111.853460546959,40.5292494390607],[-111.853461891522,40.5292485776643],[-111.853463686638,40.5292478860175],[-111.853465031197,40.5292470237205],[-111.85346637694,40.5292461623205],[-111.853467722389,40.5292454720295],[-111.853469515434,40.5292446083801],[-111.853470861177,40.52924374698],[-111.853472205446,40.5292430566926],[-111.853473550004,40.5292421943954],[-111.853475346301,40.5292415027449],[-111.853476689683,40.5292406413519],[-111.853478035422,40.5292397790511],[-111.853479829358,40.5292390874077],[-111.85348117392,40.529238226011],[-111.853482520549,40.5292375357163],[-111.853483863927,40.5292366734226],[-111.853485660224,40.5292359817719],[-111.853487003606,40.5292351203788],[-111.853488350235,40.529234430084],[-111.85349014328,40.5292335664343],[-111.853491489022,40.529232705034],[-111.853492833291,40.5292320147463],[-111.853494177848,40.5292311524489],[-111.853495972964,40.5292304608016],[-111.853497319593,40.5292297705067],[-111.853498664155,40.52922890911],[-111.853500459271,40.5292282174625],[-111.853501803828,40.5292273551651],[-111.853503148096,40.5292266648773],[-111.853504943506,40.5292258021208],[-111.853506288955,40.5292251118293],[-111.853507633512,40.5292242495318],[-111.853509428628,40.5292235578843],[-111.853510774076,40.5292228675929],[-111.853512118638,40.5292220061959],[-111.853513913753,40.5292213145483],[-111.85351525831,40.5292204522507],[-111.853516603758,40.5292197619592],[-111.853518398874,40.5292190703115],[-111.853519743436,40.5292182089144],[-111.853521538551,40.5292175172667],[-111.853522882819,40.5292168269787],[-111.853524228556,40.5292159646774],[-111.853526022491,40.5292152730332],[-111.853527369119,40.529214582738],[-111.853528713681,40.5292137213408],[-111.853530508796,40.5292130296929],[-111.853531854244,40.5292123394012],[-111.853533199691,40.5292116491095],[-111.853534993915,40.5292107854555],[-111.853536339363,40.5292100951637],[-111.853538134478,40.5292094035158],[-111.853539479039,40.5292085421185],[-111.853540824487,40.5292078518267],[-111.853542619597,40.5292071592781],[-111.853543965049,40.5292064698868],[-111.853545760164,40.5292057782387],[-111.853547104721,40.5292049159407],[-111.853548450168,40.5292042256489],[-111.853550245283,40.5292035340007],[-111.85355159073,40.5292028437088],[-111.853553385845,40.5292021520606],[-111.853554731292,40.5292014617686],[-111.853556525521,40.5292005990148],[-111.853557870968,40.5291999087228],[-111.853559216415,40.5291992184308],[-111.853561011525,40.529198525882],[-111.853562356977,40.5291978364905],[-111.853564152086,40.5291971439415],[-111.853565497534,40.5291964536494],[-111.853567292653,40.5291957629016],[-111.853568637209,40.5291949006034],[-111.853569982656,40.5291942103112],[-111.85357177777,40.5291935186627],[-111.853573123217,40.5291928283705],[-111.853574918331,40.529192136722],[-111.853576263778,40.5291914464298],[-111.853578058892,40.5291907547812],[-111.853579404339,40.5291900644889],[-111.853581199453,40.5291893728403],[-111.8535825449,40.529188682548],[-111.853583890347,40.5291879922557],[-111.853585685461,40.5291873006071],[-111.853587030907,40.5291866103147],[-111.853588826021,40.5291859186659],[-111.853590171468,40.5291852283735],[-111.853591966582,40.5291845367248],[-111.853593312028,40.5291838464323],[-111.853595107142,40.5291831547835],[-111.853596452589,40.529182464491],[-111.853598248593,40.5291819448482],[-111.85359959404,40.5291812545557],[-111.853601389154,40.5291805629068],[-111.8536027346,40.5291798726143],[-111.853604529714,40.5291791809653],[-111.85360587516,40.5291784906727],[-111.853607670273,40.5291777990237],[-111.85360901572,40.5291771087311],[-111.85361081172,40.5291765881875],[-111.853612157166,40.5291758978949],[-111.853613952279,40.5291752062458],[-111.853615297725,40.5291745159531],[-111.853617092839,40.5291738243039],[-111.853618438285,40.5291731340112],[-111.853620234285,40.5291726134675],[-111.853621579735,40.5291719240753],[-111.853623374849,40.529171232426],[-111.853624720295,40.5291705421333],[-111.853626516294,40.5291700215895],[-111.853628311407,40.5291693299401],[-111.853629656853,40.5291686396473],[-111.853631451966,40.5291679479979],[-111.853632798303,40.5291674297111],[-111.853634593416,40.5291667380617],[-111.853635938862,40.5291660477687],[-111.853637733975,40.5291653561192],[-111.853639080307,40.5291648369318],[-111.85364087542,40.5291641452823],[-111.853642220866,40.5291634549893],[-111.85364401687,40.5291629353458],[-111.853645811983,40.5291622436961],[-111.853647157428,40.5291615534031],[-111.853648953428,40.529161032859],[-111.853650298873,40.5291603425659],[-111.853652094877,40.5291598229222],[-111.853653440323,40.5291591326291],[-111.85365523543,40.5291584400788],[-111.853657031434,40.5291579204351],[-111.85365837688,40.5291572301419],[-111.853660174064,40.5291567104946],[-111.853661518329,40.529156020205],[-111.853663314617,40.5291553276509],[-111.853664659773,40.5291548093673],[-111.853666456066,40.5291541177138],[-111.853668252069,40.5291535980699],[-111.853669596334,40.5291529077802],[-111.853672738665,40.5291518680479],[-111.85415475522,40.5289713056751],[-111.854397556161,40.5288801609758],[-111.8543989007,40.528879298668],[-111.854400245244,40.5288784372607],[-111.854401590676,40.5288777469589],[-111.854402935215,40.528876884651],[-111.854404279759,40.5288760232437],[-111.854405624298,40.5288751609357],[-111.854407418507,40.5288742981688],[-111.854408763051,40.5288734367615],[-111.85441010759,40.5288725744535],[-111.854411452129,40.5288717121455],[-111.854412796672,40.528870850738],[-111.854414141211,40.52886998843],[-111.854415485755,40.5288691270225],[-111.854417279958,40.5288682633549],[-111.854418624502,40.5288674019474],[-111.854419969045,40.5288665405398],[-111.854421313584,40.5288656782317],[-111.854422658123,40.5288648159236],[-111.854424002666,40.528863954516],[-111.854425347204,40.5288630922079],[-111.854426691748,40.5288622308003],[-111.854428036286,40.5288613684921],[-111.854429830494,40.5288605057249],[-111.854431175033,40.5288596434166],[-111.854432519576,40.528858782009],[-111.854433864114,40.5288579197007],[-111.854435208657,40.528857058293],[-111.854436553196,40.5288561959847],[-111.854437896845,40.5288551625708],[-111.854439241388,40.5288543011631],[-111.854440585926,40.5288534388548],[-111.854441930469,40.528852577447],[-111.854443724673,40.528851713779],[-111.854445069215,40.5288508523711],[-111.854446413753,40.5288499900628],[-111.854447758296,40.5288491286549],[-111.854449102834,40.5288482663465],[-111.854450447377,40.5288474049386],[-111.854451791026,40.5288463715246],[-111.854453135564,40.5288455092161],[-111.854454480106,40.5288446478082],[-111.854455824644,40.5288437854997],[-111.854457169187,40.5288429240917],[-111.854458513724,40.5288420617832],[-111.854459859447,40.5288412003716],[-111.854461201916,40.528840166961],[-111.854462546453,40.5288393046524],[-111.854464340661,40.5288384418847],[-111.854465685198,40.528837579576],[-111.85446702974,40.528836718168],[-111.854468373389,40.5288356847538],[-111.854469717927,40.5288348224451],[-111.854471062469,40.528833961037],[-111.854472407006,40.5288330987283],[-111.854473751548,40.5288322373201],[-111.854475095197,40.5288312039058],[-111.854476440914,40.5288303415935],[-111.854477784276,40.5288294801889],[-111.854479128813,40.5288286178801],[-111.854480473642,40.5288275844622],[-111.854481817004,40.5288267230575],[-111.854483162721,40.5288258607451],[-111.854484507263,40.5288249993368],[-111.854485850911,40.5288239659224],[-111.854487195448,40.5288231036135],[-111.85448853999,40.5288222422052],[-111.854489884527,40.5288213798963],[-111.854491228175,40.5288203464818],[-111.854492572716,40.5288194850735],[-111.854493917253,40.5288186227645],[-111.854495260901,40.52881758935],[-111.854496604262,40.5288167279451],[-111.854497949979,40.5288158656326],[-111.854499293627,40.528814832218],[-111.854500636988,40.5288139708131],[-111.854501982705,40.5288131085005],[-111.854503326353,40.5288120750859],[-111.854504669709,40.5288112127804],[-111.854506015431,40.5288103513683],[-111.854507359079,40.5288093179536],[-111.85450870244,40.5288084565486],[-111.854510048156,40.5288075942359],[-111.854511391804,40.5288065608212],[-111.85451273634,40.528805698512],[-111.854514080881,40.5288048371034],[-111.854515424529,40.5288038036886],[-111.854516769069,40.52880294228],[-111.854518112717,40.5288019088652],[-111.854519007588,40.5288010479159],[-111.854520352124,40.5288001856066],[-111.854521695776,40.5287991530924],[-111.854523040312,40.5287982907831],[-111.85452438396,40.5287972573682],[-111.8545257285,40.5287963959595],[-111.854527072143,40.528795361644],[-111.854528416683,40.5287945002352],[-111.854529761224,40.5287936388264],[-111.854531104866,40.5287926045109],[-111.854532449407,40.528791743102],[-111.854533793054,40.5287907096871],[-111.854535137594,40.5287898482782],[-111.854536481241,40.5287888148632],[-111.854537825777,40.5287879525537],[-111.854538719759,40.5287869204987],[-111.854540064299,40.5287860590898],[-111.854541407941,40.5287850247742],[-111.854542752481,40.5287841633652],[-111.854544096128,40.5287831299501],[-111.854545440668,40.5287822685412],[-111.85454678431,40.5287812342255],[-111.85454812885,40.5287803728164],[-111.854549472497,40.5287793394013],[-111.854550817037,40.5287784779922],[-111.854551711014,40.5287774450366],[-111.854553055554,40.5287765836275],[-111.8545543992,40.5287755502123],[-111.85455574374,40.5287746888032],[-111.854557087382,40.5287736544874],[-111.854558431028,40.5287726210721],[-111.854559775568,40.528771759663],[-111.854561119214,40.5287707262477],[-111.854562014089,40.5287698661986],[-111.85456335773,40.5287688318827],[-111.85456470227,40.5287679704735],[-111.854566045916,40.5287669370581],[-111.854567389562,40.5287659036428],[-111.854568734097,40.5287650413329],[-111.854570077747,40.5287640088181],[-111.854570972617,40.5287631478684],[-111.854572316263,40.528762114453],[-111.854573659909,40.5287610810376],[-111.854575004444,40.5287602187277],[-111.854576348089,40.5287591853122],[-111.85457769174,40.5287581527973],[-111.85457858661,40.5287572918475],[-111.854579930255,40.528756258432],[-111.854581273901,40.5287552250165],[-111.854582618435,40.5287543627065],[-111.854583962081,40.5287533292909],[-111.854585305731,40.5287522967759],[-111.854586200601,40.5287514358261],[-111.854587544246,40.5287504024105],[-111.854588887891,40.5287493689949],[-111.854590232426,40.5287485066848],[-111.854591576071,40.5287474732691],[-111.854592919716,40.5287464398535],[-111.85459381459,40.5287455798042],[-111.854595158236,40.5287445463885],[-111.854596501881,40.5287435129728],[-111.854597845526,40.5287424795571],[-111.854599190064,40.5287416181474],[-111.85460008404,40.5287405851914],[-111.854601427685,40.5287395517756],[-111.854602772224,40.5287386903659],[-111.854604115869,40.5287376569502],[-111.854605009849,40.5287366248946],[-111.854606353494,40.5287355914788],[-111.854607698028,40.5287347291685],[-111.854609041672,40.5287336957527],[-111.854610385317,40.5287326623368],[-111.854611279297,40.5287316302812],[-111.854612622942,40.5287305968653],[-111.85461396866,40.5287297354519],[-111.854615311125,40.5287287020396],[-111.854616205105,40.528727669984],[-111.854617548749,40.528726636568],[-111.854618892393,40.5287256031521],[-111.854620236927,40.5287247408416],[-111.854621130907,40.528723708786],[-111.854622474551,40.52872267537],[-111.854623819376,40.5287216419504],[-111.85462516184,40.5287206085379],[-111.854626056713,40.5287197484883],[-111.854627400357,40.5287187150723],[-111.854628744002,40.5287176816562],[-111.854630087646,40.5287166482401],[-111.854630982806,40.5287156161808],[-111.854632325269,40.5287145827682],[-111.854633668913,40.5287135493521],[-111.854634563782,40.5287126884019],[-111.854635908606,40.5287116549822],[-111.85463725225,40.528710621566],[-111.854638594713,40.5287095881533],[-111.854639488693,40.5287085560975],[-111.854640833517,40.5287075226777],[-111.854642177161,40.5287064892615],[-111.85464306996,40.5287054572093],[-111.854644414784,40.5287044237894],[-111.854645759321,40.5287035623792],[-111.85464665212,40.528702530327],[-111.854647996944,40.5287014969071],[-111.854649340587,40.5287004634907],[-111.854650233386,40.5286994314384],[-111.85465157821,40.5286983980185],[-111.854652921853,40.5286973646021],[-111.854654264316,40.5286963311893],[-111.854655158295,40.5286952991334],[-111.854656503119,40.5286942657134],[-111.854657846762,40.528693232297],[-111.854658740741,40.528692200241],[-111.854660084384,40.5286911668246],[-111.854661426847,40.5286901334117],[-111.854662320826,40.5286891013557],[-111.854663665649,40.5286880679356],[-111.854664558443,40.5286870349827],[-111.854665903266,40.5286860015626],[-111.854667246914,40.5286849690466],[-111.854668140888,40.52868393609],[-111.854669484531,40.5286829026734],[-111.854670828178,40.5286818701574],[-111.854671722152,40.5286808372008],[-111.854673065795,40.5286798037842],[-111.854674409442,40.5286787712681],[-111.854675303416,40.5286777383115],[-111.854676647059,40.5286767048949],[-111.854677541042,40.5286756737393],[-111.85467888468,40.5286746394221],[-111.854680228322,40.5286736060054],[-111.854681122305,40.5286725748498],[-111.854682465943,40.5286715405325],[-111.85468380959,40.5286705080164],[-111.854684703568,40.5286694759602],[-111.854686047206,40.5286684416429],[-111.854686941189,40.5286674104873],[-111.854688283937,40.5286662050644],[-111.854689627579,40.5286651716475],[-111.854690521558,40.5286641395914],[-111.8546918652,40.5286631061745],[-111.854692759178,40.5286620741183],[-111.85469410282,40.5286610407015],[-111.854694996798,40.5286600086452],[-111.85469634044,40.5286589752283],[-111.854697684082,40.5286579418114],[-111.85469857717,40.5286567386496],[-111.854699920812,40.5286557052327],[-111.854700814785,40.5286546722759],[-111.854702158427,40.5286536388589],[-111.85470305241,40.5286526077031],[-111.854704396047,40.5286515733856],[-111.854705739688,40.5286505399686],[-111.854706632777,40.5286493368067],[-111.854707976418,40.5286483033897],[-111.854708870396,40.5286472713334],[-111.854710214037,40.5286462379163],[-111.854711108015,40.52864520586],[-111.854712451657,40.5286441724429],[-111.85471334474,40.5286429683804],[-111.854714688381,40.5286419349633],[-111.854715582359,40.5286409029069],[-111.854716926,40.5286398694897],[-111.854717819978,40.5286388374333],[-111.854719162729,40.5286376329106],[-111.854720056707,40.5286366008542],[-111.854721400348,40.528635567437],[-111.854722743989,40.5286345340198],[-111.854723637072,40.5286333299572],[-111.854724980713,40.52863229654],[-111.854725874695,40.5286312653841],[-111.854727218331,40.5286302310663],[-111.854728111419,40.5286290279042],[-111.85472945506,40.5286279944869],[-111.854730349037,40.5286269624304],[-111.854731692678,40.5286259290131],[-111.854732585761,40.5286247249505],[-111.854733479738,40.5286236928939],[-111.854734823379,40.5286226594766],[-111.854735717356,40.52862162742],[-111.854737060107,40.5286204228971],[-111.854737954084,40.5286193908405],[-111.854739297724,40.5286183574231],[-111.854740190807,40.5286171533604],[-111.854741534447,40.528616119943],[-111.854742428424,40.5286150878864],[-111.854743772065,40.5286140544689],[-111.854744665152,40.5286128513067],[-111.854746008792,40.5286118178893],[-111.854746902769,40.5286107858326],[-111.854748245515,40.528609580409],[-111.854749139492,40.5286085483523],[-111.854750033468,40.5286075162956],[-111.854751376219,40.5286063117725],[-111.854752270195,40.5286052797158],[-111.854753613831,40.5286042453977],[-111.854754506918,40.5286030422355],[-111.854755850557,40.5286020088179],[-111.854756744825,40.528600805652],[-111.854757637621,40.5285997735988],[-111.854758981261,40.5285987401812],[-111.854759874343,40.5285975361184],[-111.854761217983,40.5285965027007],[-111.854762111959,40.5285954706439],[-111.854763005041,40.528594266581],[-111.854764348685,40.5285932340639],[-111.854765241767,40.528592030001],[-111.854766585407,40.5285909965832],[-111.854767479383,40.5285899645264],[-111.854768372465,40.5285887604635],[-111.854769716109,40.5285877279463],[-111.854770609191,40.5285865238833],[-111.85477195283,40.5285854904656],[-111.854772845917,40.5285842873031],[-111.854773739893,40.5285832552462],[-111.854775083532,40.5285822218285],[-111.854775976613,40.5285810177655],[-111.854776870589,40.5285799857085],[-111.854778213339,40.5285787811852],[-111.854779107315,40.5285777491283],[-111.85478045124,40.5285765437007],[-111.854781345215,40.5285755116437],[-111.854782238297,40.5285743075807],[-111.854783581941,40.5285732750633],[-111.854784475022,40.5285720710003],[-111.854785368998,40.5285710389433],[-111.854786712636,40.5285700055253],[-111.854787605718,40.5285688014622],[-111.854788499698,40.5285677703058],[-111.854789842443,40.5285665648817],[-111.854790736418,40.5285655328247],[-111.854791629499,40.5285643287616],[-111.854792971958,40.5285632953471],[-111.854793866224,40.5285620921809],[-111.854794759305,40.5285608881178],[-111.854796102943,40.5285598546997],[-111.854796994849,40.5285586515406],[-111.854797890004,40.52855761948],[-111.854799232748,40.5285564140558],[-111.854800125543,40.5285553820023],[-111.854801018629,40.5285541788396],[-111.854801913784,40.528553146779],[-111.854803256533,40.5285519422552],[-111.854804150503,40.5285509092976],[-111.854805042408,40.5285497061385],[-111.854806387227,40.5285486727167],[-111.854807280307,40.5285474686535],[-111.854808173393,40.5285462654907],[-111.854809066188,40.5285452334372],[-111.854810410116,40.5285440289098],[-111.854811304086,40.5285429959521],[-111.854812197172,40.5285417927893],[-111.854813539915,40.528540587365],[-111.85481443389,40.5285395553077],[-111.854815326975,40.5285383521449],[-111.85481622095,40.5285373200878],[-111.854817563693,40.5285361146633],[-111.854818456778,40.5285349115005],[-111.854819350753,40.5285338794433],[-111.854820243833,40.5285326753799],[-111.854821587471,40.5285316419615],[-111.854822480555,40.5285304387987],[-111.854823373636,40.5285292347354],[-111.85482426761,40.5285282026781],[-111.854825610358,40.5285269981541],[-111.854826503438,40.5285257940907],[-111.854827397412,40.5285247620333],[-111.854828290497,40.5285235588705],[-111.854829183577,40.5285223548071],[-111.854830527214,40.5285213213886],[-111.854831420299,40.5285201182257],[-111.854832313379,40.5285189141622],[-111.854833207353,40.5285178821049],[-111.854834100438,40.5285166789419],[-111.85483544318,40.5285154735173],[-111.854836337154,40.5285144414599],[-111.854837230239,40.528513238297],[-111.854838123319,40.5285120342335],[-111.854839017293,40.5285110021761],[-111.85484036004,40.5285097976519],[-111.854841253119,40.5285085935884],[-111.854842146204,40.5285073904254],[-111.854843040178,40.5285063583679],[-111.854843933257,40.5285051543044],[-111.854844826341,40.5285039511414],[-111.854846169978,40.5285029177227],[-111.854847063057,40.5285017136591],[-111.854847956141,40.5285005104961],[-111.854848849221,40.5284993064325],[-111.854849743194,40.528498274375],[-111.854850636278,40.528497071212],[-111.85485197902,40.5284958657872],[-111.854852872104,40.5284946626241],[-111.854853766078,40.5284936305665],[-111.854854659157,40.5284924265029],[-111.854855552241,40.5284912233398],[-111.85485644532,40.5284900192762],[-111.854857339293,40.5284889872186],[-111.854858682035,40.5284877817937],[-111.854859575119,40.5284865786305],[-111.854860468198,40.5284853745669],[-111.854861361282,40.5284841714037],[-111.854862255255,40.5284831393461],[-111.854863148338,40.528481936183],[-111.854864041417,40.5284807321192],[-111.854864934501,40.528479528956],[-111.85486582758,40.5284783248923],[-111.854867171215,40.5284772914734],[-111.854868064294,40.5284760874097],[-111.854868957377,40.5284748842465],[-111.854869850456,40.5284736801827],[-111.854870743539,40.5284724770194],[-111.854871637512,40.5284714449618],[-111.854872530591,40.528470240898],[-111.854873423674,40.5284690377348],[-111.854874316753,40.528467833671],[-111.854875209836,40.5284666305077],[-111.854876102914,40.5284654264439],[-111.854876996892,40.5284643952867],[-111.85487788997,40.5284631912229],[-111.854879232711,40.5284619857977],[-111.854880125794,40.5284607826344],[-111.854881018872,40.5284595785706],[-111.854881911955,40.5284583754072],[-111.854882805034,40.5284571713434],[-111.854883698117,40.5284559681801],[-111.854884592089,40.5284549361223],[-111.854885485167,40.5284537320584],[-111.85488637825,40.528452528895],[-111.854887271328,40.5284513248311],[-111.854888164411,40.5284501216678],[-111.854889057489,40.5284489176038],[-111.854889950572,40.5284477144404],[-111.85489084483,40.5284465103729],[-111.854891737912,40.5284453072095],[-111.85489262981,40.5284441031492],[-111.854893523782,40.5284430710913],[-111.854894416865,40.5284418679279],[-111.854895309943,40.5284406638639],[-111.854896203025,40.5284394607005],[-111.854897096103,40.5284382566365],[-111.854897988295,40.5284368823675],[-111.854898882553,40.5284356782999],[-111.854899774451,40.5284344742395],[-111.854901117195,40.5284332697146],[-111.854902011167,40.5284322376567],[-111.854902905425,40.5284310335891],[-111.854903797327,40.5284298304291],[-111.854904691299,40.5284287983712],[-111.854906034039,40.5284275929457],[-111.85490692801,40.5284265608878],[-111.854908270755,40.5284253563628],[-111.854909164727,40.5284243243048],[-111.854910508361,40.5284232908854],[-111.854911402332,40.5284222588274],[-111.854912747146,40.5284212254044],[-111.854913641118,40.5284201933464],[-111.854914984752,40.5284191599269],[-111.854916327206,40.5284181265109],[-111.85491767202,40.5284170930879],[-111.854919016543,40.5284162307739],[-111.854919910515,40.5284151987159],[-111.854921255043,40.5284143373025],[-111.854922598676,40.5284133038829],[-111.8549239432,40.5284124415688],[-111.854925287728,40.5284115801553],[-111.854926632251,40.5284107178413],[-111.854927975885,40.5284096844217],[-111.854929770075,40.5284088216466],[-111.854931115493,40.5284081313386],[-111.854932460016,40.5284072690245],[-111.854933804544,40.528406407611],[-111.854935149067,40.5284055452968],[-111.854936944146,40.5284048536272],[-111.854938289564,40.5284041633191],[-111.854939634092,40.5284033019055],[-111.854941429171,40.5284026102358],[-111.854942774584,40.5284019190271],[-111.854944569668,40.5284012282579],[-111.854945915081,40.5284005370493],[-111.854947710165,40.5283998462801],[-111.854949055583,40.5283991559719],[-111.854950851552,40.5283986354076],[-111.854952196969,40.5283979450994],[-111.854953992939,40.5283974245352],[-111.854955788018,40.5283967328652],[-111.85495713433,40.5283962145631],[-111.854958930304,40.5283956948993],[-111.854960726273,40.5283951743349],[-111.854962072585,40.5283946560326],[-111.854963868554,40.5283941354682],[-111.854965665417,40.5283937869099],[-111.854967461386,40.5283932663454],[-111.854969258255,40.5283929186875],[-111.854970604562,40.5283923994846],[-111.854972401425,40.5283920509262],[-111.854974198289,40.5283917023677],[-111.854975995152,40.5283913538092],[-111.854977792016,40.5283910052507],[-111.854979588879,40.5283906566921],[-111.854981385743,40.5283903081336],[-111.854982733839,40.5283901329428],[-111.854984530702,40.5283897843841],[-111.854986328456,40.5283896069311],[-111.854988126214,40.5283894303785],[-111.854989923077,40.5283890818198],[-111.854991720831,40.5283889043666],[-111.854993518589,40.5283887278139],[-111.854995317237,40.5283887223668],[-111.85499711499,40.5283885449136],[-111.854998912748,40.5283883683609],[-111.855000711396,40.5283883629137],[-111.855002510044,40.5283883574664],[-111.855004307798,40.5283881800131],[-111.855006106446,40.5283881745658],[-111.855007905094,40.5283881691185],[-111.855009703742,40.5283881636712],[-111.855011503284,40.52838833023],[-111.855013301932,40.5283883247825],[-111.85501510058,40.5283883193352],[-111.855016900118,40.5283884849933],[-111.855018699661,40.5283886515519],[-111.855020498309,40.5283886461044],[-111.855022297847,40.5283888117625],[-111.85502409739,40.5283889783211],[-111.855025897823,40.5283893159852],[-111.855027697361,40.5283894816432],[-111.855029496904,40.5283896482016],[-111.855031297337,40.5283899858657],[-111.855033096875,40.5283901515236],[-111.855034897308,40.5283904891875],[-111.855036697741,40.5283908268515],[-111.855038048512,40.5283911658774],[-111.855039848945,40.5283915035413],[-111.855041649378,40.5283918412051],[-111.855043449811,40.528392178869],[-111.855045250244,40.5283925165328],[-111.855047051572,40.5283930262027],[-111.855048852895,40.528393534972],[-111.855050653328,40.5283938726358],[-111.855052004994,40.5283943836676],[-111.855053806317,40.5283948924369],[-111.85505560675,40.5283952301005],[-111.855057408079,40.5283957397703],[-111.85505875974,40.5283962499015],[-111.855060560173,40.5283965875651],[-111.855062361501,40.5283970972348],[-111.855064161934,40.5283974348983],[-111.855065963258,40.5283979436674],[-111.855067314924,40.528398454699],[-111.855069115357,40.5283987923625],[-111.855070916681,40.5283993011315],[-111.855072717119,40.5283996396954],[-111.855074518442,40.5284001484644],[-111.855075870104,40.5284006585953],[-111.855077670537,40.5284009962587],[-111.855079471866,40.5284015059281],[-111.855081272299,40.5284018435914],[-111.855082623961,40.5284023537223],[-111.855084425289,40.5284028633916],[-111.855086225723,40.5284032010548],[-111.855088027051,40.5284037107241],[-111.855089827485,40.5284040483873],[-111.855091179146,40.5284045585181],[-111.85509297958,40.5284048961812],[-111.855094780904,40.5284054049498],[-111.855096581342,40.5284057435134],[-111.855098382666,40.5284062522819],[-111.855099734333,40.5284067633132],[-111.855101534766,40.5284071009762],[-111.85510333609,40.5284076097447],[-111.855105136524,40.5284079474075],[-111.855106937853,40.5284084570765],[-111.855108288625,40.5284087961016],[-111.855110089949,40.52840930487],[-111.855111890382,40.5284096425328],[-111.855113691711,40.5284101522017],[-111.855115492145,40.5284104898644],[-111.855116843807,40.5284109999949],[-111.855118644241,40.5284113376576],[-111.85512044557,40.5284118473264],[-111.855122246004,40.528412184989],[-111.855124047328,40.5284126937572],[-111.8551253981,40.5284130327821],[-111.855127199429,40.5284135424508],[-111.855128999863,40.5284138801133],[-111.855130801187,40.5284143888814],[-111.855132601621,40.5284147265438],[-111.855133953288,40.5284152375747],[-111.855135753723,40.5284155752371],[-111.855137555047,40.5284160840051],[-111.855139355481,40.5284164216675],[-111.855141155915,40.5284167593298],[-111.855142507582,40.5284172703606],[-111.855144308017,40.5284176080229],[-111.855146109341,40.5284181167908],[-111.855147909775,40.528418454453],[-111.855149711105,40.5284189641213],[-111.855151061877,40.5284193031459],[-111.855152864382,40.52841981191],[-111.855154663636,40.5284201495757],[-111.85515646407,40.5284204872379],[-111.8551582654,40.5284209969061],[-111.855159616172,40.5284213359305],[-111.855161418681,40.5284218455951],[-111.855163217936,40.5284221832607],[-111.855165019546,40.5284225200185],[-111.855166819695,40.5284230296902],[-111.85516862131,40.5284233673485],[-111.855169971792,40.528423877482],[-111.855171772227,40.5284242151439],[-111.855173572666,40.5284245537063],[-111.855175373991,40.5284250624736],[-111.855177174425,40.5284254001355],[-111.855178526088,40.5284259102653],[-111.855180326523,40.528426247927],[-111.855182126957,40.5284265855887],[-111.855183929467,40.528427095253],[-111.855185728722,40.5284274329182],[-111.855187529156,40.5284277705798],[-111.855188882004,40.5284282816065],[-111.855190681254,40.5284286183711],[-111.855192481689,40.5284289560326],[-111.855194284199,40.5284294656967],[-111.855196084634,40.5284298033582],[-111.855197885069,40.5284301410197],[-111.855199236736,40.5284306520498],[-111.855201937386,40.5284311580916],[-111.855203736641,40.5284314957566],[-111.855205088309,40.5284320067866],[-111.855206889924,40.5284323444444],[-111.855208689174,40.5284326812087],[-111.855210491684,40.5284331908726],[-111.855212290939,40.5284335285374],[-111.855214092554,40.528433866195],[-111.855215444222,40.528434377225],[-111.855217243477,40.5284347148897],[-111.855219045092,40.5284350525473],[-111.855220844347,40.5284353902119],[-111.855222646853,40.528435898975],[-111.855224446108,40.5284362366397],[-111.855225798061,40.5284365756598],[-111.855227598211,40.5284370853305],[-111.855229399826,40.528437422988],[-111.855231200261,40.5284377606489],[-111.855233000696,40.5284380983098],[-111.855234800842,40.5284386070798],[-111.855236152795,40.5284389460999],[-111.85523795323,40.5284392837607],[-111.855239752485,40.5284396214251],[-111.855241554996,40.5284401310884],[-111.855243355431,40.5284404687492],[-111.855245155867,40.52844080641],[-111.85524650664,40.5284411454334],[-111.855248307966,40.5284416541997],[-111.855250108401,40.5284419918604],[-111.855251908836,40.528442329521],[-111.855253709272,40.5284426671816],[-111.855255509707,40.5284430048422],[-111.855256861376,40.5284435158717],[-111.855258661811,40.5284438535322],[-111.855260462247,40.5284441911927],[-111.855262262682,40.5284445288532],[-111.855264064008,40.5284450376192],[-111.855265864444,40.5284453752796],[-111.855267664884,40.5284457138405],[-111.855269015652,40.5284460519632],[-111.855270814913,40.5284463905277],[-111.855272616524,40.5284467272839],[-111.855274417855,40.5284472369503],[-111.85527621829,40.5284475746106],[-111.855278018726,40.5284479122708],[-111.855279819162,40.528448249931],[-111.855281169935,40.5284485889541],[-111.85528296919,40.5284489266178],[-111.855284771697,40.5284494353799],[-111.855286572133,40.5284497730401],[-111.855288372569,40.5284501107001],[-111.855290173004,40.5284504483602],[-111.855291523778,40.5284507873831],[-111.855293324218,40.5284511259437],[-111.855295124654,40.5284514636037],[-111.855296925981,40.5284519723691],[-111.855298726417,40.5284523100291],[-111.855300526853,40.528452647689],[-111.855302327288,40.5284529853488],[-111.855303678062,40.5284533243716],[-111.855305478498,40.5284536620315],[-111.855307278934,40.5284539996912],[-111.85530907937,40.528454337351],[-111.855310879806,40.5284546750107],[-111.855312681133,40.528455183776],[-111.855314481573,40.5284555223362],[-111.855315832342,40.5284558604583],[-111.855317632783,40.5284561990185],[-111.855319433214,40.5284565357775],[-111.855321233655,40.5284568743377],[-111.855323034091,40.5284572119973],[-111.855324834523,40.5284575487562],[-111.855326634964,40.5284578873162],[-111.855328435395,40.5284582240751],[-111.855329786174,40.5284585639982],[-111.855331586605,40.5284589007571],[-111.855333387046,40.528459239317],[-111.855335188373,40.5284597480819],[-111.855336988809,40.5284600857413],[-111.855338789246,40.5284604234005],[-111.855340589682,40.5284607610598],[-111.855341940456,40.5284611000822],[-111.855343740892,40.5284614377414],[-111.855345541329,40.5284617754006],[-111.855347341765,40.5284621130598],[-111.855349142201,40.5284624507189],[-111.855350942638,40.528462788378],[-111.855352743074,40.5284631260371],[-111.855354543511,40.5284634636962],[-111.855355894285,40.5284638027184],[-111.855357694721,40.5284641403774],[-111.855359495158,40.5284644780363],[-111.855361295594,40.5284648156954],[-111.855363096031,40.5284651533543],[-111.855364896467,40.5284654910131],[-111.855366696904,40.528465828672],[-111.85536849734,40.5284661663309],[-111.855369848114,40.5284665053529],[-111.855371648551,40.5284668430117],[-111.855373448988,40.5284671806705],[-111.855375249424,40.5284675183292],[-111.855377049861,40.5284678559879],[-111.855378850298,40.5284681936466],[-111.855380650734,40.5284685313053],[-111.85538245028,40.5284686978583],[-111.855383801054,40.5284690368802],[-111.855385601491,40.5284693745388],[-111.855387401928,40.5284697121974],[-111.855389202365,40.5284700498559],[-111.855391002801,40.5284703875144],[-111.855392803238,40.5284707251729],[-111.855394603675,40.5284710628313],[-111.855396404112,40.5284714004897],[-111.855397754886,40.5284717395114],[-111.855399555323,40.5284720771698],[-111.85540135576,40.5284724148281],[-111.855403156197,40.5284727524864],[-111.855404955743,40.5284729190392],[-111.855406756175,40.5284732557969],[-111.855408556612,40.5284735934551],[-111.855410357049,40.5284739311133],[-111.855412157491,40.528474269672],[-111.855413508266,40.5284746086935],[-111.855415308698,40.5284749454511],[-111.85541710914,40.5284752840098],[-111.855418909572,40.5284756207673],[-111.855420709118,40.5284757873198],[-111.855422509555,40.5284761249778],[-111.855424309992,40.5284764626358],[-111.855426110429,40.5284768002938],[-111.855427910867,40.5284771379517],[-111.855429261641,40.528477476973],[-111.855431062078,40.5284778146309],[-111.855432861625,40.5284779811832],[-111.855434662062,40.528478318841],[-111.855436462499,40.5284786564988],[-111.855438262932,40.528478993256],[-111.855440063369,40.5284793309138],[-111.855441863806,40.5284796685715],[-111.855443663352,40.5284798351236],[-111.85544546379,40.5284801727813],[-111.855446814565,40.5284805118024],[-111.855448615002,40.52848084946],[-111.855450415439,40.5284811871177],[-111.855452215877,40.5284815247752],[-111.855454015418,40.5284816904266],[-111.855455815856,40.5284820280841],[-111.855457616293,40.5284823657416],[-111.855459416735,40.5284827042996],[-111.855461216277,40.5284828699509],[-111.855462567052,40.5284832089719],[-111.855464367489,40.5284835466292],[-111.855466167927,40.5284838842866],[-111.855467968364,40.5284842219439],[-111.855469767911,40.5284843884956],[-111.855471568344,40.5284847252523],[-111.855473368786,40.5284850638101],[-111.855475169219,40.5284854005668],[-111.855476968765,40.5284855671184],[-111.855478769203,40.5284859047756],[-111.855480569641,40.5284862424327],[-111.855481920416,40.5284865814534],[-111.855483719962,40.5284867480049],[-111.8554855204,40.528487085662],[-111.855487320838,40.528487423319],[-111.855489121276,40.528487760976],[-111.855490920817,40.5284879266268],[-111.855492721255,40.5284882642837],[-111.855494521693,40.5284886019407],[-111.85549632124,40.528488768492],[-111.855498121677,40.5284891061488],[-111.855499473633,40.5284894451658],[-111.85550127289,40.5284897828262],[-111.855503072432,40.5284899484768],[-111.85550487287,40.5284902861336],[-111.855506673308,40.5284906237903],[-111.855508472855,40.5284907903414],[-111.855510273293,40.5284911279981],[-111.855512073731,40.5284914656547],[-111.855513873273,40.5284916313052],[-111.855515673711,40.5284919689618],[-111.855517475329,40.5284923066148],[-111.855518824033,40.5284924745331],[-111.855520625651,40.528492812186],[-111.855522426089,40.5284931498425],[-111.855524224451,40.5284933154964],[-111.855526024889,40.5284936531529],[-111.855527826507,40.5284939908057],[-111.855529626054,40.5284941573565],[-111.855531426492,40.5284944950129],[-111.85553322575,40.5284948326727],[-111.855535026473,40.5284949983193],[-111.855536825735,40.5284953368797],[-111.855538626458,40.5284955025262],[-111.855539976053,40.5284958415499],[-111.855541777671,40.5284961792025],[-111.855543576033,40.5284963448561],[-111.855545376472,40.5284966825122],[-111.855547176019,40.5284968490628],[-111.855548976457,40.5284971867188],[-111.855550776895,40.5284975243749],[-111.855552576442,40.5284976909253],[-111.855554376876,40.5284980276808],[-111.855556176423,40.5284981942312],[-111.855557976861,40.5284985318871],[-111.8555597773,40.528498869543],[-111.855561578027,40.5284990360897],[-111.855562927622,40.5284993751131],[-111.855564728345,40.5284995407592],[-111.855566528783,40.528499878415],[-111.85556832715,40.5285000449688],[-111.855570127584,40.528500381724],[-111.855571929207,40.5285007202767],[-111.85557372875,40.5285008859263],[-111.855575529188,40.528501223582],[-111.855577327555,40.5285013901356],[-111.855579129174,40.5285017277877],[-111.855580928716,40.5285018934371],[-111.855582727975,40.5285022310963],[-111.855584528702,40.5285023976426],[-111.855585879478,40.5285027366622],[-111.85558767902,40.5285029023115],[-111.855589479459,40.528503239967],[-111.855591279006,40.5285034065168],[-111.855593079445,40.5285037441722],[-111.855594878988,40.5285039098215],[-111.855596679426,40.5285042474768],[-111.855598477793,40.5285044140301],[-111.855600279412,40.5285047516819],[-111.855602077775,40.5285049173346],[-111.855603879394,40.5285052549862],[-111.855605678941,40.5285054215358],[-111.85560747938,40.528505759191],[-111.855609277742,40.5285059248436],[-111.855610629698,40.5285062638593],[-111.855612428065,40.5285064304124],[-111.855614229685,40.5285067680639],[-111.855616029227,40.5285069337128],[-111.855617829666,40.5285072713678],[-111.855619629213,40.5285074379173],[-111.855621429652,40.5285077755723],[-111.855623229195,40.5285079412211],[-111.855625028742,40.5285081077704],[-111.855626829181,40.5285084454252],[-111.855628628724,40.528508611074],[-111.855630429163,40.5285089487288],[-111.855632228711,40.528509115278],[-111.85563402915,40.5285094529328],[-111.855635828697,40.528509619482],[-111.855637178577,40.5285097864948],[-111.855638979016,40.5285101241495],[-111.855640778564,40.5285102906986],[-111.855642578998,40.5285106274527],[-111.855644378546,40.5285107940017],[-111.855646178985,40.5285111316563],[-111.855647978528,40.5285112973048],[-111.855649778075,40.5285114638537],[-111.855651578514,40.5285118015082],[-111.855653378057,40.5285119671565],[-111.855655177605,40.5285121337054],[-111.855656978044,40.5285124713598],[-111.855658777592,40.5285126379087],[-111.855660578031,40.528512975563],[-111.855662377574,40.5285131412112],[-111.855664177121,40.52851330776],[-111.855665977556,40.5285136445137],[-111.855667327441,40.5285138124267],[-111.855669126984,40.5285139780748],[-111.855670927423,40.528514315729],[-111.855672726971,40.5285144822776],[-111.855674526514,40.5285146479257],[-111.855676326953,40.5285149855798],[-111.855678126501,40.5285151521283],[-111.855679926044,40.5285153177762],[-111.855681726488,40.5285156563308],[-111.855683526031,40.5285158219787],[-111.855685325579,40.5285159885271],[-111.855687126018,40.5285163261811],[-111.855688925562,40.5285164918289],[-111.855690725105,40.5285166574767],[-111.855692525549,40.5285169960311],[-111.855694325092,40.5285171616788],[-111.855696124635,40.5285173273265],[-111.855697924183,40.5285174938747],[-111.85569927496,40.5285178328929],[-111.855701074507,40.5285179994411],[-111.855703338768,40.5285183347868],[-111.855712767525,40.528518306175],[-111.855838678494,40.5285189542739],[-111.856408947845,40.5285210815955],[-111.856411296727,40.5285211221839],[-111.856412551552,40.5285211669993],[-111.856413804106,40.5285212289325],[-111.856415055569,40.5285213079798],[-111.856416304756,40.5285214032443],[-111.856417552853,40.5285215156229],[-111.856418796313,40.5285216442258],[-111.856420037502,40.5285217899464],[-111.856421275236,40.5285219518878],[-111.856422509513,40.5285221300499],[-111.856423739149,40.5285223235358],[-111.856424964159,40.5285225350472],[-111.856426183352,40.5285227627865],[-111.856427397904,40.5285230058496],[-111.85642860664,40.5285232651406],[-111.856429809559,40.5285235406596],[-111.856431005482,40.5285238324101],[-111.856432194408,40.5285241403921],[-111.856433377513,40.5285244637014],[-111.856434551256,40.5285248023489],[-111.856435718003,40.5285251572279],[-111.856436876568,40.5285255274416],[-111.85643697233,40.5285255586703],[-111.856707350594,40.528513420547],[-111.856708410782,40.5285071619627],[-111.857956283536,40.5285127455067],[-111.857956281311,40.5285192971595],[-111.857956279786,40.528528007476],[-111.8579566079,40.5285280091758],[-111.85799441176,40.5285281783078],[-111.858104283423,40.5285279372646],[-111.858214134428,40.528526233656],[-111.858334166822,40.5285226355419],[-111.858433635161,40.5285184382682],[-111.858543218801,40.5285123502938],[-111.858652644864,40.5285048028751],[-111.858761883854,40.5284957997051],[-111.858831088672,40.5284891614108],[-111.858870899189,40.5284853426976],[-111.858979657834,40.5284734355564],[-111.859088129115,40.5284600819785],[-111.859196277638,40.5284452856754],[-111.859304070375,40.5284290512521],[-111.859411476661,40.5284113842069],[-111.859518462283,40.5283922882479],[-111.859624994231,40.5283717715829],[-111.859731040658,40.5283498388135],[-111.859836569728,40.5283264972432],[-111.859918789962,40.5283071176112],[-111.859941548423,40.5283017532788],[-111.86004594492,40.5282756160252],[-111.860196223314,40.5282352554855],[-111.861717041677,40.5278102123455],[-111.861906217815,40.5277657661522],[-111.862680662012,40.5293520726996],[-111.862714798605,40.5294291702223],[-111.86274480497,40.5295223655902],[-111.862757982401,40.5296220466976],[-111.862741307547,40.5297152739398],[-111.862679022013,40.5297159736849],[-111.86267951408,40.5297532674536],[-111.862612127913,40.5297529463883],[-111.86106048923,40.5297507546947],[-111.859864430738,40.5297483834855],[-111.858778158194,40.5297461278998],[-111.857972303966,40.5297447056201],[-111.857971657233,40.5296904852077],[-111.857955997227,40.5296904159549],[-111.855629320216,40.5296800518929],[-111.85424428531,40.5296737675085],[-111.853355691151,40.5296697645348],[-111.85300446005,40.5296695502576],[-111.853005230298,40.5296683204621],[-111.853006001674,40.529667080757],[-111.853006776596,40.5296658419417],[-111.853007552703,40.5296646040234],[-111.853008331174,40.5296633669986],[-111.853009112007,40.5296621299667],[-111.853009894028,40.5296608947323],[-111.85301067841,40.5296596594908],[-111.853011465158,40.5296584251428],[-111.85301225309,40.5296571916917],[-111.853013044562,40.52965595823],[-111.853013837225,40.5296547265658],[-111.853014631067,40.529653494898],[-111.85301542728,40.5296522650243],[-111.853016225852,40.5296510351434],[-111.85301702679,40.529649806156],[-111.853017830093,40.529648578062],[-111.853018634576,40.5296473499645],[-111.853019441429,40.529646123661],[-111.853020249462,40.5296448973538],[-111.853021059865,40.5296436728407],[-111.853021872628,40.5296424483205],[-111.853022687757,40.5296412246937],[-111.85302350407,40.529640001964],[-111.853024322748,40.5296387801276],[-111.853025143787,40.5296375582842],[-111.853025966011,40.5296363373377],[-111.853026790604,40.5296351181852],[-111.853027617558,40.5296338990256],[-111.853028445697,40.529632680763],[-111.853029277381,40.5296314633903],[-111.85303010907,40.5296302469181],[-111.853030944304,40.5296290313359],[-111.853031780723,40.5296278166506],[-111.853032619502,40.5296266019582],[-111.853033460652,40.5296253890598],[-111.853034302981,40.5296241761578],[-111.85303514768,40.5296229650499],[-111.853035993559,40.5296217539384],[-111.853036842984,40.5296205437167],[-111.853037693593,40.5296193343921],[-111.853038545388,40.5296181259644],[-111.853039400723,40.5296169175261],[-111.853040257247,40.5296157108853],[-111.853041114957,40.5296145051415],[-111.853041976207,40.5296132993871],[-111.853042837466,40.5296120954337],[-111.853043702267,40.5296108914697],[-111.853044568252,40.5296096884027],[-111.853045436606,40.5296084871296],[-111.853046307321,40.5296072858495],[-111.853047179221,40.5296060854664],[-111.853048053487,40.5296048859766],[-111.853048930117,40.5296036873804],[-111.853049807932,40.5296024896811],[-111.853050688112,40.5296012928753],[-111.853051570657,40.5296000969628],[-111.853052454383,40.5295989010469],[-111.853053340478,40.5295977069249],[-111.853054228939,40.5295965136964],[-111.853055118579,40.5295953204643],[-111.853056010589,40.5295941290262],[-111.85305690378,40.5295929375845],[-111.85305779934,40.5295917479368],[-111.853058697261,40.529590558282],[-111.853059596367,40.5295893695242],[-111.853060497842,40.5295881825605],[-111.853061401678,40.5295869955895],[-111.853062306698,40.5295858095156],[-111.853063215264,40.5295846243316],[-111.853064123835,40.5295834400481],[-111.853065035951,40.5295822566545],[-111.853065949256,40.5295810750584],[-111.853066863742,40.5295798934588],[-111.853067781773,40.529578712749],[-111.853068699809,40.5295775329398],[-111.85306962139,40.5295763540205],[-111.853070544156,40.5295751759982],[-111.853071469286,40.5295739988694],[-111.853072395602,40.5295728226375],[-111.853073324283,40.529571647299],[-111.853074255329,40.529570472854],[-111.853075187555,40.5295692984054],[-111.853076122156,40.5295681266514],[-111.853077057932,40.5295669539933],[-111.853077997258,40.5295657831255],[-111.853078936589,40.5295646131584],[-111.853079879465,40.5295634440811],[-111.853080823526,40.5295622759008],[-111.853081768772,40.5295611086176],[-111.853082716383,40.5295599422277],[-111.853083666359,40.5295587767313],[-111.8530846187,40.5295576121283],[-111.853085572226,40.5295564484223],[-111.853086526937,40.5295552856133],[-111.853087485193,40.5295541236942],[-111.853088444634,40.5295529626721],[-111.85308940526,40.5295518025469],[-111.853090368251,40.5295506433152],[-111.853091333607,40.529549484977],[-111.853092300153,40.5295483284363],[-111.853093269059,40.5295471718885],[-111.85309424033,40.5295460162341],[-111.853095212786,40.5295448614767],[-111.853096187607,40.5295437076127],[-111.853097163618,40.5295425555463],[-111.853098141989,40.5295414034727],[-111.853099121545,40.5295402522962],[-111.853100103471,40.5295391029136],[-111.853101087761,40.5295379544245],[-111.853102073232,40.5295368059319],[-111.853103061073,40.5295356592332],[-111.853104050099,40.5295345134315],[-111.853105042665,40.5295333676191],[-111.853106035241,40.5295322236078],[-111.853107031362,40.5295310804865],[-111.853108027487,40.5295299382656],[-111.853109027158,40.5295287969346],[-111.853110026833,40.5295276565042],[-111.853111030054,40.5295265169637],[-111.85311203446,40.5295253783202],[-111.853113041231,40.52952424057],[-111.853114049191,40.5295231046175],[-111.853115059512,40.5295219686578],[-111.853116071017,40.5295208335951],[-111.853117084893,40.5295197003264],[-111.853118101128,40.5295185670506],[-111.853119118554,40.5295174355723],[-111.853120138344,40.5295163049874],[-111.853121159319,40.5295151752996],[-111.85312218266,40.5295140465052],[-111.853123207185,40.5295129186078],[-111.853124234075,40.5295117916038],[-111.85312526215,40.5295106654968],[-111.853126292595,40.5295095411838],[-111.853127325401,40.5295084168636],[-111.853128359391,40.5295072934405],[-111.853129394571,40.5295061718149],[-111.853130433296,40.5295050510792],[-111.853131473206,40.5295039312405],[-111.853132514301,40.5295028122988],[-111.85313355776,40.5295016942505],[-111.853134602405,40.5295005770992],[-111.853135649415,40.5294994608413],[-111.853136698795,40.5294983463774],[-111.853137749354,40.5294972319099],[-111.853138802284,40.5294961192365],[-111.853139856398,40.52949500746],[-111.853140911698,40.5294938965805],[-111.853141969362,40.5294927865945],[-111.853143029391,40.5294916775019],[-111.853144091786,40.5294905693027],[-111.853145154185,40.529489462004],[-111.853146220134,40.5294883564959],[-111.853147287268,40.5294872518847],[-111.853148355587,40.5294861481704],[-111.853149426271,40.5294850453496],[-111.85315049932,40.5294839434223],[-111.853151573554,40.529482842392],[-111.853152648973,40.5294817422586],[-111.853153726762,40.5294806439192],[-111.853154806911,40.5294795455727],[-111.853155888249,40.5294784490237],[-111.853156971953,40.5294773533682],[-111.853158056841,40.5294762586097],[-111.853159142914,40.5294751647481],[-111.853160231357,40.5294740726805],[-111.853161322161,40.5294729806059],[-111.853162414154,40.5294718903287],[-111.853163508512,40.529470800945],[-111.85316460406,40.5294697133589],[-111.853165701968,40.5294686257656],[-111.853166801061,40.5294675390693],[-111.853167902523,40.529466454167],[-111.853169005171,40.5294653701616],[-111.853170110183,40.5294642870498],[-111.853171216381,40.5294632048349],[-111.853172323763,40.529462123517],[-111.853173433511,40.5294610430925],[-111.853174545628,40.529459964462],[-111.85317565893,40.5294588867285],[-111.853176774597,40.5294578098884],[-111.853177891449,40.5294567339453],[-111.853179010671,40.5294556597963],[-111.853180131073,40.5294545856436],[-111.853181252664,40.5294535132885],[-111.853182377801,40.5294524418233],[-111.853183502943,40.5294513712585],[-111.853184630454,40.5294503024879],[-111.853185760325,40.52944923371],[-111.853186891386,40.5294481667297],[-111.853188023632,40.5294471006464],[-111.853189158244,40.5294460354566],[-111.853190295224,40.5294449720607],[-111.853191432205,40.5294439086648],[-111.853192572736,40.5294428470594],[-111.853193714452,40.5294417863509],[-111.853194857352,40.5294407265394],[-111.853196002622,40.5294396685219],[-111.853197149077,40.5294386114013]]],[[[-111.910339604315,40.530126183628],[-111.910203648495,40.5301260398707],[-111.909887915882,40.5301275171415],[-111.909841089173,40.530126598382],[-111.909781485745,40.5301246417818],[-111.909721576065,40.5301218045622],[-111.909675042615,40.5301196004964],[-111.909605115749,40.5301135714774],[-111.909547278403,40.5301081386847],[-111.909479122941,40.5300997159865],[-111.909365520506,40.5300838736579],[-111.909299659561,40.530071717178],[-111.909256149284,40.5300636855984],[-111.909196942876,40.5300513590346],[-111.909165234734,40.53004559889],[-111.909130071819,40.5300364682479],[-111.909099872435,40.5300295879122],[-111.909032838595,40.5300117518685],[-111.908998975528,40.5300028751155],[-111.908960602419,40.5299921823246],[-111.908924282976,40.5299812914359],[-111.908856258713,40.529959271989],[-111.908808491038,40.529942913098],[-111.908764113718,40.5299258687374],[-111.908731707242,40.5299150325875],[-111.908685339842,40.5298981527362],[-111.908600859984,40.5298624414841],[-111.908527178485,40.5298279227193],[-111.908485619193,40.5298097949506],[-111.908437230361,40.529785063657],[-111.908387409965,40.5297581723565],[-111.908332053899,40.5297280762713],[-111.908277042386,40.5296955906437],[-111.908209992835,40.5296553038331],[-111.908113588088,40.5295913495001],[-111.908109661156,40.5295913136404],[-111.907059765359,40.529594081607],[-111.90706169876,40.5295921260561],[-111.907061024246,40.5294790364119],[-111.907059749865,40.5292655693202],[-111.90747215936,40.5292645741493],[-111.907471618364,40.528996243455],[-111.907093839474,40.528625732421],[-111.907008031394,40.5285365009299],[-111.906928674448,40.5284438590268],[-111.90685600156,40.5283480769882],[-111.906790225643,40.5282494350656],[-111.906736658231,40.5281569304675],[-111.906689224935,40.5280624971483],[-111.906648043975,40.5279663697544],[-111.906613218272,40.5278687910897],[-111.906581404851,40.5277567910059],[-111.906489774506,40.5277567953976],[-111.906475347578,40.5269639490855],[-111.906473690091,40.5268729105527],[-111.906511728268,40.5268729092245],[-111.906906108324,40.5269316567607],[-111.907274805016,40.5269430905754],[-111.907647352764,40.5269509498746],[-111.908151008489,40.5269701391391],[-111.9086546539,40.5269838111697],[-111.909661902993,40.5269911183498],[-111.909661660909,40.5268727254097],[-111.91024442157,40.5268726838413],[-111.910333930256,40.5270015135641],[-111.91034802958,40.5278927905531],[-111.910339604315,40.530126183628]]],[[[-111.881657005549,40.5315673617653],[-111.881656141528,40.5306992835743],[-111.881658683012,40.5304536799109],[-111.881656592657,40.5297508501157],[-111.881783439069,40.5297505091015],[-111.881783451034,40.5297570787239],[-111.881913092021,40.5297568968744],[-111.88191324607,40.5298557141655],[-111.883386262247,40.5298542532128],[-111.883386242005,40.5298416155733],[-111.884154803342,40.5298408591211],[-111.884157108083,40.5302895220678],[-111.884162107552,40.5313880004719],[-111.884159877989,40.5313880005738],[-111.88416072383,40.5315562972159],[-111.881921477435,40.5315518805616],[-111.881786192265,40.5315516106942],[-111.881786216055,40.5315672562162],[-111.881657005549,40.5315673617653]]],[[[-111.870069580611,40.5331094134398],[-111.870070424408,40.5330399553079],[-111.870933806105,40.5330460503445],[-111.871128104071,40.5330474211393],[-111.871125659598,40.5334120466673],[-111.871123883934,40.5336771905152],[-111.871019306408,40.5336768578206],[-111.870044945835,40.5336679005288],[-111.869834793784,40.533434030419],[-111.869563377004,40.5331224565741],[-111.869691698447,40.5331191503367],[-111.8698644455,40.533114698766],[-111.870069580611,40.5331094134398]]],[[[-111.869903010089,40.5360392463898],[-111.86990537689,40.5357927733265],[-111.869909329023,40.5353810464199],[-111.869910060886,40.5351092941029],[-111.87097856324,40.535115216976],[-111.871062355343,40.5351156812471],[-111.871114221159,40.5351679922739],[-111.871105309244,40.5357989242078],[-111.871103368869,40.5358790439682],[-111.870976516552,40.535879523802],[-111.870930646252,40.535879276299],[-111.87073871105,40.5358782425984],[-111.870573135935,40.5360428765702],[-111.869903010089,40.5360392463898]]],[[[-111.870562074373,40.5406480805739],[-111.869367471183,40.5406433912188],[-111.86922207562,40.5406429621372],[-111.869222366785,40.5391921118641],[-111.869478115379,40.5391861630165],[-111.870467669164,40.5391904105036],[-111.87046794378,40.5388365769617],[-111.870467350432,40.5387622901792],[-111.871176389877,40.5387679517786],[-111.871113392355,40.5381550028956],[-111.871312803737,40.5381549838763],[-111.871816474347,40.5381551013509],[-111.871945288421,40.5381551313237],[-111.871944945981,40.5390088077468],[-111.871391586365,40.5390086771131],[-111.871205353773,40.5390086140066],[-111.871251271136,40.539350390381],[-111.871074572998,40.5393505292177],[-111.87035683396,40.5393457878289],[-111.870357370398,40.5395379310221],[-111.871099743928,40.5395403745438],[-111.871280577507,40.53953913469],[-111.871295604488,40.5396359169199],[-111.871451555326,40.5406403055236],[-111.871273873625,40.5406431818852],[-111.871273899222,40.5406433303975],[-111.871266337137,40.5406433039128],[-111.871021779309,40.5406424408645],[-111.870562074373,40.5406480805739]]],[[[-111.891504109594,40.5420285494873],[-111.891526781529,40.5416662172388],[-111.891577227511,40.5416662117691],[-111.891581775807,40.5414541239134],[-111.891535788341,40.5414536750196],[-111.891549131008,40.5406904315087],[-111.891564151112,40.5393557730325],[-111.8916429937,40.5393567326523],[-111.89164383521,40.5391452783768],[-111.89155835967,40.5391442481531],[-111.891559393407,40.5388845795274],[-111.891586206586,40.5388845791283],[-111.89158736208,40.5385938990173],[-111.891574652591,40.5385939009421],[-111.891590982139,40.5372205999185],[-111.891674295334,40.5371577014895],[-111.891677853534,40.5370350150851],[-111.891646908079,40.5370349329516],[-111.891649859957,40.536897705289],[-111.891594757449,40.5368553546126],[-111.891594389705,40.5366528351095],[-111.8916177899,40.5359420480168],[-111.891765688563,40.5339466042366],[-111.89183597302,40.5339497590776],[-111.89213377679,40.5351816515791],[-111.892429063376,40.5370369940493],[-111.892362068409,40.5370368184348],[-111.892571527175,40.5379311145453],[-111.892518404789,40.5379383627756],[-111.892600696971,40.5382897058998],[-111.892534862106,40.5383118650827],[-111.89254119229,40.5383388924457],[-111.892606521769,40.5383158785118],[-111.892730493738,40.5382990009045],[-111.892799519315,40.5385936957388],[-111.8927713429,40.5385937009829],[-111.892837466631,40.5388845564579],[-111.892865717561,40.538884556352],[-111.892884212752,40.538952080181],[-111.892803312803,40.538952087395],[-111.892852649669,40.5391600126574],[-111.892902983273,40.5393720654465],[-111.892890317592,40.5393719106679],[-111.892985592618,40.5401965894718],[-111.893045814078,40.5407108014939],[-111.893187882007,40.5416660320068],[-111.893196839373,40.5416660307851],[-111.893359017063,40.5427704874099],[-111.89343840139,40.5433089839492],[-111.892334740536,40.543298223678],[-111.891461950374,40.5432897236257],[-111.891457219735,40.543285949838],[-111.89147606043,40.5427705243928],[-111.891513196857,40.5420285479606],[-111.891504109594,40.5420285494873]]]]},"properties":{"zone_code":"CC","zone_description":"Community Commercial","zone_class_normalized":"Commercial","jurisdiction":"draper_ut","source_rest_url":"https://services2.arcgis.com/nAPVXppTJAHM40Se/arcgis/rest/services/Zoning_Public/FeatureServer/5","extraction_method":"arcgis_rest","confidence":"rest_api"}},{"type":"Feature","geometry":{"type":"MultiPolygon","coordinates":[[[[-111.905894242119,40.4733279828312],[-111.907458059913,40.4718127382286],[-111.904166560019,40.476467474135],[-111.904488933987,40.4757687330116],[-111.905101724929,40.4744298234492],[-111.905162372671,40.474304711703],[-111.905228701489,40.4741812931863],[-111.905300629691,40.4740597167699],[-111.905378068509,40.4739401313481],[-111.905460926805,40.4738226831213],[-111.905549100449,40.4737075147323],[-111.905595147757,40.4736508288151],[-111.905691093106,40.4735393420288],[-111.90579207514,40.473430480041],[-111.905894242119,40.4733279828312]]],[[[-111.904988392824,40.473915106518],[-111.905458781069,40.4734051776687],[-111.905354354358,40.4735238641254],[-111.905250165192,40.4736542258168],[-111.905208041071,40.4737069309233],[-111.905117557063,40.4738321162074],[-111.905032848611,40.473959636486],[-111.904916838677,40.4741549550874],[-111.904881163995,40.4742210592655],[-111.904814373506,40.4743546432388],[-111.904792980121,40.4744153962487],[-111.904783277514,40.4744220824416],[-111.904756985967,40.4744944997046],[-111.904573267573,40.4748844928967],[-111.904158029057,40.4758156000412],[-111.904165624719,40.4758209152293],[-111.904076276506,40.4760099069596],[-111.903902783832,40.4763038670321],[-111.903652352521,40.4767342512041],[-111.902777556125,40.4775957601958],[-111.90230931165,40.4785045587719],[-111.901242549475,40.4784976819002],[-111.901348794329,40.4784103318366],[-111.901540854394,40.4782623489693],[-111.90193850493,40.4779242432007],[-111.902205826972,40.4776865535148],[-111.902374904112,40.477535694212],[-111.902494508979,40.4774256725712],[-111.902545527201,40.4773759252159],[-111.902644113806,40.477274428577],[-111.902738000611,40.4771703669213],[-111.902827075153,40.4770638667292],[-111.90291122735,40.4769550571745],[-111.902990355396,40.4768440710042],[-111.903037965623,40.4767563374787],[-111.903043571112,40.4767481543473],[-111.903737429085,40.4757039275241],[-111.904366379132,40.4747429654414],[-111.904462112198,40.4746016042734],[-111.904663194081,40.4743228173559],[-111.904876893736,40.474049558395],[-111.904988392824,40.473915106518]]],[[[-111.887674992166,40.4902677193111],[-111.887681008675,40.4897434044453],[-111.886505327581,40.4897421395917],[-111.886493909853,40.4888722946146],[-111.890295162474,40.4872135793211],[-111.890289751336,40.4891931534414],[-111.89028956177,40.4892625603318],[-111.891245519353,40.4888647939441],[-111.891254289897,40.4879894879169],[-111.893684873294,40.4866721576404],[-111.893732934772,40.483841276437],[-111.893735009907,40.4837190139249],[-111.893937513154,40.4835318963383],[-111.894163858901,40.4833361425854],[-111.894565337983,40.4830570688882],[-111.894823030028,40.4828959816917],[-111.896102765494,40.4820935996812],[-111.896100774785,40.4822729961943],[-111.896079807078,40.4846687920204],[-111.895993512108,40.4852095688659],[-111.895957732183,40.4853126934623],[-111.895899462565,40.4854587178252],[-111.895829101241,40.4856105683739],[-111.89573464817,40.4857902779357],[-111.895646123028,40.4859468196248],[-111.895509395246,40.4861556048742],[-111.895410125623,40.4862890357776],[-111.89526715852,40.4864677504992],[-111.895139155304,40.4866128515294],[-111.894986957861,40.4867684501632],[-111.893791664162,40.4879379291094],[-111.892530541985,40.489172223752],[-111.892510796498,40.4891915696294],[-111.892400966826,40.4892987595191],[-111.892287189283,40.489413628297],[-111.892183275863,40.4895284639369],[-111.892077407198,40.4896463193783],[-111.89206255695,40.4896630470037],[-111.892053668115,40.489662907441],[-111.891237577906,40.4896575529381],[-111.891244408528,40.4889756155152],[-111.889397100814,40.4897436685148],[-111.88913336103,40.4897436307611],[-111.888863255956,40.4898560127805],[-111.887674200073,40.4903507269754],[-111.887674992166,40.4902677193111]]],[[[-111.891804689124,40.5040989564134],[-111.891800242728,40.5034840860078],[-111.892261787753,40.5034839584467],[-111.893058222337,40.5034837310433],[-111.894461874686,40.5034833297648],[-111.894720788454,40.5034832521812],[-111.895853813867,40.5034829044128],[-111.89585376928,40.5038355906162],[-111.896082375471,40.5038351810339],[-111.896259337206,40.5038350816521],[-111.896259537127,40.5040427213923],[-111.89626823539,40.5041434569617],[-111.896266423468,40.5042711617117],[-111.893285287063,40.5042834306315],[-111.891802043783,40.504289506303],[-111.891804689124,40.5040989564134]]],[[[-111.896974551203,40.503430532886],[-111.89708900522,40.5034297182016],[-111.897952041371,40.5034268056498],[-111.89795169595,40.5033665309891],[-111.897950746689,40.5032006329209],[-111.897948186748,40.5031773940355],[-111.897940839148,40.5031547567865],[-111.897928890097,40.5031332933098],[-111.897912641241,40.5031135447291],[-111.897892500154,40.5030960085801],[-111.897868977901,40.5030811262109],[-111.897842665399,40.5030692747577],[-111.897814226253,40.5030607527595],[-111.897162703626,40.50290982011],[-111.897051775722,40.5028818286658],[-111.897045505795,40.5028825550659],[-111.897051222932,40.5028654877072],[-111.897123571281,40.5027169736772],[-111.897172359881,40.5026278471789],[-111.8972598087,40.5025066541077],[-111.897388786271,40.5023328568102],[-111.897506828513,40.5021322339365],[-111.897564491625,40.501972993057],[-111.897609201553,40.5016968331682],[-111.897585400755,40.5006886847414],[-111.896993867121,40.5006856841138],[-111.8957482353,40.500679703313],[-111.895748779033,40.5007822650467],[-111.895749513153,40.5016011652514],[-111.893046515768,40.5015953110846],[-111.893046533152,40.5015946418948],[-111.893047490675,40.5007821788615],[-111.893046435226,40.5006746602469],[-111.893006699119,40.5006731013421],[-111.892893555113,40.5006639751556],[-111.892781726005,40.5006479838267],[-111.892671926173,40.5006252303329],[-111.892564856073,40.500595859128],[-111.892461198709,40.500560057954],[-111.892361616076,40.5005180542512],[-111.892266742091,40.5004701178831],[-111.892177846864,40.5004169839866],[-111.892094745124,40.500358642388],[-111.892017958064,40.5002954587927],[-111.891947968127,40.5002278314568],[-111.891885215424,40.5001561839944],[-111.891830094206,40.5000809671901],[-111.891782950479,40.5000026545036],[-111.891744080798,40.4999217375704],[-111.891713729896,40.4998387235082],[-111.891692087147,40.4997541358284],[-111.891836049268,40.4997552854335],[-111.891820408096,40.4937732097314],[-111.892192050897,40.4923604034368],[-111.89230567563,40.4920989626974],[-111.892402472004,40.4918992348591],[-111.892516457108,40.4917007623876],[-111.892673127768,40.4914549191988],[-111.8928043998,40.4912747540775],[-111.892971589242,40.4910656073015],[-111.893121806395,40.4908932484491],[-111.893302875363,40.4907076688099],[-111.895715677034,40.4883184804204],[-111.89641947635,40.4876655802422],[-111.896503062886,40.4875825164459],[-111.896651803991,40.4874547619844],[-111.896841871694,40.4873105802473],[-111.897023103931,40.4871885077943],[-111.897194347228,40.4870895374242],[-111.897372570409,40.4869929954173],[-111.89761411127,40.4868847746848],[-111.897900414508,40.4867762294039],[-111.899366249893,40.4862877032515],[-111.899637871276,40.4861815785794],[-111.899768775905,40.4861236493188],[-111.905550542554,40.4861532585657],[-111.905538112405,40.4897938511185],[-111.905797085416,40.4897928039613],[-111.905796170729,40.4899163836224],[-111.908573649036,40.4899218111465],[-111.908574720699,40.4897815403517],[-111.915086565986,40.4897548745025],[-111.915079472608,40.4965031231916],[-111.915081583879,40.4968112331712],[-111.9149155013,40.4968279752018],[-111.914368702124,40.4968800277706],[-111.914072849085,40.4969151896167],[-111.91375346347,40.4969821271404],[-111.913495189203,40.4970397477403],[-111.91323376698,40.4971037856186],[-111.912947882999,40.4971804623551],[-111.912682667434,40.4972574546441],[-111.912381902136,40.4973598319076],[-111.912117364797,40.4974577455632],[-111.911872833363,40.4975574290812],[-111.911679038609,40.4976386240739],[-111.911522654657,40.497714795384],[-111.91133894868,40.4977972935374],[-111.911109961331,40.4979164094793],[-111.910876137094,40.4980415281001],[-111.910633572144,40.4981859781648],[-111.910424965414,40.4983192243987],[-111.910210203609,40.4984613625383],[-111.909987866042,40.4986263124176],[-111.909763499181,40.498794951439],[-111.909558688581,40.498960415551],[-111.909346985092,40.4991237302681],[-111.909137869825,40.499284831827],[-111.90894015033,40.4994371530778],[-111.908712964272,40.4996144175262],[-111.908501370495,40.4997841253107],[-111.908289724842,40.4999449387329],[-111.908089549901,40.5001013827123],[-111.90788783588,40.5002523354448],[-111.907681038795,40.5003981847969],[-111.907481909474,40.5005515855016],[-111.907264063817,40.5007216405244],[-111.907205067334,40.5007670880847],[-111.906930532389,40.5007710074703],[-111.90549642416,40.500768047874],[-111.905478957055,40.5018883458513],[-111.905466444165,40.5021110208874],[-111.905375297419,40.5021844931501],[-111.905166965957,40.5023402694311],[-111.904948632095,40.5024926000532],[-111.904733451167,40.5026503588737],[-111.904512853364,40.5027990509284],[-111.904285176355,40.5029416565417],[-111.904169895566,40.5030141186976],[-111.904167187389,40.5030158211304],[-111.904054615702,40.5030865789329],[-111.903993748429,40.503117241938],[-111.903991521297,40.5029346577977],[-111.90399439931,40.5027437274731],[-111.90402518268,40.5007649934403],[-111.904024960885,40.5007649933045],[-111.900848037301,40.5007583362442],[-111.900854831715,40.5021364757185],[-111.900856402563,40.5024548724593],[-111.900856514001,40.5024774703486],[-111.899349928586,40.5040805801398],[-111.899302176555,40.5041313896934],[-111.899166886292,40.5042753625667],[-111.896965914409,40.5042682717716],[-111.896974551203,40.503430532886]]],[[[-111.891808223581,40.5162199720897],[-111.891806066257,40.5133786924892],[-111.891827059713,40.513377956775],[-111.891827035508,40.5133704505505],[-111.893472625307,40.5133734556468],[-111.896764695194,40.5133808443355],[-111.896741662364,40.5134594715161],[-111.896427383224,40.5143776542874],[-111.896253185042,40.5149177039175],[-111.896162415313,40.5152010843842],[-111.896076436297,40.5154491838016],[-111.89587138687,40.5160541477231],[-111.89582488879,40.5161971297883],[-111.895620714735,40.516197710217],[-111.894039245432,40.5162070050724],[-111.891808223581,40.5162199720897]]],[[[-111.896387793402,40.5167938768568],[-111.896544135075,40.5167550663121],[-111.896546320507,40.5173784768903],[-111.89614263086,40.5173820142627],[-111.896387793402,40.5167938768568]]],[[[-111.899498969502,40.5245862603907],[-111.899090702984,40.5244266944644],[-111.898984327029,40.5244322871375],[-111.898966233334,40.521336887296],[-111.894948459661,40.5213417095737],[-111.89503299154,40.5210862632716],[-111.895135189484,40.5211065203117],[-111.895921088622,40.5187973529224],[-111.896551290367,40.518796025667],[-111.901283822142,40.5187859525365],[-111.903977051914,40.5187801351957],[-111.904127224516,40.5224026471433],[-111.904310218151,40.522402221385],[-111.904390481766,40.5244525560765],[-111.902051557503,40.5244721402977],[-111.901900701884,40.5245381869554],[-111.900734585194,40.5245365257462],[-111.900289489583,40.5246451076453],[-111.899902952256,40.5246001150866],[-111.899498969502,40.5245862603907]]]]},"properties":{"zone_code":"M1","zone_description":"Light Manufacture","zone_class_normalized":"Industrial/Flex","jurisdiction":"draper_ut","source_rest_url":"https://services2.arcgis.com/nAPVXppTJAHM40Se/arcgis/rest/services/Zoning_Public/FeatureServer/5","extraction_method":"arcgis_rest","confidence":"rest_api"}},{"type":"Feature","geometry":{"type":"MultiPolygon","coordinates":[[[[-111.905387803952,40.5025401099936],[-111.905469727685,40.5024801657532],[-111.905456505112,40.5033281658948],[-111.905412698222,40.5061373051458],[-111.903939455515,40.5061390148284],[-111.900874485262,40.5061425183515],[-111.900575476306,40.506142870848],[-111.899300476762,40.5061441145292],[-111.89819925184,40.5061451781239],[-111.899693297076,40.5045339483333],[-111.899812362714,40.5045283349869],[-111.899944066675,40.5045207196223],[-111.900015892426,40.5045161633728],[-111.900163990315,40.5045047787039],[-111.900246761824,40.5044973003746],[-111.900311806422,40.5044914234406],[-111.900459293558,40.5044761004471],[-111.900604585336,40.5044590286422],[-111.900667613913,40.504450599855],[-111.900761636596,40.5044379818045],[-111.900866081836,40.5044239645451],[-111.90086607868,40.5044232260803],[-111.901011907858,40.5044004638675],[-111.901157194626,40.5043757625796],[-111.901301894183,40.5043491295767],[-111.901445962914,40.5043205731155],[-111.9015893572,40.5042901014529],[-111.901732032253,40.5042577237506],[-111.901873944467,40.5042234500672],[-111.902015052597,40.5041872904531],[-111.902155310689,40.5041492567764],[-111.90229467869,40.5041093608851],[-111.90243311418,40.5040676137348],[-111.902570572393,40.5040240280908],[-111.902707013292,40.5039786185032],[-111.902842395648,40.5039313977253],[-111.902976677067,40.5038823803156],[-111.903109816338,40.5038315817296],[-111.903241774605,40.503779016514],[-111.903372510664,40.5037247010249],[-111.903501984496,40.5036686525151],[-111.903630157262,40.5036108882334],[-111.903756990115,40.5035514236278],[-111.903881150554,40.5034899760102],[-111.903981589458,40.5034402671585],[-111.904050547314,40.5034042835549],[-111.904104466568,40.5033761471995],[-111.904199941655,40.5033244361745],[-111.904345728109,40.5032430448469],[-111.904409920192,40.5032056392461],[-111.904464039626,40.5031741032401],[-111.904580757159,40.5031035964023],[-111.904695844254,40.5030315451774],[-111.904820864776,40.5029503033149],[-111.904938117339,40.5028712684666],[-111.905069205343,40.5027793523941],[-111.905168118101,40.5027073854247],[-111.905282009744,40.5026215831718],[-111.905387803952,40.5025401099936]]],[[[-111.904196561075,40.5078613362658],[-111.90416232103,40.5077937929637],[-111.904139506033,40.5077440237012],[-111.904110397267,40.5076730702034],[-111.904084531004,40.507600146756],[-111.904064354329,40.5075334320876],[-111.904048762643,40.5074724914283],[-111.904040506138,40.5074350549051],[-111.904029405859,40.507379028525],[-111.903920965043,40.5073790565409],[-111.903938249757,40.506341628663],[-111.905409616114,40.5063349461981],[-111.905407496999,40.5064708356707],[-111.905394877947,40.5072800534919],[-111.905393339754,40.5073786686348],[-111.905385945545,40.5078527824759],[-111.905387202093,40.507852778129],[-111.905389886274,40.5078527697439],[-111.905385886369,40.5078565272883],[-111.904196561075,40.5078613362658]]],[[[-111.902786418494,40.5092352469313],[-111.902487628538,40.5092076018219],[-111.902261537657,40.5092388627166],[-111.902261547357,40.5092405089407],[-111.899108783136,40.5092509206073],[-111.899070373548,40.5092513026766],[-111.899031977569,40.5092521962154],[-111.898993608175,40.5092536011795],[-111.898955277165,40.5092555175289],[-111.898916995153,40.5092579443268],[-111.898878775105,40.509260879728],[-111.898840627639,40.5092643236964],[-111.898802564553,40.5092682761919],[-111.89876459881,40.5092727344687],[-111.898726738662,40.5092776975984],[-111.898675275346,40.5092852826492],[-111.898637717102,40.5092914343868],[-111.89861810854,40.5092949205841],[-111.898600250744,40.5092874578969],[-111.897797074205,40.5092898268609],[-111.8977590595,40.5092229132542],[-111.89771352822,40.5091350245601],[-111.897675598857,40.5090450576307],[-111.897645432903,40.5089533955713],[-111.897623156483,40.5088604270097],[-111.897608867447,40.508766548773],[-111.897602624717,40.5086721587199],[-111.897579857857,40.5076975010554],[-111.897573253337,40.5076025538316],[-111.897557911755,40.5075081964059],[-111.897533911382,40.5074148968106],[-111.89750137057,40.5073231166361],[-111.897460448932,40.5072333128283],[-111.897411352018,40.5071459286669],[-111.897354320706,40.5070613974043],[-111.897330025776,40.5070283042565],[-111.897377956895,40.5069766493231],[-111.897407558195,40.5069765876629],[-111.900561178444,40.5069699072461],[-111.900878467608,40.5069692310958],[-111.900877974125,40.506855650841],[-111.901380068321,40.507071898378],[-111.901306269192,40.5071743398465],[-111.901357948755,40.507196030713],[-111.901431436533,40.5070940225571],[-111.901552395092,40.5071461172923],[-111.901820457877,40.5067680457533],[-111.901123425852,40.5064801059889],[-111.901122706749,40.5063398405177],[-111.903668250009,40.506341752158],[-111.903667130022,40.5064285043323],[-111.903665672675,40.5065414113924],[-111.903663980334,40.5066724443173],[-111.903662517921,40.5067856936046],[-111.90366074987,40.5069226814083],[-111.903659287451,40.5070359315853],[-111.903657213245,40.5071965723417],[-111.903656155693,40.5072785232851],[-111.903669986769,40.507393367924],[-111.903689153013,40.5074959940325],[-111.903702543568,40.5075526861845],[-111.903732884934,40.507658173645],[-111.903758992984,40.5077335360026],[-111.903812483343,40.5078622866798],[-111.903810738589,40.5078635327894],[-111.903861411393,40.5079667212093],[-111.903918760958,40.5080678539834],[-111.903982643052,40.5081666794375],[-111.904052899311,40.5082629504478],[-111.904129356086,40.5083564298496],[-111.904271520901,40.5085213812112],[-111.904357456994,40.5086155653283],[-111.904449801236,40.5087061465622],[-111.904548294919,40.508792871828],[-111.904652662868,40.5088754971034],[-111.904762612289,40.5089537928365],[-111.904877836279,40.5090275385297],[-111.904998010309,40.509096527256],[-111.904939790907,40.509180566011],[-111.90485557113,40.5093074117043],[-111.904774263691,40.5094353594846],[-111.904685392136,40.5095821184882],[-111.90444783477,40.509583930151],[-111.904447459642,40.509583745026],[-111.904401451853,40.5095696872735],[-111.904221734893,40.5095336258656],[-111.903684968515,40.5094278255123],[-111.903475435495,40.5093806921911],[-111.903373954343,40.5093468069611],[-111.90298529091,40.509266521134],[-111.902786418494,40.5092352469313]]]]},"properties":{"zone_code":"CSD-DPMU","zone_description":"Commercial Special District","zone_class_normalized":"Commercial","jurisdiction":"draper_ut","source_rest_url":"https://services2.arcgis.com/nAPVXppTJAHM40Se/arcgis/rest/services/Zoning_Public/FeatureServer/5","extraction_method":"arcgis_rest","confidence":"rest_api"}},{"type":"Feature","geometry":{"type":"MultiPolygon","coordinates":[[[[-111.853410367499,40.5114537936497],[-111.853411959587,40.5106688902799],[-111.854875692651,40.5106713923168],[-111.854877234165,40.5101580584293],[-111.855076265115,40.5102453805835],[-111.85540442721,40.5103893650387],[-111.855731810154,40.5105330060157],[-111.856009619656,40.5106548946777],[-111.856008816339,40.5109312010131],[-111.856353477547,40.5109317844042],[-111.85635029814,40.5114974457218],[-111.856350029766,40.5115450401613],[-111.85635037443,40.5115604344543],[-111.853410422245,40.5115450542104],[-111.85340897547,40.5114540797278],[-111.853410367499,40.5114537936497]]],[[[-111.845805768547,40.5211058068429],[-111.845803543568,40.5210355985116],[-111.847566124226,40.5210360423994],[-111.847525017221,40.521437885141],[-111.847443658564,40.5214352427125],[-111.846539669116,40.5214282062893],[-111.846172571016,40.521425347482],[-111.845938073311,40.5214235209355],[-111.845805768547,40.5211058068429]]],[[[-111.872694909601,40.5250016776739],[-111.872697484452,40.5242274505728],[-111.872096221094,40.5242333125601],[-111.87209653534,40.5240313979195],[-111.872698176884,40.5240190433987],[-111.872694964161,40.5237598428482],[-111.872705753111,40.523759622124],[-111.872707926197,40.523416496305],[-111.874221912764,40.5234583904434],[-111.874294624145,40.5234603277529],[-111.874373640817,40.5234624339985],[-111.874437471463,40.523464134816],[-111.874536263263,40.5234667676525],[-111.874611465144,40.5234687715548],[-111.874669535833,40.5234703195461],[-111.874742574189,40.5234722654389],[-111.874810479327,40.5234740746037],[-111.8748866609,40.5234739570506],[-111.874880140518,40.5235304581989],[-111.874875832877,40.5235908211271],[-111.874874551624,40.5236334376037],[-111.874874344261,40.5236494009104],[-111.874874008903,40.5236751502446],[-111.874872633173,40.5237809286558],[-111.874871181047,40.5238925664295],[-111.874870103149,40.5239754333236],[-111.874869025472,40.5240583407401],[-111.874867221662,40.524197056227],[-111.874866179442,40.5241978907882],[-111.874783646233,40.5241927819018],[-111.874380237635,40.5241810200046],[-111.874212064305,40.5241758122854],[-111.874212730548,40.5241272801307],[-111.873433570307,40.5241186268155],[-111.873434559257,40.524152271738],[-111.873448397053,40.5246229899328],[-111.873458033168,40.5250149015901],[-111.873454703789,40.5251378267288],[-111.873003536743,40.525135647523],[-111.872695189258,40.5251341571841],[-111.872694909601,40.5250016776739]]],[[[-111.905026008509,40.5430927171352],[-111.905019050691,40.5418047708893],[-111.905018480891,40.5416894822325],[-111.90336681321,40.5416946638879],[-111.903382162481,40.5415721987723],[-111.90342537354,40.5411419454266],[-111.903580985782,40.5411418880698],[-111.903658118716,40.5404104517176],[-111.903744548312,40.5395908417963],[-111.903796524027,40.5390979529898],[-111.903855475531,40.5385388959898],[-111.903884523959,40.5382634147078],[-111.903943966435,40.5377777719432],[-111.90403250543,40.5370544100876],[-111.904388874126,40.5343172353689],[-111.904535126575,40.5333903675175],[-111.909428485406,40.5333879135693],[-111.909427717243,40.5339100966467],[-111.910211981978,40.5339039994278],[-111.910211982102,40.5339044127892],[-111.910341527225,40.5339044304085],[-111.910346509632,40.5347157690274],[-111.910352864693,40.5357588948122],[-111.910335533108,40.5361294669087],[-111.910344430114,40.5366069582004],[-111.910350173109,40.5366296072298],[-111.910352559447,40.5370441182986],[-111.910218706205,40.5370445516208],[-111.909100134392,40.5370463781806],[-111.909096040068,40.5370427100408],[-111.9075977267,40.5370450200513],[-111.907794653501,40.5374257469042],[-111.908014879766,40.5374834473946],[-111.908011375657,40.5375703933079],[-111.908172688729,40.5376335776539],[-111.908084642222,40.538048560978],[-111.908311550563,40.5381579320907],[-111.908462224373,40.5384450155376],[-111.908650065573,40.5384245277145],[-111.909278106558,40.538830754652],[-111.909082883542,40.5390838320306],[-111.909197063592,40.5392541408054],[-111.909051954473,40.5392762797401],[-111.908702496524,40.5395119704537],[-111.908500792432,40.539454291393],[-111.908180721473,40.5405366642188],[-111.908267250782,40.540846649969],[-111.908267882642,40.5411158166512],[-111.908144960429,40.5411160059837],[-111.908141434676,40.5411401291554],[-111.908139528337,40.5411531715084],[-111.907948386368,40.5411520013924],[-111.907292468163,40.5411533011296],[-111.90707187597,40.5411536818032],[-111.906612034456,40.5411544435724],[-111.906602219828,40.5415569430297],[-111.906601936261,40.5415685883501],[-111.906733427337,40.5415729944251],[-111.906765920218,40.5415740830549],[-111.906746383477,40.5417091350828],[-111.906708615857,40.5419702108924],[-111.906468803761,40.5421748436054],[-111.906422491716,40.5423281068787],[-111.906392053368,40.5429582553962],[-111.906316203548,40.5429582760272],[-111.906190624056,40.543174580643],[-111.905752837738,40.5439286415595],[-111.90558848546,40.5439745276215],[-111.905587541695,40.5439746353519],[-111.905587552085,40.5441660471247],[-111.905587571926,40.5442893400067],[-111.905358348839,40.5443174279865],[-111.905443427662,40.544155195758],[-111.905452006248,40.5441442395199],[-111.90545826463,40.5441324042466],[-111.905462051031,40.544119974142],[-111.905463277502,40.5441072466974],[-111.905462624058,40.543986554133],[-111.905458609289,40.5439263813537],[-111.905447252689,40.5438667571907],[-111.905428652988,40.5438082018282],[-111.905402972602,40.5437512253225],[-111.905370436436,40.543696324905],[-111.905331327132,40.5436439804953],[-111.905285987391,40.5435946474901],[-111.905225195529,40.5435346718425],[-111.905192094707,40.5434999433154],[-111.905161738349,40.543463785101],[-111.905121253863,40.5434066354429],[-111.905087613125,40.5433469594498],[-111.905061086905,40.5432852307904],[-111.905041884703,40.543221943157],[-111.905030160594,40.543157600338],[-111.905026008509,40.5430927171352]]]]},"properties":{"zone_code":"R4","zone_description":"Residential","zone_class_normalized":"Residential-High","jurisdiction":"draper_ut","source_rest_url":"https://services2.arcgis.com/nAPVXppTJAHM40Se/arcgis/rest/services/Zoning_Public/FeatureServer/5","extraction_method":"arcgis_rest","confidence":"rest_api"}},{"type":"Feature","geometry":{"type":"MultiPolygon","coordinates":[[[[-111.883840009482,40.4955234502596],[-111.884392659995,40.4952931390413],[-111.884445668429,40.4953531096073],[-111.884478799291,40.4953883046178],[-111.884498468721,40.4954102475992],[-111.884517634715,40.4954324479949],[-111.884536290172,40.4954549013253],[-111.884554429146,40.4954775995052],[-111.884572046883,40.495500536246],[-111.884589137439,40.4955237034625],[-111.88460569606,40.4955470948663],[-111.884621716811,40.4955707041731],[-111.884637196102,40.4955945223891],[-111.884652128005,40.4956185441303],[-111.884666508928,40.4956427604031],[-111.884680334119,40.495667164919],[-111.88469359881,40.4956917495888],[-111.884706299429,40.4957165081203],[-111.884718432385,40.4957414315196],[-111.884729992917,40.4957665125977],[-111.884740979805,40.4957917441544],[-111.884751387105,40.495817118104],[-111.884753579156,40.4958228097896],[-111.884761213591,40.4958426263454],[-111.884770454507,40.4958682625904],[-111.884779108624,40.4958940178372],[-111.884787172355,40.4959198839924],[-111.884794643301,40.4959458538597],[-111.884801520235,40.4959719193376],[-111.884807799571,40.495998072333],[-111.88481348009,40.4960243056452],[-111.884818560554,40.496050609372],[-111.884823038574,40.4960769781178],[-111.884826912914,40.4961034019804],[-111.884830183526,40.4961298728546],[-111.884832846835,40.4961563844483],[-111.884834905145,40.4961829268475],[-111.884836356056,40.4962094928554],[-111.884837198334,40.4962360734703],[-111.8848374343,40.49626266148],[-111.884835368889,40.497062697511],[-111.882361783229,40.4970591362281],[-111.882395437479,40.4970287929664],[-111.882424669618,40.4969934992214],[-111.882664506045,40.4966584138933],[-111.882809613278,40.4965045680821],[-111.883043190065,40.4963132874763],[-111.883411978769,40.4958837184595],[-111.883658588261,40.4956384742618],[-111.883840009482,40.4955234502596]]],[[[-111.851840683836,40.5249034138638],[-111.851843207145,40.5249826457203],[-111.85183655203,40.526087047225],[-111.850787825279,40.5260832569091],[-111.850361108064,40.5253486121107],[-111.850298492278,40.5252609819058],[-111.850368419684,40.5252227030791],[-111.850463727786,40.5251756632218],[-111.850562270203,40.5251326778885],[-111.850663749021,40.525093874943],[-111.850767860369,40.5250593714609],[-111.85081904448,40.5250446524472],[-111.850841458471,40.5250384713854],[-111.850843959261,40.5250377821679],[-111.850863334566,40.5250325720068],[-111.85101168785,40.524996409399],[-111.851162317588,40.5249662213742],[-111.851314812375,40.5249420929098],[-111.851468752433,40.5249240873969],[-111.851623716746,40.5249122565253],[-111.851732004061,40.5249050233507],[-111.851840683836,40.5249034138638]]]]},"properties":{"zone_code":"IC","zone_description":"Institutional Care","zone_class_normalized":"Open Space/Public","jurisdiction":"draper_ut","source_rest_url":"https://services2.arcgis.com/nAPVXppTJAHM40Se/arcgis/rest/services/Zoning_Public/FeatureServer/5","extraction_method":"arcgis_rest","confidence":"rest_api"}},{"type":"Feature","geometry":{"type":"MultiPolygon","coordinates":[[[[-111.859397261491,40.528132041249],[-111.859391382899,40.5268715562427],[-111.859404611247,40.5267553465871],[-111.859404710034,40.525716473098],[-111.858247374225,40.5255680833853],[-111.858247303367,40.5262021412886],[-111.858225226404,40.5262158172841],[-111.857901478348,40.5262157958055],[-111.857901488085,40.5261348290667],[-111.857739600677,40.5261348180334],[-111.857739606201,40.5260800308967],[-111.857250061525,40.5260799956818],[-111.857218018594,40.5260343191296],[-111.856732394852,40.5260342824125],[-111.856712198314,40.5260340773076],[-111.856280531849,40.5260340429096],[-111.856280549147,40.52591052148],[-111.855920698116,40.5259104907936],[-111.855372129876,40.5259206692109],[-111.855336196004,40.5259237293191],[-111.855336091897,40.5266014801293],[-111.855335793559,40.5267296078897],[-111.855286946251,40.5267269263646],[-111.855220494696,40.5267232778231],[-111.855184186077,40.5267206312029],[-111.85511713635,40.526712253719],[-111.855051299286,40.5266994498224],[-111.854987174624,40.5266823152633],[-111.854937437564,40.5266655774827],[-111.854843150464,40.5266243745713],[-111.854809874406,40.5266063963499],[-111.854757296812,40.526573559488],[-111.854707470624,40.5265376019049],[-111.854667284189,40.5265081956016],[-111.854629870005,40.5264808188881],[-111.854593820627,40.5264544403687],[-111.854567498879,40.5264351802412],[-111.854530790023,40.5264090684646],[-111.854480535287,40.5263798555515],[-111.854417893335,40.5263524812126],[-111.854359441083,40.5263341890356],[-111.854307327663,40.526322936341],[-111.854253956825,40.5263159029939],[-111.854204783663,40.5263092666977],[-111.853756752413,40.5263138536522],[-111.853751931773,40.5263082513426],[-111.853750495838,40.5263135591357],[-111.853737184681,40.5263129328849],[-111.853691560562,40.5263086001293],[-111.853664488262,40.5263045499974],[-111.853620099715,40.5262954134453],[-111.85359402652,40.5262885270883],[-111.853560067122,40.5262777425285],[-111.853519136555,40.5262617646806],[-111.853480189115,40.5262431250557],[-111.85345065656,40.5262263932553],[-111.853416009328,40.52620333325],[-111.853390269288,40.5261832813033],[-111.853360774951,40.5261563693157],[-111.853334466988,40.5261275997447],[-111.853315852742,40.5261033917819],[-111.853299492578,40.5260782521359],[-111.85323219187,40.5259662546816],[-111.85323135366,40.526092079523],[-111.851837008771,40.5260870485558],[-111.851843207145,40.5249826457203],[-111.851837383298,40.5247997815674],[-111.851842530045,40.5241147980821],[-111.851845721168,40.523677292794],[-111.851848901078,40.5233227841314],[-111.851978996706,40.523409263554],[-111.852096825913,40.5234847071533],[-111.852233853681,40.5235689950886],[-111.852337572924,40.5236308281824],[-111.852460417325,40.5237014616946],[-111.852584857295,40.5237704467347],[-111.852674371676,40.5238167558814],[-111.852753163646,40.523862906308],[-111.852838377195,40.5239033961722],[-111.852967377818,40.5239673166706],[-111.853097822532,40.5240295116844],[-111.853126163986,40.524042504399],[-111.853229669904,40.5240899579186],[-111.853244515934,40.5240964981548],[-111.853362878541,40.5241486392834],[-111.853516091649,40.5242158489114],[-111.853670818023,40.5242810076745],[-111.853827010341,40.5243440949966],[-111.853984623652,40.5244050929964],[-111.854143607098,40.5244639820092],[-111.854303913372,40.5245207450617],[-111.854465495163,40.5245753642803],[-111.854628300444,40.5246278227064],[-111.854792280735,40.524678105172],[-111.854957387554,40.5247261956087],[-111.855123568886,40.5247720797604],[-111.855290773889,40.5248157424669],[-111.855458952927,40.5248571730676],[-111.855661832034,40.5249038898606],[-111.856134877418,40.5249990983277],[-111.856443287988,40.5250513161739],[-111.856683142341,40.5250861059635],[-111.857126014932,40.5251444157923],[-111.857322977297,40.5251696871305],[-111.857354465545,40.5251737274584],[-111.857354768351,40.5245684112548],[-111.85767421576,40.5245703538523],[-111.857659027547,40.5234238817959],[-111.858409302713,40.523422441942],[-111.858408405456,40.5233547279992],[-111.858869359123,40.52335384082],[-111.858885451453,40.5245310348358],[-111.859484484745,40.5245299916771],[-111.860894377299,40.5246343878412],[-111.862353758728,40.5245246914425],[-111.862362951182,40.5238067102554],[-111.862391651447,40.5238047240199],[-111.862406672111,40.5225359635666],[-111.86262213136,40.5225352971789],[-111.862621703365,40.5223925389018],[-111.864340686266,40.5223927484389],[-111.864437894333,40.5223928803071],[-111.864642861024,40.5209911068832],[-111.864698959568,40.5205128920638],[-111.864850066916,40.5205123227172],[-111.864915166769,40.5205094039222],[-111.864940362953,40.5205115940157],[-111.865081584432,40.5205169476001],[-111.865125674124,40.5205162933294],[-111.865327810791,40.5205354751542],[-111.865467259861,40.520542374679],[-111.866211479391,40.5205836700735],[-111.866209694782,40.5206181477814],[-111.866187654521,40.5210438796208],[-111.866170071859,40.5210429547294],[-111.866161188543,40.5210859515117],[-111.86615747902,40.5211039079138],[-111.866149272038,40.521103373396],[-111.865747838479,40.521077238548],[-111.865616309696,40.5210686747056],[-111.865338304505,40.5210505746236],[-111.865339577425,40.5210392522572],[-111.865330081301,40.5210386280409],[-111.865314200601,40.5211605637574],[-111.865267801633,40.5215170397544],[-111.86525349133,40.5216094020466],[-111.866299119415,40.5216691060443],[-111.866283303292,40.5232284811464],[-111.866295270746,40.524177523146],[-111.866476096907,40.5241774181075],[-111.868771533835,40.5241804789444],[-111.868767114279,40.5246215217497],[-111.868905992607,40.5246216530002],[-111.869481174698,40.5246221891061],[-111.869481317853,40.5250020281601],[-111.869479824927,40.5250020274627],[-111.869481926504,40.5251190402057],[-111.869673532161,40.5251195140549],[-111.869672147949,40.525206480309],[-111.869668437083,40.5254397805498],[-111.868905844103,40.5254405026463],[-111.868759890556,40.5254411132059],[-111.868759425054,40.5254408003709],[-111.868756863012,40.5258770469797],[-111.868756008846,40.5260212707442],[-111.868582395791,40.5260202723156],[-111.866979882882,40.5260110425851],[-111.866981389421,40.5262690631902],[-111.867004773405,40.526269198009],[-111.867008024614,40.5268264115956],[-111.866450466722,40.5268231947432],[-111.866154201982,40.5268094016376],[-111.86401743519,40.5268092665292],[-111.863747044821,40.5268583855089],[-111.863437525469,40.5270407151227],[-111.862746145616,40.5272302636651],[-111.862746208436,40.5272043333434],[-111.861554140243,40.5270933106282],[-111.861554179463,40.527079326448],[-111.861511793482,40.5270642006131],[-111.861315061922,40.5269703850694],[-111.861219343134,40.5270849588759],[-111.861110635815,40.5276873800715],[-111.860072503045,40.5279775177872],[-111.859733395745,40.5280635475662],[-111.859581990337,40.5280962912491],[-111.859433467591,40.5281255794146],[-111.859397261491,40.528132041249]]],[[[-111.870152128346,40.5252082526437],[-111.870151372896,40.5251218343824],[-111.871199375171,40.5251269180347],[-111.871179408096,40.5258348799822],[-111.871182366932,40.5261144079478],[-111.871021517151,40.526114883872],[-111.870904369189,40.526114775516],[-111.870688752461,40.525827767389],[-111.870175755611,40.5252778975742],[-111.870152128346,40.5252082526437]]],[[[-111.86686642849,40.5288133269384],[-111.86626832511,40.52880949399],[-111.866268316879,40.528810159537],[-111.866267723345,40.5288097435271],[-111.866269719078,40.5286832783305],[-111.865556397805,40.5286824241691],[-111.865188138944,40.5282729399279],[-111.865059374817,40.528131358],[-111.865059417962,40.5281217721952],[-111.865060591842,40.5278650726661],[-111.866128973583,40.5278697762774],[-111.866282369528,40.5278705965742],[-111.866295701716,40.5270508546581],[-111.866406017708,40.5270485223178],[-111.86651894499,40.527048732125],[-111.86667789016,40.5270498704599],[-111.866675613955,40.5270776286679],[-111.866676709733,40.5272815900962],[-111.866769139102,40.5272813009259],[-111.866762464324,40.5274338181405],[-111.866877376673,40.5274334585367],[-111.866875646686,40.527576430435],[-111.86713795769,40.5275775147565],[-111.867137028044,40.5278691683375],[-111.867481777545,40.5278699945622],[-111.867478996596,40.5282785164368],[-111.867149546782,40.5282761608394],[-111.866868967575,40.5282741538917],[-111.866863957967,40.5286817559649],[-111.86686642849,40.5288133269384]]]]},"properties":{"zone_code":"TC","zone_description":"Town Center","zone_class_normalized":"Mixed-Use","jurisdiction":"draper_ut","source_rest_url":"https://services2.arcgis.com/nAPVXppTJAHM40Se/arcgis/rest/services/Zoning_Public/FeatureServer/5","extraction_method":"arcgis_rest","confidence":"rest_api"}},{"type":"Feature","geometry":{"type":"MultiPolygon","coordinates":[[[[-111.86755787821,40.48327787601],[-111.867587545344,40.4824901359625],[-111.87224544347,40.4825006601955],[-111.87231612636,40.4814360064645],[-111.872959932842,40.4812391290876],[-111.873446089342,40.4810908638024],[-111.87379866722,40.4809834141434],[-111.874385778669,40.4808045287884],[-111.874748447307,40.4806934803754],[-111.874977230977,40.4808501563828],[-111.875341109634,40.4811008445636],[-111.875378970743,40.4810543916532],[-111.875586957134,40.4808250776677],[-111.87576223967,40.4806281686553],[-111.875935056057,40.4804340122672],[-111.876181512106,40.480289088382],[-111.876419187931,40.4801493516467],[-111.87665385326,40.4800113802442],[-111.876768157851,40.4799441746572],[-111.876891746481,40.4798983514459],[-111.877116287728,40.4798151475653],[-111.87718118437,40.479791086558],[-111.877392091844,40.4797129225024],[-111.877592173668,40.4796207645124],[-111.877791602776,40.4795277581265],[-111.877991031335,40.4794347504972],[-111.878190458177,40.4793417434296],[-111.878451269704,40.4792201007524],[-111.878650696467,40.4791270919894],[-111.878850159252,40.479034083666],[-111.879049584933,40.4789410751181],[-111.879249008887,40.4788480653307],[-111.879448470042,40.4787550559788],[-111.879647894089,40.4786620455021],[-111.879908700581,40.4785404274669],[-111.880108123374,40.4784474161991],[-111.8803075443,40.478354378476],[-111.880507002567,40.478261366404],[-111.880706423736,40.4781683550086],[-111.880905843177,40.4780753423739],[-111.881103132385,40.4779804703072],[-111.881300922217,40.4778853765299],[-111.881498640738,40.4777902826458],[-111.881801722548,40.4776445318668],[-111.882299580341,40.4774051499844],[-111.882505828199,40.4773059639812],[-111.882707813155,40.4772097013388],[-111.883103184598,40.4770608213163],[-111.883594077312,40.4768759449388],[-111.883658537192,40.4768516619869],[-111.884024632674,40.4767137997513],[-111.884211240817,40.476664249796],[-111.884460014201,40.4765981651349],[-111.884691377885,40.4765367202189],[-111.884922742337,40.4764752757413],[-111.885154107547,40.4764138299007],[-111.885327028143,40.4762959711799],[-111.885501810073,40.4761768164275],[-111.885676591236,40.4760576334913],[-111.885851408504,40.4759384780863],[-111.886026188604,40.4758193225356],[-111.886211088918,40.4757101523999],[-111.886396641449,40.4756017209992],[-111.886453714676,40.4755683477977],[-111.886639265258,40.4754599160108],[-111.886824815255,40.4753514848262],[-111.887010364658,40.4752430524427],[-111.887195878098,40.4751346207785],[-111.887381426323,40.4750261877985],[-111.887566973963,40.4749177554208],[-111.88775252101,40.4748093218443],[-111.887938068652,40.4747008888662],[-111.888124373632,40.474593221281],[-111.888371906172,40.4744562820587],[-111.888721560927,40.474262844452],[-111.888977117844,40.4741214301821],[-111.889295344594,40.4739453874209],[-111.889565411831,40.4737959642003],[-111.889832073383,40.473648418603],[-111.890080064656,40.4735112274117],[-111.89029670367,40.4733913783588],[-111.890354894291,40.473359179266],[-111.890544120502,40.4732544897777],[-111.89073330958,40.4731498010021],[-111.890922499413,40.4730451389302],[-111.891361739685,40.472794633649],[-111.891360581851,40.4732787740497],[-111.891359666146,40.4735223713928],[-111.891359195432,40.4738436358977],[-111.891358765167,40.4741719608529],[-111.891358385465,40.4745091113779],[-111.891357237127,40.4747121108107],[-111.89135678662,40.4750369054178],[-111.891353104356,40.4752010798633],[-111.891355173656,40.4753465307409],[-111.891196182078,40.4753831016563],[-111.890906927814,40.4754535568633],[-111.890613204328,40.4755210939382],[-111.89042201527,40.4755611744973],[-111.890315925729,40.4757956173284],[-111.890080494037,40.4759731584705],[-111.889864624603,40.4761359463053],[-111.889686946542,40.4762699337206],[-111.889649310855,40.4762919234279],[-111.889472835586,40.4763950091023],[-111.889287272739,40.4765034327797],[-111.889101709298,40.4766118552582],[-111.88890172624,40.4767287025914],[-111.888701887073,40.476845464443],[-111.888867445,40.4771978700231],[-111.888818047066,40.4772267312687],[-111.888413265717,40.4774632287395],[-111.888325271445,40.4775146397072],[-111.888001606321,40.4773275586625],[-111.887816037416,40.4774359781744],[-111.887630466737,40.4775443964914],[-111.887444896649,40.4776528145061],[-111.887259324791,40.4777612322263],[-111.887059478606,40.477877989434],[-111.887061258883,40.4782110778276],[-111.887064545141,40.4788257219519],[-111.887000299555,40.4788273715722],[-111.886136862515,40.4788316458731],[-111.885693734737,40.4788325447742],[-111.885698829404,40.4794306381031],[-111.883048727572,40.482471731909],[-111.882482573743,40.482472483168],[-111.882275301004,40.4824739603934],[-111.881534291049,40.4824721192127],[-111.880217656936,40.4824749277713],[-111.879389035765,40.4824766877303],[-111.878672673677,40.4824782041657],[-111.87810407855,40.4824794050556],[-111.877013532256,40.4824817006746],[-111.876997600169,40.4828173374217],[-111.876989470295,40.482956661759],[-111.876975439558,40.4832361542904],[-111.876960348061,40.4835249928835],[-111.876950240887,40.4837093411334],[-111.876938229181,40.4839514536721],[-111.876925089922,40.4841910211578],[-111.876898975193,40.4846998847645],[-111.876871617138,40.4851846399933],[-111.87687360502,40.4853069781273],[-111.876049617574,40.4855104503705],[-111.875730287165,40.4855826780029],[-111.875499655205,40.4856342771574],[-111.875189130585,40.4856929122678],[-111.874976167686,40.4857275002797],[-111.874709954159,40.4857690387532],[-111.87445253001,40.4857935959107],[-111.874235971568,40.485805413766],[-111.873861325128,40.4858119081698],[-111.873445075529,40.4858238312502],[-111.870662698267,40.4858220727312],[-111.870385073632,40.485807057321],[-111.87008657627,40.4857815118147],[-111.86976009655,40.4857136705467],[-111.869454289574,40.4856192751672],[-111.8690510008,40.4854616111378],[-111.867505647905,40.4846411165011],[-111.867509210885,40.4845200855778],[-111.867535817391,40.4838206993495],[-111.86755787821,40.48327787601]]],[[[-111.881831069996,40.4810573245877],[-111.881915005133,40.4788512710451],[-111.881496893713,40.478853339626],[-111.881264407608,40.478552521263],[-111.879834571771,40.4791969198097],[-111.87983376477,40.4791972898663],[-111.87983296727,40.4791976715997],[-111.879832178081,40.4791980632127],[-111.879831398386,40.4791984656019],[-111.879830628181,40.4791988778668],[-111.879829867472,40.479199300908],[-111.879829116252,40.4791997338248],[-111.879828374523,40.4792001766173],[-111.879827643462,40.4792006292817],[-111.879826923071,40.479201091818],[-111.87982621335,40.4792015642261],[-111.879825515467,40.4792020447011],[-111.879824827079,40.4792025359524],[-111.87982415053,40.4792030352705],[-111.879823485825,40.4792035435562],[-111.879822832963,40.4792040608092],[-111.879822191945,40.4792045870298],[-111.879821562766,40.4792051213173],[-111.87982094543,40.4792056645722],[-111.879820341108,40.4792062149896],[-111.879819749808,40.4792067743707],[-111.879819170342,40.4792073409181],[-111.879818605069,40.4792079146242],[-111.879818052814,40.4792084963933],[-111.879817513572,40.4792090853249],[-111.879816987342,40.4792096814191],[-111.879816475306,40.4792102846719],[-111.879815977457,40.4792108941828],[-111.8798154938,40.4792115108525],[-111.879815023151,40.479212133784],[-111.879814567864,40.4792127620692],[-111.879814126764,40.4792133966126],[-111.879813699852,40.4792140374141],[-111.879813288302,40.4792146835692],[-111.879812890934,40.4792153350819],[-111.879812508927,40.4792159919484],[-111.879812142278,40.4792166532679],[-111.879811789811,40.479217319945],[-111.87981145388,40.4792179910714],[-111.879811132126,40.4792186666548],[-111.879810826909,40.4792193466875],[-111.879810537043,40.4792200302728],[-111.879810262529,40.4792207174107],[-111.879810003367,40.479221408101],[-111.879809760736,40.4792221023402],[-111.879809533457,40.479222800132],[-111.879809322704,40.4792235005719],[-111.879809128477,40.47922420366],[-111.879808949597,40.4792249094],[-111.879808786058,40.4792256168915],[-111.879808640225,40.4792263270274],[-111.879808509729,40.4792270380141],[-111.879808395759,40.479227751649],[-111.879808298305,40.4792284661309],[-111.879808217372,40.4792291823605],[-111.879808151776,40.4792298994409],[-111.879808103875,40.4792306173645],[-111.879808071306,40.4792313352384],[-111.879808055253,40.4792320539593],[-111.879808056891,40.4792327726228],[-111.87980807386,40.4792334912367],[-111.879808107336,40.4792342088964],[-111.879808157322,40.4792349265026],[-111.879808223815,40.4792356431547],[-111.879808306819,40.4792363597533],[-111.879808405139,40.4792370736003],[-111.87980852115,40.4792377873901],[-111.879808652478,40.4792384984285],[-111.879808800312,40.4792392085127],[-111.879808964642,40.4792399158416],[-111.879809145472,40.4792406213159],[-111.87980934162,40.4792413240388],[-111.879809554264,40.4792420240064],[-111.879809782224,40.4792427212226],[-111.879810026681,40.4792434156835],[-111.879810286444,40.4792441055919],[-111.879810562704,40.479244792745],[-111.879810854275,40.4792454762461],[-111.879811161152,40.4792461551946],[-111.879811483342,40.4792468304912],[-111.879811822018,40.4792475012313],[-111.87981217482,40.4792481674227],[-111.87981254293,40.4792488290615],[-111.879812926341,40.4792494852472],[-111.879813325054,40.4792501359797],[-111.879814088742,40.4792513087701],[-111.879828316023,40.4792730028195],[-111.879837174841,40.4792872916334],[-111.879845706444,40.4793016976835],[-111.879853906076,40.4793162137805],[-111.879861773726,40.4793308381234],[-111.879869305821,40.4793455644197],[-111.879876499982,40.4793603890749],[-111.879883353825,40.4793753075938],[-111.87988986614,40.4793903145768],[-111.879896034549,40.4794054064295],[-111.879901857847,40.4794205786527],[-111.87990733246,40.4794358249541],[-111.879912457193,40.4794511426357],[-111.879917232018,40.4794665262943],[-111.879921654548,40.4794819714346],[-111.879925723576,40.4794974726571],[-111.879929436722,40.4795130263672],[-111.879932795134,40.4795286271576],[-111.879935795245,40.4795442696365],[-111.879938438214,40.4795599501978],[-111.879940721651,40.4795756634456],[-111.879942646711,40.4795914048734],[-111.879944211004,40.4796071690854],[-111.879951005815,40.4796846110722],[-111.880011895151,40.4803785376042],[-111.880014901379,40.4804230375711],[-111.880015812325,40.4804483420157],[-111.880016144234,40.4804736555431],[-111.880015897055,40.4804989691479],[-111.880015071926,40.4805242756216],[-111.880013667622,40.4805495668629],[-111.880011686466,40.48057483656],[-111.880009127223,40.4806000748106],[-111.880005992221,40.4806252762034],[-111.880002281404,40.4806504308323],[-111.879998793205,40.4806708701652],[-111.8799979971,40.480675533286],[-111.87999313808,40.4807005745626],[-111.879987709015,40.4807255465416],[-111.879981708691,40.4807504429228],[-111.879975141778,40.4807752555856],[-111.879968007056,40.4807999773291],[-111.879960309194,40.4808245991324],[-111.879952050519,40.4808491155842],[-111.879943232159,40.4808735176747],[-111.879933856438,40.4808977990924],[-111.879923928027,40.4809219517166],[-111.879913449246,40.4809459683349],[-111.879902423585,40.4809698408307],[-111.879890852196,40.4809935637964],[-111.879878742102,40.4810171282033],[-111.879866094453,40.481040528644],[-111.879853907861,40.4810620048349],[-111.879852913917,40.4810637560973],[-111.881831069996,40.4810573245877]]],[[[-111.88219851304,40.4890093203095],[-111.882312528524,40.4889452193289],[-111.882383661709,40.4890381553268],[-111.882914971088,40.4897550681579],[-111.882902860296,40.4897602969078],[-111.882798611817,40.4898092123978],[-111.882695498594,40.489859508283],[-111.88259355004,40.489911171862],[-111.882492799079,40.4899641850186],[-111.882393273937,40.4900185332544],[-111.882295006356,40.490074198457],[-111.882198025733,40.4901311643233],[-111.882102361464,40.4901894145497],[-111.882008044108,40.4902489301277],[-111.881825728583,40.4903701919147],[-111.881763628973,40.4904139519348],[-111.881643659928,40.4904998613577],[-111.881580284602,40.4902680719798],[-111.881560413076,40.4901170592398],[-111.881556245678,40.4899642193903],[-111.881585651822,40.4897901739992],[-111.88163824339,40.4896294330401],[-111.881703776198,40.4894974829863],[-111.881831231595,40.4893139572513],[-111.882045304142,40.4891204217125],[-111.88219851304,40.4890093203095]]],[[[-111.878003279143,40.4889534032545],[-111.879587169643,40.4884097450363],[-111.879694024156,40.4885594505375],[-111.880009013107,40.4886042500389],[-111.880297140806,40.4887543538732],[-111.880509218747,40.4888749352163],[-111.880660910521,40.4891441331981],[-111.880667002573,40.4893271085188],[-111.880672520877,40.4894928521128],[-111.880678027935,40.4896582661191],[-111.880683526256,40.4898233775472],[-111.880688966757,40.4899867879496],[-111.880719222327,40.4901487776323],[-111.880749676218,40.4903118266406],[-111.88087667395,40.4904543238774],[-111.880998334198,40.4905908287333],[-111.880996017583,40.4909466704124],[-111.880890466236,40.4910119069854],[-111.880710988148,40.4911166320557],[-111.880619481224,40.4911671855532],[-111.880502861913,40.4912289769716],[-111.88040881835,40.4912767404271],[-111.880313697741,40.4913232428828],[-111.880217527143,40.4913684707398],[-111.880120338334,40.4914124103836],[-111.880022159546,40.491455047311],[-111.879923020213,40.4914963706169],[-111.879828852573,40.4915340537715],[-111.879734829611,40.4915701963829],[-111.879539759266,40.4916425527652],[-111.879344752564,40.4917147609178],[-111.87914767714,40.4917877346291],[-111.877311525834,40.4924666737118],[-111.877067195433,40.4920722358587],[-111.876637657614,40.4913818039108],[-111.876494283876,40.4913745629628],[-111.876422223878,40.4913694810745],[-111.876350293082,40.4913634405062],[-111.876278510363,40.4913564411975],[-111.876206898161,40.4913484875795],[-111.876064274997,40.4913297225326],[-111.875993306546,40.4913189181725],[-111.875922595966,40.4913071691308],[-111.875852164518,40.4912944798424],[-111.875821030055,40.4912882162011],[-111.87578966394,40.491281012185],[-111.875758647135,40.4912729767022],[-111.875728016261,40.4912641195421],[-111.875712857215,40.4912593860603],[-111.87551059944,40.4911707921162],[-111.875488432194,40.4911576408008],[-111.875469006749,40.4911454245055],[-111.875444673092,40.4911291424924],[-111.875403282302,40.4910986507921],[-111.875168746707,40.4909146483049],[-111.875347561799,40.4907715573027],[-111.876878258567,40.4895554570097],[-111.876980909428,40.4894775549332],[-111.877085805392,40.4894038260483],[-111.877223842433,40.4893147921012],[-111.877333601561,40.4892511608883],[-111.877452823347,40.4891856907098],[-111.877574448401,40.4891265410668],[-111.877678382982,40.4890801033373],[-111.877733894884,40.4890555167288],[-111.877818949778,40.4890208914691],[-111.878003279143,40.4889534032545]]],[[[-111.878061485482,40.4927977526995],[-111.878638830425,40.4925875671517],[-111.879510484411,40.4929167809626],[-111.880556274365,40.4933683937588],[-111.880419893769,40.4933702920162],[-111.880192140103,40.493368570032],[-111.877051282165,40.4933447981333],[-111.876577063142,40.4933412017433],[-111.87721379604,40.4931158574956],[-111.878061485482,40.4927977526995]]],[[[-111.88182378718,40.493247583907],[-111.881846675924,40.4931828969851],[-111.881825243696,40.4926083029833],[-111.882018701821,40.4924520173274],[-111.881747877113,40.4911734106182],[-111.881912050126,40.4910558843231],[-111.882327450059,40.4907653834975],[-111.882547775188,40.4906202799636],[-111.882808547591,40.4904666215853],[-111.883052160686,40.4903342013564],[-111.883265410483,40.4902343424007],[-111.885624699231,40.4892166273571],[-111.886493088696,40.4888407903707],[-111.886504924177,40.4897421409226],[-111.887681008675,40.4897434044453],[-111.887674992166,40.4902677193111],[-111.887674200073,40.4903507269754],[-111.887672954313,40.4904618685858],[-111.887668937544,40.490784090148],[-111.887638447921,40.4935393778431],[-111.887636429277,40.4936515395363],[-111.887635927546,40.4937406187657],[-111.887634773306,40.4938454612541],[-111.887634022066,40.4939412920725],[-111.887615259699,40.4939539352923],[-111.887587145041,40.4939779928171],[-111.887559870394,40.494011633361],[-111.887539704524,40.4940536375125],[-111.887515795404,40.4941274067928],[-111.887464724457,40.494392981971],[-111.887410176903,40.4944608618648],[-111.887374302265,40.494500521472],[-111.887353237317,40.4945221591749],[-111.887315732538,40.4945510396743],[-111.887246128097,40.494593208093],[-111.887202674912,40.4946101394717],[-111.887167042036,40.4946240235366],[-111.886836780108,40.4947167784583],[-111.886803491088,40.4947258752805],[-111.886772025554,40.494738676474],[-111.886742463228,40.4947584283776],[-111.886719046845,40.4947806726129],[-111.88657955418,40.4949536764828],[-111.8864985096,40.4950545947735],[-111.886394997862,40.495068116224],[-111.886257024973,40.4950266337479],[-111.885909734085,40.4948549699004],[-111.88590693995,40.4947638365432],[-111.885894287754,40.4943510862403],[-111.886494248455,40.4943398983293],[-111.886494425661,40.4936721794738],[-111.886492327246,40.4935780025237],[-111.886457453233,40.493562490647],[-111.88586329388,40.4932787336473],[-111.885633263617,40.4931734023418],[-111.885579991733,40.4932636630068],[-111.885503177521,40.4933578384958],[-111.885462621145,40.4934011819126],[-111.88541524138,40.4934402835008],[-111.885361792042,40.4934745220725],[-111.885303124111,40.4935033526698],[-111.885240170455,40.4935263165227],[-111.88517393054,40.4935430492047],[-111.884870963497,40.4936036265253],[-111.884793645215,40.4936224072861],[-111.884719255244,40.4936471393381],[-111.88464857774,40.4936775625457],[-111.884582357595,40.4937133565644],[-111.88452129102,40.4937541435733],[-111.884466023214,40.4937994945869],[-111.884417135407,40.4938489312975],[-111.884375141361,40.4939019341924],[-111.884340486199,40.4939579434571],[-111.884313532307,40.4940163698289],[-111.884294565246,40.4940765972781],[-111.884283784368,40.4941379920451],[-111.884281304013,40.494199906238],[-111.884287148856,40.4942616895559],[-111.884336055761,40.4945620229431],[-111.884340172287,40.4946130805777],[-111.884335962808,40.4946641340039],[-111.884323490103,40.4947143941046],[-111.884302949156,40.4947630857364],[-111.884281464669,40.4948048982068],[-111.884257798803,40.4948324255824],[-111.884143797489,40.4950074124588],[-111.884167932929,40.4950209753448],[-111.884194339653,40.495036292317],[-111.884217533172,40.4950501725847],[-111.884314552135,40.4951128870461],[-111.884406357277,40.4951800205797],[-111.884492603902,40.4952513212651],[-111.883839606043,40.4955234515813],[-111.883658184821,40.4956384755829],[-111.883411574148,40.4958837197836],[-111.883042786621,40.4963132887953],[-111.882809209833,40.4965045694003],[-111.882664102599,40.496658415211],[-111.882424266171,40.4969935005383],[-111.882395034031,40.4970287942831],[-111.882361379781,40.4970591375448],[-111.882253292997,40.4970589805017],[-111.881839348061,40.4970583787177],[-111.881850704261,40.4933868703926],[-111.88176496693,40.4933861267404],[-111.881787066276,40.4933336182872],[-111.881805435268,40.4932920208401],[-111.88182378718,40.493247583907]]],[[[-111.869347183612,40.5005660748574],[-111.869350176784,40.5001543472586],[-111.869663020675,40.5001554140004],[-111.869660028209,40.5005671416107],[-111.869347183612,40.5005660748574]]],[[[-111.874194136887,40.497234765025],[-111.874310767887,40.4972343924785],[-111.874311369479,40.4973441344881],[-111.874310915681,40.4979211544863],[-111.874309247859,40.4981116588154],[-111.874310144582,40.4982752365743],[-111.8743095513,40.4986617569676],[-111.874310028155,40.4990786441674],[-111.874308666244,40.499490015717],[-111.874308197809,40.4998993130137],[-111.874307740723,40.5003106815456],[-111.874308345584,40.5005860743332],[-111.874000020532,40.5005856782977],[-111.873767644377,40.5005850392036],[-111.872440302486,40.5005823637731],[-111.872448966409,40.4998500213476],[-111.872451732632,40.4995283729779],[-111.872460621014,40.498837441848],[-111.872463714698,40.4985758412378],[-111.872466353973,40.4982307266813],[-111.872441144456,40.4980844813364],[-111.872432938405,40.4972431377711],[-111.872996193094,40.497239965407],[-111.873597425275,40.4972373599902],[-111.873855098319,40.4972365380797],[-111.874194136887,40.497234765025]]],[[[-111.872690484618,40.5011877450528],[-111.872690632107,40.5011499247318],[-111.872689886946,40.5011500072535],[-111.872374168201,40.5011496187412],[-111.872374224775,40.5011333847086],[-111.872331074527,40.5011335290375],[-111.872330841307,40.5007569432721],[-111.872331405593,40.500756360605],[-111.87269216984,40.5007573012049],[-111.873048496964,40.5007582287042],[-111.873050000192,40.5007632347454],[-111.873048806697,40.5011843695461],[-111.872690484618,40.5011877450528]]],[[[-111.869282633815,40.5014903677307],[-111.869286937581,40.5007552739578],[-111.86982228814,40.5007570995412],[-111.869819446816,40.5012429533069],[-111.869819301616,40.5012677674383],[-111.869282227224,40.501559375925],[-111.869282633815,40.5014903677307]]],[[[-111.884754198022,40.5042602787643],[-111.884753628371,40.5042573834711],[-111.884754635927,40.5042573819638],[-111.884756615661,40.5042573817674],[-111.885296130878,40.5042581531417],[-111.885298071068,40.504258253931],[-111.885417584291,40.5042643117413],[-111.885405814102,40.5042910076041],[-111.885405402885,40.5042919392551],[-111.885400977422,40.5043019781595],[-111.885384020204,40.5043448834965],[-111.88537101292,40.5043819211737],[-111.885357432241,40.5044260681065],[-111.885345525152,40.5044717882488],[-111.885344201608,40.5044778886225],[-111.885341607407,40.5044898442386],[-111.885337123938,40.5045105137683],[-111.885334579075,40.5045251493456],[-111.885331292592,40.5045440525051],[-111.885329059677,40.5045568913012],[-111.885325465417,40.5045852299406],[-111.885323576798,40.5046001218255],[-111.885322997363,40.5046046959718],[-111.885319926423,40.5046406779067],[-111.885319315542,40.5046511779676],[-111.885318808942,40.5046598774277],[-111.885318881988,40.5046696844952],[-111.885322077763,40.5050981695473],[-111.885322011975,40.5051402385138],[-111.885307600498,40.5051404813282],[-111.8852489884,40.5051414692531],[-111.885120372534,40.5051178618818],[-111.884752332889,40.5051170031744],[-111.884754368367,40.5050467062953],[-111.884754306099,40.5042608241605],[-111.884754198022,40.5042602787643]]],[[[-111.881795925555,40.5056857200415],[-111.881808885059,40.5053543017471],[-111.881819074777,40.5051101171072],[-111.882682492622,40.5051121519587],[-111.882681682106,40.5051780409616],[-111.882680334845,40.5056830314443],[-111.882678355064,40.5056830307052],[-111.882635974719,40.5056829610667],[-111.882633994959,40.5056829639291],[-111.882518368984,40.5056835602726],[-111.882259192852,40.505684392524],[-111.881899022799,40.5056855479896],[-111.881795925555,40.5056857200415]]],[[[-111.859338291765,40.507156382871],[-111.859341159829,40.5068918330863],[-111.859732549746,40.5068943047829],[-111.859728113368,40.5076894353623],[-111.85933253963,40.5076869368416],[-111.859338291765,40.507156382871]]],[[[-111.852445092802,40.5077304163044],[-111.852445478535,40.5072968414055],[-111.853182847954,40.5072972212999],[-111.853182461694,40.507737999931],[-111.852445092802,40.5077304163044]]],[[[-111.853411959587,40.5106688902799],[-111.853416211929,40.5091028197105],[-111.853421328023,40.5091028285966],[-111.85344536162,40.5091028686833],[-111.854880321753,40.5091052700211],[-111.854879457762,40.5094007418464],[-111.854882478474,40.5094007714235],[-111.854882045528,40.5098213805788],[-111.854878233144,40.509821364206],[-111.854875692651,40.5106713923168],[-111.853411959587,40.5106688902799]]],[[[-111.856295489503,40.5122233222733],[-111.856297146637,40.5116516616052],[-111.856843336008,40.5116525861932],[-111.856843346249,40.5116491279515],[-111.856900601204,40.5116492246703],[-111.856876721295,40.5119606696069],[-111.856842051707,40.5119606121754],[-111.856841303495,40.512224245324],[-111.856295489503,40.5122233222733]]],[[[-111.897551673271,40.5126983750545],[-111.897476787626,40.5115381092382],[-111.90222326685,40.5115582301443],[-111.902312628088,40.5115552991187],[-111.90238991782,40.5115458505681],[-111.902450020802,40.5115364618903],[-111.902724729788,40.5114856675964],[-111.902857175012,40.5115022666114],[-111.902950739281,40.5115539370835],[-111.903892452171,40.511556656203],[-111.903895265211,40.5115566645195],[-111.903863008106,40.5117092867168],[-111.90383692762,40.5118490958074],[-111.903813029158,40.5119929616722],[-111.903798072597,40.512098178149],[-111.903790021992,40.512155270081],[-111.903772571603,40.5123054870892],[-111.903759453762,40.5124494868826],[-111.903753980772,40.5125276371299],[-111.903749953806,40.5125851366572],[-111.903735820324,40.5125843586191],[-111.90318106478,40.51255050746],[-111.903003574735,40.5126300490517],[-111.902374727282,40.512522986952],[-111.901203662788,40.5125233140537],[-111.900621542335,40.5126048939956],[-111.900184140916,40.5126057715438],[-111.899615336376,40.5125342803418],[-111.898071504494,40.512531842694],[-111.897901403559,40.5126850960923],[-111.897551673271,40.5126983750545]]],[[[-111.849141850497,40.514908794373],[-111.849245623677,40.5149074882387],[-111.849237335757,40.515184575486],[-111.849133369615,40.5151846889258],[-111.848587577751,40.5151852833312],[-111.848045415528,40.5151858662168],[-111.848053932791,40.5149224932315],[-111.848588450505,40.5149157587014],[-111.849141850497,40.514908794373]]],[[[-111.85053193607,40.5173628143981],[-111.850549143872,40.5166108092126],[-111.851056762329,40.5166170509447],[-111.851056327769,40.5173638601023],[-111.85053193607,40.5173628143981]]],[[[-111.885496489212,40.5179566289346],[-111.885397365532,40.5178727764099],[-111.885383787444,40.5178593304493],[-111.885373087661,40.5178444476118],[-111.885365521904,40.5178284845857],[-111.885362380701,40.5175596940578],[-111.885363784105,40.5174100895525],[-111.885365513115,40.5172385234484],[-111.885367025174,40.5170285296109],[-111.885368366378,40.5169475490977],[-111.885422324448,40.5169487441403],[-111.885495157383,40.5169485045996],[-111.885855375627,40.5169482837261],[-111.885855283532,40.5169486919898],[-111.885854284138,40.5169958890146],[-111.88584854121,40.5172671286871],[-111.885845309489,40.5174112502251],[-111.885841775557,40.5175814488943],[-111.885835017599,40.5178971415138],[-111.885701930536,40.5178962070942],[-111.885696535429,40.5178962248491],[-111.885691140321,40.5178962426036],[-111.885685745214,40.5178962603579],[-111.885678559493,40.5178976564803],[-111.885671366017,40.5178976801519],[-111.885661932333,40.5178990836705],[-111.885656537226,40.5178991014235],[-111.885649351504,40.5179004975441],[-111.885639018635,40.5179019040197],[-111.885631832912,40.5179033001392],[-111.885624647188,40.5179046962583],[-111.885617911057,40.5179060908977],[-111.885611174926,40.5179074855367],[-111.885605787571,40.5179088757377],[-111.885595912045,40.5179116531805],[-111.885585586926,40.5179144321017],[-111.885577509768,40.5179172036265],[-111.88556943261,40.5179199751508],[-111.885562704228,40.5179227422373],[-111.885555076661,40.5179255122815],[-111.88554879787,40.5179282778882],[-111.885542519079,40.5179310434946],[-111.885538038658,40.5179338031849],[-111.885497351231,40.5179573582665],[-111.885496489212,40.5179566289346]]],[[[-111.850029806133,40.520188906311],[-111.849363155962,40.5201502101781],[-111.849362966486,40.5201955023315],[-111.848804623306,40.5201630903358],[-111.848713293737,40.5201577884551],[-111.848742141863,40.51992881673],[-111.848754792598,40.5198306950337],[-111.848935506952,40.5184279869672],[-111.849020004123,40.5177134682994],[-111.849121942147,40.517716368928],[-111.850076970889,40.5177266685442],[-111.850076982683,40.5177278176405],[-111.850084353721,40.5177279054932],[-111.850085077822,40.517511763928],[-111.850088222383,40.5174558019107],[-111.850928530902,40.5174544163467],[-111.850928834379,40.517513447125],[-111.850925589903,40.5184617964889],[-111.85129561594,40.5184668208829],[-111.851475459356,40.5184692625905],[-111.851475156566,40.51852986036],[-111.851862194365,40.5185325084705],[-111.851857929346,40.5188792851204],[-111.851855062613,40.5190948719758],[-111.852327919153,40.519095808267],[-111.852327218746,40.5193016786318],[-111.852325866265,40.5196996944395],[-111.85232436047,40.5201425429508],[-111.853136916217,40.5201460521456],[-111.853144523432,40.5201388201415],[-111.853141589952,40.5209894403676],[-111.851858173692,40.5209872844174],[-111.851856213423,40.520951549291],[-111.851855701025,40.5209102965143],[-111.851855722405,40.5208739232362],[-111.850067587081,40.5208732860847],[-111.850140361727,40.5201953231778],[-111.850029806133,40.520188906311]]],[[[-111.881893404461,40.5239204717162],[-111.881798177296,40.5239179019105],[-111.881798923852,40.5241646581258],[-111.881685867717,40.5241578811905],[-111.880900128047,40.5241192639407],[-111.880901298028,40.5246860929314],[-111.880900853067,40.5246860862722],[-111.880841056489,40.5246808591297],[-111.880805255273,40.5246781908778],[-111.880769414634,40.524675859557],[-111.880733538111,40.5246738651559],[-111.880697632785,40.5246722076512],[-111.88066170338,40.5246708879284],[-111.880625754618,40.524669905972],[-111.880589793578,40.524669261759],[-111.880485477799,40.5246696004242],[-111.880430867229,40.5246690833413],[-111.880377557275,40.5246685782227],[-111.880289878064,40.5246688627242],[-111.880253910131,40.5246684633861],[-111.880217948116,40.524667855085],[-111.880181993194,40.5246670369166],[-111.88014604655,40.5246660097776],[-111.88011011172,40.5246647727559],[-111.880074191066,40.524663325844],[-111.880038284591,40.5246616699424],[-111.880002397012,40.5246598041351],[-111.8799599431,40.5246573265004],[-111.879672171799,40.5246573863353],[-111.879084938435,40.5246575056731],[-111.878562381894,40.5246576104259],[-111.878091566114,40.5246572370657],[-111.878135313916,40.5240171205383],[-111.87815381876,40.5237463740126],[-111.878175228193,40.5234330975543],[-111.878178681091,40.5233825778053],[-111.878176427442,40.5233805263679],[-111.878175283907,40.5233794664814],[-111.878174148607,40.5233784020653],[-111.878173020363,40.5233773331237],[-111.878171901531,40.5233762587482],[-111.878170790929,40.5233751789428],[-111.878169688563,40.5233740946079],[-111.878168594433,40.5233730057435],[-111.878167508535,40.5233719114491],[-111.878166430872,40.5233708126253],[-111.87816536262,40.5233697083677],[-111.87816430143,40.523368600485],[-111.87816324965,40.5233674871685],[-111.878162206101,40.523366368422],[-111.878161171974,40.5233652460429],[-111.878160146082,40.5233641191342],[-111.878159128426,40.5233629876961],[-111.878158120182,40.5233618508242],[-111.878157120178,40.5233607103234],[-111.878156128411,40.5233595652932],[-111.878155146059,40.5233584157297],[-111.878154171944,40.5233572616368],[-111.878153208424,40.5233561030069],[-111.878152251966,40.5233549407518],[-111.878151304919,40.523353773063],[-111.878150367297,40.523352602642],[-111.878149439087,40.5233514267872],[-111.878148519118,40.5233502473035],[-111.87814760857,40.5233490641871],[-111.878146706258,40.5233478765413],[-111.878145813367,40.5233466852628],[-111.878144931072,40.5233454894472],[-111.878144055838,40.5233442900066],[-111.878143191205,40.5233430869295],[-111.878142335989,40.5233418793191],[-111.878141489018,40.5233406689803],[-111.878140652643,40.5233394541045],[-111.87813982451,40.5233382355999],[-111.878139005797,40.5233370134626],[-111.878138197686,40.5233357876887],[-111.878137397816,40.523334558286],[-111.878136607367,40.5233333252506],[-111.878135827519,40.5233320885787],[-111.878135055917,40.5233308491785],[-111.878134293731,40.523329605245],[-111.878133542151,40.5233283585756],[-111.878132799992,40.5233271082735],[-111.87813206726,40.5233258552392],[-111.878131343948,40.5233245985723],[-111.878130630063,40.5233233391732],[-111.878129926779,40.5233220761377],[-111.878129231735,40.5233208094733],[-111.878128547298,40.5233195400729],[-111.878127873468,40.5233182679366],[-111.878127207883,40.523316993072],[-111.878126552899,40.5233157145709],[-111.878125907341,40.5233144333376],[-111.87812527239,40.5233131493684],[-111.878124646864,40.5233118626671],[-111.878124030765,40.5233105732336],[-111.878123425272,40.5233092810642],[-111.878122829205,40.5233079861627],[-111.878122243744,40.5233066885252],[-111.878121667709,40.5233053881557],[-111.878121102286,40.5233040859507],[-111.878120546283,40.523302780113],[-111.878119999711,40.5233014724438],[-111.878119463746,40.5233001620387],[-111.878118938392,40.5232988497981],[-111.878118422464,40.5232975348254],[-111.878117917147,40.5232962180174],[-111.878117421256,40.5232948984772],[-111.878116935976,40.5232935771017],[-111.878116461303,40.5232922529901],[-111.878115996065,40.5232909279476],[-111.878115541429,40.5232895992686],[-111.878115097409,40.5232882696548],[-111.87811466282,40.5232869382094],[-111.878114238837,40.5232856040281],[-111.87811382429,40.5232842689158],[-111.87811342035,40.5232829310675],[-111.878113027025,40.5232815922844],[-111.878112644307,40.5232802507654],[-111.878112271025,40.5232789083153],[-111.878111909534,40.5232775640261],[-111.878111557474,40.5232762179053],[-111.87811121485,40.5232748708534],[-111.878110884017,40.5232735219625],[-111.878110562616,40.5232721712399],[-111.87811025183,40.5232708195825],[-111.878109951656,40.5232694660897],[-111.878109660918,40.523268111666],[-111.878109381976,40.5232667563035],[-111.878109112465,40.5232653991096],[-111.87810885357,40.5232640409808],[-111.878108605286,40.5232626810166],[-111.878108367624,40.5232613210182],[-111.878108140572,40.5232599591843],[-111.878107924142,40.5232585973162],[-111.878107717143,40.5232572336166],[-111.87810752076,40.5232558689822],[-111.878107334998,40.5232545043134],[-111.878107161033,40.523253138706],[-111.878106995318,40.5232517712709],[-111.878106841405,40.5232504037978],[-111.878106698112,40.5232490362903],[-111.878106565431,40.5232476669474],[-111.878106442196,40.5232462984747],[-111.878106330752,40.5232449281628],[-111.878106228749,40.5232435578204],[-111.878106138548,40.52324218744],[-111.878106057782,40.5232408161285],[-111.878105987637,40.5232394447828],[-111.878105928114,40.5232380734029],[-111.878105879207,40.523236701088],[-111.878105840921,40.523235328739],[-111.878105813256,40.5232339563557],[-111.878105796212,40.5232325839381],[-111.878105788609,40.52323121149],[-111.878105786614,40.5232197733245],[-111.878105786199,40.523212881244],[-111.877770725668,40.5231882376699],[-111.877559341756,40.5231726895527],[-111.877394454484,40.5231605612237],[-111.877252139628,40.5231500927154],[-111.877213927537,40.5231472816326],[-111.87711088089,40.5231413047072],[-111.87693553553,40.5231311339035],[-111.876827243869,40.5231248520917],[-111.87661886524,40.5231127652251],[-111.876543570392,40.5231083971062],[-111.876302193935,40.5230943947943],[-111.876259933645,40.5230919431177],[-111.875985523985,40.5230760244046],[-111.875976295855,40.5230754884465],[-111.875692659381,40.5230590330851],[-111.875668853022,40.5230576522624],[-111.875401849033,40.5230421614355],[-111.875352182228,40.5230392792645],[-111.875030373995,40.5230206084503],[-111.874870540085,40.523011335031],[-111.874930670817,40.5225324784706],[-111.873899202196,40.5224971523425],[-111.873378077495,40.5224798195984],[-111.872855441037,40.522455089342],[-111.87226305015,40.5224349776176],[-111.872259964081,40.5224618046693],[-111.87222430905,40.5227907943786],[-111.871990038896,40.5227901836559],[-111.87194662281,40.5231457854625],[-111.871934253733,40.5232501758267],[-111.871350767761,40.5232231670574],[-111.871342461942,40.5232227412845],[-111.871334362847,40.5232212674907],[-111.871326698476,40.5232187881809],[-111.87131968045,40.523215372029],[-111.871313502823,40.5232111129805],[-111.871308338545,40.5232061302637],[-111.871304329985,40.5232005621158],[-111.871301590098,40.5231945630776],[-111.871300194143,40.5231883004173],[-111.871300180823,40.523181946922],[-111.871301551108,40.5231756809021],[-111.871302366564,40.5231732900012],[-111.871311426528,40.523146172086],[-111.871229305287,40.5231457864986],[-111.871189529877,40.5231455999698],[-111.871189531057,40.5231451658902],[-111.871170041662,40.5231455085873],[-111.871170491078,40.5231259368276],[-111.871173921336,40.5229765525368],[-111.871178368713,40.5226986695419],[-111.871182159744,40.5224617727512],[-111.871189989425,40.5220695503922],[-111.871204505273,40.5214459532384],[-111.870738425208,40.5214147241145],[-111.870656640157,40.5218029288278],[-111.870217617843,40.5218029880138],[-111.869849529779,40.5218029631346],[-111.869798569783,40.5218029591223],[-111.869613357319,40.5215683209392],[-111.869478541601,40.5214171705948],[-111.869427258702,40.5213703169401],[-111.8693677762,40.5213295229408],[-111.86935652389,40.5213221196692],[-111.869246284674,40.5213264466461],[-111.868746279644,40.5212426311633],[-111.868541453533,40.5212404187711],[-111.868001857227,40.5212200591827],[-111.867853289666,40.5210378902809],[-111.867784446932,40.5208501954818],[-111.867725929701,40.5206866747366],[-111.867607203571,40.5203484109913],[-111.867545524386,40.5202078718645],[-111.867049652549,40.5195466021133],[-111.86713199747,40.5195501140043],[-111.866760717881,40.519092640487],[-111.866628864414,40.5189146241848],[-111.866782899713,40.5172454599405],[-111.865232708432,40.5172642203439],[-111.865116019122,40.5172567804516],[-111.865168637253,40.5166523879835],[-111.865176469112,40.5165992260956],[-111.865303964928,40.5166006605351],[-111.866809958666,40.516583700836],[-111.866858601638,40.516028365138],[-111.866912235825,40.5154099067977],[-111.866893012792,40.5154106604208],[-111.866902308596,40.5150995088327],[-111.865516061797,40.5151910152396],[-111.865460224754,40.5151947007134],[-111.86535705667,40.5152015101228],[-111.865422178974,40.5147425902749],[-111.86555464953,40.5147325265896],[-111.867007106702,40.5146029557843],[-111.867052172418,40.5143482598917],[-111.867125209627,40.5140150578453],[-111.867136526849,40.5138353621239],[-111.867128936745,40.5138333028705],[-111.86720037934,40.5137296425621],[-111.867398723094,40.5134403738996],[-111.867652435944,40.5134583948664],[-111.86769350491,40.5133584777525],[-111.868113552559,40.5134005407274],[-111.86867252698,40.513526172723],[-111.868763858729,40.5135666391153],[-111.869087964197,40.5137199981811],[-111.869413355701,40.5139284449925],[-111.869542149617,40.514027364304],[-111.869688523091,40.5141610946928],[-111.869920312475,40.5143482683251],[-111.870312809947,40.5145641061294],[-111.870641504475,40.5146868340148],[-111.871111113875,40.5147909790595],[-111.871147926223,40.5147922628787],[-111.871265438012,40.5147947130742],[-111.871439976222,40.5147983513011],[-111.871675211092,40.5148032548217],[-111.871819151415,40.5148061447786],[-111.871923259331,40.514806589832],[-111.871923411766,40.5147137166294],[-111.871925429814,40.5143782828566],[-111.872720174097,40.5144228815044],[-111.873182118234,40.5144490618233],[-111.873202106623,40.5142784210878],[-111.87326203286,40.5137594888357],[-111.873320960956,40.5132448436663],[-111.873339244376,40.5130870765863],[-111.873350841842,40.5129715651014],[-111.87466259025,40.5130597229668],[-111.876203564997,40.5131644459116],[-111.877043785506,40.5131773283589],[-111.877042454508,40.5132102306809],[-111.881611101805,40.5132453664758],[-111.881798771697,40.5132554630745],[-111.881799839258,40.5131108874028],[-111.881801796495,40.5128960539705],[-111.881887742028,40.5128956757741],[-111.882425313953,40.5128967271854],[-111.883289727704,40.5129003405434],[-111.883423213757,40.5131452731036],[-111.883436816253,40.5131702330986],[-111.886018544721,40.513164964612],[-111.886017016969,40.5133997760063],[-111.886015686576,40.5137139382979],[-111.886015245854,40.5138521844915],[-111.886015096785,40.5138988582401],[-111.886018683239,40.5141647901392],[-111.886023466286,40.5142153849549],[-111.886030471745,40.5142616830057],[-111.886036515991,40.5142970052998],[-111.886043444826,40.5143297508332],[-111.886051277446,40.514363522747],[-111.886062751466,40.5144050024014],[-111.886074659545,40.5144437356687],[-111.886088373679,40.5144838354621],[-111.886142714613,40.5146327431639],[-111.886219991438,40.5148360835005],[-111.886224729707,40.5148493225599],[-111.886237042628,40.5148865838303],[-111.886249024648,40.5149281338307],[-111.88625834559,40.5149658975735],[-111.88626649058,40.5150052096783],[-111.886272889482,40.5150433252684],[-111.886278855951,40.5150911432845],[-111.886282237398,40.5151333952562],[-111.886284009666,40.5151923906305],[-111.886283708401,40.5152190180437],[-111.884818195379,40.5152160943059],[-111.883385820801,40.5152167533122],[-111.883385709195,40.5152124291136],[-111.881800634208,40.5152083538437],[-111.881796795402,40.5152083105139],[-111.881795453524,40.5152846476613],[-111.881784379011,40.5159211671586],[-111.881715634094,40.5159219206204],[-111.881671718091,40.5159218511116],[-111.88081168846,40.5159244965681],[-111.880815722662,40.5152067510562],[-111.879875256343,40.5152068736375],[-111.87874187808,40.5152140720867],[-111.878686220154,40.5160167518004],[-111.879083222629,40.5160169056658],[-111.880326776528,40.5160173796049],[-111.881715692853,40.5160178929277],[-111.881791722127,40.5160232558581],[-111.881795387302,40.5167648530751],[-111.881798882157,40.5173086799264],[-111.881807647595,40.5184743154447],[-111.881808191869,40.519059177209],[-111.881900331649,40.5190595281284],[-111.882674546363,40.5190624774295],[-111.882672891032,40.5196643391948],[-111.88190240506,40.519662762794],[-111.881787257846,40.5196620446396],[-111.881789954792,40.5202115227878],[-111.88186648948,40.5202116796143],[-111.883578752304,40.5202151769832],[-111.885153677772,40.5202191835813],[-111.885157704126,40.5196693393103],[-111.885465921377,40.5196696120605],[-111.88546986446,40.5190730830578],[-111.885469911989,40.5190660359075],[-111.885475293343,40.5190658651111],[-111.885485186822,40.5190647734962],[-111.8854927894,40.518490032525],[-111.886513485493,40.5184953461229],[-111.886514855487,40.5188562891566],[-111.886518889269,40.5196559759127],[-111.886520549827,40.5202359842512],[-111.88652198498,40.5204894253304],[-111.886523543454,40.5212393729655],[-111.886379088543,40.5211829167946],[-111.886379629982,40.5215028860939],[-111.886380974756,40.5215340586148],[-111.886385802046,40.5215621018694],[-111.886395392268,40.521606609016],[-111.88644751481,40.5218442750145],[-111.886451844919,40.5218874639446],[-111.886452220452,40.5239808356715],[-111.887211889759,40.523982627888],[-111.887212183522,40.5240219279092],[-111.887212027037,40.5242000833082],[-111.887213242603,40.5247985754648],[-111.886488173869,40.5247988476289],[-111.886099452899,40.524799238048],[-111.884086392364,40.5248009517363],[-111.883804480993,40.5248009845011],[-111.883489881642,40.5248006786557],[-111.883535701113,40.5239738996496],[-111.882618282339,40.523944053213],[-111.881901245675,40.5239207262462],[-111.881893404461,40.5239204717162]]],[[[-111.874363643593,40.5251422101661],[-111.874363642312,40.5250326718268],[-111.874380237635,40.5241810200046],[-111.874783646233,40.5241927819018],[-111.874931158857,40.5242019129417],[-111.874929506502,40.5243501307739],[-111.87567117784,40.5243392177136],[-111.875673127978,40.5243395239618],[-111.87566219725,40.5244460849606],[-111.876257594374,40.5244459826757],[-111.876257770983,40.5250254317176],[-111.876257774584,40.5250393581492],[-111.876089962611,40.5250495958654],[-111.876067505358,40.5250503001205],[-111.875402876423,40.5250483096039],[-111.874902272804,40.5250455872788],[-111.874895619229,40.5250372557564],[-111.87489496981,40.5251444132665],[-111.874794352965,40.5251442856484],[-111.874363643593,40.5251422101661]]],[[[-111.850368419684,40.5252227030791],[-111.850307514195,40.525156479733],[-111.849488340506,40.5251937087006],[-111.849039613928,40.5250272460331],[-111.848862348474,40.5249268909229],[-111.848709575534,40.5248385249252],[-111.848337598033,40.5245972927587],[-111.848318809933,40.5245765138851],[-111.848449575237,40.5245761252215],[-111.848479093215,40.5242494382141],[-111.848509369658,40.5238822853417],[-111.84855246136,40.5233612866337],[-111.848578637225,40.5230389672495],[-111.848586792247,40.522940807728],[-111.848610687037,40.5226562389219],[-111.848623712618,40.5224543838901],[-111.849120145746,40.5224542391133],[-111.849963755148,40.5224539855411],[-111.850207430981,40.5224523814656],[-111.850303961301,40.5225301671657],[-111.850489656044,40.5226797328228],[-111.850640575395,40.5228012881739],[-111.850791495282,40.522922843325],[-111.8509425709,40.5230442843394],[-111.851095924365,40.5231640477719],[-111.851149664619,40.523205122151],[-111.851264734994,40.5232900533683],[-111.851448201536,40.5234195387096],[-111.851568130733,40.5235004610214],[-111.851689892962,40.5235797746919],[-111.851845721164,40.5236772918934],[-111.851842530045,40.5241147980821],[-111.850830124377,40.524108421729],[-111.850944416056,40.5246180270401],[-111.850947284402,40.524896543421],[-111.850983374309,40.5249863186342],[-111.850989914038,40.5250013097662],[-111.850887216253,40.525026306392],[-111.850863334566,40.5250325720068],[-111.850844112474,40.5250377411836],[-111.850843844948,40.5250378140301],[-111.850841458471,40.5250384713854],[-111.85081904448,40.5250446524472],[-111.850767860369,40.5250593714609],[-111.850663749021,40.525093874943],[-111.850562270203,40.5251326778885],[-111.850463727786,40.5251756632218],[-111.850368419684,40.5252227030791]]],[[[-111.855335793559,40.5267296078897],[-111.855336196008,40.5259237302197],[-111.856280549147,40.52591052148],[-111.856280531849,40.5260340429096],[-111.857218018594,40.5260343191296],[-111.857250061525,40.5260799956818],[-111.857739606201,40.5260800308967],[-111.857739600677,40.5261348180334],[-111.857901488085,40.5261348290667],[-111.857901478348,40.5262157958055],[-111.858225226404,40.5262158172841],[-111.858247590555,40.5262019927173],[-111.858247374225,40.5255680833853],[-111.859404710034,40.525716473098],[-111.859404611247,40.5267553465871],[-111.85939221796,40.5268712321787],[-111.859391382899,40.5268715562427],[-111.85927447143,40.5268715409013],[-111.858004314353,40.5268713646138],[-111.857918048179,40.5268713515805],[-111.857275121157,40.5268360662743],[-111.856789330088,40.5268094022193],[-111.855723096659,40.5267508717788],[-111.855335793559,40.5267296078897]]],[[[-111.847942996216,40.5260713479858],[-111.848306664944,40.5260702679102],[-111.848323003188,40.5266663680472],[-111.848404215246,40.5266663446267],[-111.848402406145,40.5270436924715],[-111.847935052777,40.5270491034854],[-111.847939399064,40.5261602620651],[-111.847942996216,40.5260713479858]]],[[[-111.913948958468,40.5285672103898],[-111.914013290449,40.5277715615856],[-111.915189320104,40.5277702018576],[-111.91529485401,40.527755527815],[-111.915449496288,40.5284030444388],[-111.913948958468,40.5285672103898]]],[[[-111.847013923933,40.5282822491614],[-111.847920306828,40.528272609133],[-111.847920930608,40.5283333885226],[-111.847314371176,40.5287046630176],[-111.846969459768,40.5290144410458],[-111.846884493682,40.529091011253],[-111.846924350607,40.5282825503198],[-111.847013923933,40.5282822491614]]],[[[-111.8390552377,40.5287749603714],[-111.83905829723,40.5279539836337],[-111.839090395487,40.5279539160007],[-111.839561920142,40.5279529220674],[-111.839563371412,40.5277058961786],[-111.840280656229,40.5277043645779],[-111.840320810472,40.5277042795252],[-111.84071563853,40.5276192454098],[-111.84074557566,40.5276127976662],[-111.842467042156,40.5269542887557],[-111.842466047253,40.5269535856157],[-111.842466910799,40.5266472731626],[-111.842866802671,40.5266454170023],[-111.843473952724,40.5266305028655],[-111.843477041885,40.5266289745519],[-111.843480044979,40.5266274636013],[-111.843486004866,40.5266243878013],[-111.843490431764,40.5266220342475],[-111.843499176383,40.5266172085842],[-111.84350634888,40.5266130683582],[-111.843510600194,40.5266105334031],[-111.84351759835,40.5266062243802],[-111.843523116948,40.5266027013876],[-111.843528562047,40.5265991137692],[-111.843535263809,40.5265945381446],[-111.843540539411,40.5265908060306],[-111.843545737983,40.5265870111022],[-111.843552125706,40.5265821806351],[-111.843558389033,40.5265772559723],[-111.84356330683,40.5265732493316],[-111.843570528368,40.5265671304056],[-111.84357523654,40.5265629793869],[-111.843581002459,40.5265577130637],[-111.843585516455,40.5265534383352],[-111.843589941664,40.5265491098325],[-111.843594278095,40.5265447293568],[-111.843598524574,40.5265402978121],[-111.843602678739,40.5265358152054],[-111.84360573372,40.5265324219081],[-111.84361070781,40.5265267049178],[-111.843614581545,40.5265220790415],[-111.843619289436,40.5265162322485],[-111.843622946679,40.5265115043416],[-111.843626506929,40.5265067334914],[-111.843629967834,40.5265019215062],[-111.843633330571,40.5264970674819],[-111.843636592797,40.5264921750276],[-111.843639753327,40.5264872432464],[-111.843642813355,40.5264822748362],[-111.843678305927,40.5261528205897],[-111.843677874031,40.5260630647299],[-111.845315756355,40.5260665128387],[-111.845317753199,40.5261600437814],[-111.845317264428,40.5263475556385],[-111.845316105542,40.5264023866627],[-111.845319162362,40.5264385634651],[-111.845325070741,40.5264703460898],[-111.845336716703,40.5264999189222],[-111.845621245859,40.5264990803147],[-111.846091161015,40.5264998866855],[-111.846090520801,40.5267348509109],[-111.846090441773,40.5272082618569],[-111.846909559173,40.5272080334084],[-111.846983937439,40.5272080456075],[-111.846973737518,40.5273479307008],[-111.84690020262,40.5273462274304],[-111.846206105436,40.5273460857254],[-111.846046990505,40.5296920796025],[-111.839012439485,40.5297060553544],[-111.839013102381,40.5295503432976],[-111.839017874209,40.5287750684374],[-111.8390552377,40.5287749603714]]],[[[-111.846854860543,40.5296907239933],[-111.846865887694,40.5294675609655],[-111.846945177087,40.5294120836056],[-111.848496281825,40.5282327770551],[-111.848495699705,40.5283321143136],[-111.846927359465,40.5296885047837],[-111.846927499453,40.5296863240917],[-111.846926367746,40.5296886770257],[-111.846854860543,40.5296907239933]]],[[[-111.872780774184,40.5289383868869],[-111.872780178599,40.5288418791574],[-111.872811139072,40.5288423750706],[-111.873470031572,40.5288444608134],[-111.873470871824,40.5289456002969],[-111.873465415174,40.5297539145923],[-111.872931198296,40.5297536899487],[-111.87277622647,40.5297536245203],[-111.872780774184,40.5289383868869]]],[[[-111.904535126575,40.5333903675175],[-111.90454960083,40.5332734811912],[-111.904524529539,40.5332716738092],[-111.904804400813,40.5310112975528],[-111.904810957352,40.5309518138075],[-111.907398068008,40.5309248478606],[-111.907398736365,40.5312527191689],[-111.907397913848,40.5321438639628],[-111.910207705155,40.532137420918],[-111.910330672342,40.5321366033114],[-111.910338161784,40.5333563019242],[-111.910210333467,40.5333554281588],[-111.909425888405,40.5333609118308],[-111.909428485406,40.5333879135693],[-111.904535126575,40.5333903675175]]],[[[-111.868393277991,40.5341447752559],[-111.868241028453,40.533362436241],[-111.868820245962,40.5333687646069],[-111.868957672364,40.5340748966153],[-111.868393277991,40.5341447752559]]],[[[-111.880577635664,40.5371259350425],[-111.880578674166,40.5370300139908],[-111.881096608299,40.5370315321027],[-111.881092154936,40.5371218267071],[-111.881083104188,40.5380802681785],[-111.880636789179,40.5380800628494],[-111.88062577926,40.5375283001154],[-111.880570259904,40.5375268980574],[-111.880577635664,40.5371259350425]]],[[[-111.899801796574,40.5385328323637],[-111.899095533236,40.538531324854],[-111.897860835094,40.5385395379938],[-111.897861805862,40.538544072662],[-111.897726049866,40.5385442117868],[-111.897651012661,40.5381829035232],[-111.897496612291,40.5374394415085],[-111.89734526961,40.5367106921218],[-111.896972828566,40.5349747112289],[-111.896613911937,40.5333862172515],[-111.896724496286,40.5333860015649],[-111.899760988006,40.5333861228607],[-111.904035858099,40.5333783943714],[-111.903901596526,40.5346533805474],[-111.903727246154,40.5359118569649],[-111.903561773844,40.5370569113025],[-111.903212851026,40.5399203306542],[-111.900778786298,40.5399239531596],[-111.901291744392,40.5391438701013],[-111.901705180654,40.5385383621197],[-111.901194536068,40.5385386400614],[-111.899801796574,40.5385328323637]]],[[[-111.867115716134,40.5406619999605],[-111.867105143082,40.5406425105967],[-111.866916846084,40.5406433053674],[-111.865099839565,40.5406393894285],[-111.865098520237,40.5397216626326],[-111.865096050464,40.5389244772264],[-111.865100014895,40.5386587346938],[-111.865094657744,40.5369862887023],[-111.86457220717,40.5369851750328],[-111.864344187642,40.5369831443699],[-111.862866578509,40.5369753993188],[-111.862715509421,40.5369755912375],[-111.862715010123,40.5369722606839],[-111.862734448981,40.5337785929664],[-111.862742629381,40.5303141585147],[-111.8628862381,40.5303138734366],[-111.863910415995,40.5303133416052],[-111.863733437577,40.5297161432162],[-111.863944666084,40.5297170707988],[-111.865104613592,40.529722156025],[-111.865912959025,40.5297256936706],[-111.866041017426,40.5298672767925],[-111.866282701731,40.530134490877],[-111.866469852015,40.530341406196],[-111.866727315681,40.5306260599548],[-111.867227944305,40.5311795505701],[-111.867464153513,40.531440699521],[-111.867464382325,40.5315474225629],[-111.866305689418,40.5315420072521],[-111.866304704302,40.5319515405293],[-111.866303994503,40.5329260573227],[-111.866298913566,40.5342659866882],[-111.867482942583,40.5342720549484],[-111.867482234283,40.5345526066858],[-111.867506078515,40.5345524175669],[-111.86864298453,40.5345588010551],[-111.868635240649,40.5353739043613],[-111.869909329023,40.5353810464199],[-111.869905734175,40.5357998920886],[-111.869900417416,40.5363093807565],[-111.870926717461,40.536315233781],[-111.870975349092,40.5363155085712],[-111.871092811549,40.5363150962882],[-111.871096627498,40.5370168163827],[-111.871097037134,40.5370921439515],[-111.871100787435,40.5375642842376],[-111.870905620519,40.5375645947657],[-111.869046380921,40.5375557036946],[-111.867477221394,40.5375470755971],[-111.867477257651,40.5378264908305],[-111.868261716413,40.5378301099544],[-111.868261405584,40.5386592484868],[-111.868261783771,40.5387293267028],[-111.870467350432,40.5387622901792],[-111.87046794378,40.5388365769617],[-111.870467669164,40.5391904105036],[-111.869478115379,40.5391861630165],[-111.869222366785,40.5391921118641],[-111.86922207562,40.5406429621372],[-111.868664335626,40.5406411672375],[-111.868664490131,40.5399161866235],[-111.86807127751,40.5399136134019],[-111.867481555447,40.5399114702172],[-111.867480585837,40.5402713017036],[-111.867477904996,40.5406373497073],[-111.867356386328,40.5406430546747],[-111.867300605845,40.5406525466963],[-111.867235533164,40.5406642867923],[-111.867173386945,40.5406795659172],[-111.867164081637,40.5406795950589],[-111.867149544705,40.5406800845622],[-111.867129736743,40.5406734914075],[-111.867115716134,40.5406619999605]]],[[[-111.913392287555,40.5431300628669],[-111.913392511015,40.5429292283818],[-111.913512500866,40.5429306352037],[-111.913774343682,40.5429350796996],[-111.913784734365,40.5428383338084],[-111.913800694126,40.5426897388046],[-111.913824863115,40.542464684557],[-111.91383395305,40.5423800531653],[-111.91384827559,40.5422466916029],[-111.913864803811,40.5420928001118],[-111.913894184969,40.5418192264248],[-111.91391529853,40.5416226227962],[-111.913923568045,40.5415456184722],[-111.913921722199,40.5415454899037],[-111.913825826423,40.5415387526601],[-111.913294450972,40.5415017333028],[-111.912762967443,40.5414647029136],[-111.912252920449,40.541429222969],[-111.911757634441,40.5413947120121],[-111.911325964628,40.5413646119172],[-111.910911031868,40.5413357024637],[-111.910478513885,40.5413055716039],[-111.910355526226,40.5412967028705],[-111.91035544186,40.541240863465],[-111.910353150967,40.5397274940048],[-111.911911061546,40.5397241245989],[-111.911910404313,40.539449612956],[-111.911959320852,40.5394495446469],[-111.911957389297,40.53864409282],[-111.911914111698,40.5386436910338],[-111.911911891667,40.5383662570175],[-111.911913626666,40.5380889315527],[-111.91263172596,40.5380887369708],[-111.912697355185,40.5380887193957],[-111.912711880041,40.538088715094],[-111.913217221154,40.5380885758753],[-111.913791897947,40.5380884140176],[-111.914292862121,40.5380882712018],[-111.914690489099,40.5380881559035],[-111.915374736789,40.5380879552864],[-111.915826150001,40.5380878202675],[-111.916108783308,40.5380877351369],[-111.916339906192,40.5380876647581],[-111.916489660215,40.5380874012145],[-111.916457570981,40.5381976620125],[-111.916508344157,40.5383795064564],[-111.916667953967,40.5384548149427],[-111.917092130388,40.5385954551399],[-111.917096909175,40.5386915135348],[-111.917043876978,40.5386911816666],[-111.916691873733,40.538687930456],[-111.916899941557,40.5387465895708],[-111.917104249874,40.5388787877368],[-111.917105094216,40.5389093563437],[-111.917104732994,40.5389717310265],[-111.917102943377,40.5390340918777],[-111.91709972878,40.5390964190726],[-111.917095089085,40.5391586936995],[-111.917089024173,40.5392208968467],[-111.917081538649,40.5392830104862],[-111.917079837355,40.5392959009752],[-111.91707900251,40.5393022277386],[-111.916677888086,40.5392943466451],[-111.916550660945,40.5402585682702],[-111.916168279628,40.5410663661335],[-111.916036909379,40.541696061895],[-111.916083852665,40.541699486772],[-111.916099629254,40.541820611185],[-111.916056803532,40.5419418949337],[-111.916061266816,40.5422067288485],[-111.915947575939,40.5425604726363],[-111.915920571919,40.5427604511882],[-111.915474273004,40.5427294798495],[-111.915448543046,40.5429452596172],[-111.915446118055,40.5429649924361],[-111.915430262974,40.542963840955],[-111.914907116401,40.5429258343194],[-111.914832557997,40.5429237116392],[-111.914758175223,40.5429281480227],[-111.914684954574,40.5429390823448],[-111.914613870246,40.5429563715744],[-111.914496843891,40.5429906169672],[-111.914484063018,40.5429943571782],[-111.914473218245,40.5429975303908],[-111.914458760517,40.5430017619326],[-111.914443612238,40.5430061940384],[-111.914429873326,40.5430102150048],[-111.914405299056,40.5430174055401],[-111.914385939188,40.5430230709918],[-111.91435906115,40.54303093698],[-111.914331454853,40.5430390153678],[-111.914309951512,40.5430453151764],[-111.91428267275,40.5430532897305],[-111.914215910639,40.5430728265704],[-111.91414539293,40.5430934618214],[-111.914124889973,40.5430994617756],[-111.914121670584,40.5431004034327],[-111.914112341201,40.5431031335834],[-111.914083645182,40.5431131456769],[-111.914056816297,40.5431258159478],[-111.914055976197,40.5431262728005],[-111.914053670209,40.5431275543462],[-111.914050312306,40.5431278471816],[-111.914018998765,40.5431298246363],[-111.913986328283,40.5431309324232],[-111.913956309348,40.5431310942492],[-111.913392287555,40.5431300628669]]],[[[-111.873612945427,40.5414961017865],[-111.87356322124,40.5409704764211],[-111.874156074767,40.5409738488486],[-111.874954561021,40.5409755323736],[-111.876293711071,40.5409782609737],[-111.876589288092,40.5413679604606],[-111.876801598694,40.5416640796991],[-111.876962971328,40.5418917878136],[-111.877106038439,40.5421109820817],[-111.877249100549,40.5423291054028],[-111.877385164726,40.5425515368513],[-111.877517015538,40.5427739816922],[-111.877570872786,40.5428616692572],[-111.877626212022,40.5429632828721],[-111.877694328275,40.543089498376],[-111.877841905258,40.5433611801026],[-111.878046441198,40.5437730428039],[-111.878148819953,40.5439987968856],[-111.878219615749,40.5441503831284],[-111.878284460836,40.5442955683903],[-111.877091087005,40.5442913678259],[-111.874250696483,40.5442828328763],[-111.873744797176,40.5442813054241],[-111.873743181339,40.5441332928007],[-111.87371116833,40.5431379217099],[-111.873696293958,40.5426957932541],[-111.873687451062,40.542424643114],[-111.873642056272,40.5421360673158],[-111.8736090805,40.5419283623351],[-111.87360985753,40.5418182422661],[-111.873612945427,40.5414961017865]]],[[[-111.881803024784,40.538650309401],[-111.881789581712,40.5399523868228],[-111.881763124314,40.5401633280994],[-111.881599917931,40.540666542262],[-111.881718977917,40.5406608512459],[-111.884814748942,40.5406648060116],[-111.88481488599,40.5399862049911],[-111.884814655051,40.5398215442698],[-111.884813950283,40.5395111102878],[-111.88481264066,40.5394021684694],[-111.884477069371,40.5393586265117],[-111.883926858404,40.5392422814811],[-111.883417840597,40.5391115251672],[-111.882993137292,40.5389916987959],[-111.882258362319,40.5387841863175],[-111.881917487694,40.5386432534691],[-111.881803024784,40.538650309401],[-111.881793480376,40.5371182561252],[-111.881794397476,40.5370334322501],[-111.884150259871,40.5370335541767],[-111.884151357203,40.5369737186423],[-111.88415131189,40.5369335876776],[-111.884146971564,40.5334347530555],[-111.884146865281,40.5333546432629],[-111.884169224557,40.5333547230884],[-111.886431287061,40.5333412076261],[-111.886431574173,40.5334494434123],[-111.886436133879,40.5369363171461],[-111.886436512944,40.5370363987349],[-111.88654288339,40.5370368225514],[-111.886542899379,40.537127584454],[-111.886543055219,40.5380403212441],[-111.886542792591,40.5388033298413],[-111.888152790835,40.5388101267422],[-111.889175705511,40.5388023426401],[-111.88923283295,40.5390523396686],[-111.889277173674,40.5390582388592],[-111.889555471157,40.5391108334023],[-111.889619500604,40.5391686964289],[-111.889759345801,40.5392950711264],[-111.889835260059,40.5395070671617],[-111.889882362068,40.5400114803875],[-111.889957831285,40.5406874103],[-111.890046371534,40.5406875345358],[-111.890010184231,40.5411099874856],[-111.889862413905,40.5414654139364],[-111.889857151716,40.5414780717888],[-111.889806290038,40.541628250097],[-111.889753029737,40.5417855093975],[-111.889654786046,40.5420855877209],[-111.889659892808,40.5420855941635],[-111.88953596273,40.5424649535211],[-111.889523780234,40.5425021846841],[-111.889201790012,40.5425017392421],[-111.889194420375,40.542504033133],[-111.889191174045,40.5425040313012],[-111.889190235899,40.5427412759943],[-111.888809287181,40.5433003181557],[-111.888715949082,40.5434372894353],[-111.888601508072,40.5438762795064],[-111.888535622321,40.5441643330848],[-111.888503140939,40.5443151197651],[-111.885537884016,40.5443076636725],[-111.881769739128,40.5443077657622],[-111.878669023092,40.5442969197493],[-111.878622153547,40.544195698984],[-111.878398638718,40.543710832118],[-111.878274042288,40.5435312246432],[-111.878184838788,40.5434018624939],[-111.878125196201,40.5432841915418],[-111.878099623115,40.5432317710403],[-111.878078330834,40.5431911233309],[-111.877970405735,40.5429782461786],[-111.877770502112,40.5426413719229],[-111.877664256378,40.5424777770067],[-111.877487176537,40.5422040466176],[-111.877389413911,40.5420500673763],[-111.877260549734,40.5418597575291],[-111.877127432997,40.5416619603923],[-111.876959003592,40.5414278469316],[-111.876817483924,40.5412343622269],[-111.876671776937,40.5410451774878],[-111.876526069578,40.5408559925576],[-111.876366328694,40.5406528973086],[-111.87620363324,40.5404618482813],[-111.876044290413,40.5402747354468],[-111.874559380678,40.5386193687355],[-111.875134892257,40.538617760087],[-111.875151627605,40.538609933742],[-111.875180410494,40.5386004379141],[-111.875210914929,40.5385948999652],[-111.875229661895,40.5385935521545],[-111.875284710017,40.5385934858247],[-111.875283470391,40.5383326648361],[-111.875889280115,40.5383309680944],[-111.87701012977,40.5383271466029],[-111.877034307295,40.5383272246489],[-111.877033279145,40.5381595126072],[-111.877012266205,40.53815962341],[-111.877012295059,40.5377003618612],[-111.877012638611,40.5371160283818],[-111.877011939686,40.5369348246978],[-111.877012223851,40.535924825151],[-111.87770681132,40.5359253018686],[-111.877704189992,40.536374481237],[-111.87770091807,40.5369351673252],[-111.877700841459,40.5370285978748],[-111.878470939933,40.5370299236917],[-111.879605124428,40.5370293150381],[-111.879606645662,40.537132815072],[-111.879605435681,40.5371264339643],[-111.879603816831,40.5377754432087],[-111.8795919058,40.5379679753828],[-111.880129528228,40.5381418413824],[-111.880641379893,40.538314345879],[-111.881652622444,40.5386403813492],[-111.881803024784,40.538650309401]]],[[[-111.906392053368,40.5429582553962],[-111.906422491716,40.5423281068787],[-111.906468803761,40.5421748436054],[-111.906708615857,40.5419702108924],[-111.906746383477,40.5417091350828],[-111.906765920218,40.5415740830549],[-111.906733427337,40.5415729944251],[-111.906601936261,40.5415685883501],[-111.906602219828,40.5415569430297],[-111.906612034483,40.5411544480752],[-111.90707187597,40.5411536818032],[-111.907292468163,40.5411533011296],[-111.907948386368,40.5411520013924],[-111.908139528337,40.5411531715084],[-111.908065922904,40.5416566657683],[-111.908021275314,40.5419620702814],[-111.907976628506,40.5422674747371],[-111.907944185373,40.5424893982294],[-111.907889640105,40.5425729363936],[-111.907832496631,40.5426604532669],[-111.906569782616,40.5426608060372],[-111.906563510387,40.5427627863839],[-111.906552478516,40.5429943604056],[-111.90602181361,40.5438631830189],[-111.905876347183,40.5441013416831],[-111.905775383903,40.5442616875862],[-111.905587571926,40.5442893400067],[-111.905806581167,40.5439226424021],[-111.906359015773,40.5430132882774],[-111.906392053368,40.5429582553962]]]]},"properties":{"zone_code":"R3","zone_description":"Residential","zone_class_normalized":"Residential-High","jurisdiction":"draper_ut","source_rest_url":"https://services2.arcgis.com/nAPVXppTJAHM40Se/arcgis/rest/services/Zoning_Public/FeatureServer/5","extraction_method":"arcgis_rest","confidence":"rest_api"}},{"type":"Feature","geometry":{"type":"MultiPolygon","coordinates":[[[[-111.810616052185,40.4798639651791],[-111.809563455167,40.478413181627],[-111.809441020906,40.4770396433123],[-111.808560180089,40.4750033090439],[-111.808961935792,40.4738943134507],[-111.808491484458,40.4726546322937],[-111.808022047046,40.4716365364742],[-111.807611326031,40.4707512406742],[-111.807082618879,40.4694673849073],[-111.80667390912,40.4690252602552],[-111.806497812513,40.4686268525395],[-111.802957862449,40.4696109389678],[-111.797031295934,40.469625914512],[-111.796446421924,40.4687410136601],[-111.795531058354,40.4682518006088],[-111.796454677031,40.4682357782369],[-111.796439435004,40.4647098133813],[-111.796486544841,40.4647098184027],[-111.796501966071,40.4611096906073],[-111.802187850241,40.461080157485],[-111.802185040482,40.4647107923776],[-111.807212736867,40.4647102229242],[-111.811698755116,40.464709883667],[-111.811800959959,40.4650927692602],[-111.812211030379,40.4651307740313],[-111.81261949398,40.4648170347536],[-111.812669480478,40.4645433228501],[-111.812734445844,40.464495690998],[-111.813320196015,40.4642631717248],[-111.813496763981,40.4641917516108],[-111.814076478464,40.4639619464427],[-111.814255824251,40.4641092188077],[-111.8136952761,40.4647751120555],[-111.813805633546,40.4664944694938],[-111.812375977306,40.4675925630329],[-111.812393345424,40.4680719072797],[-111.812798516796,40.4688229793336],[-111.813666428153,40.4696605502908],[-111.814078141925,40.4700502904291],[-111.814237124103,40.4703269703964],[-111.814286691903,40.4708313953465],[-111.814031563685,40.4710665675306],[-111.813314012242,40.4710293812793],[-111.81902142772,40.4752351161385],[-111.818875050804,40.4658165417332],[-111.816922072981,40.4645320392253],[-111.817328404928,40.4637640404905],[-111.8173758713,40.4629510714227],[-111.81791080251,40.461875213048],[-111.818929868703,40.4613072077375],[-111.820875670695,40.4606559826866],[-111.821464379723,40.4607514148758],[-111.822146444822,40.4602273793605],[-111.822823876734,40.4599985943963],[-111.823265988313,40.4598494498492],[-111.824022959401,40.4595940770685],[-111.824201533272,40.459552711244],[-111.824432384656,40.4600007557148],[-111.824997985136,40.4604291207738],[-111.825817340753,40.4603487058569],[-111.825834571711,40.4606592593479],[-111.826956939526,40.4619284585615],[-111.828908585248,40.4620157703331],[-111.829417825846,40.4615965005776],[-111.829707284102,40.4610385539482],[-111.831889544546,40.4607260368407],[-111.832365081181,40.460891847837],[-111.833411522001,40.4627188938347],[-111.839550447321,40.462593934752],[-111.841838841919,40.465104634542],[-111.839514650509,40.4668473664462],[-111.837327343482,40.4654568096634],[-111.836562175179,40.4657247393727],[-111.835518019804,40.4659403036256],[-111.833378025276,40.4664269294096],[-111.832208967172,40.4663466398431],[-111.831233211406,40.4660586545524],[-111.830712576519,40.4665458221748],[-111.829842553739,40.4666737675911],[-111.82772310177,40.4676405468208],[-111.826019353028,40.4703195159395],[-111.826388423665,40.4729551312283],[-111.826082817608,40.4742217777259],[-111.824038629536,40.4763871388721],[-111.823707673846,40.4768538723059],[-111.823822134675,40.4775734789695],[-111.825716316011,40.4788810855442],[-111.824938916317,40.4788832176916],[-111.823770413659,40.4783782349783],[-111.823094951894,40.4787975962447],[-111.822725142075,40.4790271888083],[-111.822619210707,40.4790929558787],[-111.821531001053,40.4792913471508],[-111.821521212221,40.4792903563593],[-111.821521391129,40.4791389575798],[-111.820064522392,40.4791428754511],[-111.819968535387,40.4791331565078],[-111.819382800275,40.4788561662263],[-111.817883769186,40.4785537667105],[-111.817227963617,40.4789176609819],[-111.817039715219,40.4791509530087],[-111.811942764337,40.479164386515],[-111.81194569438,40.4804868558438],[-111.810616052185,40.4798639651791]]],[[[-111.842069431144,40.4644535518451],[-111.839543987918,40.4612919123058],[-111.838830940467,40.4616294661036],[-111.838179537908,40.4610208892508],[-111.838381960071,40.4608341692564],[-111.850168565974,40.4608004795947],[-111.850227151947,40.4644318392047],[-111.842069431144,40.4644535518451]]]]},"properties":{"zone_code":"RR-22","zone_description":"Rural Residential","zone_class_normalized":"Agriculture/Rural","jurisdiction":"draper_ut","source_rest_url":"https://services2.arcgis.com/nAPVXppTJAHM40Se/arcgis/rest/services/Zoning_Public/FeatureServer/5","extraction_method":"arcgis_rest","confidence":"rest_api"}},{"type":"Feature","geometry":{"type":"MultiPolygon","coordinates":[[[[-111.887596927347,40.4991614316762],[-111.887599373982,40.4981979492252],[-111.887664334164,40.4981976082308],[-111.887665953189,40.4978652315342],[-111.887667296648,40.4971597608737],[-111.887667927257,40.4970352047086],[-111.887762138464,40.4969705445695],[-111.887762278654,40.4969329105871],[-111.887771391513,40.496935565062],[-111.887783287569,40.4969355725201],[-111.888412956516,40.4969360030166],[-111.888414051328,40.4960033997499],[-111.888957781404,40.4960037699388],[-111.888958164083,40.495676433091],[-111.890510066464,40.4956774739792],[-111.890539235917,40.4961037629066],[-111.890552039012,40.496327553661],[-111.890551464564,40.4963273574478],[-111.888958448724,40.4963290508337],[-111.888959557642,40.4969424687492],[-111.888960079671,40.4970082239111],[-111.890575608751,40.4970008682979],[-111.890579346046,40.4971479190839],[-111.890580744587,40.4984980396064],[-111.890564882159,40.498497227925],[-111.890565546084,40.4995508788986],[-111.890548564585,40.4996465168846],[-111.890524047548,40.4997383570137],[-111.890465679339,40.4998653398503],[-111.890422580225,40.4999489736383],[-111.890353011078,40.5000447867965],[-111.890273402834,40.5001368094813],[-111.890178747537,40.5002250601505],[-111.890021640234,40.5003402803006],[-111.889901650657,40.5004064832889],[-111.889805772583,40.500444985125],[-111.88832687297,40.500600870988],[-111.887598673535,40.5005997986719],[-111.887602035085,40.4992739829236],[-111.887596927347,40.4991614316762]]],[[[-111.890377911778,40.4925732994234],[-111.890540621162,40.4925463016041],[-111.890693000328,40.492556175478],[-111.890570850483,40.4928076915589],[-111.890568672455,40.492807819498],[-111.890552624045,40.4928099398368],[-111.890526311142,40.4928144287014],[-111.890510710501,40.4928177020899],[-111.890491871039,40.492822286714],[-111.890476667455,40.4928265088901],[-111.890461673877,40.4928311500361],[-111.890442853783,40.4928376789475],[-111.890420508018,40.4928465160927],[-111.890407272954,40.4928523437441],[-111.890342834435,40.4928836213812],[-111.890283391525,40.4929126227768],[-111.890213640261,40.4929466522111],[-111.890118162266,40.4929932340484],[-111.890004947182,40.4930484691199],[-111.889908226676,40.4930956565091],[-111.889846197775,40.4931259180966],[-111.889756799331,40.4931688239368],[-111.889690426846,40.4931990746742],[-111.889577316025,40.4932478932238],[-111.88949532605,40.4932828608013],[-111.889378289486,40.4933327738079],[-111.88926327915,40.4933818226088],[-111.889063932926,40.4934668388016],[-111.88895751612,40.4935122222055],[-111.888893082997,40.4935397012561],[-111.888892352372,40.4935410752695],[-111.888889319091,40.4932464550412],[-111.888933198007,40.4932289002082],[-111.889621012681,40.4929197356501],[-111.890088272498,40.4927017885979],[-111.890377911778,40.4925732994234]]],[[[-111.888524648994,40.503771212305],[-111.888524039502,40.5031182165344],[-111.888468225325,40.5029958317604],[-111.888409610141,40.5029957396871],[-111.888409862757,40.5029036842695],[-111.888369413288,40.5029094577755],[-111.888328266754,40.5029098733258],[-111.888287632375,40.5029049170063],[-111.888248702591,40.5028947361638],[-111.888212624691,40.5028796295938],[-111.888180457116,40.5028600404801],[-111.888153144618,40.5028365447693],[-111.888131491025,40.5028098332484],[-111.88811783509,40.5027839210649],[-111.888117831615,40.502781856947],[-111.888105122484,40.5007888877619],[-111.88837965627,40.5007873035697],[-111.888459775468,40.5007957060656],[-111.889082269871,40.5007966413806],[-111.889175403498,40.5007931107041],[-111.889298029775,40.5007827294145],[-111.889297978495,40.5008836072317],[-111.8904284113,40.501002143914],[-111.89045059741,40.5010055633379],[-111.890465554997,40.5010091680502],[-111.890480043934,40.5010137541543],[-111.890493953124,40.5010192868978],[-111.890504592963,40.5010243667366],[-111.890514742829,40.5010300002634],[-111.8905243542,40.5010361606226],[-111.890535536825,40.5010445563888],[-111.890545719548,40.5010536642436],[-111.890554822923,40.501063414207],[-111.890565625704,40.5010780027284],[-111.890575954743,40.5010980440428],[-111.890581588672,40.5011167024052],[-111.890583214228,40.5011271923535],[-111.890583683801,40.5011333840814],[-111.890584503913,40.5011893038035],[-111.890584376484,40.5022144854029],[-111.890583141605,40.5024859505215],[-111.890332357703,40.5024853488789],[-111.889868570693,40.5037627310403],[-111.889167479576,40.5037601066183],[-111.888744310775,40.503775772866],[-111.888524648994,40.503771212305]]]]},"properties":{"zone_code":"CO2","zone_description":"Commercial Office","zone_class_normalized":"Commercial","jurisdiction":"draper_ut","source_rest_url":"https://services2.arcgis.com/nAPVXppTJAHM40Se/arcgis/rest/services/Zoning_Public/FeatureServer/5","extraction_method":"arcgis_rest","confidence":"rest_api"}},{"type":"Feature","geometry":{"type":"Polygon","coordinates":[[[-111.900854831715,40.5021364757185],[-111.900848037301,40.5007583362442],[-111.902472796512,40.5007617507974],[-111.903275461342,40.5007634308282],[-111.90402518268,40.5007649934403],[-111.90399439931,40.5027437274731],[-111.903991521297,40.5029346577977],[-111.903993748429,40.503117241938],[-111.903807542123,40.5032110488461],[-111.903293814352,40.5034575535648],[-111.902796049818,40.5036581588818],[-111.902538087111,40.5037478362663],[-111.902008461558,40.5039158890078],[-111.901384568895,40.5040603365691],[-111.900885790628,40.5041488635761],[-111.900832889437,40.5041584177871],[-111.900564415106,40.5041958597869],[-111.900257792695,40.5042293572596],[-111.89998833053,40.5042517400106],[-111.899956310483,40.5042543997503],[-111.899661903891,40.5042722649251],[-111.899416743456,40.5042745075544],[-111.899230705105,40.5042755675213],[-111.899166886292,40.5042753625667],[-111.899302176555,40.5041313896934],[-111.899349928586,40.5040805801398],[-111.900856514001,40.5024774703486],[-111.900856402563,40.5024548724593],[-111.900854831715,40.5021364757185]]]},"properties":{"zone_code":"CSD-IOP","zone_description":"Commercial Special District","zone_class_normalized":"Commercial","jurisdiction":"draper_ut","source_rest_url":"https://services2.arcgis.com/nAPVXppTJAHM40Se/arcgis/rest/services/Zoning_Public/FeatureServer/5","extraction_method":"arcgis_rest","confidence":"rest_api"}},{"type":"Feature","geometry":{"type":"MultiPolygon","coordinates":[[[[-111.896984373494,40.4815290286909],[-111.897766238892,40.4810405795045],[-111.897970140901,40.4812088975216],[-111.897797965857,40.481279427399],[-111.89763039442,40.4813561500442],[-111.897467806485,40.4814388885726],[-111.897310572459,40.4815274562271],[-111.897159050868,40.4816216500812],[-111.897013586035,40.4817212573515],[-111.896874510399,40.4818260490849],[-111.896742141029,40.4819357882758],[-111.89661677723,40.4820502244703],[-111.896518619634,40.4820125961223],[-111.896417883577,40.4819791785586],[-111.896314876291,40.4819500743008],[-111.896984373494,40.4815290286909]]],[[[-111.899441220746,40.4811883065428],[-111.899526940434,40.4817519279817],[-111.898693546954,40.4820899868862],[-111.898224583725,40.4824254730768],[-111.897913873142,40.4825905303963],[-111.897506272884,40.4825371216511],[-111.897389599032,40.4824520328798],[-111.897267594486,40.4823714199763],[-111.897140556412,40.4822954773444],[-111.897008788976,40.4822243876569],[-111.896988537224,40.4821313193532],[-111.897155084401,40.4819496052487],[-111.897248377312,40.481872095052],[-111.897347351138,40.481798809076],[-111.897451678215,40.4817299870739],[-111.897561013133,40.4816658589535],[-111.897674995045,40.4816066357629],[-111.897793246508,40.4815525132976],[-111.897915377009,40.4815036702875],[-111.898040982975,40.4814602692974],[-111.898169647739,40.4814224522243],[-111.898300946294,40.4813903456853],[-111.89843444526,40.4813640556142],[-111.899341355715,40.4812064696761],[-111.899441220746,40.4811883065428]]],[[[-111.89358777566,40.5265683572604],[-111.89337397254,40.5265671918735],[-111.893374228908,40.5265707185539],[-111.893280699251,40.5265711927002],[-111.893221224985,40.5265768902233],[-111.893180525204,40.5265770213465],[-111.89317949324,40.526559526693],[-111.89317075366,40.5264119882668],[-111.893264206309,40.5264125249077],[-111.893258253253,40.5263125480529],[-111.89323816795,40.5259752682948],[-111.89322867919,40.5259752686076],[-111.893194907565,40.525731214233],[-111.893180254486,40.5254952323695],[-111.893219421348,40.5244920918532],[-111.89316725768,40.5239485171522],[-111.893167303687,40.5239478992048],[-111.893339581801,40.5239611513001],[-111.893986802364,40.5239607246845],[-111.893969705329,40.5237341727618],[-111.894403669082,40.5224790369373],[-111.894419269686,40.5224566439136],[-111.894677973838,40.5224529731838],[-111.896378331338,40.5224426072029],[-111.896379359375,40.5234709055013],[-111.89637950589,40.5239200433692],[-111.896375755351,40.523920044345],[-111.896375732142,40.5239597398847],[-111.89413608964,40.5239612458383],[-111.89413761293,40.5253006481807],[-111.894138184123,40.5258021732546],[-111.894139090213,40.5265969206915],[-111.89358777566,40.5265683572604]]],[[[-111.889109429958,40.5280168146055],[-111.889100792602,40.5280065938741],[-111.889081266299,40.5280164271863],[-111.889060264164,40.5279891060177],[-111.889041468553,40.527960865243],[-111.889005293494,40.5278991799854],[-111.888998352034,40.5278721651658],[-111.88896243677,40.527798686048],[-111.88894401561,40.5277750414306],[-111.888901192047,40.5276681172761],[-111.888867194507,40.5275593626794],[-111.88888128205,40.5275571581743],[-111.888879992986,40.5275523479956],[-111.888865252835,40.5275522834241],[-111.888841700916,40.5274467353192],[-111.88884416542,40.5274190129546],[-111.88883027335,40.5273026385462],[-111.888826617231,40.5272889998096],[-111.888830210324,40.5272445500849],[-111.888844454332,40.5272445469623],[-111.888845002787,40.527238686024],[-111.888830684392,40.5272386830893],[-111.88884086289,40.5271127881328],[-111.888844215814,40.5270949619014],[-111.888851297174,40.5270777825198],[-111.888861919517,40.5270616999943],[-111.888875805543,40.5270471376123],[-111.888892590381,40.5270344775249],[-111.888911834519,40.5270240507984],[-111.888933030845,40.5270161310868],[-111.889029463362,40.5269941406222],[-111.889186088747,40.5269948814983],[-111.8892935688,40.5270067705673],[-111.889293569027,40.5270397098779],[-111.88930436089,40.5270397100592],[-111.889304361645,40.527007978412],[-111.889509672274,40.5270306905031],[-111.8896458218,40.5270437564859],[-111.889782521358,40.5270528957901],[-111.890047184112,40.5280433528922],[-111.890323301194,40.5290768407157],[-111.890320819407,40.5290744120343],[-111.890316385271,40.5290700878476],[-111.890315275565,40.5290690081556],[-111.890314164679,40.5290679284676],[-111.890313052617,40.529066849684],[-111.890311940556,40.5290657709004],[-111.890310827319,40.5290646930213],[-111.890309714083,40.5290636151423],[-111.890308599671,40.5290625381676],[-111.89030748526,40.529061461193],[-111.890306368488,40.5290603842262],[-111.890305252902,40.529059308156],[-111.89030413496,40.5290582329942],[-111.890303017018,40.5290571578324],[-111.890301899077,40.5290560826706],[-111.89030077996,40.5290550084133],[-111.890299659663,40.5290539341599],[-111.890298539371,40.529052860807],[-111.890297417905,40.5290517883586],[-111.890296295253,40.5290507150136],[-111.890295172611,40.5290496434696],[-111.890294048784,40.5290485710291],[-111.890292924967,40.5290475003896],[-111.890291799965,40.5290464288535],[-111.890290673793,40.5290453591224],[-111.890289547616,40.5290442884907],[-111.890288420264,40.5290432187636],[-111.890287292917,40.529042149937],[-111.89028616439,40.5290410811142],[-111.890285034683,40.5290400122954],[-111.890283904986,40.5290389452777],[-111.890282775284,40.5290378773595],[-111.890281643226,40.5290368103496],[-111.890280511169,40.5290357433397],[-111.890279379117,40.5290346772304],[-111.89027824589,40.5290336120255],[-111.890277111482,40.5290325468246],[-111.890275977075,40.5290314816236],[-111.890274841493,40.5290304173271],[-111.89027370473,40.5290293530346],[-111.890272567973,40.5290282896426],[-111.890271431215,40.5290272262505],[-111.890270292103,40.5290261637669],[-111.89026915299,40.5290251012833],[-111.890268013883,40.5290240397002],[-111.890266873595,40.529022978121],[-111.890265732133,40.5290219174463],[-111.89026459067,40.5290208567715],[-111.890263448033,40.5290197970013],[-111.890262305395,40.529018737231],[-111.890261161582,40.5290176783652],[-111.89026001659,40.5290166195034],[-111.890258871597,40.5290155606415],[-111.890257725429,40.5290145026841],[-111.890256579266,40.5290134456272],[-111.890255431924,40.5290123885742],[-111.890254283406,40.5290113324257],[-111.890253134888,40.5290102762772],[-111.89025198519,40.5290092201327],[-111.890250835497,40.5290081648886],[-111.890249684629,40.5290071105491],[-111.890248533761,40.5290060562095],[-111.890247380533,40.5290050018778],[-111.89024622849,40.5290039484426],[-111.890245074087,40.5290028950154],[-111.890243920869,40.5290018424848],[-111.890242765296,40.5290007908625],[-111.890241609723,40.5289997392402],[-111.89024045415,40.528998687618],[-111.890239296222,40.5289976369041],[-111.890238139474,40.5289965861862],[-111.890236980371,40.5289955363768],[-111.890235821267,40.5289944865674],[-111.890234662169,40.5289934376585],[-111.890233500711,40.5289923887575],[-111.890232340438,40.528991340753],[-111.890231177804,40.5289902927565],[-111.890230016356,40.5289892456565],[-111.890228852553,40.5289881994649],[-111.890227688745,40.5289871523728],[-111.890226523766,40.5289861070857],[-111.890225358783,40.528985060898],[-111.890224192629,40.5289840165153],[-111.890223026471,40.5289829712321],[-111.890221859138,40.5289819268534],[-111.890220690629,40.5289808833791],[-111.890219522121,40.5289798399048],[-111.890218352437,40.528978797335],[-111.890217182754,40.5289777547651],[-111.890216011895,40.5289767130998],[-111.890214841036,40.5289756714344],[-111.890213669003,40.5289746306735],[-111.890212495789,40.5289735899165],[-111.890211322581,40.5289725500601],[-111.890210148192,40.5289715102076],[-111.890208973808,40.5289704712556],[-111.890207798245,40.5289694323075],[-111.890206621501,40.5289683933634],[-111.890205444767,40.5289673562203],[-111.890204266848,40.5289663181806],[-111.890203088935,40.5289652810414],[-111.890201909846,40.5289642448068],[-111.890200730757,40.5289632085721],[-111.890199550493,40.5289621732419],[-111.890198369049,40.5289611379156],[-111.890197187611,40.5289601034898],[-111.890196004992,40.5289590690679],[-111.890194822373,40.5289580346461],[-111.890193638584,40.5289570020293],[-111.89019245361,40.5289559685157],[-111.890191268641,40.5289549359028],[-111.890190083677,40.5289539041905],[-111.890188896353,40.5289528724859],[-111.890187710214,40.528951841678],[-111.890186521715,40.5289508108779],[-111.890185333221,40.5289497809783],[-111.890184144727,40.5289487510787],[-111.890182955053,40.5289477211831],[-111.890181764209,40.5289466930925],[-111.890180573359,40.5289456641013],[-111.890179381335,40.5289446360146],[-111.890178188136,40.5289436088323],[-111.890176994937,40.5289425816501],[-111.890175801743,40.5289415553684],[-111.890174607369,40.5289405290906],[-111.890173411819,40.5289395037172],[-111.89017221627,40.5289384783439],[-111.890171019546,40.528937453875],[-111.890169822822,40.5289364294062],[-111.890168624922,40.5289354058417],[-111.890167425843,40.5289343822812],[-111.890166226769,40.5289333596213],[-111.890165026514,40.5289323369652],[-111.890163826265,40.5289313152097],[-111.890162624835,40.5289302934581],[-111.890161423411,40.5289292726071],[-111.890160220807,40.5289282517599],[-111.890159017027,40.5289272318173],[-111.890157813248,40.5289262118746],[-111.890156608293,40.5289251928364],[-111.890155403339,40.5289241737982],[-111.890154197209,40.5289231556644],[-111.89015299108,40.5289221375306],[-111.890151783776,40.5289211203013],[-111.890150575291,40.528920103076],[-111.890149366811,40.5289190867512],[-111.890148158332,40.5289180704263],[-111.890146947497,40.5289170550099],[-111.890145737848,40.5289160404901],[-111.890144525838,40.5289150259781],[-111.890143313828,40.528914011466],[-111.890142101824,40.5289129978546],[-111.890140888639,40.528911984247],[-111.89013967428,40.5289109715439],[-111.890138459925,40.5289099597414],[-111.89013724439,40.5289089479428],[-111.890136028856,40.5289079361441],[-111.890134812146,40.5289069252499],[-111.890133594261,40.5289059152602],[-111.890132376376,40.5289049052705],[-111.890131158492,40.5289038952808],[-111.890129939432,40.5289028861955],[-111.890128719197,40.5289018780147],[-111.890127498962,40.5289008698339],[-111.890126277547,40.528899861657],[-111.890125054963,40.5288988552852],[-111.890123832373,40.5288978480127],[-111.890122609788,40.5288968416409],[-111.890121386028,40.5288958361735],[-111.890120161088,40.5288948307099],[-111.890118936153,40.528893826147],[-111.890117710038,40.5288928215879],[-111.890116483929,40.5288918179294],[-111.890115256639,40.5288908142748],[-111.890114029354,40.5288898115208],[-111.890112799709,40.5288888087745],[-111.890111571249,40.5288878069249],[-111.890110341609,40.5288868050792],[-111.890109110794,40.528885804138],[-111.890107879984,40.5288848040974],[-111.890106647994,40.5288838040606],[-111.890105416004,40.5288828040238],[-111.890104182839,40.5288818048915],[-111.890102948494,40.5288808057631],[-111.890101714154,40.5288798075353],[-111.890100479819,40.528878810208],[-111.890099243124,40.5288778128884],[-111.890098007609,40.5288768155651],[-111.890096769738,40.52887581915],[-111.890095533054,40.5288748236316],[-111.890094294008,40.5288738281211],[-111.890093054968,40.528872833511],[-111.890091815928,40.528871838901],[-111.890090575713,40.5288708451955],[-111.890089334318,40.5288698514938],[-111.890088092928,40.5288688586927],[-111.890086850358,40.5288678658955],[-111.890085607793,40.5288668739988],[-111.890084364047,40.5288658821061],[-111.890083120307,40.5288648911139],[-111.890081875387,40.5288639001256],[-111.890080629292,40.5288629100418],[-111.890079383196,40.528861919958],[-111.890078135926,40.5288609307785],[-111.890076888661,40.5288599424998],[-111.890075641396,40.5288589542209],[-111.89007439177,40.5288579659499],[-111.89007314333,40.5288569785755],[-111.890071892535,40.5288559921095],[-111.89007064174,40.5288550056435],[-111.89006939095,40.5288540200781],[-111.890068138979,40.5288530345165],[-111.890066885834,40.5288520498594],[-111.890065632689,40.5288510652023],[-111.890064378368,40.5288500814497],[-111.890063124048,40.5288490976971],[-111.890061868553,40.5288481148489],[-111.890060613057,40.5288471320007],[-111.890059356387,40.528846150057],[-111.890058099717,40.5288451681132],[-111.890056841871,40.5288441870739],[-111.890055582851,40.5288432069392],[-111.89005432383,40.5288422268044],[-111.89005306481,40.5288412466695],[-111.890051804615,40.5288402674392],[-111.890050543244,40.5288392891133],[-111.890049281874,40.5288383107874],[-111.890048019329,40.5288373333659],[-111.890046755603,40.5288363559484],[-111.890045493063,40.5288353794275],[-111.890044228162,40.5288344029144],[-111.890042963267,40.5288334273019],[-111.890041698372,40.5288324516893],[-111.890040432301,40.5288314769812],[-111.890039165051,40.5288305022771],[-111.890037897805,40.5288295284734],[-111.890036629385,40.5288285555743],[-111.890035360964,40.5288275826751],[-111.890034091364,40.5288266097798],[-111.890032821773,40.5288256386857],[-111.890031550998,40.5288246666949],[-111.890030279047,40.5288236956085],[-111.890029007102,40.5288227254227],[-111.890027735156,40.5288217552369],[-111.890026462036,40.5288207859556],[-111.890025187735,40.5288198166781],[-111.89002391344,40.5288188483012],[-111.890022639149,40.5288178808248],[-111.890021362499,40.5288169133563],[-111.890020087028,40.5288159458839],[-111.890018809203,40.5288149793198],[-111.890017531382,40.5288140136563],[-111.890016253562,40.5288130479927],[-111.890014974561,40.5288120823331],[-111.890013695571,40.5288111184746],[-111.890012415395,40.5288101537194],[-111.89001113405,40.5288091907693],[-111.890009852699,40.5288082269185],[-111.890008571359,40.5288072648689],[-111.890007287658,40.5288063028271],[-111.890006005137,40.5288053407814],[-111.890004721442,40.5288043796401],[-111.890003436571,40.5288034194033],[-111.890002150521,40.5288024591704],[-111.89000086565,40.5288014989336],[-111.889999578424,40.5288005396051],[-111.889998291204,40.5287995811772],[-111.889997003983,40.5287986227493],[-111.889995715588,40.5287976652259],[-111.889994426012,40.5287967077063],[-111.889993136442,40.5287957510874],[-111.889991846876,40.5287947953689],[-111.889990556131,40.5287938396543],[-111.889989264205,40.5287928839437],[-111.889987972284,40.5287919291336],[-111.889986679189,40.528790975228],[-111.889985386093,40.5287900213224],[-111.889984091823,40.5287890683212],[-111.889982797552,40.52878811532],[-111.889981502106,40.5287871632233],[-111.889980206661,40.5287862111265],[-111.88997891004,40.5287852599343],[-111.889977612239,40.5287843087459],[-111.889976314444,40.5287833584581],[-111.889975016653,40.5287824090708],[-111.889973717683,40.5287814596875],[-111.889972417532,40.528780510308],[-111.889971117392,40.5287795627296],[-111.889969817246,40.5287786142507],[-111.88996851475,40.5287776675807],[-111.889967213435,40.5287767209068],[-111.889965909759,40.5287757742407],[-111.889964607269,40.5287748284712],[-111.889963302418,40.5287738827096],[-111.889961998752,40.5287729378446],[-111.889960692732,40.5287719938879],[-111.889959386711,40.5287710499313],[-111.889958080696,40.5287701068752],[-111.8899567735,40.528769163823],[-111.889955466309,40.5287682216713],[-111.889954157939,40.5287672795235],[-111.889952848393,40.5287663382803],[-111.889951538847,40.528765397037],[-111.889950229307,40.5287644566942],[-111.889948918591,40.5287635172559],[-111.889947606696,40.5287625778216],[-111.889946294805,40.5287616392877],[-111.889944981734,40.5287607007577],[-111.889943668669,40.5287597631284],[-111.889942354423,40.5287588255029],[-111.889941040183,40.5287578887779],[-111.889939725947,40.5287569529535],[-111.889938409352,40.528756017137],[-111.889937093936,40.5287550813165],[-111.889935776165,40.5287541464043],[-111.8899344584,40.5287532123928],[-111.889933140634,40.5287522783811],[-111.889931821694,40.528751345274],[-111.889930502753,40.5287504121669],[-111.889929182638,40.5287494799642],[-111.889927861347,40.528748548666],[-111.889926540056,40.5287476173678],[-111.889925218766,40.5287466860695],[-111.8899238963,40.5287457556757],[-111.88992257266,40.5287448261864],[-111.889921249019,40.5287438966971],[-111.889919925384,40.5287429681083],[-111.889918600573,40.528742040424],[-111.889917274583,40.5287411127436],[-111.889915948592,40.5287401850631],[-111.889914621426,40.5287392582871],[-111.889913294266,40.5287383324117],[-111.889911967106,40.5287374065363],[-111.88991063759,40.5287364815692],[-111.889909309254,40.5287355565982],[-111.889907978564,40.5287346325356],[-111.889906649053,40.5287337084691],[-111.889905318368,40.528732785307],[-111.889903986507,40.5287318630494],[-111.889902653467,40.5287309407957],[-111.889901321612,40.5287300194386],[-111.889899987396,40.5287290980893],[-111.889898654366,40.5287281776367],[-111.889897318975,40.5287272571918],[-111.889895983589,40.5287263376476],[-111.889894648209,40.5287254190038],[-111.889893311649,40.528724500364],[-111.889891975088,40.5287235817242],[-111.889890637353,40.5287226639888],[-111.889889298442,40.5287217471579],[-111.889887959537,40.5287208312275],[-111.889886620626,40.5287199143966],[-111.889885280546,40.5287189993707],[-111.889883939285,40.5287180843487],[-111.88988259803,40.5287171702272],[-111.889881256775,40.5287162561057],[-111.889879914339,40.5287153419881],[-111.889878570734,40.5287144296755],[-111.889877227128,40.5287135173629],[-111.889875883523,40.5287126050504],[-111.889874538743,40.5287116936422],[-111.889873192787,40.5287107831385],[-111.889871846832,40.5287098726349],[-111.889870500882,40.5287089630317],[-111.889869153751,40.5287080534325],[-111.889867805446,40.5287071447377],[-111.88986645714,40.5287062360429],[-111.88986510766,40.5287053282526],[-111.889863758185,40.5287044213628],[-111.889862407529,40.5287035144769],[-111.889861056879,40.5287026084916],[-111.889859706229,40.5287017025062],[-111.889858354404,40.5287007974254],[-111.889857001398,40.5286998923484],[-111.889855648398,40.5286989881719],[-111.889854294223,40.5286980848999],[-111.889852940048,40.528697181628],[-111.889851584697,40.5286962792604],[-111.889850229347,40.5286953768928],[-111.889848872822,40.5286944754298],[-111.889847516296,40.5286935739667],[-111.889846158596,40.5286926734081],[-111.889844800901,40.5286917737499],[-111.889843443206,40.5286908740918],[-111.889842083156,40.5286899753421],[-111.889840724285,40.5286890765884],[-111.88983936306,40.5286881787431],[-111.889838003015,40.5286872808939],[-111.889836641795,40.5286863839491],[-111.8898352794,40.5286854879089],[-111.889833917005,40.5286845918685],[-111.889832553435,40.5286836967327],[-111.889831189864,40.5286828015968],[-111.889829825119,40.5286819073654],[-111.889828460379,40.5286810140346],[-111.889827094459,40.5286801207076],[-111.889825728544,40.5286792282812],[-111.889824361449,40.5286783358587],[-111.889822994359,40.5286774443367],[-111.889821626089,40.5286765528186],[-111.889820257824,40.5286756622011],[-111.889818888379,40.5286747715875],[-111.889817518944,40.528673882775],[-111.889816148323,40.5286729930658],[-111.889814777714,40.5286721051577],[-111.889813407099,40.528671216349],[-111.889812034134,40.5286703293494],[-111.889810662349,40.5286694423457],[-111.889809288209,40.5286685562504],[-111.889807915249,40.5286676701512],[-111.889806541114,40.5286667849565],[-111.889805165799,40.5286658997656],[-111.889803790489,40.5286650154754],[-111.889802413999,40.528664131189],[-111.889801037514,40.5286632478031],[-111.889799659854,40.5286623653218],[-111.889798282194,40.5286614828403],[-111.88979690454,40.5286606012594],[-111.88979552453,40.528659720587],[-111.8897941457,40.5286588399106],[-111.88979276569,40.5286579592381],[-111.889791384505,40.52865707947],[-111.889790003325,40.5286562006025],[-111.889788620971,40.5286553226395],[-111.889787238616,40.5286544446763],[-111.889785856261,40.5286535667133],[-111.889784472731,40.5286526896547],[-111.889783088027,40.5286518135005],[-111.889781703322,40.5286509373463],[-111.889780318622,40.5286500620927],[-111.889778931562,40.5286491868469],[-111.889777545688,40.5286483124977],[-111.889776158638,40.528647439053],[-111.889774770408,40.5286465656121],[-111.889773383364,40.5286456930679],[-111.889771993959,40.5286448205315],[-111.889770604559,40.5286439488957],[-111.889769215165,40.5286430781604],[-111.88976782459,40.528642207429],[-111.889766432841,40.5286413376021],[-111.889765041091,40.5286404677751],[-111.889763649347,40.5286395988487],[-111.889762256427,40.5286387308267],[-111.889760863508,40.5286378628048],[-111.889759469408,40.5286369947867],[-111.889758075319,40.5286361285698],[-111.889756680049,40.5286352623567],[-111.88975528478,40.5286343961436],[-111.889753888335,40.528633530835],[-111.889752490716,40.5286326664308],[-111.889751094276,40.5286318020227],[-111.889749695482,40.528630938523],[-111.889748297867,40.5286300750194],[-111.889746899078,40.5286292124202],[-111.889745499114,40.5286283507254],[-111.889744099149,40.5286274890307],[-111.88974269801,40.5286266282404],[-111.889741296871,40.5286257674501],[-111.889739894556,40.5286249075642],[-111.889738492247,40.5286240485789],[-111.889737089938,40.5286231895936],[-111.889735686454,40.5286223315127],[-111.889734281789,40.5286214734358],[-111.88973287713,40.5286206162594],[-111.889731472471,40.5286197590829],[-111.889730066637,40.5286189028109],[-111.889728659627,40.5286180474434],[-111.889727252618,40.5286171920759],[-111.889725845614,40.5286163376089],[-111.889724437435,40.5286154840464],[-111.889723029256,40.5286146304838],[-111.889721619902,40.5286137778257],[-111.889720209368,40.5286129251715],[-111.889718800019,40.5286120734139],[-111.889717388309,40.5286112216642],[-111.889715977786,40.5286103708111],[-111.889714564906,40.5286095208663],[-111.889696940012,40.5285989130962],[-111.889654794129,40.5285729474441],[-111.88962309595,40.5285525990354],[-111.889591866316,40.5285318320964],[-111.88956111706,40.5285106519914],[-111.889530857665,40.5284890658939],[-111.889501095248,40.5284670800846],[-111.889472573052,40.5284452612555],[-111.889471841653,40.5284447017291],[-111.889467868722,40.528441554825],[-111.889469395787,40.5284392514934],[-111.889481391745,40.5284167144653],[-111.889488869315,40.5283930667351],[-111.889491659191,40.5283688347999],[-111.889489703071,40.5283445555941],[-111.889483041794,40.528320766623],[-111.88947698494,40.5282934859292],[-111.889460147324,40.5282712860547],[-111.889439097045,40.5282512876611],[-111.889414318289,40.5282339547332],[-111.889381164541,40.5282230220629],[-111.889278429796,40.5281704295025],[-111.88922849315,40.528142310184],[-111.889182057182,40.5281108921361],[-111.889139493925,40.5280764271884],[-111.889101146049,40.5280391933844],[-111.889089928402,40.528026641533],[-111.889109429958,40.5280168146055]]],[[[-111.891443947943,40.543649026746],[-111.891457219735,40.543285949838],[-111.891461950374,40.5432897236257],[-111.892334740536,40.543298223678],[-111.89343840139,40.5433089839492],[-111.894073257203,40.5433151640948],[-111.894191254816,40.5440792246987],[-111.894227965864,40.5443171973976],[-111.89140501087,40.5443214588995],[-111.891413155052,40.5442255304598],[-111.891443947943,40.543649026746]]]]},"properties":{"zone_code":"CI","zone_description":"Interchange Commercial","zone_class_normalized":"Commercial","jurisdiction":"draper_ut","source_rest_url":"https://services2.arcgis.com/nAPVXppTJAHM40Se/arcgis/rest/services/Zoning_Public/FeatureServer/5","extraction_method":"arcgis_rest","confidence":"rest_api"}},{"type":"Feature","geometry":{"type":"MultiPolygon","coordinates":[[[[-111.876049617574,40.4855104503705],[-111.87687360502,40.4853069781273],[-111.876872742895,40.4851875137421],[-111.876898975193,40.4846998847645],[-111.876925089922,40.4841910211578],[-111.876938229181,40.4839514536721],[-111.876950240887,40.4837093411334],[-111.876960348061,40.4835249928835],[-111.876975439558,40.4832361542904],[-111.876989470295,40.482956661759],[-111.876997600169,40.4828173374217],[-111.877013532256,40.4824817006746],[-111.87810407855,40.4824794050556],[-111.878672673677,40.4824782041657],[-111.879389035765,40.4824766877303],[-111.880217656936,40.4824749277713],[-111.881534291049,40.4824721192127],[-111.882276255739,40.4824727973222],[-111.882482573743,40.482472483168],[-111.883205471061,40.4824713795518],[-111.883151259532,40.4838966249576],[-111.883128624585,40.4844916603507],[-111.883129150087,40.4846095120073],[-111.882802604679,40.4844917391414],[-111.882424647541,40.4844014272728],[-111.882162354307,40.4843480337692],[-111.881980122135,40.4843181126832],[-111.881744661708,40.4842985360047],[-111.881469330395,40.4842960422283],[-111.88122952419,40.4842934321968],[-111.881025336496,40.4843076593543],[-111.880790197761,40.4843457208116],[-111.880606751593,40.4843738325898],[-111.879606183046,40.4846377655215],[-111.879643810861,40.4847379265032],[-111.879641746554,40.4847412824716],[-111.879645761825,40.4847402788144],[-111.879738192617,40.484958270382],[-111.879752833492,40.4849904999095],[-111.879785385858,40.4850430561217],[-111.879808921112,40.4850744066522],[-111.879843618901,40.4851125159015],[-111.879870462574,40.4851387601781],[-111.87992295859,40.4851768116862],[-111.879960912877,40.4852004712498],[-111.880006654038,40.4852241055411],[-111.880043457151,40.485240973894],[-111.88010365038,40.4852628627559],[-111.880135962033,40.4852721014832],[-111.880212808162,40.4852879896823],[-111.880253995289,40.4852929524081],[-111.880312977063,40.4852970080975],[-111.88035302358,40.485296878078],[-111.881495076895,40.4852852302369],[-111.881495798754,40.4854224780292],[-111.882008440276,40.4860942490243],[-111.874450320731,40.4860908780037],[-111.874454171011,40.4858895966412],[-111.874452530015,40.4857935968113],[-111.874709954159,40.4857690387532],[-111.874976167686,40.4857275002797],[-111.875189130585,40.4856929122678],[-111.875499655201,40.4856342762568],[-111.875730287165,40.4855826780029],[-111.876049617574,40.4855104503705]]],[[[-111.862253964511,40.4976967772549],[-111.86170403496,40.4968574103762],[-111.861723008947,40.4968582757951],[-111.861732184426,40.4968586941553],[-111.861739464143,40.4968582213893],[-111.861754331365,40.4968572550929],[-111.861774070279,40.4968535368868],[-111.861786550903,40.4968507731914],[-111.861799189416,40.4968479738844],[-111.861809945081,40.4968438268174],[-111.861829665793,40.4968364522997],[-111.861839712815,40.4968325947036],[-111.861851671758,40.4968280026319],[-111.86186841758,40.4968215738994],[-111.863100662178,40.496351650544],[-111.863110700727,40.4963477793554],[-111.863135319721,40.496338286578],[-111.863167569209,40.4963226452914],[-111.863174621126,40.4963190571314],[-111.863201008741,40.4963056287218],[-111.863234439712,40.4962867839892],[-111.863137944289,40.4961563520459],[-111.863079089509,40.4961231661129],[-111.863048789389,40.4961038389732],[-111.862991373318,40.4960672146215],[-111.862970935812,40.496052194104],[-111.86293786119,40.4960253268591],[-111.862887337058,40.4959825166277],[-111.862840398923,40.4959383227829],[-111.862798853115,40.4958945697166],[-111.862786206335,40.4958808957264],[-111.862772921441,40.4958599100901],[-111.862747568383,40.4958211348108],[-111.862724621007,40.4957846377531],[-111.862704705211,40.4957549883316],[-111.862675698322,40.4957047968705],[-111.862649673286,40.4956523104963],[-111.86262844009,40.4956002667797],[-111.862618716952,40.4955733280643],[-111.862605907636,40.4955290284859],[-111.862591796632,40.4954650786457],[-111.862586871345,40.4954394957629],[-111.862583722067,40.4954102510228],[-111.862579239536,40.4953554131826],[-111.862579542684,40.4952996455402],[-111.862582292725,40.4952539271175],[-111.862584776533,40.4952318281675],[-111.862586867233,40.4952132309939],[-111.862587816448,40.4952075994221],[-111.862595573564,40.4951615511987],[-111.862609659948,40.4951080265703],[-111.862617321842,40.4950851478991],[-111.862627941245,40.4950554039463],[-111.862648615928,40.4950023164147],[-111.862676455144,40.4949455494386],[-111.862691867427,40.4949162472365],[-111.862707897194,40.4948905994816],[-111.862744141838,40.4948379212222],[-111.86277017824,40.494804217393],[-111.862773874624,40.4947994319645],[-111.862790529125,40.4947788111104],[-111.862831003737,40.4947334324463],[-111.862873883917,40.4946903319929],[-111.862886660489,40.494679410692],[-111.862925708841,40.4946460285564],[-111.862949588921,40.4946270180501],[-111.862972532368,40.4946082337848],[-111.862977008285,40.4946040781427],[-111.863041438813,40.4945599967674],[-111.863094453715,40.4945258832506],[-111.863124539194,40.4945109664328],[-111.863165001024,40.4944887632579],[-111.863219947635,40.4944629947898],[-111.863276918843,40.4944375163094],[-111.863286847902,40.4944330753732],[-111.863322108554,40.4944206244601],[-111.863353766509,40.4944086088836],[-111.863427008314,40.4943848711247],[-111.86346989967,40.4943739004679],[-111.863498449518,40.4943665964319],[-111.863517952743,40.4943619681691],[-111.86353552496,40.4943577970862],[-111.863559040373,40.4943527664151],[-111.863570213048,40.4943503758227],[-111.863640479337,40.4943383196038],[-111.863646183611,40.494337340978],[-111.86371514234,40.4943289586437],[-111.863720979916,40.4943284235872],[-111.863761674053,40.4943246408838],[-111.863797588644,40.4943227011885],[-111.863875411726,40.4943201738348],[-111.863935867192,40.4943203606987],[-111.863949058206,40.4943204016754],[-111.863986184727,40.4943212004292],[-111.864017333218,40.4943238468269],[-111.86402678241,40.4943243326006],[-111.864034102936,40.4943247088126],[-111.864099178695,40.494331239344],[-111.864104792094,40.4943318027743],[-111.864158433168,40.4943400294813],[-111.864174902695,40.4943425548539],[-111.864209661412,40.4943483897458],[-111.864246822087,40.4943555878454],[-111.864318495437,40.4943724688435],[-111.864325355445,40.4943740847693],[-111.864388925492,40.4943920058781],[-111.86439431515,40.4943935255077],[-111.864432103216,40.4944062070411],[-111.864460044713,40.4944162237519],[-111.864467497831,40.494418896008],[-111.864522629565,40.4944402826161],[-111.864535295721,40.4944451964069],[-111.864584421212,40.494467557191],[-111.864603119251,40.49447606804],[-111.8646257349,40.4944872288135],[-111.864630734444,40.4944896952573],[-111.864663756546,40.4945069629017],[-111.864717727873,40.4945385530189],[-111.864722017513,40.494541063996],[-111.864774897314,40.4945765534013],[-111.864803739208,40.4945956613012],[-111.864834398501,40.4946188782928],[-111.864893819846,40.4946681027591],[-111.864904763552,40.4946771681527],[-111.864928227375,40.4947000067708],[-111.864934256079,40.4947058732943],[-111.864955323451,40.4947268344539],[-111.864982418924,40.4947550904548],[-111.865021587886,40.4948020499398],[-111.865055962696,40.4948481102585],[-111.865074074069,40.4948759367346],[-111.865095797002,40.4949074092156],[-111.865127804138,40.4949585048373],[-111.865145299203,40.4949831334555],[-111.865155598069,40.4950054997238],[-111.865168340495,40.4950370001792],[-111.865178665086,40.4950643943122],[-111.865196952578,40.495125131073],[-111.865211021953,40.4951808539318],[-111.865214160121,40.4952078129659],[-111.865219153563,40.4952457371009],[-111.865223527012,40.4952800059063],[-111.865222174108,40.4953627456496],[-111.865221147625,40.4955067356219],[-111.865293522247,40.4954927968368],[-111.865343145009,40.4954789289556],[-111.865389174551,40.4954650722593],[-111.865423828758,40.4954512519253],[-111.865805991608,40.4953065273645],[-111.865827169401,40.4952986919233],[-111.865870187579,40.4952829532178],[-111.865885135265,40.4952774841368],[-111.86601723152,40.49523501888],[-111.866088376498,40.4952151414051],[-111.866185254842,40.4951928977843],[-111.866355320653,40.4951616815069],[-111.866530461744,40.4951419936606],[-111.866645981285,40.4951347760814],[-111.866716025518,40.495133819287],[-111.86673279433,40.4951335902853],[-111.866876511801,40.4951367967014],[-111.867105338903,40.4954903336229],[-111.867291293368,40.4957763536875],[-111.867137574093,40.4958156433357],[-111.865902147331,40.4961056993687],[-111.865825610245,40.4961251360618],[-111.865723363821,40.4961515099847],[-111.865619921234,40.4961783450459],[-111.865518879345,40.4962060866157],[-111.865416054161,40.4962361184343],[-111.865314628258,40.4962668626618],[-111.865214025016,40.4963021143472],[-111.86511841057,40.4963371513704],[-111.865018619359,40.4963749453983],[-111.864915243286,40.4964141202897],[-111.864777207382,40.4964662029636],[-111.864676827463,40.4965058258094],[-111.864446196872,40.4965979641178],[-111.86441512421,40.4966099448352],[-111.864354171265,40.496632532753],[-111.864290834566,40.4966574128247],[-111.864228693927,40.4966818325489],[-111.864164169529,40.4967085453236],[-111.864102040981,40.4967352497164],[-111.864039920957,40.4967637831294],[-111.863983181041,40.4967904716157],[-111.863918086403,40.4968226705629],[-111.86385777378,40.4968530264434],[-111.863232027494,40.4971840808301],[-111.862253964511,40.4976967772549]]],[[[-111.881830892081,40.5005911444131],[-111.881836137165,40.4984912484345],[-111.882713772665,40.498492584432],[-111.882708295021,40.5005924794954],[-111.881830892081,40.5005911444131]]],[[[-111.88106963851,40.5008481338974],[-111.881069861514,40.5007714073284],[-111.881719941717,40.5007721434413],[-111.881721007954,40.5009255088044],[-111.881721434928,40.5009987155884],[-111.881706935512,40.5010550346836],[-111.881706275237,40.5013159376357],[-111.881706186896,40.5013509939085],[-111.881068182611,40.5013499437518],[-111.88106963851,40.5008481338974]]],[[[-111.883703008022,40.5043123092033],[-111.883111122627,40.5043054409013],[-111.882791632309,40.5043088004271],[-111.882790792278,40.5043088004696],[-111.882791750689,40.5042642600926],[-111.882792758269,40.5038863295907],[-111.881940748599,40.5038850022951],[-111.881806181566,40.5038830912313],[-111.881806260012,40.5034827654166],[-111.881806361992,40.5029670256819],[-111.883079616805,40.5029674854283],[-111.883168588385,40.503154308861],[-111.8833267994,40.5034840051177],[-111.883356964476,40.5035455393941],[-111.883423233406,40.5036836380707],[-111.883495994406,40.5038352655746],[-111.883584449237,40.5040155962511],[-111.883669991217,40.5041899862601],[-111.883703143584,40.5042587558122],[-111.883703008022,40.5043123092033]]],[[[-111.883430967506,40.5087920278506],[-111.881928692033,40.5087961573753],[-111.881800266403,40.5088027358189],[-111.881797428775,40.508295336144],[-111.881930202068,40.5082882554159],[-111.882350964485,40.5082891446532],[-111.882351966925,40.5078769855869],[-111.885233208317,40.5078831867686],[-111.885237748597,40.5069441595759],[-111.885108749324,40.5069439612921],[-111.88511045474,40.5068777469607],[-111.885113044639,40.5068390694107],[-111.885124314185,40.5067433954401],[-111.885131504588,40.5067012049208],[-111.885146584674,40.506630774244],[-111.8851582013,40.5065840887949],[-111.885170475847,40.5065258260446],[-111.885177516269,40.5064836198014],[-111.885190394628,40.5063182447414],[-111.885192728286,40.5056868971332],[-111.885242246486,40.505688603048],[-111.885244081612,40.5051768304113],[-111.885250842068,40.5051768316001],[-111.885250968124,40.5051414627444],[-111.885453982944,40.5051405681675],[-111.888153894563,40.5051410290693],[-111.888168052695,40.5060827608879],[-111.888170626608,40.5069743613143],[-111.888173605031,40.5078829323977],[-111.888220604448,40.5078829379053],[-111.888224145438,40.5087956990037],[-111.890546733884,40.5088004652778],[-111.890550164861,40.5097153635297],[-111.889425424023,40.5097202169805],[-111.889191663682,40.5097213357788],[-111.889191708671,40.5097292273915],[-111.885815933048,40.5097366049891],[-111.885549497932,40.5097349107245],[-111.885556785629,40.509154415848],[-111.884929697571,40.509153105607],[-111.883431543075,40.5091499641677],[-111.883430967506,40.5087920278506]]],[[[-111.902857175012,40.5115022666114],[-111.902724729788,40.5114856675964],[-111.902450020802,40.5115364618903],[-111.90238991782,40.5115458505681],[-111.902312628088,40.5115552991187],[-111.90222326685,40.5115582301443],[-111.897476787626,40.5115381092382],[-111.897358392738,40.5096825767416],[-111.897576518753,40.5096102904898],[-111.89798445923,40.5094751248897],[-111.898199927786,40.5094024052092],[-111.898307635456,40.5093689969544],[-111.898452347947,40.5093296414458],[-111.898563050614,40.5093052339568],[-111.898726738662,40.5092776975984],[-111.898840627639,40.5092643236964],[-111.898955277165,40.5092555175289],[-111.899108783136,40.5092509206073],[-111.902214722545,40.5092406642622],[-111.902261547357,40.5092405089407],[-111.902319726474,40.5092407667101],[-111.902369798955,40.5092417088074],[-111.902419842334,40.509243318312],[-111.902469842449,40.5092455943718],[-111.902519781592,40.5092485352466],[-111.902569646786,40.509252140981],[-111.90261942151,40.5092564107314],[-111.90266909042,40.50926134365],[-111.902718639338,40.5092669361832],[-111.902768054108,40.5092731883801],[-111.902817317015,40.5092800975998],[-111.902866415073,40.5092876620861],[-111.902915331754,40.5092958800947],[-111.902964054054,40.5093047471679],[-111.903012565455,40.5093142633626],[-111.903060852948,40.5093244233203],[-111.903108900007,40.509335225297],[-111.903156692445,40.509346664839],[-111.903204217277,40.5093587401901],[-111.903251457957,40.5093714469045],[-111.903298401482,40.5093847805246],[-111.903345032487,40.5093987366006],[-111.903660331235,40.5094955402166],[-111.903644184265,40.5095260894195],[-111.903610239201,40.5095903158095],[-111.903404036503,40.5099804583889],[-111.903358779329,40.5100682881624],[-111.903315537285,40.5101567071625],[-111.903274322023,40.5102456892346],[-111.903231721484,40.5103448696987],[-111.903187651534,40.5104513949099],[-111.904165240754,40.5106562933013],[-111.904126538562,40.5107592601726],[-111.90408328668,40.5108824030525],[-111.904033310253,40.5110342660091],[-111.903993324128,40.5111663862498],[-111.903952019279,40.5113173529038],[-111.903892452171,40.511556656203],[-111.902950739281,40.5115539370835],[-111.902857175012,40.5115022666114]]],[[[-111.851237400072,40.5228932291095],[-111.851240057319,40.5221154802216],[-111.851416307861,40.5221161730947],[-111.851416447419,40.5220752020606],[-111.851855002538,40.522075356095],[-111.853137902369,40.522077525404],[-111.853136607097,40.5224594636323],[-111.853135815218,40.5224594615152],[-111.853129751631,40.5235710039758],[-111.853129273252,40.5235711513096],[-111.852233852496,40.5235689941915],[-111.85221636434,40.5235585694968],[-111.852096827093,40.5234847071498],[-111.851978996706,40.523409263554],[-111.851848901082,40.5233227850319],[-111.851237400072,40.5228932291095]]],[[[-111.868759890556,40.5254411132059],[-111.868905844103,40.5254405026463],[-111.869668437083,40.5254397805498],[-111.86994003135,40.5254395234697],[-111.869933091179,40.5258759721651],[-111.869589559152,40.5258762606471],[-111.868898898294,40.5258769134532],[-111.868756863012,40.5258770469797],[-111.868759890556,40.5254411132059]]],[[[-111.907398736365,40.5312527191689],[-111.907398068008,40.5309248478606],[-111.904810957352,40.5309518138075],[-111.904929835725,40.5299986474987],[-111.904951324547,40.5300001960961],[-111.904987193493,40.5297105231509],[-111.904962765835,40.5297087622718],[-111.904976914839,40.5295928116382],[-111.904981552515,40.5295928865737],[-111.904985170003,40.5295632506756],[-111.904983480389,40.5292705590371],[-111.904981716446,40.5289651398419],[-111.905014092329,40.5289650315855],[-111.905012572864,40.5287018258152],[-111.905011931295,40.5285909298115],[-111.905007847069,40.5278833906149],[-111.905005814431,40.5275313117361],[-111.905003738839,40.527170996323],[-111.905045632483,40.5271156320705],[-111.9050456477,40.526948959477],[-111.905544158235,40.5269491089976],[-111.905558431579,40.5272837546521],[-111.905623181937,40.5272837683574],[-111.905630905362,40.5274591289935],[-111.905992667853,40.5274591436685],[-111.906004137676,40.5277568151221],[-111.906004778536,40.5277568147036],[-111.906489774506,40.5277567953976],[-111.906581404851,40.5277567910059],[-111.906613218272,40.5278687910897],[-111.906648043975,40.5279663697544],[-111.906689224935,40.5280624971483],[-111.906736658231,40.5281569304675],[-111.906790225643,40.5282494350656],[-111.90685600156,40.5283480769882],[-111.906928674448,40.5284438590268],[-111.907008031394,40.5285365009299],[-111.907093839474,40.528625732421],[-111.907471618364,40.528996243455],[-111.90747215936,40.5292645741493],[-111.907059749865,40.5292655693202],[-111.907061024246,40.5294790364119],[-111.90706169876,40.5295921260561],[-111.907059765359,40.529594081607],[-111.908109661156,40.5295913136404],[-111.908113588088,40.5295913495001],[-111.908209992835,40.5296553038331],[-111.908277042386,40.5296955906437],[-111.908332053899,40.5297280762713],[-111.908387409965,40.5297581723565],[-111.908437230361,40.529785063657],[-111.908485619193,40.5298097949506],[-111.908527178485,40.5298279227193],[-111.908600859984,40.5298624414841],[-111.908685339842,40.5298981527362],[-111.908731707242,40.5299150325875],[-111.908764113718,40.5299258687374],[-111.908808491038,40.529942913098],[-111.908856258713,40.529959271989],[-111.908924282976,40.5299812914359],[-111.908960602419,40.5299921823246],[-111.908998975528,40.5300028751155],[-111.909032838595,40.5300117518685],[-111.909099872435,40.5300295879122],[-111.909130071819,40.5300364682479],[-111.909165234734,40.53004559889],[-111.909196942876,40.5300513590346],[-111.909256149284,40.5300636855984],[-111.909299659561,40.530071717178],[-111.909365520506,40.5300838736579],[-111.909479122941,40.5300997159865],[-111.909547278403,40.5301081386847],[-111.909605115749,40.5301135714774],[-111.909675042615,40.5301196004964],[-111.909721576065,40.5301218045622],[-111.909781485745,40.5301246417818],[-111.909841089173,40.530126598382],[-111.909887915882,40.5301275171415],[-111.910203648495,40.5301260398707],[-111.910339604315,40.530126183628],[-111.910326448229,40.5309248240262],[-111.910323767872,40.5312391255741],[-111.907398736365,40.5312527191689]]],[[[-111.881786216055,40.5315672562162],[-111.881786192265,40.5315516106942],[-111.881921477435,40.5315518805616],[-111.88416072383,40.5315562972159],[-111.884159877989,40.5313880005738],[-111.884162107552,40.5313880004719],[-111.884157108083,40.5302895220678],[-111.886438105297,40.5302886790377],[-111.886437861653,40.5308044869275],[-111.886440338345,40.5332877407018],[-111.886431287066,40.5333412085266],[-111.884169224557,40.5333547230884],[-111.884146865281,40.5333546432629],[-111.881788934832,40.5333461432183],[-111.881786216055,40.5315672562162]]],[[[-111.88923283295,40.5390523396686],[-111.889175705511,40.5388023426401],[-111.888152790835,40.5388101267422],[-111.886542792591,40.5388033298413],[-111.886543055219,40.5380403212441],[-111.886542899379,40.537127584454],[-111.88654288339,40.5370368225514],[-111.888942233587,40.5370324874273],[-111.889715281078,40.5370310801271],[-111.891203096439,40.53706154331],[-111.891195902866,40.5371201744982],[-111.891189283648,40.5387805044721],[-111.889555471157,40.5391108334023],[-111.889277173674,40.5390582388592],[-111.88923283295,40.5390523396686]]],[[[-111.872677892458,40.5414963265188],[-111.872677072397,40.5409687964392],[-111.87263284935,40.5406474033466],[-111.872655846287,40.5397714600674],[-111.873319156449,40.5397716084323],[-111.873319149165,40.5397912065857],[-111.875256025659,40.5397916188769],[-111.875901737833,40.5405138382075],[-111.876286102816,40.5409782178501],[-111.874954561021,40.5409755323736],[-111.874156074767,40.5409738488486],[-111.87356322124,40.5409704764211],[-111.873612945427,40.5414961017865],[-111.872677892458,40.5414963265188]]],[[[-111.915974174036,40.5439369863091],[-111.91456781482,40.5438861214556],[-111.914516109908,40.5438923461689],[-111.914518047355,40.5437691849804],[-111.914522483552,40.5434872044471],[-111.914330196341,40.5430874054931],[-111.914322034082,40.5430704352297],[-111.914309951512,40.5430453151764],[-111.914331454853,40.5430390153678],[-111.91435906115,40.54303093698],[-111.914385939188,40.5430230709918],[-111.914405299056,40.5430174055401],[-111.914429873326,40.5430102150048],[-111.914443612238,40.5430061940384],[-111.914458760517,40.5430017619326],[-111.914473218245,40.5429975303908],[-111.914484063018,40.5429943571782],[-111.914496843891,40.5429906169672],[-111.914613870246,40.5429563715744],[-111.914684954574,40.5429390823448],[-111.914758175223,40.5429281480227],[-111.914832557997,40.5429237116392],[-111.914907116401,40.5429258343194],[-111.915430262974,40.542963840955],[-111.915446118055,40.5429649924361],[-111.915448543046,40.5429452596172],[-111.915455965884,40.5428830104136],[-111.915494402962,40.5428857884424],[-111.915514341963,40.5428872370379],[-111.91608074078,40.5429283835556],[-111.916084769207,40.5429286754523],[-111.916083901384,40.54296078466],[-111.916086669466,40.543008767873],[-111.916091564573,40.5430483898738],[-111.916097668409,40.5430823817398],[-111.916108013241,40.5431255803632],[-111.916120271619,40.5431656742421],[-111.916133921761,40.5432026625261],[-111.916125248085,40.543204114406],[-111.916098683385,40.543206815828],[-111.916100081492,40.5432148187105],[-111.916124273686,40.543353277921],[-111.916127025915,40.5433649728254],[-111.916131148434,40.5433764305198],[-111.916147214083,40.5434358982904],[-111.916182819605,40.5435188231169],[-111.916184457683,40.543522619497],[-111.916032544047,40.5439390963659],[-111.915974174036,40.5439369863091]]],[[[-111.91338867083,40.5440120180334],[-111.913392287555,40.5431300628669],[-111.913956309348,40.5431310942492],[-111.913986328283,40.5431309324232],[-111.914018998765,40.5431298246363],[-111.914050312306,40.5431278471816],[-111.914053652513,40.5431275562099],[-111.914030022631,40.5431425413424],[-111.914002866584,40.5431654999354],[-111.913980907754,40.543191493094],[-111.913964718109,40.5432198424756],[-111.913954718153,40.543249809934],[-111.91395116995,40.5432806146543],[-111.913945681768,40.5439332623676],[-111.913946058834,40.5439609741826],[-111.913638445004,40.5439980068516],[-111.91353106532,40.5440109332277],[-111.91338867083,40.5440120180334]]]]},"properties":{"zone_code":"RM1","zone_description":"Multi-Family Residential","zone_class_normalized":"Mixed-Use","jurisdiction":"draper_ut","source_rest_url":"https://services2.arcgis.com/nAPVXppTJAHM40Se/arcgis/rest/services/Zoning_Public/FeatureServer/5","extraction_method":"arcgis_rest","confidence":"rest_api"}},{"type":"Feature","geometry":{"type":"Polygon","coordinates":[[[-111.899451520243,40.5396302634295],[-111.899483602325,40.5395545055212],[-111.900143581041,40.5385404432557],[-111.900146571426,40.5385342713615],[-111.901194536068,40.5385386400614],[-111.901705180654,40.5385383621197],[-111.901291744392,40.5391438701013],[-111.900778786298,40.5399239531596],[-111.901241458852,40.5399232684922],[-111.901231884024,40.5399376698192],[-111.901061883538,40.5401851124082],[-111.901033491289,40.540226438418],[-111.900933210132,40.5401886135389],[-111.900764950423,40.5401251476566],[-111.900362765273,40.5399734459704],[-111.899611484736,40.5396900617439],[-111.899492962622,40.5396453544257],[-111.899451520243,40.5396302634295]]]},"properties":{"zone_code":"A2","zone_description":"Agricultural","zone_class_normalized":"Agriculture/Rural","jurisdiction":"draper_ut","source_rest_url":"https://services2.arcgis.com/nAPVXppTJAHM40Se/arcgis/rest/services/Zoning_Public/FeatureServer/5","extraction_method":"arcgis_rest","confidence":"rest_api"}},{"type":"Feature","geometry":{"type":"Polygon","coordinates":[[[-111.891750120539,40.5019570677506],[-111.891690412222,40.5015406768345],[-111.891683827727,40.5014882022024],[-111.891568314929,40.5005675841756],[-111.891566597077,40.4997531332514],[-111.891692087147,40.4997541358284],[-111.891704584622,40.4998071593545],[-111.891720507544,40.499859645196],[-111.891739816824,40.4999114644811],[-111.891762465057,40.4999624899741],[-111.891788396641,40.5000125963882],[-111.891817547911,40.5000616606929],[-111.891849847297,40.5001095624164],[-111.891885215497,40.500156183941],[-111.891923565674,40.5002014107924],[-111.891964803669,40.5002451319205],[-111.892008828231,40.500287239972],[-111.892055531267,40.5003276315544],[-111.892104798106,40.5003662074894],[-111.892156507781,40.5004028730569],[-111.892210533327,40.5004375382274],[-111.892266742091,40.5004701178831],[-111.892349486216,40.5005123810235],[-111.892435895898,40.500550128397],[-111.892525548928,40.5005831755621],[-111.892618007246,40.5006113610434],[-111.892712819082,40.5006345471204],[-111.892809521166,40.5006526205007],[-111.89290764099,40.5006654928738],[-111.893006699119,40.5006731013421],[-111.893046435226,40.5006746602469],[-111.893047490675,40.5007821788615],[-111.893046533152,40.5015946418948],[-111.893046515768,40.5015953110846],[-111.895749513153,40.5016011652514],[-111.895748779033,40.5007822650467],[-111.8957482353,40.500679703313],[-111.896993867121,40.5006856841138],[-111.897585400755,40.5006886847414],[-111.897609201553,40.5016968331682],[-111.897564491625,40.501972993057],[-111.897506828513,40.5021322339365],[-111.897388786271,40.5023328568102],[-111.8972598087,40.5025066541077],[-111.897172359881,40.5026278471789],[-111.897123571281,40.5027169736772],[-111.897051222932,40.5028654877072],[-111.897014506841,40.5029751028713],[-111.896991191294,40.5030766889743],[-111.896981999125,40.5031677336593],[-111.896976952359,40.503197633811],[-111.896965914409,40.5042682717716],[-111.896266423468,40.5042711617117],[-111.896259537127,40.5040427213923],[-111.896259337206,40.5038350816521],[-111.896082375471,40.5038351810339],[-111.89585376928,40.5038355906162],[-111.895853813867,40.5034829044128],[-111.894720788454,40.5034832521812],[-111.894461874686,40.5034833297648],[-111.893058222337,40.5034837310433],[-111.892261787753,40.5034839584467],[-111.892158555598,40.5032074197705],[-111.891792957349,40.5022101947472],[-111.891793012708,40.5022048334073],[-111.891774650577,40.5020913415256],[-111.891750120539,40.5019570677506]]]},"properties":{"zone_code":"CSD-136C","zone_description":"Commercial Special District","zone_class_normalized":"Commercial","jurisdiction":"draper_ut","source_rest_url":"https://services2.arcgis.com/nAPVXppTJAHM40Se/arcgis/rest/services/Zoning_Public/FeatureServer/5","extraction_method":"arcgis_rest","confidence":"rest_api"}},{"type":"Feature","geometry":{"type":"MultiPolygon","coordinates":[[[[-111.893734405704,40.4837195725183],[-111.893735009907,40.4837190139249],[-111.893732934772,40.483841276437],[-111.893684873294,40.4866721576404],[-111.891254289897,40.4879894879169],[-111.891245519353,40.4888647939441],[-111.89028956177,40.4892625603318],[-111.890289751336,40.4891931534414],[-111.890295162474,40.4872135793211],[-111.890306216537,40.4872087558812],[-111.891167123787,40.4868316560104],[-111.891674622101,40.4865487083366],[-111.89212901218,40.4861901239958],[-111.892494940828,40.4857767373075],[-111.892761288811,40.4853211090085],[-111.89304169607,40.4846881758502],[-111.89310349673,40.4845729122706],[-111.893192473107,40.4844088213061],[-111.893403631949,40.4841077649657],[-111.893734405704,40.4837195725183]]],[[[-111.885547138904,40.4861329068301],[-111.885525371493,40.4861003754723],[-111.886459550819,40.4861007583143],[-111.886505766189,40.4841760898617],[-111.887547515317,40.4839457516079],[-111.887606341289,40.4839330793517],[-111.889677560034,40.4834776255142],[-111.890379436733,40.483324781629],[-111.891764983514,40.4830193861356],[-111.891899407083,40.4829869566518],[-111.892165929099,40.4829167492131],[-111.892559287974,40.4827982283679],[-111.892816779682,40.4827105494951],[-111.893190352848,40.4825661145289],[-111.893357088166,40.4825001171898],[-111.893485352763,40.4824506071089],[-111.893596496727,40.4824044271477],[-111.893699127478,40.4823680920922],[-111.893804928082,40.4823220784864],[-111.893895737346,40.4822872212361],[-111.893988085613,40.482254804733],[-111.894081857535,40.4822248689876],[-111.894176941284,40.4821974503962],[-111.894321771668,40.4821611132702],[-111.894419622777,40.4821401270653],[-111.894518373534,40.4821217602582],[-111.894617903787,40.4821060366669],[-111.894718092164,40.4820929738097],[-111.894818816117,40.482082589209],[-111.894919953071,40.4820748958852],[-111.894993552103,40.4820710012524],[-111.894972032419,40.4820814539843],[-111.894990033876,40.4820803873288],[-111.894111247471,40.4826325406427],[-111.894092229478,40.4826444932761],[-111.893925105915,40.4827543578559],[-111.893718026523,40.4828948647766],[-111.89357635611,40.4830048360171],[-111.893373487252,40.4831767037083],[-111.893244906473,40.4832956850746],[-111.893147945861,40.4833875038459],[-111.893062426042,40.4834803981701],[-111.892947914579,40.4836074831931],[-111.892892855424,40.4836721507803],[-111.892839281733,40.4837375419326],[-111.892787211093,40.4838036376809],[-111.892713077263,40.4839039900359],[-111.892694118365,40.4839287855013],[-111.892633139489,40.4840415524137],[-111.89251965604,40.4842218014623],[-111.892424203501,40.4843931687416],[-111.892362127305,40.4845164850326],[-111.892077375029,40.4851360475185],[-111.892019795236,40.4852555129441],[-111.891965593753,40.4853508061096],[-111.891909342688,40.4854392031113],[-111.8918655029,40.4855022457956],[-111.89180368614,40.4855837574668],[-111.89175780012,40.485640287609],[-111.891698914262,40.4857072161372],[-111.891602539506,40.4858061020694],[-111.891526101809,40.4858780748213],[-111.891470627046,40.4859269666014],[-111.891423164973,40.4859567904954],[-111.891349638688,40.486014692553],[-111.891274785048,40.486069662186],[-111.891273508296,40.4860705994573],[-111.891275325292,40.4859521159247],[-111.891275485879,40.4859416469789],[-111.891223429455,40.4859924562772],[-111.891193006823,40.4860207173904],[-111.891130249481,40.4860759995653],[-111.891031469426,40.4861557060617],[-111.890962638212,40.4862066027524],[-111.890891523306,40.4862556338033],[-111.890818211661,40.4863027412829],[-111.890780758345,40.4863255546822],[-111.890742789047,40.486347866363],[-111.890625906316,40.4864117150361],[-111.890545618952,40.4864516490221],[-111.890463559292,40.4864894193488],[-111.886485883497,40.4882431599991],[-111.882914971088,40.4897550681579],[-111.882383661709,40.4890381553268],[-111.882312528524,40.4889452193289],[-111.882416677232,40.488885822676],[-111.882685718212,40.4887745378778],[-111.882837681214,40.4887116803989],[-111.884397671792,40.4880762393446],[-111.88474832517,40.4879313783055],[-111.884861073252,40.4878813109806],[-111.884968869874,40.4878252448106],[-111.88507116815,40.4877634661911],[-111.885167449654,40.4876962866419],[-111.885257227973,40.487624046397],[-111.885340046344,40.4875471126109],[-111.885415485884,40.4874658757288],[-111.885483164394,40.487380745888],[-111.885542737549,40.4872921547144],[-111.885593904776,40.4872005526015],[-111.885636406867,40.4871064033142],[-111.88566775365,40.487018855099],[-111.885691312268,40.4869298942794],[-111.885706975334,40.486839924676],[-111.88571467323,40.4867493535856],[-111.885714370566,40.486658592694],[-111.885706067342,40.4865680535685],[-111.885689803646,40.4864781458421],[-111.885665651408,40.4863892781405],[-111.885633721443,40.486301852656],[-111.885594157561,40.4862162660672],[-111.885547138904,40.4861329068301]]]]},"properties":{"zone_code":"CSD-HIGHLINE","zone_description":"Commercial Special District","zone_class_normalized":"Commercial","jurisdiction":"draper_ut","source_rest_url":"https://services2.arcgis.com/nAPVXppTJAHM40Se/arcgis/rest/services/Zoning_Public/FeatureServer/5","extraction_method":"arcgis_rest","confidence":"rest_api"}},{"type":"Feature","geometry":{"type":"Polygon","coordinates":[[[-111.878135313916,40.5240171205383],[-111.878091566114,40.5246572370657],[-111.877879843436,40.5247209589643],[-111.877470686246,40.5248440985897],[-111.8773022677,40.5248947882864],[-111.87730059463,40.5248952907876],[-111.877298920369,40.5248957914914],[-111.877297243734,40.5248962895012],[-111.877295567088,40.5248967857098],[-111.877293889253,40.5248972801211],[-111.877292210222,40.5248977718345],[-111.877290530001,40.5248982617505],[-111.87728884859,40.5248987498692],[-111.877287167164,40.5248992352863],[-111.877285483367,40.5248997189098],[-111.877283799561,40.5249002007321],[-111.877282114565,40.5249006807571],[-111.877280428373,40.5249011580842],[-111.877278740987,40.5249016327135],[-111.877277052415,40.5249021064459],[-111.877275362648,40.5249025774805],[-111.877273672871,40.5249030467139],[-111.877271981899,40.5249035132494],[-111.877270288557,40.5249039779914],[-111.877268595204,40.5249044409322],[-111.877266901837,40.5249049011714],[-111.8772652061,40.524905359617],[-111.877263510347,40.5249058153609],[-111.877261812229,40.5249062702118],[-111.877260114097,40.5249067223611],[-111.877258414769,40.5249071718124],[-111.877256715431,40.5249076194626],[-111.877255013723,40.5249080653193],[-111.877253312005,40.5249085093748],[-111.877251609092,40.5249089507325],[-111.877249904988,40.5249093902928],[-111.87724819969,40.5249098271552],[-111.877246494382,40.5249102622165],[-111.877244787883,40.5249106954804],[-111.877243080189,40.5249111260465],[-111.877241371306,40.5249115548152],[-111.877239662407,40.5249119808822],[-111.877237951143,40.5249124060562],[-111.877236239859,40.524912827628],[-111.87723452739,40.5249132483029],[-111.877232814906,40.5249136662762],[-111.877231101232,40.5249140824522],[-111.877229386362,40.5249144959303],[-111.877227670303,40.524914907611],[-111.877225953053,40.5249153174944],[-111.877224235789,40.5249157246761],[-111.877222517334,40.5249161300605],[-111.877220798864,40.5249165327431],[-111.877219078025,40.5249169336322],[-111.877217357175,40.5249173327202],[-111.87721563513,40.5249177291103],[-111.877213913075,40.5249181236993],[-111.877212188645,40.5249185155941],[-111.877210464205,40.5249189056879],[-111.877208739754,40.5249192939804],[-111.877207014109,40.5249196795751],[-111.877205287274,40.5249200633724],[-111.877203559248,40.5249204453725],[-111.877201830028,40.5249208246746],[-111.877200100797,40.5249212021756],[-111.877198371552,40.5249215769748],[-111.877196639936,40.5249219499806],[-111.877194908305,40.5249223202846],[-111.877193175489,40.5249226896919],[-111.877191442653,40.5249230554969],[-111.877189014308,40.5249235649298],[-111.877187280267,40.5249239262358],[-111.877185543856,40.5249242857482],[-111.87718380743,40.5249246425589],[-111.877182069813,40.5249249975723],[-111.877180331002,40.5249253498878],[-111.877178592181,40.5249257004022],[-111.877176853344,40.5249260482148],[-111.877175112143,40.5249263951345],[-111.877173370921,40.5249267384519],[-111.877171629695,40.5249270808688],[-111.877169886088,40.524927419691],[-111.877168143656,40.5249277576088],[-111.877166398849,40.5249280928325],[-111.877164654028,40.5249284253545],[-111.877162909201,40.524928756976],[-111.877161161994,40.5249290850027],[-111.877159415962,40.5249294121251],[-111.877157667555,40.5249297365535],[-111.877155919133,40.5249300582801],[-111.877154170701,40.5249303782055],[-111.877152421079,40.5249306963337],[-111.877150670262,40.524931011764],[-111.877148919434,40.524931325393],[-111.877147167412,40.5249316363242],[-111.87714541538,40.5249319454543],[-111.877143662157,40.524932252787],[-111.87714190892,40.5249325574181],[-111.877140154493,40.5249328602518],[-111.87713839887,40.5249331603875],[-111.877136643237,40.5249334587222],[-111.87713488759,40.5249337543552],[-111.877133130752,40.5249340481908],[-111.87713137272,40.5249343393285],[-111.877129614677,40.5249346286651],[-111.877127856624,40.5249349162006],[-111.877126097377,40.5249352010381],[-111.877124336939,40.5249354840783],[-111.877122576486,40.5249357644168],[-111.877120814843,40.524936042958],[-111.87711905319,40.524936319698],[-111.877117291522,40.5249365937363],[-111.877115527479,40.5249368650806],[-111.877113764607,40.5249371346199],[-111.877112000544,40.5249374023618],[-111.877110235285,40.5249376674059],[-111.877108470017,40.5249379306488],[-111.877106704734,40.5249381911901],[-111.877104938261,40.524938449934],[-111.877103171773,40.5249387059761],[-111.877101404095,40.524938960221],[-111.877099636407,40.5249392126647],[-111.877097867524,40.5249394624105],[-111.87709609863,40.5249397103552],[-111.877093018361,40.5249401354286],[-111.87691560957,40.52496447934],[-111.876569103573,40.5250090987875],[-111.876420833217,40.5250253521551],[-111.876257774584,40.5250393581492],[-111.876257594374,40.5244459826757],[-111.87566219725,40.5244460849606],[-111.875694703578,40.52405926521],[-111.875807853813,40.5240618419481],[-111.875808048587,40.5237842804638],[-111.875807652008,40.5237842718291],[-111.874938624143,40.523764428031],[-111.874939663831,40.5236995420773],[-111.87493968698,40.5236981704317],[-111.874939711304,40.5236967978818],[-111.874939736809,40.5236954253281],[-111.874939764673,40.5236940527668],[-111.874939792543,40.5236926811061],[-111.874939823948,40.5236913085335],[-111.874939855353,40.523689935961],[-111.874939889124,40.5236885642814],[-111.874939924069,40.5236871916974],[-111.8749399602,40.5236858200104],[-111.874939998686,40.5236844474151],[-111.874940038357,40.5236830757166],[-111.874940079203,40.5236817031139],[-111.874940122415,40.5236803314041],[-111.874940166806,40.5236789596905],[-111.874940212373,40.5236775870726],[-111.874940260305,40.5236762153478],[-111.874940309417,40.5236748436191],[-111.874940359704,40.5236734709861],[-111.874940412357,40.5236720992461],[-111.874940466189,40.5236707275023],[-111.874940521202,40.5236693557548],[-111.874940577395,40.5236679840035],[-111.874940635948,40.5236666122446],[-111.874940695681,40.523665240482],[-111.874940757775,40.5236638687118],[-111.874940821048,40.5236624969378],[-111.874940885507,40.5236611260606],[-111.874940951141,40.5236597542791],[-111.874941019135,40.52365838249],[-111.874941088314,40.5236570115978],[-111.874941158669,40.5236556398011],[-111.874941231389,40.5236542688975],[-111.874941305283,40.5236528970896],[-111.874941380363,40.5236515261784],[-111.874941457798,40.5236501543591],[-111.874941536419,40.5236487834366],[-111.874941616219,40.5236474125104],[-111.8749416972,40.5236460415803],[-111.874941780541,40.5236446706427],[-111.874941865061,40.5236432997013],[-111.874941951943,40.5236419287524],[-111.874942040004,40.5236405577997],[-111.874942129245,40.5236391868432],[-111.874942219672,40.5236378167835],[-111.874942312454,40.5236364458158],[-111.874942406416,40.5236350748441],[-111.874942502743,40.5236337047656],[-111.874942599065,40.5236323337865],[-111.874942697753,40.5236309637003],[-111.8749427988,40.5236295936066],[-111.874942899848,40.523628223513],[-111.874943003256,40.5236268534118],[-111.874943107839,40.5236254824062],[-111.874943214792,40.5236241131942],[-111.874943322921,40.5236227430779],[-111.87494343223,40.5236213729578],[-111.874943543898,40.5236200028301],[-111.874943655572,40.523618633603],[-111.874943770781,40.523617263464],[-111.874943885996,40.5236158942256],[-111.874944003565,40.5236145240791],[-111.87494412232,40.5236131548293],[-111.874944242254,40.5236117855758],[-111.874944364549,40.5236104163147],[-111.874944488024,40.5236090470499],[-111.87494461268,40.5236076777812],[-111.874944739695,40.5236063085051],[-111.874944867896,40.5236049401256],[-111.874944997271,40.5236035708419],[-111.874945129012,40.5236022024511],[-111.874945261928,40.5236008331561],[-111.87494539603,40.5235994647578],[-111.874945531311,40.5235980963558],[-111.874945668952,40.5235967279461],[-111.874945807774,40.5235953595327],[-111.874945948956,40.5235939911118],[-111.874946091318,40.5235926226871],[-111.874946234865,40.5235912551591],[-111.874946379587,40.5235898867269],[-111.874946526675,40.5235885191876],[-111.874946674943,40.5235871516446],[-111.874946824385,40.5235857831973],[-111.874946976194,40.5235844156429],[-111.874947129182,40.5235830480847],[-111.874947283355,40.5235816814234],[-111.874947438703,40.5235803138577],[-111.874947596412,40.5235789462844],[-111.874947755306,40.523577579608],[-111.87494791656,40.5235762129239],[-111.874948078989,40.5235748453356],[-111.874948242603,40.523573478644],[-111.874948407397,40.5235721119487],[-111.874948574557,40.5235707461464],[-111.874948742892,40.5235693794397],[-111.874949022095,40.523567141525],[-111.874959019161,40.5234876565522],[-111.874971550386,40.5234879424713],[-111.874990639916,40.5233363979251],[-111.875030373995,40.5230206084503],[-111.875352182228,40.5230392792645],[-111.875401849033,40.5230421614355],[-111.875668853022,40.5230576522624],[-111.875692659381,40.5230590330851],[-111.875976295855,40.5230754884465],[-111.875985523985,40.5230760244046],[-111.876207921075,40.5230889256483],[-111.876259933645,40.5230919431177],[-111.876302193935,40.5230943947943],[-111.876543570392,40.5231083971062],[-111.87661886524,40.5231127652251],[-111.876827243869,40.5231248520917],[-111.87693553553,40.5231311339035],[-111.87711088089,40.5231413047072],[-111.877213927537,40.5231472816326],[-111.877252139628,40.5231500927154],[-111.877394454484,40.5231605612237],[-111.877559341756,40.5231726895527],[-111.877770725668,40.5231882376699],[-111.878105786199,40.523212881244],[-111.878105786614,40.5232197733245],[-111.878105788609,40.52323121149],[-111.878105796212,40.5232325839381],[-111.878105813256,40.5232339563557],[-111.878105840921,40.523235328739],[-111.878105879207,40.523236701088],[-111.878105928114,40.5232380734029],[-111.878105987637,40.5232394447828],[-111.878106057782,40.5232408161285],[-111.878106138548,40.52324218744],[-111.878106228749,40.5232435578204],[-111.878106330752,40.5232449281628],[-111.878106442196,40.5232462984747],[-111.878106565431,40.5232476669474],[-111.878106698112,40.5232490362903],[-111.878106841405,40.5232504037978],[-111.878106995318,40.5232517712709],[-111.878107161033,40.523253138706],[-111.878107334998,40.5232545043134],[-111.87810752076,40.5232558689822],[-111.878107717143,40.5232572336166],[-111.878107924142,40.5232585973162],[-111.878108140572,40.5232599591843],[-111.878108367624,40.5232613210182],[-111.878108605286,40.5232626810166],[-111.87810885357,40.5232640409808],[-111.878109112465,40.5232653991096],[-111.878109381976,40.5232667563035],[-111.878109660918,40.523268111666],[-111.878109951656,40.5232694660897],[-111.87811025183,40.5232708195825],[-111.878110562616,40.5232721712399],[-111.878110884017,40.5232735219625],[-111.87811121485,40.5232748708534],[-111.878111557474,40.5232762179053],[-111.878111909534,40.5232775640261],[-111.878112271025,40.5232789083153],[-111.878112644307,40.5232802507654],[-111.878113027025,40.5232815922844],[-111.87811342035,40.5232829310675],[-111.87811382429,40.5232842689158],[-111.878114238837,40.5232856040281],[-111.87811466282,40.5232869382094],[-111.878115097409,40.5232882696548],[-111.878115541429,40.5232895992686],[-111.878115996065,40.5232909279476],[-111.878116461303,40.5232922529901],[-111.878116935976,40.5232935771017],[-111.878117421256,40.5232948984772],[-111.878117917147,40.5232962180174],[-111.878118422464,40.5232975348254],[-111.878118938392,40.5232988497981],[-111.878119463746,40.5233001620387],[-111.878119999711,40.5233014724438],[-111.878120546283,40.523302780113],[-111.878121102286,40.5233040859507],[-111.878121667709,40.5233053881557],[-111.878122243744,40.5233066885252],[-111.878122829205,40.5233079861627],[-111.878123425272,40.5233092810642],[-111.878124030765,40.5233105732336],[-111.878124646864,40.5233118626671],[-111.87812527239,40.5233131493684],[-111.878125907341,40.5233144333376],[-111.878126552899,40.5233157145709],[-111.878127207883,40.523316993072],[-111.878127873468,40.5233182679366],[-111.878128547298,40.5233195400729],[-111.878129231735,40.5233208094733],[-111.878129926779,40.5233220761377],[-111.878130630063,40.5233233391732],[-111.878131343948,40.5233245985723],[-111.87813206726,40.5233258552392],[-111.878132799992,40.5233271082735],[-111.878133542151,40.5233283585756],[-111.878134293731,40.523329605245],[-111.878135055917,40.5233308491785],[-111.878135827519,40.5233320885787],[-111.878136607367,40.5233333252506],[-111.878137397816,40.523334558286],[-111.878138197686,40.5233357876887],[-111.878139005797,40.5233370134626],[-111.87813982451,40.5233382355999],[-111.878140652643,40.5233394541045],[-111.878141489018,40.5233406689803],[-111.878142335989,40.5233418793191],[-111.878143191205,40.5233430869295],[-111.878144055838,40.5233442900066],[-111.878144931072,40.5233454894472],[-111.878145813367,40.5233466852628],[-111.878146706258,40.5233478765413],[-111.87814760857,40.5233490641871],[-111.878148519118,40.5233502473035],[-111.878149439087,40.5233514267872],[-111.878150367297,40.523352602642],[-111.878151304919,40.523353773063],[-111.878152251966,40.5233549407518],[-111.878153208424,40.5233561030069],[-111.878154171944,40.5233572616368],[-111.878155146059,40.5233584157297],[-111.878156128411,40.5233595652932],[-111.878157120178,40.5233607103234],[-111.878158120182,40.5233618508242],[-111.878159128426,40.5233629876961],[-111.878160146082,40.5233641191342],[-111.878161171974,40.5233652460429],[-111.878162206101,40.523366368422],[-111.87816324965,40.5233674871685],[-111.87816430143,40.523368600485],[-111.87816536262,40.5233697083677],[-111.878166430872,40.5233708126253],[-111.878167508535,40.5233719114491],[-111.878168594433,40.5233730057435],[-111.878169688563,40.5233740946079],[-111.878170790929,40.5233751789428],[-111.878171901531,40.5233762587482],[-111.878173020363,40.5233773331237],[-111.878174148607,40.5233784020653],[-111.878175283907,40.5233794664814],[-111.878176427442,40.5233805263679],[-111.878178681091,40.5233825778053],[-111.878175228193,40.5234330975543],[-111.87815381876,40.5237463740126],[-111.878135313916,40.5240171205383]]]},"properties":{"zone_code":"RSD-1","zone_description":"Residential Special District","zone_class_normalized":"Residential-Low","jurisdiction":"draper_ut","source_rest_url":"https://services2.arcgis.com/nAPVXppTJAHM40Se/arcgis/rest/services/Zoning_Public/FeatureServer/5","extraction_method":"arcgis_rest","confidence":"rest_api"}},{"type":"Feature","geometry":{"type":"Polygon","coordinates":[[[-111.896516050463,40.5115356523963],[-111.89576931154,40.5115339781382],[-111.894475121959,40.5115310650082],[-111.891805089915,40.5115250095988],[-111.891802663236,40.5078941474269],[-111.893671815429,40.5078884620979],[-111.896153325104,40.5078809900064],[-111.896176090454,40.5079067317313],[-111.896193659341,40.5079283591661],[-111.896218132143,40.5079616455604],[-111.896247149442,40.5080074598408],[-111.896284519404,40.5080608332416],[-111.89638436134,40.5096396244652],[-111.896516050463,40.5115356523963]]]},"properties":{"zone_code":"CSD-DRC","zone_description":"Commercial Special District","zone_class_normalized":"Commercial","jurisdiction":"draper_ut","source_rest_url":"https://services2.arcgis.com/nAPVXppTJAHM40Se/arcgis/rest/services/Zoning_Public/FeatureServer/5","extraction_method":"arcgis_rest","confidence":"rest_api"}},{"type":"Feature","geometry":{"type":"Polygon","coordinates":[[[-111.894891488709,40.5210582162246],[-111.895660770657,40.5187979005975],[-111.89614263086,40.5173820142627],[-111.896546320507,40.5173784768903],[-111.896544135075,40.5167550663121],[-111.899778201862,40.5167458101209],[-111.900546456605,40.5167435985732],[-111.901251445971,40.5167415643844],[-111.902082967114,40.5167391594654],[-111.902871499076,40.5167368730145],[-111.903130566612,40.516736120874],[-111.903868403897,40.5167339759625],[-111.903892233114,40.5167339064527],[-111.903977051914,40.5187801351957],[-111.901283822142,40.5187859525365],[-111.896551290367,40.518796025667],[-111.895921088622,40.5187973529224],[-111.895135189484,40.5211065203117],[-111.89503299154,40.5210862632716],[-111.894891488709,40.5210582162246]]]},"properties":{"zone_code":"CSD-WMBD","zone_description":"Commercial Special District","zone_class_normalized":"Commercial","jurisdiction":"draper_ut","source_rest_url":"https://services2.arcgis.com/nAPVXppTJAHM40Se/arcgis/rest/services/Zoning_Public/FeatureServer/5","extraction_method":"arcgis_rest","confidence":"rest_api"}},{"type":"Feature","geometry":{"type":"MultiPolygon","coordinates":[[[[-111.898484009646,40.5421936075271],[-111.898265942832,40.5411437127755],[-111.898413003483,40.5411474403882],[-111.899446323875,40.5411470898961],[-111.899400886969,40.5411916714749],[-111.899334534638,40.5412437161318],[-111.899241139664,40.541315434773],[-111.899135920468,40.5413971538644],[-111.899023141691,40.5414898341728],[-111.898946110033,40.5415531387149],[-111.898813287084,40.5416622899453],[-111.898783469784,40.5416887653741],[-111.898733316142,40.5417493099658],[-111.898708923466,40.5417794979748],[-111.898686816467,40.5418192350227],[-111.898660854368,40.5418658997274],[-111.89859218293,40.541984323615],[-111.898487346847,40.54219300091],[-111.898484009646,40.5421936075271]]],[[[-111.902525304495,40.544330725805],[-111.900981841141,40.5442973253065],[-111.900664237899,40.5443261440002],[-111.900592905839,40.5443246001134],[-111.900557307695,40.5443238292727],[-111.900326701909,40.5443192269827],[-111.900008251697,40.544315192335],[-111.899689761806,40.5443138487499],[-111.898898704429,40.5443138509487],[-111.898643156649,40.5442825239516],[-111.898643166736,40.5442814216244],[-111.898642821504,40.5442223303505],[-111.898642114673,40.5441013461929],[-111.898625767645,40.5438993876588],[-111.898576150731,40.5432863823208],[-111.898529097022,40.5426265989762],[-111.898650494174,40.5423776424571],[-111.898745698175,40.5421826377751],[-111.898768026365,40.5421369021943],[-111.898809747529,40.5420619123701],[-111.898855093521,40.5419804072035],[-111.89889258212,40.5419130244236],[-111.898921212235,40.5418615640766],[-111.898956103824,40.5418194447095],[-111.898977551469,40.5417935533701],[-111.899164067145,40.5416402778016],[-111.89930203282,40.5415268985047],[-111.899486203613,40.5413842732918],[-111.899574361846,40.5413165762259],[-111.89974719816,40.5411469884084],[-111.899754170868,40.5411404976606],[-111.899783308253,40.5411405261895],[-111.899809673205,40.541118471449],[-111.900188520157,40.5408015705928],[-111.900252111499,40.5407432840272],[-111.90030853314,40.5406808495768],[-111.90035732536,40.5406147794433],[-111.900626759432,40.540207900319],[-111.900646004682,40.5401788371764],[-111.900670230879,40.540142251677],[-111.900696666135,40.5401023310244],[-111.900703033806,40.540101793236],[-111.900764950423,40.5401251476566],[-111.900933210132,40.5401886135389],[-111.901033491289,40.540226438418],[-111.901061883538,40.5401851124082],[-111.901231884024,40.5399376698192],[-111.901241458852,40.5399232684922],[-111.903212851026,40.5399203306542],[-111.903063970282,40.5411420762416],[-111.90268862549,40.5442220222883],[-111.902673901556,40.5443339403023],[-111.90263284872,40.5443330519389],[-111.902525304495,40.544330725805]]]]},"properties":{"zone_code":"CSD-11400 LPP","zone_description":"Commercial Special District","zone_class_normalized":"Commercial","jurisdiction":"draper_ut","source_rest_url":"https://services2.arcgis.com/nAPVXppTJAHM40Se/arcgis/rest/services/Zoning_Public/FeatureServer/5","extraction_method":"arcgis_rest","confidence":"rest_api"}},{"type":"Feature","geometry":{"type":"Polygon","coordinates":[[[-111.913427123025,40.4584060988898],[-111.913424786587,40.4586711498078],[-111.913414859238,40.4589838969339],[-111.913398828515,40.4592725854443],[-111.91337620286,40.4595610162172],[-111.913366892107,40.4596395801157],[-111.913346991088,40.459849100959],[-111.913274530796,40.459849228829],[-111.913237030587,40.4601411648897],[-111.913194144526,40.460423424102],[-111.913159914416,40.4606188551658],[-111.913144814328,40.4607050692834],[-111.913087555637,40.460993149216],[-111.913025223212,40.4612732857246],[-111.912881405074,40.4618308540527],[-111.912799961808,40.4621081154866],[-111.912710261474,40.4623898044383],[-111.912466729039,40.4630654274755],[-111.912448412983,40.4633441610844],[-111.912390748287,40.4634810617649],[-111.912296373272,40.4634807087193],[-111.911965566793,40.4642001255311],[-111.911526390435,40.4649955052913],[-111.911559421745,40.4650135136601],[-111.911131274013,40.4656849528686],[-111.910778733067,40.4661854023859],[-111.91047649354,40.4666247556174],[-111.909553500235,40.4679790393433],[-111.908647204576,40.4691730539992],[-111.908229091557,40.4696645171016],[-111.90781092681,40.4701483219502],[-111.906944184195,40.4710624392294],[-111.906405836911,40.4715696249561],[-111.900929370711,40.4715789116758],[-111.900895545157,40.4679230055079],[-111.900851522429,40.4634417524535],[-111.900975254466,40.4634338007911],[-111.907574385143,40.4534658493615],[-111.91045418519,40.4531479680626],[-111.91257811467,40.4527164109312],[-111.91268240779,40.4531794522288],[-111.913222014102,40.4561542928576],[-111.913305578649,40.4566756702971],[-111.913351114832,40.4570474513841],[-111.913372448925,40.457251282791],[-111.913396010226,40.4575396696007],[-111.91341298029,40.4578283264104],[-111.913423351431,40.4581171658919],[-111.913427123025,40.4584060988898]]]},"properties":{"zone_code":"M2","zone_description":"Major Manufacture","zone_class_normalized":"Industrial/Flex","jurisdiction":"draper_ut","source_rest_url":"https://services2.arcgis.com/nAPVXppTJAHM40Se/arcgis/rest/services/Zoning_Public/FeatureServer/5","extraction_method":"arcgis_rest","confidence":"rest_api"}},{"type":"Feature","geometry":{"type":"Polygon","coordinates":[[[-111.867535817391,40.4838206993495],[-111.867509210885,40.4845200855778],[-111.867460853919,40.4844975785516],[-111.867437574147,40.4844871903762],[-111.867412588597,40.4844763149261],[-111.867400862445,40.4844713084265],[-111.867403870972,40.4844666456665],[-111.867404354622,40.4844539413941],[-111.86741734794,40.4841126283273],[-111.867535817391,40.4838206993495]]]},"properties":{"zone_code":"RH","zone_description":"Residential - Hillside","zone_class_normalized":"Residential-Low","jurisdiction":"draper_ut","source_rest_url":"https://services2.arcgis.com/nAPVXppTJAHM40Se/arcgis/rest/services/Zoning_Public/FeatureServer/5","extraction_method":"arcgis_rest","confidence":"rest_api"}},{"type":"Feature","geometry":{"type":"Polygon","coordinates":[[[-111.911994443562,40.543292386961],[-111.910481812665,40.5432944891692],[-111.910378056696,40.5433007835104],[-111.91036016859,40.5433009685971],[-111.910359102811,40.5429090086176],[-111.910375875521,40.5429092606075],[-111.91048089609,40.5429088056179],[-111.910937200505,40.5429085616414],[-111.911204542434,40.5429084186207],[-111.911545944407,40.542908234792],[-111.911798484723,40.5429111124422],[-111.912404530111,40.5429180185655],[-111.913392513376,40.5429292283735],[-111.91339283337,40.5431330562289],[-111.913388896866,40.5440039265435],[-111.91338867083,40.5440120180334],[-111.911996195354,40.5440226127184],[-111.911994443562,40.543292386961]]]},"properties":{"zone_code":"PI","zone_description":"Public Institutional","zone_class_normalized":"Open Space/Public","jurisdiction":"draper_ut","source_rest_url":"https://services2.arcgis.com/nAPVXppTJAHM40Se/arcgis/rest/services/Zoning_Public/FeatureServer/5","extraction_method":"arcgis_rest","confidence":"rest_api"}},{"type":"Feature","geometry":{"type":"Polygon","coordinates":[[[-111.895809793148,40.529599874878],[-111.895737383219,40.5291655127033],[-111.895467449852,40.5291692343675],[-111.895423593114,40.5291026490871],[-111.894976931306,40.5284244991571],[-111.894732991757,40.5280541286923],[-111.895564246452,40.5280534536639],[-111.895760241404,40.5280514196304],[-111.895749458394,40.5275960288062],[-111.895898924614,40.5275971316079],[-111.896781937561,40.527584954716],[-111.896766651252,40.5269397529453],[-111.897864110417,40.526923507879],[-111.899265243047,40.5269237752113],[-111.899269170298,40.5282299901508],[-111.900810068097,40.5282265992531],[-111.90219035886,40.5282923673454],[-111.904521828132,40.5284706261925],[-111.904521831458,40.5284693950992],[-111.904548316825,40.5284711273542],[-111.90454824974,40.5284769335728],[-111.904535827603,40.5288375149753],[-111.904523694978,40.5290476395187],[-111.904502630302,40.5293131521031],[-111.904467689997,40.5296558744007],[-111.904178685105,40.5320331045358],[-111.904147575775,40.5323533655382],[-111.904126830712,40.532506240457],[-111.904035858099,40.5333783943714],[-111.899760988006,40.5333861228607],[-111.896724495105,40.5333860015689],[-111.896613911937,40.5333862172515],[-111.896510436112,40.5329282375434],[-111.895993921773,40.5304745980884],[-111.895809793148,40.529599874878]]]},"properties":{"zone_code":"CSD-LP","zone_description":"Commercial Special District","zone_class_normalized":"Commercial","jurisdiction":"draper_ut","source_rest_url":"https://services2.arcgis.com/nAPVXppTJAHM40Se/arcgis/rest/services/Zoning_Public/FeatureServer/5","extraction_method":"arcgis_rest","confidence":"rest_api"}},{"type":"Feature","geometry":{"type":"Polygon","coordinates":[[[-111.892911793483,40.5314600809752],[-111.892537776488,40.5306698523351],[-111.892537690516,40.5306696797134],[-111.892538470379,40.5306640872602],[-111.893532300132,40.5306583892862],[-111.895221846922,40.5306486840802],[-111.895228751303,40.5306486445915],[-111.89540855623,40.5306092326345],[-111.895418115309,40.530623702281],[-111.89547499714,40.5307098021809],[-111.895494665937,40.5307366895914],[-111.895517234323,40.5307622166636],[-111.895542541746,40.5307862017937],[-111.895570408167,40.5308084743473],[-111.895600635341,40.5308288758735],[-111.89563300823,40.5308472612318],[-111.895667296526,40.5308634996255],[-111.895703256299,40.5308774755311],[-111.895755478432,40.5308929466814],[-111.895809712601,40.5309036543996],[-111.895865215315,40.5309094518947],[-111.895921225695,40.5309102596896],[-111.895924669088,40.5309101453945],[-111.895933160281,40.5309097835041],[-111.895948795728,40.5309088148129],[-111.896082767175,40.5308966575032],[-111.896288432767,40.5318736577886],[-111.896289624709,40.531879321949],[-111.896510436112,40.5329282375434],[-111.896370076029,40.5329281331458],[-111.895715155551,40.5329276422195],[-111.893284814782,40.5329210893838],[-111.893279442042,40.5328303641876],[-111.893271403464,40.5327360339443],[-111.893259469212,40.5326159829794],[-111.893243913914,40.5325178658298],[-111.893227022052,40.5324045029051],[-111.893205209818,40.532304500224],[-111.893184257987,40.5322122647681],[-111.893162956255,40.5321254591156],[-111.893134937795,40.5320321486498],[-111.893085417024,40.5318769996795],[-111.893066756762,40.5318128957217],[-111.893030769918,40.5317303638472],[-111.892985143011,40.5316161443902],[-111.892911793483,40.5314600809752]]]},"properties":{"zone_code":"CSD-LPA","zone_description":"Commercial Special District","zone_class_normalized":"Commercial","jurisdiction":"draper_ut","source_rest_url":"https://services2.arcgis.com/nAPVXppTJAHM40Se/arcgis/rest/services/Zoning_Public/FeatureServer/5","extraction_method":"arcgis_rest","confidence":"rest_api"}},{"type":"Feature","geometry":{"type":"Polygon","coordinates":[[[-111.882098035468,40.4973563690649],[-111.882361783229,40.4970591362281],[-111.8824396059,40.4970592487682],[-111.884835368889,40.497062697511],[-111.884833520029,40.4977793432436],[-111.881940081828,40.4977749691255],[-111.88199082334,40.4975708427199],[-111.882098035468,40.4973563690649]]]},"properties":{"zone_code":"RA1","zone_description":"Residential/Agricultural","zone_class_normalized":"Agriculture/Rural","jurisdiction":"draper_ut","source_rest_url":"https://services2.arcgis.com/nAPVXppTJAHM40Se/arcgis/rest/services/Zoning_Public/FeatureServer/5","extraction_method":"arcgis_rest","confidence":"rest_api"}},{"type":"Feature","geometry":{"type":"Polygon","coordinates":[[[-111.891825874403,40.5130191151856],[-111.891811992919,40.5128469848424],[-111.893159125531,40.5128481189176],[-111.893189033673,40.5128453708817],[-111.893218618807,40.5128410371057],[-111.893240507332,40.5128367588675],[-111.893262072263,40.5128316126545],[-111.893283254675,40.5128256112727],[-111.893282883907,40.5129986367277],[-111.893281407652,40.5133730240102],[-111.893472625307,40.5133734556468],[-111.891827035508,40.5133704505505],[-111.891825874403,40.5130191151856]]]},"properties":{"zone_code":"RA1","zone_description":"Residential/Agricultural","zone_class_normalized":"Agriculture/Rural","jurisdiction":"draper_ut","source_rest_url":"https://services2.arcgis.com/nAPVXppTJAHM40Se/arcgis/rest/services/Zoning_Public/FeatureServer/5","extraction_method":"arcgis_rest","confidence":"rest_api"}},{"type":"Feature","geometry":{"type":"Polygon","coordinates":[[[-111.910335533108,40.5361294669087],[-111.910352864693,40.5357588948122],[-111.910453486402,40.5357587586968],[-111.911017720099,40.5357580750698],[-111.911614366359,40.5357573496755],[-111.911615142565,40.5361279142416],[-111.910335533108,40.5361294669087]]]},"properties":{"zone_code":"RA1","zone_description":"Residential/Agricultural","zone_class_normalized":"Agriculture/Rural","jurisdiction":"draper_ut","source_rest_url":"https://services2.arcgis.com/nAPVXppTJAHM40Se/arcgis/rest/services/Zoning_Public/FeatureServer/5","extraction_method":"arcgis_rest","confidence":"rest_api"}},{"type":"Feature","geometry":{"type":"Polygon","coordinates":[[[-111.866273762021,40.5093746591335],[-111.866397738772,40.5093835493131],[-111.866420577562,40.5093851871974],[-111.868406171853,40.5095275551703],[-111.868316182236,40.5098183614144],[-111.868313967119,40.5098351236068],[-111.866195784505,40.5097017680657],[-111.866108494684,40.5096962717093],[-111.866148131798,40.5095971195543],[-111.86617527171,40.5095401501236],[-111.866205287577,40.5094840274477],[-111.866238134176,40.5094288360708],[-111.866273762021,40.5093746591335]]]},"properties":{"zone_code":"RA1","zone_description":"Residential/Agricultural","zone_class_normalized":"Agriculture/Rural","jurisdiction":"draper_ut","source_rest_url":"https://services2.arcgis.com/nAPVXppTJAHM40Se/arcgis/rest/services/Zoning_Public/FeatureServer/5","extraction_method":"arcgis_rest","confidence":"rest_api"}},{"type":"Feature","geometry":{"type":"Polygon","coordinates":[[[-111.860894377299,40.5246343878412],[-111.860892292643,40.524631172916],[-111.860892298207,40.524634233941],[-111.859484484745,40.5245299916771],[-111.858885451453,40.5245310348358],[-111.858879580988,40.5241016018388],[-111.858891386841,40.5241051040365],[-111.860914367786,40.5240988915372],[-111.86091385479,40.5239070227414],[-111.862362954723,40.5238067102445],[-111.862362946387,40.5238073631847],[-111.862353758728,40.5245246914425],[-111.860894377299,40.5246343878412]]]},"properties":{"zone_code":"RA1","zone_description":"Residential/Agricultural","zone_class_normalized":"Agriculture/Rural","jurisdiction":"draper_ut","source_rest_url":"https://services2.arcgis.com/nAPVXppTJAHM40Se/arcgis/rest/services/Zoning_Public/FeatureServer/5","extraction_method":"arcgis_rest","confidence":"rest_api"}},{"type":"Feature","geometry":{"type":"Polygon","coordinates":[[[-111.869350596351,40.5000966935004],[-111.868929634141,40.5000952567466],[-111.868926218508,40.5005646380915],[-111.868285398736,40.5005624456243],[-111.868066686082,40.5000231054842],[-111.868040864736,40.5000366223481],[-111.867578738708,40.5002785395826],[-111.867579420079,40.5005282619535],[-111.867579506169,40.5005600314397],[-111.865261856894,40.5005520711747],[-111.865349187641,40.5004805459298],[-111.865594058007,40.5004862492096],[-111.866063644686,40.5005030684464],[-111.866213716481,40.500499148476],[-111.866328502659,40.5004911977712],[-111.866464052969,40.5004769698139],[-111.866596863897,40.5004579186594],[-111.866677255565,40.5004431722741],[-111.866784728271,40.5004200593311],[-111.866884963085,40.5003962782078],[-111.867003218846,40.5003607068987],[-111.867097083424,40.5003293527563],[-111.867190930542,40.500294548471],[-111.867277539755,40.5002590760529],[-111.867361429255,40.5002222315079],[-111.867431771381,40.5001881905641],[-111.867505703298,40.5001493076068],[-111.867589332645,40.5000999069251],[-111.867677007975,40.5000556862307],[-111.868014258341,40.499890261689],[-111.868548957965,40.4996180179445],[-111.86884651333,40.4994666153747],[-111.868990789093,40.4993943785528],[-111.869165037546,40.4993475857764],[-111.869503598599,40.4992554104648],[-111.869841250165,40.499162547195],[-111.870196063564,40.4990668675443],[-111.87031523767,40.4990347409848],[-111.870386521937,40.4990082871594],[-111.870386660466,40.499033824483],[-111.870386168653,40.499109749476],[-111.870381838808,40.4994783374056],[-111.870375743954,40.5000215533636],[-111.87056923286,40.500020941583],[-111.871258225254,40.5000242819631],[-111.871675958161,40.5000257187922],[-111.871673261613,40.5001948292887],[-111.87167166706,40.5005661687386],[-111.871669028814,40.500579981198],[-111.869660028209,40.5005671416107],[-111.869663020675,40.5001554140004],[-111.869350176784,40.5001543472586],[-111.869350596351,40.5000966935004]]]},"properties":{"zone_code":"RA1","zone_description":"Residential/Agricultural","zone_class_normalized":"Agriculture/Rural","jurisdiction":"draper_ut","source_rest_url":"https://services2.arcgis.com/nAPVXppTJAHM40Se/arcgis/rest/services/Zoning_Public/FeatureServer/5","extraction_method":"arcgis_rest","confidence":"rest_api"}},{"type":"Feature","geometry":{"type":"Polygon","coordinates":[[[-111.883079616805,40.5029674854283],[-111.88194684361,40.5029657222044],[-111.881806361992,40.5029670256819],[-111.881806322782,40.5031612835353],[-111.881701049661,40.5031626144475],[-111.881673353613,40.5031625677765],[-111.881284986008,40.5031619121197],[-111.880878639285,40.5031612253615],[-111.880879888923,40.5026904955331],[-111.880938301356,40.5025234102101],[-111.880938957798,40.5019536256059],[-111.880997716003,40.5019537200478],[-111.881298910195,40.5019542019468],[-111.881676843756,40.5019548050676],[-111.881704676171,40.5019548521926],[-111.881791216792,40.5019544909942],[-111.881790819768,40.5019761116111],[-111.88179165438,40.5027408029573],[-111.881947400162,40.5027433816723],[-111.883062157622,40.5027451164203],[-111.883082994233,40.502974576358],[-111.883079616805,40.5029674854283]]]},"properties":{"zone_code":"RA1","zone_description":"Residential/Agricultural","zone_class_normalized":"Agriculture/Rural","jurisdiction":"draper_ut","source_rest_url":"https://services2.arcgis.com/nAPVXppTJAHM40Se/arcgis/rest/services/Zoning_Public/FeatureServer/5","extraction_method":"arcgis_rest","confidence":"rest_api"}},{"type":"Feature","geometry":{"type":"Polygon","coordinates":[[[-111.853403346647,40.5180798867869],[-111.853411617867,40.5156311145131],[-111.854285591896,40.5156362684362],[-111.854282148931,40.5166594660055],[-111.854360875346,40.5166598178727],[-111.85436157447,40.5166610594513],[-111.854362572288,40.517093767718],[-111.855326709726,40.5170946607455],[-111.855327261668,40.5170948265789],[-111.85532405066,40.5180836552717],[-111.853403346647,40.5180798867869]]]},"properties":{"zone_code":"RA1","zone_description":"Residential/Agricultural","zone_class_normalized":"Agriculture/Rural","jurisdiction":"draper_ut","source_rest_url":"https://services2.arcgis.com/nAPVXppTJAHM40Se/arcgis/rest/services/Zoning_Public/FeatureServer/5","extraction_method":"arcgis_rest","confidence":"rest_api"}},{"type":"Feature","geometry":{"type":"Polygon","coordinates":[[[-111.868635240649,40.5353739043613],[-111.86864298453,40.5345588010551],[-111.867506078515,40.5345524175669],[-111.867482234283,40.5345526066858],[-111.867482942583,40.5342720549484],[-111.866298913566,40.5342659866882],[-111.866303994503,40.5329260573227],[-111.866304704302,40.5319515405293],[-111.866305689418,40.5315420072521],[-111.867464382325,40.5315474225629],[-111.867464153513,40.531440699521],[-111.867463460116,40.5311172640254],[-111.867511411965,40.5311706255331],[-111.867879228567,40.5315799350921],[-111.868519172155,40.5322920529713],[-111.868505104161,40.5326212497433],[-111.868564106461,40.5326216676355],[-111.869696880681,40.5338829467801],[-111.869853011379,40.5340567863467],[-111.870423922326,40.5345683419694],[-111.870570130136,40.5345694441805],[-111.870978787457,40.5350313958866],[-111.871062355343,40.5351156812471],[-111.87097856324,40.535115216976],[-111.869910060886,40.5351092941029],[-111.869909329023,40.5353810464199],[-111.868635240649,40.5353739043613]],[[-111.868820245962,40.5333687646069],[-111.868241028453,40.533362436241],[-111.868393277991,40.5341447752559],[-111.868957672364,40.5340748966153],[-111.868820245962,40.5333687646069]]]},"properties":{"zone_code":"RA1","zone_description":"Residential/Agricultural","zone_class_normalized":"Agriculture/Rural","jurisdiction":"draper_ut","source_rest_url":"https://services2.arcgis.com/nAPVXppTJAHM40Se/arcgis/rest/services/Zoning_Public/FeatureServer/5","extraction_method":"arcgis_rest","confidence":"rest_api"}},{"type":"Feature","geometry":{"type":"Polygon","coordinates":[[[-111.85887728501,40.5002538207812],[-111.859536091092,40.4999438856917],[-111.859865320365,40.499792074704],[-111.859995475518,40.4997346375608],[-111.860714553806,40.4994173779617],[-111.86174695416,40.4989618508106],[-111.861935164042,40.4988812863484],[-111.862788907172,40.4985269829031],[-111.863563062234,40.4982058030435],[-111.864453922453,40.4978360838872],[-111.864679021101,40.497742665101],[-111.865497067218,40.4974222155606],[-111.86559463138,40.4973840057207],[-111.866404412971,40.4970863314439],[-111.866760764787,40.4969553338013],[-111.867568823949,40.4966516346023],[-111.867569889826,40.4970416108043],[-111.867569987057,40.497077423906],[-111.867571037703,40.4974617192291],[-111.867572087175,40.4978460135998],[-111.867573548177,40.4983810413075],[-111.867574013084,40.4985506768092],[-111.867574948751,40.498893224974],[-111.867575513021,40.4990997244882],[-111.866762737754,40.4992549396467],[-111.866341286529,40.4993383766296],[-111.865964577721,40.4994103079299],[-111.865465436844,40.4994366912726],[-111.864826924441,40.4994704184813],[-111.864432516955,40.499489900635],[-111.864234700512,40.4995003527755],[-111.864234780152,40.4997968090681],[-111.864234848725,40.5000301527226],[-111.863785368951,40.5000302234601],[-111.863335888002,40.5000302933775],[-111.862886324284,40.5000303267044],[-111.862886455772,40.5005438539927],[-111.86211335099,40.5005412376773],[-111.861897598739,40.5005405263679],[-111.858355654784,40.5005284910342],[-111.85887728501,40.5002538207812]]]},"properties":{"zone_code":"RA1","zone_description":"Residential/Agricultural","zone_class_normalized":"Agriculture/Rural","jurisdiction":"draper_ut","source_rest_url":"https://services2.arcgis.com/nAPVXppTJAHM40Se/arcgis/rest/services/Zoning_Public/FeatureServer/5","extraction_method":"arcgis_rest","confidence":"rest_api"}},{"type":"Feature","geometry":{"type":"Polygon","coordinates":[[[-111.850983374309,40.5249863186342],[-111.850945221798,40.5248970683253],[-111.850947276652,40.5248957248252],[-111.850944416056,40.5246180270401],[-111.850830124377,40.524108421729],[-111.851842530045,40.5241147980821],[-111.851837383298,40.5247997815674],[-111.851840683836,40.5249034138638],[-111.851732003515,40.5249050237065],[-111.851623716746,40.5249122565253],[-111.851463122705,40.5249246355509],[-111.851303645215,40.5249436446513],[-111.851145753981,40.5249692278396],[-111.850989914038,40.5250013097662],[-111.850983374309,40.5249863186342]]]},"properties":{"zone_code":"RA1","zone_description":"Residential/Agricultural","zone_class_normalized":"Agriculture/Rural","jurisdiction":"draper_ut","source_rest_url":"https://services2.arcgis.com/nAPVXppTJAHM40Se/arcgis/rest/services/Zoning_Public/FeatureServer/5","extraction_method":"arcgis_rest","confidence":"rest_api"}},{"type":"Feature","geometry":{"type":"Polygon","coordinates":[[[-111.871967024545,40.5283481489206],[-111.871967031004,40.528343703684],[-111.871379512344,40.5283431674311],[-111.871272120379,40.5283448809944],[-111.87127315184,40.5281433156339],[-111.87134403202,40.5281435801211],[-111.872251162162,40.5281455749665],[-111.872250897815,40.5283459545588],[-111.871970688022,40.5283453392228],[-111.871967024545,40.5283481489206]]]},"properties":{"zone_code":"RA1","zone_description":"Residential/Agricultural","zone_class_normalized":"Agriculture/Rural","jurisdiction":"draper_ut","source_rest_url":"https://services2.arcgis.com/nAPVXppTJAHM40Se/arcgis/rest/services/Zoning_Public/FeatureServer/5","extraction_method":"arcgis_rest","confidence":"rest_api"}},{"type":"Feature","geometry":{"type":"Polygon","coordinates":[[[-111.845282733634,40.5171397500156],[-111.845215761045,40.5170157177154],[-111.846981034579,40.5170164008161],[-111.847173455018,40.5170171160987],[-111.847190479057,40.5173819951082],[-111.847278892449,40.5196158609667],[-111.847042637237,40.5193843553231],[-111.846786051674,40.5191395178276],[-111.846720415747,40.5190753498855],[-111.846604054658,40.5189628576972],[-111.846501992556,40.5188598403699],[-111.84640570528,40.5187492383693],[-111.846267660992,40.5185980150442],[-111.846166638732,40.5184808688557],[-111.846072144004,40.518368664558],[-111.845929588108,40.5181821660874],[-111.84578915323,40.5179862871099],[-111.845701793013,40.5178558671685],[-111.845596927863,40.5176929664717],[-111.845456307986,40.517460144296],[-111.845343292935,40.5172570162509],[-111.845282733634,40.5171397500156]]]},"properties":{"zone_code":"RA1","zone_description":"Residential/Agricultural","zone_class_normalized":"Agriculture/Rural","jurisdiction":"draper_ut","source_rest_url":"https://services2.arcgis.com/nAPVXppTJAHM40Se/arcgis/rest/services/Zoning_Public/FeatureServer/5","extraction_method":"arcgis_rest","confidence":"rest_api"}},{"type":"Feature","geometry":{"type":"Polygon","coordinates":[[[-111.842117840306,40.525003487495],[-111.842119657981,40.5245444091419],[-111.842972485301,40.5245457982854],[-111.843052982179,40.5245514461478],[-111.843053260596,40.525010469767],[-111.842972805907,40.5250051054605],[-111.842117840306,40.525003487495]]]},"properties":{"zone_code":"RA1","zone_description":"Residential/Agricultural","zone_class_normalized":"Agriculture/Rural","jurisdiction":"draper_ut","source_rest_url":"https://services2.arcgis.com/nAPVXppTJAHM40Se/arcgis/rest/services/Zoning_Public/FeatureServer/5","extraction_method":"arcgis_rest","confidence":"rest_api"}},{"type":"Feature","geometry":{"type":"Polygon","coordinates":[[[-111.910359102811,40.5429090086176],[-111.91048089609,40.5429088056179],[-111.910375875521,40.5429092606075],[-111.910359102811,40.5429090086176]]]},"properties":{"zone_code":"RA1","zone_description":"Residential/Agricultural","zone_class_normalized":"Agriculture/Rural","jurisdiction":"draper_ut","source_rest_url":"https://services2.arcgis.com/nAPVXppTJAHM40Se/arcgis/rest/services/Zoning_Public/FeatureServer/5","extraction_method":"arcgis_rest","confidence":"rest_api"}},{"type":"Feature","geometry":{"type":"Polygon","coordinates":[[[-111.878913461516,40.4998235350102],[-111.879237760139,40.4995717497526],[-111.879237701605,40.4995937088011],[-111.879236681157,40.4999756159251],[-111.879235071122,40.5005789028723],[-111.879235049611,40.5005871369481],[-111.877998842577,40.5005852093146],[-111.877998864622,40.5005770445824],[-111.877999484084,40.5004769043567],[-111.878589241603,40.5000452649119],[-111.878708918508,40.499959123983],[-111.878913461516,40.4998235350102]]]},"properties":{"zone_code":"RA1","zone_description":"Residential/Agricultural","zone_class_normalized":"Agriculture/Rural","jurisdiction":"draper_ut","source_rest_url":"https://services2.arcgis.com/nAPVXppTJAHM40Se/arcgis/rest/services/Zoning_Public/FeatureServer/5","extraction_method":"arcgis_rest","confidence":"rest_api"}},{"type":"Feature","geometry":{"type":"Polygon","coordinates":[[[-111.85340303184,40.5063666304987],[-111.853401851846,40.5060725721309],[-111.853450866111,40.5060727692211],[-111.853999171474,40.5060749145279],[-111.853861599826,40.5060744231652],[-111.853646107014,40.5067236803031],[-111.853402222888,40.5067236523838],[-111.85340303184,40.5063666304987]]]},"properties":{"zone_code":"RA1","zone_description":"Residential/Agricultural","zone_class_normalized":"Agriculture/Rural","jurisdiction":"draper_ut","source_rest_url":"https://services2.arcgis.com/nAPVXppTJAHM40Se/arcgis/rest/services/Zoning_Public/FeatureServer/5","extraction_method":"arcgis_rest","confidence":"rest_api"}},{"type":"Feature","geometry":{"type":"Polygon","coordinates":[[[-111.867477257651,40.5378264908305],[-111.867477221394,40.5375470755971],[-111.869046380921,40.5375557036946],[-111.869046635624,40.5378337259823],[-111.869046677685,40.5381082240902],[-111.869046719741,40.5383827212684],[-111.87095774806,40.5383915034809],[-111.871137915734,40.5383936160533],[-111.871176389877,40.5387679517786],[-111.870467350432,40.5387622901792],[-111.868261783771,40.5387293267028],[-111.868261405584,40.5386592484868],[-111.868261716413,40.5378301099544],[-111.867477257651,40.5378264908305]]]},"properties":{"zone_code":"RA1","zone_description":"Residential/Agricultural","zone_class_normalized":"Agriculture/Rural","jurisdiction":"draper_ut","source_rest_url":"https://services2.arcgis.com/nAPVXppTJAHM40Se/arcgis/rest/services/Zoning_Public/FeatureServer/5","extraction_method":"arcgis_rest","confidence":"rest_api"}},{"type":"Feature","geometry":{"type":"Polygon","coordinates":[[[-111.913783146133,40.5266124806217],[-111.913725936912,40.5265805681282],[-111.913098908103,40.526588046155],[-111.912681748297,40.5265955494218],[-111.912269394207,40.5266087187174],[-111.911967186173,40.5266156133518],[-111.911537925913,40.5266155614437],[-111.91141971989,40.5266155459221],[-111.910495521773,40.5257884830766],[-111.910136391465,40.5256250380107],[-111.912352738211,40.5256357426906],[-111.912512863477,40.5256356628807],[-111.912866447351,40.5259347987767],[-111.913490243041,40.5263376984324],[-111.913945421681,40.5266067581883],[-111.913783146133,40.5266124806217]]]},"properties":{"zone_code":"RA1","zone_description":"Residential/Agricultural","zone_class_normalized":"Agriculture/Rural","jurisdiction":"draper_ut","source_rest_url":"https://services2.arcgis.com/nAPVXppTJAHM40Se/arcgis/rest/services/Zoning_Public/FeatureServer/5","extraction_method":"arcgis_rest","confidence":"rest_api"}},{"type":"Feature","geometry":{"type":"Polygon","coordinates":[[[-111.843672600356,40.5114864665074],[-111.843671772239,40.511401190768],[-111.8448811555,40.5114013158407],[-111.844968023796,40.5115070848866],[-111.844844906478,40.5117565814559],[-111.844758876699,40.5119540245004],[-111.844686344432,40.5121317087768],[-111.844624638423,40.5122989829333],[-111.844556320688,40.5125036386352],[-111.844497459489,40.5126958124332],[-111.844453408351,40.5128588829119],[-111.844390874673,40.5131320191793],[-111.844351158625,40.513345931398],[-111.84431826337,40.5135639742936],[-111.844290344954,40.5137742747114],[-111.843694797047,40.5137719512856],[-111.843672600356,40.5114864665074]]]},"properties":{"zone_code":"RA1","zone_description":"Residential/Agricultural","zone_class_normalized":"Agriculture/Rural","jurisdiction":"draper_ut","source_rest_url":"https://services2.arcgis.com/nAPVXppTJAHM40Se/arcgis/rest/services/Zoning_Public/FeatureServer/5","extraction_method":"arcgis_rest","confidence":"rest_api"}},{"type":"Feature","geometry":{"type":"Polygon","coordinates":[[[-111.881803024784,40.538650309401],[-111.881652622444,40.5386403813492],[-111.880641379893,40.538314345879],[-111.880636789179,40.5380800628494],[-111.881083104188,40.5380802681785],[-111.881092154936,40.5371218267071],[-111.881096608299,40.5370315321027],[-111.881794397476,40.5370334322501],[-111.881793480376,40.5371182561252],[-111.881803024784,40.538650309401]]]},"properties":{"zone_code":"RA1","zone_description":"Residential/Agricultural","zone_class_normalized":"Agriculture/Rural","jurisdiction":"draper_ut","source_rest_url":"https://services2.arcgis.com/nAPVXppTJAHM40Se/arcgis/rest/services/Zoning_Public/FeatureServer/5","extraction_method":"arcgis_rest","confidence":"rest_api"}},{"type":"Feature","geometry":{"type":"Polygon","coordinates":[[[-111.872092224263,40.5397727324003],[-111.871524079436,40.5397739010837],[-111.871317196975,40.5397749833635],[-111.871280577507,40.53953913469],[-111.871099743928,40.5395403745438],[-111.870357370398,40.5395379310221],[-111.87035683396,40.5393457878289],[-111.871074572998,40.5393505292177],[-111.871251271136,40.539350390381],[-111.871205353773,40.5390086140066],[-111.871415653947,40.5390086828203],[-111.871944945981,40.5390088077468],[-111.872646568701,40.5390089689211],[-111.872653224639,40.5394986912744],[-111.872005735375,40.5395137922797],[-111.872092224263,40.5397727324003]]]},"properties":{"zone_code":"RA1","zone_description":"Residential/Agricultural","zone_class_normalized":"Agriculture/Rural","jurisdiction":"draper_ut","source_rest_url":"https://services2.arcgis.com/nAPVXppTJAHM40Se/arcgis/rest/services/Zoning_Public/FeatureServer/5","extraction_method":"arcgis_rest","confidence":"rest_api"}},{"type":"Feature","geometry":{"type":"Polygon","coordinates":[[[-111.868265678115,40.5071171982758],[-111.868274734533,40.5071070923501],[-111.869632856967,40.5072773482038],[-111.869627444831,40.5072877948653],[-111.868439262484,40.507138842863],[-111.868265678115,40.5071171982758]]]},"properties":{"zone_code":"RA1","zone_description":"Residential/Agricultural","zone_class_normalized":"Agriculture/Rural","jurisdiction":"draper_ut","source_rest_url":"https://services2.arcgis.com/nAPVXppTJAHM40Se/arcgis/rest/services/Zoning_Public/FeatureServer/5","extraction_method":"arcgis_rest","confidence":"rest_api"}},{"type":"Feature","geometry":{"type":"Polygon","coordinates":[[[-111.873464897726,40.5307073640365],[-111.872928000713,40.5307070425267],[-111.872929033178,40.5305715638303],[-111.872931198296,40.5297536899487],[-111.873465415174,40.5297539145923],[-111.873463374228,40.5305270946294],[-111.873463255009,40.5305723864667],[-111.873464897726,40.5307073640365]]]},"properties":{"zone_code":"RA1","zone_description":"Residential/Agricultural","zone_class_normalized":"Agriculture/Rural","jurisdiction":"draper_ut","source_rest_url":"https://services2.arcgis.com/nAPVXppTJAHM40Se/arcgis/rest/services/Zoning_Public/FeatureServer/5","extraction_method":"arcgis_rest","confidence":"rest_api"}},{"type":"Feature","geometry":{"type":"Polygon","coordinates":[[[-111.871019215039,40.5416150089568],[-111.871021779309,40.5406424408645],[-111.871266338317,40.540643303909],[-111.871451555326,40.5406403055236],[-111.871467282534,40.5407415928068],[-111.871599896482,40.5415956530307],[-111.87141802784,40.5416033527946],[-111.871019215039,40.5416150089568]]]},"properties":{"zone_code":"RA1","zone_description":"Residential/Agricultural","zone_class_normalized":"Agriculture/Rural","jurisdiction":"draper_ut","source_rest_url":"https://services2.arcgis.com/nAPVXppTJAHM40Se/arcgis/rest/services/Zoning_Public/FeatureServer/5","extraction_method":"arcgis_rest","confidence":"rest_api"}},{"type":"Feature","geometry":{"type":"Polygon","coordinates":[[[-111.850005129925,40.5064189308354],[-111.850149940526,40.5062680324791],[-111.850263282125,40.506152428865],[-111.850341550683,40.5060742012924],[-111.850464810416,40.5059530454794],[-111.850550287222,40.5058699646038],[-111.850578179311,40.5058429629021],[-111.850590838841,40.5058429250269],[-111.850640327446,40.505795152618],[-111.850708718979,40.5057307583928],[-111.850870723676,40.5055832586487],[-111.851017442163,40.5054523696853],[-111.851115561732,40.5053664893341],[-111.851204689831,40.5052902990441],[-111.851344229256,40.5051704740529],[-111.851566622361,40.5049820275756],[-111.851566630603,40.5049861485945],[-111.8515683221,40.5058365679278],[-111.852752391596,40.5058366928222],[-111.852751698898,40.5054914008728],[-111.853184190728,40.5054915957843],[-111.853184912922,40.5054916215255],[-111.853184314831,40.5062832741567],[-111.853183580573,40.506284339051],[-111.852356460198,40.5062839652349],[-111.852356226347,40.5065831656205],[-111.853183350347,40.5065835394382],[-111.853184087609,40.5065846512301],[-111.853183670298,40.507137566328],[-111.853182847954,40.5072972212999],[-111.852445478535,40.5072968414055],[-111.850474966957,40.5072776649827],[-111.850475277029,40.5072403864757],[-111.849231123094,40.5072282246696],[-111.84964354308,40.5067941046091],[-111.849845024384,40.5065850601974],[-111.850005129925,40.5064189308354]]]},"properties":{"zone_code":"RA1","zone_description":"Residential/Agricultural","zone_class_normalized":"Agriculture/Rural","jurisdiction":"draper_ut","source_rest_url":"https://services2.arcgis.com/nAPVXppTJAHM40Se/arcgis/rest/services/Zoning_Public/FeatureServer/5","extraction_method":"arcgis_rest","confidence":"rest_api"}},{"type":"Feature","geometry":{"type":"Polygon","coordinates":[[[-111.871173180601,40.531336739175],[-111.87117409572,40.5313229233431],[-111.871025601838,40.5313236095673],[-111.871025158735,40.5313230841367],[-111.871025158048,40.5313236091708],[-111.870588506571,40.5313229280841],[-111.870587816457,40.5315801283799],[-111.870157350477,40.5315794558463],[-111.870157331219,40.5315785166134],[-111.870155638477,40.5312664224356],[-111.871029817648,40.5312636588235],[-111.871027094412,40.5307655696253],[-111.871028238915,40.5307047145113],[-111.871214950026,40.5307059992859],[-111.872008436194,40.530706289131],[-111.872055585905,40.5307063060981],[-111.872058693934,40.5298029210941],[-111.872058812669,40.5297580191962],[-111.872058827862,40.5297523626676],[-111.872118187649,40.5297525560888],[-111.872118257421,40.5297079893573],[-111.87224866474,40.5297081102495],[-111.872249866032,40.5289381621447],[-111.872251699999,40.5288334064807],[-111.872780178599,40.5288418791574],[-111.872780774184,40.5289383868869],[-111.87277622647,40.5297536245203],[-111.872396982612,40.5297534646679],[-111.872394812545,40.5305707396562],[-111.87239396234,40.5307067202834],[-111.872137705373,40.5307064281737],[-111.872138861089,40.5307672931102],[-111.872122380905,40.5310322443851],[-111.871489853152,40.5310107574413],[-111.871807444539,40.5315825667807],[-111.871726396295,40.5315818998314],[-111.871323667339,40.5315812742049],[-111.871164702282,40.5315801764224],[-111.871173180601,40.531336739175]]]},"properties":{"zone_code":"RA1","zone_description":"Residential/Agricultural","zone_class_normalized":"Agriculture/Rural","jurisdiction":"draper_ut","source_rest_url":"https://services2.arcgis.com/nAPVXppTJAHM40Se/arcgis/rest/services/Zoning_Public/FeatureServer/5","extraction_method":"arcgis_rest","confidence":"rest_api"}},{"type":"Feature","geometry":{"type":"Polygon","coordinates":[[[-111.881803024784,40.538650309401],[-111.881917487694,40.5386432534691],[-111.882258362319,40.5387841863175],[-111.882993137292,40.5389916987959],[-111.883417840597,40.5391115251672],[-111.883926858404,40.5392422814811],[-111.884477069371,40.5393586265117],[-111.88481264066,40.5394021684694],[-111.884813950283,40.5395111102878],[-111.884814655051,40.5398215442698],[-111.88481488599,40.5399862049911],[-111.884814748942,40.5406648060116],[-111.881718977917,40.5406608512459],[-111.881599917931,40.540666542262],[-111.881763124314,40.5401633280994],[-111.881789581712,40.5399523868228],[-111.881803024784,40.538650309401]]]},"properties":{"zone_code":"RA1","zone_description":"Residential/Agricultural","zone_class_normalized":"Agriculture/Rural","jurisdiction":"draper_ut","source_rest_url":"https://services2.arcgis.com/nAPVXppTJAHM40Se/arcgis/rest/services/Zoning_Public/FeatureServer/5","extraction_method":"arcgis_rest","confidence":"rest_api"}},{"type":"Feature","geometry":{"type":"Polygon","coordinates":[[[-111.865516061797,40.5151910152396],[-111.866902309781,40.5150995097296],[-111.866893012792,40.5154106604208],[-111.865428519675,40.515468127613],[-111.865343764015,40.5154683126054],[-111.86535705667,40.5152015101228],[-111.865460224754,40.5151947007134],[-111.865516061797,40.5151910152396]]]},"properties":{"zone_code":"RA1","zone_description":"Residential/Agricultural","zone_class_normalized":"Agriculture/Rural","jurisdiction":"draper_ut","source_rest_url":"https://services2.arcgis.com/nAPVXppTJAHM40Se/arcgis/rest/services/Zoning_Public/FeatureServer/5","extraction_method":"arcgis_rest","confidence":"rest_api"}},{"type":"Feature","geometry":{"type":"Polygon","coordinates":[[[-111.839090395487,40.5279539160007],[-111.839094714584,40.5271307127518],[-111.839896913919,40.5271305318134],[-111.839896565832,40.5271971398545],[-111.840283200683,40.5271968241033],[-111.840287695541,40.5261672436025],[-111.840287315762,40.5260702398048],[-111.841206090585,40.526066790836],[-111.841206207488,40.5260878143042],[-111.841997769316,40.52608550656],[-111.841998204305,40.5261577139012],[-111.841997072339,40.5265053246224],[-111.841527168411,40.5265536783275],[-111.84153482392,40.5266179738243],[-111.841320392383,40.5266119657195],[-111.841320431311,40.5266206939296],[-111.840716163441,40.526621041628],[-111.84071563853,40.5276192454098],[-111.840320810472,40.5277042795252],[-111.840280656229,40.5277043645779],[-111.839563371412,40.5277058961786],[-111.839561920142,40.5279529220674],[-111.839090395487,40.5279539160007]]]},"properties":{"zone_code":"RA1","zone_description":"Residential/Agricultural","zone_class_normalized":"Agriculture/Rural","jurisdiction":"draper_ut","source_rest_url":"https://services2.arcgis.com/nAPVXppTJAHM40Se/arcgis/rest/services/Zoning_Public/FeatureServer/5","extraction_method":"arcgis_rest","confidence":"rest_api"}},{"type":"Feature","geometry":{"type":"Polygon","coordinates":[[[-111.881789954792,40.5202115227878],[-111.881786881386,40.5196620422636],[-111.88190240506,40.519662762794],[-111.882672891032,40.5196643391948],[-111.882674546363,40.5190624774295],[-111.883487643057,40.5190655690771],[-111.8847553059,40.5190703787663],[-111.884753678917,40.5196685715874],[-111.884371565499,40.5196677972566],[-111.883580255437,40.5196661894057],[-111.883578752304,40.5202151769832],[-111.88186648948,40.5202116796143],[-111.881789954792,40.5202115227878]]]},"properties":{"zone_code":"RA1","zone_description":"Residential/Agricultural","zone_class_normalized":"Agriculture/Rural","jurisdiction":"draper_ut","source_rest_url":"https://services2.arcgis.com/nAPVXppTJAHM40Se/arcgis/rest/services/Zoning_Public/FeatureServer/5","extraction_method":"arcgis_rest","confidence":"rest_api"}},{"type":"Feature","geometry":{"type":"Polygon","coordinates":[[[-111.842116586108,40.5259787781844],[-111.842123160915,40.5254652682569],[-111.842967771204,40.5254656575027],[-111.843070853464,40.525466438327],[-111.84307320286,40.525977275433],[-111.84307254325,40.5260789634424],[-111.842117254847,40.526083466609],[-111.842116586108,40.5259787781844]]]},"properties":{"zone_code":"RA1","zone_description":"Residential/Agricultural","zone_class_normalized":"Agriculture/Rural","jurisdiction":"draper_ut","source_rest_url":"https://services2.arcgis.com/nAPVXppTJAHM40Se/arcgis/rest/services/Zoning_Public/FeatureServer/5","extraction_method":"arcgis_rest","confidence":"rest_api"}},{"type":"Feature","geometry":{"type":"Polygon","coordinates":[[[-111.862159762248,40.5081621683511],[-111.862212390869,40.5077956509151],[-111.862573856595,40.5077979840864],[-111.862809094771,40.5078139590139],[-111.862810021036,40.507912325292],[-111.862806442777,40.5082523015295],[-111.862570442527,40.5082386353304],[-111.862570906943,40.5081787860448],[-111.862159762248,40.5081621683511]]]},"properties":{"zone_code":"RA1","zone_description":"Residential/Agricultural","zone_class_normalized":"Agriculture/Rural","jurisdiction":"draper_ut","source_rest_url":"https://services2.arcgis.com/nAPVXppTJAHM40Se/arcgis/rest/services/Zoning_Public/FeatureServer/5","extraction_method":"arcgis_rest","confidence":"rest_api"}},{"type":"Feature","geometry":{"type":"Polygon","coordinates":[[[-111.880483131514,40.5043772459045],[-111.880485223394,40.503555834281],[-111.880485342062,40.5035091703739],[-111.881700178877,40.5035112244126],[-111.881806254943,40.5035109733834],[-111.881806181566,40.5038830912313],[-111.881940748599,40.5038850022951],[-111.882792758269,40.5038863295907],[-111.882791750689,40.5042642600926],[-111.882790792278,40.5043088004696],[-111.881911817813,40.5043086210128],[-111.881815143156,40.5043146880601],[-111.881822536537,40.5046251314237],[-111.881730252983,40.5046259679363],[-111.881298809382,40.504625427403],[-111.88129943594,40.5043782722346],[-111.880990178124,40.5043778840644],[-111.880483131514,40.5043772459045]]]},"properties":{"zone_code":"RA1","zone_description":"Residential/Agricultural","zone_class_normalized":"Agriculture/Rural","jurisdiction":"draper_ut","source_rest_url":"https://services2.arcgis.com/nAPVXppTJAHM40Se/arcgis/rest/services/Zoning_Public/FeatureServer/5","extraction_method":"arcgis_rest","confidence":"rest_api"}},{"type":"Feature","geometry":{"type":"Polygon","coordinates":[[[-111.873434559257,40.524152271738],[-111.873433570307,40.5241186268155],[-111.874212730548,40.5241272801307],[-111.874212064305,40.5241758122854],[-111.874380237635,40.5241810200046],[-111.874363662526,40.5250316234967],[-111.87436384981,40.5250317723934],[-111.874363643593,40.5251422101661],[-111.873454703789,40.5251378267288],[-111.87345795544,40.5250149315567],[-111.87345803302,40.5250148745734],[-111.873448397053,40.5246229899328],[-111.873434559257,40.524152271738]]]},"properties":{"zone_code":"RA1","zone_description":"Residential/Agricultural","zone_class_normalized":"Agriculture/Rural","jurisdiction":"draper_ut","source_rest_url":"https://services2.arcgis.com/nAPVXppTJAHM40Se/arcgis/rest/services/Zoning_Public/FeatureServer/5","extraction_method":"arcgis_rest","confidence":"rest_api"}},{"type":"Feature","geometry":{"type":"Polygon","coordinates":[[[-111.910359102811,40.5429090086176],[-111.91036016859,40.5433009685971],[-111.910378056696,40.5433007835104],[-111.910481812665,40.5432944891692],[-111.911994443562,40.543292386961],[-111.911996195354,40.5440226127184],[-111.911996504467,40.5441516205274],[-111.91199685401,40.5442970995531],[-111.911996752599,40.5443023970429],[-111.911825238241,40.544301863108],[-111.911653764335,40.544298972],[-111.911482386548,40.5442937246576],[-111.911311160516,40.5442861227842],[-111.911231967374,40.5442969498093],[-111.910947615735,40.5442773118201],[-111.910664161929,40.5442511909964],[-111.910526503926,40.544236908277],[-111.910175817223,40.5441700500918],[-111.909431038463,40.5440927684758],[-111.908755675864,40.5440226851342],[-111.908594601554,40.544007703692],[-111.908439741035,40.5439965881289],[-111.908366034413,40.5440075508049],[-111.908161375565,40.5439997388634],[-111.90795648195,40.5439974877772],[-111.9077516131,40.5440008003975],[-111.907547028517,40.5440096725284],[-111.907342987343,40.5440240929317],[-111.90713974803,40.5440440433415],[-111.906937568018,40.5440694984868],[-111.906736703405,40.5441004261243],[-111.905855298902,40.5442486373515],[-111.905775383903,40.5442616875862],[-111.905876347183,40.5441013416831],[-111.90602181361,40.5438631830189],[-111.906552478516,40.5429943604056],[-111.906563510387,40.5427627863839],[-111.906569782616,40.5426608060372],[-111.907832496631,40.5426604532669],[-111.907889640105,40.5425729363936],[-111.907944185373,40.5424893982294],[-111.907976628506,40.5422674747371],[-111.908021275314,40.5419620702814],[-111.908065922904,40.5416566657683],[-111.908141434676,40.5411401291554],[-111.908144960429,40.5411160059837],[-111.908267882642,40.5411158166512],[-111.908267250782,40.540846649969],[-111.908180721473,40.5405366642188],[-111.908500792432,40.539454291393],[-111.908702496524,40.5395119704537],[-111.909051954473,40.5392762797401],[-111.909197063592,40.5392541408054],[-111.909082883542,40.5390838320306],[-111.909278106558,40.538830754652],[-111.908650065573,40.5384245277145],[-111.908462224373,40.5384450155376],[-111.908311550563,40.5381579320907],[-111.908084642222,40.538048560978],[-111.908172688729,40.5376335776539],[-111.908011375657,40.5375703933079],[-111.908014879766,40.5374834473946],[-111.907794653501,40.5374257469042],[-111.9075977267,40.5370450200513],[-111.909096040068,40.5370427100408],[-111.909100134392,40.5370463781806],[-111.910218706205,40.5370445516208],[-111.910352559447,40.5370441182986],[-111.910350173109,40.5366296072298],[-111.910344430114,40.5366069582004],[-111.910454552849,40.5366062475902],[-111.910465338547,40.5366061467875],[-111.911433958335,40.5365970580134],[-111.911434877122,40.5370362651457],[-111.912744363548,40.5370239254116],[-111.912926657615,40.5370219587368],[-111.913077699247,40.5370201019008],[-111.913251320941,40.5370194900155],[-111.913042520125,40.5375725737717],[-111.912936086031,40.5377668358303],[-111.912697355185,40.5380887193957],[-111.91263172596,40.5380887369708],[-111.912631379829,40.5380916200096],[-111.911913626666,40.5380889315527],[-111.911911891733,40.5383662678241],[-111.911914111698,40.5386436910338],[-111.911957389297,40.53864409282],[-111.911959320852,40.5394495446469],[-111.911910404313,40.539449612956],[-111.911911061546,40.5397241245989],[-111.910353150967,40.5397274940048],[-111.91035544186,40.541240863465],[-111.910355526226,40.5412967028705],[-111.910478513885,40.5413055716039],[-111.910911031868,40.5413357024637],[-111.911325964628,40.5413646119172],[-111.911757634441,40.5413947120121],[-111.912252920449,40.541429222969],[-111.912762967443,40.5414647029136],[-111.913294450972,40.5415017333028],[-111.913825826423,40.5415387526601],[-111.913921722194,40.5415454890032],[-111.913923568045,40.5415456184722],[-111.91391529853,40.5416226227962],[-111.913894184969,40.5418192264248],[-111.913864803811,40.5420928001118],[-111.91384827559,40.5422466916029],[-111.91383395305,40.5423800531653],[-111.913824863115,40.542464684557],[-111.913800694126,40.5426897388046],[-111.913784734365,40.5428383338084],[-111.913774343682,40.5429350796996],[-111.913512500866,40.5429306352037],[-111.913392512195,40.5429292283776],[-111.912404530111,40.5429180185655],[-111.911798484723,40.5429111124422],[-111.91156682986,40.5429084730757],[-111.911545944407,40.542908234792],[-111.911545607719,40.5428925354854],[-111.911537833053,40.5425302447551],[-111.911228073987,40.5425303265913],[-111.910479996875,40.5425305192075],[-111.910358076901,40.5425319204065],[-111.910359102811,40.5429090086176]]]},"properties":{"zone_code":"RA1","zone_description":"Residential/Agricultural","zone_class_normalized":"Agriculture/Rural","jurisdiction":"draper_ut","source_rest_url":"https://services2.arcgis.com/nAPVXppTJAHM40Se/arcgis/rest/services/Zoning_Public/FeatureServer/5","extraction_method":"arcgis_rest","confidence":"rest_api"}},{"type":"Feature","geometry":{"type":"Polygon","coordinates":[[[-111.867301980816,40.5081948999701],[-111.867723070577,40.5077227052755],[-111.867902418096,40.5077337039573],[-111.869340983897,40.5078406017418],[-111.869341034548,40.5078405862724],[-111.869336636868,40.507849042146],[-111.869283278852,40.5079482305975],[-111.869000730479,40.5083769894535],[-111.86863735988,40.5089173104491],[-111.867147844234,40.5088182266521],[-111.86692006879,40.5088030727956],[-111.866773036608,40.5087932908141],[-111.867301980816,40.5081948999701]]]},"properties":{"zone_code":"RA1","zone_description":"Residential/Agricultural","zone_class_normalized":"Agriculture/Rural","jurisdiction":"draper_ut","source_rest_url":"https://services2.arcgis.com/nAPVXppTJAHM40Se/arcgis/rest/services/Zoning_Public/FeatureServer/5","extraction_method":"arcgis_rest","confidence":"rest_api"}},{"type":"Feature","geometry":{"type":"Polygon","coordinates":[[[-111.882636124172,40.5057666774788],[-111.882635974689,40.5056829556634],[-111.882680334804,40.5056830242398],[-111.883532618224,40.5056843444338],[-111.88353495694,40.5051868470951],[-111.884389029375,40.5051886982337],[-111.884386700949,40.5056856606318],[-111.885192728286,40.5056868971332],[-111.885190394628,40.5063182447414],[-111.882634672076,40.50631154851],[-111.882636124172,40.5057666774788]]]},"properties":{"zone_code":"RA1","zone_description":"Residential/Agricultural","zone_class_normalized":"Agriculture/Rural","jurisdiction":"draper_ut","source_rest_url":"https://services2.arcgis.com/nAPVXppTJAHM40Se/arcgis/rest/services/Zoning_Public/FeatureServer/5","extraction_method":"arcgis_rest","confidence":"rest_api"}},{"type":"Feature","geometry":{"type":"Polygon","coordinates":[[[-111.871105309244,40.5357989242078],[-111.871114221159,40.5351679922739],[-111.871313549239,40.535369031619],[-111.871818717615,40.5359400638453],[-111.872230907182,40.5364059857042],[-111.872230859806,40.5364237009224],[-111.872499043235,40.5367258207856],[-111.872775053944,40.5370232114551],[-111.872229267514,40.5370229175551],[-111.871816512546,40.53702063679],[-111.871309143441,40.5370178311547],[-111.871291478462,40.5370177331051],[-111.871096627498,40.5370168163827],[-111.871092811549,40.5363150962882],[-111.871105309244,40.5357989242078]]]},"properties":{"zone_code":"RA1","zone_description":"Residential/Agricultural","zone_class_normalized":"Agriculture/Rural","jurisdiction":"draper_ut","source_rest_url":"https://services2.arcgis.com/nAPVXppTJAHM40Se/arcgis/rest/services/Zoning_Public/FeatureServer/5","extraction_method":"arcgis_rest","confidence":"rest_api"}},{"type":"Feature","geometry":{"type":"Polygon","coordinates":[[[-111.862574790443,40.512559289842],[-111.862000933576,40.5125004037961],[-111.861571891978,40.5125447253803],[-111.861576554325,40.5124957755214],[-111.861573255545,40.5123370070193],[-111.861568945284,40.511941814389],[-111.861568467006,40.5118586413892],[-111.862567153804,40.5118692464432],[-111.86256750537,40.5119589913358],[-111.862574790443,40.512559289842]]]},"properties":{"zone_code":"RA1","zone_description":"Residential/Agricultural","zone_class_normalized":"Agriculture/Rural","jurisdiction":"draper_ut","source_rest_url":"https://services2.arcgis.com/nAPVXppTJAHM40Se/arcgis/rest/services/Zoning_Public/FeatureServer/5","extraction_method":"arcgis_rest","confidence":"rest_api"}},{"type":"Feature","geometry":{"type":"Polygon","coordinates":[[[-111.873464897726,40.5307073640365],[-111.873571245716,40.5307068081361],[-111.873521666772,40.5307073974975],[-111.873464897726,40.5307073640365]]]},"properties":{"zone_code":"RA1","zone_description":"Residential/Agricultural","zone_class_normalized":"Agriculture/Rural","jurisdiction":"draper_ut","source_rest_url":"https://services2.arcgis.com/nAPVXppTJAHM40Se/arcgis/rest/services/Zoning_Public/FeatureServer/5","extraction_method":"arcgis_rest","confidence":"rest_api"}},{"type":"Feature","geometry":{"type":"Polygon","coordinates":[[[-111.858869357934,40.5233538390225],[-111.858408405456,40.5233547279992],[-111.858407348165,40.5233547510447],[-111.858396611506,40.5224784995529],[-111.858399606633,40.5224784903945],[-111.858399516504,40.522473687019],[-111.858860929856,40.522471354832],[-111.858877393603,40.5233542971256],[-111.858869357934,40.5233538390225]]]},"properties":{"zone_code":"RA1","zone_description":"Residential/Agricultural","zone_class_normalized":"Agriculture/Rural","jurisdiction":"draper_ut","source_rest_url":"https://services2.arcgis.com/nAPVXppTJAHM40Se/arcgis/rest/services/Zoning_Public/FeatureServer/5","extraction_method":"arcgis_rest","confidence":"rest_api"}},{"type":"Feature","geometry":{"type":"Polygon","coordinates":[[[-111.852337574099,40.5236308272783],[-111.852233852496,40.5235689941915],[-111.853129273252,40.5235711513096],[-111.853129751631,40.5235710039758],[-111.853127143767,40.524048939631],[-111.853121415616,40.5240462677824],[-111.853126163991,40.5240425052996],[-111.853097822527,40.5240295107838],[-111.852967377822,40.5239673175712],[-111.852753163646,40.523862906308],[-111.8525848573,40.5237704476353],[-111.85246041614,40.5237014607976],[-111.852337574099,40.5236308272783]]]},"properties":{"zone_code":"RA1","zone_description":"Residential/Agricultural","zone_class_normalized":"Agriculture/Rural","jurisdiction":"draper_ut","source_rest_url":"https://services2.arcgis.com/nAPVXppTJAHM40Se/arcgis/rest/services/Zoning_Public/FeatureServer/5","extraction_method":"arcgis_rest","confidence":"rest_api"}},{"type":"Feature","geometry":{"type":"Polygon","coordinates":[[[-111.909427717243,40.5339100966467],[-111.909428485406,40.5333879135693],[-111.909425888405,40.5333609118308],[-111.910210333467,40.5333554281588],[-111.910338161784,40.5333563019242],[-111.910341527225,40.5339044304085],[-111.910211495805,40.5339044126897],[-111.910211106212,40.5339040060946],[-111.909427717243,40.5339100966467]]]},"properties":{"zone_code":"RA1","zone_description":"Residential/Agricultural","zone_class_normalized":"Agriculture/Rural","jurisdiction":"draper_ut","source_rest_url":"https://services2.arcgis.com/nAPVXppTJAHM40Se/arcgis/rest/services/Zoning_Public/FeatureServer/5","extraction_method":"arcgis_rest","confidence":"rest_api"}},{"type":"Feature","geometry":{"type":"Polygon","coordinates":[[[-111.869563377004,40.5331224565741],[-111.869485567722,40.5330358230726],[-111.869101206116,40.5326176317765],[-111.868680726813,40.5320507796537],[-111.868668464775,40.5319773813093],[-111.868697394344,40.5306887007644],[-111.870630462064,40.530701985126],[-111.870631366283,40.5307617755883],[-111.870632608002,40.530990421778],[-111.870226098329,40.5309917063481],[-111.870226406564,40.531048525908],[-111.86995788077,40.5310493700737],[-111.869963071883,40.5315791406623],[-111.869956455179,40.5315791408313],[-111.869955258759,40.5320238186801],[-111.870566838654,40.5320247751219],[-111.870565844553,40.5323953399439],[-111.870564883567,40.5325339828827],[-111.871131557422,40.5325319047303],[-111.871128104071,40.5330474211393],[-111.870933806105,40.5330460503445],[-111.870070424408,40.5330399553079],[-111.870069580611,40.5331094134398],[-111.8698644455,40.533114698766],[-111.869691698447,40.5331191503367],[-111.869563377004,40.5331224565741]]]},"properties":{"zone_code":"RA1","zone_description":"Residential/Agricultural","zone_class_normalized":"Agriculture/Rural","jurisdiction":"draper_ut","source_rest_url":"https://services2.arcgis.com/nAPVXppTJAHM40Se/arcgis/rest/services/Zoning_Public/FeatureServer/5","extraction_method":"arcgis_rest","confidence":"rest_api"}},{"type":"Feature","geometry":{"type":"Polygon","coordinates":[[[-111.871269729394,40.528812026148],[-111.871272120379,40.5283448809944],[-111.871379512344,40.5283431674311],[-111.871967031004,40.528343703684],[-111.871967024545,40.5283481489206],[-111.871970688022,40.5283453392228],[-111.872250897815,40.5283459545588],[-111.872251490399,40.5278965373218],[-111.872251710472,40.5277542554556],[-111.873272222028,40.5277504338098],[-111.873272280187,40.5277623625852],[-111.873271954226,40.5282668534189],[-111.874215994833,40.5282672079663],[-111.874214825413,40.52876576666],[-111.874214945254,40.5288468176186],[-111.874192640627,40.5288467447304],[-111.873571551908,40.5288447821299],[-111.872811139072,40.5288423750706],[-111.872249685149,40.5288333741547],[-111.871969115869,40.5288282345842],[-111.871269729394,40.528812026148]]]},"properties":{"zone_code":"OR","zone_description":"Office/Residential","zone_class_normalized":"Commercial","jurisdiction":"draper_ut","source_rest_url":"https://services2.arcgis.com/nAPVXppTJAHM40Se/arcgis/rest/services/Zoning_Public/FeatureServer/5","extraction_method":"arcgis_rest","confidence":"rest_api"}},{"type":"Feature","geometry":{"type":"Polygon","coordinates":[[[-111.851862194365,40.5185325084705],[-111.851863263653,40.5184514978087],[-111.853150242315,40.5184803925527],[-111.853144523432,40.5201388201415],[-111.853136916217,40.5201460521456],[-111.85232436047,40.5201425429508],[-111.852325866265,40.5196996944395],[-111.852327218746,40.5193016786318],[-111.852327919153,40.519095808267],[-111.851855062613,40.5190948719758],[-111.851857929346,40.5188792851204],[-111.851862194365,40.5185325084705]]]},"properties":{"zone_code":"RA1","zone_description":"Residential/Agricultural","zone_class_normalized":"Agriculture/Rural","jurisdiction":"draper_ut","source_rest_url":"https://services2.arcgis.com/nAPVXppTJAHM40Se/arcgis/rest/services/Zoning_Public/FeatureServer/5","extraction_method":"arcgis_rest","confidence":"rest_api"}},{"type":"Feature","geometry":{"type":"Polygon","coordinates":[[[-111.869481325333,40.5249997037614],[-111.869481174698,40.5246221891061],[-111.870062149103,40.5246227284177],[-111.870050116034,40.5249960299489],[-111.870051511856,40.5251213499841],[-111.869673532161,40.5251195140549],[-111.869481926504,40.5251190402057],[-111.869479890441,40.5250012671738],[-111.869481325333,40.5249997037614]]]},"properties":{"zone_code":"OR","zone_description":"Office/Residential","zone_class_normalized":"Commercial","jurisdiction":"draper_ut","source_rest_url":"https://services2.arcgis.com/nAPVXppTJAHM40Se/arcgis/rest/services/Zoning_Public/FeatureServer/5","extraction_method":"arcgis_rest","confidence":"rest_api"}},{"type":"Feature","geometry":{"type":"Polygon","coordinates":[[[-111.845048612447,40.523497171704],[-111.84505197484,40.5227139926258],[-111.845052877682,40.5225958773263],[-111.845932900095,40.5225983319378],[-111.845929876152,40.523089797071],[-111.845122630372,40.5230871272526],[-111.845121398934,40.5234977994456],[-111.845048612447,40.523497171704]]]},"properties":{"zone_code":"RA1","zone_description":"Residential/Agricultural","zone_class_normalized":"Agriculture/Rural","jurisdiction":"draper_ut","source_rest_url":"https://services2.arcgis.com/nAPVXppTJAHM40Se/arcgis/rest/services/Zoning_Public/FeatureServer/5","extraction_method":"arcgis_rest","confidence":"rest_api"}},{"type":"Feature","geometry":{"type":"Polygon","coordinates":[[[-111.865153176436,40.5122581262223],[-111.865167938849,40.511942685957],[-111.865171522688,40.5118697344455],[-111.864913760622,40.5118613658941],[-111.864912396549,40.5117887323894],[-111.864927513441,40.5109326238105],[-111.865798588626,40.5109408761609],[-111.865816417134,40.5109410447525],[-111.865905584453,40.5109471712734],[-111.865794877318,40.5118132632168],[-111.867881442894,40.5119634661626],[-111.867881184032,40.5119655716214],[-111.867998145804,40.5119739543978],[-111.868041719345,40.5119759834473],[-111.868012534777,40.5121898925452],[-111.867981168041,40.5124160148749],[-111.8666264658,40.5123252149268],[-111.866629922009,40.5122951365892],[-111.865898948393,40.5122466691856],[-111.865753315107,40.5122370427501],[-111.865720183591,40.5125278601104],[-111.865637783586,40.5125283297623],[-111.865596359384,40.5125286733351],[-111.865140337927,40.512532445571],[-111.865153176436,40.5122581262223]]]},"properties":{"zone_code":"RA1","zone_description":"Residential/Agricultural","zone_class_normalized":"Agriculture/Rural","jurisdiction":"draper_ut","source_rest_url":"https://services2.arcgis.com/nAPVXppTJAHM40Se/arcgis/rest/services/Zoning_Public/FeatureServer/5","extraction_method":"arcgis_rest","confidence":"rest_api"}},{"type":"Feature","geometry":{"type":"Polygon","coordinates":[[[-111.848402406145,40.5270436924715],[-111.848404215246,40.5266663446267],[-111.848507926707,40.5266663208994],[-111.848498597924,40.5279213009462],[-111.847930752648,40.5279282687435],[-111.847935052777,40.5270491034854],[-111.848402406145,40.5270436924715]]]},"properties":{"zone_code":"RA1","zone_description":"Residential/Agricultural","zone_class_normalized":"Agriculture/Rural","jurisdiction":"draper_ut","source_rest_url":"https://services2.arcgis.com/nAPVXppTJAHM40Se/arcgis/rest/services/Zoning_Public/FeatureServer/5","extraction_method":"arcgis_rest","confidence":"rest_api"}},{"type":"Feature","geometry":{"type":"Polygon","coordinates":[[[-111.885494816438,40.5167289085949],[-111.883461759265,40.5167300882365],[-111.883461502425,40.516764400985],[-111.881939047167,40.5167650865403],[-111.88187700394,40.5167649861224],[-111.881795387302,40.5167648530751],[-111.881791267827,40.5160232573381],[-111.881715692853,40.5160178929277],[-111.880326776528,40.5160173796049],[-111.879083222629,40.5160169056658],[-111.878686220154,40.5160167518004],[-111.87874187808,40.5152140720867],[-111.879875256343,40.5152068736375],[-111.880815722662,40.5152067510562],[-111.88081168846,40.5159244965681],[-111.881671718091,40.5159218511116],[-111.881715634094,40.5159219206204],[-111.881784379011,40.5159211671586],[-111.881795453524,40.5152846476613],[-111.881796795402,40.5152083105139],[-111.881800634208,40.5152083538437],[-111.883385709195,40.5152124291136],[-111.884818195379,40.5152160943059],[-111.886283708401,40.5152190180437],[-111.886559704802,40.5152187465343],[-111.886520231347,40.5169478733793],[-111.885495157383,40.5169485045996],[-111.885494816438,40.5167289085949]]]},"properties":{"zone_code":"RA1","zone_description":"Residential/Agricultural","zone_class_normalized":"Agriculture/Rural","jurisdiction":"draper_ut","source_rest_url":"https://services2.arcgis.com/nAPVXppTJAHM40Se/arcgis/rest/services/Zoning_Public/FeatureServer/5","extraction_method":"arcgis_rest","confidence":"rest_api"}},{"type":"Feature","geometry":{"type":"Polygon","coordinates":[[[-111.885515447702,40.5111600637869],[-111.885161053805,40.5111597116198],[-111.884929228646,40.5111650716651],[-111.884753982351,40.5111691224874],[-111.884345783337,40.5111687832909],[-111.883905001367,40.51116841433],[-111.883771935625,40.5111683026181],[-111.883771115291,40.5109600387734],[-111.883660270175,40.5109602936474],[-111.883661870206,40.5104532635049],[-111.883425521292,40.5104527663332],[-111.883425547144,40.5104420331699],[-111.883133156022,40.5104427030895],[-111.88313346321,40.5105207758199],[-111.881984111617,40.5105183498927],[-111.881788693333,40.5105255122915],[-111.881792518174,40.5103469361035],[-111.881924383262,40.5103463731344],[-111.883425465466,40.5103493397287],[-111.883425315718,40.5103907442553],[-111.88403533708,40.5103923058334],[-111.884215357639,40.5103924281093],[-111.885551007713,40.5103962762878],[-111.885549522845,40.5097714966036],[-111.885549497932,40.5097349107245],[-111.885815933048,40.5097366049891],[-111.885814511511,40.5098090980533],[-111.885829242984,40.5099400421478],[-111.885859277121,40.5100649749267],[-111.885895612652,40.5101732983071],[-111.885975498928,40.5103738099296],[-111.886039764539,40.5105396709993],[-111.886207812486,40.5109679325304],[-111.886216054162,40.5109895939675],[-111.886224295843,40.5110112554038],[-111.886231718738,40.5110316803439],[-111.886238326351,40.5110514883734],[-111.886244950316,40.5110743943336],[-111.886252376729,40.5110954388573],[-111.886258176079,40.5111158691462],[-111.88626316247,40.5111363021143],[-111.886268160562,40.5111585938345],[-111.886274837139,40.5111907944744],[-111.886274814733,40.5112003892961],[-111.886145235583,40.511200269687],[-111.886145362141,40.511160688909],[-111.885981040737,40.51116052599],[-111.885515447702,40.5111600637869]]]},"properties":{"zone_code":"RA1","zone_description":"Residential/Agricultural","zone_class_normalized":"Agriculture/Rural","jurisdiction":"draper_ut","source_rest_url":"https://services2.arcgis.com/nAPVXppTJAHM40Se/arcgis/rest/services/Zoning_Public/FeatureServer/5","extraction_method":"arcgis_rest","confidence":"rest_api"}},{"type":"Feature","geometry":{"type":"Polygon","coordinates":[[[-111.873050000192,40.5007632347454],[-111.873048496964,40.5007582287042],[-111.873345743374,40.5007590011647],[-111.873340801193,40.501186170097],[-111.873048806697,40.5011843695461],[-111.873050000192,40.5007632347454]]]},"properties":{"zone_code":"RA1","zone_description":"Residential/Agricultural","zone_class_normalized":"Agriculture/Rural","jurisdiction":"draper_ut","source_rest_url":"https://services2.arcgis.com/nAPVXppTJAHM40Se/arcgis/rest/services/Zoning_Public/FeatureServer/5","extraction_method":"arcgis_rest","confidence":"rest_api"}},{"type":"Feature","geometry":{"type":"Polygon","coordinates":[[[-111.877034307295,40.5383272246489],[-111.87701012977,40.5383271466029],[-111.876247877465,40.5383297466583],[-111.876251711107,40.5371156064443],[-111.876251968891,40.5370341231551],[-111.874542137819,40.5370355366214],[-111.874544833638,40.5369335648418],[-111.874547292049,40.5358493858887],[-111.874325789672,40.5356400070407],[-111.873594483026,40.5349487141199],[-111.872234786327,40.5349479862414],[-111.872234599534,40.5351331670725],[-111.872279879982,40.5351619052509],[-111.872322938189,40.5351925672661],[-111.872363633938,40.5352250532725],[-111.872401834707,40.5352592574849],[-111.872437416099,40.535295068523],[-111.872470262245,40.5353323697737],[-111.87250026618,40.5353710397714],[-111.872527330197,40.5354109525929],[-111.872551366161,40.5354519782678],[-111.872572295796,40.5354939832018],[-111.872590050943,40.5355368306112],[-111.872604573776,40.5355803809688],[-111.872615817,40.5356244924583],[-111.872623743994,40.5356690214354],[-111.872628328939,40.5357138228965],[-111.872629556898,40.5357587509501],[-111.872627959881,40.5359172046522],[-111.872629107711,40.535970641795],[-111.872633624973,40.5360239748697],[-111.872641501208,40.5360770802765],[-111.872652718169,40.5361298349428],[-111.872667249869,40.5361821166086],[-111.872685062637,40.5362338041098],[-111.8727061152,40.5362847776591],[-111.872730358775,40.5363349191235],[-111.872762397453,40.5363918764056],[-111.872798552555,40.5364473807325],[-111.872838711395,40.5365012590942],[-111.872882748804,40.5365533435484],[-111.872930527523,40.5366034717441],[-111.87298189863,40.5366514874278],[-111.873036702004,40.5366972409306],[-111.873094766825,40.5367405896346],[-111.873180058667,40.5367963009176],[-111.873270727022,40.5368468288115],[-111.873366232037,40.5368918724598],[-111.873466005056,40.53693116366],[-111.873572854943,40.5369654434703],[-111.8736829422,40.5369931257684],[-111.873781631206,40.5370118376423],[-111.873881792202,40.5370252450203],[-111.873982935989,40.537033282419],[-111.874084568567,40.5370359105828],[-111.873121291825,40.5370366919937],[-111.873032645185,40.5369395633028],[-111.872231844067,40.5360540615497],[-111.872231737171,40.536094406428],[-111.871600173708,40.5353911302457],[-111.871317095914,40.5350759034788],[-111.87111720297,40.5348926025988],[-111.871118108353,40.5343352344044],[-111.871118800144,40.5342506067005],[-111.87223611579,40.5342532106414],[-111.872235662264,40.5340272423291],[-111.872236412972,40.5340272453487],[-111.872238558553,40.5334130696173],[-111.872238865441,40.533413070444],[-111.87223892074,40.5333924805644],[-111.872574103943,40.5333923154392],[-111.872602548401,40.5334338033945],[-111.872801855783,40.5336851930053],[-111.873278417649,40.5342575377563],[-111.873312856577,40.5342990127444],[-111.873545025737,40.5346514383115],[-111.874688621797,40.5357408309822],[-111.874827402841,40.5358270012751],[-111.875298635211,40.5361101974338],[-111.875298527826,40.5362312539213],[-111.875609579862,40.536365428483],[-111.87560548298,40.5363926990971],[-111.876582316919,40.5369346088133],[-111.876587549067,40.5370335535911],[-111.877010607044,40.5370313986622],[-111.877011939686,40.5369348246978],[-111.877012638611,40.5371160283818],[-111.877012295059,40.5377003618612],[-111.877012266205,40.53815962341],[-111.877033279145,40.5381595126072],[-111.877034307295,40.5383272246489]]]},"properties":{"zone_code":"RA1","zone_description":"Residential/Agricultural","zone_class_normalized":"Agriculture/Rural","jurisdiction":"draper_ut","source_rest_url":"https://services2.arcgis.com/nAPVXppTJAHM40Se/arcgis/rest/services/Zoning_Public/FeatureServer/5","extraction_method":"arcgis_rest","confidence":"rest_api"}},{"type":"Feature","geometry":{"type":"Polygon","coordinates":[[[-111.852573528505,40.5046210333947],[-111.852579445099,40.5042202674101],[-111.852589814749,40.5042203154588],[-111.853185480217,40.503816629585],[-111.853185168293,40.5051484763485],[-111.853184454492,40.5051484757982],[-111.852574583764,40.5051482005413],[-111.852574493586,40.5051033223236],[-111.852573528505,40.5046210333947]]]},"properties":{"zone_code":"RA1","zone_description":"Residential/Agricultural","zone_class_normalized":"Agriculture/Rural","jurisdiction":"draper_ut","source_rest_url":"https://services2.arcgis.com/nAPVXppTJAHM40Se/arcgis/rest/services/Zoning_Public/FeatureServer/5","extraction_method":"arcgis_rest","confidence":"rest_api"}},{"type":"Feature","geometry":{"type":"Polygon","coordinates":[[[-111.881798469498,40.5241646596058],[-111.881797721764,40.5239179033943],[-111.881892950109,40.5239204731966],[-111.881900790143,40.5239207277305],[-111.882617827986,40.5239440546962],[-111.88353524558,40.5239739011401],[-111.883489427284,40.5248006801422],[-111.881864214068,40.5248008726622],[-111.881798821911,40.5248008839537],[-111.881798469498,40.5241646596058]]]},"properties":{"zone_code":"RA1","zone_description":"Residential/Agricultural","zone_class_normalized":"Agriculture/Rural","jurisdiction":"draper_ut","source_rest_url":"https://services2.arcgis.com/nAPVXppTJAHM40Se/arcgis/rest/services/Zoning_Public/FeatureServer/5","extraction_method":"arcgis_rest","confidence":"rest_api"}},{"type":"Feature","geometry":{"type":"Polygon","coordinates":[[[-111.83095812946,40.5262723036163],[-111.830851168836,40.5260257855419],[-111.829055156442,40.5260171795234],[-111.829063817271,40.5250432916301],[-111.829549422628,40.5250457475683],[-111.829555380734,40.5243595306147],[-111.834173986927,40.5243827820891],[-111.834282583314,40.5243876218926],[-111.834284410556,40.5256734795932],[-111.834162857871,40.5256728697788],[-111.833015403575,40.5256671098652],[-111.833012218226,40.5260376718847],[-111.833011851736,40.5260803563307],[-111.832289623396,40.5260803724756],[-111.832065199198,40.5260893639549],[-111.831775219009,40.5261277838754],[-111.831620551413,40.5261633113505],[-111.831302737114,40.5262688697611],[-111.831026745848,40.5263742182421],[-111.830976955032,40.5263147051139],[-111.83095812946,40.5262723036163]]]},"properties":{"zone_code":"RA1","zone_description":"Residential/Agricultural","zone_class_normalized":"Agriculture/Rural","jurisdiction":"draper_ut","source_rest_url":"https://services2.arcgis.com/nAPVXppTJAHM40Se/arcgis/rest/services/Zoning_Public/FeatureServer/5","extraction_method":"arcgis_rest","confidence":"rest_api"}},{"type":"Feature","geometry":{"type":"Polygon","coordinates":[[[-111.871352000271,40.5242405646636],[-111.872697484452,40.5242274505728],[-111.872694909601,40.5250016776739],[-111.872695189258,40.5251341571841],[-111.871199375171,40.5251269180347],[-111.871194161169,40.5250045324533],[-111.871190027377,40.5242485488573],[-111.871352000271,40.5242405646636]]]},"properties":{"zone_code":"RA1","zone_description":"Residential/Agricultural","zone_class_normalized":"Agriculture/Rural","jurisdiction":"draper_ut","source_rest_url":"https://services2.arcgis.com/nAPVXppTJAHM40Se/arcgis/rest/services/Zoning_Public/FeatureServer/5","extraction_method":"arcgis_rest","confidence":"rest_api"}},{"type":"Feature","geometry":{"type":"Polygon","coordinates":[[[-111.885418671781,40.5030692138576],[-111.885428898499,40.5030899448866],[-111.885797873213,40.5035655560562],[-111.885801212837,40.5035707035806],[-111.885805220739,40.503579907817],[-111.885807072989,40.5035895036983],[-111.885806714841,40.5035991987164],[-111.885804156433,40.5036086992491],[-111.885799476362,40.5036177168519],[-111.885798244903,40.5036183891366],[-111.885902982767,40.5037115676339],[-111.885864413768,40.5037395648847],[-111.885834140101,40.5037625726149],[-111.885772007227,40.503811962339],[-111.885711319856,40.5038649594952],[-111.88563799595,40.503938729547],[-111.885571535684,40.5040161963589],[-111.885545583663,40.5040515673549],[-111.885527648114,40.5040760122566],[-111.885504953057,40.5041087941679],[-111.885472137398,40.5041618255745],[-111.885438399117,40.5042238513901],[-111.885427727551,40.504244730402],[-111.885417584291,40.5042643117413],[-111.885298071068,40.504258253931],[-111.885297962492,40.504258247984],[-111.885298112967,40.5042581520278],[-111.885308790922,40.5042321261958],[-111.885336123262,40.5041686976682],[-111.885360890493,40.5041205036646],[-111.88542205123,40.5040221123334],[-111.885465333105,40.5039636691487],[-111.885264572798,40.5038752737956],[-111.885267135665,40.5031259903293],[-111.885418671781,40.5030692138576]]]},"properties":{"zone_code":"RA1","zone_description":"Residential/Agricultural","zone_class_normalized":"Agriculture/Rural","jurisdiction":"draper_ut","source_rest_url":"https://services2.arcgis.com/nAPVXppTJAHM40Se/arcgis/rest/services/Zoning_Public/FeatureServer/5","extraction_method":"arcgis_rest","confidence":"rest_api"}},{"type":"Feature","geometry":{"type":"Polygon","coordinates":[[[-111.867480585837,40.5402713017036],[-111.867481555447,40.5399114702172],[-111.86807127751,40.5399136134019],[-111.868664490131,40.5399161866235],[-111.868664335626,40.5406411672375],[-111.867477904996,40.5406373497073],[-111.867480585837,40.5402713017036]]]},"properties":{"zone_code":"RA1","zone_description":"Residential/Agricultural","zone_class_normalized":"Agriculture/Rural","jurisdiction":"draper_ut","source_rest_url":"https://services2.arcgis.com/nAPVXppTJAHM40Se/arcgis/rest/services/Zoning_Public/FeatureServer/5","extraction_method":"arcgis_rest","confidence":"rest_api"}},{"type":"Feature","geometry":{"type":"Polygon","coordinates":[[[-111.849039754795,40.5174453412273],[-111.849165521359,40.5159282484333],[-111.849295550114,40.5159319774928],[-111.849834744104,40.5159428034704],[-111.850024564062,40.516179345199],[-111.849575752781,40.5163507121867],[-111.84957410307,40.5165493323373],[-111.849568843232,40.5171836165921],[-111.849527361216,40.5171836016233],[-111.849506814005,40.5173607633672],[-111.84950872839,40.5174447235188],[-111.849039754795,40.5174453412273]]]},"properties":{"zone_code":"RA1","zone_description":"Residential/Agricultural","zone_class_normalized":"Agriculture/Rural","jurisdiction":"draper_ut","source_rest_url":"https://services2.arcgis.com/nAPVXppTJAHM40Se/arcgis/rest/services/Zoning_Public/FeatureServer/5","extraction_method":"arcgis_rest","confidence":"rest_api"}},{"type":"Feature","geometry":{"type":"Polygon","coordinates":[[[-111.851237400072,40.5228932291095],[-111.850259730975,40.5220747892659],[-111.849623710653,40.5215629821741],[-111.849600004449,40.5215629736354],[-111.848853274887,40.5209421440895],[-111.848784232207,40.5208847417675],[-111.849735620423,40.5208848084077],[-111.84973548996,40.520873165299],[-111.849732989989,40.5206503450694],[-111.849439975575,40.5206405922779],[-111.849451126984,40.5204394864503],[-111.849343883689,40.5204335498722],[-111.848773612098,40.5204019774903],[-111.848693655056,40.5203988067275],[-111.848682997174,40.5203982584661],[-111.848713293737,40.5201577884551],[-111.848804623306,40.5201630903358],[-111.849362966486,40.5201955023315],[-111.849363155962,40.5201502101781],[-111.850029806133,40.520188906311],[-111.850140360542,40.5201953222808],[-111.850067587081,40.5208732860847],[-111.849792516209,40.5208731851442],[-111.849792093862,40.5215440216542],[-111.850813635376,40.5215443907176],[-111.850814047688,40.5208735551046],[-111.851855722405,40.5208739232362],[-111.851855701025,40.5209102965143],[-111.851856213423,40.520951549291],[-111.851858173692,40.5209872844174],[-111.851855003718,40.5220753560915],[-111.851416447419,40.5220752020606],[-111.851416307861,40.5221161730947],[-111.851240057319,40.5221154802216],[-111.851237400072,40.5228932291095]]]},"properties":{"zone_code":"RA1","zone_description":"Residential/Agricultural","zone_class_normalized":"Agriculture/Rural","jurisdiction":"draper_ut","source_rest_url":"https://services2.arcgis.com/nAPVXppTJAHM40Se/arcgis/rest/services/Zoning_Public/FeatureServer/5","extraction_method":"arcgis_rest","confidence":"rest_api"}},{"type":"Feature","geometry":{"type":"Polygon","coordinates":[[[-111.855754447312,40.5225078851754],[-111.853399179703,40.5224625212864],[-111.853401926948,40.5216699907862],[-111.85340273881,40.5214238160496],[-111.853408199485,40.5198099305491],[-111.853396646028,40.5196024301965],[-111.853418875807,40.5187804381724],[-111.856620537915,40.5187997033568],[-111.857416221047,40.5188095742116],[-111.858014746278,40.5188031374192],[-111.858014738252,40.5188189316973],[-111.859836734783,40.5188035132073],[-111.861529854218,40.5185129308553],[-111.862099247224,40.5185283920552],[-111.863187155256,40.5185579229485],[-111.863607854715,40.5185693400336],[-111.863623305416,40.5182377423211],[-111.863434081427,40.5182332373984],[-111.862452533546,40.5182065949817],[-111.862470249973,40.5178968500119],[-111.861531399481,40.5178713592577],[-111.861527680062,40.5174063810686],[-111.861528239807,40.5170403860959],[-111.861530016066,40.5169040859435],[-111.861536058626,40.5161587377111],[-111.861537226451,40.5158667931209],[-111.86154500119,40.5149775373217],[-111.86301846659,40.5150048304162],[-111.863025948342,40.5147502039385],[-111.863031849658,40.5144509093114],[-111.863041051277,40.5140677311689],[-111.863047744678,40.5136826542218],[-111.863047578303,40.5136826547372],[-111.863047769655,40.5136824695265],[-111.86304869889,40.5136413121616],[-111.863031334216,40.5136404059401],[-111.863091184042,40.5125910835022],[-111.863127133422,40.5119607825664],[-111.863130071176,40.5118753196254],[-111.863778751716,40.5118833195171],[-111.863776609057,40.5119570797274],[-111.863758992653,40.5125793754981],[-111.863468009216,40.5125784249516],[-111.863405817165,40.5136541489272],[-111.863821034127,40.5136758199147],[-111.863825210693,40.513675935731],[-111.863824802723,40.5136925976395],[-111.863811718579,40.5142274222938],[-111.863795392893,40.5147117859817],[-111.863784914549,40.5151670419625],[-111.86443596008,40.5151886638634],[-111.864337215758,40.5160210207593],[-111.864323064438,40.5161403170172],[-111.865120128574,40.5161716783386],[-111.865246608964,40.5161799855835],[-111.865269184051,40.5160459178511],[-111.865361648294,40.5160448452329],[-111.866858146157,40.5160283665638],[-111.866858871554,40.5160285272971],[-111.866809503182,40.5165837022615],[-111.865303509444,40.5166006619548],[-111.865176013628,40.5165992275148],[-111.865168637253,40.5166523879835],[-111.864513744016,40.516640569529],[-111.864510389982,40.5166431492991],[-111.864513245442,40.5166431088979],[-111.864496078364,40.5167030009453],[-111.864498774868,40.5167089921845],[-111.864496472423,40.5167089543165],[-111.864395270777,40.5174820336334],[-111.864945873146,40.5174963974788],[-111.86508497917,40.517497690641],[-111.865115563633,40.5172567818706],[-111.865232254123,40.5172642217597],[-111.866782444225,40.517245461366],[-111.866628408914,40.5189146256096],[-111.86676026238,40.5190926419123],[-111.867131543146,40.5195501154275],[-111.867049197045,40.5195466035398],[-111.867545068878,40.520207873293],[-111.867606748062,40.5203484124199],[-111.86772547537,40.520686676162],[-111.867783991419,40.5208501969111],[-111.867853289666,40.5210378902809],[-111.868001857227,40.5212200591827],[-111.866416596592,40.5211045624701],[-111.866350707396,40.5216181498133],[-111.866342784053,40.5216706941718],[-111.866299119415,40.5216691060443],[-111.86525349133,40.5216094020466],[-111.865267801633,40.5215170397544],[-111.865314200601,40.5211605637574],[-111.865330081301,40.5210386280409],[-111.865339577425,40.5210392522572],[-111.865338304505,40.5210505746236],[-111.865616309696,40.5210686747056],[-111.865747838479,40.521077238548],[-111.866149272038,40.521103373396],[-111.86615747902,40.5211039079138],[-111.866161188543,40.5210859515117],[-111.866170071859,40.5210429547294],[-111.866187654521,40.5210438796208],[-111.866209694782,40.5206181477814],[-111.866211479391,40.5205836700735],[-111.865467259861,40.520542374679],[-111.865327810791,40.5205354751542],[-111.865125674124,40.5205162933294],[-111.865081584432,40.5205169476001],[-111.864940362953,40.5205115940157],[-111.864915166769,40.5205094039222],[-111.864850066916,40.5205123227172],[-111.864698959568,40.5205128920638],[-111.864757077644,40.5200174527855],[-111.864622407141,40.5200128403174],[-111.861956768623,40.5200125166738],[-111.861923462606,40.5214542131406],[-111.861902937823,40.5215445345921],[-111.861813586297,40.5215289063391],[-111.861548299546,40.5214974340368],[-111.858604295557,40.5214775285638],[-111.858604733023,40.5199354254043],[-111.860883249844,40.5199357796034],[-111.860885196933,40.5193456190668],[-111.861521435248,40.5193426028148],[-111.861521707872,40.518676627105],[-111.859861470792,40.5189681476126],[-111.857734045959,40.5189702430405],[-111.857628018722,40.5190503880155],[-111.857592442828,40.5215534150791],[-111.857614306856,40.5215534195168],[-111.857592423995,40.5215547759013],[-111.85759028952,40.5215739907195],[-111.857582764392,40.522460497249],[-111.857363052058,40.5224604630939],[-111.857354281995,40.5230770843634],[-111.855733326633,40.5230543027652],[-111.855754447312,40.5225078851754]]]},"properties":{"zone_code":"RA1","zone_description":"Residential/Agricultural","zone_class_normalized":"Agriculture/Rural","jurisdiction":"draper_ut","source_rest_url":"https://services2.arcgis.com/nAPVXppTJAHM40Se/arcgis/rest/services/Zoning_Public/FeatureServer/5","extraction_method":"arcgis_rest","confidence":"rest_api"}},{"type":"Feature","geometry":{"type":"Polygon","coordinates":[[[-111.899776243434,40.5161931964547],[-111.899774967868,40.5160485331858],[-111.897681930421,40.5160545877876],[-111.897680635777,40.5154726291764],[-111.898427857064,40.5154700912739],[-111.899761078488,40.5154584609789],[-111.899125613028,40.5149294480629],[-111.899118652848,40.5149348085818],[-111.899109074643,40.5149408435417],[-111.899093386039,40.5149482339633],[-111.899071580414,40.5149556452122],[-111.899048023336,40.5149623959942],[-111.899020950473,40.5149658230072],[-111.898993859295,40.5149659152422],[-111.898970246445,40.5149633272221],[-111.898941371459,40.5149574231764],[-111.898913347451,40.5149475131653],[-111.898893184125,40.5149369099665],[-111.89887387958,40.5149236354336],[-111.898853666786,40.5149043616473],[-111.898840451989,40.5148863968951],[-111.898829813539,40.5148604208525],[-111.898824386561,40.5148290902583],[-111.898825150633,40.5148104115057],[-111.898832021198,40.5147897108913],[-111.898838928012,40.514775013395],[-111.898849320944,40.5147589702805],[-111.898862340853,40.5147435846508],[-111.898873647108,40.5147342080941],[-111.898884957259,40.5147254988503],[-111.898896276381,40.5147181233283],[-111.89890410195,40.5147114270236],[-111.898911038742,40.5147020653356],[-111.898913609975,40.5146933849335],[-111.898913321547,40.514644028024],[-111.898104064213,40.5146474471284],[-111.898100694735,40.5141044740011],[-111.898085898551,40.5141046251262],[-111.898072505206,40.5141049497986],[-111.898045751134,40.5141061339705],[-111.898032398667,40.5141069934419],[-111.897992486705,40.5141106358347],[-111.897966041212,40.5141139479035],[-111.897926695693,40.5141202315425],[-111.897900728829,40.5141252899904],[-111.897862252726,40.5141341670181],[-111.89782443685,40.5141445682691],[-111.897799645682,40.51415233524],[-111.89777522413,40.514160758372],[-111.897751202808,40.5141698267545],[-111.897727609971,40.5141795294848],[-111.897704476232,40.5141898547519],[-111.897681828655,40.5142007898561],[-111.897659695479,40.5142123211932],[-111.897638101406,40.5142244351711],[-111.897627515655,40.5142307066794],[-111.897606783169,40.5142436660712],[-111.897586655643,40.5142571700568],[-111.897567157761,40.5142712023424],[-111.897548313024,40.5142857457377],[-111.8975301461,40.5143007812471],[-111.897512676955,40.514316292593],[-111.897512215728,40.5143167237324],[-111.897453702954,40.5141727497969],[-111.897564201215,40.5133808140513],[-111.897568058556,40.5133808135738],[-111.89757865645,40.5133492970583],[-111.903712023819,40.5133542981239],[-111.903749550925,40.5133541508315],[-111.90375061237,40.513380395394],[-111.903771887993,40.513906375225],[-111.903793306442,40.5144358982253],[-111.903814726404,40.5149654211108],[-111.903822214723,40.5151505322226],[-111.903836146699,40.5154949438855],[-111.903858063773,40.5160367748143],[-111.90384028703,40.5160368261643],[-111.903868403897,40.5167339759625],[-111.903130566612,40.516736120874],[-111.902871499076,40.5167368730145],[-111.902082967114,40.5167391594654],[-111.901251445971,40.5167415643844],[-111.900546456605,40.5167435985732],[-111.899778201862,40.5167458101209],[-111.899776243434,40.5161931964547]]]},"properties":{"zone_code":"RA1","zone_description":"Residential/Agricultural","zone_class_normalized":"Agriculture/Rural","jurisdiction":"draper_ut","source_rest_url":"https://services2.arcgis.com/nAPVXppTJAHM40Se/arcgis/rest/services/Zoning_Public/FeatureServer/5","extraction_method":"arcgis_rest","confidence":"rest_api"}},{"type":"Feature","geometry":{"type":"Polygon","coordinates":[[[-111.879562295356,40.500579410332],[-111.879563901319,40.4999761233843],[-111.879635835655,40.499976235258],[-111.879637682883,40.4992838475269],[-111.880670864872,40.498695330279],[-111.881177326781,40.4985003118432],[-111.881555304779,40.4982764750064],[-111.881837490319,40.4979497236102],[-111.881835442703,40.4984970144172],[-111.881836123404,40.4984970149006],[-111.881830892081,40.5005911444131],[-111.879634207688,40.500587757187],[-111.879634230326,40.5005795222068],[-111.879562295356,40.500579410332]]]},"properties":{"zone_code":"RA1","zone_description":"Residential/Agricultural","zone_class_normalized":"Agriculture/Rural","jurisdiction":"draper_ut","source_rest_url":"https://services2.arcgis.com/nAPVXppTJAHM40Se/arcgis/rest/services/Zoning_Public/FeatureServer/5","extraction_method":"arcgis_rest","confidence":"rest_api"}},{"type":"Feature","geometry":{"type":"Polygon","coordinates":[[[-111.873470188654,40.5015231257803],[-111.873472348954,40.5007592046806],[-111.873831937397,40.5007597807842],[-111.87382977994,40.5015237018941],[-111.873470188654,40.5015231257803]]]},"properties":{"zone_code":"RA1","zone_description":"Residential/Agricultural","zone_class_normalized":"Agriculture/Rural","jurisdiction":"draper_ut","source_rest_url":"https://services2.arcgis.com/nAPVXppTJAHM40Se/arcgis/rest/services/Zoning_Public/FeatureServer/5","extraction_method":"arcgis_rest","confidence":"rest_api"}},{"type":"Feature","geometry":{"type":"Polygon","coordinates":[[[-111.859881705726,40.5118552230026],[-111.859814930483,40.5118526101425],[-111.859734649201,40.5118485860752],[-111.859668343083,40.5118445334721],[-111.859585057738,40.5118385057354],[-111.859455652748,40.511827058355],[-111.8593730227,40.5118184140865],[-111.859293765182,40.5118091389234],[-111.859213380816,40.5117987387393],[-111.858840045912,40.5117411244303],[-111.858390356856,40.5116699231284],[-111.858118805722,40.5116312774318],[-111.857507140342,40.5115686466741],[-111.857483737446,40.5115684397879],[-111.857489854818,40.51145520615],[-111.857634951958,40.5110787982523],[-111.857849884036,40.5105212106336],[-111.85792709008,40.5103209181692],[-111.857922130736,40.5103204425024],[-111.85804141847,40.5099847800736],[-111.858054314586,40.5099484906752],[-111.858070491125,40.5099495966878],[-111.858071449154,40.5099464354394],[-111.85957231072,40.5100591138318],[-111.859569391403,40.5105557302378],[-111.858612047811,40.5104903253248],[-111.858480511507,40.5108796055135],[-111.858961247667,40.5109213967304],[-111.859186443945,40.510940972379],[-111.85957688064,40.5109749119089],[-111.859990343757,40.5110542026588],[-111.859991451614,40.5118532243701],[-111.859924257863,40.5118533686195],[-111.859881705726,40.5118552230026]]]},"properties":{"zone_code":"RA1","zone_description":"Residential/Agricultural","zone_class_normalized":"Agriculture/Rural","jurisdiction":"draper_ut","source_rest_url":"https://services2.arcgis.com/nAPVXppTJAHM40Se/arcgis/rest/services/Zoning_Public/FeatureServer/5","extraction_method":"arcgis_rest","confidence":"rest_api"}},{"type":"Feature","geometry":{"type":"Polygon","coordinates":[[[-111.882351966925,40.5078769855869],[-111.88193005666,40.5078760955995],[-111.881808584031,40.5078804593917],[-111.881803359335,40.5069462265595],[-111.881919368197,40.5069390293425],[-111.885108749324,40.5069439612921],[-111.885237748597,40.5069441595759],[-111.885233208317,40.5078831867686],[-111.882351966925,40.5078769855869]]]},"properties":{"zone_code":"RA1","zone_description":"Residential/Agricultural","zone_class_normalized":"Agriculture/Rural","jurisdiction":"draper_ut","source_rest_url":"https://services2.arcgis.com/nAPVXppTJAHM40Se/arcgis/rest/services/Zoning_Public/FeatureServer/5","extraction_method":"arcgis_rest","confidence":"rest_api"}},{"type":"Feature","geometry":{"type":"Polygon","coordinates":[[[-111.881719941717,40.5007721434413],[-111.881741393394,40.5007721681151],[-111.881822064464,40.5007779364496],[-111.881948718496,40.5007869923602],[-111.883166993484,40.5007888883432],[-111.883171316155,40.5007888949207],[-111.883171196495,40.5008377869236],[-111.883170352964,40.5011512294791],[-111.881947747637,40.5011493269126],[-111.881706685217,40.5011537634134],[-111.881706935512,40.5010550346836],[-111.881721434928,40.5009987155884],[-111.881721007954,40.5009255088044],[-111.881719941717,40.5007721434413]]]},"properties":{"zone_code":"RA1","zone_description":"Residential/Agricultural","zone_class_normalized":"Agriculture/Rural","jurisdiction":"draper_ut","source_rest_url":"https://services2.arcgis.com/nAPVXppTJAHM40Se/arcgis/rest/services/Zoning_Public/FeatureServer/5","extraction_method":"arcgis_rest","confidence":"rest_api"}},{"type":"Feature","geometry":{"type":"Polygon","coordinates":[[[-111.876588178995,40.5014111870063],[-111.876923457676,40.501126568537],[-111.876935584134,40.5007666360934],[-111.881069861514,40.5007714073284],[-111.88106963851,40.5008481338974],[-111.881068182611,40.5013499437518],[-111.881068153024,40.5013600735737],[-111.880998931841,40.5013599564542],[-111.880999282502,40.5013669816405],[-111.880304730771,40.5013653204739],[-111.880307597908,40.5012412562519],[-111.880348524614,40.5012424274483],[-111.880346493915,40.5011849761237],[-111.880308866187,40.5011864041005],[-111.878006852834,40.5011754327408],[-111.87788398238,40.5025971800255],[-111.876652731497,40.5016114116869],[-111.87649934966,40.5014694112779],[-111.876588178995,40.5014111870063]]]},"properties":{"zone_code":"RA1","zone_description":"Residential/Agricultural","zone_class_normalized":"Agriculture/Rural","jurisdiction":"draper_ut","source_rest_url":"https://services2.arcgis.com/nAPVXppTJAHM40Se/arcgis/rest/services/Zoning_Public/FeatureServer/5","extraction_method":"arcgis_rest","confidence":"rest_api"}},{"type":"Feature","geometry":{"type":"Polygon","coordinates":[[[-111.839102945008,40.5255740367616],[-111.839104519871,40.5245453539267],[-111.839881777632,40.5245451262831],[-111.839881978832,40.5250552565415],[-111.839882143649,40.5254727613576],[-111.840060204682,40.5254727204091],[-111.840060403135,40.5259735034807],[-111.840060385634,40.5260708983811],[-111.839529980332,40.5260724359623],[-111.839530778572,40.5261674185687],[-111.839529786512,40.5264828100355],[-111.839098113472,40.5264829068943],[-111.839099107526,40.5261675154311],[-111.839139042146,40.5259794788554],[-111.839143208777,40.5258140446884],[-111.839142067007,40.5257531352317],[-111.839137862415,40.525752506191],[-111.83913647137,40.5257262216735],[-111.839131259239,40.525691933137],[-111.83912047857,40.525636181212],[-111.839102945008,40.5255740367616]]]},"properties":{"zone_code":"RA1","zone_description":"Residential/Agricultural","zone_class_normalized":"Agriculture/Rural","jurisdiction":"draper_ut","source_rest_url":"https://services2.arcgis.com/nAPVXppTJAHM40Se/arcgis/rest/services/Zoning_Public/FeatureServer/5","extraction_method":"arcgis_rest","confidence":"rest_api"}},{"type":"Feature","geometry":{"type":"Polygon","coordinates":[[[-111.783195393303,40.4828526349494],[-111.783172307689,40.4757019930954],[-111.787763999326,40.475746019632],[-111.787622174303,40.4683885134811],[-111.792626603564,40.4683021364951],[-111.792608086154,40.4684633294492],[-111.792578055559,40.4719554738572],[-111.794061513545,40.4719678386385],[-111.794150558621,40.4719685327328],[-111.797416923389,40.4719939395133],[-111.79747934948,40.4767918871705],[-111.797479872437,40.4768320798613],[-111.797495177205,40.4780002807796],[-111.797495864843,40.47805255528],[-111.79750262387,40.4785670259551],[-111.797510735431,40.4791891840845],[-111.797510886227,40.4792007886325],[-111.797511312312,40.4792384986223],[-111.797995199815,40.4792363689005],[-111.799293909856,40.4792303604576],[-111.799294123321,40.4792303599121],[-111.800479728234,40.4792249091495],[-111.800479830839,40.4792249088863],[-111.800490761122,40.4792248574315],[-111.800926108155,40.4792228761387],[-111.801395221268,40.4792207189929],[-111.801396555122,40.479220712859],[-111.801868326084,40.479218452418],[-111.802232072025,40.4792168281894],[-111.802232146325,40.4792168279976],[-111.802412716533,40.4792159864019],[-111.803163558189,40.4792125685347],[-111.803201033947,40.4900277370875],[-111.797518620832,40.490058562208],[-111.792680992005,40.4901185218501],[-111.792675050137,40.4901162321086],[-111.79266669169,40.4828720628229],[-111.783195393303,40.4828526349494]]]},"properties":{"zone_code":"RA1","zone_description":"Residential/Agricultural","zone_class_normalized":"Agriculture/Rural","jurisdiction":"draper_ut","source_rest_url":"https://services2.arcgis.com/nAPVXppTJAHM40Se/arcgis/rest/services/Zoning_Public/FeatureServer/5","extraction_method":"arcgis_rest","confidence":"rest_api"}},{"type":"Feature","geometry":{"type":"Polygon","coordinates":[[[-111.834269044966,40.5272934041949],[-111.834423438816,40.5272925702622],[-111.8367917227,40.5272967549599],[-111.836788933742,40.5278965764015],[-111.836781707795,40.5286462732457],[-111.836920775778,40.5286535698755],[-111.83723734306,40.5286534196362],[-111.837232376696,40.5294631624297],[-111.837527581676,40.5294630188378],[-111.83752831958,40.5303863985168],[-111.836092963297,40.5307837710914],[-111.835237223598,40.5297081348086],[-111.834401267103,40.5297095156919],[-111.83431757294,40.5297095409821],[-111.834246646955,40.5297088786952],[-111.834269044966,40.5272934041949]]]},"properties":{"zone_code":"RA1","zone_description":"Residential/Agricultural","zone_class_normalized":"Agriculture/Rural","jurisdiction":"draper_ut","source_rest_url":"https://services2.arcgis.com/nAPVXppTJAHM40Se/arcgis/rest/services/Zoning_Public/FeatureServer/5","extraction_method":"arcgis_rest","confidence":"rest_api"}},{"type":"Feature","geometry":{"type":"Polygon","coordinates":[[[-111.907265084016,40.5226045611081],[-111.907254581673,40.522395248345],[-111.906765200397,40.522396414586],[-111.906506105806,40.5223970252834],[-111.906143805324,40.5223978832041],[-111.905365517296,40.522399723737],[-111.904847899148,40.5224009219891],[-111.90480252426,40.5213303761354],[-111.908858084914,40.5188566171935],[-111.908751314779,40.5186332155198],[-111.910281067181,40.5177066075762],[-111.910277040407,40.5169840301034],[-111.910320817538,40.5170749250915],[-111.910320815725,40.5170746234049],[-111.910372073951,40.5171891872364],[-111.91077923076,40.518034243728],[-111.910973782968,40.5184371519942],[-111.911122216136,40.5187465041742],[-111.911270651835,40.5190558570261],[-111.911421050786,40.5193621786344],[-111.911525366269,40.5195809908314],[-111.911563027417,40.5196614186516],[-111.911713800779,40.519970093512],[-111.911866377925,40.5202917444983],[-111.912028858437,40.5206297653109],[-111.912189313566,40.5209602362595],[-111.91233775773,40.5212695866015],[-111.912534317699,40.5216739968449],[-111.912535069048,40.5221259547398],[-111.91253467726,40.5223889697788],[-111.912716907214,40.5223883282521],[-111.91256771468,40.5226323687942],[-111.91236936102,40.5228449476192],[-111.912309910029,40.5228761734414],[-111.911748303235,40.5231647688842],[-111.911302875087,40.5234120093699],[-111.911256555345,40.5234408020472],[-111.911085964284,40.5234443012222],[-111.910524368299,40.5234431814555],[-111.91008634395,40.5234423093578],[-111.909418502379,40.5234409660902],[-111.909227651909,40.5234405834078],[-111.908673055543,40.5234394681566],[-111.907298014078,40.5234366913529],[-111.907290601349,40.5232341393375],[-111.907281496453,40.5230361554935],[-111.9072746436,40.5228835104097],[-111.907265084016,40.5226045611081]]]},"properties":{"zone_code":"RA1","zone_description":"Residential/Agricultural","zone_class_normalized":"Agriculture/Rural","jurisdiction":"draper_ut","source_rest_url":"https://services2.arcgis.com/nAPVXppTJAHM40Se/arcgis/rest/services/Zoning_Public/FeatureServer/5","extraction_method":"arcgis_rest","confidence":"rest_api"}},{"type":"Feature","geometry":{"type":"Polygon","coordinates":[[[-111.873571245716,40.5307068081361],[-111.874302477662,40.5306974970388],[-111.874301496393,40.530573671821],[-111.874303648431,40.5297542597302],[-111.874154610956,40.5297541987886],[-111.874158099397,40.5292383032104],[-111.874159467915,40.5290552074893],[-111.874160337536,40.5289458034228],[-111.87416001225,40.5288466417511],[-111.874192640627,40.5288467447304],[-111.874796509341,40.5288486501309],[-111.87479493808,40.5289461581163],[-111.874779635948,40.5297544535694],[-111.874837864167,40.5297544835262],[-111.874835717072,40.5305744873058],[-111.874836314027,40.5306906976321],[-111.875913655739,40.530676966859],[-111.876740561458,40.5306666060448],[-111.876894768557,40.5306543380941],[-111.87694661057,40.5306502142975],[-111.877037205186,40.5306430074687],[-111.877138304321,40.5306349643669],[-111.877332409403,40.5306195217438],[-111.877403369283,40.5306138763808],[-111.877514458489,40.5306050380079],[-111.877647211922,40.530603939481],[-111.878381662795,40.5306036883195],[-111.879211680907,40.5306035232942],[-111.879213018887,40.5309675212477],[-111.879213905536,40.5315693376665],[-111.881655023847,40.5315673628138],[-111.881786216055,40.5315672562162],[-111.881788934832,40.5333461432183],[-111.881788998044,40.5333874016895],[-111.877012936826,40.5333900394149],[-111.877012971819,40.5343635857094],[-111.877012664507,40.5343566721317],[-111.876525187855,40.5343559387892],[-111.876037705317,40.5343552043392],[-111.875902522425,40.5343550002821],[-111.874857635734,40.5343533812484],[-111.874196084968,40.5343523742957],[-111.874188723659,40.5343522428947],[-111.874207089399,40.5333914963107],[-111.874743475523,40.5333912237899],[-111.874740811122,40.5325945448199],[-111.874742111988,40.5325206327502],[-111.875899664083,40.5325188547877],[-111.875898669973,40.5324326581882],[-111.87589541764,40.5316362509624],[-111.875824745793,40.5316363316649],[-111.874756288737,40.5316350927166],[-111.874222060809,40.531634468688],[-111.873687831715,40.5316338431292],[-111.873589447894,40.5316335056007],[-111.873571245716,40.5307068081361]]]},"properties":{"zone_code":"RA1","zone_description":"Residential/Agricultural","zone_class_normalized":"Agriculture/Rural","jurisdiction":"draper_ut","source_rest_url":"https://services2.arcgis.com/nAPVXppTJAHM40Se/arcgis/rest/services/Zoning_Public/FeatureServer/5","extraction_method":"arcgis_rest","confidence":"rest_api"}},{"type":"Feature","geometry":{"type":"Polygon","coordinates":[[[-111.864974315111,40.5078970003757],[-111.863329959307,40.5078013329646],[-111.863863384579,40.5078066258105],[-111.864412614438,40.5078103748245],[-111.864492253088,40.5070404981909],[-111.86443428643,40.5070367636696],[-111.86450738925,40.506399133555],[-111.864516410305,40.5063204436275],[-111.864920029755,40.506337890589],[-111.865256387845,40.5063552468435],[-111.865844407623,40.5063776434437],[-111.866496493232,40.5064067306625],[-111.867623373856,40.506456988722],[-111.867645622683,40.5060817246453],[-111.868941248978,40.5061264782902],[-111.868997216159,40.506128411219],[-111.869121143112,40.5061821411495],[-111.868744174427,40.5065802802406],[-111.868492337319,40.5068668510011],[-111.86836440215,40.5068595758128],[-111.867580680406,40.5068191540293],[-111.867512006376,40.5068156131187],[-111.866455873565,40.5067611341876],[-111.866409631562,40.5071645898784],[-111.866133395418,40.5071468329536],[-111.865059130616,40.5070770225194],[-111.864982872922,40.5078142647042],[-111.864974315111,40.5078970003757]]]},"properties":{"zone_code":"RA1","zone_description":"Residential/Agricultural","zone_class_normalized":"Agriculture/Rural","jurisdiction":"draper_ut","source_rest_url":"https://services2.arcgis.com/nAPVXppTJAHM40Se/arcgis/rest/services/Zoning_Public/FeatureServer/5","extraction_method":"arcgis_rest","confidence":"rest_api"}},{"type":"Feature","geometry":{"type":"Polygon","coordinates":[[[-111.844326781347,40.5234950239088],[-111.84314891332,40.5234925542033],[-111.843023504147,40.5234942964567],[-111.843019636238,40.5231255040978],[-111.843019068367,40.5230132117375],[-111.843151814408,40.5230137453635],[-111.843504043493,40.5230146219409],[-111.843507329984,40.5230727369764],[-111.843562888652,40.5230746076282],[-111.844572036667,40.5230771144831],[-111.844574802909,40.523077112655],[-111.84457480849,40.5230812570675],[-111.844571773146,40.5232815944531],[-111.844569984516,40.523496523714],[-111.844326781347,40.5234950239088]]]},"properties":{"zone_code":"RA1","zone_description":"Residential/Agricultural","zone_class_normalized":"Agriculture/Rural","jurisdiction":"draper_ut","source_rest_url":"https://services2.arcgis.com/nAPVXppTJAHM40Se/arcgis/rest/services/Zoning_Public/FeatureServer/5","extraction_method":"arcgis_rest","confidence":"rest_api"}},{"type":"Feature","geometry":{"type":"Polygon","coordinates":[[[-111.853416317579,40.5146521400312],[-111.853959891567,40.514649039735],[-111.853958763094,40.5150333317678],[-111.853958553043,40.5151045597295],[-111.854287374787,40.5151064975267],[-111.854286330754,40.5154166701841],[-111.853423159312,40.5154115800599],[-111.853415012432,40.5151047789701],[-111.853415208451,40.515036429289],[-111.853416317579,40.5146521400312]]]},"properties":{"zone_code":"RA1","zone_description":"Residential/Agricultural","zone_class_normalized":"Agriculture/Rural","jurisdiction":"draper_ut","source_rest_url":"https://services2.arcgis.com/nAPVXppTJAHM40Se/arcgis/rest/services/Zoning_Public/FeatureServer/5","extraction_method":"arcgis_rest","confidence":"rest_api"}},{"type":"Feature","geometry":{"type":"Polygon","coordinates":[[[-111.8743095513,40.4986617569676],[-111.874310144582,40.4982752365743],[-111.874852628392,40.4982748819487],[-111.874851771113,40.4987773601815],[-111.87485067197,40.4990713942998],[-111.874851535899,40.4992287598995],[-111.875321708281,40.499230705782],[-111.875307922129,40.5001770321827],[-111.875301369927,40.500580774292],[-111.874308345584,40.5005860743332],[-111.874307740723,40.5003106815456],[-111.874308197809,40.4998993130137],[-111.874308666244,40.499490015717],[-111.874310028155,40.4990786441674],[-111.8743095513,40.4986617569676]]]},"properties":{"zone_code":"RA1","zone_description":"Residential/Agricultural","zone_class_normalized":"Agriculture/Rural","jurisdiction":"draper_ut","source_rest_url":"https://services2.arcgis.com/nAPVXppTJAHM40Se/arcgis/rest/services/Zoning_Public/FeatureServer/5","extraction_method":"arcgis_rest","confidence":"rest_api"}},{"type":"Feature","geometry":{"type":"Polygon","coordinates":[[[-111.82003462393,40.532183430026],[-111.820247900793,40.531927757409],[-111.821904871304,40.5319275805119],[-111.821679782419,40.5321064008449],[-111.820668559809,40.5333209112827],[-111.820029401287,40.533320634324],[-111.82003462393,40.532183430026]]]},"properties":{"zone_code":"RA1","zone_description":"Residential/Agricultural","zone_class_normalized":"Agriculture/Rural","jurisdiction":"draper_ut","source_rest_url":"https://services2.arcgis.com/nAPVXppTJAHM40Se/arcgis/rest/services/Zoning_Public/FeatureServer/5","extraction_method":"arcgis_rest","confidence":"rest_api"}},{"type":"Feature","geometry":{"type":"Polygon","coordinates":[[[-111.874929506502,40.5243501307739],[-111.874931158857,40.5242019129417],[-111.874866179442,40.5241978907882],[-111.874867221662,40.524197056227],[-111.874869025472,40.5240583407401],[-111.874870103149,40.5239754333236],[-111.874871181047,40.5238925664295],[-111.874872633173,40.5237809286558],[-111.874874008903,40.5236751502446],[-111.874874344261,40.5236494009104],[-111.874874551624,40.5236334376037],[-111.874875832877,40.5235908211271],[-111.874880140518,40.5235304581989],[-111.8748866609,40.5234739570506],[-111.874810479327,40.5234740746037],[-111.874742574189,40.5234722654389],[-111.874669535833,40.5234703195461],[-111.874611465144,40.5234687715548],[-111.874536263263,40.5234667676525],[-111.874437471463,40.523464134816],[-111.874373640817,40.5234624339985],[-111.874294624145,40.5234603277529],[-111.874221912764,40.5234583904434],[-111.872707926197,40.523416496305],[-111.872705753111,40.523759622124],[-111.871353387105,40.5237872465482],[-111.871188641097,40.5237879178798],[-111.871189529877,40.5231455999698],[-111.871229305287,40.5231457864986],[-111.871311426528,40.523146172086],[-111.871302366564,40.5231732900012],[-111.871301551108,40.5231756809021],[-111.871300180823,40.523181946922],[-111.871300194143,40.5231883004173],[-111.871301590098,40.5231945630776],[-111.871304329985,40.5232005621158],[-111.871308338545,40.5232061302637],[-111.871313502823,40.5232111129805],[-111.87131968045,40.523215372029],[-111.871326698476,40.5232187881809],[-111.871334362847,40.5232212674907],[-111.871342461942,40.5232227412845],[-111.871350767761,40.5232231670574],[-111.871934253733,40.5232501758267],[-111.87194662281,40.5231457854625],[-111.871990038896,40.5227901836559],[-111.872224312591,40.5227907943674],[-111.872185834497,40.5231457889087],[-111.872165650736,40.5233317536344],[-111.872161349018,40.5233674515683],[-111.872195977903,40.5233687140838],[-111.872708188468,40.5233821836677],[-111.872708417645,40.5233444039318],[-111.872804369004,40.5233479784512],[-111.872855441037,40.522455089342],[-111.873377621972,40.5224798210495],[-111.873898746673,40.5224971537956],[-111.874930215293,40.5225324799278],[-111.874869559912,40.5230155132199],[-111.875030373995,40.5230206084503],[-111.874990797623,40.5233350303517],[-111.874971550386,40.5234879424713],[-111.874959019161,40.5234876565522],[-111.874949022095,40.523567141525],[-111.874948742892,40.5235693794397],[-111.874948574557,40.5235707461464],[-111.874948407397,40.5235721119487],[-111.874948242603,40.523573478644],[-111.874948078989,40.5235748453356],[-111.87494791656,40.5235762129239],[-111.874947755306,40.523577579608],[-111.874947596412,40.5235789462844],[-111.874947438703,40.5235803138577],[-111.874947283355,40.5235816814234],[-111.874947129182,40.5235830480847],[-111.874946976194,40.5235844156429],[-111.874946824385,40.5235857831973],[-111.874946674943,40.5235871516446],[-111.874946526675,40.5235885191876],[-111.874946379587,40.5235898867269],[-111.874946234865,40.5235912551591],[-111.874946091318,40.5235926226871],[-111.874945948956,40.5235939911118],[-111.874945807774,40.5235953595327],[-111.874945668952,40.5235967279461],[-111.874945531311,40.5235980963558],[-111.87494539603,40.5235994647578],[-111.874945261928,40.5236008331561],[-111.874945129012,40.5236022024511],[-111.874944997271,40.5236035708419],[-111.874944867896,40.5236049401256],[-111.874944739695,40.5236063085051],[-111.87494461268,40.5236076777812],[-111.874944488024,40.5236090470499],[-111.874944364549,40.5236104163147],[-111.874944242254,40.5236117855758],[-111.87494412232,40.5236131548293],[-111.874944003565,40.5236145240791],[-111.874943885996,40.5236158942256],[-111.874943770781,40.523617263464],[-111.874943655572,40.523618633603],[-111.874943543898,40.5236200028301],[-111.87494343223,40.5236213729578],[-111.874943322921,40.5236227430779],[-111.874943214792,40.5236241131942],[-111.874943107839,40.5236254824062],[-111.874943003256,40.5236268534118],[-111.874942899848,40.523628223513],[-111.8749427988,40.5236295936066],[-111.874942697753,40.5236309637003],[-111.874942599065,40.5236323337865],[-111.874942502743,40.5236337047656],[-111.874942406416,40.5236350748441],[-111.874942312454,40.5236364458158],[-111.874942219672,40.5236378167835],[-111.874942129245,40.5236391868432],[-111.874942040004,40.5236405577997],[-111.874941951943,40.5236419287524],[-111.874941865061,40.5236432997013],[-111.874941780541,40.5236446706427],[-111.8749416972,40.5236460415803],[-111.874941616219,40.5236474125104],[-111.874941536419,40.5236487834366],[-111.874941457798,40.5236501543591],[-111.874941380363,40.5236515261784],[-111.874941305283,40.5236528970896],[-111.874941231389,40.5236542688975],[-111.874941158669,40.5236556398011],[-111.874941088314,40.5236570115978],[-111.874941019135,40.52365838249],[-111.874940951141,40.5236597542791],[-111.874940885507,40.5236611260606],[-111.874940821048,40.5236624969378],[-111.874940757775,40.5236638687118],[-111.874940695681,40.523665240482],[-111.874940635948,40.5236666122446],[-111.874940577395,40.5236679840035],[-111.874940521202,40.5236693557548],[-111.874940466189,40.5236707275023],[-111.874940412357,40.5236720992461],[-111.874940359704,40.5236734709861],[-111.874940309417,40.5236748436191],[-111.874940260305,40.5236762153478],[-111.874940212373,40.5236775870726],[-111.874940166806,40.5236789596905],[-111.874940122415,40.5236803314041],[-111.874940079203,40.5236817031139],[-111.874940038357,40.5236830757166],[-111.874939998686,40.5236844474151],[-111.8749399602,40.5236858200104],[-111.874939924069,40.5236871916974],[-111.874939889124,40.5236885642814],[-111.874939855353,40.523689935961],[-111.874939823948,40.5236913085335],[-111.874939792543,40.5236926811061],[-111.874939764673,40.5236940527668],[-111.874939736809,40.5236954253281],[-111.874939711304,40.5236967978818],[-111.87493968698,40.5236981704317],[-111.874939663831,40.5236995420773],[-111.874938624143,40.523764428031],[-111.875807652008,40.5237842718291],[-111.875808048587,40.5237842804638],[-111.875807853813,40.5240618419481],[-111.875694703578,40.52405926521],[-111.875673127978,40.5243395239618],[-111.87567117784,40.5243392177136],[-111.874929506502,40.5243501307739]]]},"properties":{"zone_code":"RA1","zone_description":"Residential/Agricultural","zone_class_normalized":"Agriculture/Rural","jurisdiction":"draper_ut","source_rest_url":"https://services2.arcgis.com/nAPVXppTJAHM40Se/arcgis/rest/services/Zoning_Public/FeatureServer/5","extraction_method":"arcgis_rest","confidence":"rest_api"}},{"type":"Feature","geometry":{"type":"Polygon","coordinates":[[[-111.853416211929,40.5091028197105],[-111.853419649546,40.5078363815986],[-111.853409874687,40.5077452952173],[-111.854928500828,40.5077549534359],[-111.854928726613,40.5076590359061],[-111.854945968465,40.5060782401289],[-111.854060360707,40.50607513312],[-111.854006771027,40.5060749438032],[-111.854100339614,40.5057845922848],[-111.854170944385,40.50567690398],[-111.854287066869,40.5055573416883],[-111.854439438172,40.5054807154483],[-111.855605422487,40.5050428818987],[-111.855605513081,40.5050602753844],[-111.856227806719,40.5048296762767],[-111.856614920069,40.5046856482133],[-111.857321403527,40.5044236999373],[-111.857358656127,40.5044087835305],[-111.857385258053,40.504396489659],[-111.85742393937,40.504376386947],[-111.857459216695,40.5043544448186],[-111.857482889821,40.5043384593833],[-111.857505104367,40.5043217381179],[-111.85752538319,40.5043057630296],[-111.857540040048,40.504292016912],[-111.857556260727,40.504276802581],[-111.857748280555,40.504097097786],[-111.857772409331,40.5040755597345],[-111.85815355112,40.5037187488933],[-111.858538068379,40.50335933636],[-111.858923067652,40.5029999201266],[-111.85935871514,40.5025926075627],[-111.859784712851,40.5021949456175],[-111.859859006225,40.5021251423426],[-111.859886992002,40.5020998906102],[-111.859947360596,40.5020556659629],[-111.859991337227,40.5020288854297],[-111.860022279037,40.5020125069932],[-111.860052262776,40.5019983514199],[-111.860102574775,40.5019778419214],[-111.860160650694,40.5019584198517],[-111.860219718586,40.5019434345583],[-111.860287043863,40.5019313849494],[-111.860351487183,40.501924526097],[-111.860412560944,40.5019221174286],[-111.860471716675,40.5019237861471],[-111.860860144214,40.5019414639832],[-111.861571045192,40.5019729505154],[-111.862058880105,40.5019943891065],[-111.862102518182,40.5019953637729],[-111.862142274472,40.5019956110449],[-111.86218057023,40.5019947524038],[-111.862218379147,40.5019935260177],[-111.862313372946,40.5019880503924],[-111.86236231329,40.5019830881592],[-111.862394776723,40.5019796574189],[-111.862433052825,40.5019750982761],[-111.86246502665,40.501970557716],[-111.86252896722,40.5019603679783],[-111.862587085668,40.501949085808],[-111.862631638456,40.5019396962831],[-111.862674247777,40.5019295724805],[-111.862716372201,40.5019194492629],[-111.862826762854,40.5018917217772],[-111.862826785503,40.501713713212],[-111.862827933805,40.5012910785721],[-111.86282516652,40.5007248108426],[-111.867298775229,40.5007402379476],[-111.867897659043,40.5007422901164],[-111.867890584301,40.501946370166],[-111.868233552257,40.5018419468496],[-111.868338364796,40.5018100349928],[-111.868454983896,40.5017745277264],[-111.868566240812,40.5017414264473],[-111.868894463526,40.5017425486539],[-111.869256318689,40.5017437845995],[-111.869257735485,40.5015018421325],[-111.869262156622,40.5007469541496],[-111.869286986241,40.500747038902],[-111.869286937581,40.5007552739578],[-111.869282633815,40.5014903677307],[-111.869282227224,40.501559375925],[-111.869819301616,40.5012677674383],[-111.869819446816,40.5012429533069],[-111.86982228814,40.5007570995412],[-111.869822335556,40.5007488644889],[-111.870066882431,40.5007496972149],[-111.870765045973,40.5007520731471],[-111.870880902603,40.5007524665741],[-111.870839903594,40.501204687432],[-111.870714384618,40.501201162597],[-111.870061601691,40.5011989411251],[-111.870061148456,40.5016997630169],[-111.870659729068,40.5017013220431],[-111.87079616829,40.5017010335499],[-111.870790280704,40.501767849071],[-111.870651955757,40.501768297521],[-111.870078713349,40.5017707992929],[-111.870049761928,40.5021110738299],[-111.870608422486,40.5021400395484],[-111.870756664133,40.5021493472722],[-111.870773698058,40.5019560380188],[-111.870917689198,40.5019567710617],[-111.871483607917,40.501954702676],[-111.871529388724,40.5019548331021],[-111.871554657401,40.5016344456274],[-111.871519856875,40.5016338679317],[-111.870943356286,40.5016314472905],[-111.870802473667,40.5016294688488],[-111.870823785724,40.501387602963],[-111.870962481203,40.5013862264379],[-111.871861589088,40.5013829126543],[-111.8723290639,40.5013811867748],[-111.872325713552,40.5015300686593],[-111.872680734396,40.5015306412084],[-111.872680646372,40.5015229442333],[-111.872688257101,40.5015218690496],[-111.873399793156,40.5015266183384],[-111.873408129506,40.5015262036223],[-111.873408135537,40.5015266592965],[-111.873093747962,40.502339099232],[-111.873037627779,40.5024802843401],[-111.873043987009,40.5024969437264],[-111.873099481604,40.502486321216],[-111.87309676278,40.5034454531136],[-111.873096634444,40.5034908400078],[-111.872681949855,40.5036946854778],[-111.872322073841,40.5038376202746],[-111.872320639702,40.5045631329388],[-111.87231920322,40.5046108294492],[-111.872319665313,40.5046564062682],[-111.870774079826,40.5045447216832],[-111.870605457195,40.5045451488489],[-111.87060486943,40.504436868732],[-111.870517092621,40.5044369914164],[-111.869897888775,40.5044361613182],[-111.869678916331,40.5044359238527],[-111.868232310226,40.5044263261644],[-111.867164277858,40.504424121931],[-111.866819641462,40.5044234082546],[-111.866819693506,40.504398399026],[-111.866822995341,40.502821421171],[-111.866801778991,40.5028213948285],[-111.866247638624,40.5028207173367],[-111.866139758873,40.5028205852795],[-111.866140521005,40.5032308848772],[-111.866138279528,40.5035232945251],[-111.866137678858,40.5038088303],[-111.86613820714,40.5043431653573],[-111.866136388202,40.5044219905728],[-111.866096246739,40.5044219079592],[-111.86502821451,40.5044196842564],[-111.864111770979,40.5044144744695],[-111.864113557976,40.5035903278643],[-111.864115176174,40.5028318760611],[-111.864115353602,40.5027487817899],[-111.862820975276,40.502673731434],[-111.86282472004,40.5027516784548],[-111.862823030289,40.5034800475102],[-111.862822984286,40.5035459871224],[-111.86282195907,40.5039884661696],[-111.862820951125,40.5044339755356],[-111.862818906074,40.5054691523598],[-111.862818444276,40.5056064892302],[-111.862813313045,40.5062305632425],[-111.862813139164,40.5063110727284],[-111.862813902467,40.5063594611072],[-111.862670057469,40.5063584204356],[-111.862421446912,40.5063566220625],[-111.862400426597,40.5065013117402],[-111.861531096224,40.5065004928972],[-111.86154409592,40.5063717242239],[-111.861592392287,40.5063717697279],[-111.861593162298,40.5063095356344],[-111.861151709275,40.506308976991],[-111.861151573195,40.506371353219],[-111.860860409047,40.5063722664333],[-111.860839069769,40.5070260316386],[-111.860829344598,40.5073007016528],[-111.860788976407,40.5076567827034],[-111.86074432967,40.5077040752761],[-111.860744162397,40.5078369847661],[-111.860522260405,40.5078296462294],[-111.859570510514,40.5078243518082],[-111.859621737576,40.5083418174428],[-111.859380353609,40.5083328101201],[-111.858628800935,40.5083047640218],[-111.858329716431,40.5082951521077],[-111.858342045726,40.5078618855677],[-111.858343235089,40.5078200834496],[-111.858345569297,40.5077349672787],[-111.85883724916,40.5077334626983],[-111.8588380725,40.5076838122633],[-111.858843828478,40.5071532583163],[-111.85815157995,40.5071488802543],[-111.858148857685,40.5073627099191],[-111.857456924423,40.5073659816897],[-111.856557897047,40.5073602840428],[-111.856554533339,40.5076693561126],[-111.856555066355,40.5078504848354],[-111.856396660487,40.5078495708153],[-111.856183366494,40.5078481723108],[-111.85488402106,40.5078399242932],[-111.854880321753,40.5091052700211],[-111.85344536162,40.5091028686833],[-111.853421328023,40.5091028285966],[-111.853416211929,40.5091028197105]],[[-111.85933253963,40.5076869368416],[-111.859728113368,40.5076894353623],[-111.859732549746,40.5068943047829],[-111.859341159829,40.5068918330863],[-111.859338291765,40.507156382871],[-111.85933253963,40.5076869368416]],[[-111.869898668916,40.5037339181512],[-111.869898310783,40.5038298327327],[-111.870648206203,40.5038271974247],[-111.870622315034,40.504148383404],[-111.870746382074,40.5041475118162],[-111.871283686701,40.5039412008519],[-111.871314374738,40.5035476694885],[-111.871313456341,40.5034701298431],[-111.871592254788,40.5033765116131],[-111.871708757561,40.503374063561],[-111.871702655609,40.5034522928066],[-111.872323129345,40.5034392457904],[-111.872324175688,40.5030673185853],[-111.870829534022,40.5030987262208],[-111.870505231986,40.5030547213453],[-111.869546505371,40.5030043301405],[-111.869516031892,40.5032919802405],[-111.869464953201,40.5037334006747],[-111.869898668916,40.5037339181512]],[[-111.87071913651,40.5025752302254],[-111.870750388676,40.502220573244],[-111.870600705213,40.5022084458552],[-111.870044174202,40.5021795904489],[-111.8700151693,40.5025357486099],[-111.870560590013,40.5025640287029],[-111.87071913651,40.5025752302254]]]},"properties":{"zone_code":"RA1","zone_description":"Residential/Agricultural","zone_class_normalized":"Agriculture/Rural","jurisdiction":"draper_ut","source_rest_url":"https://services2.arcgis.com/nAPVXppTJAHM40Se/arcgis/rest/services/Zoning_Public/FeatureServer/5","extraction_method":"arcgis_rest","confidence":"rest_api"}},{"type":"Feature","geometry":{"type":"Polygon","coordinates":[[[-111.853415393722,40.5141400157746],[-111.853418669548,40.5133199965129],[-111.8547207293,40.5133189670315],[-111.854719397403,40.513773872168],[-111.854565465139,40.5137736094185],[-111.854565125089,40.5138898854629],[-111.854563704445,40.5142156771761],[-111.854156826779,40.5142132060817],[-111.853961174949,40.5142120176316],[-111.853417584442,40.5142126225023],[-111.853415393722,40.5141400157746]]]},"properties":{"zone_code":"RA1","zone_description":"Residential/Agricultural","zone_class_normalized":"Agriculture/Rural","jurisdiction":"draper_ut","source_rest_url":"https://services2.arcgis.com/nAPVXppTJAHM40Se/arcgis/rest/services/Zoning_Public/FeatureServer/5","extraction_method":"arcgis_rest","confidence":"rest_api"}},{"type":"Feature","geometry":{"type":"Polygon","coordinates":[[[-111.851745939255,40.5174397064641],[-111.851747521005,40.5173713301785],[-111.851747442427,40.5173560810034],[-111.851751316289,40.5162669164673],[-111.851751342017,40.5159817667701],[-111.851747505247,40.515710983785],[-111.85174766285,40.5154390576625],[-111.851712532715,40.5154390451192],[-111.85171335488,40.515162325019],[-111.85165583974,40.5151622247367],[-111.851463158661,40.515339991605],[-111.851376524732,40.5153862797256],[-111.851289086656,40.5154389021282],[-111.851091513711,40.515521883193],[-111.851092403715,40.51538519679],[-111.849332038131,40.5153784732308],[-111.849327867901,40.5153784577433],[-111.849212965651,40.5153754410332],[-111.849197380597,40.5155439308404],[-111.84910711863,40.5155380587328],[-111.84802934405,40.515538168974],[-111.848045415528,40.5151858662168],[-111.848587577751,40.5151852833312],[-111.849133369615,40.5151846889258],[-111.849237335757,40.515184575486],[-111.849245623677,40.5149074882387],[-111.849275374693,40.5144962216632],[-111.849227336509,40.5144905579169],[-111.84915185029,40.5144901569324],[-111.848183876626,40.5144842849636],[-111.848196414374,40.5142097499388],[-111.849275940212,40.5142128452286],[-111.849321457071,40.5133478886536],[-111.849325016457,40.5133196405218],[-111.849373948269,40.5124385819739],[-111.849160965328,40.5124391644941],[-111.84835917697,40.5127064709412],[-111.848358590511,40.5129009320263],[-111.848357632698,40.5133123543742],[-111.848357374818,40.5133443687717],[-111.848356781174,40.5133438833254],[-111.848134554437,40.5133429595706],[-111.84761986984,40.5133408184183],[-111.846457658723,40.5133333801668],[-111.846171278115,40.5133066292299],[-111.846520867225,40.5130866852756],[-111.846865988169,40.5129703628106],[-111.846874306158,40.5127240570862],[-111.846890069874,40.5122927295781],[-111.846915183435,40.5115254471443],[-111.846914594214,40.5115037684386],[-111.846915533756,40.5115033649012],[-111.846918442405,40.5114172405764],[-111.847244411388,40.5114214030321],[-111.847243287629,40.5115124788439],[-111.847191404785,40.5128851089929],[-111.847552672678,40.5127623209572],[-111.847600620085,40.5115092536141],[-111.847600725902,40.511509179453],[-111.847603910591,40.5114259928674],[-111.850644019348,40.5114647619699],[-111.850643398817,40.5113963272946],[-111.850696198727,40.5113565836037],[-111.85104283131,40.5110611674358],[-111.851333491144,40.5108336503208],[-111.851621859224,40.5104928171783],[-111.851818633365,40.510261673765],[-111.852015414063,40.5100318313097],[-111.852210479415,40.509800692323],[-111.852403863038,40.5095747678779],[-111.852604018383,40.5093384021471],[-111.852809271655,40.5090981131002],[-111.852858418449,40.5090315341081],[-111.852883751872,40.5089865289681],[-111.852905656322,40.5089476562665],[-111.852934102435,40.5088910468183],[-111.852959995732,40.5088130869794],[-111.853180085205,40.5088140106844],[-111.853177074173,40.5100597724964],[-111.853176409966,40.5100604733452],[-111.852211614064,40.510058812923],[-111.85220495309,40.5100578315021],[-111.852073854863,40.5102145465196],[-111.851842149155,40.5104915264931],[-111.851752650939,40.5105985115994],[-111.85156636012,40.5108974079521],[-111.850989514252,40.5114193041201],[-111.850991010343,40.5115140717003],[-111.852429523778,40.511533082958],[-111.852427897975,40.5114373467617],[-111.852429491653,40.5108990075687],[-111.853173932801,40.5109003831183],[-111.853175100171,40.5106254031855],[-111.853175457472,40.5106255894285],[-111.85317232243,40.5114466771732],[-111.853152765517,40.5128023406554],[-111.853152295701,40.5133504077118],[-111.853137937552,40.5133503636221],[-111.853136925484,40.5136934956017],[-111.853165697179,40.5136935439877],[-111.853168128566,40.5142449378442],[-111.853166449214,40.5146424412017],[-111.853166417564,40.5148853892639],[-111.853165392389,40.5151602764637],[-111.853162999812,40.5157089107807],[-111.853160223973,40.5166168354848],[-111.853155024221,40.517026379854],[-111.853129846685,40.5170263296377],[-111.853130126961,40.5173900470552],[-111.853127996969,40.5173900444671],[-111.853154545237,40.5175234087554],[-111.85315194411,40.5179765671238],[-111.851873654142,40.5179698589761],[-111.851888169191,40.5175214991685],[-111.851887861542,40.517439386705],[-111.851745939255,40.5174397064641]]]},"properties":{"zone_code":"RA1","zone_description":"Residential/Agricultural","zone_class_normalized":"Agriculture/Rural","jurisdiction":"draper_ut","source_rest_url":"https://services2.arcgis.com/nAPVXppTJAHM40Se/arcgis/rest/services/Zoning_Public/FeatureServer/5","extraction_method":"arcgis_rest","confidence":"rest_api"}},{"type":"Feature","geometry":{"type":"Polygon","coordinates":[[[-111.906190624056,40.543174580643],[-111.906316203548,40.5429582760272],[-111.906392053368,40.5429582553962],[-111.906359015773,40.5430132882774],[-111.905806581167,40.5439226424021],[-111.905587571926,40.5442893400067],[-111.905587552085,40.5441660471247],[-111.905587541695,40.5439746353519],[-111.90558848546,40.5439745276215],[-111.905752837738,40.5439286415595],[-111.906190624056,40.543174580643]]]},"properties":{"zone_code":"RA1","zone_description":"Residential/Agricultural","zone_class_normalized":"Agriculture/Rural","jurisdiction":"draper_ut","source_rest_url":"https://services2.arcgis.com/nAPVXppTJAHM40Se/arcgis/rest/services/Zoning_Public/FeatureServer/5","extraction_method":"arcgis_rest","confidence":"rest_api"}}]}
