{"type":"FeatureCollection","features":[{"type":"Feature","geometry":{"type":"Polygon","coordinates":[[[-111.972111353833,40.4786539873184],[-111.97214666338,40.4713963114731],[-111.974496506144,40.4713681302444],[-111.974480399413,40.476810700067],[-111.97330029931,40.4768241185239],[-111.973293197929,40.4786374713909],[-111.972111353833,40.4786539873184]]]},"properties":{"zone_code":"R-1-10","zone_description":"Residential - single family on 10,000 sq. ft. min.","zone_class_normalized":"Residential-Low","jurisdiction":"herriman_ut","source_rest_url":"https://services2.arcgis.com/XBmqwOHlPh25M7aJ/arcgis/rest/services/HerrimanCityZoning/FeatureServer/0","extraction_method":"arcgis_rest","confidence":"rest_api"}},{"type":"Feature","geometry":{"type":"Polygon","coordinates":[[[-111.953629362175,40.4650054761893],[-111.953627162201,40.4641842421497],[-111.956437654832,40.464184874461],[-111.956997973279,40.4644290382723],[-111.957179047503,40.4645090852575],[-111.957494445282,40.4645951897432],[-111.958059456511,40.4647492696308],[-111.958756107068,40.4649389297758],[-111.959243580205,40.465113941228],[-111.959850683722,40.4652992232654],[-111.960598889576,40.4654504541101],[-111.961121554608,40.4654166863702],[-111.961678137219,40.4654654140711],[-111.962257084356,40.4657049375734],[-111.962487558958,40.4658730208327],[-111.962771538742,40.4660836786217],[-111.962978665958,40.4662541866021],[-111.963377152283,40.4663906277693],[-111.963619521053,40.4663918389596],[-111.963923525265,40.4663995113368],[-111.963911978002,40.4678232140476],[-111.965099710967,40.4678281196861],[-111.965110299618,40.4664917108223],[-111.9651780735,40.466503289874],[-111.96554056944,40.4666856358224],[-111.965794194552,40.4669455596454],[-111.96604785054,40.467316887359],[-111.966275172368,40.467541419596],[-111.966479559159,40.4676371242902],[-111.966938774432,40.4678521576547],[-111.96747529127,40.4678543608599],[-111.967468533078,40.4687110836809],[-111.967291982325,40.4687106400013],[-111.967285775934,40.4693501521354],[-111.967273665541,40.4709361504952],[-111.965542284178,40.4700879399948],[-111.964500776062,40.4695546905277],[-111.963371242539,40.4690083458947],[-111.962453537312,40.4685686301743],[-111.961694519797,40.4681820211641],[-111.961015589463,40.4678276683061],[-111.960193214454,40.4678256684455],[-111.959170991439,40.4678497028247],[-111.959184689568,40.465987658254],[-111.957986006185,40.4660000855501],[-111.957982711435,40.4664622867722],[-111.956710117205,40.4659818842453],[-111.955044292062,40.4654002124131],[-111.953629362175,40.4650054761893]]]},"properties":{"zone_code":"MU-2","zone_description":"Mixed Use 2 Zone","zone_class_normalized":"Mixed-Use","jurisdiction":"herriman_ut","source_rest_url":"https://services2.arcgis.com/XBmqwOHlPh25M7aJ/arcgis/rest/services/HerrimanCityZoning/FeatureServer/0","extraction_method":"arcgis_rest","confidence":"rest_api"}},{"type":"Feature","geometry":{"type":"Polygon","coordinates":[[[-111.965127980665,40.464264999348],[-111.97154118975,40.4641761197077],[-111.971778159593,40.4643475116155],[-111.972187044782,40.4646262969148],[-111.972662916994,40.464835213204],[-111.973684048121,40.4649646701412],[-111.975038841438,40.4650989820058],[-111.975271302147,40.4652255867408],[-111.975641137296,40.4655857315517],[-111.975943299871,40.46574706252],[-111.976310059231,40.4658347827019],[-111.976610019793,40.4658405014067],[-111.977204637583,40.4657962868372],[-111.977667942706,40.4658533159505],[-111.978077286932,40.4661243741878],[-111.978224568017,40.4663377537046],[-111.978216090594,40.4664552738453],[-111.978110012551,40.4669120563009],[-111.978045831286,40.4671264332855],[-111.977977681679,40.4677098889242],[-111.977388143204,40.4677180231478],[-111.976849157636,40.4677254577522],[-111.976217693361,40.4677318241062],[-111.975788397804,40.4677335689743],[-111.975476287104,40.4677497396197],[-111.974981811918,40.4677255955368],[-111.974403047251,40.4677540920474],[-111.973583585738,40.4677723126386],[-111.972724993959,40.4677757814897],[-111.972124532479,40.4677637392427],[-111.972109062397,40.4706738393698],[-111.972145863092,40.4715610109288],[-111.971077924675,40.4715738011688],[-111.970228694518,40.4715839647225],[-111.968877350758,40.4715927471272],[-111.967447472766,40.4716172068592],[-111.967463896305,40.4695345730154],[-111.969602046941,40.4695343469398],[-111.969611233629,40.4683117592326],[-111.968551879325,40.4683042252353],[-111.96854863207,40.468716010233],[-111.967468533078,40.4687110836809],[-111.96747529127,40.4678543608599],[-111.96693879094,40.4678521575889],[-111.966275172368,40.467541419596],[-111.96604785054,40.467316887359],[-111.965794194552,40.4669455596454],[-111.96554056944,40.4666856358224],[-111.9651780735,40.466503289874],[-111.965110522596,40.4664941523526],[-111.965098286917,40.4661681122879],[-111.965127980665,40.464264999348]]]},"properties":{"zone_code":"R-2-15","zone_description":"Medium Density Residential","zone_class_normalized":"Residential-Medium","jurisdiction":"herriman_ut","source_rest_url":"https://services2.arcgis.com/XBmqwOHlPh25M7aJ/arcgis/rest/services/HerrimanCityZoning/FeatureServer/0","extraction_method":"arcgis_rest","confidence":"rest_api"}},{"type":"Feature","geometry":{"type":"Polygon","coordinates":[[[-111.963940754901,40.4642296421574],[-111.965128394472,40.4642384922467],[-111.965110588097,40.4664859341555],[-111.965106455144,40.4670075927386],[-111.96512746908,40.4679091521879],[-111.963939734703,40.467904246831],[-111.963923327242,40.4664243523545],[-111.963940754901,40.4642296421574]]]},"properties":{"zone_code":"A-1-43","zone_description":"Agricultural - single family/animals allowed on 1 acre min.","zone_class_normalized":"Agriculture/Rural","jurisdiction":"herriman_ut","source_rest_url":"https://services2.arcgis.com/XBmqwOHlPh25M7aJ/arcgis/rest/services/HerrimanCityZoning/FeatureServer/0","extraction_method":"arcgis_rest","confidence":"rest_api"}},{"type":"Feature","geometry":{"type":"Polygon","coordinates":[[[-111.943560696224,40.4623900620084],[-111.9435858167,40.4623811293057],[-111.944916672954,40.4623813750837],[-111.945364003648,40.4625173073696],[-111.94596234519,40.4627498877073],[-111.946224685254,40.4628904764667],[-111.946508456324,40.4630425492775],[-111.94691611965,40.463261013391],[-111.947300592545,40.4633541683837],[-111.947703012843,40.4634516691238],[-111.948130885941,40.463555335629],[-111.948558974916,40.4636473244196],[-111.949377136092,40.4637371048773],[-111.949573679934,40.4637515345498],[-111.949586236472,40.4637434809467],[-111.949783672724,40.4637439034746],[-111.949997506932,40.4637375072885],[-111.950210803139,40.4637242691514],[-111.950423184121,40.4637042130316],[-111.950634277443,40.4636773736889],[-111.950843710752,40.4636437984937],[-111.951051118847,40.4636035455987],[-111.951256133079,40.4635566866812],[-111.951458395486,40.4635033041868],[-111.95165754936,40.4634434913659],[-111.951853245155,40.4633773540514],[-111.952045138113,40.4633050079667],[-111.952232890631,40.4632265805171],[-111.952416173435,40.4631422098846],[-111.95115296229,40.4622727177085],[-111.950545523567,40.4617137019133],[-111.950180013587,40.4613773226272],[-111.949207090382,40.4604819182695],[-111.949798056698,40.4604829036303],[-111.949904505567,40.4605424069128],[-111.96264165999,40.4604969102077],[-111.962706344445,40.4623751143246],[-111.962725941162,40.464213786199],[-111.956444882913,40.4641848760081],[-111.953627162201,40.4641842421497],[-111.95362935668,40.4650034057409],[-111.955073126808,40.4654254908612],[-111.956606715493,40.4659453900506],[-111.957982711435,40.4664622867722],[-111.957986006185,40.4660000855501],[-111.95917673612,40.4660030959295],[-111.959156016922,40.4678305905678],[-111.960179170462,40.467839177621],[-111.961015589463,40.4678276683061],[-111.967273665541,40.4709361504952],[-111.96728347367,40.469651762466],[-111.967288302206,40.4690194057252],[-111.967290662608,40.4687102688182],[-111.967468533078,40.4687110836809],[-111.96854863207,40.468716010233],[-111.968551879325,40.4683042252353],[-111.969638998068,40.4683230953663],[-111.969612221875,40.4695457536046],[-111.967463896305,40.4695345730154],[-111.967447472766,40.4716172068592],[-111.97026066278,40.4715835814989],[-111.972145863092,40.4715610109288],[-111.972142697923,40.4722117121641],[-111.97213158546,40.4744965457604],[-111.972111353833,40.4786539873184],[-111.972016398471,40.4812047971882],[-111.97192274278,40.4810457347591],[-111.971790570731,40.4807366969936],[-111.971544515643,40.4801467925553],[-111.971390070047,40.4797765127144],[-111.971228140657,40.4793985617723],[-111.971158762562,40.4792465408642],[-111.971088064167,40.479174075406],[-111.971065808595,40.4791512637595],[-111.970997325838,40.4791110305266],[-111.970946658053,40.4790812634539],[-111.970821707883,40.479026883691],[-111.970107195418,40.478762439829],[-111.969471731238,40.478534825124],[-111.968860243284,40.4782920891217],[-111.968402337366,40.4780264804195],[-111.967397696333,40.4773725821911],[-111.967398439866,40.4773388817599],[-111.966934473461,40.4770270235217],[-111.966409657133,40.4766742585773],[-111.966127295323,40.4764706572128],[-111.965876420456,40.4762486163722],[-111.965442566882,40.475697849212],[-111.964998371958,40.4751339430401],[-111.964643421553,40.4746761239909],[-111.964414273747,40.4744419176679],[-111.963977446632,40.4741308729154],[-111.96350232155,40.4738426604232],[-111.963335868487,40.4737707023831],[-111.963152189578,40.4737279293085],[-111.962789244999,40.4736877565634],[-111.962553915229,40.4736353026167],[-111.962334081049,40.4735560898417],[-111.962186567486,40.4734951849371],[-111.961867525424,40.4733483355136],[-111.961278634124,40.473077274866],[-111.960851747074,40.4728807797664],[-111.960145497751,40.4725579289969],[-111.959874617032,40.4724428532729],[-111.959510802658,40.4723442964215],[-111.9585626402,40.4721553287975],[-111.957941868153,40.4720316043146],[-111.957941770077,40.4720372036886],[-111.957822452592,40.4720031720214],[-111.957662694812,40.4719763751302],[-111.957462328687,40.4719764464475],[-111.957277927956,40.4719802916173],[-111.957003891077,40.4720094930744],[-111.95687291816,40.4720100040584],[-111.956774583366,40.4719947578087],[-111.956573572447,40.4719267740641],[-111.956483237263,40.4718833645423],[-111.956401169602,40.4718524256745],[-111.956315053024,40.4718277544452],[-111.956228977085,40.4718093349152],[-111.956159222506,40.4717996172322],[-111.955993404752,40.4717550216229],[-111.955694536488,40.4717280043789],[-111.955428982588,40.4716383772491],[-111.955181786896,40.4715549445002],[-111.955013200916,40.4714422823874],[-111.953147367057,40.4714406842481],[-111.947046492736,40.4714436517138],[-111.946990846369,40.4712148360217],[-111.946898305909,40.470901763759],[-111.946740452048,40.4704735258771],[-111.945609837382,40.4678690628027],[-111.943772076485,40.4641950241718],[-111.94356241769,40.4637450037579],[-111.943560696224,40.4623900620084]]]},"properties":{"zone_code":"A-1-43","zone_description":"Agricultural - single family/animals allowed on 1 acre min.","zone_class_normalized":"Agriculture/Rural","jurisdiction":"herriman_ut","source_rest_url":"https://services2.arcgis.com/XBmqwOHlPh25M7aJ/arcgis/rest/services/HerrimanCityZoning/FeatureServer/0","extraction_method":"arcgis_rest","confidence":"rest_api"}},{"type":"Feature","geometry":{"type":"Polygon","coordinates":[[[-111.948386976885,40.4569049394674],[-111.954535388938,40.4569243023409],[-111.96434299264,40.4569487235769],[-111.97159439691,40.4568844531123],[-111.977565554366,40.4567785991415],[-112.00501057599,40.4566531288814],[-112.005111631096,40.4744085987879],[-112.005072473025,40.4744063333458],[-112.004853847461,40.4744181064773],[-112.004471793872,40.4748975418753],[-112.001219879275,40.4748905615904],[-112.001010228123,40.4742699335743],[-112.000560552612,40.4740831680397],[-111.999903529321,40.4738358725647],[-111.999239565687,40.4734943142541],[-111.997793130846,40.4733072994164],[-111.997001917709,40.4730759022714],[-111.996196164915,40.472641286184],[-111.995721399172,40.472272797927],[-111.995458260779,40.4720272832792],[-111.995027940356,40.4716781704773],[-111.994593431647,40.4713846972549],[-111.993293614106,40.4713550163155],[-111.992789865898,40.4712372865924],[-111.992653232861,40.4708154603579],[-111.992710024519,40.4703412179787],[-111.992987309798,40.469862804504],[-111.993294583882,40.4692649043165],[-111.993303893209,40.4689682806695],[-111.99288702523,40.4688377201932],[-111.992598643039,40.4688708047325],[-111.992295383795,40.4690176360932],[-111.992090655368,40.4692279950365],[-111.991886049625,40.4694342769861],[-111.9916924703,40.469464378153],[-111.991498463587,40.4693559438671],[-111.991086519538,40.4691646309307],[-111.990535829558,40.4692492839112],[-111.989704594509,40.4694938566889],[-111.989173700203,40.4693994585001],[-111.988682062278,40.4693373398887],[-111.987926422127,40.4692804522373],[-111.987176222536,40.4693260123106],[-111.986232586027,40.4691331977379],[-111.986200060101,40.4639651140207],[-111.976851969272,40.4641110214508],[-111.976779023116,40.4604202155037],[-111.968193094838,40.4605156609491],[-111.968280605245,40.4619958693682],[-111.966764899955,40.4614307914937],[-111.964582591212,40.4614331683246],[-111.96455862029,40.4605274990776],[-111.949904570414,40.4605424066637],[-111.948894181326,40.459977643693],[-111.948365500775,40.4596162629033],[-111.948377826884,40.4569049781075],[-111.948386976885,40.4569049394674]]]},"properties":{"zone_code":"FR-2.5","zone_description":"Forestry Recreation - 2 1/2 acre min.","zone_class_normalized":"Residential-Medium","jurisdiction":"herriman_ut","source_rest_url":"https://services2.arcgis.com/XBmqwOHlPh25M7aJ/arcgis/rest/services/HerrimanCityZoning/FeatureServer/0","extraction_method":"arcgis_rest","confidence":"rest_api"}},{"type":"Feature","geometry":{"type":"Polygon","coordinates":[[[-111.986254682707,40.4727626832507],[-111.985073150369,40.4729051224174],[-111.985066669132,40.4718585993853],[-111.982694901121,40.4718965563558],[-111.982703456917,40.4733013615507],[-111.982070350623,40.4733030585986],[-111.981492443283,40.4728428400302],[-111.980782275485,40.472205901108],[-111.980626747177,40.4720655963673],[-111.980453082528,40.4717900091081],[-111.980280364986,40.4715159225795],[-111.981084894303,40.4711187534589],[-111.980507105762,40.4705845066456],[-111.980351172935,40.4703272103918],[-111.980072042223,40.4697754703478],[-111.980064669667,40.4687264146287],[-111.979917442763,40.4679961024246],[-111.979565034177,40.4676879715046],[-111.978893647462,40.4676951524831],[-111.979122477597,40.4669632349361],[-111.978116801858,40.4668978459913],[-111.978224568017,40.4663377537046],[-111.978077286932,40.4661243741878],[-111.977679578907,40.4658589152292],[-111.977328866075,40.4658093462446],[-111.976850629342,40.4658208282441],[-111.976851969272,40.4641110214508],[-111.97794480075,40.4640940030512],[-111.977982555938,40.4644163114039],[-111.978523639969,40.464540831004],[-111.979065916323,40.465317162966],[-111.979226854675,40.4657009999299],[-111.980900010058,40.4655012017921],[-111.981560296614,40.4654044859816],[-111.982130390426,40.4653209785059],[-111.982801033107,40.4647156574676],[-111.983501495743,40.464685751436],[-111.983725529018,40.4654424393206],[-111.983831257752,40.4657995387083],[-111.984629016624,40.4662589848506],[-111.985499539027,40.4662571731734],[-111.986214433807,40.4662490963825],[-111.986241284509,40.4705152412536],[-111.986254682707,40.4727626832507]]]},"properties":{"zone_code":"R-1-15","zone_description":"Residential - single family on 15,000 sq. ft. min.","zone_class_normalized":"Residential-Low","jurisdiction":"herriman_ut","source_rest_url":"https://services2.arcgis.com/XBmqwOHlPh25M7aJ/arcgis/rest/services/HerrimanCityZoning/FeatureServer/0","extraction_method":"arcgis_rest","confidence":"rest_api"}},{"type":"Feature","geometry":{"type":"Polygon","coordinates":[[[-111.981551685115,40.4737321676552],[-111.976842997152,40.4738073326467],[-111.976840659258,40.4738084399891],[-111.976836975002,40.4706362457375],[-111.976849157636,40.4677254577522],[-111.977960392843,40.4677101278962],[-111.978035892578,40.4671341055077],[-111.978116801858,40.4668978459913],[-111.979122477597,40.4669632349361],[-111.979067237813,40.4671574547841],[-111.978896430604,40.4676972061693],[-111.979241275732,40.4676924435018],[-111.979555727714,40.4676881005736],[-111.979917442763,40.4679961024246],[-111.980064669667,40.4687264146287],[-111.980072042223,40.4697754703478],[-111.980351172935,40.4703272103918],[-111.980506018595,40.470584520112],[-111.98094133794,40.4709788844301],[-111.981084894303,40.4711187534589],[-111.980972854535,40.471180355933],[-111.980280364986,40.4715159225795],[-111.980626747177,40.4720655963673],[-111.981492443283,40.4728428400302],[-111.982070350623,40.4733030585986],[-111.982703441031,40.4732986130017],[-111.982705551002,40.4736450801072],[-111.98155150431,40.4736635314031],[-111.981551685115,40.4737321676552]]]},"properties":{"zone_code":"R-2-15","zone_description":"Medium Density Residential","zone_class_normalized":"Residential-Medium","jurisdiction":"herriman_ut","source_rest_url":"https://services2.arcgis.com/XBmqwOHlPh25M7aJ/arcgis/rest/services/HerrimanCityZoning/FeatureServer/0","extraction_method":"arcgis_rest","confidence":"rest_api"}},{"type":"Feature","geometry":{"type":"Polygon","coordinates":[[[-111.972763510463,40.4822944282614],[-111.972447735595,40.4817988092753],[-111.972215642282,40.4814560525286],[-111.971926285269,40.4810007719715],[-111.972111377823,40.4786511449528],[-111.981564210428,40.4785422383633],[-111.981547764289,40.480380495238],[-111.98003435623,40.4822306011531],[-111.979397401172,40.482236658042],[-111.980057739648,40.4822325811881],[-111.980475345615,40.4824381572218],[-111.980471307801,40.4824375739901],[-111.980449844139,40.482427335846],[-111.980334002174,40.4824055077763],[-111.980183643353,40.4823839543793],[-111.980031933872,40.4823689040911],[-111.979879354051,40.4823604035708],[-111.979726389979,40.482358481444],[-111.979472822651,40.482360750734],[-111.979473003751,40.4823282503532],[-111.979299490104,40.4823298313269],[-111.978632784822,40.4823355365723],[-111.978447649199,40.4823085402785],[-111.97826375442,40.4822769852366],[-111.978121137889,40.4822487845418],[-111.97475215921,40.4822807268852],[-111.972763510463,40.4822944282614]]]},"properties":{"zone_code":"R-2-15","zone_description":"Medium Density Residential","zone_class_normalized":"Residential-Medium","jurisdiction":"herriman_ut","source_rest_url":"https://services2.arcgis.com/XBmqwOHlPh25M7aJ/arcgis/rest/services/HerrimanCityZoning/FeatureServer/0","extraction_method":"arcgis_rest","confidence":"rest_api"}},{"type":"Feature","geometry":{"type":"Polygon","coordinates":[[[-111.982494502127,40.4785315591408],[-111.981564210428,40.4785422383633],[-111.981562905258,40.4779782537857],[-111.982135372904,40.4775969904867],[-111.981561014757,40.4772629988714],[-111.981556464713,40.4755408956196],[-111.981705070792,40.4755775285949],[-111.981948522341,40.4756136702862],[-111.982240480744,40.4756310406235],[-111.982471510682,40.4756300891841],[-111.983030715768,40.4756092123059],[-111.983249718481,40.475626880976],[-111.983493171023,40.475663019456],[-111.98377336608,40.4757361488661],[-111.983992697198,40.4758002440033],[-111.98417555063,40.4758644895262],[-111.984334283573,40.4759566916725],[-111.984505175557,40.4760488433061],[-111.984670055533,40.4761710489625],[-111.984902737012,40.4764268937814],[-111.985185697054,40.4766633156977],[-111.98550603474,40.4768630214979],[-111.985813447696,40.4770067261865],[-111.98610198971,40.4771169324602],[-111.986282150809,40.477185721248],[-111.986289723719,40.4784879034586],[-111.986290237856,40.4784878932187],[-111.986287444897,40.4792114132088],[-111.985345238793,40.4801160613224],[-111.985047003263,40.4799471846802],[-111.985099446318,40.4798953257317],[-111.985046814925,40.4799470701843],[-111.982724321134,40.4785359356363],[-111.982494502127,40.4785315591408]]]},"properties":{"zone_code":"MU-2","zone_description":"Mixed Use 2 Zone","zone_class_normalized":"Mixed-Use","jurisdiction":"herriman_ut","source_rest_url":"https://services2.arcgis.com/XBmqwOHlPh25M7aJ/arcgis/rest/services/HerrimanCityZoning/FeatureServer/0","extraction_method":"arcgis_rest","confidence":"rest_api"}},{"type":"Feature","geometry":{"type":"Polygon","coordinates":[[[-111.981547970652,40.4755393139762],[-111.981554813251,40.4749158984048],[-111.980276007551,40.4749161148554],[-111.980203820011,40.4748736281297],[-111.980203650671,40.474873528858],[-111.979424249321,40.4744147954314],[-111.979341066161,40.4743858044499],[-111.979254979012,40.4743622738857],[-111.979166598734,40.4743443714455],[-111.979076557129,40.4743322242255],[-111.978985495145,40.4743259187594],[-111.978894060521,40.4743255010284],[-111.978802905403,40.4743309728686],[-111.978795457383,40.4737761887433],[-111.981551685115,40.473732167655],[-111.98155150431,40.473663531403],[-111.985077498826,40.4736071224514],[-111.985066669132,40.4718585993852],[-111.986248951671,40.4718396601647],[-111.986282007205,40.4771625693882],[-111.98576404912,40.476986308376],[-111.985460389527,40.4768380237932],[-111.985226905348,40.4766924647144],[-111.98498744877,40.4765052153026],[-111.98481602544,40.476338292994],[-111.984670055533,40.4761710489624],[-111.984505175557,40.4760488433059],[-111.984334283573,40.4759566916723],[-111.98417555063,40.475864489526],[-111.983992697198,40.4758002440032],[-111.98377336608,40.4757361488659],[-111.983493171023,40.4756630194559],[-111.983249718481,40.4756268809759],[-111.983030715768,40.4756092123058],[-111.982471510682,40.475630089184],[-111.982240480744,40.4756310406233],[-111.981948522341,40.4756136702861],[-111.981705070793,40.4755775285948],[-111.981556464713,40.4755408956195],[-111.981547970652,40.4755393139762]]]},"properties":{"zone_code":"R-2-10","zone_description":"Residential - single family or dwelling group on 10,000 sq. ft. min.","zone_class_normalized":"Industrial/Flex","jurisdiction":"herriman_ut","source_rest_url":"https://services2.arcgis.com/XBmqwOHlPh25M7aJ/arcgis/rest/services/HerrimanCityZoning/FeatureServer/0","extraction_method":"arcgis_rest","confidence":"rest_api"}},{"type":"Feature","geometry":{"type":"Polygon","coordinates":[[[-111.978200934987,40.4749058802379],[-111.978352097511,40.4749984969377],[-111.978947327233,40.4753878974488],[-111.979426464802,40.475676378634],[-111.980079388319,40.4760599534974],[-111.981551586072,40.4769075771017],[-111.981552378537,40.4772073272877],[-111.981552944597,40.4772076572793],[-111.981556453379,40.4779773148758],[-111.981554415841,40.477978711967],[-111.981555717146,40.4785411547453],[-111.975184463424,40.4749402945926],[-111.974477428177,40.4749462175592],[-111.97448801692,40.4713681646375],[-111.97213817415,40.4713963456957],[-111.972153789597,40.4677900339658],[-111.972652364339,40.467783176735],[-111.973256275763,40.4677748686826],[-111.973885881577,40.467766204083],[-111.974562070693,40.4677472678737],[-111.975080937768,40.467749747311],[-111.975479290096,40.4677442590088],[-111.975993187497,40.4677371767429],[-111.976840668865,40.4677254923158],[-111.976838425222,40.4706286081902],[-111.976834757508,40.4738112342438],[-111.976834441105,40.4740853592308],[-111.976833471672,40.4749264628538],[-111.976833470265,40.4749279506403],[-111.978198550677,40.4749059187917],[-111.978200934987,40.4749058802379]]]},"properties":{"zone_code":"A-1-43","zone_description":"Agricultural - single family/animals allowed on 1 acre min.","zone_class_normalized":"Agriculture/Rural","jurisdiction":"herriman_ut","source_rest_url":"https://services2.arcgis.com/XBmqwOHlPh25M7aJ/arcgis/rest/services/HerrimanCityZoning/FeatureServer/0","extraction_method":"arcgis_rest","confidence":"rest_api"}},{"type":"Feature","geometry":{"type":"Polygon","coordinates":[[[-111.97794089118,40.4640940640371],[-111.977941247236,40.464094058081],[-111.986200060101,40.4639651140207],[-111.986214334036,40.4662332561953],[-111.984629016624,40.4662589848506],[-111.983831257752,40.4657995387083],[-111.983501495743,40.464685751436],[-111.982801033107,40.4647156574676],[-111.982130390426,40.4653209785059],[-111.979226854675,40.4657009999299],[-111.979065916323,40.465317162966],[-111.978523639969,40.464540831004],[-111.977982555938,40.4644163114039],[-111.97794089118,40.4640940640371]]]},"properties":{"zone_code":"A-1-43","zone_description":"Agricultural - single family/animals allowed on 1 acre min.","zone_class_normalized":"Agriculture/Rural","jurisdiction":"herriman_ut","source_rest_url":"https://services2.arcgis.com/XBmqwOHlPh25M7aJ/arcgis/rest/services/HerrimanCityZoning/FeatureServer/0","extraction_method":"arcgis_rest","confidence":"rest_api"}},{"type":"Feature","geometry":{"type":"MultiPolygon","coordinates":[[[[-111.942993286628,40.4533745529049],[-111.942984644183,40.452551054336],[-111.943523661838,40.4525509779779],[-111.94348580078,40.4496428460742],[-111.943532302405,40.4497822611569],[-111.948239034625,40.4497787999382],[-111.948242792763,40.4497645821808],[-111.948251329474,40.4497648277834],[-111.948377825262,40.4569049105689],[-111.946037154999,40.4569289558493],[-111.943957820617,40.4510579577088],[-111.946022282553,40.4569162402201],[-111.943553772133,40.4569394150722],[-111.943553985913,40.4569801537072],[-111.943532310779,40.453374476507],[-111.942993286628,40.4533745529049]]],[[[-111.937106827762,40.4496674851489],[-111.936060842466,40.4474366595326],[-111.936158710217,40.4474372802345],[-111.938720104507,40.4474231952967],[-111.938733050614,40.4495109645353],[-111.938756442466,40.4528851395229],[-111.938660395443,40.4529805657211],[-111.937106827762,40.4496674851489]]]]},"properties":{"zone_code":"M-1","zone_description":"Manufacturing Zone","zone_class_normalized":"Industrial/Flex","jurisdiction":"herriman_ut","source_rest_url":"https://services2.arcgis.com/XBmqwOHlPh25M7aJ/arcgis/rest/services/HerrimanCityZoning/FeatureServer/0","extraction_method":"arcgis_rest","confidence":"rest_api"}},{"type":"Feature","geometry":{"type":"Polygon","coordinates":[[[-111.943400971489,40.4440808863051],[-111.943382326644,40.4440777922044],[-111.941267441305,40.4440647609281],[-111.940642040896,40.4424783930688],[-111.943363386837,40.4424707292204],[-111.943503286004,40.4424703334982],[-111.943499760837,40.4440791107672],[-111.943400971489,40.4440808863051]]]},"properties":{"zone_code":"A-1-43","zone_description":"Agricultural - single family/animals allowed on 1 acre min.","zone_class_normalized":"Agriculture/Rural","jurisdiction":"herriman_ut","source_rest_url":"https://services2.arcgis.com/XBmqwOHlPh25M7aJ/arcgis/rest/services/HerrimanCityZoning/FeatureServer/0","extraction_method":"arcgis_rest","confidence":"rest_api"}},{"type":"Feature","geometry":{"type":"Polygon","coordinates":[[[-111.988653076607,40.4811824133922],[-111.986280385809,40.481205772004],[-111.986285562967,40.4796989676707],[-111.98628972379,40.4784879133648],[-111.986283108912,40.4771167110993],[-111.986247237493,40.4712347320164],[-111.990986970141,40.4712420235274],[-111.990989771405,40.4748724392357],[-111.994568365489,40.4748970920657],[-111.99460627097,40.4766279581123],[-111.993395950753,40.4766449308034],[-111.993402316791,40.4784177434043],[-111.988662321349,40.4784645545364],[-111.988653426301,40.4810794670355],[-111.988653076607,40.4811824133922]]]},"properties":{"zone_code":"A-1-43","zone_description":"Agricultural - single family/animals allowed on 1 acre min.","zone_class_normalized":"Agriculture/Rural","jurisdiction":"herriman_ut","source_rest_url":"https://services2.arcgis.com/XBmqwOHlPh25M7aJ/arcgis/rest/services/HerrimanCityZoning/FeatureServer/0","extraction_method":"arcgis_rest","confidence":"rest_api"}},{"type":"Feature","geometry":{"type":"Polygon","coordinates":[[[-111.994570685435,40.4748901197723],[-111.991002390223,40.4748652374179],[-111.990965253627,40.4712214404918],[-111.986245760356,40.4712265148125],[-111.986232601227,40.4691356644075],[-111.986701219687,40.4692269529933],[-111.987172588643,40.4693232670998],[-111.987922788206,40.4692777070498],[-111.988678428324,40.4693345947246],[-111.989170066226,40.4693967133514],[-111.989700960506,40.4694911115568],[-111.990228948091,40.4693311200103],[-111.990532195535,40.4692465388046],[-111.991082885497,40.4691618858411],[-111.991330979952,40.4692771050598],[-111.991688836218,40.4694616330825],[-111.991882415537,40.4694315319216],[-111.992066211776,40.4692462303477],[-111.992291749713,40.4690148910409],[-111.992595008953,40.4688680596895],[-111.992883391134,40.4688349751592],[-111.99330025909,40.4689655356485],[-111.993290949747,40.4692621592955],[-111.993081128791,40.4696704339442],[-111.992866867035,40.4700615956939],[-111.99270639035,40.4703384729406],[-111.992675688897,40.4705948468768],[-111.992649598669,40.4708127153185],[-111.992738002751,40.47108564544],[-111.992794619815,40.4712345548958],[-111.99328997986,40.4713522712966],[-111.993698376943,40.4713560702181],[-111.994294592198,40.4713752129646],[-111.994589797347,40.4713819522763],[-111.995024306023,40.4716754255125],[-111.995112119689,40.471746667892],[-111.99545462641,40.4720245383281],[-111.995691957777,40.4722548061557],[-111.996192530484,40.4726385412565],[-111.996998283222,40.4730731573693],[-111.997789496315,40.4733045545391],[-111.998540904362,40.4734017091573],[-111.999235965576,40.4734977401544],[-111.999243797086,40.4748835371689],[-111.999238445255,40.4748835257583],[-111.999238358126,40.4748716049549],[-111.997389610179,40.4748794705431],[-111.995739801415,40.4748758281692],[-111.995739891586,40.4748864647118],[-111.995731444389,40.4748865004648],[-111.995743944435,40.4766087677539],[-111.994602636391,40.4766252131394],[-111.994570685435,40.4748901197723]]]},"properties":{"zone_code":"R-1-15","zone_description":"Residential - single family on 15,000 sq. ft. min.","zone_class_normalized":"Residential-Low","jurisdiction":"herriman_ut","source_rest_url":"https://services2.arcgis.com/XBmqwOHlPh25M7aJ/arcgis/rest/services/HerrimanCityZoning/FeatureServer/0","extraction_method":"arcgis_rest","confidence":"rest_api"}},{"type":"Feature","geometry":{"type":"Polygon","coordinates":[[[-111.990386267106,40.4839196447247],[-111.98928448841,40.4832984282129],[-111.988539949636,40.483999450831],[-111.988256676363,40.4842754689101],[-111.989335257726,40.4849321390906],[-111.987739373745,40.4864694655423],[-111.982239358919,40.4830979124201],[-111.985345238793,40.4801160613224],[-111.986287444897,40.4792114132088],[-111.986285575079,40.4796955336609],[-111.986280385809,40.481205772004],[-111.988653076607,40.4811824133922],[-111.988662321349,40.4784645545364],[-111.991454102554,40.478437006631],[-111.992234247592,40.4789100851306],[-111.991766444956,40.4793895589399],[-111.992686659799,40.4801912876004],[-111.990277955818,40.4825784462304],[-111.990218440556,40.4826364250513],[-111.990039268951,40.4828121552176],[-111.990956286736,40.4833704962442],[-111.990386267106,40.4839196447247]]]},"properties":{"zone_code":"C-2","zone_description":"Community Commercial","zone_class_normalized":"Commercial","jurisdiction":"herriman_ut","source_rest_url":"https://services2.arcgis.com/XBmqwOHlPh25M7aJ/arcgis/rest/services/HerrimanCityZoning/FeatureServer/0","extraction_method":"arcgis_rest","confidence":"rest_api"}},{"type":"Feature","geometry":{"type":"Polygon","coordinates":[[[-111.982052697953,40.482983477985],[-111.987739373745,40.4864694655423],[-111.990956286736,40.4833704962442],[-111.990481961451,40.4839127607235],[-111.991396866976,40.4843274293599],[-111.991986182007,40.4846228452505],[-111.992518486659,40.4849032040359],[-111.992752293994,40.4850291320851],[-111.992610650402,40.4851129316265],[-111.992573761985,40.4851314488965],[-111.99257357126,40.4851313344228],[-111.992179234016,40.4853285120248],[-111.991256739806,40.4857090329968],[-111.990692659445,40.485961521852],[-111.990463218251,40.4860221873674],[-111.98972272046,40.4861042392376],[-111.989094410964,40.48643540593],[-111.989070058112,40.4864513066621],[-111.988545421819,40.4867345817639],[-111.988547262704,40.4867356872163],[-111.988237317654,40.4868812566772],[-111.987533092436,40.4871694902768],[-111.98664495337,40.4878556997372],[-111.986537359617,40.4879418593831],[-111.986220971888,40.4883132757399],[-111.985802660216,40.4888588204943],[-111.98528605081,40.4884877771709],[-111.985002091694,40.4886064197162],[-111.983547482776,40.4893535169742],[-111.983430415911,40.4893629123485],[-111.983073464407,40.4893825478739],[-111.982341592144,40.4893771871021],[-111.980980564741,40.489370815897],[-111.980814170147,40.489149991847],[-111.980754334223,40.4890797573078],[-111.980490453098,40.4886896356715],[-111.979981683755,40.4879703546217],[-111.979715170259,40.4876361342898],[-111.979090896362,40.4868530875227],[-111.97898404302,40.4867410426033],[-111.978910600798,40.4866104520403],[-111.978882888438,40.4864192638226],[-111.978908521493,40.4863134396788],[-111.978973677696,40.4862024196341],[-111.979058578197,40.4860862845076],[-111.979156065668,40.4858845156511],[-111.97916197681,40.4858770408903],[-111.979077670978,40.485762622597],[-111.979075062633,40.4857617164633],[-111.979137345716,40.4857414470167],[-111.979390239792,40.4855883810323],[-111.979800462884,40.4853593033989],[-111.979805562974,40.4853552658767],[-111.980098600429,40.4851912682416],[-111.982126910198,40.4832151603598],[-111.981978991906,40.4831341421885],[-111.982052697953,40.482983477985]],[[-111.979382904883,40.4855968414741],[-111.979313717043,40.4856851518788],[-111.979384070326,40.4855961828763],[-111.979382904883,40.4855968414741]]]},"properties":{"zone_code":"MU-2","zone_description":"Mixed Use 2 Zone","zone_class_normalized":"Mixed-Use","jurisdiction":"herriman_ut","source_rest_url":"https://services2.arcgis.com/XBmqwOHlPh25M7aJ/arcgis/rest/services/HerrimanCityZoning/FeatureServer/0","extraction_method":"arcgis_rest","confidence":"rest_api"}},{"type":"Feature","geometry":{"type":"Polygon","coordinates":[[[-111.981620333482,40.4829120185749],[-111.981115276308,40.4826369244643],[-111.981049038973,40.4826077102367],[-111.98091246422,40.4825550748945],[-111.980772222253,40.4825083974467],[-111.980628759933,40.4824678282467],[-111.980574133189,40.4824550028033],[-111.980813681771,40.4824892329046],[-111.980814745434,40.4824871941027],[-111.980471307801,40.4824375739901],[-111.980035438286,40.4822296664079],[-111.980578946471,40.4815505487229],[-111.981547764289,40.480380495238],[-111.981564395579,40.4785422367014],[-111.982724321134,40.4785359356363],[-111.984608287554,40.4796806312144],[-111.985025956793,40.479934397862],[-111.985046814925,40.4799470701843],[-111.985034637671,40.4799590417512],[-111.985034714692,40.479959258475],[-111.985047003263,40.4799471846802],[-111.985345238793,40.4801160613224],[-111.982239358919,40.4830979124201],[-111.982052697953,40.482983477985],[-111.981977793662,40.4831334860848],[-111.981620333482,40.4829120185749]]]},"properties":{"zone_code":"R-20-43","zone_description":"Residential - multi-family","zone_class_normalized":"Mixed-Use","jurisdiction":"herriman_ut","source_rest_url":"https://services2.arcgis.com/XBmqwOHlPh25M7aJ/arcgis/rest/services/HerrimanCityZoning/FeatureServer/0","extraction_method":"arcgis_rest","confidence":"rest_api"}},{"type":"Feature","geometry":{"type":"Polygon","coordinates":[[[-111.998948676218,40.4822610315115],[-111.998804061917,40.4819906834472],[-111.998570623729,40.4817572656285],[-111.998238057021,40.4815245004663],[-111.998000002048,40.4813330696429],[-111.997603528301,40.4809438811049],[-111.997267737121,40.4806532664563],[-111.997075821382,40.480391758127],[-111.99673025645,40.4800161349702],[-111.996283950843,40.4797297676356],[-111.99586092788,40.4795613317681],[-111.995482172662,40.4793399737887],[-111.995340550321,40.4792114241064],[-111.995257357644,40.4791152079754],[-111.995146519489,40.4789435560758],[-111.995076757962,40.4787760325874],[-111.995191960394,40.4783690465421],[-111.995461407204,40.4780673186793],[-111.995753071096,40.4778661915072],[-111.995756764601,40.4783750500053],[-111.995773070227,40.4783756366228],[-111.99577317237,40.4783942577633],[-111.996694845661,40.4784087683714],[-111.99926488778,40.4785011048892],[-111.999264508251,40.4784491845774],[-112.005130148734,40.4785412300877],[-112.005131397135,40.4787589865294],[-112.005114321571,40.4821742021356],[-112.00491252124,40.4821490360146],[-112.004562769722,40.4822605891999],[-112.004213677023,40.4823674365011],[-112.003499861157,40.4824186579879],[-112.003044567941,40.4823602068577],[-112.002461072013,40.4823342993067],[-112.00158746878,40.4822810331384],[-112.001114426644,40.4821895096079],[-112.000863563303,40.4822398242293],[-112.000333312647,40.4823019337702],[-111.999919700077,40.4821455403556],[-111.999660043855,40.4823448956495],[-111.999191419915,40.4825672478999],[-111.998948676218,40.4822610315115]]]},"properties":{"zone_code":"R-1-15","zone_description":"Residential - single family on 15,000 sq. ft. min.","zone_class_normalized":"Residential-Low","jurisdiction":"herriman_ut","source_rest_url":"https://services2.arcgis.com/XBmqwOHlPh25M7aJ/arcgis/rest/services/HerrimanCityZoning/FeatureServer/0","extraction_method":"arcgis_rest","confidence":"rest_api"}},{"type":"Feature","geometry":{"type":"Polygon","coordinates":[[[-111.999698870607,40.486925492361],[-111.998365788576,40.4841859563506],[-111.998249195031,40.4842197877312],[-111.997899762295,40.4843362538307],[-111.997333172831,40.4845637149387],[-111.996444330167,40.4847869575429],[-111.995243757227,40.4842865860059],[-111.995312273313,40.4837315435704],[-111.995461009071,40.482526631304],[-111.995501650173,40.4821973803021],[-111.995541195957,40.4818770137188],[-111.995559830194,40.4817260460335],[-111.993508950355,40.4806618998451],[-111.99271911577,40.4802098969193],[-111.992686659799,40.4801912876004],[-111.991766444956,40.4793895589399],[-111.992234247592,40.4789100851306],[-111.991456074339,40.4784369875507],[-111.993402316791,40.4784177434043],[-111.993388749161,40.4766455159054],[-111.995743964561,40.4766115405981],[-111.995753092144,40.4778690913299],[-111.995588051475,40.4779799872921],[-111.995461407204,40.4780673186793],[-111.995319406538,40.4782256330079],[-111.995191960394,40.4783690465421],[-111.995076757962,40.4787760325874],[-111.995146519489,40.4789435560758],[-111.995257357644,40.4791152079754],[-111.995340550321,40.4792114241064],[-111.995482172662,40.4793399737887],[-111.99586092788,40.4795613317681],[-111.99627363344,40.4797247365067],[-111.996719854269,40.4800075658102],[-111.996979588571,40.4802642318285],[-111.997291218245,40.4806788723932],[-111.997603528301,40.4809438811049],[-111.998080328764,40.4813976635443],[-111.998570623729,40.4817572656285],[-111.998772663548,40.4819592883024],[-111.998962396868,40.4822936636723],[-111.999191419915,40.4825672478999],[-111.999343092796,40.482484357544],[-111.999617754009,40.4823680078172],[-111.99977164216,40.4822501482488],[-111.999936874835,40.4821517829114],[-112.000333312647,40.4823019337702],[-112.000598189266,40.4822839177911],[-112.001114426644,40.4821895096079],[-112.00158746878,40.4822810331384],[-112.001754012239,40.4823140695842],[-112.002109508618,40.4823389994029],[-112.002672240865,40.4823436762791],[-112.003330558386,40.4823796127138],[-112.003734012974,40.4823833936457],[-112.004213677023,40.4823674365011],[-112.004576385408,40.4822859939101],[-112.00491252124,40.4821490360146],[-112.005114321571,40.4821742021356],[-112.005114204002,40.4822020012408],[-112.005171021098,40.485670897823],[-112.004855622798,40.4856969301289],[-112.004512440239,40.4857252543755],[-112.004338157238,40.485729675654],[-112.003404606492,40.4857533537482],[-112.003174399904,40.4857573606735],[-112.00216763885,40.4856413274916],[-112.001790502535,40.4856647090714],[-112.001391726505,40.485877789869],[-112.001219544806,40.4862195418992],[-112.001162879718,40.4868110224156],[-112.000688682875,40.4868104212952],[-111.999698870607,40.486925492361]]]},"properties":{"zone_code":"R-2-15","zone_description":"Medium Density Residential","zone_class_normalized":"Residential-Medium","jurisdiction":"herriman_ut","source_rest_url":"https://services2.arcgis.com/XBmqwOHlPh25M7aJ/arcgis/rest/services/HerrimanCityZoning/FeatureServer/0","extraction_method":"arcgis_rest","confidence":"rest_api"}},{"type":"Feature","geometry":{"type":"Polygon","coordinates":[[[-111.990916871141,40.4973492938022],[-111.990568624919,40.496861205054],[-111.990831697934,40.4968609471126],[-111.990570072614,40.4968599201588],[-111.990433263009,40.4966680662654],[-111.989901165758,40.4960878384955],[-111.989293678254,40.4955198937008],[-111.988800009194,40.4952199342272],[-111.988369996698,40.4948800481535],[-111.987615325817,40.4938428982699],[-111.986529390079,40.493237180822],[-111.986428130031,40.4932285377712],[-111.985291511174,40.4925878350376],[-111.984138687542,40.4925926046605],[-111.983085977568,40.4924491816716],[-111.982703018354,40.4923623899452],[-111.981867690694,40.4913833976378],[-111.981641024292,40.4909724834007],[-111.981408342726,40.4902748252247],[-111.981376369311,40.4900988383602],[-111.98099479666,40.4893640120526],[-111.983052324324,40.4893864013076],[-111.983547566529,40.4893538507471],[-111.985279552211,40.4884863865629],[-111.98579771687,40.4888686295007],[-111.986221379768,40.4883238442684],[-111.986538329642,40.4879442392157],[-111.987016944026,40.4875776412228],[-111.987502302682,40.4871689258576],[-111.988053613112,40.4869556039975],[-111.988360681204,40.4868343305407],[-111.988545421819,40.4867345817639],[-111.99014605975,40.4876958472658],[-111.987265990225,40.4905040249552],[-111.987241945403,40.490525996666],[-111.987218176661,40.4905481437388],[-111.987194686338,40.4905704634624],[-111.987171477955,40.4905929531205],[-111.98714855269,40.4906156127084],[-111.987125912878,40.4906384386142],[-111.987103560858,40.4906614281265],[-111.98708149781,40.4906845812407],[-111.987059726067,40.4907078943448],[-111.987038249156,40.490731365623],[-111.987017065878,40.4907549923789],[-111.986996182124,40.4907787736875],[-111.986975596696,40.4908027068521],[-111.986955311927,40.4908267882609],[-111.986935331356,40.4908510178993],[-111.986915654964,40.4908753930657],[-111.986896286265,40.4908999101434],[-111.986877225252,40.490924568232],[-111.986858475444,40.4909493646151],[-111.986840036823,40.4909742965913],[-111.986821912915,40.490999362345],[-111.986804103707,40.4910245600749],[-111.986786611533,40.4910498861693],[-111.986769437566,40.4910753397229],[-111.986752584146,40.4911009180243],[-111.986736052428,40.4911266174665],[-111.986719844764,40.4911524371392],[-111.986703961136,40.491178374341],[-111.986688403884,40.4912044263603],[-111.986673174167,40.4912305904909],[-111.986658273161,40.4912568658273],[-111.986643703192,40.4912832478571],[-111.98662946426,40.4913097365803],[-111.986615559872,40.4913363274797],[-111.986601988837,40.491363018759],[-111.986588752314,40.4913898077118],[-111.986575853831,40.4914166925224],[-111.986563293374,40.4914436713898],[-111.986551072092,40.4914707398064],[-111.986539191158,40.4914978968667],[-111.986527650553,40.4915251398694],[-111.98651645261,40.4915524652023],[-111.986505598505,40.4915798719601],[-111.986495089389,40.4916073565358],[-111.986484925246,40.4916349162277],[-111.986475107242,40.4916625492301],[-111.986465636544,40.4916902537367],[-111.9864565143,40.4917180252402],[-111.986447740504,40.49174586284],[-111.98643931631,40.491773762929],[-111.986431242885,40.4918017237013],[-111.986423521385,40.4918297415498],[-111.986416150616,40.4918578146783],[-111.986409132926,40.491885941276],[-111.986402469468,40.4919141177359],[-111.986396159045,40.4919423413611],[-111.986390202818,40.4919706094451],[-111.986384601952,40.491998920182],[-111.98637935761,40.4920272708654],[-111.986374467407,40.4920556579026],[-111.986369934875,40.4920840803785],[-111.986365758803,40.4921125337953],[-111.986361940366,40.4921410172476],[-111.986358479531,40.4921695262325],[-111.986355377471,40.4921980598446],[-111.98635263181,40.4922266153921],[-111.98635024606,40.4922551892582],[-111.986348219023,40.4922837787458],[-111.986347752103,40.4931515208579],[-111.989403081833,40.4931325772437],[-111.989439259357,40.4931319947312],[-111.989475427814,40.4931311348642],[-111.989511583671,40.4931299985581],[-111.989547722205,40.4931285849321],[-111.989583839881,40.4931268949014],[-111.989619934333,40.4931249275754],[-111.989656000857,40.4931226847751],[-111.989692035899,40.493120164714],[-111.989728035939,40.4931173701088],[-111.989763997427,40.493114299173],[-111.989799916828,40.4931109528221],[-111.989835790604,40.4931073310708],[-111.989871615228,40.4931034357353],[-111.989907385968,40.4930992650341],[-111.989943100485,40.4930948216788],[-111.989978755226,40.4930901038832],[-111.990014346672,40.4930851143638],[-111.990049868911,40.4930798513441],[-111.990085321962,40.493074317526],[-111.990120699913,40.4930685111331],[-111.990155999245,40.4930624348818],[-111.990191217599,40.4930560887822],[-111.990226350256,40.493049472854],[-111.990261394861,40.4930425880078],[-111.990296346704,40.493035435164],[-111.990331202245,40.4930280143374],[-111.990365959144,40.4930203282397],[-111.990400613849,40.4930123750847],[-111.99043516166,40.4930041575938],[-111.990469599038,40.4929956757821],[-111.990503924803,40.4929869296545],[-111.990538133077,40.4929779219374],[-111.99057222032,40.4929686526459],[-111.990606185358,40.4929591226855],[-111.990640022301,40.4929493329816],[-111.990673729974,40.4929392844398],[-111.990707303666,40.4929289779806],[-111.990740739849,40.4929184154199],[-111.990774034985,40.4929075967728],[-111.990807187908,40.4928965238453],[-111.990840192724,40.4928851975629],[-111.990873045903,40.4928736188413],[-111.990905746269,40.4928617885857],[-111.991557247278,40.4926096695097],[-111.991591434322,40.4925944808323],[-111.99162580477,40.4925795363352],[-111.991660356265,40.4925648360282],[-111.99169508528,40.4925503817271],[-111.991729989469,40.4925361752428],[-111.991765065301,40.4925222174905],[-111.991800309243,40.4925085093855],[-111.991835718943,40.4924950518381],[-111.991871290876,40.4924818466642],[-111.991907022689,40.492468894774],[-111.991942910856,40.4924561979834],[-111.99197895184,40.4924437563072],[-111.992015143294,40.4924315715562],[-111.992051481681,40.4924196437452],[-111.99208796348,40.4924079755905],[-111.992124586327,40.4923965662014],[-111.992161346702,40.4923854182943],[-111.992198241068,40.492374531884],[-111.992235267073,40.4923639078807],[-111.99227242001,40.4923535481054],[-111.992309698694,40.4923434516623],[-111.992347098427,40.4923336212728],[-111.992384615671,40.4923240569516],[-111.992422249253,40.4923147596042],[-111.992459993281,40.4923057301558],[-111.992497846584,40.4922969695119],[-111.992535804442,40.4922884776921],[-111.992573864505,40.4922802556068],[-111.992612023246,40.492272305072],[-111.992650277127,40.4922646261024],[-111.99268862379,40.4922572187079],[-111.99272705735,40.4922500847143],[-111.992765577801,40.4922432232209],[-111.992804179265,40.4922366369542],[-111.99284285937,40.4922303241229],[-111.992881615777,40.4922242874386],[-111.992920442575,40.4922185251247],[-111.993691529401,40.4920792488752],[-111.994017681665,40.4920098597444],[-111.994610922173,40.4919166700722],[-111.994646688524,40.4919116919097],[-111.994682387996,40.4919064384384],[-111.994718015871,40.4919009096784],[-111.99475356861,40.4918951056445],[-111.994789042693,40.4918890290536],[-111.994824435755,40.491882679015],[-111.994859741897,40.4918760555538],[-111.994894958772,40.4918691604811],[-111.994930081669,40.4918619947175],[-111.994965109407,40.4918545582681],[-111.995000036094,40.4918468520584],[-111.995034859379,40.4918388769991],[-111.995069575727,40.4918306340056],[-111.995104180421,40.4918221230983],[-111.9951386723,40.4918133469836],[-111.995173044273,40.4918043038906],[-111.995207296366,40.4917949974216],[-111.995241422675,40.491785426701],[-111.995275422031,40.4917755935351],[-111.995309288545,40.4917654988495],[-111.995343019862,40.4917551435548],[-111.995376612444,40.4917445276662],[-111.995410062778,40.4917336548008],[-111.995443367311,40.4917225231728],[-111.995476523711,40.4917111363944],[-111.995509527259,40.4916994944857],[-111.995542374422,40.4916875983624],[-111.995575064027,40.4916754489301],[-111.995607590196,40.4916630489157],[-111.995639950568,40.4916503983291],[-111.995672142799,40.4916374989818],[-111.995704162175,40.4916243517943],[-111.995736005178,40.4916109594834],[-111.99576767062,40.4915973211537],[-111.995799153804,40.4915834395269],[-111.995830451203,40.4915693164194],[-111.995861560458,40.4915549518413],[-111.995892479229,40.4915403485044],[-111.995923201631,40.4915255082348],[-111.995953726485,40.4915104310378],[-111.995984050271,40.4914951196302],[-111.996014170637,40.4914795749226],[-111.996044084056,40.4914637987314],[-111.996073785823,40.4914477928777],[-111.996103274766,40.4914315582674],[-111.996132548544,40.4914150976122],[-111.996161602446,40.4913984118329],[-111.996190434125,40.4913815027406],[-111.996219040062,40.4913643730523],[-111.996247417898,40.491347022778],[-111.996275565294,40.4913294546297],[-111.996303478723,40.4913116704237],[-111.996331155847,40.4912936728716],[-111.996358593126,40.4912754619889],[-111.996385788221,40.4912570404871],[-111.996412737606,40.4912384101827],[-111.996439440114,40.4912195728819],[-111.996465891041,40.491200530406],[-111.996492089227,40.4911812854619],[-111.996518032325,40.4911618398607],[-111.996543715623,40.4911421945234],[-111.996569137963,40.4911223521567],[-111.996594297004,40.4911023154724],[-111.996619189214,40.4910820853864],[-111.996643813426,40.4910616637048],[-111.999016899241,40.4893587670577],[-111.998000588752,40.4884411125755],[-111.997423544764,40.4880354751649],[-111.995793131419,40.4870523928201],[-111.99257357126,40.4851313344228],[-111.992681513767,40.4850773601568],[-111.992713785383,40.4850493322154],[-111.992752293994,40.4850291320851],[-111.99201614537,40.4846378655471],[-111.991388763017,40.4843233665649],[-111.990481961451,40.4839127607235],[-111.991188092782,40.4831054845],[-111.993566982518,40.4806950430039],[-111.993722819342,40.4807839997302],[-111.995607451573,40.4817374865152],[-111.995388508332,40.4831139636492],[-111.995243757227,40.4842865860059],[-111.99559820042,40.4844343122943],[-111.996444330167,40.4847869575429],[-111.997312915617,40.4845689595286],[-111.99764136546,40.4844499447063],[-111.99783074992,40.4843639593505],[-111.998033442988,40.4842916979565],[-111.998365788576,40.4841859563506],[-111.999698870607,40.486925492361],[-112.000826631156,40.4867907111669],[-112.001755064264,40.486872606872],[-112.002532788051,40.4870436402154],[-112.003086298294,40.487198459932],[-112.003694126404,40.4874954710606],[-112.003784429766,40.4875508491437],[-112.004490964773,40.4880415539595],[-112.005198146349,40.4886181221001],[-112.005203697412,40.4931691445402],[-111.995755940693,40.4931880367626],[-111.995756038785,40.4932015478782],[-111.995733017536,40.4932016164725],[-111.995735634143,40.4937632033771],[-111.995742371636,40.4950717853229],[-111.995750207663,40.4965935436432],[-111.995780665223,40.4965934147648],[-112.000504860401,40.4965733288999],[-112.000506926742,40.4968552301293],[-112.000683503122,40.4968544756863],[-112.000716816033,40.5005081301082],[-111.99984251645,40.5005078221639],[-111.997857327414,40.5005070980044],[-111.991861288101,40.500508052878],[-111.991608745955,40.5001626140965],[-111.991553143243,40.5000395877697],[-111.991532736519,40.499917258517],[-111.991554384744,40.4997579494785],[-111.99167226602,40.499379460833],[-111.991666166068,40.4991934135924],[-111.991629181216,40.4988193427162],[-111.991572339196,40.4982610257238],[-111.991367286335,40.4979786306221],[-111.991107857222,40.4976169700763],[-111.990916871141,40.4973492938022]],[[-111.999834304175,40.4901009780791],[-111.999237971585,40.4895628742061],[-111.998864437239,40.4898284247354],[-111.998683205651,40.4899529247713],[-111.998558728515,40.4900284124639],[-111.998470295015,40.4900692423675],[-111.998991446336,40.4906375842706],[-111.999834304175,40.4901009780791]]]},"properties":{"zone_code":"R-2-10","zone_description":"Residential - single family or dwelling group on 10,000 sq. ft. min.","zone_class_normalized":"Industrial/Flex","jurisdiction":"herriman_ut","source_rest_url":"https://services2.arcgis.com/XBmqwOHlPh25M7aJ/arcgis/rest/services/HerrimanCityZoning/FeatureServer/0","extraction_method":"arcgis_rest","confidence":"rest_api"}},{"type":"Feature","geometry":{"type":"Polygon","coordinates":[[[-111.97681719573,40.485133270158],[-111.975831893983,40.4847754193979],[-111.975667624557,40.484691277952],[-111.9749465762,40.484373918562],[-111.97454181223,40.4841412991793],[-111.973559524365,40.4833558076443],[-111.973444887945,40.4832428767516],[-111.973249072944,40.4830144937886],[-111.973068523928,40.4827527647965],[-111.9729884695,40.4826171627908],[-111.972895334106,40.4824967164442],[-111.97276382415,40.4822995333463],[-111.976819017702,40.4822533671772],[-111.97681719573,40.485133270158]]]},"properties":{"zone_code":"R-2-10","zone_description":"Residential - single family or dwelling group on 10,000 sq. ft. min.","zone_class_normalized":"Industrial/Flex","jurisdiction":"herriman_ut","source_rest_url":"https://services2.arcgis.com/XBmqwOHlPh25M7aJ/arcgis/rest/services/HerrimanCityZoning/FeatureServer/0","extraction_method":"arcgis_rest","confidence":"rest_api"}},{"type":"Feature","geometry":{"type":"Polygon","coordinates":[[[-111.94124044611,40.4440645942966],[-111.941031392489,40.4440633034421],[-111.941070399545,40.4468201101772],[-111.941070903513,40.4468516167064],[-111.938671298964,40.4468382767345],[-111.938697579769,40.4474232797009],[-111.936158710217,40.4474372802345],[-111.936060842466,40.4474366595326],[-111.934374383961,40.4438395372779],[-111.933745253384,40.4424975324822],[-111.933775194418,40.4424974503644],[-111.93561923946,40.442492371863],[-111.939300911693,40.4424821463955],[-111.940601818962,40.4424785057302],[-111.94124044611,40.4440645942966]]]},"properties":{"zone_code":"M-1","zone_description":"Manufacturing Zone","zone_class_normalized":"Industrial/Flex","jurisdiction":"herriman_ut","source_rest_url":"https://services2.arcgis.com/XBmqwOHlPh25M7aJ/arcgis/rest/services/HerrimanCityZoning/FeatureServer/0","extraction_method":"arcgis_rest","confidence":"rest_api"}},{"type":"Feature","geometry":{"type":"Polygon","coordinates":[[[-111.985077498826,40.4736071224515],[-111.982705551002,40.4736450801072],[-111.982694901121,40.4718965563558],[-111.985066669132,40.4718585993853],[-111.985077498826,40.4736071224515]]]},"properties":{"zone_code":"A-1-43","zone_description":"Agricultural - single family/animals allowed on 1 acre min.","zone_class_normalized":"Agriculture/Rural","jurisdiction":"herriman_ut","source_rest_url":"https://services2.arcgis.com/XBmqwOHlPh25M7aJ/arcgis/rest/services/HerrimanCityZoning/FeatureServer/0","extraction_method":"arcgis_rest","confidence":"rest_api"}},{"type":"Feature","geometry":{"type":"Polygon","coordinates":[[[-112.036324670101,40.4866682085272],[-112.036326588359,40.4875721078149],[-112.033987343471,40.4875748823582],[-112.033983230215,40.4877113769207],[-112.033011345989,40.4877107515263],[-112.032874700615,40.4870593701817],[-112.032871351328,40.4866301340353],[-112.03314736094,40.4859493158798],[-112.033240273003,40.4858773516581],[-112.033286899014,40.4858055971813],[-112.033238877195,40.4856985884509],[-112.033003355522,40.4855207196267],[-112.032624881669,40.4850931372183],[-112.032435716719,40.4848794235626],[-112.032528349827,40.4847717760232],[-112.032621710304,40.4846998093172],[-112.032850699662,40.4839833479894],[-112.032569118773,40.4839489433782],[-112.032285027236,40.4835925250494],[-112.03214186766,40.483271150994],[-112.032092904689,40.4829852051444],[-112.032325628374,40.4828053789465],[-112.032556845866,40.4823750759212],[-112.032506088621,40.482087714462],[-112.032271367742,40.4818398938794],[-112.032180240596,40.4821980177357],[-112.031854440992,40.482485665804],[-112.031434721792,40.482773739055],[-112.030825459245,40.4829208028627],[-112.030315916317,40.4836014561444],[-112.029758201697,40.4841763150838],[-112.029064916152,40.4854670320163],[-112.028558721166,40.4867212141253],[-112.028523856329,40.4868927704166],[-112.028333170371,40.4878310446226],[-112.027906413674,40.4882166360875],[-112.027826310021,40.4882350557049],[-112.027824935094,40.4884074091058],[-112.027482278886,40.4884058220191],[-112.027170993119,40.4883605572482],[-112.026792108454,40.4883054612869],[-112.02561882594,40.4883107215119],[-112.025545580892,40.4880381050071],[-112.025432545219,40.4876174816755],[-112.025191477209,40.487151593893],[-112.025122656893,40.4869562541261],[-112.024970268041,40.4861418387764],[-112.024559482204,40.4861473956915],[-112.024299220365,40.4861497604125],[-112.02428072406,40.4847819894933],[-112.024270911923,40.4834675571892],[-112.024197360538,40.4785202697638],[-112.024094459064,40.4784392317765],[-112.023929380992,40.4783686593638],[-112.023719600777,40.4782677249028],[-112.023602969116,40.4781358111055],[-112.024198013768,40.4773981709968],[-112.024176415128,40.4770449045761],[-112.024174035429,40.4767348212212],[-112.023947396475,40.4767358352611],[-112.023800769773,40.4760874559842],[-112.023546401309,40.4749347540434],[-112.022704092888,40.4746933251782],[-112.022060644507,40.4745231183972],[-112.021745696787,40.4753249987081],[-112.021529826501,40.4754990357623],[-112.021059925861,40.4757967990996],[-112.020818362587,40.4763171011689],[-112.02017358438,40.4759738144043],[-112.020304526234,40.4758073682765],[-112.021226655723,40.4753705788043],[-112.021232632572,40.4749162275983],[-112.020600057271,40.4749334640413],[-112.020223762765,40.4751226346976],[-112.018962334418,40.4756474584081],[-112.018159611336,40.4756438012889],[-112.017045372771,40.4756559363851],[-112.016270978683,40.4756521412626],[-112.01579095676,40.4758633888268],[-112.015170099526,40.4761834271433],[-112.014643071914,40.4764237236366],[-112.014639441838,40.4771953686087],[-112.013846633058,40.4772565414696],[-112.013463953071,40.4778567730026],[-112.013667092746,40.4784977045988],[-112.013545465318,40.4786496791891],[-112.013153277599,40.4792427399784],[-112.012975797843,40.4795031307647],[-112.01250193631,40.4792816487585],[-112.012471927277,40.4790582246481],[-112.012176471516,40.4786989423916],[-112.011876423898,40.4777267032301],[-112.011154727862,40.4771962048247],[-112.010425055321,40.476860447101],[-112.009041384249,40.4762030121562],[-112.008012016579,40.4762002693556],[-112.007036398533,40.4765354131819],[-112.006661667004,40.4765370347629],[-112.006285955854,40.4764671170315],[-112.005863782064,40.476433083941],[-112.005254773175,40.4764715697905],[-112.005079178012,40.4764843365554],[-112.005078217656,40.476320974613],[-112.005018731988,40.4564903865768],[-112.014489629468,40.4565037555892],[-112.014642264672,40.460161251438],[-112.033388722983,40.4601321215627],[-112.033372955172,40.4602508071367],[-112.033789942271,40.4602473517263],[-112.034865240074,40.4609166823667],[-112.035463541298,40.4612890918287],[-112.036071225768,40.462141667602],[-112.036873017794,40.463119882024],[-112.037486233111,40.46384624151],[-112.035722511725,40.4638502922073],[-112.034028962088,40.4638681339893],[-112.034011822847,40.4786070059005],[-112.036276123084,40.4785788335788],[-112.036292941557,40.4821915403019],[-112.036324670101,40.4866682085272]]]},"properties":{"zone_code":"FR-2.5","zone_description":"Forestry Recreation - 2 1/2 acre min.","zone_class_normalized":"Residential-Medium","jurisdiction":"herriman_ut","source_rest_url":"https://services2.arcgis.com/XBmqwOHlPh25M7aJ/arcgis/rest/services/HerrimanCityZoning/FeatureServer/0","extraction_method":"arcgis_rest","confidence":"rest_api"}},{"type":"Feature","geometry":{"type":"Polygon","coordinates":[[[-112.003426780151,40.5368204466811],[-111.999948081152,40.5368139023531],[-111.999939725969,40.5296485067605],[-112.005309183832,40.5296796675696],[-112.005548038819,40.5296788565284],[-112.006116199167,40.5296817875581],[-112.008610295736,40.5321557431264],[-112.008478685424,40.5322601405736],[-112.0084070247,40.5323424569286],[-112.00837931258,40.5323883047534],[-112.008357972655,40.532433639527],[-112.00832877598,40.5325368973799],[-112.008211960976,40.5326040500782],[-112.008133419074,40.5326734692193],[-112.007963638687,40.5327345273948],[-112.007789219177,40.532771768979],[-112.007624141391,40.5327792940804],[-112.007371667379,40.5327803870895],[-112.007242138756,40.5327668401151],[-112.007106588529,40.5327153741905],[-112.006937017023,40.5326329214334],[-112.006830128263,40.5326630584864],[-112.006781534223,40.5327304010863],[-112.006693307707,40.5327838074578],[-112.006603693226,40.5328221396207],[-112.006408816231,40.532852170188],[-112.006254901415,40.5329034275186],[-112.006155146668,40.5329500731115],[-112.006101220861,40.5329863046424],[-112.006067603625,40.5330097998946],[-112.005948971285,40.5330716771831],[-112.005668191606,40.5332294618297],[-112.005549024691,40.5332377594757],[-112.005497622938,40.5332229829535],[-112.005440523408,40.5332226599948],[-112.005310049629,40.5331677650405],[-112.005309833882,40.5333107881519],[-112.009265831923,40.5333105089545],[-112.010117392144,40.5341540661168],[-112.010116237956,40.53685254564],[-112.005260945151,40.5368235862859],[-112.003426780151,40.5368204466811]]]},"properties":{"zone_code":"R-1-10","zone_description":"Residential - single family on 10,000 sq. ft. min.","zone_class_normalized":"Residential-Low","jurisdiction":"herriman_ut","source_rest_url":"https://services2.arcgis.com/XBmqwOHlPh25M7aJ/arcgis/rest/services/HerrimanCityZoning/FeatureServer/0","extraction_method":"arcgis_rest","confidence":"rest_api"}},{"type":"Feature","geometry":{"type":"Polygon","coordinates":[[[-112.014608945006,40.4892889427814],[-112.014194124123,40.4892336775819],[-112.014086329777,40.4892193170283],[-112.01367616544,40.4891845864519],[-112.013604953309,40.4891785567176],[-112.013487007172,40.4891708540598],[-112.01332618402,40.4891603510083],[-112.013299247206,40.489158592205],[-112.013007529385,40.4891461152942],[-112.012880539008,40.4891406832956],[-112.01272279147,40.4891415341104],[-112.01255580123,40.4891424350585],[-112.012503180574,40.489142718408],[-112.012159854795,40.4891533824846],[-112.012119745922,40.4891546277288],[-112.01182196958,40.4891682059302],[-112.011793692309,40.4891701567675],[-112.011685565479,40.4891776158753],[-112.011663431744,40.4891791426867],[-112.011563019896,40.4891870029706],[-112.01140704527,40.4891992124292],[-112.011330289859,40.4892052202937],[-112.011236444273,40.4892125662185],[-112.010843976348,40.4892541780424],[-112.010645678311,40.4892792891758],[-112.010645776328,40.4882306154587],[-112.009588683192,40.4882074361879],[-112.009585639508,40.487799547395],[-112.009561452413,40.4876170442274],[-112.009592032095,40.4874593068361],[-112.007471417947,40.4870787959057],[-112.007256499556,40.4893636171653],[-112.007002543221,40.4893267791349],[-112.006686808396,40.489239215433],[-112.006449581409,40.4891734246114],[-112.006074454387,40.4890192993879],[-112.005843593673,40.4889224553926],[-112.00582329122,40.488913399359],[-112.005981210334,40.4887003184976],[-112.00599552723,40.4886830481736],[-112.006009536343,40.4886656305798],[-112.006023234167,40.4886480702342],[-112.006036619544,40.4886303698437],[-112.006049688955,40.4886125321255],[-112.006062440068,40.4885945606922],[-112.00607487173,40.4885764591509],[-112.00608698043,40.4885582311196],[-112.006098765001,40.4885398784044],[-112.006110221945,40.4885214064242],[-112.006121350096,40.4885028169852],[-112.006132147123,40.4884841137],[-112.006142610699,40.4884653010816],[-112.006152739666,40.4884463818369],[-112.006162531684,40.488427358678],[-112.006171984435,40.4884082370183],[-112.006181097933,40.4883890186593],[-112.006189868665,40.4883697072184],[-112.006198295493,40.4883503081041],[-112.006206377245,40.4883308222224],[-112.00621411278,40.4883112549816],[-112.006221499767,40.4882916099942],[-112.006228537047,40.4882718899672],[-112.006235223467,40.4882520985079],[-112.006241557881,40.4882322401244],[-112.006247539131,40.4882123175233],[-112.006253167249,40.4881923352077],[-112.006258438724,40.488172296795],[-112.006263353577,40.4881522049871],[-112.006267911848,40.4881320651873],[-112.00627211237,40.4881118792019],[-112.006275954,40.4880916515389],[-112.006279435582,40.4880713858056],[-112.006282558332,40.4880510864997],[-112.006285318731,40.4880307563383],[-112.006287719171,40.4880103998141],[-112.006289757321,40.4879900205394],[-112.0062914332,40.487969621216],[-112.00629274685,40.4879492072473],[-112.006293698283,40.4879287804344],[-112.006294286368,40.4879083470863],[-112.006294512292,40.4878879080986],[-112.00629437492,40.4878674697802],[-112.006293874275,40.4878470348328],[-112.006293011555,40.4878266059531],[-112.006291785622,40.4878061885495],[-112.006290197675,40.4877857853186],[-112.00628824657,40.4877654007681],[-112.006285934691,40.4877450384903],[-112.006283260879,40.4877247011918],[-112.006280227534,40.4877043942659],[-112.006276832318,40.4876841204243],[-112.006273078796,40.487663883254],[-112.006268965815,40.4876436863623],[-112.006264493415,40.4876235351526],[-112.00625966515,40.4876034314106],[-112.006254479872,40.4875833796442],[-112.006248938783,40.4875633825499],[-112.006243043101,40.487543445526],[-112.006236794027,40.4875235712689],[-112.006230192767,40.487503763376],[-112.006223240534,40.4874840263446],[-112.006215938522,40.4874643619709],[-112.006208287949,40.487444775653],[-112.006200290017,40.4874252700875],[-112.006191947111,40.4874058488663],[-112.006183260443,40.4873865164871],[-112.006174230029,40.487367274751],[-112.006164859446,40.4873481290459],[-112.006155149894,40.4873290820684],[-112.005816795028,40.4866980114523],[-112.005804249049,40.4866767531291],[-112.005792014861,40.486655388089],[-112.005780094856,40.4866339208248],[-112.005768490219,40.4866123522319],[-112.005757200978,40.4865906859129],[-112.005746230697,40.4865689254547],[-112.005735580562,40.4865470717528],[-112.005725249427,40.4865251293154],[-112.005715242015,40.4865030990226],[-112.005705557182,40.4864809853824],[-112.005696197297,40.4864587901859],[-112.005687162382,40.4864365161348],[-112.005678454822,40.4864141668213],[-112.005670074635,40.4863917449471],[-112.005662024195,40.4863692523032],[-112.005654303522,40.4863466915914],[-112.005646912647,40.4863240673146],[-112.005639855123,40.4863013812586],[-112.005633129789,40.4862786361304],[-112.005626737852,40.4862558355271],[-112.005620680504,40.4862329812448],[-112.005614957772,40.4862100768859],[-112.005609572033,40.4861871251418],[-112.005604522129,40.4861641287194],[-112.005599809258,40.4861410903153],[-112.005504805472,40.4857417754468],[-112.005171236654,40.4857832736174],[-112.005171021098,40.485670897823],[-112.005169071385,40.4856710584309],[-112.005169060157,40.4856649164443],[-112.006336072847,40.4856453181628],[-112.007770807759,40.485746450395],[-112.009122478626,40.4860196743621],[-112.009959363673,40.4862302894663],[-112.010170087232,40.485824616267],[-112.010411508393,40.4854344152257],[-112.010966109986,40.4845131322035],[-112.0111886465,40.4845738815973],[-112.011680225831,40.4847604275032],[-112.012539290548,40.4849277727767],[-112.013230678845,40.4850623129537],[-112.01351619626,40.4851179151783],[-112.014088498566,40.4852592656112],[-112.0141263765,40.4852698551497],[-112.014528196842,40.485379034888],[-112.015069971984,40.4855303887047],[-112.016149910134,40.4855840882799],[-112.016075751675,40.4854494558444],[-112.015987494804,40.4853226098384],[-112.016439710041,40.4851486552451],[-112.01699523245,40.4849028656312],[-112.017088299193,40.4849718824371],[-112.017216977476,40.485313917763],[-112.017180699218,40.485653406742],[-112.017062205893,40.4865969885229],[-112.016885017524,40.4870349817392],[-112.016758784235,40.4876151586062],[-112.016579301584,40.4884992503462],[-112.016312848092,40.4886945375455],[-112.016256411242,40.4886955121431],[-112.016256356991,40.4886955132829],[-112.015777904539,40.4887037817084],[-112.015531620462,40.488833082044],[-112.015488311335,40.4890272662606],[-112.015487619941,40.4890303691375],[-112.015430184378,40.4892878883002],[-112.015272002391,40.4892571562277],[-112.015211663407,40.4893857567244],[-112.015066401491,40.4893624244467],[-112.015009388703,40.4893532666228],[-112.014629712858,40.4892922792014],[-112.014608945006,40.4892889427814]],[[-112.014206351797,40.4864758427327],[-112.014004784771,40.4862750802996],[-112.013896503068,40.4861873342767],[-112.013785578193,40.4860990963139],[-112.013675981014,40.4860118601851],[-112.013654095213,40.4859988489355],[-112.013624312262,40.485989400827],[-112.013603834686,40.485987978516],[-112.013486506735,40.486101919726],[-112.013422232562,40.4861591665885],[-112.012997032981,40.4865108877107],[-112.013544679253,40.4869894177173],[-112.013969003624,40.4867740237939],[-112.014204397878,40.4866548133225],[-112.014285905091,40.4866305132884],[-112.014307144561,40.4866210908111],[-112.014306912978,40.4865903402183],[-112.014280195689,40.4865496237769],[-112.014206351797,40.4864758427327]]]},"properties":{"zone_code":"R-20-43","zone_description":"Residential - multi-family","zone_class_normalized":"Mixed-Use","jurisdiction":"herriman_ut","source_rest_url":"https://services2.arcgis.com/XBmqwOHlPh25M7aJ/arcgis/rest/services/HerrimanCityZoning/FeatureServer/0","extraction_method":"arcgis_rest","confidence":"rest_api"}},{"type":"Feature","geometry":{"type":"Polygon","coordinates":[[[-112.007545058518,40.4893975543342],[-112.00725841129,40.4893610295962],[-112.007470905642,40.4870741402667],[-112.009613104899,40.4874533523177],[-112.009558151443,40.4876253395223],[-112.009646829168,40.488204603949],[-112.009707297299,40.4884109607668],[-112.009841839717,40.4888750243798],[-112.009928904729,40.4892499396254],[-112.009995081417,40.4893792204388],[-112.009691520295,40.4894332585232],[-112.009434184152,40.4894522491637],[-112.009087876188,40.4894680514625],[-112.008497874601,40.4894491681159],[-112.007545717859,40.4893972317681],[-112.007545058518,40.4893975543342]]]},"properties":{"zone_code":"R-20-43","zone_description":"Residential - multi-family","zone_class_normalized":"Mixed-Use","jurisdiction":"herriman_ut","source_rest_url":"https://services2.arcgis.com/XBmqwOHlPh25M7aJ/arcgis/rest/services/HerrimanCityZoning/FeatureServer/0","extraction_method":"arcgis_rest","confidence":"rest_api"}},{"type":"Feature","geometry":{"type":"Polygon","coordinates":[[[-112.02428839876,40.4853723973932],[-112.024263912014,40.4853537674478],[-112.023746077426,40.4849650382848],[-112.023357804467,40.4848297556013],[-112.022817871139,40.4846230345212],[-112.022149595887,40.4836885229657],[-112.022686429152,40.4834914196327],[-112.022752207297,40.4834478570979],[-112.0234100982,40.4830266530762],[-112.023932278849,40.482151729764],[-112.022113010665,40.4813738018523],[-112.022082529448,40.4810926893774],[-112.022221100215,40.4806882290117],[-112.024232584774,40.4806720329155],[-112.024262875508,40.4821574625635],[-112.024270911923,40.4834675571892],[-112.02428839876,40.4853723973932]]]},"properties":{"zone_code":"A-1-43","zone_description":"Agricultural - single family/animals allowed on 1 acre min.","zone_class_normalized":"Agriculture/Rural","jurisdiction":"herriman_ut","source_rest_url":"https://services2.arcgis.com/XBmqwOHlPh25M7aJ/arcgis/rest/services/HerrimanCityZoning/FeatureServer/0","extraction_method":"arcgis_rest","confidence":"rest_api"}},{"type":"Feature","geometry":{"type":"Polygon","coordinates":[[[-112.033011345989,40.4877107515263],[-112.031526613391,40.4877128612849],[-112.031546897988,40.4878848625619],[-112.031034813411,40.4878796668344],[-112.030854319953,40.4878336090442],[-112.030581224955,40.48779902069],[-112.030088893601,40.4878012495087],[-112.029133827327,40.4878130854051],[-112.028928328567,40.4879794153029],[-112.028713339936,40.4880201307265],[-112.027904171887,40.4882116704182],[-112.028333170371,40.4878310446226],[-112.028523856329,40.4868927704166],[-112.028558721166,40.4867212141253],[-112.029064916152,40.4854670320163],[-112.029758201697,40.4841763150838],[-112.030315916317,40.4836014561444],[-112.030825459245,40.4829208028627],[-112.031434721792,40.482773739055],[-112.031854440992,40.482485665804],[-112.032180240596,40.4821980177357],[-112.032271367742,40.4818398938794],[-112.032506088621,40.482087714462],[-112.032556845866,40.4823750759212],[-112.032325628374,40.4828053789465],[-112.032092904689,40.4829852051444],[-112.03214186766,40.483271150994],[-112.032285027236,40.4835925250494],[-112.032569118773,40.4839489433782],[-112.032850699662,40.4839833479894],[-112.032621710304,40.4846998093172],[-112.032528349827,40.4847717760232],[-112.032435716719,40.4848794235626],[-112.032624881669,40.4850931372183],[-112.033003355522,40.4855207196267],[-112.033238877195,40.4856985884509],[-112.033286899014,40.4858055971813],[-112.033240273003,40.4858773516581],[-112.03314736094,40.4859493158798],[-112.032871351328,40.4866301340353],[-112.032874700615,40.4870593701817],[-112.033011345989,40.4877107515263]]]},"properties":{"zone_code":"A-1-43","zone_description":"Agricultural - single family/animals allowed on 1 acre min.","zone_class_normalized":"Agriculture/Rural","jurisdiction":"herriman_ut","source_rest_url":"https://services2.arcgis.com/XBmqwOHlPh25M7aJ/arcgis/rest/services/HerrimanCityZoning/FeatureServer/0","extraction_method":"arcgis_rest","confidence":"rest_api"}},{"type":"Feature","geometry":{"type":"Polygon","coordinates":[[[-112.062620510129,40.5049104224671],[-112.06261268613,40.5042431760289],[-112.059050982428,40.5042836627579],[-112.059078416348,40.5024349020236],[-112.057918439667,40.5024287449369],[-112.057930152305,40.5006247229283],[-112.059085301136,40.5006259486489],[-112.059077836321,40.5023640680444],[-112.059669007934,40.5023656191046],[-112.059673998784,40.5017166953925],[-112.060277326057,40.5017126376632],[-112.06027755834,40.5016646018077],[-112.061465099065,40.5016713698039],[-112.061463891144,40.5017329389978],[-112.06225562961,40.5015979706832],[-112.062241000325,40.5005906545559],[-112.061484175079,40.500707026806],[-112.061447756652,40.5006348452192],[-112.06085359045,40.5006254103583],[-112.061214804457,40.4985540909096],[-112.062626775433,40.4985004407474],[-112.062633520165,40.4983832108762],[-112.062694014444,40.4983835120538],[-112.062690231313,40.4994527636664],[-112.063876768557,40.4994586238792],[-112.06387260923,40.5003183762993],[-112.065026376791,40.5003238918178],[-112.065025335932,40.5010081553627],[-112.065024842709,40.5011115040533],[-112.063840260849,40.5011082053988],[-112.063838538639,40.5014673941594],[-112.065023143207,40.5014675514937],[-112.065023982404,40.5012918162296],[-112.06503283028,40.5012826352763],[-112.067397318488,40.5012792073067],[-112.067398618001,40.501004713733],[-112.067398789054,40.5009871081667],[-112.069682125422,40.5009752759533],[-112.069682805771,40.5012928081898],[-112.069657299618,40.5013466244887],[-112.069657099063,40.5013225869084],[-112.06739708831,40.5013276034332],[-112.067332949545,40.5013277455952],[-112.067356968002,40.5021887509172],[-112.065783813204,40.5021885621637],[-112.065019705035,40.5021884631928],[-112.065019704825,40.5021890080505],[-112.063829930066,40.5021951841302],[-112.063829806803,40.5026964285329],[-112.065019580281,40.5026866186252],[-112.065019510927,40.5029612275998],[-112.06504120891,40.5031020904258],[-112.067371234841,40.5031085432279],[-112.067372140694,40.5031506801267],[-112.06735793159,40.5049537041828],[-112.065019065597,40.504955918381],[-112.065019066643,40.5049065751185],[-112.062635189404,40.5049062317916],[-112.062620510129,40.5049104224671]]]},"properties":{"zone_code":"A-1-43","zone_description":"Agricultural - single family/animals allowed on 1 acre min.","zone_class_normalized":"Agriculture/Rural","jurisdiction":"herriman_ut","source_rest_url":"https://services2.arcgis.com/XBmqwOHlPh25M7aJ/arcgis/rest/services/HerrimanCityZoning/FeatureServer/0","extraction_method":"arcgis_rest","confidence":"rest_api"}},{"type":"Feature","geometry":{"type":"Polygon","coordinates":[[[-112.062625418945,40.5076046857476],[-112.062626705782,40.5067069583018],[-112.065018657276,40.5067073063997],[-112.065012714209,40.5076050357604],[-112.062625418945,40.5076046857476]]]},"properties":{"zone_code":"A-1-10","zone_description":"Agricultural - single family on 10,000 sq. ft. min.","zone_class_normalized":"Agriculture/Rural","jurisdiction":"herriman_ut","source_rest_url":"https://services2.arcgis.com/XBmqwOHlPh25M7aJ/arcgis/rest/services/HerrimanCityZoning/FeatureServer/0","extraction_method":"arcgis_rest","confidence":"rest_api"}},{"type":"Feature","geometry":{"type":"Polygon","coordinates":[[[-112.025545580892,40.4880381050071],[-112.025094442183,40.4880380134329],[-112.025074152726,40.4880383124117],[-112.02448968936,40.4880469204402],[-112.024339502725,40.4880475927527],[-112.024299220365,40.4861497604125],[-112.024970268041,40.4861418387764],[-112.025122656893,40.4869562541261],[-112.025191477209,40.487151593893],[-112.025432545219,40.4876174816755],[-112.025545580892,40.4880381050071]]]},"properties":{"zone_code":"A-1-43","zone_description":"Agricultural - single family/animals allowed on 1 acre min.","zone_class_normalized":"Agriculture/Rural","jurisdiction":"herriman_ut","source_rest_url":"https://services2.arcgis.com/XBmqwOHlPh25M7aJ/arcgis/rest/services/HerrimanCityZoning/FeatureServer/0","extraction_method":"arcgis_rest","confidence":"rest_api"}},{"type":"Feature","geometry":{"type":"Polygon","coordinates":[[[-112.025658041605,40.5070093428229],[-112.02449767312,40.5070145540246],[-112.024341997269,40.5070292052911],[-112.024337368612,40.5036913945188],[-112.024443675567,40.5036871777308],[-112.024461531725,40.5005316455245],[-112.024444673534,40.500422829113],[-112.034070459478,40.5004496482977],[-112.040465842001,40.5004967469709],[-112.040467262785,40.501374490069],[-112.040468259452,40.5024377109524],[-112.040474303822,40.5062215290584],[-112.040475497793,40.5071737254917],[-112.040470991053,40.5078684468718],[-112.040470777494,40.5078684469562],[-112.038591366441,40.5078715858211],[-112.036891739695,40.5078725615183],[-112.036352750613,40.5078750297433],[-112.033989634381,40.5078694746051],[-112.033987020841,40.5079613309575],[-112.033950116731,40.5079615540545],[-112.028289730287,40.5079111006939],[-112.025651815115,40.507866993801],[-112.025658041605,40.5070093428229]]]},"properties":{"zone_code":"R-1-21","zone_description":"Residential - single family/limited animal uses on 1/2 acre min.","zone_class_normalized":"Industrial/Flex","jurisdiction":"herriman_ut","source_rest_url":"https://services2.arcgis.com/XBmqwOHlPh25M7aJ/arcgis/rest/services/HerrimanCityZoning/FeatureServer/0","extraction_method":"arcgis_rest","confidence":"rest_api"}},{"type":"Feature","geometry":{"type":"Polygon","coordinates":[[[-112.020738913109,40.5004990247917],[-112.020739752063,40.5004990435778],[-112.021514674349,40.5005160367543],[-112.021647357036,40.5005167411635],[-112.024006865542,40.5005292416659],[-112.0241395471,40.5005299432582],[-112.024461531725,40.5005316455245],[-112.02459427406,40.5005256684716],[-112.024576424046,40.5036812016058],[-112.024443675567,40.5036871777308],[-112.018444319824,40.5036867363492],[-112.019042559492,40.5015766249094],[-112.019699383847,40.5009605387775],[-112.019778967356,40.5004799349174],[-112.020571350568,40.5004953501879],[-112.020738913109,40.5004990247917]]]},"properties":{"zone_code":"A-1-43","zone_description":"Agricultural - single family/animals allowed on 1 acre min.","zone_class_normalized":"Agriculture/Rural","jurisdiction":"herriman_ut","source_rest_url":"https://services2.arcgis.com/XBmqwOHlPh25M7aJ/arcgis/rest/services/HerrimanCityZoning/FeatureServer/0","extraction_method":"arcgis_rest","confidence":"rest_api"}},{"type":"Feature","geometry":{"type":"Polygon","coordinates":[[[-112.020616697521,40.49679875752],[-112.020626536066,40.5000201720043],[-112.020627180216,40.5001046496709],[-112.020596099789,40.5001167493743],[-112.0205685458,40.5001274771168],[-112.020571350568,40.5004953501879],[-112.019778967356,40.5004799349174],[-112.019706013048,40.5004785158915],[-112.017256388398,40.5004607583206],[-112.017234814049,40.4967757520135],[-112.01964690083,40.496773696409],[-112.019647062862,40.4967949874094],[-112.020616697521,40.49679875752]]]},"properties":{"zone_code":"R-1-10","zone_description":"Residential - single family on 10,000 sq. ft. min.","zone_class_normalized":"Residential-Low","jurisdiction":"herriman_ut","source_rest_url":"https://services2.arcgis.com/XBmqwOHlPh25M7aJ/arcgis/rest/services/HerrimanCityZoning/FeatureServer/0","extraction_method":"arcgis_rest","confidence":"rest_api"}},{"type":"Feature","geometry":{"type":"Polygon","coordinates":[[[-112.017256388398,40.5004607583206],[-112.014871798702,40.5004733711038],[-112.014848870825,40.4967792218115],[-112.017234814049,40.4967757520135],[-112.017256388398,40.5004607583206]]]},"properties":{"zone_code":"R-1-15","zone_description":"Residential - single family on 15,000 sq. ft. min.","zone_class_normalized":"Residential-Low","jurisdiction":"herriman_ut","source_rest_url":"https://services2.arcgis.com/XBmqwOHlPh25M7aJ/arcgis/rest/services/HerrimanCityZoning/FeatureServer/0","extraction_method":"arcgis_rest","confidence":"rest_api"}},{"type":"Feature","geometry":{"type":"Polygon","coordinates":[[[-112.025658078999,40.5070141995134],[-112.025645634904,40.5078564270378],[-112.028146291456,40.5078751753886],[-112.028158969886,40.5086490929991],[-112.027062143623,40.5086447292081],[-112.027050313637,40.5101358952339],[-112.025452779833,40.5101430692859],[-112.025458752201,40.5109190013439],[-112.025463317471,40.5109239160754],[-112.024445070025,40.5109284773966],[-112.024438091445,40.5102209663458],[-112.024446561843,40.5098048412759],[-112.023269102446,40.5098270637793],[-112.022778084369,40.5095409502512],[-112.021644937184,40.5095459998589],[-112.021653634745,40.5079719415587],[-112.024342878242,40.5079739370251],[-112.024342447221,40.5078485333598],[-112.024341997269,40.5070292052911],[-112.024500072075,40.5070161247152],[-112.024519384972,40.5070145261865],[-112.025658078999,40.5070141995134]]]},"properties":{"zone_code":"C-2","zone_description":"Community Commercial","zone_class_normalized":"Commercial","jurisdiction":"herriman_ut","source_rest_url":"https://services2.arcgis.com/XBmqwOHlPh25M7aJ/arcgis/rest/services/HerrimanCityZoning/FeatureServer/0","extraction_method":"arcgis_rest","confidence":"rest_api"}},{"type":"Feature","geometry":{"type":"Polygon","coordinates":[[[-112.026840166366,40.5142413414808],[-112.02683632916,40.5141412147752],[-112.025837296628,40.5141457015919],[-112.025836467797,40.5140446904942],[-112.025841938586,40.5136830628433],[-112.025846062082,40.5134104746698],[-112.026153488354,40.5134037129508],[-112.026162139237,40.513674278716],[-112.026989494656,40.5136805838083],[-112.026996872279,40.5137857856047],[-112.027568011728,40.5137731933097],[-112.027567237189,40.5136729726662],[-112.027829825723,40.5136667794327],[-112.027827733444,40.5133961842208],[-112.028236345616,40.5133993314784],[-112.028236318433,40.5109123553244],[-112.028158969886,40.5086490929991],[-112.028146839984,40.5079087134211],[-112.028289730287,40.5079111006939],[-112.033989429771,40.5079652006045],[-112.033987311865,40.5086551822644],[-112.033987385017,40.5086551819311],[-112.033984938327,40.5090067159163],[-112.033995792695,40.5090126463422],[-112.034000113135,40.5108768882848],[-112.037150681136,40.5108624894947],[-112.037163007626,40.5124290388542],[-112.038261154152,40.512426547931],[-112.04054404681,40.5124102936643],[-112.040565069041,40.5124102795509],[-112.040556200639,40.5124734937701],[-112.042750282975,40.51248855294],[-112.042750885139,40.5125219933668],[-112.042773836811,40.5137696505724],[-112.042758194,40.5137713287621],[-112.042952072156,40.5145001236584],[-112.042717737186,40.5145969060425],[-112.041434060306,40.5147942384056],[-112.040592552818,40.5149198144916],[-112.040545995754,40.5147948336765],[-112.038834977368,40.5147954210003],[-112.039243689214,40.515912581072],[-112.038431170652,40.5160794781762],[-112.036494894175,40.516495472773],[-112.036539388109,40.5169120012406],[-112.035784898286,40.5169090668566],[-112.035692873859,40.5169785847358],[-112.035228900053,40.5169767771088],[-112.035226843659,40.5172833979961],[-112.035082975383,40.5172828373385],[-112.035077853229,40.5180461368461],[-112.034532052221,40.5180571316193],[-112.034532890052,40.518164122385],[-112.033029896822,40.518158705307],[-112.033017916357,40.5194654079418],[-112.032394309163,40.5194701227435],[-112.032386634975,40.5188027246716],[-112.029608681446,40.5188005769924],[-112.029606442501,40.5181150380218],[-112.027058497837,40.5181485638968],[-112.027071166777,40.5165867848821],[-112.027071739236,40.5165340775215],[-112.027633735561,40.5165285650943],[-112.027628835643,40.5158944923544],[-112.027048687218,40.5158978376615],[-112.027052442187,40.5151443860041],[-112.026840892704,40.515144418599],[-112.026840166366,40.5142413414808]]]},"properties":{"zone_code":"A-1-10","zone_description":"Agricultural - single family on 10,000 sq. ft. min.","zone_class_normalized":"Agriculture/Rural","jurisdiction":"herriman_ut","source_rest_url":"https://services2.arcgis.com/XBmqwOHlPh25M7aJ/arcgis/rest/services/HerrimanCityZoning/FeatureServer/0","extraction_method":"arcgis_rest","confidence":"rest_api"}},{"type":"Feature","geometry":{"type":"Polygon","coordinates":[[[-112.034755547978,40.5199914530029],[-112.03537423489,40.519936130937],[-112.036347699258,40.5198458998032],[-112.036755241759,40.5197338425013],[-112.036926594213,40.5197242580507],[-112.037125464432,40.5213664481805],[-112.039571813648,40.5213178690893],[-112.039491337101,40.5210418996835],[-112.041181267828,40.5206382707318],[-112.041199612359,40.5224004683812],[-112.043589117481,40.5223990586155],[-112.043587775108,40.5253388032076],[-112.035018504942,40.5253529270762],[-112.03501055334,40.5243343127637],[-112.032978334241,40.5243464764328],[-112.0329936613,40.5243087093545],[-112.029397837655,40.524275568043],[-112.029404675698,40.5251571597208],[-112.025940852441,40.5254446561337],[-112.025814915698,40.5231134527838],[-112.028294638012,40.5226408917255],[-112.030310705651,40.5222527717272],[-112.030314802604,40.5227800791438],[-112.031112809786,40.5226528737547],[-112.03111819522,40.5233449652496],[-112.032964475494,40.523336584593],[-112.032952855109,40.5224230209135],[-112.034929595071,40.5224140159056],[-112.034755547978,40.5199914530029]]]},"properties":{"zone_code":"A-1-10","zone_description":"Agricultural - single family on 10,000 sq. ft. min.","zone_class_normalized":"Agriculture/Rural","jurisdiction":"herriman_ut","source_rest_url":"https://services2.arcgis.com/XBmqwOHlPh25M7aJ/arcgis/rest/services/HerrimanCityZoning/FeatureServer/0","extraction_method":"arcgis_rest","confidence":"rest_api"}},{"type":"Feature","geometry":{"type":"Polygon","coordinates":[[[-112.043822259364,40.5072017740131],[-112.043792881242,40.5072018860331],[-112.043792832869,40.5072018862575],[-112.043702546746,40.5072019692857],[-112.043649681187,40.5072005061481],[-112.043649393236,40.5072004984782],[-112.043643187741,40.5065505639023],[-112.043651291757,40.505833519473],[-112.04360434366,40.4998936607077],[-112.043603863067,40.4998615992627],[-112.043596828825,40.4990779409198],[-112.045654198527,40.4985277825725],[-112.045654170316,40.4985372433988],[-112.047413636592,40.4980696966201],[-112.050917597666,40.4971420432966],[-112.051095367225,40.4970936047557],[-112.05135770186,40.4970246308157],[-112.051335887757,40.4981608480435],[-112.053081346264,40.4981526215913],[-112.053054305776,40.4964823203196],[-112.055682154961,40.4948982356676],[-112.05568200746,40.494881415118],[-112.056949106332,40.4941156871884],[-112.057651642017,40.4935845966254],[-112.058277115931,40.4931649732079],[-112.058437583982,40.4930848482372],[-112.058965533851,40.4928164720417],[-112.060404780193,40.4921270939391],[-112.061652419608,40.4915259128767],[-112.062683406888,40.4912037190793],[-112.062685166662,40.4912031225397],[-112.062685058201,40.4911352741659],[-112.067206496076,40.4895425268684],[-112.067244623086,40.4896046705781],[-112.067377621653,40.4895571064697],[-112.067377950136,40.489665924562],[-112.067384086967,40.4916966084971],[-112.067388639921,40.4944702189876],[-112.067380634345,40.495336622144],[-112.067380497055,40.4953200996446],[-112.06262169179,40.4953430487533],[-112.062614342465,40.4972416840811],[-112.062649706888,40.497241860085],[-112.062647979834,40.4983668569564],[-112.06262361271,40.4983667353118],[-112.062616867962,40.4984839651832],[-112.061204897319,40.4985376152262],[-112.06085359045,40.5006254103583],[-112.061447756652,40.5006348452192],[-112.061483635668,40.5007087170964],[-112.062241000325,40.5005906545559],[-112.06225813187,40.5016002551797],[-112.061463891144,40.5017329389978],[-112.061465099065,40.5016713698039],[-112.06027755834,40.5016646018077],[-112.060277326057,40.5017126376632],[-112.059682005592,40.5017157826751],[-112.059678174694,40.502366449792],[-112.0590811382,40.5023693531581],[-112.059102078281,40.5006191366853],[-112.057946928392,40.5006179120361],[-112.057935327383,40.5024353955283],[-112.059081689368,40.5024366623686],[-112.059041269748,40.5042445767212],[-112.05741918825,40.5042378958351],[-112.057421976112,40.5038756073136],[-112.056235291189,40.5038704664964],[-112.056232621673,40.5042170634464],[-112.055162091036,40.5041953739502],[-112.053165063214,40.5041901614549],[-112.053090416781,40.5063817512954],[-112.052849027814,40.5063794141359],[-112.052074406418,40.5063782399477],[-112.051676717237,40.5063753398058],[-112.051676719701,40.5063738925502],[-112.051565769284,40.5063744148456],[-112.051548678807,40.5063260598966],[-112.051545937869,40.5063082285584],[-112.051542362555,40.5063081886497],[-112.051541083835,40.5063045689034],[-112.051008758804,40.5063021632323],[-112.049934534294,40.5062900263679],[-112.049953930348,40.5069066935011],[-112.049953960644,40.5069085503696],[-112.045393778922,40.5069295032416],[-112.045142895168,40.5069298304091],[-112.045145061343,40.5072011103914],[-112.043822259364,40.5072017740131]]]},"properties":{"zone_code":"A-1-10","zone_description":"Agricultural - single family on 10,000 sq. ft. min.","zone_class_normalized":"Agriculture/Rural","jurisdiction":"herriman_ut","source_rest_url":"https://services2.arcgis.com/XBmqwOHlPh25M7aJ/arcgis/rest/services/HerrimanCityZoning/FeatureServer/0","extraction_method":"arcgis_rest","confidence":"rest_api"}},{"type":"Feature","geometry":{"type":"Polygon","coordinates":[[[-112.049892730604,40.5106005182784],[-112.049888684946,40.5091545949262],[-112.051584738448,40.5091611314943],[-112.052767048844,40.5091572643543],[-112.052770505514,40.5102802900282],[-112.052341139852,40.5103837520746],[-112.052714531413,40.5112795632637],[-112.051893726584,40.5114992165142],[-112.051726897089,40.511499169926],[-112.051351904546,40.5106013396359],[-112.049892730604,40.5106005182784]]]},"properties":{"zone_code":"A-1-10","zone_description":"Agricultural - single family on 10,000 sq. ft. min.","zone_class_normalized":"Agriculture/Rural","jurisdiction":"herriman_ut","source_rest_url":"https://services2.arcgis.com/XBmqwOHlPh25M7aJ/arcgis/rest/services/HerrimanCityZoning/FeatureServer/0","extraction_method":"arcgis_rest","confidence":"rest_api"}},{"type":"Feature","geometry":{"type":"Polygon","coordinates":[[[-112.053033103978,40.4964950998173],[-112.053089728952,40.4964609676033],[-112.053081346264,40.4981526215913],[-112.051335887757,40.4981608480435],[-112.05135770186,40.4970246308157],[-112.052235038474,40.4967936698221],[-112.052562503594,40.4966689079707],[-112.053033103978,40.4964950998173]]]},"properties":{"zone_code":"A-1-43","zone_description":"Agricultural - single family/animals allowed on 1 acre min.","zone_class_normalized":"Agriculture/Rural","jurisdiction":"herriman_ut","source_rest_url":"https://services2.arcgis.com/XBmqwOHlPh25M7aJ/arcgis/rest/services/HerrimanCityZoning/FeatureServer/0","extraction_method":"arcgis_rest","confidence":"rest_api"}},{"type":"Feature","geometry":{"type":"Polygon","coordinates":[[[-112.045871685848,40.4876938950429],[-112.044692281278,40.4876950033978],[-112.044734935144,40.4894763383385],[-112.044692300224,40.4894768797037],[-112.04469232135,40.4894795282486],[-112.041118181922,40.4895018438179],[-112.041115388502,40.4891493134678],[-112.038720498423,40.487985208176],[-112.03873219999,40.4866673858797],[-112.038730001858,40.4857480395863],[-112.038779198444,40.4858632171891],[-112.043516882644,40.4858887710892],[-112.045865519693,40.485891422453],[-112.045871685848,40.4876938950429]]]},"properties":{"zone_code":"FR-2.5","zone_description":"Forestry Recreation - 2 1/2 acre min.","zone_class_normalized":"Residential-Medium","jurisdiction":"herriman_ut","source_rest_url":"https://services2.arcgis.com/XBmqwOHlPh25M7aJ/arcgis/rest/services/HerrimanCityZoning/FeatureServer/0","extraction_method":"arcgis_rest","confidence":"rest_api"}},{"type":"Feature","geometry":{"type":"Polygon","coordinates":[[[-112.056769199553,40.4930715591995],[-112.057414123742,40.4921172318421],[-112.058013798452,40.4914718762199],[-112.060258985244,40.4914611606837],[-112.060782647067,40.4919387874534],[-112.058918952203,40.4928405023411],[-112.058442748812,40.4930808556086],[-112.058359948055,40.4931248983683],[-112.058243086048,40.4930986383278],[-112.056769199553,40.4930715591995]]]},"properties":{"zone_code":"FR-5","zone_description":"Forestry Recreation - 5 acre min.","zone_class_normalized":"Other/Unknown","jurisdiction":"herriman_ut","source_rest_url":"https://services2.arcgis.com/XBmqwOHlPh25M7aJ/arcgis/rest/services/HerrimanCityZoning/FeatureServer/0","extraction_method":"arcgis_rest","confidence":"rest_api"}},{"type":"Feature","geometry":{"type":"Polygon","coordinates":[[[-112.033002911887,40.5207739113264],[-112.033002229019,40.5203074366696],[-112.032909251786,40.5203181377942],[-112.029666484766,40.5204858450764],[-112.029560999924,40.5189088253361],[-112.025725796988,40.518906154299],[-112.025827086893,40.5173833041628],[-112.024433741684,40.5173910773425],[-112.024434538635,40.5159176860913],[-112.024434742417,40.5158208734591],[-112.025145955456,40.5158220754895],[-112.025628694462,40.5158196655373],[-112.02562868214,40.5158188316531],[-112.026346965845,40.5158171110174],[-112.026347338958,40.5159117173487],[-112.02635264935,40.5172601526191],[-112.026543367825,40.5172597894498],[-112.026540585145,40.5165543767455],[-112.027046900511,40.516550728422],[-112.02704694493,40.5165343205107],[-112.027071739236,40.5165340775215],[-112.027071166777,40.5165867848821],[-112.027058497837,40.5181485638968],[-112.029606442501,40.5181150380218],[-112.029608681446,40.5188005769924],[-112.032389082472,40.5188028774598],[-112.032394294497,40.5194682423954],[-112.033017916357,40.5194654079418],[-112.033003812063,40.5201211648932],[-112.034686651309,40.5199991304866],[-112.034691731752,40.5200609106293],[-112.034686591205,40.5199974835969],[-112.034747059055,40.5199921473576],[-112.034751934602,40.520052772086],[-112.034810794919,40.520784663729],[-112.033121044692,40.5207899105219],[-112.033002911887,40.5207739113264]]]},"properties":{"zone_code":"A-1-21","zone_description":"Agricultural - single family/limited animal uses on 1/2 acre min.","zone_class_normalized":"Agriculture/Rural","jurisdiction":"herriman_ut","source_rest_url":"https://services2.arcgis.com/XBmqwOHlPh25M7aJ/arcgis/rest/services/HerrimanCityZoning/FeatureServer/0","extraction_method":"arcgis_rest","confidence":"rest_api"}},{"type":"Feature","geometry":{"type":"Polygon","coordinates":[[[-112.025458752201,40.5109190013439],[-112.025452779833,40.5101430692859],[-112.027050313637,40.5101358952339],[-112.027063247656,40.5086422377269],[-112.028156463952,40.5086466763158],[-112.028341212953,40.5109109764681],[-112.02588370955,40.5109220303148],[-112.025458752201,40.5109190013439]]]},"properties":{"zone_code":"A-1-10","zone_description":"Agricultural - single family on 10,000 sq. ft. min.","zone_class_normalized":"Agriculture/Rural","jurisdiction":"herriman_ut","source_rest_url":"https://services2.arcgis.com/XBmqwOHlPh25M7aJ/arcgis/rest/services/HerrimanCityZoning/FeatureServer/0","extraction_method":"arcgis_rest","confidence":"rest_api"}},{"type":"Feature","geometry":{"type":"Polygon","coordinates":[[[-112.024180955717,40.4929278365148],[-112.024264233593,40.4930600487869],[-112.024389777571,40.4930394947201],[-112.025648867818,40.4927656177601],[-112.025659626318,40.4927644284409],[-112.025672538907,40.4944417917429],[-112.026257275498,40.4944255767731],[-112.026265454524,40.4961226426752],[-112.024611505178,40.4961265352519],[-112.024586701588,40.4951618313596],[-112.024511590072,40.4951621991684],[-112.022368272051,40.4951408225454],[-112.022348919687,40.4933610958084],[-112.022413901642,40.4931576086257],[-112.022442164644,40.4931089011605],[-112.022512411556,40.4929878385558],[-112.022633359993,40.4928518340901],[-112.022732517019,40.4927667263187],[-112.02372769255,40.4921933896087],[-112.023851061511,40.4923518814223],[-112.023932651499,40.4924816753091],[-112.02399221645,40.492568969719],[-112.024067787487,40.4927224552371],[-112.024127516296,40.4928310478006],[-112.024180955717,40.4929278365148]]]},"properties":{"zone_code":"C-2","zone_description":"Community Commercial","zone_class_normalized":"Commercial","jurisdiction":"herriman_ut","source_rest_url":"https://services2.arcgis.com/XBmqwOHlPh25M7aJ/arcgis/rest/services/HerrimanCityZoning/FeatureServer/0","extraction_method":"arcgis_rest","confidence":"rest_api"}},{"type":"Feature","geometry":{"type":"Polygon","coordinates":[[[-112.024445070025,40.5109284773966],[-112.02588370955,40.5109220303148],[-112.025836467797,40.5140446904942],[-112.025837296628,40.5141457015919],[-112.024933068296,40.5142986802113],[-112.024437419744,40.5144394188359],[-112.024435719852,40.5140498107881],[-112.024445070025,40.5109284773966]]]},"properties":{"zone_code":"C-2","zone_description":"Community Commercial","zone_class_normalized":"Commercial","jurisdiction":"herriman_ut","source_rest_url":"https://services2.arcgis.com/XBmqwOHlPh25M7aJ/arcgis/rest/services/HerrimanCityZoning/FeatureServer/0","extraction_method":"arcgis_rest","confidence":"rest_api"}},{"type":"Feature","geometry":{"type":"Polygon","coordinates":[[[-112.046974235117,40.5085208572472],[-112.046942322803,40.5078733521162],[-112.046935899358,40.5078733379683],[-112.044231189802,40.5078674362051],[-112.043707204933,40.5078662851402],[-112.043707046012,40.5078675160787],[-112.043678070542,40.5078662212854],[-112.04365633184,40.507866173545],[-112.043605124931,40.5078629618566],[-112.04355391802,40.5078597492453],[-112.043530361277,40.5072036407389],[-112.043590021233,40.5072020734587],[-112.043649681187,40.5072005061481],[-112.043649696767,40.5072020181608],[-112.043792881242,40.5072018860331],[-112.043792741198,40.5072029682875],[-112.045147531288,40.5072029406007],[-112.045145375531,40.506932966421],[-112.049954018623,40.5069122325982],[-112.049944242181,40.5062973449103],[-112.051541083835,40.5063045689034],[-112.051565769284,40.5063744148456],[-112.051676719701,40.5063738925502],[-112.051676713363,40.5063776345208],[-112.051675352793,40.5071533743921],[-112.051674068373,40.507885392885],[-112.051674068693,40.5078854325094],[-112.051666950097,40.5078853948757],[-112.049973879196,40.5078765167276],[-112.048889564363,40.5078708180021],[-112.04889426121,40.5091532447104],[-112.048299160005,40.5091537251514],[-112.048280127433,40.5085216223846],[-112.046974235117,40.5085208572472]]]},"properties":{"zone_code":"A-1-21","zone_description":"Agricultural - single family/limited animal uses on 1/2 acre min.","zone_class_normalized":"Agriculture/Rural","jurisdiction":"herriman_ut","source_rest_url":"https://services2.arcgis.com/XBmqwOHlPh25M7aJ/arcgis/rest/services/HerrimanCityZoning/FeatureServer/0","extraction_method":"arcgis_rest","confidence":"rest_api"}},{"type":"Feature","geometry":{"type":"Polygon","coordinates":[[[-112.041653509968,40.5090562112205],[-112.041649449602,40.5078637801574],[-112.04355391802,40.5078597492453],[-112.043542168146,40.5078672425904],[-112.043551026988,40.5090586050013],[-112.041653509968,40.5090562112205]]]},"properties":{"zone_code":"C-2","zone_description":"Community Commercial","zone_class_normalized":"Commercial","jurisdiction":"herriman_ut","source_rest_url":"https://services2.arcgis.com/XBmqwOHlPh25M7aJ/arcgis/rest/services/HerrimanCityZoning/FeatureServer/0","extraction_method":"arcgis_rest","confidence":"rest_api"}},{"type":"Feature","geometry":{"type":"Polygon","coordinates":[[[-112.014947015172,40.5219499897054],[-112.014912579552,40.5224303346373],[-112.014914962101,40.5224332861771],[-112.014715855152,40.5244532487956],[-112.013229278633,40.5245695857895],[-112.013228804655,40.5245641528714],[-112.013107110061,40.5224213737308],[-112.012605642586,40.5224212561577],[-112.012608612956,40.5211635096404],[-112.013629893727,40.5205609632696],[-112.014909664096,40.519812922894],[-112.014925964014,40.5206032745524],[-112.014935702651,40.5219500204938],[-112.014947015172,40.5219499897054]]]},"properties":{"zone_code":"C-2","zone_description":"Community Commercial","zone_class_normalized":"Commercial","jurisdiction":"herriman_ut","source_rest_url":"https://services2.arcgis.com/XBmqwOHlPh25M7aJ/arcgis/rest/services/HerrimanCityZoning/FeatureServer/0","extraction_method":"arcgis_rest","confidence":"rest_api"}},{"type":"Feature","geometry":{"type":"Polygon","coordinates":[[[-112.017668766185,40.5224290846543],[-112.017669362366,40.5224274006385],[-112.017679430856,40.5219353315173],[-112.017607080113,40.5219365309182],[-112.017598071215,40.5215594843076],[-112.017590891614,40.5206126908894],[-112.014925964014,40.5206032745523],[-112.014909664096,40.5198129228938],[-112.021437800292,40.5175242394891],[-112.021540296608,40.517497381969],[-112.021804785045,40.5174280774815],[-112.021856084084,40.5174200095082],[-112.021978757857,40.5174007167018],[-112.023785805701,40.5173986344841],[-112.02382447914,40.5224382232991],[-112.023824787383,40.5224783877991],[-112.023823971635,40.5224783527199],[-112.023803893747,40.5240658118454],[-112.023791232621,40.5250667580571],[-112.023809124187,40.5254175176639],[-112.023208749968,40.5253949873861],[-112.022248127876,40.5253397025866],[-112.022065131285,40.5253155348238],[-112.021883881971,40.5252846361729],[-112.021704804228,40.5252470795016],[-112.021528320102,40.5252029520992],[-112.021354841141,40.5251523584152],[-112.021184775453,40.525095416425],[-112.021018521818,40.5250322594576],[-112.020856468505,40.5249630362003],[-112.020698995616,40.5248879079864],[-112.020468392087,40.5247779853236],[-112.020242785042,40.5246621835624],[-112.020022429258,40.5245406348863],[-112.019807577209,40.5244134795957],[-112.019598475482,40.5242808607196],[-112.019395360105,40.5241429303406],[-112.019198463592,40.5239998450605],[-112.019008010247,40.5238517687226],[-112.018824217326,40.5236988706054],[-112.018691462065,40.523563313954],[-112.018552608523,40.5234313630304],[-112.018407825501,40.5233031764695],[-112.018257287682,40.5231789110791],[-112.018101177943,40.5230587155254],[-112.017968908379,40.5229774761532],[-112.017831354376,40.5229015193629],[-112.017688878554,40.5228310443639],[-112.017668766185,40.5224290846543]]]},"properties":{"zone_code":"R-1-21","zone_description":"Residential - single family/limited animal uses on 1/2 acre min.","zone_class_normalized":"Industrial/Flex","jurisdiction":"herriman_ut","source_rest_url":"https://services2.arcgis.com/XBmqwOHlPh25M7aJ/arcgis/rest/services/HerrimanCityZoning/FeatureServer/0","extraction_method":"arcgis_rest","confidence":"rest_api"}},{"type":"Feature","geometry":{"type":"Polygon","coordinates":[[[-112.024437581166,40.514476404157],[-112.023648704003,40.5146655256033],[-112.023182526748,40.5148693787229],[-112.02267603069,40.5151199726095],[-112.021638897504,40.5151245934873],[-112.02166116556,40.510215812921],[-112.02167813563,40.5095288931663],[-112.022766974632,40.5095409998124],[-112.023269102446,40.5098270637793],[-112.024435452065,40.5098048909952],[-112.024438091445,40.5102209663458],[-112.024445070025,40.5109284773966],[-112.024438419685,40.5140786867118],[-112.024437581166,40.514476404157]]]},"properties":{"zone_code":"R-2-10","zone_description":"Residential - single family or dwelling group on 10,000 sq. ft. min.","zone_class_normalized":"Industrial/Flex","jurisdiction":"herriman_ut","source_rest_url":"https://services2.arcgis.com/XBmqwOHlPh25M7aJ/arcgis/rest/services/HerrimanCityZoning/FeatureServer/0","extraction_method":"arcgis_rest","confidence":"rest_api"}},{"type":"Feature","geometry":{"type":"Polygon","coordinates":[[[-111.998369582226,40.5224423288138],[-111.998876774997,40.5224501387466],[-112.000502428898,40.5241158726074],[-112.004890847809,40.5240947460947],[-112.005492964702,40.5264297817155],[-112.005500402383,40.526458623965],[-112.005514144644,40.5283140109131],[-112.005548038819,40.5296788565284],[-112.005309183832,40.5296796675696],[-111.999939725969,40.5296485067605],[-111.999094841257,40.5296447313602],[-111.999092585062,40.5231653025159],[-111.998369582226,40.5224423288138]]]},"properties":{"zone_code":"R-2-10","zone_description":"Residential - single family or dwelling group on 10,000 sq. ft. min.","zone_class_normalized":"Industrial/Flex","jurisdiction":"herriman_ut","source_rest_url":"https://services2.arcgis.com/XBmqwOHlPh25M7aJ/arcgis/rest/services/HerrimanCityZoning/FeatureServer/0","extraction_method":"arcgis_rest","confidence":"rest_api"}},{"type":"Feature","geometry":{"type":"Polygon","coordinates":[[[-112.024444245574,40.4984365893153],[-112.024434686634,40.4967871623914],[-112.020616049678,40.4967982686773],[-112.019646415026,40.4967944985612],[-112.019646252994,40.4967732075609],[-112.019625513983,40.4931127631188],[-112.005173124461,40.4931384807271],[-112.005175381856,40.4885802990972],[-112.005187757196,40.4885899504961],[-112.005187437384,40.4885817979273],[-112.005308086994,40.4886532095598],[-112.005494488719,40.4887502455595],[-112.005596894607,40.4888057123038],[-112.005715020248,40.4888651052191],[-112.00582329122,40.488913399359],[-112.005825319854,40.4889106636115],[-112.005844857786,40.4889193789203],[-112.006075718492,40.4890162229132],[-112.0064508455,40.4891703481329],[-112.006688072477,40.489236138952],[-112.00700380729,40.4893237026506],[-112.007257763613,40.4893605406782],[-112.007545717859,40.4893972317681],[-112.007914054639,40.4894173243194],[-112.007901240526,40.4895423980506],[-112.007901764328,40.4898131330843],[-112.007902527339,40.4899567982592],[-112.00790395335,40.490225288671],[-112.007905923321,40.4905962530515],[-112.009321132435,40.4905909023936],[-112.009360895763,40.4905908132706],[-112.009878134373,40.4905889180892],[-112.010266483819,40.4905874929226],[-112.010265779424,40.4905457932565],[-112.010265270234,40.4905156941438],[-112.010264957046,40.4904971442481],[-112.010264212934,40.4904531284352],[-112.010263626654,40.4904183952194],[-112.010262884544,40.4903744892685],[-112.010262569235,40.4903558132984],[-112.010262294594,40.4903395804526],[-112.010261355659,40.4902840145134],[-112.010251443256,40.4902400809573],[-112.010239265467,40.4901960672072],[-112.010235453898,40.4901822876633],[-112.010231638732,40.4901685000296],[-112.010222661494,40.4901360539303],[-112.010214421378,40.4901062748705],[-112.010208765903,40.4900858335829],[-112.010196465724,40.4900413772686],[-112.010182189474,40.4899897770684],[-112.010165608659,40.4899298501351],[-112.010154273541,40.4898888821014],[-112.01014020209,40.4898424242741],[-112.010125042031,40.4897937719426],[-112.01011017809,40.4897460702431],[-112.010102879685,40.4897226497433],[-112.010097773562,40.4897062614151],[-112.010088913723,40.4896778296222],[-112.010076136984,40.4896368255268],[-112.010058080153,40.4895788781918],[-112.010044284647,40.4895346039795],[-112.010032021605,40.4894952502246],[-112.009997091241,40.4893831472706],[-112.010238599022,40.4893435674826],[-112.010378245968,40.4893219637074],[-112.010502993693,40.4893027257014],[-112.010642531745,40.4892842489357],[-112.010739518859,40.489271406995],[-112.010872927928,40.4892537419896],[-112.010981027257,40.4892394275553],[-112.011156217518,40.4892162304702],[-112.011237708148,40.4892094896884],[-112.01133155373,40.4892021437626],[-112.011408309138,40.4891961358972],[-112.011564283756,40.4891839264368],[-112.011664695599,40.489176066152],[-112.011686829334,40.4891745393403],[-112.011794956159,40.4891670802313],[-112.011823233428,40.4891651293937],[-112.012121009756,40.4891515511891],[-112.012161118628,40.4891503059444],[-112.012504444391,40.4891396418641],[-112.012557065044,40.489139358514],[-112.012724055277,40.4891384575642],[-112.012881802808,40.4891376067476],[-112.01300879318,40.4891430387449],[-112.013300510987,40.4891555156526],[-112.0133274478,40.4891572744556],[-112.013488270946,40.4891677775054],[-112.013606217077,40.4891754801619],[-112.013677429205,40.4891815098954],[-112.014087593524,40.4892162404674],[-112.014195387866,40.4892306010199],[-112.014610208731,40.489285866215],[-112.014630976582,40.4892892026347],[-112.015010652411,40.4893501900522],[-112.015067665196,40.4893593478754],[-112.015212927106,40.4893826801515],[-112.015271838191,40.4892571245286],[-112.015430184378,40.4892878883002],[-112.015487619941,40.4890303691375],[-112.015488311335,40.4890272662606],[-112.015531620462,40.488833082044],[-112.015777904539,40.4887037817084],[-112.016256356991,40.4886955132829],[-112.016256411249,40.4886955130437],[-112.016312848092,40.4886945375455],[-112.016579301584,40.4884992503462],[-112.016758784235,40.4876151586062],[-112.016885017524,40.4870349817392],[-112.017062205893,40.4865969885229],[-112.017180699218,40.485653406742],[-112.017216977476,40.485313917763],[-112.017088299193,40.4849718824371],[-112.01699523245,40.4849028656312],[-112.016439710041,40.4851486552451],[-112.015987494804,40.4853226098384],[-112.016075029047,40.4854484170426],[-112.016149910134,40.4855840882799],[-112.015069324287,40.4855298998292],[-112.014528345207,40.4853786884089],[-112.014089762239,40.4852561890458],[-112.013517459957,40.4851148386188],[-112.011681029733,40.484757368282],[-112.011189910291,40.4845708050624],[-112.010967856005,40.4845101877558],[-112.010468362452,40.4853452223184],[-112.010171351093,40.4858215397445],[-112.00996062755,40.4862272129465],[-112.009123742538,40.4860165978511],[-112.007772071726,40.4857433738983],[-112.006337336877,40.4856422416814],[-112.005170362574,40.4856686167624],[-112.005129496154,40.4785399027245],[-112.005078530474,40.476483847623],[-112.005254125635,40.4764710808591],[-112.00586313452,40.4764325950129],[-112.006285308307,40.4764666281057],[-112.006661019453,40.4765365458393],[-112.00703575098,40.4765349242603],[-112.007362158118,40.476318884655],[-112.00745526716,40.4762110817506],[-112.007595107038,40.4761032491722],[-112.007643164317,40.4762818098942],[-112.007783799996,40.4762812002791],[-112.007971081725,40.4762088458424],[-112.00904899017,40.4762041660844],[-112.009419757273,40.476373950841],[-112.010395807625,40.4768240257112],[-112.010822322226,40.4770312989069],[-112.011173021067,40.4772028452296],[-112.011885327283,40.4777405956196],[-112.012194765216,40.4787055817327],[-112.01247138787,40.4790721574002],[-112.012472902903,40.4792740730053],[-112.012965761237,40.4795098940518],[-112.013386065659,40.4788878655943],[-112.013582266787,40.4786057570463],[-112.01348219246,40.4778562013203],[-112.013622109063,40.4776248203562],[-112.013836541442,40.4772560940164],[-112.014610518925,40.4772022159262],[-112.014637322117,40.4764349288901],[-112.016078950502,40.4757380199656],[-112.016260888468,40.4756516940128],[-112.018905082427,40.4756544323117],[-112.020185617258,40.4751583704567],[-112.020608853317,40.4749329332186],[-112.021213098755,40.4749158228011],[-112.021225953046,40.4753628782331],[-112.020659968606,40.4756371792183],[-112.020360427993,40.4757922051666],[-112.020163549007,40.475980578317],[-112.020798883353,40.4763239071278],[-112.021059388232,40.475810731908],[-112.021735606584,40.4753245519299],[-112.022060051986,40.4745298412881],[-112.023545808923,40.4749414760402],[-112.02393730487,40.476735388678],[-112.024182776333,40.4767270784074],[-112.024224032227,40.4785331694003],[-112.024231826356,40.4806571215654],[-112.022211063179,40.4806949939938],[-112.022082776156,40.4810823791764],[-112.022105885256,40.4813840787702],[-112.022538886353,40.481573332385],[-112.023164177148,40.4818301546705],[-112.023912798268,40.4821585371267],[-112.023679958974,40.4825850557442],[-112.02340961627,40.4830477984652],[-112.022751559565,40.4834473682645],[-112.022148948157,40.483688034129],[-112.022511692446,40.4841912198661],[-112.022807779555,40.4846225878369],[-112.023726430116,40.4849502114066],[-112.024277418126,40.4853660127025],[-112.02428839876,40.4853723973932],[-112.024299220365,40.4861497604125],[-112.024338854939,40.4880471039289],[-112.024489041573,40.4880464316172],[-112.025073504935,40.4880378235919],[-112.025093794391,40.4880375246133],[-112.025545580892,40.4880381050071],[-112.02561882594,40.4883107215119],[-112.026792108454,40.4883054612869],[-112.027170993119,40.4883605572482],[-112.027482278886,40.4884058220191],[-112.027824935094,40.4884074091058],[-112.027826310021,40.4882350557049],[-112.02890804595,40.4879865332989],[-112.029142909494,40.4877975163694],[-112.0299602391,40.4878013398721],[-112.030777685667,40.4878201943347],[-112.031024260616,40.4878717039007],[-112.031231157526,40.4878858030566],[-112.031546250151,40.4878843737779],[-112.031525965557,40.4877123725008],[-112.033010698143,40.4877102627503],[-112.033982582363,40.4877108881502],[-112.034004905505,40.4886989596956],[-112.034019298785,40.4894559156706],[-112.034020145916,40.4895004388815],[-112.034045457393,40.4913404773872],[-112.034051337659,40.491767925277],[-112.034053123704,40.4917818159605],[-112.034039326191,40.4931004675502],[-112.036285141314,40.4930911319652],[-112.03633796136,40.4968247476693],[-112.033790281042,40.4968073897881],[-112.033761692864,40.4986529895277],[-112.034069811504,40.50044915953],[-112.02444402563,40.500422340292],[-112.024444245574,40.4984365893153]],[[-112.026264806647,40.4961221538635],[-112.026256627638,40.4944250879611],[-112.025671891051,40.4944413029277],[-112.025658978478,40.4927639396253],[-112.025640561258,40.4927659747387],[-112.025648867818,40.4927656177601],[-112.024386433734,40.4930377067052],[-112.024389777571,40.4930394947201],[-112.024341349602,40.4930474232266],[-112.024264233593,40.4930600487869],[-112.024202566904,40.4929621468728],[-112.024180955717,40.4929278365148],[-112.024183793764,40.4929293539197],[-112.024182506034,40.4929271046032],[-112.024180307886,40.492927347691],[-112.024126868466,40.4928305589765],[-112.024067139659,40.4927219664126],[-112.023991568623,40.4925684808941],[-112.023932003674,40.4924811864838],[-112.023850413687,40.4923513925965],[-112.023727044729,40.4921929007822],[-112.0227318692,40.4927662374868],[-112.022632712173,40.4928513452578],[-112.022511763736,40.4929873497229],[-112.022441516824,40.4931084123271],[-112.022413253821,40.4931571197921],[-112.022348271865,40.4933606069746],[-112.022367624211,40.495140333712],[-112.024510942217,40.4951617103468],[-112.024586053732,40.4951613425385],[-112.024610857314,40.4961260464311],[-112.026264806647,40.4961221538635]]]},"properties":{"zone_code":"R-1-15","zone_description":"Residential - single family on 15,000 sq. ft. min.","zone_class_normalized":"Residential-Low","jurisdiction":"herriman_ut","source_rest_url":"https://services2.arcgis.com/XBmqwOHlPh25M7aJ/arcgis/rest/services/HerrimanCityZoning/FeatureServer/0","extraction_method":"arcgis_rest","confidence":"rest_api"}},{"type":"Feature","geometry":{"type":"Polygon","coordinates":[[[-112.021700889047,40.5094757618523],[-112.021700469998,40.5094927226254],[-112.021667690632,40.5094928685516],[-112.021689572211,40.5099338476937],[-112.021683919219,40.5101626816242],[-112.02168003401,40.5110192175034],[-112.021661652816,40.5150714622939],[-112.022698785194,40.5150668412146],[-112.023205280774,40.5148162472246],[-112.023671457598,40.5146123940104],[-112.024460334084,40.5144232724071],[-112.024273356107,40.5152978923211],[-112.024112997322,40.5155284049454],[-112.023883833431,40.515847606279],[-112.023748124747,40.5162724501919],[-112.023726591196,40.5164846641741],[-112.023615441532,40.5173988319833],[-112.022021873684,40.5173920979222],[-112.021887046085,40.5174029947358],[-112.021812926652,40.5174136202158],[-112.021570606305,40.5174816228933],[-112.021422524452,40.5175234663091],[-112.014909664096,40.519812922894],[-112.013652657086,40.5205078337417],[-112.012608612956,40.5211635096404],[-112.011910264816,40.5214922529471],[-112.011770003687,40.5215294281053],[-112.011473018866,40.5215380362842],[-112.011115985959,40.5215395937757],[-112.011093196044,40.5218054047067],[-112.010730725621,40.5219302380609],[-112.010732136461,40.5159221052305],[-112.009092673852,40.5159292383587],[-112.009116713869,40.5116675629875],[-112.005365573648,40.5116605255741],[-112.005415902649,40.507994296119],[-112.007782259005,40.5079667216827],[-112.007983368584,40.5079665092825],[-112.009809917924,40.5079645668286],[-112.01023753046,40.5079641079128],[-112.011917116751,40.5079647456068],[-112.01617527303,40.5079670148862],[-112.0195280788,40.5079700604765],[-112.021679390239,40.5079715855456],[-112.021700889047,40.5094757618523]]]},"properties":{"zone_code":"MU-2","zone_description":"Mixed Use 2 Zone","zone_class_normalized":"Mixed-Use","jurisdiction":"herriman_ut","source_rest_url":"https://services2.arcgis.com/XBmqwOHlPh25M7aJ/arcgis/rest/services/HerrimanCityZoning/FeatureServer/0","extraction_method":"arcgis_rest","confidence":"rest_api"}},{"type":"Feature","geometry":{"type":"Polygon","coordinates":[[[-112.058025626237,40.4822708827218],[-112.058017911705,40.4914624877605],[-112.057414123742,40.4921172318421],[-112.056769199553,40.4930715591995],[-112.058243086048,40.4930986383278],[-112.058349488602,40.4931170121972],[-112.058091147489,40.4933047404745],[-112.057641312187,40.4935925818112],[-112.057124684617,40.493975970307],[-112.056664963628,40.4943273429124],[-112.056204851237,40.4946310985197],[-112.055682687424,40.4949748275526],[-112.05568183683,40.4948984272013],[-112.055682154961,40.4948982356676],[-112.055667712414,40.493244795038],[-112.05566342324,40.4932447946675],[-112.055663379654,40.4932408881056],[-112.054619347605,40.4932418896972],[-112.054547150761,40.4931553963672],[-112.054540393775,40.4931553941279],[-112.054540015007,40.4931549456247],[-112.054535971298,40.493155392546],[-112.053097872518,40.4931548715333],[-112.053050826831,40.4873461402438],[-112.053010060367,40.4823118953152],[-112.053007793251,40.4823118690939],[-112.053007199518,40.4822478656648],[-112.048248241458,40.4822360278361],[-112.048288120827,40.4837686297165],[-112.048290491049,40.4840638633145],[-112.045856079687,40.4840752325455],[-112.045859220293,40.4846793366925],[-112.045865519693,40.485891422453],[-112.043516882644,40.4858887710892],[-112.042202965989,40.4858817031644],[-112.038730320882,40.4858813340729],[-112.03873219999,40.4866673858797],[-112.036324670738,40.4866682895776],[-112.036292941557,40.4821915403019],[-112.036299468171,40.4785787266929],[-112.033988199,40.4785714590177],[-112.034008958544,40.4758363529036],[-112.034028962088,40.4638681339893],[-112.035722511725,40.4638502922073],[-112.037486233111,40.46384624151],[-112.03814616045,40.4646221673028],[-112.038872512751,40.4640391105291],[-112.039085374364,40.4638306107819],[-112.039324270738,40.4638272980206],[-112.043385609717,40.463812910971],[-112.043394466823,40.4639526350632],[-112.043806040292,40.463965300781],[-112.055378925285,40.4639691124348],[-112.062609556115,40.4639555527552],[-112.062675355383,40.4801354502524],[-112.062672275524,40.4819943316408],[-112.060846925806,40.4820030855504],[-112.060639466363,40.482000118751],[-112.060509825563,40.4820007391635],[-112.060312835242,40.482009601454],[-112.060318014289,40.4821149905605],[-112.060323255221,40.4821455461332],[-112.060250750286,40.4822705489463],[-112.058025626237,40.4822708827218]],[[-112.042546727154,40.4823777550004],[-112.041393641257,40.4801063465198],[-112.041143783925,40.4800609303946],[-112.040630200502,40.4799675758501],[-112.040580710253,40.4801359733803],[-112.040921129815,40.4802332034677],[-112.041097740575,40.4803361462681],[-112.041200518577,40.4803991274056],[-112.041261144697,40.4805203394129],[-112.041271808145,40.4805416612693],[-112.041304973477,40.4806187529843],[-112.041364887014,40.480753281725],[-112.041470323998,40.481231427484],[-112.041464802791,40.4814186885573],[-112.041464135849,40.4815273664616],[-112.041460680374,40.4815584934945],[-112.0414569726,40.4816842508262],[-112.041374833005,40.4820080314662],[-112.040585434912,40.4818725154404],[-112.040726371558,40.481415969293],[-112.040792393408,40.4811957517628],[-112.040688599713,40.4809245735501],[-112.04034550852,40.4807315533906],[-112.040314065629,40.4806934528492],[-112.040281576168,40.4807138877206],[-112.040059962074,40.4811517200258],[-112.039350809284,40.4809954218062],[-112.03873921628,40.4807783235478],[-112.039027162938,40.4817194842381],[-112.039347863496,40.4827676719906],[-112.040641726174,40.4835637418444],[-112.041788052679,40.4829570509739],[-112.041923917431,40.4828851431255],[-112.042179161758,40.48302625777],[-112.042535129564,40.4830504819143],[-112.042741970868,40.482953281678],[-112.042927243057,40.4827003277021],[-112.042546727154,40.4823777550004]],[[-112.036279293305,40.4747666176087],[-112.036982916078,40.4746443150523],[-112.037316828199,40.4745104733392],[-112.037843920618,40.4747065195891],[-112.038523674225,40.4744872897115],[-112.038462411487,40.4740421268923],[-112.03804483948,40.4738191180672],[-112.038209812486,40.4735008156837],[-112.038091429129,40.4731353017881],[-112.038173605517,40.4725703997609],[-112.037710226454,40.4723961144574],[-112.036174838309,40.4724957709824],[-112.035370676078,40.4730507424389],[-112.035318701935,40.4730509800047],[-112.03524815234,40.4743655838448],[-112.036279293305,40.4747666176087]],[[-112.040282898835,40.4663068183613],[-112.039552321212,40.4650965475255],[-112.039154681947,40.4652694650697],[-112.039141573258,40.4662693069807],[-112.039925832296,40.4671852793705],[-112.04022793206,40.4673228928732],[-112.040276298483,40.4672424731386],[-112.040366832753,40.4671832453656],[-112.040471621812,40.4671560293019],[-112.040282898835,40.4663068183613]]]},"properties":{"zone_code":"FR-1","zone_description":"Forestry Recreation - 1 acre min.","zone_class_normalized":"Other/Unknown","jurisdiction":"herriman_ut","source_rest_url":"https://services2.arcgis.com/XBmqwOHlPh25M7aJ/arcgis/rest/services/HerrimanCityZoning/FeatureServer/0","extraction_method":"arcgis_rest","confidence":"rest_api"}},{"type":"Feature","geometry":{"type":"Polygon","coordinates":[[[-112.037557709857,40.4986449182485],[-112.037556983624,40.4994357243169],[-112.037573365609,40.5004754887227],[-112.034070459478,40.5004496482977],[-112.033762392154,40.4986600451582],[-112.035433715359,40.4986472058728],[-112.037557709857,40.4986449182485]]]},"properties":{"zone_code":"A-1-10","zone_description":"Agricultural - single family on 10,000 sq. ft. min.","zone_class_normalized":"Agriculture/Rural","jurisdiction":"herriman_ut","source_rest_url":"https://services2.arcgis.com/XBmqwOHlPh25M7aJ/arcgis/rest/services/HerrimanCityZoning/FeatureServer/0","extraction_method":"arcgis_rest","confidence":"rest_api"}},{"type":"Feature","geometry":{"type":"Polygon","coordinates":[[[-112.04469287486,40.4895489226461],[-112.044736651133,40.4895480202396],[-112.045933304676,40.4895486684163],[-112.045913257351,40.487693855326],[-112.045874889462,40.4876938918227],[-112.045856079687,40.4840752325455],[-112.048290491049,40.4840638633145],[-112.048288120827,40.4837686297165],[-112.048248241458,40.4822360278361],[-112.053007199518,40.4822478656648],[-112.053007793251,40.4823118690939],[-112.053010060367,40.4823118953152],[-112.053050826831,40.4873461402438],[-112.053097872518,40.4931548715333],[-112.054547150761,40.4931553963672],[-112.054621637153,40.493244632869],[-112.055667712414,40.493244795038],[-112.055682154961,40.4948982356676],[-112.053033103978,40.4964950998173],[-112.052305191935,40.4967639402578],[-112.050917597666,40.4971420432966],[-112.047413636592,40.4980696966201],[-112.045654170316,40.4985372433988],[-112.045658654941,40.4970505943508],[-112.043588577228,40.4970539704039],[-112.043587605839,40.4949468634602],[-112.04478225133,40.4949468712149],[-112.044774983027,40.4932118089706],[-112.043539413637,40.4932115588689],[-112.04354215593,40.4930633151055],[-112.043515538777,40.4913789835653],[-112.04470742823,40.4913734479262],[-112.04469287486,40.4895489226461]]]},"properties":{"zone_code":"A-1-10","zone_description":"Agricultural - single family on 10,000 sq. ft. min.","zone_class_normalized":"Agriculture/Rural","jurisdiction":"herriman_ut","source_rest_url":"https://services2.arcgis.com/XBmqwOHlPh25M7aJ/arcgis/rest/services/HerrimanCityZoning/FeatureServer/0","extraction_method":"arcgis_rest","confidence":"rest_api"}},{"type":"Feature","geometry":{"type":"Polygon","coordinates":[[[-112.014947335481,40.5219455187202],[-112.014925964014,40.5206032745524],[-112.017590891614,40.5206126908896],[-112.017598071215,40.5215594843077],[-112.01759940008,40.521952440259],[-112.017331527748,40.5219479456438],[-112.014947335481,40.5219455187202]]]},"properties":{"zone_code":"R-1-10","zone_description":"Residential - single family on 10,000 sq. ft. min.","zone_class_normalized":"Residential-Low","jurisdiction":"herriman_ut","source_rest_url":"https://services2.arcgis.com/XBmqwOHlPh25M7aJ/arcgis/rest/services/HerrimanCityZoning/FeatureServer/0","extraction_method":"arcgis_rest","confidence":"rest_api"}},{"type":"Feature","geometry":{"type":"Polygon","coordinates":[[[-112.023803893747,40.5240658118456],[-112.02382447914,40.5224382232991],[-112.0257525049,40.522437240302],[-112.025797641114,40.5231207187085],[-112.025858416111,40.5240639251291],[-112.023803893747,40.5240658118456]]]},"properties":{"zone_code":"R-1-10","zone_description":"Residential - single family on 10,000 sq. ft. min.","zone_class_normalized":"Residential-Low","jurisdiction":"herriman_ut","source_rest_url":"https://services2.arcgis.com/XBmqwOHlPh25M7aJ/arcgis/rest/services/HerrimanCityZoning/FeatureServer/0","extraction_method":"arcgis_rest","confidence":"rest_api"}},{"type":"Feature","geometry":{"type":"Polygon","coordinates":[[[-112.023791232697,40.5250667679633],[-112.023803893747,40.5240658118456],[-112.025858416111,40.5240639251291],[-112.025885054897,40.5244773338057],[-112.02593023564,40.5251726756714],[-112.023796796377,40.5251758356741],[-112.023791232697,40.5250667679633]]]},"properties":{"zone_code":"C-2","zone_description":"Community Commercial","zone_class_normalized":"Commercial","jurisdiction":"herriman_ut","source_rest_url":"https://services2.arcgis.com/XBmqwOHlPh25M7aJ/arcgis/rest/services/HerrimanCityZoning/FeatureServer/0","extraction_method":"arcgis_rest","confidence":"rest_api"}},{"type":"Feature","geometry":{"type":"MultiPolygon","coordinates":[[[[-112.035810066743,40.5086220419801],[-112.035808829317,40.507967968388],[-112.036184544125,40.5079663660384],[-112.036181105217,40.5088666136162],[-112.03580243509,40.5088679898884],[-112.03580240482,40.5088579692109],[-112.035807898682,40.5088420604629],[-112.035810066743,40.5086220419801]]],[[[-112.035799418815,40.5078693873517],[-112.036184921372,40.5078676240694],[-112.036184889997,40.5078757979311],[-112.035799444027,40.5078775609543],[-112.035799418815,40.5078693873517]]]]},"properties":{"zone_code":"A-1-10","zone_description":"Agricultural - single family on 10,000 sq. ft. min.","zone_class_normalized":"Agriculture/Rural","jurisdiction":"herriman_ut","source_rest_url":"https://services2.arcgis.com/XBmqwOHlPh25M7aJ/arcgis/rest/services/HerrimanCityZoning/FeatureServer/0","extraction_method":"arcgis_rest","confidence":"rest_api"}},{"type":"Feature","geometry":{"type":"Polygon","coordinates":[[[-112.03871002356,40.4866573444811],[-112.03871716126,40.4875621727034],[-112.036316206281,40.4875731892265],[-112.036309100392,40.486668360862],[-112.03871002356,40.4866573444811]]]},"properties":{"zone_code":"A-1-43","zone_description":"Agricultural - single family/animals allowed on 1 acre min.","zone_class_normalized":"Agriculture/Rural","jurisdiction":"herriman_ut","source_rest_url":"https://services2.arcgis.com/XBmqwOHlPh25M7aJ/arcgis/rest/services/HerrimanCityZoning/FeatureServer/0","extraction_method":"arcgis_rest","confidence":"rest_api"}},{"type":"Feature","geometry":{"type":"MultiPolygon","coordinates":[[[[-112.026153488354,40.5134037129508],[-112.025847243858,40.5134108602203],[-112.025883679427,40.5109240936886],[-112.028236318433,40.5109123553244],[-112.028236345616,40.5133993314784],[-112.027827733444,40.5133961842208],[-112.027829825723,40.5136667794327],[-112.027567237189,40.5136729726662],[-112.027568011728,40.5137731933097],[-112.026996872279,40.5137857856047],[-112.026989494656,40.5136805838083],[-112.026162139237,40.513674278716],[-112.026153488354,40.5134037129508]]],[[[-112.025847243858,40.5134108602203],[-112.025837973954,40.5140435273873],[-112.025844940636,40.5134101086614],[-112.025847243858,40.5134108602203]]]]},"properties":{"zone_code":"A-1-21","zone_description":"Agricultural - single family/limited animal uses on 1/2 acre min.","zone_class_normalized":"Agriculture/Rural","jurisdiction":"herriman_ut","source_rest_url":"https://services2.arcgis.com/XBmqwOHlPh25M7aJ/arcgis/rest/services/HerrimanCityZoning/FeatureServer/0","extraction_method":"arcgis_rest","confidence":"rest_api"}},{"type":"Feature","geometry":{"type":"Polygon","coordinates":[[[-112.037163007626,40.5124290388542],[-112.037150681136,40.5108624894947],[-112.034000113135,40.5108768882848],[-112.033982175925,40.5086552056679],[-112.035332929564,40.508656883299],[-112.035322866228,40.5094217425082],[-112.035334887152,40.5094218830211],[-112.035334867012,40.5094268381338],[-112.03564003829,40.5094254436326],[-112.03580525254,40.5094273711869],[-112.035807309081,40.508874728299],[-112.036182082894,40.5088730141077],[-112.036182082018,40.5088730528369],[-112.036688463726,40.5088737076088],[-112.036685988777,40.5086699488249],[-112.036688019308,40.5079642170479],[-112.0375445277,40.5079605550536],[-112.037537471041,40.5091531152313],[-112.037546099782,40.5091531197789],[-112.037546104383,40.509156850884],[-112.037948078954,40.5091533203783],[-112.038262832691,40.5091534762927],[-112.038263144588,40.5091244949144],[-112.038280330571,40.5078880439608],[-112.038595395021,40.5078865962859],[-112.038595382284,40.5078956004043],[-112.038589679413,40.5091536379227],[-112.038788848387,40.5091537355194],[-112.039076868464,40.5091562339043],[-112.039086176784,40.511612724747],[-112.039086158618,40.5116577909969],[-112.039578501299,40.5116503053348],[-112.040553872168,40.511645810349],[-112.04053948761,40.5124213468558],[-112.037163007626,40.5124290388542]]]},"properties":{"zone_code":"A-1-21","zone_description":"Agricultural - single family/limited animal uses on 1/2 acre min.","zone_class_normalized":"Agriculture/Rural","jurisdiction":"herriman_ut","source_rest_url":"https://services2.arcgis.com/XBmqwOHlPh25M7aJ/arcgis/rest/services/HerrimanCityZoning/FeatureServer/0","extraction_method":"arcgis_rest","confidence":"rest_api"}},{"type":"Feature","geometry":{"type":"Polygon","coordinates":[[[-112.009763127332,40.5333086735367],[-112.009265831923,40.5333105089545],[-112.005305930654,40.533308891254],[-112.005310690592,40.5331682494889],[-112.005439245094,40.5332221791958],[-112.005498545317,40.5332228970237],[-112.005549662048,40.5332377567271],[-112.005667550646,40.5332289782838],[-112.005948971285,40.5330716771831],[-112.006065701207,40.5330112679402],[-112.006155788808,40.5329505566497],[-112.006256803826,40.5329019594699],[-112.006412630695,40.5328506938768],[-112.006603686007,40.5328211670302],[-112.006691394471,40.5327838157274],[-112.006781534223,40.5327304010863],[-112.006830128263,40.5326630584864],[-112.006936383285,40.5326334104849],[-112.007096996983,40.5327115242942],[-112.007243417074,40.5327673208946],[-112.007376134819,40.5327808540647],[-112.007627966683,40.5327792775158],[-112.007789219177,40.532771768979],[-112.00796044831,40.5327340549083],[-112.008132780543,40.5326734719871],[-112.008213229614,40.5326030719565],[-112.00832877598,40.5325368973799],[-112.008357331684,40.5324331559957],[-112.008381196818,40.5323844051936],[-112.008407021077,40.5323419706334],[-112.008484154696,40.5322545575948],[-112.00860901624,40.5321552623668],[-112.009763127332,40.5333086735367]]]},"properties":{"zone_code":"R-2-10","zone_description":"Residential - single family or dwelling group on 10,000 sq. ft. min.","zone_class_normalized":"Industrial/Flex","jurisdiction":"herriman_ut","source_rest_url":"https://services2.arcgis.com/XBmqwOHlPh25M7aJ/arcgis/rest/services/HerrimanCityZoning/FeatureServer/0","extraction_method":"arcgis_rest","confidence":"rest_api"}},{"type":"Feature","geometry":{"type":"Polygon","coordinates":[[[-112.043778775211,40.5136378663476],[-112.048340606758,40.5124452998383],[-112.04832284954,40.5151329383346],[-112.046556210204,40.5153581593099],[-112.046080486998,40.5156698436931],[-112.045032474327,40.5159378899455],[-112.044257442106,40.5161153989304],[-112.043830370103,40.5163863146121],[-112.043548167177,40.5165309300175],[-112.042660195791,40.5172168882426],[-112.042363250941,40.5173259220994],[-112.041472695365,40.5176889051421],[-112.040573079052,40.5149297972309],[-112.042686580439,40.5146209743378],[-112.042952072156,40.5145001236584],[-112.042773866097,40.5137712561787],[-112.043556940729,40.5136958529186],[-112.043652834959,40.5136707870313],[-112.043690238815,40.5136674389505],[-112.043778775211,40.5136378663476]]]},"properties":{"zone_code":"R-1-15","zone_description":"Residential - single family on 15,000 sq. ft. min.","zone_class_normalized":"Residential-Low","jurisdiction":"herriman_ut","source_rest_url":"https://services2.arcgis.com/XBmqwOHlPh25M7aJ/arcgis/rest/services/HerrimanCityZoning/FeatureServer/0","extraction_method":"arcgis_rest","confidence":"rest_api"}},{"type":"Feature","geometry":{"type":"Polygon","coordinates":[[[-112.043504655975,40.4894823956515],[-112.044683966844,40.4894769184495],[-112.044699094618,40.4913734866731],[-112.043519750997,40.4913789640233],[-112.043504655975,40.4894823956515]]]},"properties":{"zone_code":"A-1-43","zone_description":"Agricultural - single family/animals allowed on 1 acre min.","zone_class_normalized":"Agriculture/Rural","jurisdiction":"herriman_ut","source_rest_url":"https://services2.arcgis.com/XBmqwOHlPh25M7aJ/arcgis/rest/services/HerrimanCityZoning/FeatureServer/0","extraction_method":"arcgis_rest","confidence":"rest_api"}},{"type":"Feature","geometry":{"type":"Polygon","coordinates":[[[-112.0416282828,40.489503029481],[-112.042343100388,40.4894947592779],[-112.04235076866,40.4901553740792],[-112.041634102452,40.4901586896778],[-112.041633966311,40.4901434585898],[-112.041633362357,40.4901434577797],[-112.041628735806,40.4895601447641],[-112.0416282828,40.489503029481]]]},"properties":{"zone_code":"A-1-43","zone_description":"Agricultural - single family/animals allowed on 1 acre min.","zone_class_normalized":"Agriculture/Rural","jurisdiction":"herriman_ut","source_rest_url":"https://services2.arcgis.com/XBmqwOHlPh25M7aJ/arcgis/rest/services/HerrimanCityZoning/FeatureServer/0","extraction_method":"arcgis_rest","confidence":"rest_api"}},{"type":"Feature","geometry":{"type":"Polygon","coordinates":[[[-112.042941766235,40.482667754316],[-112.04292004228,40.4827164754207],[-112.042738492839,40.4829579079373],[-112.042533154263,40.4830502226857],[-112.042368207718,40.4830388041797],[-112.042179313531,40.483025467246],[-112.041918977061,40.4828886107561],[-112.040642319183,40.4835559606733],[-112.039337117976,40.482756536081],[-112.038746888018,40.4807817105249],[-112.039323163423,40.4809894358581],[-112.040056492654,40.4811483479824],[-112.040296847658,40.4806844101395],[-112.040344456302,40.4807322769196],[-112.040689616371,40.4809259134461],[-112.040795448148,40.4811954557733],[-112.040585434912,40.4818725154404],[-112.041370019306,40.4820078339684],[-112.041438862285,40.4817550636757],[-112.041464135849,40.4815273664616],[-112.041466059938,40.4812139693425],[-112.041366331119,40.4807613786084],[-112.041271808145,40.4805416612693],[-112.041199823486,40.4803977355947],[-112.041002085705,40.4802784339468],[-112.040918099461,40.4802315099326],[-112.040582331171,40.4801366206327],[-112.040631521257,40.4799688936297],[-112.041391709538,40.4801054737651],[-112.042543761754,40.4823771284122],[-112.042941766235,40.482667754316]]]},"properties":{"zone_code":"RC","zone_description":"Resort Community Zone","zone_class_normalized":"Residential-Low","jurisdiction":"herriman_ut","source_rest_url":"https://services2.arcgis.com/XBmqwOHlPh25M7aJ/arcgis/rest/services/HerrimanCityZoning/FeatureServer/0","extraction_method":"arcgis_rest","confidence":"rest_api"}},{"type":"Feature","geometry":{"type":"Polygon","coordinates":[[[-112.038517899331,40.4744873162637],[-112.037843920618,40.4747065195891],[-112.037316828199,40.4745104733392],[-112.036988690986,40.4746442885757],[-112.036290843142,40.4747665647249],[-112.035242376275,40.4743656102409],[-112.035318667372,40.4730465699362],[-112.035364866739,40.4730463587671],[-112.036180578418,40.4724913344765],[-112.037710226454,40.4723961144574],[-112.038173640263,40.4725748098293],[-112.038091290157,40.473117660617],[-112.038215622046,40.4735051992137],[-112.038039064642,40.4738191445959],[-112.038462446253,40.4740465369583],[-112.038517899331,40.4744873162637]]]},"properties":{"zone_code":"RC","zone_description":"Resort Community Zone","zone_class_normalized":"Residential-Low","jurisdiction":"herriman_ut","source_rest_url":"https://services2.arcgis.com/XBmqwOHlPh25M7aJ/arcgis/rest/services/HerrimanCityZoning/FeatureServer/0","extraction_method":"arcgis_rest","confidence":"rest_api"}},{"type":"Feature","geometry":{"type":"Polygon","coordinates":[[[-112.040478622396,40.4671559969937],[-112.040359833345,40.4671832776616],[-112.04029025621,40.4672370627851],[-112.04022793206,40.4673228928732],[-112.039939874546,40.4671905605903],[-112.039148656962,40.4662799671939],[-112.039147724924,40.4652748430631],[-112.039552278991,40.4650912017554],[-112.040275813772,40.4662961582223],[-112.040478622396,40.4671559969937]]]},"properties":{"zone_code":"RC","zone_description":"Resort Community Zone","zone_class_normalized":"Residential-Low","jurisdiction":"herriman_ut","source_rest_url":"https://services2.arcgis.com/XBmqwOHlPh25M7aJ/arcgis/rest/services/HerrimanCityZoning/FeatureServer/0","extraction_method":"arcgis_rest","confidence":"rest_api"}},{"type":"Feature","geometry":{"type":"Polygon","coordinates":[[[-112.041947699583,40.461188251728],[-112.042540221135,40.4606478774003],[-112.042951639563,40.460272660983],[-112.043371382089,40.4598898465663],[-112.04380027592,40.4594977785095],[-112.043813363665,40.4639654207758],[-112.043395511982,40.4639522465574],[-112.043386384204,40.463811699671],[-112.039088176718,40.4638278654583],[-112.039229576692,40.4636893621641],[-112.03949938126,40.4634250818587],[-112.039876518646,40.4630770572467],[-112.04022100989,40.4627629085844],[-112.04054168293,40.4624699915103],[-112.041947699583,40.461188251728]]]},"properties":{"zone_code":"FR-2.5","zone_description":"Forestry Recreation - 2 1/2 acre min.","zone_class_normalized":"Residential-Medium","jurisdiction":"herriman_ut","source_rest_url":"https://services2.arcgis.com/XBmqwOHlPh25M7aJ/arcgis/rest/services/HerrimanCityZoning/FeatureServer/0","extraction_method":"arcgis_rest","confidence":"rest_api"}},{"type":"Feature","geometry":{"type":"Polygon","coordinates":[[[-112.029592228144,40.5195666221814],[-112.025683963225,40.5195802299184],[-112.025731052912,40.5189101175973],[-112.029560999924,40.5189088253361],[-112.029560968987,40.5189048376998],[-112.029592228144,40.5195666221814]]]},"properties":{"zone_code":"MU","zone_description":"Mixed Use","zone_class_normalized":"Mixed-Use","jurisdiction":"herriman_ut","source_rest_url":"https://services2.arcgis.com/XBmqwOHlPh25M7aJ/arcgis/rest/services/HerrimanCityZoning/FeatureServer/0","extraction_method":"arcgis_rest","confidence":"rest_api"}},{"type":"Feature","geometry":{"type":"Polygon","coordinates":[[[-112.042709327867,40.5071695395208],[-112.040623860513,40.5071713380966],[-112.040479977583,40.5071641604142],[-112.04047336443,40.5024357727551],[-112.04250732655,40.5024342155651],[-112.042534368262,40.5058372974904],[-112.043654095654,40.5058321078526],[-112.043639232256,40.5065457515052],[-112.042694193231,40.506557973456],[-112.042709327867,40.5071695395208]]]},"properties":{"zone_code":"A-1-21","zone_description":"Agricultural - single family/limited animal uses on 1/2 acre min.","zone_class_normalized":"Agriculture/Rural","jurisdiction":"herriman_ut","source_rest_url":"https://services2.arcgis.com/XBmqwOHlPh25M7aJ/arcgis/rest/services/HerrimanCityZoning/FeatureServer/0","extraction_method":"arcgis_rest","confidence":"rest_api"}},{"type":"Feature","geometry":{"type":"Polygon","coordinates":[[[-112.0426986844,40.5071670446569],[-112.043544050974,40.5071631264907],[-112.043544619509,40.5072032666026],[-112.043530361277,40.5072036407389],[-112.04355391802,40.5078597492453],[-112.042711641968,40.5078615358498],[-112.0426986844,40.5071670446569]]]},"properties":{"zone_code":"R-20-43","zone_description":"Residential - multi-family","zone_class_normalized":"Mixed-Use","jurisdiction":"herriman_ut","source_rest_url":"https://services2.arcgis.com/XBmqwOHlPh25M7aJ/arcgis/rest/services/HerrimanCityZoning/FeatureServer/0","extraction_method":"arcgis_rest","confidence":"rest_api"}},{"type":"Feature","geometry":{"type":"Polygon","coordinates":[[[-112.041287327159,40.5075209584383],[-112.041282300793,40.5071654310267],[-112.042698731445,40.5071695489703],[-112.042711703683,40.5078636591466],[-112.041296405918,40.5078616794566],[-112.041287327159,40.5075209584383]]]},"properties":{"zone_code":"OP","zone_description":"Office Professional","zone_class_normalized":"Commercial","jurisdiction":"herriman_ut","source_rest_url":"https://services2.arcgis.com/XBmqwOHlPh25M7aJ/arcgis/rest/services/HerrimanCityZoning/FeatureServer/0","extraction_method":"arcgis_rest","confidence":"rest_api"}},{"type":"Feature","geometry":{"type":"Polygon","coordinates":[[[-112.015780526596,40.5224288347101],[-112.015979613587,40.5224431368229],[-112.016177758911,40.5224636810609],[-112.016374629554,40.5224904319724],[-112.016569890063,40.522523344212],[-112.016763209638,40.5225623634104],[-112.016954259732,40.5226074216815],[-112.017142718817,40.5226584430051],[-112.017328265285,40.5227153414568],[-112.017510585703,40.5227780202708],[-112.017689370108,40.5228463736621],[-112.017849939872,40.5260497296397],[-112.014856522917,40.5260389265771],[-112.014725546415,40.5244605585646],[-112.014912579552,40.5224303346373],[-112.015780526596,40.5224288347101]]]},"properties":{"zone_code":"R-2-10","zone_description":"Residential - single family or dwelling group on 10,000 sq. ft. min.","zone_class_normalized":"Industrial/Flex","jurisdiction":"herriman_ut","source_rest_url":"https://services2.arcgis.com/XBmqwOHlPh25M7aJ/arcgis/rest/services/HerrimanCityZoning/FeatureServer/0","extraction_method":"arcgis_rest","confidence":"rest_api"}},{"type":"Feature","geometry":{"type":"MultiPolygon","coordinates":[[[[-112.049984029647,40.5091348902456],[-112.049973879196,40.5078765167276],[-112.050460102699,40.507879068976],[-112.050702619163,40.5078809969146],[-112.050702634796,40.507885714115],[-112.050696511169,40.5078857158754],[-112.050704677648,40.5085178011272],[-112.050706727608,40.5091520808826],[-112.049984029647,40.5091348902456]]],[[[-112.049979721783,40.5091553952011],[-112.04997971817,40.5091549467261],[-112.05003461421,40.5091551582772],[-112.049979721783,40.5091553952011]]]]},"properties":{"zone_code":"A-1-21","zone_description":"Agricultural - single family/limited animal uses on 1/2 acre min.","zone_class_normalized":"Agriculture/Rural","jurisdiction":"herriman_ut","source_rest_url":"https://services2.arcgis.com/XBmqwOHlPh25M7aJ/arcgis/rest/services/HerrimanCityZoning/FeatureServer/0","extraction_method":"arcgis_rest","confidence":"rest_api"}},{"type":"Feature","geometry":{"type":"Polygon","coordinates":[[[-112.032947620254,40.5217525874627],[-112.032946893985,40.5213798078408],[-112.032839729893,40.5213933435945],[-112.032316640474,40.521485294068],[-112.031362879521,40.5216508835017],[-112.031359765599,40.5212508838493],[-112.032944233541,40.5210216930199],[-112.032947037932,40.5212306268183],[-112.032946849828,40.5213567711761],[-112.032956595755,40.5213560748396],[-112.032951708757,40.5213790348629],[-112.032953303362,40.5217529893972],[-112.03305356037,40.5217521056996],[-112.034872047537,40.5217438211915],[-112.034929532518,40.5224060343426],[-112.032973711245,40.5224149442303],[-112.032947620254,40.5217525874627]]]},"properties":{"zone_code":"A-1-21","zone_description":"Agricultural - single family/limited animal uses on 1/2 acre min.","zone_class_normalized":"Agriculture/Rural","jurisdiction":"herriman_ut","source_rest_url":"https://services2.arcgis.com/XBmqwOHlPh25M7aJ/arcgis/rest/services/HerrimanCityZoning/FeatureServer/0","extraction_method":"arcgis_rest","confidence":"rest_api"}},{"type":"Feature","geometry":{"type":"Polygon","coordinates":[[[-112.039955354139,40.5004922119689],[-112.037573365609,40.5004754887227],[-112.037556983624,40.4994357243169],[-112.038761923125,40.4994431269174],[-112.038761347583,40.4986583580117],[-112.039952297453,40.4986614528843],[-112.039955354139,40.5004922119689]]]},"properties":{"zone_code":"A-1-21","zone_description":"Agricultural - single family/limited animal uses on 1/2 acre min.","zone_class_normalized":"Agriculture/Rural","jurisdiction":"herriman_ut","source_rest_url":"https://services2.arcgis.com/XBmqwOHlPh25M7aJ/arcgis/rest/services/HerrimanCityZoning/FeatureServer/0","extraction_method":"arcgis_rest","confidence":"rest_api"}},{"type":"Feature","geometry":{"type":"Polygon","coordinates":[[[-112.045064209497,40.5124838384387],[-112.045813238156,40.5124803522521],[-112.045818143453,40.5130901667519],[-112.045060733737,40.5132995115411],[-112.045064209497,40.5124838384387]]]},"properties":{"zone_code":"A-1-21","zone_description":"Agricultural - single family/limited animal uses on 1/2 acre min.","zone_class_normalized":"Agriculture/Rural","jurisdiction":"herriman_ut","source_rest_url":"https://services2.arcgis.com/XBmqwOHlPh25M7aJ/arcgis/rest/services/HerrimanCityZoning/FeatureServer/0","extraction_method":"arcgis_rest","confidence":"rest_api"}},{"type":"Feature","geometry":{"type":"Polygon","coordinates":[[[-112.041553526678,40.4902624294595],[-112.041562330185,40.4913725044705],[-112.041170870908,40.491374313401],[-112.041162073765,40.4902642383615],[-112.041553526678,40.4902624294595]]]},"properties":{"zone_code":"A-1-43","zone_description":"Agricultural - single family/animals allowed on 1 acre min.","zone_class_normalized":"Agriculture/Rural","jurisdiction":"herriman_ut","source_rest_url":"https://services2.arcgis.com/XBmqwOHlPh25M7aJ/arcgis/rest/services/HerrimanCityZoning/FeatureServer/0","extraction_method":"arcgis_rest","confidence":"rest_api"}},{"type":"Feature","geometry":{"type":"Polygon","coordinates":[[[-112.041299395474,40.5091481131982],[-112.041295215552,40.5086209367111],[-112.04129649037,40.5078669736132],[-112.04164713474,40.5078637908573],[-112.041653828547,40.5090562115492],[-112.041652735939,40.5090562102954],[-112.041654377513,40.5091541035964],[-112.041299395474,40.5091481131982]]]},"properties":{"zone_code":"A-1-10","zone_description":"Agricultural - single family on 10,000 sq. ft. min.","zone_class_normalized":"Agriculture/Rural","jurisdiction":"herriman_ut","source_rest_url":"https://services2.arcgis.com/XBmqwOHlPh25M7aJ/arcgis/rest/services/HerrimanCityZoning/FeatureServer/0","extraction_method":"arcgis_rest","confidence":"rest_api"}},{"type":"Feature","geometry":{"type":"Polygon","coordinates":[[[-112.014287816482,40.486627925602],[-112.014206309272,40.4866522256375],[-112.013970915031,40.4867714361128],[-112.013546590683,40.4869868300434],[-112.012998944418,40.4865083000452],[-112.013424143973,40.4861565789157],[-112.013488418142,40.4860993320522],[-112.013605746085,40.4859853908401],[-112.01362622366,40.4859868131509],[-112.01365600661,40.4859962612589],[-112.013677892411,40.4860092725081],[-112.013787489588,40.4860965086353],[-112.013898414461,40.4861847465963],[-112.014006696162,40.4862724926174],[-112.014208263186,40.4864732550475],[-112.014282107078,40.4865470360906],[-112.014308824367,40.4865877525315],[-112.014309055951,40.4866185031244],[-112.014287816482,40.486627925602]]]},"properties":{"zone_code":"MU-2","zone_description":"Mixed Use 2 Zone","zone_class_normalized":"Mixed-Use","jurisdiction":"herriman_ut","source_rest_url":"https://services2.arcgis.com/XBmqwOHlPh25M7aJ/arcgis/rest/services/HerrimanCityZoning/FeatureServer/0","extraction_method":"arcgis_rest","confidence":"rest_api"}},{"type":"Feature","geometry":{"type":"Polygon","coordinates":[[[-112.04309329049,40.4977551394697],[-112.043573110407,40.4977562744845],[-112.043572262694,40.4970602925879],[-112.045650522728,40.4970568787178],[-112.04564598919,40.4985372814987],[-112.043596506392,40.4990777469878],[-112.043597968042,40.498666831852],[-112.042854030582,40.4986669209122],[-112.042848038349,40.4995742600125],[-112.042288971977,40.499573488773],[-112.042272935488,40.4986628906915],[-112.042123299733,40.4986669432428],[-112.042116042892,40.4977529441165],[-112.04309329049,40.4977551394697]]]},"properties":{"zone_code":"A-1-21","zone_description":"Agricultural - single family/limited animal uses on 1/2 acre min.","zone_class_normalized":"Agriculture/Rural","jurisdiction":"herriman_ut","source_rest_url":"https://services2.arcgis.com/XBmqwOHlPh25M7aJ/arcgis/rest/services/HerrimanCityZoning/FeatureServer/0","extraction_method":"arcgis_rest","confidence":"rest_api"}},{"type":"Feature","geometry":{"type":"Polygon","coordinates":[[[-112.03295421875,40.5213608812427],[-112.031346937692,40.5216447363616],[-112.031354620238,40.5212624012922],[-112.032951551364,40.5210192632982],[-112.03295421875,40.5213608812427]]]},"properties":{"zone_code":"A-1-21","zone_description":"Agricultural - single family/limited animal uses on 1/2 acre min.","zone_class_normalized":"Agriculture/Rural","jurisdiction":"herriman_ut","source_rest_url":"https://services2.arcgis.com/XBmqwOHlPh25M7aJ/arcgis/rest/services/HerrimanCityZoning/FeatureServer/0","extraction_method":"arcgis_rest","confidence":"rest_api"}},{"type":"Feature","geometry":{"type":"Polygon","coordinates":[[[-112.032960899301,40.5257382812166],[-112.043583849959,40.5257276613819],[-112.043582516288,40.5258598367243],[-112.043588490996,40.525859754081],[-112.0435913511,40.5268824206107],[-112.043590614677,40.5268824249264],[-112.04359573488,40.5296657624688],[-112.043595760961,40.5296797060111],[-112.043598005517,40.5305980886951],[-112.043100528912,40.530540733062],[-112.041992434326,40.530605431365],[-112.038525923505,40.5305856657442],[-112.038307144283,40.53056284312],[-112.038150444218,40.5304920792082],[-112.038008701606,40.5303378483827],[-112.03792087218,40.5302502352319],[-112.037826755589,40.5301665089376],[-112.037726648972,40.5300869310908],[-112.037620864704,40.5300117506046],[-112.037509733941,40.5299412036984],[-112.037393605406,40.5298755103008],[-112.037272843059,40.5298148767628],[-112.037147823706,40.529759493167],[-112.037018940546,40.5297095333113],[-112.036886596065,40.5296651520405],[-112.036751204444,40.5296264906386],[-112.036613191481,40.5295936678233],[-112.036459315723,40.5295662308558],[-112.036303693624,40.5295452939468],[-112.036146800101,40.5295309197588],[-112.035989106386,40.529523152962],[-112.035831091794,40.5295220156777],[-112.035673234312,40.5295275111234],[-112.035516011787,40.5295396245087],[-112.03535990188,40.5295583176308],[-112.03520537386,40.5295835352174],[-112.035052899181,40.5296151994736],[-112.034902936177,40.5296532146556],[-112.034755941861,40.529697467016],[-112.032978048008,40.5301586747687],[-112.032960899301,40.5257382812166]]]},"properties":{"zone_code":"R-1-10","zone_description":"Residential - single family on 10,000 sq. ft. min.","zone_class_normalized":"Residential-Low","jurisdiction":"herriman_ut","source_rest_url":"https://services2.arcgis.com/XBmqwOHlPh25M7aJ/arcgis/rest/services/HerrimanCityZoning/FeatureServer/0","extraction_method":"arcgis_rest","confidence":"rest_api"}},{"type":"Feature","geometry":{"type":"Polygon","coordinates":[[[-112.025934904574,40.5254348944252],[-112.023817277494,40.5256367182174],[-112.023804443575,40.5251808546507],[-112.025923483704,40.5251642423216],[-112.025934904574,40.5254348944252]]]},"properties":{"zone_code":"A-1-43","zone_description":"Agricultural - single family/animals allowed on 1 acre min.","zone_class_normalized":"Agriculture/Rural","jurisdiction":"herriman_ut","source_rest_url":"https://services2.arcgis.com/XBmqwOHlPh25M7aJ/arcgis/rest/services/HerrimanCityZoning/FeatureServer/0","extraction_method":"arcgis_rest","confidence":"rest_api"}},{"type":"Feature","geometry":{"type":"Polygon","coordinates":[[[-112.018224487718,40.5358323160184],[-112.01813103804,40.5358883431979],[-112.016257192128,40.5365077915799],[-112.016163715918,40.5365540910736],[-112.014870689411,40.5351500618255],[-112.015528126097,40.5348087075151],[-112.016261916477,40.5345495662817],[-112.016812771945,40.5344233099582],[-112.017468044628,40.5343691099256],[-112.017473947443,40.5345042098484],[-112.017487989704,40.5346389604339],[-112.017510140952,40.5347730745304],[-112.017540355418,40.534906269555],[-112.017570127273,40.5349994548511],[-112.017607566314,40.5350910158677],[-112.017652522254,40.5351805876279],[-112.017704815325,40.5352678088858],[-112.017764235168,40.5353523320385],[-112.017830544333,40.5354338177068],[-112.017903477144,40.5355119401442],[-112.017982742038,40.5355863854255],[-112.018224487718,40.5358323160184]]]},"properties":{"zone_code":"C-2","zone_description":"Community Commercial","zone_class_normalized":"Commercial","jurisdiction":"herriman_ut","source_rest_url":"https://services2.arcgis.com/XBmqwOHlPh25M7aJ/arcgis/rest/services/HerrimanCityZoning/FeatureServer/0","extraction_method":"arcgis_rest","confidence":"rest_api"}},{"type":"Feature","geometry":{"type":"Polygon","coordinates":[[[-112.02002084389,40.5260706761239],[-112.020651708883,40.526070326987],[-112.023799464833,40.5260790010394],[-112.023808045379,40.526295427647],[-112.023828316675,40.5264954907081],[-112.023895646359,40.5267239377093],[-112.023954428246,40.526865535031],[-112.020027033401,40.5268830245993],[-112.02002084389,40.5260706761239]]]},"properties":{"zone_code":"R-2-10","zone_description":"Residential - single family or dwelling group on 10,000 sq. ft. min.","zone_class_normalized":"Industrial/Flex","jurisdiction":"herriman_ut","source_rest_url":"https://services2.arcgis.com/XBmqwOHlPh25M7aJ/arcgis/rest/services/HerrimanCityZoning/FeatureServer/0","extraction_method":"arcgis_rest","confidence":"rest_api"}},{"type":"Feature","geometry":{"type":"Polygon","coordinates":[[[-112.017487979534,40.5311397021969],[-112.017448725163,40.5309886740282],[-112.017125547193,40.5303753428968],[-112.014202133975,40.5278290945111],[-112.012674129781,40.5264490073009],[-112.012107673831,40.5258653187072],[-112.011861008714,40.5254517914338],[-112.011576232799,40.5249526498149],[-112.011538460085,40.5247191613308],[-112.014706932567,40.5244633609532],[-112.014856522917,40.5260389265772],[-112.020020628454,40.5260424007081],[-112.020027033401,40.5268830245993],[-112.023954428246,40.526865535031],[-112.023895646359,40.5267239377093],[-112.0238747275,40.5266529620315],[-112.024087740687,40.5266547754929],[-112.026531807253,40.526617552386],[-112.026352546318,40.5254104908421],[-112.029377780493,40.5251335914456],[-112.029405482451,40.524266543025],[-112.032951472998,40.5242767432735],[-112.032999455232,40.5369416155935],[-112.028542983031,40.5369432681036],[-112.028559169144,40.5331899747946],[-112.025592933919,40.533178025137],[-112.025569140934,40.5343918782396],[-112.023639653765,40.5343682495879],[-112.023555625296,40.5343686248952],[-112.023556151529,40.5342455164951],[-112.02414353865,40.5342485509237],[-112.024142147138,40.5331761832691],[-112.023885883088,40.5331751610976],[-112.023469572937,40.5331803457638],[-112.02326367809,40.5333718873011],[-112.023104708177,40.5334926895384],[-112.022920856641,40.5336269454825],[-112.022719458692,40.5337536541896],[-112.022498160371,40.5338918885579],[-112.022089677791,40.5340557374406],[-112.021863560656,40.5341532779035],[-112.021194144191,40.5343378706545],[-112.020794329204,40.5344056894545],[-112.019928962133,40.5344342965008],[-112.019567141555,40.5344217481147],[-112.019567057153,40.5342511325935],[-112.019362922919,40.5311359878486],[-112.017487979534,40.5311397021969]]]},"properties":{"zone_code":"R-2-10","zone_description":"Residential - single family or dwelling group on 10,000 sq. ft. min.","zone_class_normalized":"Industrial/Flex","jurisdiction":"herriman_ut","source_rest_url":"https://services2.arcgis.com/XBmqwOHlPh25M7aJ/arcgis/rest/services/HerrimanCityZoning/FeatureServer/0","extraction_method":"arcgis_rest","confidence":"rest_api"}},{"type":"Feature","geometry":{"type":"MultiPolygon","coordinates":[[[[-112.042518009203,40.5024363905571],[-112.040781531604,40.5024343508973],[-112.040473366801,40.5024377117102],[-112.040467262785,40.501374490069],[-112.040465842001,40.5004967469709],[-112.039955354139,40.5004922119689],[-112.039952297453,40.4986614528843],[-112.038761347583,40.4986583580117],[-112.038761923125,40.4994431269174],[-112.037556983624,40.4994357243169],[-112.037557709857,40.4986449182485],[-112.035433715359,40.4986472058728],[-112.035485905078,40.498053716866],[-112.036360968541,40.4980497142634],[-112.036339041878,40.496820381167],[-112.036285789234,40.493091620722],[-112.037598057862,40.4930861468107],[-112.043528757917,40.4930621659686],[-112.043538913607,40.4932180967803],[-112.044773095318,40.4932123644073],[-112.044780680766,40.4949406077036],[-112.043999188614,40.4949468677716],[-112.043587605839,40.4949468634602],[-112.043588577228,40.4970539704039],[-112.043594393094,40.4970539605319],[-112.043577486199,40.4977528940826],[-112.042111614854,40.4977496045043],[-112.042123299733,40.4986669432428],[-112.042272935488,40.4986628906915],[-112.042284569319,40.4995735091497],[-112.042848038349,40.4995742600125],[-112.042849629162,40.4986669413048],[-112.043597668387,40.4986668314411],[-112.043596828825,40.4990779409198],[-112.043603863067,40.4998615992627],[-112.04360434366,40.4998936607077],[-112.043615509345,40.5013064455404],[-112.042528638641,40.5013114830332],[-112.04252845114,40.5019518626413],[-112.043620594123,40.5019498168087],[-112.043643638367,40.5048652750664],[-112.042529686793,40.5048676416141],[-112.042518009203,40.5024363905571]]],[[[-112.042534305952,40.5058294563676],[-112.042532017167,40.5053528753591],[-112.043647469614,40.5053499723178],[-112.043651291757,40.505833519473],[-112.042534305952,40.5058294563676]]],[[[-112.041199612359,40.5224004683812],[-112.041190994926,40.5206307572922],[-112.039501123471,40.5210418546371],[-112.039571813648,40.5213178690893],[-112.037135192081,40.5213589350794],[-112.037005321734,40.5202910802081],[-112.039303676513,40.5201821241466],[-112.039251767691,40.5199608027141],[-112.041185637257,40.5191285047428],[-112.041199612359,40.5224004683812]]],[[[-112.032998185567,40.5242888444983],[-112.032972333544,40.5233416434452],[-112.031122833777,40.5233500388136],[-112.031117342573,40.5226443607401],[-112.030324068665,40.5227836647572],[-112.030319921332,40.5222498823942],[-112.027810176262,40.5227316797361],[-112.025821212553,40.5231025185102],[-112.0257525049,40.522437240302],[-112.02382447914,40.5224382232991],[-112.023785805701,40.5173986344842],[-112.023615441532,40.5173988319833],[-112.023628950472,40.5172877226673],[-112.023683226025,40.5167669275082],[-112.023753671127,40.5162775533212],[-112.023871844783,40.5158548897453],[-112.024272284583,40.5152971154088],[-112.02442886746,40.5146065827934],[-112.024433741684,40.5173910773425],[-112.025827086893,40.5173833041628],[-112.025689188495,40.5195802064818],[-112.029613158973,40.5195705153772],[-112.029666484766,40.5204858450764],[-112.032909251786,40.5203181377942],[-112.033002229019,40.5203074366696],[-112.033002911887,40.5207739113264],[-112.033121044692,40.5207899105219],[-112.034810794919,40.520784663729],[-112.034887269082,40.5217355663456],[-112.033056976666,40.5217516290649],[-112.032953295473,40.5217519789812],[-112.032953258887,40.5217482003096],[-112.032949725443,40.5213795491072],[-112.032946870604,40.5213512703321],[-112.032944200838,40.5210175045652],[-112.031359781906,40.521252978527],[-112.031362863221,40.5216487897249],[-112.032790750996,40.5213993668929],[-112.032946406243,40.5213785537479],[-112.032947620254,40.5217525874627],[-112.03288740538,40.5217521488879],[-112.03200144695,40.521916721044],[-112.032006697947,40.5224711055533],[-112.032892943931,40.5223016320575],[-112.032960721446,40.5222987221062],[-112.03296312737,40.5223990286623],[-112.032998185567,40.5242888444983]]]]},"properties":{"zone_code":"A-1-43","zone_description":"Agricultural - single family/animals allowed on 1 acre min.","zone_class_normalized":"Agriculture/Rural","jurisdiction":"herriman_ut","source_rest_url":"https://services2.arcgis.com/XBmqwOHlPh25M7aJ/arcgis/rest/services/HerrimanCityZoning/FeatureServer/0","extraction_method":"arcgis_rest","confidence":"rest_api"}},{"type":"Feature","geometry":{"type":"Polygon","coordinates":[[[-112.007672646467,40.5298912306347],[-112.007657735064,40.5298536421009],[-112.007418025548,40.529523866613],[-112.006928930012,40.5288000286017],[-112.006390686223,40.5278911204567],[-112.005534650147,40.526206609865],[-112.005500402383,40.526458623965],[-112.005492964702,40.5264297817155],[-112.004890847809,40.5240947460947],[-112.004652493372,40.5231703532052],[-112.004667233108,40.522511904371],[-112.005329090254,40.5225113501136],[-112.005329519752,40.5223744134009],[-112.005508776709,40.5223743707903],[-112.006310089939,40.5223741766665],[-112.00691104187,40.5249443248279],[-112.008564619212,40.5249231408351],[-112.008570891758,40.5285424081233],[-112.009417001527,40.5296852479848],[-112.010120483192,40.5296894284436],[-112.010164723573,40.5296863324514],[-112.010136728096,40.5327333842882],[-112.010098416706,40.532695879013],[-112.009689963102,40.5322488203073],[-112.009198112343,40.5316875520146],[-112.008579764328,40.5309839756277],[-112.008073456089,40.5303870834019],[-112.007870238846,40.5301315050259],[-112.007672654055,40.529873369464],[-112.007672646467,40.5298912306347]]]},"properties":{"zone_code":"A-1-43","zone_description":"Agricultural - single family/animals allowed on 1 acre min.","zone_class_normalized":"Agriculture/Rural","jurisdiction":"herriman_ut","source_rest_url":"https://services2.arcgis.com/XBmqwOHlPh25M7aJ/arcgis/rest/services/HerrimanCityZoning/FeatureServer/0","extraction_method":"arcgis_rest","confidence":"rest_api"}},{"type":"Feature","geometry":{"type":"Polygon","coordinates":[[[-111.976812195639,40.4843904169179],[-111.976797361883,40.4822656934609],[-111.977292099191,40.4822595260179],[-111.978106210227,40.4822458320925],[-111.978121137889,40.4822487845418],[-111.97826375442,40.4822769852366],[-111.978447649199,40.4823085402785],[-111.978632784822,40.4823355365723],[-111.979299490104,40.4823298313269],[-111.979473003751,40.4823282503532],[-111.979472822651,40.482360750734],[-111.979726389979,40.482358481444],[-111.979879354051,40.4823604035708],[-111.980031933872,40.4823689040911],[-111.980183643353,40.4823839543793],[-111.980334002174,40.4824055077763],[-111.980449844139,40.482427335846],[-111.980471307801,40.4824375739901],[-111.980475345615,40.4824381572218],[-111.980483155839,40.4824420022316],[-111.980574133189,40.4824550028033],[-111.980628759933,40.4824678282467],[-111.980772222253,40.4825083974467],[-111.98091246422,40.4825550748945],[-111.981049038973,40.4826077102367],[-111.981115276308,40.4826369244643],[-111.981620333482,40.4829120185749],[-111.981745087175,40.4829893112621],[-111.982126910198,40.4832151603598],[-111.98091149644,40.4843993109894],[-111.980098595692,40.4851912655593],[-111.980098564012,40.4851912891045],[-111.979797379461,40.4853621267705],[-111.979795409514,40.485363779317],[-111.979554491578,40.4854998966924],[-111.979554417563,40.4854999384225],[-111.979403872293,40.4855849948602],[-111.979390239792,40.4855883810323],[-111.979137345716,40.4857414470167],[-111.979075062633,40.4857617164633],[-111.978902158832,40.4857016408141],[-111.97824798883,40.4855629179705],[-111.977488835955,40.4853372117611],[-111.976838360316,40.4851411740449],[-111.976812195639,40.4843904169179]]]},"properties":{"zone_code":"C-2","zone_description":"Community Commercial","zone_class_normalized":"Commercial","jurisdiction":"herriman_ut","source_rest_url":"https://services2.arcgis.com/XBmqwOHlPh25M7aJ/arcgis/rest/services/HerrimanCityZoning/FeatureServer/0","extraction_method":"arcgis_rest","confidence":"rest_api"}},{"type":"Feature","geometry":{"type":"Polygon","coordinates":[[[-112.062645238689,40.4972649754024],[-112.065072683548,40.497242784169],[-112.065067741243,40.4983690278823],[-112.064163421029,40.4983664566016],[-112.062659372946,40.4983669139177],[-112.062645238689,40.4972649754024]]]},"properties":{"zone_code":"R-1-10","zone_description":"Residential - single family on 10,000 sq. ft. min.","zone_class_normalized":"Residential-Low","jurisdiction":"herriman_ut","source_rest_url":"https://services2.arcgis.com/XBmqwOHlPh25M7aJ/arcgis/rest/services/HerrimanCityZoning/FeatureServer/0","extraction_method":"arcgis_rest","confidence":"rest_api"}},{"type":"Feature","geometry":{"type":"Polygon","coordinates":[[[-112.067400400397,40.5058986700227],[-112.067399734336,40.5058503269512],[-112.065134977852,40.5058547132927],[-112.0651348896,40.5058848167874],[-112.06501970822,40.5057817433202],[-112.065038598367,40.5050184160115],[-112.065007217804,40.5050158196304],[-112.065019065597,40.504955918381],[-112.067355542429,40.5049537067449],[-112.067365855318,40.5040480379771],[-112.069754894675,40.5040325490367],[-112.069756389529,40.5058898418562],[-112.069467467643,40.50588528622],[-112.068796085296,40.5058945071791],[-112.067898241357,40.5058988619399],[-112.067400400397,40.5058986700227]]]},"properties":{"zone_code":"A-1-10","zone_description":"Agricultural - single family on 10,000 sq. ft. min.","zone_class_normalized":"Agriculture/Rural","jurisdiction":"herriman_ut","source_rest_url":"https://services2.arcgis.com/XBmqwOHlPh25M7aJ/arcgis/rest/services/HerrimanCityZoning/FeatureServer/0","extraction_method":"arcgis_rest","confidence":"rest_api"}},{"type":"Feature","geometry":{"type":"Polygon","coordinates":[[[-112.067363512461,40.5031517837003],[-112.067339798134,40.5013305808142],[-112.069657034305,40.5013241578527],[-112.069678340343,40.5031283025064],[-112.069747448136,40.503140216318],[-112.069749789768,40.5040325738586],[-112.06735350461,40.5040394863447],[-112.067363512461,40.5031517837003]]]},"properties":{"zone_code":"A-1-10","zone_description":"Agricultural - single family on 10,000 sq. ft. min.","zone_class_normalized":"Agriculture/Rural","jurisdiction":"herriman_ut","source_rest_url":"https://services2.arcgis.com/XBmqwOHlPh25M7aJ/arcgis/rest/services/HerrimanCityZoning/FeatureServer/0","extraction_method":"arcgis_rest","confidence":"rest_api"}},{"type":"Feature","geometry":{"type":"Polygon","coordinates":[[[-112.065783813204,40.5021885621637],[-112.067392997813,40.5021887556705],[-112.067392815262,40.5031086026383],[-112.06504120891,40.5031020904258],[-112.065019510919,40.5029612266993],[-112.065783639002,40.5029568478862],[-112.065783813204,40.5021885621637]]]},"properties":{"zone_code":"A-1-10","zone_description":"Agricultural - single family on 10,000 sq. ft. min.","zone_class_normalized":"Agriculture/Rural","jurisdiction":"herriman_ut","source_rest_url":"https://services2.arcgis.com/XBmqwOHlPh25M7aJ/arcgis/rest/services/HerrimanCityZoning/FeatureServer/0","extraction_method":"arcgis_rest","confidence":"rest_api"}},{"type":"Feature","geometry":{"type":"Polygon","coordinates":[[[-112.069782423734,40.5076967909583],[-112.067401952145,40.5077022237932],[-112.067390713382,40.5058953604348],[-112.069756240325,40.5058719631937],[-112.069782423734,40.5076967909583]]]},"properties":{"zone_code":"A-1-10","zone_description":"Agricultural - single family on 10,000 sq. ft. min.","zone_class_normalized":"Agriculture/Rural","jurisdiction":"herriman_ut","source_rest_url":"https://services2.arcgis.com/XBmqwOHlPh25M7aJ/arcgis/rest/services/HerrimanCityZoning/FeatureServer/0","extraction_method":"arcgis_rest","confidence":"rest_api"}},{"type":"Feature","geometry":{"type":"Polygon","coordinates":[[[-112.068831173435,40.5081340809979],[-112.06882480468,40.5085450735548],[-112.066460283018,40.5085539147781],[-112.066459270088,40.508157957392],[-112.066261188114,40.5081511967093],[-112.066259943383,40.5076641351156],[-112.065017863978,40.5076543091076],[-112.065018657276,40.5067073063997],[-112.062626705782,40.5067069583018],[-112.062631028311,40.5058073634648],[-112.065018861244,40.5058077095681],[-112.065013095816,40.5066945313553],[-112.065106695545,40.5067540195496],[-112.067401065021,40.5067520679985],[-112.067409987155,40.5077046317845],[-112.069782393099,40.5076931203102],[-112.069783783029,40.5081433913585],[-112.068831173435,40.5081340809979]]]},"properties":{"zone_code":"R-1-10","zone_description":"Residential - single family on 10,000 sq. ft. min.","zone_class_normalized":"Residential-Low","jurisdiction":"herriman_ut","source_rest_url":"https://services2.arcgis.com/XBmqwOHlPh25M7aJ/arcgis/rest/services/HerrimanCityZoning/FeatureServer/0","extraction_method":"arcgis_rest","confidence":"rest_api"}},{"type":"Feature","geometry":{"type":"Polygon","coordinates":[[[-112.069776506013,40.5084899693625],[-112.069786564151,40.507883280816],[-112.071557863853,40.5078809146811],[-112.071558500505,40.5079530135637],[-112.071563622007,40.5084879387833],[-112.069776506013,40.5084899693625]]]},"properties":{"zone_code":"A-1-10","zone_description":"Agricultural - single family on 10,000 sq. ft. min.","zone_class_normalized":"Agriculture/Rural","jurisdiction":"herriman_ut","source_rest_url":"https://services2.arcgis.com/XBmqwOHlPh25M7aJ/arcgis/rest/services/HerrimanCityZoning/FeatureServer/0","extraction_method":"arcgis_rest","confidence":"rest_api"}},{"type":"Feature","geometry":{"type":"Polygon","coordinates":[[[-112.062634711501,40.5093054913872],[-112.063187810098,40.5093821825498],[-112.063188825551,40.509309898348],[-112.063186791009,40.5085004611819],[-112.065020002377,40.5084977685011],[-112.065027247654,40.5084978488419],[-112.065027371247,40.5085022323061],[-112.065028436948,40.5085481670377],[-112.065020979119,40.5086154993983],[-112.065022869366,40.5096244209609],[-112.065512985414,40.5096871566354],[-112.06551421821,40.5097560699187],[-112.065515887252,40.5097562879116],[-112.065515512551,40.5097878291817],[-112.065529588542,40.5115043914259],[-112.06264829371,40.5115145393037],[-112.062634711501,40.5093054913872]],[[-112.064171713618,40.5095154666009],[-112.065022826846,40.5096244157625],[-112.065021263136,40.5090015195193],[-112.064931356057,40.5090016530882],[-112.064167645494,40.5090027773798],[-112.064168755889,40.5094461167181],[-112.064171166891,40.509446453638],[-112.064171713618,40.5095154666009]]]},"properties":{"zone_code":"A-1-43","zone_description":"Agricultural - single family/animals allowed on 1 acre min.","zone_class_normalized":"Agriculture/Rural","jurisdiction":"herriman_ut","source_rest_url":"https://services2.arcgis.com/XBmqwOHlPh25M7aJ/arcgis/rest/services/HerrimanCityZoning/FeatureServer/0","extraction_method":"arcgis_rest","confidence":"rest_api"}},{"type":"Feature","geometry":{"type":"Polygon","coordinates":[[[-112.065049811862,40.4983962734727],[-112.067081369459,40.4983856739616],[-112.067085011627,40.499450910398],[-112.065035532471,40.4994643412422],[-112.065049811862,40.4983962734727]]]},"properties":{"zone_code":"A-1-10","zone_description":"Agricultural - single family on 10,000 sq. ft. min.","zone_class_normalized":"Agriculture/Rural","jurisdiction":"herriman_ut","source_rest_url":"https://services2.arcgis.com/XBmqwOHlPh25M7aJ/arcgis/rest/services/HerrimanCityZoning/FeatureServer/0","extraction_method":"arcgis_rest","confidence":"rest_api"}},{"type":"Feature","geometry":{"type":"Polygon","coordinates":[[[-112.065076535686,40.4963296558537],[-112.065398454058,40.4962807821015],[-112.065500706234,40.4962779227564],[-112.065624671687,40.4962773243533],[-112.06572054839,40.4962532011036],[-112.065797792253,40.4962244360488],[-112.065859421422,40.4961815503299],[-112.065914793837,40.4961315963346],[-112.06590131421,40.4968523590236],[-112.065058592662,40.4968578348841],[-112.065076535686,40.4963296558537]]]},"properties":{"zone_code":"A-1-10","zone_description":"Agricultural - single family on 10,000 sq. ft. min.","zone_class_normalized":"Agriculture/Rural","jurisdiction":"herriman_ut","source_rest_url":"https://services2.arcgis.com/XBmqwOHlPh25M7aJ/arcgis/rest/services/HerrimanCityZoning/FeatureServer/0","extraction_method":"arcgis_rest","confidence":"rest_api"}},{"type":"Feature","geometry":{"type":"Polygon","coordinates":[[[-112.069783783029,40.5081433913585],[-112.069788711315,40.5087121066415],[-112.068339371533,40.5087142960958],[-112.068338951038,40.5085511098431],[-112.06882480468,40.5085450735548],[-112.068831173435,40.5081340809979],[-112.069783783029,40.5081433913585]]]},"properties":{"zone_code":"A-1-10","zone_description":"Agricultural - single family on 10,000 sq. ft. min.","zone_class_normalized":"Agriculture/Rural","jurisdiction":"herriman_ut","source_rest_url":"https://services2.arcgis.com/XBmqwOHlPh25M7aJ/arcgis/rest/services/HerrimanCityZoning/FeatureServer/0","extraction_method":"arcgis_rest","confidence":"rest_api"}},{"type":"Feature","geometry":{"type":"Polygon","coordinates":[[[-112.022717956449,40.5369492510134],[-112.022683409623,40.5349185172968],[-112.022504325816,40.5346159035067],[-112.023033765194,40.534370954398],[-112.023194517827,40.5343717023079],[-112.025574653324,40.5343862285272],[-112.025589999322,40.5331850357746],[-112.028549983195,40.5331967507253],[-112.028542983031,40.5369432681036],[-112.025979508452,40.5369460572666],[-112.022717956449,40.5369492510134]]]},"properties":{"zone_code":"R-20-43","zone_description":"Residential - multi-family","zone_class_normalized":"Mixed-Use","jurisdiction":"herriman_ut","source_rest_url":"https://services2.arcgis.com/XBmqwOHlPh25M7aJ/arcgis/rest/services/HerrimanCityZoning/FeatureServer/0","extraction_method":"arcgis_rest","confidence":"rest_api"}},{"type":"Feature","geometry":{"type":"Polygon","coordinates":[[[-112.065020149621,40.5085560475115],[-112.065017527185,40.5080157886461],[-112.065017863978,40.5076543091076],[-112.066259943383,40.5076641351156],[-112.066273882008,40.5081582329001],[-112.066459270088,40.508157957392],[-112.066460283018,40.5085539147781],[-112.065020149621,40.5085560475115]]]},"properties":{"zone_code":"A-1-10","zone_description":"Agricultural - single family on 10,000 sq. ft. min.","zone_class_normalized":"Agriculture/Rural","jurisdiction":"herriman_ut","source_rest_url":"https://services2.arcgis.com/XBmqwOHlPh25M7aJ/arcgis/rest/services/HerrimanCityZoning/FeatureServer/0","extraction_method":"arcgis_rest","confidence":"rest_api"}},{"type":"Feature","geometry":{"type":"Polygon","coordinates":[[[-112.024458230043,40.5005321682345],[-112.020572255297,40.5005163748872],[-112.020569365254,40.5001373177998],[-112.02074227482,40.5000519023183],[-112.020857668886,40.5000109061893],[-112.020996943246,40.4999403617485],[-112.02110740432,40.4998846662973],[-112.021194097282,40.4998732394929],[-112.021251217506,40.4997772979405],[-112.021366245487,40.499688459202],[-112.021447499544,40.4995960899564],[-112.021586378863,40.4994740221186],[-112.021692045367,40.4994220272468],[-112.021855393216,40.4993476938675],[-112.02191304773,40.4993216748446],[-112.022038222247,40.4992990356819],[-112.022110057198,40.4992361508489],[-112.022162805651,40.4991991123532],[-112.022339462447,40.4989738272349],[-112.022430382961,40.498885094883],[-112.02271357472,40.4987218979606],[-112.022871930477,40.4986255038786],[-112.022986899212,40.4985293032483],[-112.023020362291,40.4984923504333],[-112.023376682579,40.4984355550419],[-112.023520885363,40.4983797065365],[-112.023564130743,40.4983611115764],[-112.023713492138,40.4983494037368],[-112.024119263026,40.4984543171418],[-112.024446995509,40.4984418103259],[-112.024463023305,40.500528466978],[-112.024458230043,40.5005321682345]]]},"properties":{"zone_code":"R-1-21","zone_description":"Residential - single family/limited animal uses on 1/2 acre min.","zone_class_normalized":"Industrial/Flex","jurisdiction":"herriman_ut","source_rest_url":"https://services2.arcgis.com/XBmqwOHlPh25M7aJ/arcgis/rest/services/HerrimanCityZoning/FeatureServer/0","extraction_method":"arcgis_rest","confidence":"rest_api"}},{"type":"Feature","geometry":{"type":"Polygon","coordinates":[[[-112.024447406331,40.498443228715],[-112.024118768803,40.4984518688515],[-112.023676558306,40.4983463059873],[-112.02353580087,40.4983612732897],[-112.023386036574,40.4984264668471],[-112.023039056538,40.4984925407612],[-112.022861665955,40.4986295500982],[-112.022459599307,40.4988607631013],[-112.022273200087,40.4990479978636],[-112.02213359217,40.4992135150605],[-112.022059119564,40.4992998791841],[-112.021955923882,40.4993146781054],[-112.02169378879,40.4994233856761],[-112.021600259475,40.4994739873444],[-112.021320379935,40.4997189914781],[-112.021245741561,40.4997838479607],[-112.021199386355,40.4998629168437],[-112.021124364683,40.499877588795],[-112.020871672498,40.499993422068],[-112.020628260666,40.5000948752949],[-112.020621898373,40.4967969980747],[-112.024434686634,40.4967871623914],[-112.024456796637,40.4984431866827],[-112.024447406331,40.498443228715]]]},"properties":{"zone_code":"R-1-15","zone_description":"Residential - single family on 15,000 sq. ft. min.","zone_class_normalized":"Residential-Low","jurisdiction":"herriman_ut","source_rest_url":"https://services2.arcgis.com/XBmqwOHlPh25M7aJ/arcgis/rest/services/HerrimanCityZoning/FeatureServer/0","extraction_method":"arcgis_rest","confidence":"rest_api"}},{"type":"Feature","geometry":{"type":"Polygon","coordinates":[[[-112.033756035161,40.4986521210169],[-112.03378858772,40.4968094445429],[-112.036380718683,40.4968262837656],[-112.036380957566,40.4980522452719],[-112.035479351693,40.4980491997419],[-112.035446453396,40.4986444080693],[-112.033765426669,40.4986520782332],[-112.033756035161,40.4986521210169]]]},"properties":{"zone_code":"A-1-10","zone_description":"Agricultural - single family on 10,000 sq. ft. min.","zone_class_normalized":"Agriculture/Rural","jurisdiction":"herriman_ut","source_rest_url":"https://services2.arcgis.com/XBmqwOHlPh25M7aJ/arcgis/rest/services/HerrimanCityZoning/FeatureServer/0","extraction_method":"arcgis_rest","confidence":"rest_api"}},{"type":"Feature","geometry":{"type":"Polygon","coordinates":[[[-112.03757390982,40.493116900227],[-112.033973455358,40.4930951904336],[-112.033992460424,40.4912626827136],[-112.037542717661,40.49127189737],[-112.03757390982,40.493116900227]]]},"properties":{"zone_code":"A-1-10","zone_description":"Agricultural - single family on 10,000 sq. ft. min.","zone_class_normalized":"Agriculture/Rural","jurisdiction":"herriman_ut","source_rest_url":"https://services2.arcgis.com/XBmqwOHlPh25M7aJ/arcgis/rest/services/HerrimanCityZoning/FeatureServer/0","extraction_method":"arcgis_rest","confidence":"rest_api"}},{"type":"Feature","geometry":{"type":"MultiPolygon","coordinates":[[[[-112.038143429612,40.4913582152703],[-112.037543618592,40.4913863476274],[-112.037542617493,40.4912591724693],[-112.033992559931,40.4912754076172],[-112.033963605614,40.4875725184323],[-112.038696859447,40.4875635737234],[-112.038733603882,40.4879960603914],[-112.03920216512,40.4882356832119],[-112.041173110691,40.4887737770767],[-112.041174088613,40.4895014955122],[-112.0416282828,40.489503029481],[-112.041628433011,40.489521968247],[-112.04164572292,40.48952237733],[-112.041634102452,40.4901586896778],[-112.04235076866,40.4901553740792],[-112.042343100388,40.4894947592779],[-112.043545500707,40.4894881284475],[-112.043534843507,40.4913788940026],[-112.043515538777,40.4913789835653],[-112.043529767889,40.492279393217],[-112.043524771029,40.4931657948049],[-112.039907598156,40.4931593784865],[-112.039960327788,40.4913753060171],[-112.03887687504,40.4913675692676],[-112.038143429612,40.4913582152703]]],[[[-112.041559750246,40.4912915720982],[-112.041551576268,40.4902608723457],[-112.041306061266,40.4902620070182],[-112.041175110548,40.4902627479992],[-112.041176512381,40.4913060684081],[-112.041559750246,40.4912915720982]]],[[[-112.037544921329,40.4915518406665],[-112.037563191331,40.4917553589684],[-112.038146337698,40.4917272310324],[-112.038151853128,40.4924270895213],[-112.038141030066,40.4931562047291],[-112.037557542675,40.49315515048],[-112.037544921329,40.4915518406665]]],[[[-112.037543618592,40.4913863476274],[-112.037544921329,40.4915518406665],[-112.037526851759,40.4913737712461],[-112.037543618592,40.4913863476274]]]]},"properties":{"zone_code":"A-1-10","zone_description":"Agricultural - single family on 10,000 sq. ft. min.","zone_class_normalized":"Agriculture/Rural","jurisdiction":"herriman_ut","source_rest_url":"https://services2.arcgis.com/XBmqwOHlPh25M7aJ/arcgis/rest/services/HerrimanCityZoning/FeatureServer/0","extraction_method":"arcgis_rest","confidence":"rest_api"}},{"type":"Feature","geometry":{"type":"Polygon","coordinates":[[[-112.039924412708,40.493156991881],[-112.038157669513,40.4931651206991],[-112.038163003836,40.4917271544757],[-112.037562990986,40.4917299091717],[-112.037576753281,40.4913608169166],[-112.039943561122,40.4913626579314],[-112.039924412708,40.493156991881]]]},"properties":{"zone_code":"A-1-10","zone_description":"Agricultural - single family on 10,000 sq. ft. min.","zone_class_normalized":"Agriculture/Rural","jurisdiction":"herriman_ut","source_rest_url":"https://services2.arcgis.com/XBmqwOHlPh25M7aJ/arcgis/rest/services/HerrimanCityZoning/FeatureServer/0","extraction_method":"arcgis_rest","confidence":"rest_api"}},{"type":"Feature","geometry":{"type":"Polygon","coordinates":[[[-112.064171713618,40.5095154666009],[-112.064167645494,40.5090027773798],[-112.065021263136,40.5090015195193],[-112.065022826846,40.5096244157625],[-112.064171713618,40.5095154666009]]]},"properties":{"zone_code":"R-1-10","zone_description":"Residential - single family on 10,000 sq. ft. min.","zone_class_normalized":"Residential-Low","jurisdiction":"herriman_ut","source_rest_url":"https://services2.arcgis.com/XBmqwOHlPh25M7aJ/arcgis/rest/services/HerrimanCityZoning/FeatureServer/0","extraction_method":"arcgis_rest","confidence":"rest_api"}},{"type":"Feature","geometry":{"type":"Polygon","coordinates":[[[-112.005176652628,40.4883072092954],[-112.005187757196,40.4885899504961],[-112.004971513753,40.4884213069915],[-112.00465365948,40.4881588630285],[-112.003934924184,40.4876131333486],[-112.003086298294,40.487198459932],[-112.002049402246,40.4869084321462],[-112.001471296299,40.4868297110021],[-112.001298964833,40.4868199981227],[-112.001162879718,40.4868110224156],[-112.001219544806,40.4862195418992],[-112.001391726505,40.485877789869],[-112.001790502535,40.4856647090714],[-112.00216763885,40.4856413274916],[-112.003174399904,40.4857573606735],[-112.003404606492,40.4857533537482],[-112.004512440239,40.4857252543755],[-112.005171021098,40.485670897823],[-112.005175981343,40.4882545735601],[-112.005176652628,40.4883072092954]]]},"properties":{"zone_code":"R-2-10","zone_description":"Residential - single family or dwelling group on 10,000 sq. ft. min.","zone_class_normalized":"Industrial/Flex","jurisdiction":"herriman_ut","source_rest_url":"https://services2.arcgis.com/XBmqwOHlPh25M7aJ/arcgis/rest/services/HerrimanCityZoning/FeatureServer/0","extraction_method":"arcgis_rest","confidence":"rest_api"}},{"type":"Feature","geometry":{"type":"Polygon","coordinates":[[[-112.006155149894,40.4873290820684],[-112.006164859446,40.4873481290459],[-112.006174230029,40.487367274751],[-112.006183260443,40.4873865164871],[-112.006191947111,40.4874058488663],[-112.006200290017,40.4874252700875],[-112.006208287949,40.487444775653],[-112.006215938522,40.4874643619709],[-112.006223240534,40.4874840263446],[-112.006230192767,40.487503763376],[-112.006236794027,40.4875235712689],[-112.006243043101,40.487543445526],[-112.006248938783,40.4875633825499],[-112.006254479872,40.4875833796442],[-112.00625966515,40.4876034314106],[-112.006264493415,40.4876235351526],[-112.006268965815,40.4876436863623],[-112.006273078796,40.487663883254],[-112.006276832318,40.4876841204243],[-112.006280227534,40.4877043942659],[-112.006283260879,40.4877247011918],[-112.006285934691,40.4877450384903],[-112.00628824657,40.4877654007681],[-112.006290197675,40.4877857853186],[-112.006291785622,40.4878061885495],[-112.006293011555,40.4878266059531],[-112.006293874275,40.4878470348328],[-112.00629437492,40.4878674697802],[-112.006294512292,40.4878879080986],[-112.006294286368,40.4879083470863],[-112.006293698283,40.4879287804344],[-112.00629274685,40.4879492072473],[-112.0062914332,40.487969621216],[-112.006289757321,40.4879900205394],[-112.006287719171,40.4880103998141],[-112.006285318731,40.4880307563383],[-112.006282558332,40.4880510864997],[-112.006279435582,40.4880713858056],[-112.006275954,40.4880916515389],[-112.00627211237,40.4881118792019],[-112.006267911848,40.4881320651873],[-112.006263353577,40.4881522049871],[-112.006258438724,40.488172296795],[-112.006253167249,40.4881923352077],[-112.006247539131,40.4882123175233],[-112.006241557881,40.4882322401244],[-112.006235223467,40.4882520985079],[-112.006228537047,40.4882718899672],[-112.006221499767,40.4882916099942],[-112.00621411278,40.4883112549816],[-112.006206377245,40.4883308222224],[-112.006198295493,40.4883503081041],[-112.006189868665,40.4883697072184],[-112.006181097933,40.4883890186593],[-112.006171984435,40.4884082370183],[-112.006162531684,40.488427358678],[-112.006152739666,40.4884463818369],[-112.006142610699,40.4884653010816],[-112.006132147123,40.4884841137],[-112.006121350096,40.4885028169852],[-112.006110221945,40.4885214064242],[-112.006098765001,40.4885398784044],[-112.00608698043,40.4885582311196],[-112.00607487173,40.4885764591509],[-112.006062440068,40.4885945606922],[-112.006049688955,40.4886125321255],[-112.006036619544,40.4886303698437],[-112.006023234167,40.4886480702342],[-112.006009536343,40.4886656305798],[-112.00599552723,40.4886830481736],[-112.005981210334,40.4887003184976],[-112.00582329122,40.488913399359],[-112.005715020248,40.4888651052191],[-112.005596894607,40.4888057123038],[-112.005494488719,40.4887502455595],[-112.005308086994,40.4886532095598],[-112.005174122059,40.4885739166401],[-112.005169266333,40.4857835189697],[-112.005504805472,40.4857417754468],[-112.005599809258,40.4861410903153],[-112.005604522129,40.4861641287194],[-112.005609572033,40.4861871251418],[-112.005614957772,40.4862100768859],[-112.005620680504,40.4862329812448],[-112.005626737852,40.4862558355271],[-112.005633129789,40.4862786361304],[-112.005639855123,40.4863013812586],[-112.005646912647,40.4863240673146],[-112.005654303522,40.4863466915914],[-112.005662024195,40.4863692523032],[-112.005670074635,40.4863917449471],[-112.005678454822,40.4864141668213],[-112.005687162382,40.4864365161348],[-112.005696197297,40.4864587901859],[-112.005705557182,40.4864809853824],[-112.005715242015,40.4865030990226],[-112.005725249427,40.4865251293154],[-112.005735580562,40.4865470717528],[-112.005746230697,40.4865689254547],[-112.005757200978,40.4865906859129],[-112.005768490219,40.4866123522319],[-112.005780094856,40.4866339208248],[-112.005792014861,40.486655388089],[-112.005804249049,40.4866767531291],[-112.005816795028,40.4866980114523],[-112.006155149894,40.4873290820684]]]},"properties":{"zone_code":"R-2-10","zone_description":"Residential - single family or dwelling group on 10,000 sq. ft. min.","zone_class_normalized":"Industrial/Flex","jurisdiction":"herriman_ut","source_rest_url":"https://services2.arcgis.com/XBmqwOHlPh25M7aJ/arcgis/rest/services/HerrimanCityZoning/FeatureServer/0","extraction_method":"arcgis_rest","confidence":"rest_api"}},{"type":"Feature","geometry":{"type":"Polygon","coordinates":[[[-111.98651645261,40.4915524652023],[-111.986527650553,40.4915251398694],[-111.986539191158,40.4914978968667],[-111.986551072092,40.4914707398064],[-111.986563293374,40.4914436713898],[-111.986575853831,40.4914166925224],[-111.986588752314,40.4913898077118],[-111.986601988837,40.491363018759],[-111.986615559872,40.4913363274797],[-111.98662946426,40.4913097365803],[-111.986643703192,40.4912832478571],[-111.986658273161,40.4912568658273],[-111.986673174167,40.4912305904909],[-111.986688403884,40.4912044263603],[-111.986703961136,40.491178374341],[-111.986719844764,40.4911524371392],[-111.986736052428,40.4911266174665],[-111.986752584146,40.4911009180243],[-111.986769437566,40.4910753397229],[-111.986786611533,40.4910498861693],[-111.986804103707,40.4910245600749],[-111.986821912915,40.490999362345],[-111.986840036823,40.4909742965913],[-111.986858475444,40.4909493646151],[-111.986877225252,40.490924568232],[-111.986896286265,40.4908999101434],[-111.986915654964,40.4908753930657],[-111.986935331356,40.4908510178993],[-111.986955311927,40.4908267882609],[-111.986975596696,40.4908027068521],[-111.986996182124,40.4907787736875],[-111.987017065878,40.4907549923789],[-111.987038249156,40.490731365623],[-111.987059726067,40.4907078943448],[-111.98708149781,40.4906845812407],[-111.987103560858,40.4906614281265],[-111.987125912878,40.4906384386142],[-111.98714855269,40.4906156127084],[-111.987171477955,40.4905929531205],[-111.987194686338,40.4905704634624],[-111.987218176661,40.4905481437388],[-111.987241945403,40.490525996666],[-111.987265990225,40.4905040249552],[-111.99014605975,40.4876958472658],[-111.988545421819,40.4867345817639],[-111.989104708085,40.4864325972245],[-111.989295768185,40.4863311250432],[-111.989725680457,40.4861066260368],[-111.990468262141,40.4860242006838],[-111.990671678673,40.4859745377139],[-111.991225265944,40.4857251090421],[-111.992105177123,40.4853655420494],[-111.99257357126,40.4851313344228],[-111.995793131419,40.4870523928201],[-111.997423544764,40.4880354751649],[-111.998000588752,40.4884411125755],[-111.999016899241,40.4893587670577],[-111.996643813426,40.4910616637048],[-111.996619189214,40.4910820853864],[-111.996594297004,40.4911023154724],[-111.996569137963,40.4911223521567],[-111.996543715623,40.4911421945234],[-111.996518032325,40.4911618398607],[-111.996492089227,40.4911812854619],[-111.996465891041,40.491200530406],[-111.996439440114,40.4912195728819],[-111.996412737606,40.4912384101827],[-111.996385788221,40.4912570404871],[-111.996358593126,40.4912754619889],[-111.996331155847,40.4912936728716],[-111.996303478723,40.4913116704237],[-111.996275565294,40.4913294546297],[-111.996247417898,40.491347022778],[-111.996219040062,40.4913643730523],[-111.996190434125,40.4913815027406],[-111.996161602446,40.4913984118329],[-111.996132548544,40.4914150976122],[-111.996103274766,40.4914315582674],[-111.996073785823,40.4914477928777],[-111.996044084056,40.4914637987314],[-111.996014170637,40.4914795749226],[-111.995984050271,40.4914951196302],[-111.995953726485,40.4915104310378],[-111.995923201631,40.4915255082348],[-111.995892479229,40.4915403485044],[-111.995861560458,40.4915549518413],[-111.995830451203,40.4915693164194],[-111.995799153804,40.4915834395269],[-111.99576767062,40.4915973211537],[-111.995736005178,40.4916109594834],[-111.995704162175,40.4916243517943],[-111.995672142799,40.4916374989818],[-111.995639950568,40.4916503983291],[-111.995607590196,40.4916630489157],[-111.995575064027,40.4916754489301],[-111.995542374422,40.4916875983624],[-111.995509527259,40.4916994944857],[-111.995476523711,40.4917111363944],[-111.995443367311,40.4917225231728],[-111.995410062778,40.4917336548008],[-111.995376612444,40.4917445276662],[-111.995343019862,40.4917551435548],[-111.995309288545,40.4917654988495],[-111.995275422031,40.4917755935351],[-111.995241422675,40.491785426701],[-111.995207296366,40.4917949974216],[-111.995173044273,40.4918043038906],[-111.9951386723,40.4918133469836],[-111.995104180421,40.4918221230983],[-111.995069575727,40.4918306340056],[-111.995034859379,40.4918388769991],[-111.995000036094,40.4918468520584],[-111.994965109407,40.4918545582681],[-111.994930081669,40.4918619947175],[-111.994894958772,40.4918691604811],[-111.994859741897,40.4918760555538],[-111.994824435755,40.491882679015],[-111.994789042693,40.4918890290536],[-111.99475356861,40.4918951056445],[-111.994718015871,40.4919009096784],[-111.994682387996,40.4919064384384],[-111.994646688524,40.4919116919097],[-111.994610922173,40.4919166700722],[-111.994017681665,40.4920098597444],[-111.993691529401,40.4920792488752],[-111.992920442575,40.4922185251247],[-111.992881615777,40.4922242874386],[-111.99284285937,40.4922303241229],[-111.992804179265,40.4922366369542],[-111.992765577801,40.4922432232209],[-111.99272705735,40.4922500847143],[-111.99268862379,40.4922572187079],[-111.992650277127,40.4922646261024],[-111.992612023246,40.492272305072],[-111.992573864505,40.4922802556068],[-111.992535804442,40.4922884776921],[-111.992497846584,40.4922969695119],[-111.992459993281,40.4923057301558],[-111.992422249253,40.4923147596042],[-111.992384615671,40.4923240569516],[-111.992347098427,40.4923336212728],[-111.992309698694,40.4923434516623],[-111.99227242001,40.4923535481054],[-111.992235267073,40.4923639078807],[-111.992198241068,40.492374531884],[-111.992161346702,40.4923854182943],[-111.992124586327,40.4923965662014],[-111.99208796348,40.4924079755905],[-111.992051481681,40.4924196437452],[-111.992015143294,40.4924315715562],[-111.99197895184,40.4924437563072],[-111.991942910856,40.4924561979834],[-111.991907022689,40.492468894774],[-111.991871290876,40.4924818466642],[-111.991835718943,40.4924950518381],[-111.991800309243,40.4925085093855],[-111.991765065301,40.4925222174905],[-111.991729989469,40.4925361752428],[-111.99169508528,40.4925503817271],[-111.991660356265,40.4925648360282],[-111.99162580477,40.4925795363352],[-111.991591434322,40.4925944808323],[-111.991557247278,40.4926096695097],[-111.990905746269,40.4928617885857],[-111.990873045903,40.4928736188413],[-111.990840192724,40.4928851975629],[-111.990807187908,40.4928965238453],[-111.990774034985,40.4929075967728],[-111.990740739849,40.4929184154199],[-111.990707303666,40.4929289779806],[-111.990673729974,40.4929392844398],[-111.990640022301,40.4929493329816],[-111.990606185358,40.4929591226855],[-111.99057222032,40.4929686526459],[-111.990538133077,40.4929779219374],[-111.990503924803,40.4929869296545],[-111.990469599038,40.4929956757821],[-111.99043516166,40.4930041575938],[-111.990400613849,40.4930123750847],[-111.990365959144,40.4930203282397],[-111.990331202245,40.4930280143374],[-111.990296346704,40.493035435164],[-111.990261394861,40.4930425880078],[-111.990226350256,40.493049472854],[-111.990191217599,40.4930560887822],[-111.990155999245,40.4930624348818],[-111.990120699913,40.4930685111331],[-111.990085321962,40.493074317526],[-111.990049868911,40.4930798513441],[-111.990014346672,40.4930851143638],[-111.989978755226,40.4930901038832],[-111.989943100485,40.4930948216788],[-111.989907385968,40.4930992650341],[-111.989871615228,40.4931034357353],[-111.989835790604,40.4931073310708],[-111.989799916828,40.4931109528221],[-111.989763997427,40.493114299173],[-111.989728035939,40.4931173701088],[-111.989692035899,40.493120164714],[-111.989656000857,40.4931226847751],[-111.989619934333,40.4931249275754],[-111.989583839881,40.4931268949014],[-111.989547722205,40.4931285849321],[-111.989511583671,40.4931299985581],[-111.989475427814,40.4931311348642],[-111.989439259357,40.4931319947312],[-111.989403081833,40.4931325772437],[-111.986347752103,40.4931515208579],[-111.986348219023,40.4922837787458],[-111.98635024606,40.4922551892582],[-111.98635263181,40.4922266153921],[-111.986355377471,40.4921980598446],[-111.986358479531,40.4921695262325],[-111.986361940366,40.4921410172476],[-111.986365758803,40.4921125337953],[-111.986369934875,40.4920840803785],[-111.986374467407,40.4920556579026],[-111.98637935761,40.4920272708654],[-111.986384601952,40.491998920182],[-111.986390202818,40.4919706094451],[-111.986396159045,40.4919423413611],[-111.986402469468,40.4919141177359],[-111.986409132926,40.491885941276],[-111.986416150616,40.4918578146783],[-111.986423521385,40.4918297415498],[-111.986431242885,40.4918017237013],[-111.98643931631,40.491773762929],[-111.986447740504,40.49174586284],[-111.9864565143,40.4917180252402],[-111.986465636544,40.4916902537367],[-111.986475107242,40.4916625492301],[-111.986484925246,40.4916349162277],[-111.986495089389,40.4916073565358],[-111.986505598505,40.4915798719601],[-111.98651645261,40.4915524652023]],[[-111.995374390135,40.490653764991],[-111.995228317496,40.4906995768388],[-111.994998211758,40.4907947032323],[-111.994814431877,40.4908747287594],[-111.994744000779,40.4909191929156],[-111.994624089917,40.4909893400116],[-111.994497099186,40.4910730518215],[-111.994706622516,40.49124608994],[-111.99487594929,40.4913966287507],[-111.994979609615,40.4914944793253],[-111.995728127082,40.4911862749564],[-111.995523703346,40.490614515357],[-111.995374390135,40.490653764991]]]},"properties":{"zone_code":"MU-2","zone_description":"Mixed Use 2 Zone","zone_class_normalized":"Mixed-Use","jurisdiction":"herriman_ut","source_rest_url":"https://services2.arcgis.com/XBmqwOHlPh25M7aJ/arcgis/rest/services/HerrimanCityZoning/FeatureServer/0","extraction_method":"arcgis_rest","confidence":"rest_api"}},{"type":"Feature","geometry":{"type":"Polygon","coordinates":[[[-112.00363612918,40.4968418208174],[-112.000506926742,40.4968552301293],[-112.000504860401,40.4965733288999],[-111.995750207663,40.4965935436432],[-111.995742371636,40.4950717853229],[-111.995735634143,40.4937632033771],[-111.995733017536,40.4932016164725],[-112.002535340728,40.4931810366829],[-112.002820597491,40.4937495676138],[-112.00283783858,40.4937879334485],[-112.002854906605,40.4938263432512],[-112.00287180275,40.4938647979176],[-112.002888525831,40.4939032965522],[-112.002905077018,40.4939418382495],[-112.002921453954,40.4939804230196],[-112.002937658997,40.4940190508525],[-112.002953689774,40.4940577199573],[-112.002969547471,40.4940964312295],[-112.002985232081,40.4941351837687],[-112.003000742425,40.49417397758],[-112.003016078488,40.4942128108624],[-112.003031240278,40.4942516845163],[-112.003046228967,40.4942905976364],[-112.003061041008,40.4943295493373],[-112.003075679942,40.4943685396039],[-112.003090143401,40.4944075675457],[-112.003104431392,40.4944466340635],[-112.003118545074,40.4944857364506],[-112.003132482102,40.4945248765181],[-112.00314624482,40.4945640524551],[-112.003159830863,40.494603263371],[-112.003173241424,40.4946425110622],[-112.003186475295,40.4946817919312],[-112.003199533676,40.4947211086749],[-112.003212415367,40.4947604585968],[-112.003225120369,40.4947998416968],[-112.00323764868,40.4948392579751],[-112.003250000301,40.4948787074316],[-112.003262175217,40.4949181882653],[-112.003274173429,40.4949577004764],[-112.003285993756,40.4949972440698],[-112.003297636193,40.495036818145],[-112.003309101917,40.4950764226972],[-112.003320389743,40.4951160568308],[-112.00333149967,40.4951557205459],[-112.003342431691,40.4951954129419],[-112.003353185799,40.4952351331183],[-112.003363762001,40.4952748819759],[-112.003374159104,40.4953146577184],[-112.003384378293,40.4953544612416],[-112.003394419548,40.4953942898438],[-112.003404280523,40.4954341453362],[-112.00341396475,40.4954740268031],[-112.003423468677,40.4955139324587],[-112.003432793488,40.4955538631986],[-112.003441940351,40.4955938172164],[-112.00345090692,40.4956337963237],[-112.003459694352,40.4956737978135],[-112.003468302649,40.4957138216861],[-112.003476730637,40.495753868847],[-112.003484980655,40.4957939365845],[-112.003493049177,40.4958340267149],[-112.003500938548,40.495874137427],[-112.003508648762,40.4959142678204],[-112.003516177466,40.4959544188057],[-112.003523527013,40.4959945894722],[-112.003530696208,40.4960347780239],[-112.003537686244,40.496074986257],[-112.003544494743,40.4961152114799],[-112.003551122896,40.4961554554887],[-112.003557570683,40.4961957155818],[-112.003563836932,40.4962359926647],[-112.003569923994,40.4962762858269],[-112.00357582951,40.4963165950785],[-112.003581554645,40.4963569186134],[-112.003587098227,40.4963972573371],[-112.003592461428,40.4964376103441],[-112.003597644248,40.4964779776344],[-112.003602645494,40.4965183574121],[-112.003607465171,40.4965587505776],[-112.003612104447,40.4965991553248],[-112.003616562147,40.4966395725594],[-112.003620838265,40.4966800013807],[-112.003624932793,40.4967204408884],[-112.003628846912,40.4967608910773],[-112.003632578255,40.496801351057],[-112.00363612918,40.4968418208174]]]},"properties":{"zone_code":"R-2-10","zone_description":"Residential - single family or dwelling group on 10,000 sq. ft. min.","zone_class_normalized":"Industrial/Flex","jurisdiction":"herriman_ut","source_rest_url":"https://services2.arcgis.com/XBmqwOHlPh25M7aJ/arcgis/rest/services/HerrimanCityZoning/FeatureServer/0","extraction_method":"arcgis_rest","confidence":"rest_api"}},{"type":"Feature","geometry":{"type":"Polygon","coordinates":[[[-111.999238358126,40.4748716049549],[-111.99926488778,40.4785011048892],[-111.995756764601,40.4783750500053],[-111.995731444389,40.4748865004648],[-111.999238358126,40.4748716049549]]]},"properties":{"zone_code":"R-1-15","zone_description":"Residential - single family on 15,000 sq. ft. min.","zone_class_normalized":"Residential-Low","jurisdiction":"herriman_ut","source_rest_url":"https://services2.arcgis.com/XBmqwOHlPh25M7aJ/arcgis/rest/services/HerrimanCityZoning/FeatureServer/0","extraction_method":"arcgis_rest","confidence":"rest_api"}},{"type":"Feature","geometry":{"type":"Polygon","coordinates":[[[-112.071506082155,40.50848800508],[-112.071563622007,40.5084879387833],[-112.071571844414,40.5094731345123],[-112.069790861183,40.5094724028889],[-112.069788941742,40.5088003631204],[-112.07150874167,40.5088006221922],[-112.071506082155,40.50848800508]]]},"properties":{"zone_code":"A-1-10","zone_description":"Agricultural - single family on 10,000 sq. ft. min.","zone_class_normalized":"Agriculture/Rural","jurisdiction":"herriman_ut","source_rest_url":"https://services2.arcgis.com/XBmqwOHlPh25M7aJ/arcgis/rest/services/HerrimanCityZoning/FeatureServer/0","extraction_method":"arcgis_rest","confidence":"rest_api"}},{"type":"Feature","geometry":{"type":"Polygon","coordinates":[[[-112.065022826846,40.5096244157625],[-112.065020149621,40.5085560475115],[-112.066006753056,40.5085545869487],[-112.066012141162,40.5096916101313],[-112.0660125766,40.5097511026183],[-112.065022826846,40.5096244157625]]]},"properties":{"zone_code":"C-1","zone_description":"Neighborhood Commercial","zone_class_normalized":"Commercial","jurisdiction":"herriman_ut","source_rest_url":"https://services2.arcgis.com/XBmqwOHlPh25M7aJ/arcgis/rest/services/HerrimanCityZoning/FeatureServer/0","extraction_method":"arcgis_rest","confidence":"rest_api"}},{"type":"Feature","geometry":{"type":"Polygon","coordinates":[[[-112.062629766165,40.5085012736122],[-112.062624746563,40.507684880004],[-112.062624706226,40.5076799855037],[-112.062625418945,40.5076046857476],[-112.065012714209,40.5076050357604],[-112.065010524279,40.5077179413065],[-112.065017118919,40.5080361727153],[-112.065021427111,40.5081703719261],[-112.065022840862,40.5083411903695],[-112.065027247654,40.5084978488419],[-112.065020002377,40.5084977685011],[-112.062629766165,40.5085012736122]]]},"properties":{"zone_code":"R-1-10","zone_description":"Residential - single family on 10,000 sq. ft. min.","zone_class_normalized":"Residential-Low","jurisdiction":"herriman_ut","source_rest_url":"https://services2.arcgis.com/XBmqwOHlPh25M7aJ/arcgis/rest/services/HerrimanCityZoning/FeatureServer/0","extraction_method":"arcgis_rest","confidence":"rest_api"}},{"type":"Feature","geometry":{"type":"Polygon","coordinates":[[[-111.942946989787,40.4623677491741],[-111.943581370499,40.4621866678199],[-111.943586818237,40.4632223451681],[-111.943587426212,40.4637334615591],[-111.942946989787,40.4623677491741]]]},"properties":{"zone_code":"MU-2","zone_description":"Mixed Use 2 Zone","zone_class_normalized":"Mixed-Use","jurisdiction":"herriman_ut","source_rest_url":"https://services2.arcgis.com/XBmqwOHlPh25M7aJ/arcgis/rest/services/HerrimanCityZoning/FeatureServer/0","extraction_method":"arcgis_rest","confidence":"rest_api"}},{"type":"Feature","geometry":{"type":"Polygon","coordinates":[[[-111.940812145295,40.4575705952875],[-111.940909499958,40.4575495564327],[-111.941008772243,40.4575346388407],[-111.94110930493,40.4575259422471],[-111.941210431083,40.4575235222971],[-111.94131147998,40.4575273959267],[-111.941411780632,40.4575375386476],[-111.941510667651,40.457553880923],[-111.941607486021,40.4575763162542],[-111.941701593419,40.4576046957691],[-111.94179236612,40.4576388299999],[-111.941879200205,40.4576784933823],[-111.941961522159,40.4577234224129],[-111.94355792636,40.4577293100096],[-111.943581370499,40.4621866678198],[-111.942946989788,40.462367749174],[-111.942935980427,40.46234427085],[-111.942611344196,40.4614077471173],[-111.941390212684,40.4588034896882],[-111.940812145295,40.4575705952875]]]},"properties":{"zone_code":"C-2","zone_description":"Community Commercial","zone_class_normalized":"Commercial","jurisdiction":"herriman_ut","source_rest_url":"https://services2.arcgis.com/XBmqwOHlPh25M7aJ/arcgis/rest/services/HerrimanCityZoning/FeatureServer/0","extraction_method":"arcgis_rest","confidence":"rest_api"}},{"type":"Feature","geometry":{"type":"Polygon","coordinates":[[[-111.938975069689,40.4533750446857],[-111.943532310779,40.4533744765069],[-111.943553985913,40.4569801537071],[-111.94355792636,40.4577293100096],[-111.941961522159,40.4577234224129],[-111.941879200205,40.4576784933823],[-111.94179236612,40.4576388299999],[-111.941701593419,40.4576046957691],[-111.941607486021,40.4575763162542],[-111.941510667651,40.457553880923],[-111.941411780632,40.4575375386476],[-111.94131147998,40.4575273959267],[-111.941210431083,40.4575235222971],[-111.94110930493,40.4575259422471],[-111.941008772243,40.4575346388407],[-111.940909499958,40.4575495564327],[-111.940812145295,40.4575705952875],[-111.938845152615,40.4533750579731],[-111.938975069689,40.4533750446857]]]},"properties":{"zone_code":"R-20-43","zone_description":"Residential - multi-family","zone_class_normalized":"Mixed-Use","jurisdiction":"herriman_ut","source_rest_url":"https://services2.arcgis.com/XBmqwOHlPh25M7aJ/arcgis/rest/services/HerrimanCityZoning/FeatureServer/0","extraction_method":"arcgis_rest","confidence":"rest_api"}},{"type":"Feature","geometry":{"type":"Polygon","coordinates":[[[-112.022367177011,40.5344052467974],[-112.022089677791,40.5340557374406],[-112.022205902321,40.5340091183754],[-112.022357912171,40.5339481448626],[-112.022537928207,40.5338670472227],[-112.022634656987,40.5338066259392],[-112.022763574834,40.5337258989347],[-112.022943834306,40.5336101661118],[-112.023083105073,40.5335084658702],[-112.02319839191,40.5334214987632],[-112.023324779937,40.5333150457412],[-112.023469572937,40.5331803457638],[-112.023885883088,40.5331751610976],[-112.024142147138,40.5331761832691],[-112.02414353865,40.5342485509237],[-112.023556151529,40.5342455164951],[-112.023555625296,40.5343686248952],[-112.023358347478,40.534369505786],[-112.023033765194,40.534370954398],[-112.022504325816,40.5346159035067],[-112.022367177011,40.5344052467974]]]},"properties":{"zone_code":"C-2","zone_description":"Community Commercial","zone_class_normalized":"Commercial","jurisdiction":"herriman_ut","source_rest_url":"https://services2.arcgis.com/XBmqwOHlPh25M7aJ/arcgis/rest/services/HerrimanCityZoning/FeatureServer/0","extraction_method":"arcgis_rest","confidence":"rest_api"}},{"type":"Feature","geometry":{"type":"Polygon","coordinates":[[[-112.065783813204,40.5021885621637],[-112.065783639002,40.5029568478862],[-112.065019510927,40.5029612275998],[-112.065019705035,40.5021884631928],[-112.065783813204,40.5021885621637]]]},"properties":{"zone_code":"A-1-21","zone_description":"Agricultural - single family/limited animal uses on 1/2 acre min.","zone_class_normalized":"Agriculture/Rural","jurisdiction":"herriman_ut","source_rest_url":"https://services2.arcgis.com/XBmqwOHlPh25M7aJ/arcgis/rest/services/HerrimanCityZoning/FeatureServer/0","extraction_method":"arcgis_rest","confidence":"rest_api"}},{"type":"Feature","geometry":{"type":"Polygon","coordinates":[[[-112.072130592654,40.5021948825139],[-112.072140658876,40.5039911003026],[-112.069752531163,40.5040032454447],[-112.069744736406,40.503104242841],[-112.069766175031,40.5031041340935],[-112.069767062105,40.5029155210794],[-112.07035225517,40.5029125497897],[-112.07035478754,40.5022039155083],[-112.072130592654,40.5021948825139]]]},"properties":{"zone_code":"A-1-10","zone_description":"Agricultural - single family on 10,000 sq. ft. min.","zone_class_normalized":"Agriculture/Rural","jurisdiction":"herriman_ut","source_rest_url":"https://services2.arcgis.com/XBmqwOHlPh25M7aJ/arcgis/rest/services/HerrimanCityZoning/FeatureServer/0","extraction_method":"arcgis_rest","confidence":"rest_api"}},{"type":"Feature","geometry":{"type":"Polygon","coordinates":[[[-112.069782051594,40.5067502474769],[-112.072156103788,40.5067468147904],[-112.072162450401,40.5078791485253],[-112.072153756751,40.507880956126],[-112.071557863853,40.5078809146811],[-112.069786564151,40.507883280816],[-112.069781874519,40.5074992262042],[-112.069782051594,40.5067502474769]]]},"properties":{"zone_code":"A-1-43","zone_description":"Agricultural - single family/animals allowed on 1 acre min.","zone_class_normalized":"Agriculture/Rural","jurisdiction":"herriman_ut","source_rest_url":"https://services2.arcgis.com/XBmqwOHlPh25M7aJ/arcgis/rest/services/HerrimanCityZoning/FeatureServer/0","extraction_method":"arcgis_rest","confidence":"rest_api"}},{"type":"Feature","geometry":{"type":"Polygon","coordinates":[[[-112.069745057341,40.503141287937],[-112.069744397018,40.5031413325748],[-112.069744388406,40.5031391694003],[-112.06967215672,40.5031272851841],[-112.069664391895,40.5021966633248],[-112.069667361748,40.5021986797164],[-112.07035478754,40.5022039155083],[-112.07035225517,40.5029125497897],[-112.069767062105,40.5029155210794],[-112.069766175031,40.5031041340935],[-112.069744736406,40.503104242841],[-112.069745057341,40.503141287937]]]},"properties":{"zone_code":"A-1-10","zone_description":"Agricultural - single family on 10,000 sq. ft. min.","zone_class_normalized":"Agriculture/Rural","jurisdiction":"herriman_ut","source_rest_url":"https://services2.arcgis.com/XBmqwOHlPh25M7aJ/arcgis/rest/services/HerrimanCityZoning/FeatureServer/0","extraction_method":"arcgis_rest","confidence":"rest_api"}},{"type":"Feature","geometry":{"type":"Polygon","coordinates":[[[-112.021525435694,40.5369500871453],[-112.021506476004,40.5368584650281],[-112.021506493445,40.5367651383533],[-112.021581543853,40.5367651466913],[-112.021581698367,40.5359901775839],[-112.021422987435,40.5359844715045],[-112.020231799515,40.5355430673844],[-112.020165646021,40.5354683042693],[-112.02023291256,40.5344280930428],[-112.020870064885,40.5344053529732],[-112.02173410586,40.5342033849006],[-112.022089677791,40.5340557374406],[-112.022367177011,40.5344052467974],[-112.022602294214,40.5347663808187],[-112.022683409623,40.5349185172968],[-112.022717956449,40.5369492510134],[-112.021807409381,40.53695012655],[-112.021525435694,40.5369500871453]]]},"properties":{"zone_code":"C-2","zone_description":"Community Commercial","zone_class_normalized":"Commercial","jurisdiction":"herriman_ut","source_rest_url":"https://services2.arcgis.com/XBmqwOHlPh25M7aJ/arcgis/rest/services/HerrimanCityZoning/FeatureServer/0","extraction_method":"arcgis_rest","confidence":"rest_api"}},{"type":"Feature","geometry":{"type":"Polygon","coordinates":[[[-112.019911420502,40.5369498497815],[-112.019781757333,40.5368594252439],[-112.019646462704,40.5367739390603],[-112.019505858038,40.536693594218],[-112.019225506028,40.5365680370637],[-112.018949552281,40.5364369311376],[-112.018857807036,40.5363867960509],[-112.018770162069,40.5363325577392],[-112.018686935205,40.5362744102301],[-112.018608421958,40.5362125638606],[-112.018534907301,40.5361472398215],[-112.018466653877,40.5360786729111],[-112.017982742038,40.5355863854255],[-112.017903477144,40.5355119401442],[-112.017830544333,40.5354338177068],[-112.017764235168,40.5353523320385],[-112.017704815325,40.5352678088858],[-112.017652522254,40.5351805876279],[-112.017607566314,40.5350910158677],[-112.017570127273,40.5349994548511],[-112.017540355418,40.534906269555],[-112.017510140952,40.5347730745304],[-112.017487989704,40.5346389604339],[-112.017473947443,40.5345042098484],[-112.017468044628,40.5343691099256],[-112.017656188496,40.5343535467627],[-112.017716791504,40.5343560925381],[-112.018900863551,40.5344058312313],[-112.019852772391,40.5344416588788],[-112.02023291256,40.5344280930427],[-112.020165646021,40.5354683042692],[-112.020231799515,40.5355430673842],[-112.021422987435,40.5359844715043],[-112.021581698367,40.5359901775838],[-112.021581543853,40.5367651466911],[-112.021506493446,40.5367651383532],[-112.021506476004,40.536858465028],[-112.021525435694,40.5369500871452],[-112.019911420502,40.5369498497815]]]},"properties":{"zone_code":"R-2-10","zone_description":"Residential - single family or dwelling group on 10,000 sq. ft. min.","zone_class_normalized":"Industrial/Flex","jurisdiction":"herriman_ut","source_rest_url":"https://services2.arcgis.com/XBmqwOHlPh25M7aJ/arcgis/rest/services/HerrimanCityZoning/FeatureServer/0","extraction_method":"arcgis_rest","confidence":"rest_api"}},{"type":"Feature","geometry":{"type":"Polygon","coordinates":[[[-112.016527671398,40.5369492786271],[-112.016163715918,40.5365540910736],[-112.016257192128,40.5365077915799],[-112.01813103804,40.5358883431979],[-112.018224487718,40.5358323160184],[-112.018466653877,40.5360786729111],[-112.018534907301,40.5361472398215],[-112.018608421958,40.5362125638606],[-112.018686935205,40.5362744102301],[-112.018770162069,40.5363325577392],[-112.018857807036,40.5363867960509],[-112.018949552281,40.5364369311376],[-112.019225506028,40.5365680370637],[-112.019505858038,40.536693594218],[-112.019646462704,40.5367739390603],[-112.019781757333,40.5368594252439],[-112.019911420502,40.5369498497815],[-112.019530728112,40.5369497903472],[-112.016527671398,40.5369492786271]]]},"properties":{"zone_code":"C-1","zone_description":"Neighborhood Commercial","zone_class_normalized":"Commercial","jurisdiction":"herriman_ut","source_rest_url":"https://services2.arcgis.com/XBmqwOHlPh25M7aJ/arcgis/rest/services/HerrimanCityZoning/FeatureServer/0","extraction_method":"arcgis_rest","confidence":"rest_api"}},{"type":"Feature","geometry":{"type":"Polygon","coordinates":[[[-112.062694075771,40.4983669039639],[-112.064119714535,40.4983664698144],[-112.065066727829,40.4983690246644],[-112.065027519249,40.4994642961303],[-112.062690231313,40.4994527636664],[-112.062694075771,40.4983669039639]]]},"properties":{"zone_code":"A-1-10","zone_description":"Agricultural - single family on 10,000 sq. ft. min.","zone_class_normalized":"Agriculture/Rural","jurisdiction":"herriman_ut","source_rest_url":"https://services2.arcgis.com/XBmqwOHlPh25M7aJ/arcgis/rest/services/HerrimanCityZoning/FeatureServer/0","extraction_method":"arcgis_rest","confidence":"rest_api"}},{"type":"Feature","geometry":{"type":"Polygon","coordinates":[[[-112.06502402687,40.5012826480091],[-112.065025335932,40.5010081553627],[-112.067398618001,40.501004713733],[-112.067397318488,40.5012792073067],[-112.06502402687,40.5012826480091]]]},"properties":{"zone_code":"A-1-21","zone_description":"Agricultural - single family/limited animal uses on 1/2 acre min.","zone_class_normalized":"Agriculture/Rural","jurisdiction":"herriman_ut","source_rest_url":"https://services2.arcgis.com/XBmqwOHlPh25M7aJ/arcgis/rest/services/HerrimanCityZoning/FeatureServer/0","extraction_method":"arcgis_rest","confidence":"rest_api"}},{"type":"Feature","geometry":{"type":"Polygon","coordinates":[[[-111.998864437239,40.4898284247354],[-111.999237971585,40.4895628742061],[-111.999834304175,40.4901009780791],[-111.998991446336,40.4906375842706],[-111.998470295015,40.4900692423675],[-111.998558728515,40.4900284124639],[-111.998683205651,40.4899529247713],[-111.998864437239,40.4898284247354]]]},"properties":{"zone_code":"C-2","zone_description":"Community Commercial","zone_class_normalized":"Commercial","jurisdiction":"herriman_ut","source_rest_url":"https://services2.arcgis.com/XBmqwOHlPh25M7aJ/arcgis/rest/services/HerrimanCityZoning/FeatureServer/0","extraction_method":"arcgis_rest","confidence":"rest_api"}},{"type":"Feature","geometry":{"type":"Polygon","coordinates":[[[-111.995374390135,40.490653764991],[-111.995523703346,40.490614515357],[-111.995728127082,40.4911862749564],[-111.994979609615,40.4914944793253],[-111.99487594929,40.4913966287507],[-111.994706622516,40.49124608994],[-111.994497099186,40.4910730518215],[-111.994624089917,40.4909893400116],[-111.994744000779,40.4909191929156],[-111.994814431877,40.4908747287594],[-111.994998211758,40.4907947032323],[-111.995228317496,40.4906995768388],[-111.995374390135,40.490653764991]]]},"properties":{"zone_code":"C-2","zone_description":"Community Commercial","zone_class_normalized":"Commercial","jurisdiction":"herriman_ut","source_rest_url":"https://services2.arcgis.com/XBmqwOHlPh25M7aJ/arcgis/rest/services/HerrimanCityZoning/FeatureServer/0","extraction_method":"arcgis_rest","confidence":"rest_api"}},{"type":"Feature","geometry":{"type":"Polygon","coordinates":[[[-112.072105614567,40.497737553291],[-112.072114646668,40.4993494092367],[-112.070683266621,40.4993564068543],[-112.070684091377,40.4994552246861],[-112.069744412843,40.4994598085772],[-112.069712761402,40.4977639826568],[-112.072105614567,40.497737553291]]]},"properties":{"zone_code":"A-1-10","zone_description":"Agricultural - single family on 10,000 sq. ft. min.","zone_class_normalized":"Agriculture/Rural","jurisdiction":"herriman_ut","source_rest_url":"https://services2.arcgis.com/XBmqwOHlPh25M7aJ/arcgis/rest/services/HerrimanCityZoning/FeatureServer/0","extraction_method":"arcgis_rest","confidence":"rest_api"}},{"type":"Feature","geometry":{"type":"Polygon","coordinates":[[[-112.069806791736,40.4999002697005],[-112.069809921608,40.4999009740515],[-112.06985266618,40.4999358468817],[-112.069879038557,40.4999395335184],[-112.07069169027,40.4999355646555],[-112.070684091377,40.4994552246861],[-112.070683266621,40.4993564068543],[-112.072114646668,40.4993494092367],[-112.072121866297,40.5006377683024],[-112.071123677838,40.5006448066693],[-112.071118313579,40.5000020974419],[-112.069807693699,40.5000084902045],[-112.069806791736,40.4999002697005]]]},"properties":{"zone_code":"A-1-21","zone_description":"Agricultural - single family/limited animal uses on 1/2 acre min.","zone_class_normalized":"Agriculture/Rural","jurisdiction":"herriman_ut","source_rest_url":"https://services2.arcgis.com/XBmqwOHlPh25M7aJ/arcgis/rest/services/HerrimanCityZoning/FeatureServer/0","extraction_method":"arcgis_rest","confidence":"rest_api"}},{"type":"Feature","geometry":{"type":"Polygon","coordinates":[[[-112.065067905533,40.4983962924817],[-112.065072683548,40.497242784169],[-112.065074564041,40.4968512024503],[-112.065208873849,40.4968471449618],[-112.067755130113,40.4968421106381],[-112.067756156244,40.4968366940103],[-112.072100569742,40.4968372382954],[-112.072105065313,40.49763961663],[-112.072105614567,40.497737553291],[-112.069712761402,40.4977639826568],[-112.069609207272,40.49776474191],[-112.067080151213,40.4977600103275],[-112.067081949862,40.4983856711524],[-112.065067905533,40.4983962924817]]]},"properties":{"zone_code":"A-1-10","zone_description":"Agricultural - single family on 10,000 sq. ft. min.","zone_class_normalized":"Agriculture/Rural","jurisdiction":"herriman_ut","source_rest_url":"https://services2.arcgis.com/XBmqwOHlPh25M7aJ/arcgis/rest/services/HerrimanCityZoning/FeatureServer/0","extraction_method":"arcgis_rest","confidence":"rest_api"}},{"type":"Feature","geometry":{"type":"Polygon","coordinates":[[[-112.069657299618,40.5013466244887],[-112.069682805771,40.5012928081898],[-112.069682125422,40.5009752759533],[-112.067398789054,40.5009871081667],[-112.067398618001,40.501004713733],[-112.065025335932,40.5010081553627],[-112.0650276851,40.4994643790854],[-112.065035532427,40.4994643358389],[-112.067019730637,40.4994506706714],[-112.067052948637,40.4994507926976],[-112.069744412843,40.4994598085772],[-112.069787277552,40.4996275837488],[-112.069805846792,40.4998040038434],[-112.069806664093,40.4998849746877],[-112.069808641576,40.5001222121893],[-112.069813439712,40.5006540326326],[-112.072121866297,40.5006377683024],[-112.072130592654,40.5021948825139],[-112.07035478754,40.5022039155083],[-112.069667361748,40.5021986797164],[-112.069664391895,40.5021966633248],[-112.069657299618,40.5013466244887]]]},"properties":{"zone_code":"A-1-10","zone_description":"Agricultural - single family on 10,000 sq. ft. min.","zone_class_normalized":"Agriculture/Rural","jurisdiction":"herriman_ut","source_rest_url":"https://services2.arcgis.com/XBmqwOHlPh25M7aJ/arcgis/rest/services/HerrimanCityZoning/FeatureServer/0","extraction_method":"arcgis_rest","confidence":"rest_api"}},{"type":"Feature","geometry":{"type":"Polygon","coordinates":[[[-112.063876768557,40.4994586238792],[-112.065027519249,40.4994642961303],[-112.065027518762,40.4994643798876],[-112.0650276851,40.4994643790854],[-112.065026376791,40.5003238918178],[-112.06387260923,40.5003183762993],[-112.063876768557,40.4994586238792]]]},"properties":{"zone_code":"A-1-10","zone_description":"Agricultural - single family on 10,000 sq. ft. min.","zone_class_normalized":"Agriculture/Rural","jurisdiction":"herriman_ut","source_rest_url":"https://services2.arcgis.com/XBmqwOHlPh25M7aJ/arcgis/rest/services/HerrimanCityZoning/FeatureServer/0","extraction_method":"arcgis_rest","confidence":"rest_api"}},{"type":"Feature","geometry":{"type":"Polygon","coordinates":[[[-112.072145972994,40.5049393301116],[-112.06976079466,40.5049514635568],[-112.069751761179,40.5049546433317],[-112.069752531163,40.5040032454447],[-112.072140658876,40.5039911003026],[-112.072145972994,40.5049393301116]]]},"properties":{"zone_code":"A-1-10","zone_description":"Agricultural - single family on 10,000 sq. ft. min.","zone_class_normalized":"Agriculture/Rural","jurisdiction":"herriman_ut","source_rest_url":"https://services2.arcgis.com/XBmqwOHlPh25M7aJ/arcgis/rest/services/HerrimanCityZoning/FeatureServer/0","extraction_method":"arcgis_rest","confidence":"rest_api"}},{"type":"Feature","geometry":{"type":"Polygon","coordinates":[[[-111.949207090382,40.4604819182695],[-111.948361569133,40.4604805026332],[-111.948365260401,40.4596513195708],[-111.948365371861,40.4596278802006],[-111.948894181326,40.459977643693],[-111.949798056698,40.4604829036303],[-111.949207090382,40.4604819182695]]]},"properties":{"zone_code":"A-1-43","zone_description":"Agricultural - single family/animals allowed on 1 acre min.","zone_class_normalized":"Agriculture/Rural","jurisdiction":"herriman_ut","source_rest_url":"https://services2.arcgis.com/XBmqwOHlPh25M7aJ/arcgis/rest/services/HerrimanCityZoning/FeatureServer/0","extraction_method":"arcgis_rest","confidence":"rest_api"}},{"type":"Feature","geometry":{"type":"Polygon","coordinates":[[[-111.946975453414,40.4569149615778],[-111.948377825262,40.4569049105689],[-111.948365333967,40.459627855129],[-111.948365371861,40.4596278802006],[-111.948365260401,40.4596513195708],[-111.947839191898,40.4587263829581],[-111.94803511705,40.458725669499],[-111.947208157968,40.4572620136908],[-111.946978357338,40.456919292276],[-111.946975453414,40.4569149615778]]]},"properties":{"zone_code":"A-1-43","zone_description":"Agricultural - single family/animals allowed on 1 acre min.","zone_class_normalized":"Agriculture/Rural","jurisdiction":"herriman_ut","source_rest_url":"https://services2.arcgis.com/XBmqwOHlPh25M7aJ/arcgis/rest/services/HerrimanCityZoning/FeatureServer/0","extraction_method":"arcgis_rest","confidence":"rest_api"}},{"type":"Feature","geometry":{"type":"Polygon","coordinates":[[[-111.943578926217,40.4569392360297],[-111.946975453414,40.4569149615778],[-111.946978357338,40.456919292276],[-111.947208157968,40.4572620136908],[-111.94803511705,40.458725669499],[-111.947839191898,40.4587263829581],[-111.948365260401,40.4596513195708],[-111.948361569133,40.4604805026332],[-111.949207090382,40.4604819182695],[-111.950180013587,40.4613773226272],[-111.950545523567,40.4617137019133],[-111.95115296229,40.4622727177085],[-111.952416173435,40.4631422098846],[-111.952232890631,40.4632265805171],[-111.952045138113,40.4633050079667],[-111.951853245155,40.4633773540514],[-111.95165754936,40.4634434913659],[-111.951458395486,40.4635033041868],[-111.951256133079,40.4635566866812],[-111.951051118847,40.4636035455987],[-111.950843710752,40.4636437984937],[-111.950634277443,40.4636773736889],[-111.950423184121,40.4637042130316],[-111.950210803139,40.4637242691514],[-111.949997506932,40.4637375072885],[-111.949783672724,40.4637439034746],[-111.949569675461,40.4637434454602],[-111.949468226055,40.4635319606739],[-111.949408848726,40.4634069633833],[-111.949349369849,40.4632663149881],[-111.949287169434,40.4631569826198],[-111.949210448551,40.4630655944572],[-111.949133904286,40.4630010397279],[-111.948981299971,40.4629457213101],[-111.94879052128,40.4628726595564],[-111.948632004675,40.4628084186196],[-111.948497012288,40.4627597406374],[-111.948351487147,40.4626984854734],[-111.948351355764,40.4626942765897],[-111.948352780905,40.4623812427813],[-111.947897232471,40.4623812433967],[-111.947827332353,40.4623338187521],[-111.947580226564,40.4621158969515],[-111.947276964207,40.4617412277698],[-111.946863213734,40.4612146390235],[-111.946714084595,40.4609534658005],[-111.946580415547,40.460528175289],[-111.946444162344,40.4604204223782],[-111.946275526893,40.4603401501535],[-111.945048908152,40.459730016061],[-111.94387737359,40.4588051618187],[-111.943809227946,40.458740961668],[-111.94371342173,40.458741306732],[-111.94366392204,40.4587038700368],[-111.943583191964,40.458592134374],[-111.943581362131,40.4585895962176],[-111.943581305112,40.45858953069],[-111.943579382609,40.4569741207602],[-111.943578926217,40.4569392360297]]]},"properties":{"zone_code":"M-1","zone_description":"Manufacturing Zone","zone_class_normalized":"Industrial/Flex","jurisdiction":"herriman_ut","source_rest_url":"https://services2.arcgis.com/XBmqwOHlPh25M7aJ/arcgis/rest/services/HerrimanCityZoning/FeatureServer/0","extraction_method":"arcgis_rest","confidence":"rest_api"}},{"type":"Feature","geometry":{"type":"Polygon","coordinates":[[[-112.062628027901,40.4962821112097],[-112.062717338998,40.496283696015],[-112.065077257425,40.4962902839083],[-112.065072683548,40.497242784169],[-112.062624249755,40.4972581596533],[-112.062628027901,40.4962821112097]]]},"properties":{"zone_code":"A-1-10","zone_description":"Agricultural - single family on 10,000 sq. ft. min.","zone_class_normalized":"Agriculture/Rural","jurisdiction":"herriman_ut","source_rest_url":"https://services2.arcgis.com/XBmqwOHlPh25M7aJ/arcgis/rest/services/HerrimanCityZoning/FeatureServer/0","extraction_method":"arcgis_rest","confidence":"rest_api"}},{"type":"Feature","geometry":{"type":"Polygon","coordinates":[[[-112.009995081417,40.4893792204388],[-112.009928904729,40.4892499396254],[-112.009841839717,40.4888750243798],[-112.009707297299,40.4884109607668],[-112.009646829168,40.488204603949],[-112.010639703285,40.4882220007591],[-112.010643179445,40.489284737835],[-112.010503641392,40.4893032146015],[-112.010378893666,40.4893224526081],[-112.01023924672,40.4893440563841],[-112.010002228784,40.4893829006579],[-112.009995081417,40.4893792204388]]]},"properties":{"zone_code":"C-2","zone_description":"Community Commercial","zone_class_normalized":"Commercial","jurisdiction":"herriman_ut","source_rest_url":"https://services2.arcgis.com/XBmqwOHlPh25M7aJ/arcgis/rest/services/HerrimanCityZoning/FeatureServer/0","extraction_method":"arcgis_rest","confidence":"rest_api"}},{"type":"Feature","geometry":{"type":"Polygon","coordinates":[[[-112.009995081417,40.4893792204388],[-112.010002228784,40.4893829006579],[-112.009997922728,40.4893836065545],[-112.009997091241,40.4893831472706],[-112.009995081417,40.4893792204388]]]},"properties":{"zone_code":"C-2","zone_description":"Community Commercial","zone_class_normalized":"Commercial","jurisdiction":"herriman_ut","source_rest_url":"https://services2.arcgis.com/XBmqwOHlPh25M7aJ/arcgis/rest/services/HerrimanCityZoning/FeatureServer/0","extraction_method":"arcgis_rest","confidence":"rest_api"}},{"type":"Feature","geometry":{"type":"Polygon","coordinates":[[[-112.007901240526,40.4895423980506],[-112.007914054639,40.4894173243194],[-112.008497874601,40.4894491681159],[-112.009087876188,40.4894680514625],[-112.009434184152,40.4894522491637],[-112.009691520295,40.4894332585232],[-112.009995081417,40.4893792204388],[-112.009997091241,40.4893831472706],[-112.009997922728,40.4893836065545],[-112.009997738937,40.4893836361735],[-112.010032669303,40.4894957391273],[-112.010044932345,40.4895350928821],[-112.010058727852,40.4895793670942],[-112.010076784683,40.4896373144291],[-112.010089561423,40.4896783185245],[-112.010098421262,40.4897067503173],[-112.010103527385,40.4897231386455],[-112.01011082579,40.4897465591452],[-112.010125689732,40.4897942608446],[-112.010140849792,40.4898429131761],[-112.010154921243,40.4898893710034],[-112.010166256362,40.4899303390369],[-112.010182837178,40.4899902659701],[-112.010197113428,40.4900418661703],[-112.010209413607,40.4900863224845],[-112.010215069083,40.4901067637721],[-112.010223309199,40.4901365428319],[-112.010232286437,40.490168988931],[-112.010236101604,40.4901827765647],[-112.010239913173,40.4901965561086],[-112.010252090963,40.4902405698586],[-112.010262003365,40.4902845034146],[-112.010262942301,40.4903400693538],[-112.010263216942,40.4903563021996],[-112.010263532251,40.4903749781698],[-112.010264274361,40.4904188841206],[-112.010264860642,40.4904536173364],[-112.010265604755,40.4904976331492],[-112.010265917943,40.490516183045],[-112.010266427133,40.4905462821576],[-112.010267131528,40.4905879818238],[-112.00987878208,40.4905894069924],[-112.009361543466,40.4905913021767],[-112.009321780138,40.4905913913],[-112.007906571013,40.4905967419657],[-112.00790460104,40.4902257775853],[-112.007903175025,40.4899572871735],[-112.007902412013,40.4898136219987],[-112.007901887714,40.4895426618196],[-112.007901240526,40.4895423980506]]]},"properties":{"zone_code":"C-2","zone_description":"Community Commercial","zone_class_normalized":"Commercial","jurisdiction":"herriman_ut","source_rest_url":"https://services2.arcgis.com/XBmqwOHlPh25M7aJ/arcgis/rest/services/HerrimanCityZoning/FeatureServer/0","extraction_method":"arcgis_rest","confidence":"rest_api"}},{"type":"Feature","geometry":{"type":"Polygon","coordinates":[[[-112.043587775108,40.5253388032076],[-112.043589120365,40.5223933453136],[-112.04370601906,40.5223935992162],[-112.043704243074,40.5253385773221],[-112.043587775108,40.5253388032076]]]},"properties":{"zone_code":"A-1-10","zone_description":"Agricultural - single family on 10,000 sq. ft. min.","zone_class_normalized":"Agriculture/Rural","jurisdiction":"herriman_ut","source_rest_url":"https://services2.arcgis.com/XBmqwOHlPh25M7aJ/arcgis/rest/services/HerrimanCityZoning/FeatureServer/0","extraction_method":"arcgis_rest","confidence":"rest_api"}},{"type":"Feature","geometry":{"type":"Polygon","coordinates":[[[-112.04359469844,40.525854959423],[-112.044020925419,40.5258490833622],[-112.04492756126,40.5258534634722],[-112.044935722564,40.5268756425217],[-112.044032479163,40.5268798382005],[-112.044023057814,40.5268798819272],[-112.043597569904,40.5268818559259],[-112.04359469844,40.525854959423]]]},"properties":{"zone_code":"C-2","zone_description":"Community Commercial","zone_class_normalized":"Commercial","jurisdiction":"herriman_ut","source_rest_url":"https://services2.arcgis.com/XBmqwOHlPh25M7aJ/arcgis/rest/services/HerrimanCityZoning/FeatureServer/0","extraction_method":"arcgis_rest","confidence":"rest_api"}},{"type":"Feature","geometry":{"type":"Polygon","coordinates":[[[-112.044023057814,40.5268798819272],[-112.044032479163,40.5268798382005],[-112.044038949541,40.5300041124963],[-112.043607261524,40.5300033297224],[-112.043595760846,40.5296796916025],[-112.043590614677,40.5268824249265],[-112.044023057814,40.5268798819272]]]},"properties":{"zone_code":"A-1-43","zone_description":"Agricultural - single family/animals allowed on 1 acre min.","zone_class_normalized":"Agriculture/Rural","jurisdiction":"herriman_ut","source_rest_url":"https://services2.arcgis.com/XBmqwOHlPh25M7aJ/arcgis/rest/services/HerrimanCityZoning/FeatureServer/0","extraction_method":"arcgis_rest","confidence":"rest_api"}},{"type":"Feature","geometry":{"type":"Polygon","coordinates":[[[-112.043588723733,40.5258550420666],[-112.043587775108,40.5253388032076],[-112.043704243074,40.5253385773221],[-112.043713671896,40.5253383129431],[-112.043715442444,40.5224007034174],[-112.044023203591,40.5224005505697],[-112.04402926776,40.525329465618],[-112.044030335397,40.5258445214766],[-112.044020925419,40.5258490833622],[-112.04359469844,40.525854959423],[-112.043588723733,40.5258550420666]]]},"properties":{"zone_code":"A-1-43","zone_description":"Agricultural - single family/animals allowed on 1 acre min.","zone_class_normalized":"Agriculture/Rural","jurisdiction":"herriman_ut","source_rest_url":"https://services2.arcgis.com/XBmqwOHlPh25M7aJ/arcgis/rest/services/HerrimanCityZoning/FeatureServer/0","extraction_method":"arcgis_rest","confidence":"rest_api"}},{"type":"Feature","geometry":{"type":"Polygon","coordinates":[[[-112.044952459414,40.5369314606652],[-112.043613483617,40.5369287407183],[-112.04361140254,40.5357879251728],[-112.044944481437,40.5357943666184],[-112.044952459414,40.5369314606652]]]},"properties":{"zone_code":"C-2","zone_description":"Community Commercial","zone_class_normalized":"Commercial","jurisdiction":"herriman_ut","source_rest_url":"https://services2.arcgis.com/XBmqwOHlPh25M7aJ/arcgis/rest/services/HerrimanCityZoning/FeatureServer/0","extraction_method":"arcgis_rest","confidence":"rest_api"}},{"type":"Feature","geometry":{"type":"Polygon","coordinates":[[[-112.055591067001,40.5369519026249],[-112.052591931746,40.5369462325473],[-112.052588243679,40.5360967715977],[-112.055586434139,40.5360827549474],[-112.055591067001,40.5369519026249]]]},"properties":{"zone_code":"C-2","zone_description":"Community Commercial","zone_class_normalized":"Commercial","jurisdiction":"herriman_ut","source_rest_url":"https://services2.arcgis.com/XBmqwOHlPh25M7aJ/arcgis/rest/services/HerrimanCityZoning/FeatureServer/0","extraction_method":"arcgis_rest","confidence":"rest_api"}},{"type":"Feature","geometry":{"type":"Polygon","coordinates":[[[-112.044952459414,40.5369314606652],[-112.044944481437,40.5357943666184],[-112.04361140254,40.5357879251728],[-112.043607261524,40.5300033297224],[-112.044038949541,40.5300041124963],[-112.044032479163,40.5268798382005],[-112.044935722564,40.5268756425217],[-112.04492756126,40.5258534634722],[-112.044020925419,40.5258490833622],[-112.044030335397,40.5258445214766],[-112.04402926776,40.525329465618],[-112.044023203591,40.5224005505697],[-112.044013793172,40.5224005555229],[-112.044013778995,40.5223934463987],[-112.053164559803,40.522411186036],[-112.05315510162,40.5259948457592],[-112.053154964661,40.5260469711195],[-112.054012825558,40.5260484923915],[-112.053315789933,40.5266749578366],[-112.052327978438,40.527093638657],[-112.050292341797,40.5278907324107],[-112.049208702992,40.5281103498863],[-112.048494766992,40.5281641765479],[-112.048516697049,40.5309235154053],[-112.048518551519,40.5311567440118],[-112.049361029768,40.5311528420506],[-112.049363318527,40.5314403951082],[-112.051561454461,40.5314301874591],[-112.051968328485,40.5316069084413],[-112.051973747847,40.5322843972349],[-112.053140587388,40.5322789566376],[-112.053785202007,40.5319909646919],[-112.05413527088,40.5319893293159],[-112.054429225454,40.5321169959314],[-112.054571649424,40.5321163285406],[-112.055712530968,40.5316065979051],[-112.056153575629,40.5316045287808],[-112.056724474989,40.5320348001059],[-112.056792315333,40.5321266206287],[-112.056868887367,40.5322416741906],[-112.056536317812,40.5330733790582],[-112.056060236367,40.5345817112927],[-112.055586434139,40.5360827549474],[-112.052588243679,40.5360967715977],[-112.052591931746,40.5369462325473],[-112.044952459414,40.5369314606652]]]},"properties":{"zone_code":"R-2-10","zone_description":"Residential - single family or dwelling group on 10,000 sq. ft. min.","zone_class_normalized":"Industrial/Flex","jurisdiction":"herriman_ut","source_rest_url":"https://services2.arcgis.com/XBmqwOHlPh25M7aJ/arcgis/rest/services/HerrimanCityZoning/FeatureServer/0","extraction_method":"arcgis_rest","confidence":"rest_api"}},{"type":"Feature","geometry":{"type":"Polygon","coordinates":[[[-112.011412487502,40.5318284986218],[-112.011513374649,40.5317367868394],[-112.012655975959,40.5311489253183],[-112.013961965458,40.5311464522324],[-112.014144938908,40.5316037560387],[-112.014262977406,40.53193444416],[-112.014319959734,40.53203665364],[-112.014402158481,40.5321697286612],[-112.01467320684,40.5325977427815],[-112.014736171884,40.532684575451],[-112.014806950974,40.5327678318032],[-112.014885197563,40.5328471017831],[-112.014970527488,40.5329219971143],[-112.015062520141,40.5329921494932],[-112.015415195323,40.5332428732697],[-112.015508240957,40.5333107368037],[-112.01559493693,40.5333833309978],[-112.015674872225,40.533460309151],[-112.015747667558,40.5335413073116],[-112.015812975336,40.5336259388735],[-112.015870485613,40.5337138017548],[-112.01591992611,40.5338044801982],[-112.015961060998,40.5338975411741],[-112.016034347557,40.5340902236866],[-112.016247635273,40.5345656188923],[-112.015819440784,40.5347001081003],[-112.015445341952,40.5348516912668],[-112.015193264113,40.5349825758613],[-112.014870689411,40.5351500618255],[-112.014706443159,40.5350131004148],[-112.014677790024,40.5350296995379],[-112.013954764587,40.5343125013386],[-112.013640189412,40.5340507832245],[-112.012890862062,40.5333168428515],[-112.011733851592,40.5321520420896],[-112.011412487502,40.5318284986218]]]},"properties":{"zone_code":"C-2","zone_description":"Community Commercial","zone_class_normalized":"Commercial","jurisdiction":"herriman_ut","source_rest_url":"https://services2.arcgis.com/XBmqwOHlPh25M7aJ/arcgis/rest/services/HerrimanCityZoning/FeatureServer/0","extraction_method":"arcgis_rest","confidence":"rest_api"}},{"type":"Feature","geometry":{"type":"Polygon","coordinates":[[[-111.942349900472,40.4468587070975],[-111.942365558994,40.4468587244848],[-111.942365586556,40.4468587937269],[-111.942349900472,40.4468587070975]]]},"properties":{"zone_code":"M-1","zone_description":"Manufacturing Zone","zone_class_normalized":"Industrial/Flex","jurisdiction":"herriman_ut","source_rest_url":"https://services2.arcgis.com/XBmqwOHlPh25M7aJ/arcgis/rest/services/HerrimanCityZoning/FeatureServer/0","extraction_method":"arcgis_rest","confidence":"rest_api"}},{"type":"Feature","geometry":{"type":"Polygon","coordinates":[[[-111.942368828742,40.4468583095614],[-111.942365387668,40.4468582991477],[-111.942365558994,40.4468587244848],[-111.942349900472,40.4468587070975],[-111.942148077409,40.4468575890186],[-111.941070903513,40.4468516167064],[-111.941070399545,40.4468201101772],[-111.941031392489,40.4440633034421],[-111.941135919298,40.444063948916],[-111.94124044611,40.4440645942966],[-111.941267441305,40.4440647609281],[-111.941575276133,40.4440666604709],[-111.943382326644,40.4440777922044],[-111.943499760837,40.4440791107672],[-111.943466190092,40.4468747674256],[-111.943410383319,40.4468599126432],[-111.942566061914,40.4468589537828],[-111.942565875658,40.4468589535862],[-111.942368994134,40.4468587286166],[-111.942368828742,40.4468583095614]]]},"properties":{"zone_code":"M-1","zone_description":"Manufacturing Zone","zone_class_normalized":"Industrial/Flex","jurisdiction":"herriman_ut","source_rest_url":"https://services2.arcgis.com/XBmqwOHlPh25M7aJ/arcgis/rest/services/HerrimanCityZoning/FeatureServer/0","extraction_method":"arcgis_rest","confidence":"rest_api"}},{"type":"Feature","geometry":{"type":"Polygon","coordinates":[[[-112.067081995169,40.4984012115332],[-112.067081949862,40.4983856711524],[-112.067080151213,40.4977600103275],[-112.069609207272,40.49776474191],[-112.069712761402,40.4977639826568],[-112.069744412843,40.4994598085772],[-112.067085011627,40.499450910398],[-112.067081995169,40.4984012115332]]]},"properties":{"zone_code":"A-1-10","zone_description":"Agricultural - single family on 10,000 sq. ft. min.","zone_class_normalized":"Agriculture/Rural","jurisdiction":"herriman_ut","source_rest_url":"https://services2.arcgis.com/XBmqwOHlPh25M7aJ/arcgis/rest/services/HerrimanCityZoning/FeatureServer/0","extraction_method":"arcgis_rest","confidence":"rest_api"}},{"type":"Feature","geometry":{"type":"Polygon","coordinates":[[[-112.065077257425,40.4962902839083],[-112.065083791475,40.495347722692],[-112.067390405216,40.4953365748256],[-112.067402870184,40.4968366429939],[-112.067756156244,40.4968366940103],[-112.067755130113,40.4968421106381],[-112.065208873849,40.4968471449618],[-112.065074564041,40.4968512024503],[-112.065077257425,40.4962902839083]]]},"properties":{"zone_code":"A-1-43","zone_description":"Agricultural - single family/animals allowed on 1 acre min.","zone_class_normalized":"Agriculture/Rural","jurisdiction":"herriman_ut","source_rest_url":"https://services2.arcgis.com/XBmqwOHlPh25M7aJ/arcgis/rest/services/HerrimanCityZoning/FeatureServer/0","extraction_method":"arcgis_rest","confidence":"rest_api"}},{"type":"Feature","geometry":{"type":"Polygon","coordinates":[[[-112.017312590231,40.5313300963727],[-112.017252109921,40.5311401578372],[-112.017456743575,40.5311397635357],[-112.019362922919,40.5311359878486],[-112.019567057153,40.5342511325935],[-112.019567141555,40.5344217481147],[-112.018662709927,40.5343903748879],[-112.017666162651,40.5343770716864],[-112.017468122714,40.5343744265801],[-112.017312590231,40.5313300963727]]]},"properties":{"zone_code":"R-20-43","zone_description":"Residential - multi-family","zone_class_normalized":"Mixed-Use","jurisdiction":"herriman_ut","source_rest_url":"https://services2.arcgis.com/XBmqwOHlPh25M7aJ/arcgis/rest/services/HerrimanCityZoning/FeatureServer/0","extraction_method":"arcgis_rest","confidence":"rest_api"}},{"type":"Feature","geometry":{"type":"Polygon","coordinates":[[[-112.012048679044,40.5214270956659],[-112.012608612956,40.5211635096404],[-112.012608549416,40.5211902481386],[-112.012608475437,40.5212215679326],[-112.012608397477,40.5212548717213],[-112.012607878623,40.5214746055893],[-112.012605642586,40.5224212561577],[-112.011089923304,40.5224171989064],[-112.011093997818,40.5218541667003],[-112.011091026252,40.5217468377622],[-112.011083353017,40.5215397360768],[-112.011473018866,40.5215380362842],[-112.011770003687,40.5215294281053],[-112.011840134857,40.5215108400944],[-112.012048679044,40.5214270956659]]]},"properties":{"zone_code":"C-2","zone_description":"Community Commercial","zone_class_normalized":"Commercial","jurisdiction":"herriman_ut","source_rest_url":"https://services2.arcgis.com/XBmqwOHlPh25M7aJ/arcgis/rest/services/HerrimanCityZoning/FeatureServer/0","extraction_method":"arcgis_rest","confidence":"rest_api"}},{"type":"Feature","geometry":{"type":"Polygon","coordinates":[[[-111.999238465259,40.4748862625809],[-111.999238399482,40.4748772632164],[-111.999242549492,40.4748772617379],[-111.999239632368,40.4735060190079],[-111.9992836176,40.4735169763785],[-111.999903529321,40.4738358725647],[-112.000255977208,40.4739685303021],[-112.000560552612,40.4740831680397],[-112.001010228123,40.4742699335743],[-112.00115086167,40.474751801445],[-112.001256670934,40.4748896593479],[-111.999238465259,40.4748862625809]]]},"properties":{"zone_code":"A-1-43","zone_description":"Agricultural - single family/animals allowed on 1 acre min.","zone_class_normalized":"Agriculture/Rural","jurisdiction":"herriman_ut","source_rest_url":"https://services2.arcgis.com/XBmqwOHlPh25M7aJ/arcgis/rest/services/HerrimanCityZoning/FeatureServer/0","extraction_method":"arcgis_rest","confidence":"rest_api"}},{"type":"Feature","geometry":{"type":"Polygon","coordinates":[[[-111.999264508251,40.4784491845774],[-111.999238465259,40.4748862625809],[-112.001256670934,40.4748896593479],[-112.001257425836,40.4748906422687],[-112.004471793872,40.4748975418753],[-112.004853847461,40.4744181064773],[-112.005072473025,40.4744063333458],[-112.005111631096,40.4744085987879],[-112.005124084911,40.4765960904215],[-112.005092868153,40.4765947354586],[-112.005130148734,40.4785412300877],[-111.999264508251,40.4784491845774]]]},"properties":{"zone_code":"R-1-15","zone_description":"Residential - single family on 15,000 sq. ft. min.","zone_class_normalized":"Residential-Low","jurisdiction":"herriman_ut","source_rest_url":"https://services2.arcgis.com/XBmqwOHlPh25M7aJ/arcgis/rest/services/HerrimanCityZoning/FeatureServer/0","extraction_method":"arcgis_rest","confidence":"rest_api"}},{"type":"Feature","geometry":{"type":"Polygon","coordinates":[[[-112.011536884351,40.536948232913],[-112.013237237735,40.536096326984],[-112.013332040945,40.5362149597931],[-112.01386525088,40.5365835822601],[-112.014168950093,40.5368579120867],[-112.014283040154,40.5369488343866],[-112.011536884351,40.536948232913]]]},"properties":{"zone_code":"A-1-43","zone_description":"Agricultural - single family/animals allowed on 1 acre min.","zone_class_normalized":"Agriculture/Rural","jurisdiction":"herriman_ut","source_rest_url":"https://services2.arcgis.com/XBmqwOHlPh25M7aJ/arcgis/rest/services/HerrimanCityZoning/FeatureServer/0","extraction_method":"arcgis_rest","confidence":"rest_api"}},{"type":"Feature","geometry":{"type":"Polygon","coordinates":[[[-112.010089483282,40.5341316902843],[-112.011189991811,40.5352177318426],[-112.012260910439,40.535215192441],[-112.01304709368,40.5360031410531],[-112.012913451658,40.5360804214945],[-112.012472559634,40.5363675913959],[-112.012241022862,40.5364771765911],[-112.011943553216,40.5365937738506],[-112.011458674774,40.5367335250588],[-112.011292009581,40.5367686188788],[-112.010953223812,40.5368211107784],[-112.010702481055,40.5368443403697],[-112.010119906185,40.5368469623275],[-112.010083387851,40.5368603038322],[-112.010089483282,40.5341316902843]]]},"properties":{"zone_code":"C-2","zone_description":"Commercial","zone_class_normalized":"Commercial","jurisdiction":"herriman_ut","source_rest_url":"https://services2.arcgis.com/XBmqwOHlPh25M7aJ/arcgis/rest/services/HerrimanCityZoning/FeatureServer/0","extraction_method":"arcgis_rest","confidence":"rest_api"}},{"type":"Feature","geometry":{"type":"Polygon","coordinates":[[[-112.04269817036,40.5065566113613],[-112.043401709569,40.506549930517],[-112.043541341699,40.5065502969774],[-112.043643187741,40.5065505639023],[-112.043649681187,40.5072005061481],[-112.043590021233,40.5072020734587],[-112.043530361277,40.5072036407389],[-112.043529179215,40.5071746158114],[-112.042706211134,40.5071727204179],[-112.04269817036,40.5065566113613]]]},"properties":{"zone_code":"A-1-10","zone_description":"Agricultural - single family on 10,000 sq. ft. min.","zone_class_normalized":"Agriculture/Rural","jurisdiction":"herriman_ut","source_rest_url":"https://services2.arcgis.com/XBmqwOHlPh25M7aJ/arcgis/rest/services/HerrimanCityZoning/FeatureServer/0","extraction_method":"arcgis_rest","confidence":"rest_api"}},{"type":"Feature","geometry":{"type":"Polygon","coordinates":[[[-112.045556460338,40.5115236450486],[-112.045556190153,40.5115239434995],[-112.045503728105,40.5115231961724],[-112.045195902888,40.5115306130522],[-112.044564984029,40.5124784151838],[-112.045064143652,40.5124775130365],[-112.045060733737,40.5132995115411],[-112.044041655971,40.5135500577817],[-112.043690238815,40.5136674389505],[-112.043572445123,40.5136779818556],[-112.043570884727,40.5135567073861],[-112.043580263443,40.5125203125055],[-112.043432712839,40.512520778872],[-112.042750885139,40.5125219933668],[-112.042750282975,40.51248855294],[-112.040556200639,40.5124734937701],[-112.040565069041,40.5124102795509],[-112.04054404681,40.5124102936643],[-112.04057949727,40.5116350796536],[-112.039086158618,40.5116577909969],[-112.039087147398,40.5091563235075],[-112.038593592388,40.5091520412116],[-112.038595399629,40.5078835910089],[-112.038280371769,40.5078850385159],[-112.03826278252,40.5091505550234],[-112.037546104383,40.509156850884],[-112.037544560736,40.5079605549021],[-112.036677418325,40.5079642619967],[-112.036688463726,40.5088737076088],[-112.036182082018,40.5088730528369],[-112.036190540138,40.507966340404],[-112.035808829317,40.507967968388],[-112.035810066743,40.5086220419801],[-112.035807898682,40.5088420604629],[-112.035796600617,40.5088747772612],[-112.035791188606,40.5094247526465],[-112.035334867012,40.5094268381338],[-112.035338065505,40.5086568598363],[-112.033987311865,40.5086551822644],[-112.033989698312,40.5078776480307],[-112.03522122843,40.5078802033248],[-112.036292069814,40.5078753074672],[-112.036891739695,40.5078725615183],[-112.038591366441,40.5078715858211],[-112.040470991053,40.5078684468718],[-112.040475497793,40.5071737254917],[-112.041278030196,40.5071720502512],[-112.041296493225,40.5078649526844],[-112.041294324707,40.50914802765],[-112.041654377513,40.5091541035964],[-112.041652735939,40.5090562102954],[-112.043551026988,40.5090586050013],[-112.043542075182,40.509748929392],[-112.043660776756,40.5097550079723],[-112.045081443359,40.5097878199068],[-112.045079797344,40.5103499677849],[-112.045554234572,40.5103490415781],[-112.045550804046,40.5115236965969],[-112.045556460338,40.5115236450486]]]},"properties":{"zone_code":"A-1-43","zone_description":"Agricultural - single family/animals allowed on 1 acre min.","zone_class_normalized":"Agriculture/Rural","jurisdiction":"herriman_ut","source_rest_url":"https://services2.arcgis.com/XBmqwOHlPh25M7aJ/arcgis/rest/services/HerrimanCityZoning/FeatureServer/0","extraction_method":"arcgis_rest","confidence":"rest_api"}},{"type":"Feature","geometry":{"type":"Polygon","coordinates":[[[-112.0238747275,40.5266529620315],[-112.023828316675,40.5264954907081],[-112.023808045379,40.526295427647],[-112.023796428009,40.5260023969532],[-112.023824665942,40.5256401551304],[-112.026352546318,40.5254104908421],[-112.02653200991,40.5266438213631],[-112.024087740687,40.5266547754929],[-112.0238747275,40.5266529620315]]]},"properties":{"zone_code":"R-2-10","zone_description":"Residential - single family or dwelling group on 10,000 sq. ft. min.","zone_class_normalized":"Industrial/Flex","jurisdiction":"herriman_ut","source_rest_url":"https://services2.arcgis.com/XBmqwOHlPh25M7aJ/arcgis/rest/services/HerrimanCityZoning/FeatureServer/0","extraction_method":"arcgis_rest","confidence":"rest_api"}},{"type":"Feature","geometry":{"type":"Polygon","coordinates":[[[-112.020020628454,40.5260424007081],[-112.023824665942,40.5256401551304],[-112.023796428009,40.5260023969532],[-112.023799464833,40.5260790010394],[-112.020651708883,40.526070326987],[-112.02002084389,40.5260706761239],[-112.020020628454,40.5260424007081]]]},"properties":{"zone_code":"C-2","zone_description":"Community Commercial","zone_class_normalized":"Commercial","jurisdiction":"herriman_ut","source_rest_url":"https://services2.arcgis.com/XBmqwOHlPh25M7aJ/arcgis/rest/services/HerrimanCityZoning/FeatureServer/0","extraction_method":"arcgis_rest","confidence":"rest_api"}},{"type":"Feature","geometry":{"type":"Polygon","coordinates":[[[-112.067909586456,40.508551753227],[-112.068338951038,40.5085511098431],[-112.068340177401,40.5087142948891],[-112.068432226789,40.5087141564165],[-112.068434104552,40.5094414618152],[-112.068435203745,40.5095917537137],[-112.067915877282,40.5095964700062],[-112.067911672517,40.5094718526949],[-112.067909316465,40.508556884283],[-112.067909586456,40.508551753227]]]},"properties":{"zone_code":"A-1-21","zone_description":"Agricultural - single family/limited animal uses on 1/2 acre min.","zone_class_normalized":"Agriculture/Rural","jurisdiction":"herriman_ut","source_rest_url":"https://services2.arcgis.com/XBmqwOHlPh25M7aJ/arcgis/rest/services/HerrimanCityZoning/FeatureServer/0","extraction_method":"arcgis_rest","confidence":"rest_api"}},{"type":"Feature","geometry":{"type":"Polygon","coordinates":[[[-112.068432226789,40.5087141564165],[-112.069778203185,40.5087121226121],[-112.069776506013,40.5084899693625],[-112.071506082155,40.50848800508],[-112.07150874167,40.5088006221922],[-112.069788941742,40.5088003631204],[-112.069790861183,40.5094724028889],[-112.069880042319,40.5094724402367],[-112.069880329115,40.5095794493495],[-112.069784832319,40.5095794850374],[-112.068435203745,40.5095917537137],[-112.068434104552,40.5094414618152],[-112.068432226789,40.5087141564165]]]},"properties":{"zone_code":"A-1-43","zone_description":"Agricultural - single family/animals allowed on 1 acre min.","zone_class_normalized":"Agriculture/Rural","jurisdiction":"herriman_ut","source_rest_url":"https://services2.arcgis.com/XBmqwOHlPh25M7aJ/arcgis/rest/services/HerrimanCityZoning/FeatureServer/0","extraction_method":"arcgis_rest","confidence":"rest_api"}},{"type":"Feature","geometry":{"type":"Polygon","coordinates":[[[-112.066908206121,40.5085532481641],[-112.067909586456,40.508551753227],[-112.067909316465,40.508556884283],[-112.067911672517,40.5094718526949],[-112.067915877282,40.5095964700062],[-112.067385673859,40.5096012834916],[-112.066945198303,40.5096462400698],[-112.066911150649,40.5095119957378],[-112.066908206121,40.5085532481641]]]},"properties":{"zone_code":"A-1-43","zone_description":"Agricultural - single family/animals allowed on 1 acre min.","zone_class_normalized":"Agriculture/Rural","jurisdiction":"herriman_ut","source_rest_url":"https://services2.arcgis.com/XBmqwOHlPh25M7aJ/arcgis/rest/services/HerrimanCityZoning/FeatureServer/0","extraction_method":"arcgis_rest","confidence":"rest_api"}},{"type":"Feature","geometry":{"type":"Polygon","coordinates":[[[-112.067389992739,40.5102363497683],[-112.067370545825,40.5114978704402],[-112.065529588542,40.5115043914259],[-112.065515512551,40.5097878291817],[-112.065515887252,40.5097562879116],[-112.06551421821,40.5097560699187],[-112.065512985414,40.5096871566354],[-112.0660125766,40.5097511026183],[-112.066713528164,40.5099243695774],[-112.067389958545,40.5101770099497],[-112.067389992739,40.5102363497683]]]},"properties":{"zone_code":"A-1-10","zone_description":"Agricultural - single family on 10,000 sq. ft. min.","zone_class_normalized":"Agriculture/Rural","jurisdiction":"herriman_ut","source_rest_url":"https://services2.arcgis.com/XBmqwOHlPh25M7aJ/arcgis/rest/services/HerrimanCityZoning/FeatureServer/0","extraction_method":"arcgis_rest","confidence":"rest_api"}},{"type":"Feature","geometry":{"type":"Polygon","coordinates":[[[-112.048343254508,40.51220657564],[-112.048830946976,40.5122224664827],[-112.048906506183,40.5122036830196],[-112.048905980038,40.5115241055636],[-112.051726897089,40.511499169926],[-112.051889758386,40.5114992153892],[-112.051893726584,40.5114992165142],[-112.051938332671,40.5114872799103],[-112.052714531413,40.5112795632637],[-112.053063935339,40.5112064848309],[-112.053183306799,40.5111815173284],[-112.053183244131,40.5111758223192],[-112.053178362675,40.5107359181323],[-112.053163426811,40.5093896491127],[-112.053148237494,40.5080204714724],[-112.05316707418,40.5078761220301],[-112.057421291754,40.5078751234407],[-112.057439951946,40.5103299479645],[-112.062582668535,40.5093045929981],[-112.062634703218,40.5093043431784],[-112.062634994018,40.509351510932],[-112.06264829371,40.5115145393037],[-112.065529588542,40.5115043914259],[-112.067370545825,40.5114978704402],[-112.06890763392,40.5115030015446],[-112.068901226069,40.5151379774928],[-112.057900649593,40.5151409418177],[-112.057926147804,40.5187811330086],[-112.048383266101,40.5187666149225],[-112.048363317101,40.5150796208267],[-112.048328304754,40.5143073426278],[-112.04833745012,40.5129229939277],[-112.048821344938,40.5129309972639],[-112.048819759998,40.5124174154194],[-112.048339893573,40.5125532112843],[-112.048340372677,40.5124806470988],[-112.048340606758,40.5124452998383],[-112.048341096108,40.5124011877887],[-112.048343254508,40.51220657564]],[[-112.049840774628,40.51215930469],[-112.049845981006,40.5134233316196],[-112.04882368121,40.5136867076152],[-112.04882671435,40.5146693995905],[-112.05082136414,40.5139754072456],[-112.050814997067,40.5119318753541],[-112.049840774628,40.51215930469]]]},"properties":{"zone_code":"R-1-15","zone_description":"Residential - single family on 15,000 sq. ft. min.","zone_class_normalized":"Residential-Low","jurisdiction":"herriman_ut","source_rest_url":"https://services2.arcgis.com/XBmqwOHlPh25M7aJ/arcgis/rest/services/HerrimanCityZoning/FeatureServer/0","extraction_method":"arcgis_rest","confidence":"rest_api"}},{"type":"Feature","geometry":{"type":"Polygon","coordinates":[[[-112.067370545825,40.5114978704402],[-112.067391704292,40.5101295261466],[-112.068226780083,40.5104889902003],[-112.070179816981,40.5107981820418],[-112.071418117752,40.5110791054874],[-112.072911506102,40.5115160313838],[-112.072913213498,40.511516031142],[-112.072912363614,40.5115162748531],[-112.067370545825,40.5114978704402]]]},"properties":{"zone_code":"A-1-10","zone_description":"Agricultural - single family on 10,000 sq. ft. min.","zone_class_normalized":"Agriculture/Rural","jurisdiction":"herriman_ut","source_rest_url":"https://services2.arcgis.com/XBmqwOHlPh25M7aJ/arcgis/rest/services/HerrimanCityZoning/FeatureServer/0","extraction_method":"arcgis_rest","confidence":"rest_api"}},{"type":"Feature","geometry":{"type":"Polygon","coordinates":[[[-112.017688878554,40.5228310443639],[-112.017831354376,40.5229015193629],[-112.017968908379,40.5229774761532],[-112.018101177943,40.5230587155254],[-112.018257287682,40.5231789110791],[-112.018407825501,40.5233031764695],[-112.018552608523,40.5234313630304],[-112.018691462065,40.523563313954],[-112.018824217326,40.5236988706054],[-112.019008010247,40.5238517687226],[-112.019198463592,40.5239998450605],[-112.019395360105,40.5241429303406],[-112.019598475482,40.5242808607196],[-112.019807577209,40.5244134795957],[-112.020022429258,40.5245406348863],[-112.020242785042,40.5246621835624],[-112.020468392087,40.5247779853236],[-112.020698995616,40.5248879079864],[-112.020856468505,40.5249630362003],[-112.021018521818,40.5250322594576],[-112.021184775453,40.525095416425],[-112.021354841141,40.5251523584152],[-112.021528320102,40.5252029520992],[-112.021704804228,40.5252470795016],[-112.021883881971,40.5252846361729],[-112.022065131285,40.5253155348238],[-112.022248127876,40.5253397025866],[-112.023208749968,40.5253949873861],[-112.023809124187,40.5254175176639],[-112.02382038501,40.5256382632326],[-112.020020628454,40.526042400708],[-112.019966525276,40.5260423651456],[-112.017849939872,40.5260497296397],[-112.017688878554,40.5228310443639]]]},"properties":{"zone_code":"C-2","zone_description":"Community Commercial","zone_class_normalized":"Commercial","jurisdiction":"herriman_ut","source_rest_url":"https://services2.arcgis.com/XBmqwOHlPh25M7aJ/arcgis/rest/services/HerrimanCityZoning/FeatureServer/0","extraction_method":"arcgis_rest","confidence":"rest_api"}},{"type":"Feature","geometry":{"type":"Polygon","coordinates":[[[-112.069807693699,40.5000084902045],[-112.071118313579,40.5000020974419],[-112.071123677838,40.5006448066693],[-112.069813439712,40.5006540326326],[-112.069808641576,40.5001222121893],[-112.069807693699,40.5000084902045]]]},"properties":{"zone_code":"A-1-43","zone_description":"Agricultural - single family/animals allowed on 1 acre min.","zone_class_normalized":"Agriculture/Rural","jurisdiction":"herriman_ut","source_rest_url":"https://services2.arcgis.com/XBmqwOHlPh25M7aJ/arcgis/rest/services/HerrimanCityZoning/FeatureServer/0","extraction_method":"arcgis_rest","confidence":"rest_api"}},{"type":"Feature","geometry":{"type":"Polygon","coordinates":[[[-112.069806791736,40.4999002697005],[-112.069806664093,40.4998849746877],[-112.069805846792,40.4998040038434],[-112.069787277552,40.4996275837488],[-112.069744412843,40.4994598085772],[-112.070684091377,40.4994552246861],[-112.07069169027,40.4999355646555],[-112.069879038557,40.4999395335184],[-112.06985266618,40.4999358468817],[-112.069809921608,40.4999009740515],[-112.069806791736,40.4999002697005]]]},"properties":{"zone_code":"A-1-21","zone_description":"Agricultural - single family/limited animal uses on 1/2 acre min.","zone_class_normalized":"Agriculture/Rural","jurisdiction":"herriman_ut","source_rest_url":"https://services2.arcgis.com/XBmqwOHlPh25M7aJ/arcgis/rest/services/HerrimanCityZoning/FeatureServer/0","extraction_method":"arcgis_rest","confidence":"rest_api"}},{"type":"Feature","geometry":{"type":"Polygon","coordinates":[[[-112.013802279885,40.5308880410396],[-112.013320735294,40.5303897668403],[-112.013519872867,40.5302935838894],[-112.013884996507,40.530675611542],[-112.014646693135,40.5306389107594],[-112.014920810899,40.5305471611736],[-112.015141031369,40.5303484224128],[-112.015393935912,40.5303425457838],[-112.01572613284,40.5304983479942],[-112.016790910984,40.5304841278196],[-112.016902359633,40.5304293622557],[-112.016971303076,40.5305245337992],[-112.017033802849,40.5306222616404],[-112.017089695314,40.5307222925482],[-112.017138834478,40.5308243660085],[-112.017181094383,40.5309282178156],[-112.01721636437,40.5310335782916],[-112.017244552622,40.5311401722714],[-112.017252109921,40.5311401578371],[-112.017312590231,40.5313300963725],[-112.017468122714,40.53437442658],[-112.01696295629,40.5344108880501],[-112.016398172381,40.5345183366767],[-112.016247635273,40.5345656188923],[-112.016034347557,40.5340902236866],[-112.015961060998,40.5338975411741],[-112.01591992611,40.5338044801982],[-112.015870485613,40.5337138017548],[-112.015812975336,40.5336259388735],[-112.015747667558,40.5335413073116],[-112.015674872225,40.533460309151],[-112.01559493693,40.5333833309978],[-112.015508240957,40.5333107368037],[-112.015415195323,40.5332428732697],[-112.015062520141,40.5329921494932],[-112.014970527488,40.5329219971143],[-112.014885197563,40.5328471017831],[-112.014806950974,40.5327678318032],[-112.014736171884,40.532684575451],[-112.01467320684,40.5325977427815],[-112.014402158481,40.5321697286612],[-112.014319959734,40.53203665364],[-112.014262977406,40.53193444416],[-112.014144938908,40.5316037560387],[-112.013961965458,40.5311464522324],[-112.013961660946,40.5311464526669],[-112.013944435462,40.5311042515202],[-112.013802279885,40.5308880410396]]]},"properties":{"zone_code":"C-2","zone_description":"Community Commercial","zone_class_normalized":"Commercial","jurisdiction":"herriman_ut","source_rest_url":"https://services2.arcgis.com/XBmqwOHlPh25M7aJ/arcgis/rest/services/HerrimanCityZoning/FeatureServer/0","extraction_method":"arcgis_rest","confidence":"rest_api"}},{"type":"Feature","geometry":{"type":"Polygon","coordinates":[[[-112.012486436729,40.5303483010886],[-112.01255144228,40.530296829886],[-112.012622237737,40.5302500154254],[-112.012698251149,40.5302082357389],[-112.01277887013,40.5301718276092],[-112.012863444208,40.5301410847596],[-112.012951291876,40.5301162542202],[-112.013041705315,40.5300975363082],[-112.013133953919,40.5300850828112],[-112.013227293717,40.5300789942448],[-112.013266970027,40.5300777713531],[-112.013964164362,40.5300562826433],[-112.014016000831,40.5300578583082],[-112.014066842551,40.5300657306441],[-112.014115382635,40.5300796982514],[-112.014160376741,40.5300994018573],[-112.014200669121,40.5301243359083],[-112.014235224575,40.5301538601372],[-112.014263156905,40.5301872165487],[-112.014283749122,40.5302235482418],[-112.014343138703,40.5303567270571],[-112.014256489998,40.5304555943081],[-112.01425500535,40.5304576496337],[-112.014254002301,40.530459867652],[-112.014253508689,40.5304621833995],[-112.014253538169,40.530464529273],[-112.014254092584,40.5304668368205],[-112.014255152549,40.5304690394844],[-112.014256689243,40.530471071649],[-112.014258657368,40.5304728740749],[-112.0142609987,40.5304743947841],[-112.014263645625,40.5304755890443],[-112.014266521164,40.5304764220708],[-112.014269538967,40.5304768690262],[-112.014492797975,40.530494973476],[-112.014534612656,40.5304960300375],[-112.014576185828,40.5304924496734],[-112.014616638745,40.5304843082876],[-112.014655118168,40.5304717771347],[-112.014773832432,40.5304250580762],[-112.01480694189,40.5304094461658],[-112.014836502601,40.5303901277474],[-112.014861808696,40.5303675643175],[-112.014882255216,40.5303422943793],[-112.01489735455,40.530314922563],[-112.014906744562,40.5302861015787],[-112.014910202669,40.5302565213467],[-112.014913555962,40.5302301007988],[-112.014922712893,40.5302044922936],[-112.0149374111,40.5301804336544],[-112.014957228544,40.5301586174755],[-112.014981593983,40.5301396712645],[-112.015009806909,40.5301241402438],[-112.01504105395,40.5301124719687],[-112.015074435911,40.5301050018004],[-112.015108992499,40.5301019446919],[-112.01514372942,40.530103389666],[-112.015339384522,40.5301243263445],[-112.015397346282,40.5301336608596],[-112.015453088179,40.5301489624247],[-112.015709716326,40.5302350068484],[-112.015721137994,40.5302379924444],[-112.015733052313,40.5302394791128],[-112.01574512613,40.5302394250915],[-112.015869810593,40.5302308487049],[-112.015919296734,40.5302301617161],[-112.01596840356,40.5302348798384],[-112.016039736594,40.5302457410965],[-112.016076740392,40.5302502377771],[-112.016114197366,40.5302509815474],[-112.016151457078,40.5302479590603],[-112.016581712004,40.5301909574666],[-112.016710747509,40.5303039173052],[-112.016788535562,40.5303757079154],[-112.016860305803,40.5304500277104],[-112.016790910983,40.5304841278197],[-112.01572613284,40.5304983479943],[-112.015393935912,40.530342545784],[-112.015141031369,40.5303484224129],[-112.014920810899,40.5305471611737],[-112.014646693135,40.5306389107595],[-112.013884996506,40.5306756115422],[-112.013519872867,40.5302935838895],[-112.013320735293,40.5303897668404],[-112.013802279885,40.5308880410398],[-112.013944435462,40.5311042515203],[-112.013961660946,40.5311464526671],[-112.012655975959,40.5311489253184],[-112.011635732118,40.531150846691],[-112.012128807823,40.5309640726801],[-112.012142542523,40.5309550654464],[-112.012154108637,40.5309444331392],[-112.012163182648,40.5309324743629],[-112.012169507422,40.5309195261566],[-112.012264731482,40.5306598673698],[-112.012294001497,40.5305919647544],[-112.012331137417,40.5305263395319],[-112.012375837503,40.5304635207519],[-112.012427744374,40.530404014291],[-112.012486436729,40.5303483010886]]]},"properties":{"zone_code":"C-2","zone_description":"Community Commercial","zone_class_normalized":"Commercial","jurisdiction":"herriman_ut","source_rest_url":"https://services2.arcgis.com/XBmqwOHlPh25M7aJ/arcgis/rest/services/HerrimanCityZoning/FeatureServer/0","extraction_method":"arcgis_rest","confidence":"rest_api"}},{"type":"Feature","geometry":{"type":"Polygon","coordinates":[[[-112.012655975959,40.5311489253184],[-112.011513374649,40.5317367868395],[-112.011412487502,40.5318284986219],[-112.010741080112,40.5311525245516],[-112.012655975959,40.5311489253184]]]},"properties":{"zone_code":"MU-2","zone_description":"Mixed Use 2 Zone","zone_class_normalized":"Mixed-Use","jurisdiction":"herriman_ut","source_rest_url":"https://services2.arcgis.com/XBmqwOHlPh25M7aJ/arcgis/rest/services/HerrimanCityZoning/FeatureServer/0","extraction_method":"arcgis_rest","confidence":"rest_api"}},{"type":"Feature","geometry":{"type":"Polygon","coordinates":[[[-111.981561434543,40.4772076223743],[-111.982169941868,40.4775623302561],[-111.981564943421,40.4779772799706],[-111.981561434543,40.4772076223743]]]},"properties":{"zone_code":"A-1-43","zone_description":"Agricultural - single family/animals allowed on 1 acre min.","zone_class_normalized":"Agriculture/Rural","jurisdiction":"herriman_ut","source_rest_url":"https://services2.arcgis.com/XBmqwOHlPh25M7aJ/arcgis/rest/services/HerrimanCityZoning/FeatureServer/0","extraction_method":"arcgis_rest","confidence":"rest_api"}},{"type":"Feature","geometry":{"type":"Polygon","coordinates":[[[-111.974480399413,40.476810700067],[-111.976840242091,40.4767838316355],[-111.976838564657,40.4785963885352],[-111.976837769783,40.4785967303939],[-111.97447503486,40.4786238993093],[-111.974480399413,40.476810700067]]]},"properties":{"zone_code":"C-2","zone_description":"Community Commercial","zone_class_normalized":"Commercial","jurisdiction":"herriman_ut","source_rest_url":"https://services2.arcgis.com/XBmqwOHlPh25M7aJ/arcgis/rest/services/HerrimanCityZoning/FeatureServer/0","extraction_method":"arcgis_rest","confidence":"rest_api"}},{"type":"Feature","geometry":{"type":"Polygon","coordinates":[[[-111.973890340575,40.4768174108175],[-111.973884124705,40.478630686357],[-111.973293197929,40.4786374713909],[-111.97330029931,40.4768241185239],[-111.973890340575,40.4768174108175]]]},"properties":{"zone_code":"C-2","zone_description":"Community Commercial","zone_class_normalized":"Commercial","jurisdiction":"herriman_ut","source_rest_url":"https://services2.arcgis.com/XBmqwOHlPh25M7aJ/arcgis/rest/services/HerrimanCityZoning/FeatureServer/0","extraction_method":"arcgis_rest","confidence":"rest_api"}},{"type":"Feature","geometry":{"type":"Polygon","coordinates":[[[-111.974480399413,40.476810700067],[-111.97447503486,40.4786238993093],[-111.973884124705,40.478630686357],[-111.973890340575,40.4768174108175],[-111.974480399413,40.476810700067]]]},"properties":{"zone_code":"C-2","zone_description":"Community Commercial","zone_class_normalized":"Commercial","jurisdiction":"herriman_ut","source_rest_url":"https://services2.arcgis.com/XBmqwOHlPh25M7aJ/arcgis/rest/services/HerrimanCityZoning/FeatureServer/0","extraction_method":"arcgis_rest","confidence":"rest_api"}},{"type":"Feature","geometry":{"type":"Polygon","coordinates":[[[-111.975184463424,40.4749402945926],[-111.981555717146,40.4785411547453],[-111.981555720315,40.4785422732685],[-111.976829279661,40.4785967649565],[-111.976830074536,40.4785964230979],[-111.976831752194,40.4767838661983],[-111.974471909512,40.4768107344588],[-111.974477428177,40.4749462175592],[-111.975184463424,40.4749402945926]]]},"properties":{"zone_code":"C-2","zone_description":"Community Commercial","zone_class_normalized":"Commercial","jurisdiction":"herriman_ut","source_rest_url":"https://services2.arcgis.com/XBmqwOHlPh25M7aJ/arcgis/rest/services/HerrimanCityZoning/FeatureServer/0","extraction_method":"arcgis_rest","confidence":"rest_api"}},{"type":"Feature","geometry":{"type":"Polygon","coordinates":[[[-112.062634259147,40.5092319921414],[-112.062629766165,40.5085012736122],[-112.063186791009,40.5085004611819],[-112.063188825551,40.509309898348],[-112.063187810098,40.5093821825498],[-112.062634711501,40.5093054913872],[-112.062634259147,40.5092319921414]]]},"properties":{"zone_code":"A-1-21","zone_description":"Agricultural - single family/limited animal uses on 1/2 acre min.","zone_class_normalized":"Agriculture/Rural","jurisdiction":"herriman_ut","source_rest_url":"https://services2.arcgis.com/XBmqwOHlPh25M7aJ/arcgis/rest/services/HerrimanCityZoning/FeatureServer/0","extraction_method":"arcgis_rest","confidence":"rest_api"}},{"type":"Feature","geometry":{"type":"MultiPolygon","coordinates":[[[[-111.978352097511,40.4749984969377],[-111.978218159683,40.4749164333151],[-111.98027600755,40.4749161148555],[-111.981554813251,40.4749158984049],[-111.981547970652,40.4755393139763],[-111.981551585862,40.4769075473829],[-111.981551586072,40.4769075771017],[-111.980079388319,40.4760599534974],[-111.979426464802,40.475676378634],[-111.978947327233,40.4753878974488],[-111.978352097511,40.4749984969377]]],[[[-111.976841959931,40.4749279160773],[-111.976840985382,40.4740891222869],[-111.97707482271,40.4742235806432],[-111.977864442788,40.4746982104697],[-111.978198710586,40.4749060190052],[-111.976841959931,40.4749279160773]]]]},"properties":{"zone_code":"R-2-15","zone_description":"Medium Density Residential","zone_class_normalized":"Residential-Medium","jurisdiction":"herriman_ut","source_rest_url":"https://services2.arcgis.com/XBmqwOHlPh25M7aJ/arcgis/rest/services/HerrimanCityZoning/FeatureServer/0","extraction_method":"arcgis_rest","confidence":"rest_api"}},{"type":"Feature","geometry":{"type":"Polygon","coordinates":[[[-112.065083791475,40.495347722692],[-112.065077257425,40.4962902839083],[-112.062717338998,40.496283696015],[-112.062628027901,40.4962821112097],[-112.062631598807,40.4953595243366],[-112.065083791475,40.495347722692]]]},"properties":{"zone_code":"A-1-21","zone_description":"Agricultural - single family/limited animal uses on 1/2 acre min.","zone_class_normalized":"Agriculture/Rural","jurisdiction":"herriman_ut","source_rest_url":"https://services2.arcgis.com/XBmqwOHlPh25M7aJ/arcgis/rest/services/HerrimanCityZoning/FeatureServer/0","extraction_method":"arcgis_rest","confidence":"rest_api"}},{"type":"Feature","geometry":{"type":"Polygon","coordinates":[[[-112.0660125766,40.5097511026183],[-112.066945198303,40.5096462400698],[-112.066800334849,40.5097561631497],[-112.066766871242,40.5098210051733],[-112.066794419025,40.5098727385532],[-112.066919962924,40.5099131782298],[-112.067391704292,40.5101295261466],[-112.067389958545,40.5101770099497],[-112.066713528164,40.5099243695774],[-112.0660125766,40.5097511026183]]]},"properties":{"zone_code":"A-1-43","zone_description":"Agricultural - single family/animals allowed on 1 acre min.","zone_class_normalized":"Agriculture/Rural","jurisdiction":"herriman_ut","source_rest_url":"https://services2.arcgis.com/XBmqwOHlPh25M7aJ/arcgis/rest/services/HerrimanCityZoning/FeatureServer/0","extraction_method":"arcgis_rest","confidence":"rest_api"}},{"type":"Feature","geometry":{"type":"Polygon","coordinates":[[[-112.066908206121,40.5085532481641],[-112.066911150649,40.5095119957378],[-112.066945198303,40.5096462400698],[-112.0660125766,40.5097511026183],[-112.066012141162,40.5096916101313],[-112.066006753056,40.5085545869487],[-112.066908206121,40.5085532481641]]]},"properties":{"zone_code":"A-1-21","zone_description":"Agricultural - single family/limited animal uses on 1/2 acre min.","zone_class_normalized":"Agriculture/Rural","jurisdiction":"herriman_ut","source_rest_url":"https://services2.arcgis.com/XBmqwOHlPh25M7aJ/arcgis/rest/services/HerrimanCityZoning/FeatureServer/0","extraction_method":"arcgis_rest","confidence":"rest_api"}},{"type":"Feature","geometry":{"type":"Polygon","coordinates":[[[-112.065024842709,40.5011115040533],[-112.06502402687,40.5012826480091],[-112.06503283028,40.5012826352763],[-112.065023982404,40.5012918162296],[-112.065023143207,40.5014675514937],[-112.063838538639,40.5014673941594],[-112.063840260849,40.5011082053988],[-112.065024842709,40.5011115040533]]]},"properties":{"zone_code":"A-1-21","zone_description":"Agricultural - single family/limited animal uses on 1/2 acre min.","zone_class_normalized":"Agriculture/Rural","jurisdiction":"herriman_ut","source_rest_url":"https://services2.arcgis.com/XBmqwOHlPh25M7aJ/arcgis/rest/services/HerrimanCityZoning/FeatureServer/0","extraction_method":"arcgis_rest","confidence":"rest_api"}},{"type":"Feature","geometry":{"type":"Polygon","coordinates":[[[-112.043615509345,40.5013064455404],[-112.043620594123,40.5019498168087],[-112.04252845114,40.5019518626413],[-112.042528638641,40.5013114830332],[-112.043615509345,40.5013064455404]]]},"properties":{"zone_code":"A-1-21","zone_description":"Agricultural - single family/limited animal uses on 1/2 acre min.","zone_class_normalized":"Agriculture/Rural","jurisdiction":"herriman_ut","source_rest_url":"https://services2.arcgis.com/XBmqwOHlPh25M7aJ/arcgis/rest/services/HerrimanCityZoning/FeatureServer/0","extraction_method":"arcgis_rest","confidence":"rest_api"}},{"type":"Feature","geometry":{"type":"Polygon","coordinates":[[[-112.042532017167,40.5053528753591],[-112.042529686793,40.5048676416141],[-112.043643638367,40.5048652750664],[-112.043647469614,40.5053499723178],[-112.042532017167,40.5053528753591]]]},"properties":{"zone_code":"A-1-21","zone_description":"Agricultural - single family/limited animal uses on 1/2 acre min.","zone_class_normalized":"Agriculture/Rural","jurisdiction":"herriman_ut","source_rest_url":"https://services2.arcgis.com/XBmqwOHlPh25M7aJ/arcgis/rest/services/HerrimanCityZoning/FeatureServer/0","extraction_method":"arcgis_rest","confidence":"rest_api"}},{"type":"Feature","geometry":{"type":"Polygon","coordinates":[[[-112.033022431654,40.5188446370154],[-112.033139469205,40.5188453321764],[-112.034562576633,40.5188508952652],[-112.034560465159,40.519165187316],[-112.033020048158,40.5191723029847],[-112.033022431654,40.5188446370154]]]},"properties":{"zone_code":"A-1-21","zone_description":"Agricultural - single family/limited animal uses on 1/2 acre min.","zone_class_normalized":"Agriculture/Rural","jurisdiction":"herriman_ut","source_rest_url":"https://services2.arcgis.com/XBmqwOHlPh25M7aJ/arcgis/rest/services/HerrimanCityZoning/FeatureServer/0","extraction_method":"arcgis_rest","confidence":"rest_api"}},{"type":"Feature","geometry":{"type":"Polygon","coordinates":[[[-111.962709009611,40.4642360104745],[-111.962751008989,40.4642598400115],[-111.963940522089,40.4642589079634],[-111.963923547582,40.466396720302],[-111.963376579824,40.466387937253],[-111.962977112183,40.466248499178],[-111.962722492731,40.4660443551766],[-111.962257084356,40.4657049375734],[-111.961678137219,40.4654654140711],[-111.961121554608,40.4654166863702],[-111.960598889576,40.4654504541101],[-111.959850683722,40.4652992232654],[-111.959297311563,40.4651332320116],[-111.958756107068,40.4649389297758],[-111.957834822458,40.4646881123024],[-111.957179047503,40.4645090852575],[-111.956443213982,40.464189748434],[-111.959843995712,40.4641989777225],[-111.962709009611,40.4642360104745]]]},"properties":{"zone_code":"R-2-15","zone_description":"Medium Density Residential","zone_class_normalized":"Residential-Medium","jurisdiction":"herriman_ut","source_rest_url":"https://services2.arcgis.com/XBmqwOHlPh25M7aJ/arcgis/rest/services/HerrimanCityZoning/FeatureServer/0","extraction_method":"arcgis_rest","confidence":"rest_api"}},{"type":"Feature","geometry":{"type":"Polygon","coordinates":[[[-111.965128394472,40.4642384922467],[-111.963940754901,40.4642296421574],[-111.963940522089,40.4642589079634],[-111.962751008989,40.4642598400115],[-111.962709009611,40.4642360104745],[-111.96273585608,40.4642363573961],[-111.962718722501,40.4628822050831],[-111.962694975962,40.4623760436302],[-111.96264165999,40.4604969102077],[-111.964593102007,40.460533895213],[-111.964599182922,40.4614280879716],[-111.96674328924,40.4614229568759],[-111.968280605245,40.4619958693682],[-111.968197564347,40.4605156115579],[-111.972162594293,40.4604716123024],[-111.974487951296,40.4604457456146],[-111.975948787382,40.4604294720248],[-111.976779023116,40.4604202155037],[-111.976828485752,40.4629229156494],[-111.976851796056,40.4641022539414],[-111.971556301228,40.4641759093597],[-111.971426243819,40.464082389059],[-111.971104711444,40.4638775255332],[-111.970888559953,40.4637841330019],[-111.971326786665,40.464021048069],[-111.97154118975,40.4641761197077],[-111.965127980665,40.464264999348],[-111.965128394472,40.4642384922467]],[[-111.970252213739,40.46363240608],[-111.970069801057,40.463611479982],[-111.969743784825,40.4636235287021],[-111.970252213739,40.46363240608]],[[-111.964753008331,40.4626423616877],[-111.964520390216,40.4625213744297],[-111.965234720419,40.4629111800962],[-111.965377240374,40.46298298848],[-111.96526069323,40.4629194011261],[-111.964753008331,40.4626423616877]],[[-111.970447834889,40.4636548476726],[-111.970445484219,40.4636545779308],[-111.970850530772,40.4637677023195],[-111.970823948434,40.463756216712],[-111.970447834889,40.4636548476726]],[[-111.966309799496,40.4634273698646],[-111.966114067965,40.4633542308074],[-111.966148396885,40.4633715270171],[-111.966309799496,40.4634273698646]],[[-111.966649955863,40.4635429663894],[-111.966622302775,40.4635354908527],[-111.96663540074,40.4635400226994],[-111.966649955863,40.4635429663894]]]},"properties":{"zone_code":"A-1-43","zone_description":"Agricultural - single family/animals allowed on 1 acre min.","zone_class_normalized":"Agriculture/Rural","jurisdiction":"herriman_ut","source_rest_url":"https://services2.arcgis.com/XBmqwOHlPh25M7aJ/arcgis/rest/services/HerrimanCityZoning/FeatureServer/0","extraction_method":"arcgis_rest","confidence":"rest_api"}},{"type":"Feature","geometry":{"type":"Polygon","coordinates":[[[-111.971556301228,40.4641759093597],[-111.976851796056,40.4641022539414],[-111.976851969272,40.4641110214508],[-111.976850626334,40.4658241136329],[-111.976386537168,40.4658521908626],[-111.975962671484,40.4657542263885],[-111.975641137296,40.4655857315517],[-111.975489588453,40.4654381537862],[-111.975271302147,40.4652255867408],[-111.97505690007,40.465108136266],[-111.973719320091,40.4649779616681],[-111.973018040327,40.4649226934552],[-111.972567482329,40.4648042557843],[-111.972117429742,40.4645724057888],[-111.971813430874,40.4643608037194],[-111.971556301228,40.4641759093597]]]},"properties":{"zone_code":"R-1-15","zone_description":"Residential - single family on 15,000 sq. ft. min.","zone_class_normalized":"Residential-Low","jurisdiction":"herriman_ut","source_rest_url":"https://services2.arcgis.com/XBmqwOHlPh25M7aJ/arcgis/rest/services/HerrimanCityZoning/FeatureServer/0","extraction_method":"arcgis_rest","confidence":"rest_api"}},{"type":"Feature","geometry":{"type":"Polygon","coordinates":[[[-111.938756442466,40.4528851395229],[-111.938733050614,40.4495109645353],[-111.938720104507,40.4474231952967],[-111.938693933986,40.4468554006037],[-111.939662500241,40.4468517672991],[-111.942342950613,40.4468416705677],[-111.942918469135,40.4482523213598],[-111.942368994134,40.4468587286166],[-111.943410383319,40.4468599126432],[-111.943466190092,40.4468747674256],[-111.943525238137,40.4494040655281],[-111.943455080969,40.449567553372],[-111.943482882617,40.4496356946541],[-111.943473726885,40.4496425108539],[-111.94348580078,40.4496428460742],[-111.943523661838,40.4525509779779],[-111.942984644183,40.452551054336],[-111.942993286628,40.4533745529049],[-111.938975069688,40.4533750446859],[-111.93884539194,40.4533750579768],[-111.938660395443,40.4529805657211],[-111.938756442466,40.4528851395229]]]},"properties":{"zone_code":"MU-2","zone_description":"Mixed Use 2 Zone","zone_class_normalized":"Mixed-Use","jurisdiction":"herriman_ut","source_rest_url":"https://services2.arcgis.com/XBmqwOHlPh25M7aJ/arcgis/rest/services/HerrimanCityZoning/FeatureServer/0","extraction_method":"arcgis_rest","confidence":"rest_api"}},{"type":"Feature","geometry":{"type":"Polygon","coordinates":[[[-111.943473726885,40.4496425108539],[-111.943482882617,40.4496356946541],[-111.94348580078,40.4496428460742],[-111.943473726885,40.4496425108539]]]},"properties":{"zone_code":"M-1","zone_description":"Manufacturing Zone","zone_class_normalized":"Industrial/Flex","jurisdiction":"herriman_ut","source_rest_url":"https://services2.arcgis.com/XBmqwOHlPh25M7aJ/arcgis/rest/services/HerrimanCityZoning/FeatureServer/0","extraction_method":"arcgis_rest","confidence":"rest_api"}},{"type":"Feature","geometry":{"type":"Polygon","coordinates":[[[-112.03299615681,40.5348260809634],[-112.038362441313,40.5348015599308],[-112.038350210866,40.5369367540306],[-112.03300437757,40.5369446506688],[-112.03299615681,40.5348260809634]]]},"properties":{"zone_code":"C-2","zone_description":"Community Commercial","zone_class_normalized":"Commercial","jurisdiction":"herriman_ut","source_rest_url":"https://services2.arcgis.com/XBmqwOHlPh25M7aJ/arcgis/rest/services/HerrimanCityZoning/FeatureServer/0","extraction_method":"arcgis_rest","confidence":"rest_api"}},{"type":"Feature","geometry":{"type":"Polygon","coordinates":[[[-112.032981145477,40.5309571599311],[-112.035243020875,40.5304839451998],[-112.035636034442,40.5304249633135],[-112.036066970226,40.5304229934057],[-112.036498355522,40.5304782065725],[-112.037136741138,40.5306468441531],[-112.038151775351,40.5310567932608],[-112.038850558284,40.5313111260165],[-112.039241315006,40.531409203258],[-112.040197334168,40.5314619883004],[-112.041996388506,40.5314965749654],[-112.04359938445,40.5311619588071],[-112.043613483617,40.5369287407183],[-112.038350210866,40.5369367540306],[-112.038362441313,40.5348015599308],[-112.03299615681,40.5348260809634],[-112.032981145477,40.5309571599311]]]},"properties":{"zone_code":"R-2-10","zone_description":"Residential - single family or dwelling group on 10,000 sq. ft. min.","zone_class_normalized":"Industrial/Flex","jurisdiction":"herriman_ut","source_rest_url":"https://services2.arcgis.com/XBmqwOHlPh25M7aJ/arcgis/rest/services/HerrimanCityZoning/FeatureServer/0","extraction_method":"arcgis_rest","confidence":"rest_api"}},{"type":"Feature","geometry":{"type":"Polygon","coordinates":[[[-112.032978048008,40.5301586747687],[-112.034755941861,40.529697467016],[-112.034902936177,40.5296532146556],[-112.035052899181,40.5296151994736],[-112.03520537386,40.5295835352174],[-112.03535990188,40.5295583176308],[-112.035516011787,40.5295396245087],[-112.035673234312,40.5295275111234],[-112.035831091794,40.5295220156777],[-112.035989106386,40.529523152962],[-112.036146800101,40.5295309197588],[-112.036303693624,40.5295452939468],[-112.036459315723,40.5295662308558],[-112.036613191481,40.5295936678233],[-112.036751204444,40.5296264906386],[-112.036886596065,40.5296651520405],[-112.037018940546,40.5297095333113],[-112.037147823706,40.529759493167],[-112.037272843059,40.5298148767628],[-112.037393605406,40.5298755103008],[-112.037509733941,40.5299412036984],[-112.037620864704,40.5300117506046],[-112.037726648972,40.5300869310908],[-112.037826755589,40.5301665089376],[-112.03792087218,40.5302502352319],[-112.038008701606,40.5303378483827],[-112.038150444218,40.5304920792082],[-112.038307144283,40.53056284312],[-112.038525923505,40.5305856657442],[-112.041992434326,40.530605431365],[-112.043100528912,40.530540733062],[-112.043598005517,40.5305980886951],[-112.04359938445,40.531161958807],[-112.041996388506,40.5314965749652],[-112.040197334168,40.5314619883002],[-112.039241315007,40.5314092032579],[-112.038850558284,40.5313111260164],[-112.038151775351,40.5310567932607],[-112.037136741138,40.5306468441529],[-112.036498355522,40.5304782065724],[-112.036066970226,40.5304229934056],[-112.035636034442,40.5304249633134],[-112.035243020875,40.5304839451996],[-112.032981145477,40.530957159931],[-112.032978048008,40.5301586747687]]]},"properties":{"zone_code":"A-1-43","zone_description":"Agricultural - single family/animals allowed on 1 acre min.","zone_class_normalized":"Agriculture/Rural","jurisdiction":"herriman_ut","source_rest_url":"https://services2.arcgis.com/XBmqwOHlPh25M7aJ/arcgis/rest/services/HerrimanCityZoning/FeatureServer/0","extraction_method":"arcgis_rest","confidence":"rest_api"}},{"type":"Feature","geometry":{"type":"Polygon","coordinates":[[[-112.0329608993,40.5257382812167],[-112.03295552614,40.5243532741541],[-112.035008633702,40.5243250428477],[-112.035016708571,40.5253551705149],[-112.043587775108,40.5253388032076],[-112.043583849959,40.525727661382],[-112.0329608993,40.5257382812167]]]},"properties":{"zone_code":"A-1-43","zone_description":"Agricultural - single family/animals allowed on 1 acre min.","zone_class_normalized":"Agriculture/Rural","jurisdiction":"herriman_ut","source_rest_url":"https://services2.arcgis.com/XBmqwOHlPh25M7aJ/arcgis/rest/services/HerrimanCityZoning/FeatureServer/0","extraction_method":"arcgis_rest","confidence":"rest_api"}},{"type":"Feature","geometry":{"type":"Polygon","coordinates":[[[-112.065019704825,40.5021890080505],[-112.065019580281,40.5026866186252],[-112.063829806803,40.5026964285329],[-112.063829930066,40.5021951841302],[-112.065019704825,40.5021890080505]]]},"properties":{"zone_code":"A-1-21","zone_description":"Agricultural - single family/limited animal uses on 1/2 acre min.","zone_class_normalized":"Agriculture/Rural","jurisdiction":"herriman_ut","source_rest_url":"https://services2.arcgis.com/XBmqwOHlPh25M7aJ/arcgis/rest/services/HerrimanCityZoning/FeatureServer/0","extraction_method":"arcgis_rest","confidence":"rest_api"}},{"type":"Feature","geometry":{"type":"Polygon","coordinates":[[[-112.055591067001,40.5369519026248],[-112.055586434139,40.5360827549473],[-112.056777911237,40.5323517842196],[-112.056818694181,40.5323672002412],[-112.056825973211,40.532369951156],[-112.057137678993,40.5324424805965],[-112.057371968469,40.5324549070612],[-112.05739243224,40.5324559922207],[-112.057617732013,40.5323428265906],[-112.057731170117,40.5322979478354],[-112.057745460021,40.5322922944565],[-112.057877597601,40.5322563584924],[-112.057967042947,40.5322492775091],[-112.058180507589,40.5323149482393],[-112.058400331723,40.5324027767505],[-112.058602055,40.5324529613528],[-112.058846343673,40.532486191929],[-112.059047695527,40.5324568167952],[-112.059240341987,40.5324033410257],[-112.059334958432,40.5323866197491],[-112.059592147124,40.5324400268316],[-112.059584895187,40.5334015841859],[-112.059580536068,40.5339793738336],[-112.059579303209,40.5341428283891],[-112.059586591865,40.5341422541509],[-112.059621560897,40.5341308912326],[-112.059658458134,40.5341239328331],[-112.059696338407,40.5341215572746],[-112.059734229607,40.5341238241331],[-112.059771161025,40.534130675904],[-112.059806185777,40.5341419378946],[-112.059838405604,40.5341573199073],[-112.059868650754,40.534177741072],[-112.059893919733,40.5342017784025],[-112.059913483283,40.5342287365363],[-112.059926773146,40.5342578346869],[-112.059933405867,40.5342882299458],[-112.05993318892,40.5343190442688],[-112.059926129128,40.5343493842499],[-112.05991242938,40.5343783717554],[-112.059892488823,40.5344051673388],[-112.059866881829,40.5344289964584],[-112.059836351075,40.5344491684226],[-112.059814122382,40.5344822267329],[-112.059795503349,40.536951693692],[-112.055591067001,40.5369519026248]]]},"properties":{"zone_code":"TM","zone_description":"Technology Manufacturing","zone_class_normalized":"Industrial/Flex","jurisdiction":"herriman_ut","source_rest_url":"https://services2.arcgis.com/XBmqwOHlPh25M7aJ/arcgis/rest/services/HerrimanCityZoning/FeatureServer/0","extraction_method":"arcgis_rest","confidence":"rest_api"}},{"type":"Feature","geometry":{"type":"Polygon","coordinates":[[[-112.010136324296,40.5304986087907],[-112.010730064791,40.5311535163486],[-112.010748014642,40.5311595062261],[-112.011733851592,40.5321520420897],[-112.012890862062,40.5333168428516],[-112.013640189412,40.5340507832246],[-112.013954764586,40.5343125013387],[-112.014677790024,40.535029699538],[-112.014706443159,40.5350131004149],[-112.014870689411,40.5351500618257],[-112.016450750611,40.5368582794167],[-112.016452368065,40.5368601932174],[-112.016527671398,40.5369492786272],[-112.014283040154,40.5369488343866],[-112.014168950093,40.5368579120867],[-112.01386525088,40.5365835822601],[-112.013332040945,40.5362149597931],[-112.013237237735,40.536096326984],[-112.013094433405,40.5359757689287],[-112.012548740687,40.535426432264],[-112.012445248227,40.5352801990298],[-112.011985161403,40.5346300892703],[-112.011877641417,40.53447815984],[-112.010136800528,40.5327255471618],[-112.010098416706,40.532695879013],[-112.010136324296,40.5304986087907]]]},"properties":{"zone_code":"R-2-10","zone_description":"Residential - single family or dwelling group on 10,000 sq. ft. min.","zone_class_normalized":"Industrial/Flex","jurisdiction":"herriman_ut","source_rest_url":"https://services2.arcgis.com/XBmqwOHlPh25M7aJ/arcgis/rest/services/HerrimanCityZoning/FeatureServer/0","extraction_method":"arcgis_rest","confidence":"rest_api"}},{"type":"Feature","geometry":{"type":"Polygon","coordinates":[[[-112.006726611166,40.5241555752109],[-112.011097254268,40.5241287645265],[-112.011109801136,40.524201954797],[-112.011124620023,40.5242884042854],[-112.011172231744,40.5244882170112],[-112.011237886541,40.5247022377883],[-112.011497486148,40.5246841428235],[-112.011538460085,40.5247191613307],[-112.011576232799,40.5249526498148],[-112.011861008714,40.5254517914336],[-112.012107673831,40.5258653187071],[-112.012674129782,40.5264490073008],[-112.014202133975,40.527829094511],[-112.017125547193,40.5303753428967],[-112.017448725163,40.5309886740281],[-112.017487979535,40.5311397021968],[-112.017456743575,40.5311397635356],[-112.017244552622,40.5311401722714],[-112.01721636437,40.5310335782916],[-112.017181094383,40.5309282178156],[-112.017138834478,40.5308243660085],[-112.017089695314,40.5307222925482],[-112.017033802849,40.5306222616404],[-112.016971303076,40.5305245337992],[-112.016902359633,40.5304293622557],[-112.016860305803,40.5304500277103],[-112.016788535563,40.5303757079153],[-112.01671074751,40.530303917305],[-112.016581712004,40.5301909574664],[-112.016151457079,40.5302479590602],[-112.016114197367,40.5302509815473],[-112.016076740392,40.530250237777],[-112.016039736594,40.5302457410963],[-112.01596840356,40.5302348798383],[-112.015919296734,40.530230161716],[-112.015869810593,40.5302308487048],[-112.01574512613,40.5302394250914],[-112.015733052313,40.5302394791127],[-112.015721137994,40.5302379924443],[-112.015709716326,40.5302350068483],[-112.015453088179,40.5301489624246],[-112.015397346282,40.5301336608595],[-112.015339384522,40.5301243263444],[-112.01514372942,40.5301033896659],[-112.015108992499,40.5301019446917],[-112.015074435912,40.5301050018003],[-112.01504105395,40.5301124719686],[-112.015009806909,40.5301241402437],[-112.014981593984,40.5301396712644],[-112.014957228544,40.5301586174754],[-112.0149374111,40.5301804336542],[-112.014922712893,40.5302044922935],[-112.014913555962,40.5302301007987],[-112.014910202669,40.5302565213466],[-112.014906744562,40.5302861015786],[-112.01489735455,40.5303149225629],[-112.014882255216,40.5303422943791],[-112.014861808696,40.5303675643174],[-112.014836502601,40.5303901277473],[-112.01480694189,40.5304094461657],[-112.014773832432,40.5304250580761],[-112.014655118168,40.5304717771345],[-112.014616638745,40.5304843082875],[-112.014576185828,40.5304924496733],[-112.014534612657,40.5304960300374],[-112.014492797975,40.5304949734759],[-112.014269538967,40.5304768690261],[-112.014266521164,40.5304764220707],[-112.014263645626,40.5304755890442],[-112.0142609987,40.530474394784],[-112.014258657369,40.5304728740748],[-112.014256689243,40.5304710716488],[-112.014255152549,40.5304690394843],[-112.014254092584,40.5304668368204],[-112.014253538169,40.5304645292729],[-112.01425350869,40.5304621833994],[-112.014254002301,40.5304598676519],[-112.01425500535,40.5304576496336],[-112.014256489998,40.530455594308],[-112.014343138703,40.5303567270569],[-112.014283749122,40.5302235482417],[-112.014263156905,40.5301872165485],[-112.014235224575,40.5301538601371],[-112.014200669121,40.5301243359082],[-112.014160376741,40.5300994018572],[-112.014115382635,40.5300796982513],[-112.014066842551,40.530065730644],[-112.014016000831,40.530057858308],[-112.013964164363,40.5300562826432],[-112.013266970027,40.530077771353],[-112.013227293717,40.5300789942446],[-112.01313395392,40.5300850828111],[-112.013041705315,40.5300975363081],[-112.012951291876,40.5301162542201],[-112.012863444208,40.5301410847595],[-112.01277887013,40.5301718276091],[-112.012698251149,40.5302082357387],[-112.012622237737,40.5302500154253],[-112.01255144228,40.5302968298859],[-112.012486436729,40.5303483010885],[-112.012427744374,40.5304040142908],[-112.012375837504,40.5304635207517],[-112.012331137417,40.5305263395318],[-112.012294001497,40.5305919647543],[-112.012264731483,40.5306598673697],[-112.012169507422,40.5309195261564],[-112.012163182648,40.5309324743628],[-112.012154108638,40.5309444331391],[-112.012142542523,40.5309550654463],[-112.012128807823,40.5309640726799],[-112.011635732119,40.5311508466909],[-112.010741080112,40.5311525245515],[-112.010748014643,40.531159506226],[-112.010730064791,40.5311535163485],[-112.010136324296,40.5304986087905],[-112.01015032006,40.5296873407423],[-112.010120483192,40.5296894284435],[-112.009417001527,40.5296852479847],[-112.008570891758,40.5285424081231],[-112.008564619212,40.524923140835],[-112.00691104187,40.5249443248277],[-112.006726611166,40.5241555752109]],[[-112.01181409589,40.5290992708372],[-112.012657594279,40.5290962828195],[-112.012775889112,40.529090486219],[-112.012893416566,40.5290786959125],[-112.013009655333,40.529060964616],[-112.013124090205,40.5290373711373],[-112.013236214435,40.529008020366],[-112.013345530893,40.5289730405664],[-112.013451553301,40.5289325896759],[-112.013553814408,40.5288868444622],[-112.014255000691,40.5284563265852],[-112.014201633863,40.5284076503311],[-112.013139242649,40.5274386129734],[-112.011512215237,40.5283453508785],[-112.011553905257,40.5284093197808],[-112.011615225797,40.528505172587],[-112.011657099815,40.528571933337],[-112.011699696596,40.528648817908],[-112.011734345143,40.5287279931071],[-112.011760834129,40.5288089816569],[-112.011769133453,40.5288465724438],[-112.011779006425,40.5288912943347],[-112.01181409589,40.5290992708372]]]},"properties":{"zone_code":"AMSD","zone_description":"Auto Mall Special District","zone_class_normalized":"Other/Unknown","jurisdiction":"herriman_ut","source_rest_url":"https://services2.arcgis.com/XBmqwOHlPh25M7aJ/arcgis/rest/services/HerrimanCityZoning/FeatureServer/0","extraction_method":"arcgis_rest","confidence":"rest_api"}},{"type":"Feature","geometry":{"type":"Polygon","coordinates":[[[-112.068901226069,40.5151379774928],[-112.06890763392,40.5115030015446],[-112.072912363614,40.5115162748531],[-112.072913213498,40.511516031142],[-112.076970399304,40.5115159922006],[-112.077022267176,40.515135127036],[-112.068901226069,40.5151379774928]]]},"properties":{"zone_code":"R-1-21","zone_description":"Residential - single family/limited animal uses on 1/2 acre min.","zone_class_normalized":"Industrial/Flex","jurisdiction":"herriman_ut","source_rest_url":"https://services2.arcgis.com/XBmqwOHlPh25M7aJ/arcgis/rest/services/HerrimanCityZoning/FeatureServer/0","extraction_method":"arcgis_rest","confidence":"rest_api"}},{"type":"Feature","geometry":{"type":"Polygon","coordinates":[[[-112.05316707418,40.5078761220301],[-112.053184259973,40.5077444228109],[-112.053144492667,40.5070631569447],[-112.053104726147,40.5063818899888],[-112.053090416781,40.5063817512954],[-112.053155560684,40.5044691491015],[-112.053165063214,40.5041901614549],[-112.055162091036,40.5041953739502],[-112.056232621673,40.5042170634464],[-112.056235291189,40.5038704664964],[-112.057421976112,40.5038756073136],[-112.05741918825,40.5042378958351],[-112.059041269748,40.5042445767212],[-112.059050982428,40.5042836627579],[-112.06261268613,40.5042431760289],[-112.062631028311,40.5058073634648],[-112.062626705782,40.5067069583018],[-112.062625418945,40.5076046857476],[-112.062624706226,40.5076799855037],[-112.062624746563,40.507684880004],[-112.062629766165,40.5085012736122],[-112.062634576838,40.5092837113345],[-112.062634703218,40.5093043431784],[-112.062582668535,40.5093045929981],[-112.057439951946,40.5103299479645],[-112.057421291754,40.5078751234407],[-112.05316707418,40.5078761220301]]]},"properties":{"zone_code":"A-1-43","zone_description":"Agricultural - single family/animals allowed on 1 acre min.","zone_class_normalized":"Agriculture/Rural","jurisdiction":"herriman_ut","source_rest_url":"https://services2.arcgis.com/XBmqwOHlPh25M7aJ/arcgis/rest/services/HerrimanCityZoning/FeatureServer/0","extraction_method":"arcgis_rest","confidence":"rest_api"}},{"type":"Feature","geometry":{"type":"Polygon","coordinates":[[[-112.049840774628,40.51215930469],[-112.050814997067,40.5119318753541],[-112.05082136414,40.5139754072456],[-112.04882671435,40.5146693995905],[-112.04882368121,40.5136867076152],[-112.049845981006,40.5134233316196],[-112.049840774628,40.51215930469]]]},"properties":{"zone_code":"A-1-43","zone_description":"Agricultural - single family/animals allowed on 1 acre min.","zone_class_normalized":"Agriculture/Rural","jurisdiction":"herriman_ut","source_rest_url":"https://services2.arcgis.com/XBmqwOHlPh25M7aJ/arcgis/rest/services/HerrimanCityZoning/FeatureServer/0","extraction_method":"arcgis_rest","confidence":"rest_api"}},{"type":"Feature","geometry":{"type":"Polygon","coordinates":[[[-112.04833745012,40.5129229939277],[-112.048339893573,40.5125532112843],[-112.048819759998,40.5124174154194],[-112.048821344938,40.5129309972639],[-112.04833745012,40.5129229939277]]]},"properties":{"zone_code":"A-1-43","zone_description":"Agricultural - single family/animals allowed on 1 acre min.","zone_class_normalized":"Agriculture/Rural","jurisdiction":"herriman_ut","source_rest_url":"https://services2.arcgis.com/XBmqwOHlPh25M7aJ/arcgis/rest/services/HerrimanCityZoning/FeatureServer/0","extraction_method":"arcgis_rest","confidence":"rest_api"}},{"type":"Feature","geometry":{"type":"Polygon","coordinates":[[[-112.048343254508,40.51220657564],[-112.048350767892,40.5115290058197],[-112.048905980038,40.5115241055636],[-112.048906506183,40.5122036830196],[-112.048830946976,40.5122224664827],[-112.048343254508,40.51220657564]]]},"properties":{"zone_code":"A-1-43","zone_description":"Agricultural - single family/animals allowed on 1 acre min.","zone_class_normalized":"Agriculture/Rural","jurisdiction":"herriman_ut","source_rest_url":"https://services2.arcgis.com/XBmqwOHlPh25M7aJ/arcgis/rest/services/HerrimanCityZoning/FeatureServer/0","extraction_method":"arcgis_rest","confidence":"rest_api"}},{"type":"Feature","geometry":{"type":"Polygon","coordinates":[[[-112.011027432039,40.5230876744453],[-112.013143739038,40.5230663534005],[-112.013228804655,40.5245641528714],[-112.013229278633,40.5245695857895],[-112.012852712899,40.5245990520055],[-112.011537804468,40.5247206537493],[-112.011538460085,40.5247191613308],[-112.011497486148,40.5246841428236],[-112.011237886541,40.5247022377885],[-112.011141950324,40.5243895051411],[-112.011076646407,40.524008544246],[-112.011042612687,40.523633403357],[-112.011027432039,40.5230876744453]]]},"properties":{"zone_code":"A-1-43","zone_description":"Agricultural - single family/animals allowed on 1 acre min.","zone_class_normalized":"Agriculture/Rural","jurisdiction":"herriman_ut","source_rest_url":"https://services2.arcgis.com/XBmqwOHlPh25M7aJ/arcgis/rest/services/HerrimanCityZoning/FeatureServer/0","extraction_method":"arcgis_rest","confidence":"rest_api"}},{"type":"Feature","geometry":{"type":"Polygon","coordinates":[[[-112.010038812029,40.5224190614332],[-112.007792007397,40.522372557786],[-112.008192542861,40.5223690224718],[-112.00850336104,40.5223538307087],[-112.008577878013,40.5223469448748],[-112.008938958332,40.5223135790015],[-112.008936796049,40.5223119601429],[-112.009206223045,40.5222763914085],[-112.009505766339,40.5222281037418],[-112.009716204074,40.5221858044485],[-112.009992252199,40.5221245277841],[-112.01003787242,40.522112962159],[-112.01023145488,40.5220638854731],[-112.01038829323,40.5220193353859],[-112.010563463151,40.521966053367],[-112.01073072817,40.5219178037467],[-112.010737900561,40.5219155354531],[-112.010828155215,40.5218966838491],[-112.011092653404,40.5218055916918],[-112.01109289139,40.5218142065],[-112.011094290696,40.5218136897695],[-112.011089948923,40.5224136856341],[-112.011024738802,40.5224078163062],[-112.010038812029,40.5224190614332]]]},"properties":{"zone_code":"A-1-43","zone_description":"Agricultural - single family/animals allowed on 1 acre min.","zone_class_normalized":"Agriculture/Rural","jurisdiction":"herriman_ut","source_rest_url":"https://services2.arcgis.com/XBmqwOHlPh25M7aJ/arcgis/rest/services/HerrimanCityZoning/FeatureServer/0","extraction_method":"arcgis_rest","confidence":"rest_api"}},{"type":"Feature","geometry":{"type":"Polygon","coordinates":[[[-111.978218159683,40.4749164333151],[-111.978201098434,40.474905980437],[-111.978198710587,40.4749060190051],[-111.977928675197,40.4747381427878],[-111.977864442788,40.4746982104695],[-111.977074822711,40.4742235806431],[-111.976840985383,40.4740891222868],[-111.976840659258,40.473808439989],[-111.976842997152,40.4738073326466],[-111.978795457383,40.4737761887433],[-111.978802905403,40.4743309728686],[-111.978894060521,40.4743255010284],[-111.978985495145,40.4743259187594],[-111.979076557129,40.4743322242255],[-111.979166598734,40.4743443714455],[-111.979254979012,40.4743622738857],[-111.979341066161,40.4743858044499],[-111.979424249321,40.4744147954314],[-111.980203650671,40.474873528858],[-111.980203820011,40.4748736281297],[-111.980276007551,40.4749161148554],[-111.978218159683,40.4749164333151]]]},"properties":{"zone_code":"C-2","zone_description":"Community Commercial","zone_class_normalized":"Commercial","jurisdiction":"herriman_ut","source_rest_url":"https://services2.arcgis.com/XBmqwOHlPh25M7aJ/arcgis/rest/services/HerrimanCityZoning/FeatureServer/0","extraction_method":"arcgis_rest","confidence":"rest_api"}},{"type":"Feature","geometry":{"type":"Polygon","coordinates":[[[-112.011512215237,40.5283453508785],[-112.013139242649,40.5274386129734],[-112.014201633863,40.5284076503311],[-112.014255000691,40.5284563265852],[-112.013553814408,40.5288868444622],[-112.013451553301,40.5289325896759],[-112.013345530893,40.5289730405664],[-112.013236214435,40.529008020366],[-112.013124090205,40.5290373711373],[-112.013009655333,40.529060964616],[-112.012893416566,40.5290786959125],[-112.012775889112,40.529090486219],[-112.012657594279,40.5290962828195],[-112.01181409589,40.5290992708372],[-112.011779006425,40.5288912943347],[-112.011769133453,40.5288465724438],[-112.011760834129,40.5288089816569],[-112.011734345143,40.5287279931071],[-112.011699696596,40.528648817908],[-112.011657099815,40.528571933337],[-112.011615225797,40.528505172587],[-112.011553905257,40.5284093197808],[-112.011512215237,40.5283453508785]]]},"properties":{"zone_code":"C-2","zone_description":"Community Commercial","zone_class_normalized":"Commercial","jurisdiction":"herriman_ut","source_rest_url":"https://services2.arcgis.com/XBmqwOHlPh25M7aJ/arcgis/rest/services/HerrimanCityZoning/FeatureServer/0","extraction_method":"arcgis_rest","confidence":"rest_api"}},{"type":"Feature","geometry":{"type":"Polygon","coordinates":[[[-112.069782051594,40.5067502474769],[-112.069782064978,40.5066934644099],[-112.06976707674,40.5058468687332],[-112.069787348247,40.5058552519088],[-112.072147708076,40.5058421459496],[-112.072151032941,40.5058421486276],[-112.072156103788,40.5067468147904],[-112.069782051594,40.5067502474769]]]},"properties":{"zone_code":"A-1-10","zone_description":"Agricultural - single family on 10,000 sq. ft. min.","zone_class_normalized":"Agriculture/Rural","jurisdiction":"herriman_ut","source_rest_url":"https://services2.arcgis.com/XBmqwOHlPh25M7aJ/arcgis/rest/services/HerrimanCityZoning/FeatureServer/0","extraction_method":"arcgis_rest","confidence":"rest_api"}},{"type":"Feature","geometry":{"type":"Polygon","coordinates":[[[-112.06976707674,40.5058468687332],[-112.069751740736,40.5049806110154],[-112.069751761179,40.5049546433317],[-112.06976079466,40.5049514635568],[-112.072145972994,40.5049393301116],[-112.072151032941,40.5058421486276],[-112.072147708076,40.5058421459496],[-112.069787348247,40.5058552519088],[-112.06976707674,40.5058468687332]]]},"properties":{"zone_code":"A-1-10","zone_description":"Agricultural - single family on 10,000 sq. ft. min.","zone_class_normalized":"Agriculture/Rural","jurisdiction":"herriman_ut","source_rest_url":"https://services2.arcgis.com/XBmqwOHlPh25M7aJ/arcgis/rest/services/HerrimanCityZoning/FeatureServer/0","extraction_method":"arcgis_rest","confidence":"rest_api"}},{"type":"Feature","geometry":{"type":"Polygon","coordinates":[[[-112.000716816033,40.5005081301082],[-112.000683503122,40.4968544756863],[-112.00363612918,40.4968418208174],[-112.003632578255,40.496801351057],[-112.003628846912,40.4967608910773],[-112.003624932793,40.4967204408884],[-112.003620838265,40.4966800013807],[-112.003616562147,40.4966395725594],[-112.003612104447,40.4965991553248],[-112.003607465171,40.4965587505776],[-112.003602645494,40.4965183574121],[-112.003597644248,40.4964779776344],[-112.003592461428,40.4964376103441],[-112.003587098227,40.4963972573371],[-112.003581554645,40.4963569186134],[-112.00357582951,40.4963165950785],[-112.003569923994,40.4962762858269],[-112.003563836932,40.4962359926647],[-112.003557570683,40.4961957155818],[-112.003551122896,40.4961554554887],[-112.003544494743,40.4961152114799],[-112.003537686244,40.496074986257],[-112.003530696208,40.4960347780239],[-112.003523527013,40.4959945894722],[-112.003516177466,40.4959544188057],[-112.003508648762,40.4959142678204],[-112.003500938548,40.495874137427],[-112.003493049177,40.4958340267149],[-112.003484980655,40.4957939365845],[-112.003476730637,40.495753868847],[-112.003468302649,40.4957138216861],[-112.003459694352,40.4956737978135],[-112.00345090692,40.4956337963237],[-112.003441940351,40.4955938172164],[-112.003432793488,40.4955538631986],[-112.003423468677,40.4955139324587],[-112.00341396475,40.4954740268031],[-112.003404280523,40.4954341453362],[-112.003394419548,40.4953942898438],[-112.003384378293,40.4953544612416],[-112.003374159104,40.4953146577184],[-112.003363762001,40.4952748819759],[-112.003353185799,40.4952351331183],[-112.003342431691,40.4951954129419],[-112.00333149967,40.4951557205459],[-112.003320389743,40.4951160568308],[-112.003309101917,40.4950764226972],[-112.003297636193,40.495036818145],[-112.003285993756,40.4949972440698],[-112.003274173429,40.4949577004764],[-112.003262175217,40.4949181882653],[-112.003250000301,40.4948787074316],[-112.00323764868,40.4948392579751],[-112.003225120369,40.4947998416968],[-112.003212415367,40.4947604585968],[-112.003199533676,40.4947211086749],[-112.003186475295,40.4946817919312],[-112.003173241424,40.4946425110622],[-112.003159830863,40.494603263371],[-112.00314624482,40.4945640524551],[-112.003132482102,40.4945248765181],[-112.003118545074,40.4944857364506],[-112.003104431392,40.4944466340635],[-112.003090143401,40.4944075675457],[-112.003075679942,40.4943685396039],[-112.003061041008,40.4943295493373],[-112.003046228967,40.4942905976364],[-112.003031240278,40.4942516845163],[-112.003016078488,40.4942128108624],[-112.003000742425,40.49417397758],[-112.002985232081,40.4941351837687],[-112.002969547471,40.4940964312295],[-112.002953689774,40.4940577199573],[-112.002937658997,40.4940190508525],[-112.002921453954,40.4939804230196],[-112.002905077018,40.4939418382495],[-112.002888525831,40.4939032965522],[-112.00287180275,40.4938647979176],[-112.002854906605,40.4938263432512],[-112.00283783858,40.4937879334485],[-112.002820597491,40.4937495676138],[-112.002535340728,40.4931810366829],[-112.005227878518,40.4931727813114],[-112.005230115728,40.4940660235438],[-112.005263429983,40.4964034796403],[-112.005285587413,40.4982762265051],[-112.005312186574,40.500524210269],[-112.003926853008,40.5005228241338],[-112.003818967446,40.5005245957317],[-112.00347414189,40.5005183400983],[-112.002958932406,40.5005155392308],[-112.002065433077,40.5005145782976],[-112.000993785712,40.5005082259066],[-112.000716816033,40.5005081301082]]]},"properties":{"zone_code":"A-1-43","zone_description":"Agricultural - single family/animals allowed on 1 acre min.","zone_class_normalized":"Agriculture/Rural","jurisdiction":"herriman_ut","source_rest_url":"https://services2.arcgis.com/XBmqwOHlPh25M7aJ/arcgis/rest/services/HerrimanCityZoning/FeatureServer/0","extraction_method":"arcgis_rest","confidence":"rest_api"}},{"type":"Feature","geometry":{"type":"Polygon","coordinates":[[[-112.032947620254,40.5217525874627],[-112.032960721446,40.5222987221062],[-112.032892943931,40.5223016320575],[-112.032006697947,40.5224711055533],[-112.03200144695,40.521916721044],[-112.03288740538,40.5217521488879],[-112.032947620254,40.5217525874627]]]},"properties":{"zone_code":"A-1-21","zone_description":"Agricultural - single family/limited animal uses on 1/2 acre min.","zone_class_normalized":"Agriculture/Rural","jurisdiction":"herriman_ut","source_rest_url":"https://services2.arcgis.com/XBmqwOHlPh25M7aJ/arcgis/rest/services/HerrimanCityZoning/FeatureServer/0","extraction_method":"arcgis_rest","confidence":"rest_api"}},{"type":"Feature","geometry":{"type":"Polygon","coordinates":[[[-112.00977270162,40.5333089173852],[-112.010123943568,40.5333178775644],[-112.010131428217,40.5333101648851],[-112.010123679219,40.534153510121],[-112.009732146703,40.5337790419751],[-112.009259355737,40.5333145005217],[-112.009776065699,40.5333122546987],[-112.00977270162,40.5333089173852]]]},"properties":{"zone_code":"A-1-43","zone_description":"Agricultural - single family/animals allowed on 1 acre min.","zone_class_normalized":"Agriculture/Rural","jurisdiction":"herriman_ut","source_rest_url":"https://services2.arcgis.com/XBmqwOHlPh25M7aJ/arcgis/rest/services/HerrimanCityZoning/FeatureServer/0","extraction_method":"arcgis_rest","confidence":"rest_api"}},{"type":"Feature","geometry":{"type":"Polygon","coordinates":[[[-112.010131428217,40.5333101648851],[-112.010119883639,40.5333177736537],[-112.00977270162,40.5333089173852],[-112.007699482675,40.5312524131917],[-112.008454959753,40.5308368432153],[-112.008579764328,40.5309839756277],[-112.009198112343,40.5316875520146],[-112.009689963102,40.5322488203073],[-112.010098416706,40.532695879013],[-112.010136800528,40.5327255471618],[-112.011877641417,40.53447815984],[-112.011985161403,40.5346300892703],[-112.012445248227,40.5352801990298],[-112.012548740687,40.535426432264],[-112.013094433405,40.5359757689287],[-112.013237237735,40.536096326984],[-112.011536884351,40.536948232913],[-112.010099347514,40.5369478918003],[-112.010083336801,40.5368831624341],[-112.010083387851,40.5368603038322],[-112.010119906185,40.5368469623275],[-112.010702481055,40.5368443403697],[-112.010953223812,40.5368211107784],[-112.011292009581,40.5367686188788],[-112.011458674774,40.5367335250588],[-112.011943553216,40.5365937738506],[-112.012241022862,40.5364771765911],[-112.012472559634,40.5363675913959],[-112.012913451658,40.5360804214945],[-112.01304709368,40.5360031410531],[-112.012260910439,40.535215192441],[-112.011189991811,40.5352177318426],[-112.010089483282,40.5341316902843],[-112.010091258866,40.533336640992],[-112.010119883639,40.5333177736537],[-112.010123943568,40.5333178775644],[-112.010131428217,40.5333101648851]]]},"properties":{"zone_code":"A-1-43","zone_description":"Agricultural - single family/animals allowed on 1 acre min.","zone_class_normalized":"Agriculture/Rural","jurisdiction":"herriman_ut","source_rest_url":"https://services2.arcgis.com/XBmqwOHlPh25M7aJ/arcgis/rest/services/HerrimanCityZoning/FeatureServer/0","extraction_method":"arcgis_rest","confidence":"rest_api"}},{"type":"Feature","geometry":{"type":"Polygon","coordinates":[[[-112.044734935144,40.4894763383385],[-112.044736651133,40.4895480202396],[-112.04469287486,40.4895489226461],[-112.044692300224,40.4894768797037],[-112.044734935144,40.4894763383385]]]},"properties":{"zone_code":"A-1-10","zone_description":"Agricultural - single family on 10,000 sq. ft. min.","zone_class_normalized":"Agriculture/Rural","jurisdiction":"herriman_ut","source_rest_url":"https://services2.arcgis.com/XBmqwOHlPh25M7aJ/arcgis/rest/services/HerrimanCityZoning/FeatureServer/0","extraction_method":"arcgis_rest","confidence":"rest_api"}},{"type":"Feature","geometry":{"type":"Polygon","coordinates":[[[-112.044734935144,40.4894763383385],[-112.044692281278,40.4876950033978],[-112.045871685848,40.4876938950429],[-112.045874889462,40.4876938918227],[-112.045913257351,40.487693855326],[-112.045933304676,40.4895486684163],[-112.044736651133,40.4895480202396],[-112.044734935144,40.4894763383385]]]},"properties":{"zone_code":"A-1-43","zone_description":"Agricultural - single family/animals allowed on 1 acre min.","zone_class_normalized":"Agriculture/Rural","jurisdiction":"herriman_ut","source_rest_url":"https://services2.arcgis.com/XBmqwOHlPh25M7aJ/arcgis/rest/services/HerrimanCityZoning/FeatureServer/0","extraction_method":"arcgis_rest","confidence":"rest_api"}},{"type":"Feature","geometry":{"type":"Polygon","coordinates":[[[-112.005533476433,40.5290924574424],[-112.006270166005,40.5298345269186],[-112.006116199167,40.5296817875581],[-112.005548038819,40.5296788565284],[-112.005533476433,40.5290924574424]]]},"properties":{"zone_code":"A-1-43","zone_description":"Agricultural - single family/animals allowed on 1 acre min.","zone_class_normalized":"Agriculture/Rural","jurisdiction":"herriman_ut","source_rest_url":"https://services2.arcgis.com/XBmqwOHlPh25M7aJ/arcgis/rest/services/HerrimanCityZoning/FeatureServer/0","extraction_method":"arcgis_rest","confidence":"rest_api"}},{"type":"Feature","geometry":{"type":"Polygon","coordinates":[[[-112.007672077056,40.5312252282123],[-112.006270166005,40.5298345269186],[-112.005533476433,40.5290924574424],[-112.005514144644,40.5283140109131],[-112.005500402383,40.526458623965],[-112.005534650147,40.526206609865],[-112.006390686223,40.5278911204567],[-112.006928930012,40.5288000286017],[-112.007418025548,40.529523866613],[-112.007657735064,40.5298536421009],[-112.007672646467,40.5298912306347],[-112.007672654055,40.529873369464],[-112.007870238846,40.5301315050259],[-112.008073456089,40.5303870834019],[-112.008384588037,40.5307538820342],[-112.008454959753,40.5308368432153],[-112.007699482675,40.5312524131917],[-112.007672576461,40.5312257231675],[-112.007672077056,40.5312252282123]]]},"properties":{"zone_code":"M-1","zone_description":"Manufacturing Zone","zone_class_normalized":"Industrial/Flex","jurisdiction":"herriman_ut","source_rest_url":"https://services2.arcgis.com/XBmqwOHlPh25M7aJ/arcgis/rest/services/HerrimanCityZoning/FeatureServer/0","extraction_method":"arcgis_rest","confidence":"rest_api"}},{"type":"Feature","geometry":{"type":"Polygon","coordinates":[[[-112.01104005398,40.5235455927427],[-112.011052571366,40.5237431684402],[-112.011063801105,40.5238669598973],[-112.011076646407,40.524008544246],[-112.011097254268,40.5241287645266],[-112.006726611166,40.524155575211],[-112.006577345949,40.523517199461],[-112.007455119035,40.523525153242],[-112.01062532778,40.5235545499194],[-112.01104005398,40.5235455927427]]]},"properties":{"zone_code":"C-2","zone_description":"Commercial","zone_class_normalized":"Commercial","jurisdiction":"herriman_ut","source_rest_url":"https://services2.arcgis.com/XBmqwOHlPh25M7aJ/arcgis/rest/services/HerrimanCityZoning/FeatureServer/0","extraction_method":"arcgis_rest","confidence":"rest_api"}},{"type":"Feature","geometry":{"type":"Polygon","coordinates":[[[-112.043548123205,40.5086681081405],[-112.043542168146,40.5078672425904],[-112.04355391802,40.5078597492453],[-112.043605124931,40.5078629618566],[-112.04365633184,40.507866173545],[-112.04365634495,40.5078675234632],[-112.043707046012,40.5078675160787],[-112.044231189802,40.5078674362051],[-112.044520431134,40.5078680702141],[-112.044526992042,40.5086663833928],[-112.043548123205,40.5086681081405]]]},"properties":{"zone_code":"C-2","zone_description":"Commercial","zone_class_normalized":"Commercial","jurisdiction":"herriman_ut","source_rest_url":"https://services2.arcgis.com/XBmqwOHlPh25M7aJ/arcgis/rest/services/HerrimanCityZoning/FeatureServer/0","extraction_method":"arcgis_rest","confidence":"rest_api"}},{"type":"Feature","geometry":{"type":"Polygon","coordinates":[[[-112.043551026988,40.5090586050013],[-112.043548123205,40.5086681081405],[-112.044526992042,40.5086663833928],[-112.044520431134,40.5078680702141],[-112.046935899358,40.5078733379683],[-112.046974235117,40.5085208572472],[-112.048280127433,40.5085216223846],[-112.048299160005,40.5091537251514],[-112.048306784562,40.5091537191958],[-112.048305449967,40.5091554680748],[-112.048311319345,40.5114985605886],[-112.045550804046,40.5115236965969],[-112.045554234572,40.5103490415781],[-112.045079797344,40.5103499677849],[-112.045081443359,40.5097878199068],[-112.043660776756,40.5097550079723],[-112.043542075182,40.509748929392],[-112.043551026988,40.5090586050013]]]},"properties":{"zone_code":"A-1-10","zone_description":"Agricultural - single family on 10,000 sq. ft. min.","zone_class_normalized":"Agriculture/Rural","jurisdiction":"herriman_ut","source_rest_url":"https://services2.arcgis.com/XBmqwOHlPh25M7aJ/arcgis/rest/services/HerrimanCityZoning/FeatureServer/0","extraction_method":"arcgis_rest","confidence":"rest_api"}},{"type":"Feature","geometry":{"type":"Polygon","coordinates":[[[-112.065019066643,40.5049065751185],[-112.065007217804,40.5050158196304],[-112.065021209378,40.5058074505839],[-112.065018861244,40.5058077095681],[-112.064894614985,40.505804267658],[-112.064893121307,40.5058076925919],[-112.062631028311,40.5058073634648],[-112.062620510129,40.5049104224671],[-112.062635189404,40.5049062317916],[-112.065019066643,40.5049065751185]]]},"properties":{"zone_code":"A-1-10","zone_description":"Agricultural - single family on 10,000 sq. ft. min.","zone_class_normalized":"Agriculture/Rural","jurisdiction":"herriman_ut","source_rest_url":"https://services2.arcgis.com/XBmqwOHlPh25M7aJ/arcgis/rest/services/HerrimanCityZoning/FeatureServer/0","extraction_method":"arcgis_rest","confidence":"rest_api"}},{"type":"Feature","geometry":{"type":"Polygon","coordinates":[[[-112.064893121307,40.5058076925919],[-112.064894614985,40.505804267658],[-112.065018861244,40.5058077095681],[-112.064893121307,40.5058076925919]]]},"properties":{"zone_code":"A-1-43","zone_description":"Agricultural - single family/animals allowed on 1 acre min.","zone_class_normalized":"Agriculture/Rural","jurisdiction":"herriman_ut","source_rest_url":"https://services2.arcgis.com/XBmqwOHlPh25M7aJ/arcgis/rest/services/HerrimanCityZoning/FeatureServer/0","extraction_method":"arcgis_rest","confidence":"rest_api"}},{"type":"Feature","geometry":{"type":"Polygon","coordinates":[[[-112.065018646876,40.5067540938047],[-112.065018861244,40.5058077095681],[-112.065021209378,40.5058074505839],[-112.065022289848,40.5058685764168],[-112.065134940908,40.5058672118372],[-112.065134977852,40.5058547132927],[-112.066362337938,40.5058523412351],[-112.066462363374,40.5058511291627],[-112.067399734336,40.5058503269512],[-112.067412338084,40.5058547877764],[-112.067408089942,40.5067520619011],[-112.067406653688,40.5067531558657],[-112.067401065021,40.5067520679985],[-112.065018646876,40.5067540938047]]]},"properties":{"zone_code":"A-1-43","zone_description":"Agricultural - single family/animals allowed on 1 acre min.","zone_class_normalized":"Agriculture/Rural","jurisdiction":"herriman_ut","source_rest_url":"https://services2.arcgis.com/XBmqwOHlPh25M7aJ/arcgis/rest/services/HerrimanCityZoning/FeatureServer/0","extraction_method":"arcgis_rest","confidence":"rest_api"}},{"type":"Feature","geometry":{"type":"Polygon","coordinates":[[[-112.043580263443,40.5125203125055],[-112.043570884727,40.5135567073861],[-112.043572445123,40.5136779818556],[-112.04357369149,40.5136778707062],[-112.043573656286,40.5136838228319],[-112.042773836811,40.5137696505724],[-112.042750885139,40.5125219933668],[-112.043432712839,40.512520778872],[-112.043580263443,40.5125203125055]]]},"properties":{"zone_code":"C-2","zone_description":"Commercial","zone_class_normalized":"Commercial","jurisdiction":"herriman_ut","source_rest_url":"https://services2.arcgis.com/XBmqwOHlPh25M7aJ/arcgis/rest/services/HerrimanCityZoning/FeatureServer/0","extraction_method":"arcgis_rest","confidence":"rest_api"}},{"type":"Feature","geometry":{"type":"Polygon","coordinates":[[[-112.000502428898,40.5241158726074],[-111.998876774997,40.5224501387466],[-112.004667233108,40.522511904371],[-112.004652493372,40.5231703532052],[-112.004890847809,40.5240947460947],[-112.000502428898,40.5241158726074]]]},"properties":{"zone_code":"C-2","zone_description":"Community Commercial","zone_class_normalized":"Commercial","jurisdiction":"herriman_ut","source_rest_url":"https://services2.arcgis.com/XBmqwOHlPh25M7aJ/arcgis/rest/services/HerrimanCityZoning/FeatureServer/0","extraction_method":"arcgis_rest","confidence":"rest_api"}},{"type":"Feature","geometry":{"type":"Polygon","coordinates":[[[-112.010916279134,40.5235569897193],[-112.010042280314,40.523549659626],[-112.010042285542,40.5235513067623],[-112.008586733456,40.5235353971703],[-112.006577345949,40.523517199461],[-112.006310089939,40.5223741766665],[-112.007646531706,40.5223738417725],[-112.007792007397,40.522372557786],[-112.010038812029,40.5224190614332],[-112.011024738802,40.5224078163062],[-112.011024929571,40.5226186645391],[-112.011024454522,40.5229806472765],[-112.011040755379,40.5230377891061],[-112.01104005398,40.5235455927427],[-112.010916279134,40.5235569897193]]]},"properties":{"zone_code":"C-2","zone_description":"Community Commercial","zone_class_normalized":"Commercial","jurisdiction":"herriman_ut","source_rest_url":"https://services2.arcgis.com/XBmqwOHlPh25M7aJ/arcgis/rest/services/HerrimanCityZoning/FeatureServer/0","extraction_method":"arcgis_rest","confidence":"rest_api"}},{"type":"Feature","geometry":{"type":"Polygon","coordinates":[[[-112.025147146928,40.5154103372721],[-112.024546256207,40.5154093250817],[-112.024435595427,40.5154170511031],[-112.024437581166,40.514476404157],[-112.024437419744,40.5144394188359],[-112.024933068296,40.5142986802113],[-112.025595137684,40.5141866711108],[-112.025599299207,40.5142965118835],[-112.025606490263,40.5142953025702],[-112.025628694462,40.5158196655373],[-112.025145955456,40.5158220754895],[-112.025147146928,40.5154103372721]]]},"properties":{"zone_code":"C-2","zone_description":"Agricultural - single family on 10,000 sq. ft. min.","zone_class_normalized":"Agriculture/Rural","jurisdiction":"herriman_ut","source_rest_url":"https://services2.arcgis.com/XBmqwOHlPh25M7aJ/arcgis/rest/services/HerrimanCityZoning/FeatureServer/0","extraction_method":"arcgis_rest","confidence":"rest_api"}},{"type":"Feature","geometry":{"type":"Polygon","coordinates":[[[-112.024434742417,40.5158208734591],[-112.024435595427,40.5154170511031],[-112.024546256207,40.5154093250817],[-112.025147146928,40.5154103372721],[-112.025145955456,40.5158220754895],[-112.024434742417,40.5158208734591]]]},"properties":{"zone_code":"A-1-10","zone_description":"Agricultural - single family on 10,000 sq. ft. min.","zone_class_normalized":"Agriculture/Rural","jurisdiction":"herriman_ut","source_rest_url":"https://services2.arcgis.com/XBmqwOHlPh25M7aJ/arcgis/rest/services/HerrimanCityZoning/FeatureServer/0","extraction_method":"arcgis_rest","confidence":"rest_api"}},{"type":"Feature","geometry":{"type":"Polygon","coordinates":[[[-112.026347338958,40.5159117173487],[-112.026346965845,40.5158171110174],[-112.02562868214,40.5158188316531],[-112.025606490721,40.5142953620067],[-112.025606490263,40.5142953025702],[-112.025603252996,40.5142958475325],[-112.025601211585,40.5142961529798],[-112.025601165913,40.5142961982139],[-112.025599299207,40.5142965118835],[-112.025595137684,40.5141866711108],[-112.025837296628,40.5141457015919],[-112.02683632916,40.5141412147752],[-112.026840166366,40.5142413414808],[-112.026840892704,40.515144418599],[-112.027052442187,40.5151443860041],[-112.027048687218,40.5158978376615],[-112.027628835643,40.5158944923544],[-112.027633735561,40.5165285650943],[-112.027071739236,40.5165340775215],[-112.02704694493,40.5165343205107],[-112.027046900511,40.516550728422],[-112.026540585145,40.5165543767455],[-112.026543367825,40.5172597894498],[-112.02635264935,40.5172601526191],[-112.026347338958,40.5159117173487]]]},"properties":{"zone_code":"R-1-10","zone_description":"Residential - single family on 10,000 sq. ft. min.","zone_class_normalized":"Residential-Low","jurisdiction":"herriman_ut","source_rest_url":"https://services2.arcgis.com/XBmqwOHlPh25M7aJ/arcgis/rest/services/HerrimanCityZoning/FeatureServer/0","extraction_method":"arcgis_rest","confidence":"rest_api"}},{"type":"Feature","geometry":{"type":"Polygon","coordinates":[[[-112.025603252996,40.5142958475325],[-112.025601165913,40.5142961982139],[-112.025601211585,40.5142961529798],[-112.025603252996,40.5142958475325]]]},"properties":{"zone_code":"A-1-10","zone_description":"Agricultural - single family on 10,000 sq. ft. min.","zone_class_normalized":"Agriculture/Rural","jurisdiction":"herriman_ut","source_rest_url":"https://services2.arcgis.com/XBmqwOHlPh25M7aJ/arcgis/rest/services/HerrimanCityZoning/FeatureServer/0","extraction_method":"arcgis_rest","confidence":"rest_api"}},{"type":"Feature","geometry":{"type":"MultiPolygon","coordinates":[[[[-112.091287488363,40.5198700457383],[-112.090542570463,40.5200724309346],[-112.08182835307,40.5224395423538],[-112.077359740724,40.522437356287],[-112.074019401633,40.5224356108144],[-112.062794704583,40.5224290490402],[-112.062747349842,40.5224290188455],[-112.062743924402,40.5228842653503],[-112.062735357327,40.524022771232],[-112.062719998385,40.5260635730118],[-112.053154964661,40.5260469711195],[-112.053164102527,40.5224138836362],[-112.041199612359,40.5224004683812],[-112.041185760299,40.5178218641476],[-112.04149420202,40.5176972406374],[-112.041489219435,40.5176821698884],[-112.042363250941,40.5173259220994],[-112.042660195791,40.5172168882426],[-112.043548167177,40.5165309300175],[-112.043830370103,40.5163863146121],[-112.044257442106,40.5161153989304],[-112.045032474327,40.5159378899455],[-112.046080486998,40.5156698436931],[-112.046556210204,40.5153581593099],[-112.04832284954,40.5151329383346],[-112.048363317101,40.5150796208267],[-112.048383266101,40.5187666149225],[-112.057926147804,40.5187811330086],[-112.057900649593,40.5151409418177],[-112.068901226069,40.5151379774928],[-112.077022267176,40.515135127036],[-112.077018274396,40.5148565359816],[-112.076970399304,40.5115159922006],[-112.080860369024,40.5115155889553],[-112.081756411474,40.5115154778199],[-112.08186434015,40.5115157894371],[-112.085883349842,40.5115272994854],[-112.086470038305,40.5115289686864],[-112.091222173851,40.5115480015692],[-112.091219316452,40.5119616975374],[-112.090171197365,40.5120118019515],[-112.089424973098,40.5119922458656],[-112.089421450009,40.5125003869506],[-112.091216188541,40.5124146018996],[-112.091204053572,40.5134521275639],[-112.09152589245,40.5136055477797],[-112.091901675111,40.5137846802217],[-112.092414623454,40.5144024985289],[-112.092454448526,40.5144504678197],[-112.092747206329,40.514803092967],[-112.092767517588,40.5148284642439],[-112.092777934026,40.5148422391728],[-112.092788033051,40.5148561507943],[-112.092797813443,40.5148701946118],[-112.092807270444,40.5148843661464],[-112.092816401662,40.514898661808],[-112.092825204698,40.5149130771059],[-112.092833677153,40.5149276075492],[-112.092841816619,40.5149422477468],[-112.092849618354,40.514956995021],[-112.09285708349,40.5149718439624],[-112.092864207267,40.5149867900925],[-112.092870987279,40.5150018280198],[-112.092877423503,40.5150169550427],[-112.092883512343,40.5150321648755],[-112.092889252588,40.515047453922],[-112.09289464301,40.5150628167847],[-112.092899680031,40.5150782489791],[-112.092904363612,40.5150937460024],[-112.092908692524,40.5151093024573],[-112.092912665564,40.5151249156482],[-112.092916280311,40.5151405783827],[-112.092919536731,40.5151562870586],[-112.092922432419,40.5151720362847],[-112.092924968521,40.5151878224527],[-112.092927142633,40.5152036401714],[-112.092928955885,40.5152194840315],[-112.092930405879,40.5152353495422],[-112.092931492568,40.5152512313003],[-112.092932215919,40.5152671257036],[-112.092932575895,40.5152830282494],[-112.092932572431,40.5152989317332],[-112.092932204324,40.5153148334594],[-112.092931473888,40.5153307280129],[-112.092930378714,40.5153466100021],[-112.092928921124,40.5153624749125],[-112.092893586864,40.5154686302471],[-112.092796306424,40.5157608935938],[-112.092658799968,40.5160935147118],[-112.092631576068,40.5161614260321],[-112.092605909293,40.5162296906057],[-112.092581808892,40.5162982858722],[-112.09255927941,40.5163671910962],[-112.09253832894,40.5164363864246],[-112.092518964386,40.5165058511099],[-112.092501191449,40.5165755617089],[-112.09248501587,40.516645499281],[-112.092470440998,40.5167156412951],[-112.092457472558,40.5167859670096],[-112.092446113908,40.5168564547938],[-112.092436369576,40.5169270821108],[-112.092473222169,40.5173642700838],[-112.092447683655,40.5180688701014],[-112.092506097712,40.5195389504178],[-112.091287488363,40.5198700457383]]],[[[-112.041185760008,40.5178216786288],[-112.041185760299,40.5178218641476],[-112.041180065856,40.5178241653144],[-112.041185760008,40.5178216786288]]]]},"properties":{"zone_code":"LPMPC","zone_description":"Large Project Master Planned Community","zone_class_normalized":"Other/Unknown","jurisdiction":"herriman_ut","source_rest_url":"https://services2.arcgis.com/XBmqwOHlPh25M7aJ/arcgis/rest/services/HerrimanCityZoning/FeatureServer/0","extraction_method":"arcgis_rest","confidence":"rest_api"}},{"type":"Feature","geometry":{"type":"Polygon","coordinates":[[[-112.013143739038,40.5230663534005],[-112.011027432039,40.5230876744453],[-112.011024454522,40.5229806472765],[-112.011024929571,40.5226186645391],[-112.011024738802,40.5224078163062],[-112.011089948923,40.5224136856341],[-112.011089923304,40.5224171989064],[-112.011130179889,40.5224173070426],[-112.012605642586,40.5224212561577],[-112.013107110061,40.5224213737308],[-112.013143739038,40.5230663534005]]]},"properties":{"zone_code":"C-2","zone_description":"Community Commercial","zone_class_normalized":"Commercial","jurisdiction":"herriman_ut","source_rest_url":"https://services2.arcgis.com/XBmqwOHlPh25M7aJ/arcgis/rest/services/HerrimanCityZoning/FeatureServer/0","extraction_method":"arcgis_rest","confidence":"rest_api"}},{"type":"Feature","geometry":{"type":"Polygon","coordinates":[[[-111.947897232471,40.4623812433967],[-111.94814046836,40.4625397138546],[-111.948351487147,40.4626984854734],[-111.948497012288,40.4627597406374],[-111.948632004675,40.4628084186196],[-111.94879052128,40.4628726595564],[-111.948981299971,40.4629457213101],[-111.949133904286,40.4630010397279],[-111.949210448551,40.4630655944572],[-111.949287169434,40.4631569826198],[-111.949349369849,40.4632663149881],[-111.949408848726,40.4634069633833],[-111.949468226055,40.4635319606739],[-111.949569675461,40.4637434454602],[-111.949586236472,40.4637434809467],[-111.949573679934,40.4637515345498],[-111.949377136092,40.4637371048773],[-111.948558974916,40.4636473244196],[-111.948130885941,40.463555335629],[-111.947703012843,40.4634516691238],[-111.947300592545,40.4633541683837],[-111.94691611965,40.463261013391],[-111.946508456324,40.4630425492775],[-111.946224685254,40.4628904764667],[-111.94596234519,40.4627498877073],[-111.945364003648,40.4625173073696],[-111.944916672954,40.4623813750837],[-111.9435858167,40.4623811293057],[-111.943560696224,40.4623900620084],[-111.943553772133,40.4569394150722],[-111.943578926217,40.4569392360297],[-111.943579382609,40.4569741207602],[-111.943581305112,40.45858953069],[-111.943581362131,40.4585895962176],[-111.943583191964,40.458592134374],[-111.94366392204,40.4587038700368],[-111.94371342173,40.458741306732],[-111.943809227946,40.458740961668],[-111.94387737359,40.4588051618187],[-111.945048908152,40.459730016061],[-111.946275526893,40.4603401501535],[-111.946444162344,40.4604204223782],[-111.946580415547,40.460528175289],[-111.946714084595,40.4609534658005],[-111.946863213734,40.4612146390235],[-111.947276964207,40.4617412277698],[-111.947580226564,40.4621158969515],[-111.947827332353,40.4623338187521],[-111.947897232471,40.4623812433967]]]},"properties":{"zone_code":"M-1","zone_description":"Manufacturing Zone","zone_class_normalized":"Industrial/Flex","jurisdiction":"herriman_ut","source_rest_url":"https://services2.arcgis.com/XBmqwOHlPh25M7aJ/arcgis/rest/services/HerrimanCityZoning/FeatureServer/0","extraction_method":"arcgis_rest","confidence":"rest_api"}},{"type":"Feature","geometry":{"type":"Polygon","coordinates":[[[-111.947897232471,40.4623812433967],[-111.948352780905,40.4623812427813],[-111.948351355764,40.4626942765897],[-111.948351487147,40.4626984854734],[-111.94814046836,40.4625397138546],[-111.947897232471,40.4623812433967]]]},"properties":{"zone_code":"A-1-43","zone_description":"Agricultural - single family/animals allowed on 1 acre min.","zone_class_normalized":"Agriculture/Rural","jurisdiction":"herriman_ut","source_rest_url":"https://services2.arcgis.com/XBmqwOHlPh25M7aJ/arcgis/rest/services/HerrimanCityZoning/FeatureServer/0","extraction_method":"arcgis_rest","confidence":"rest_api"}},{"type":"Feature","geometry":{"type":"Polygon","coordinates":[[[-111.990038521449,40.4828116999436],[-111.990277955818,40.4825784462304],[-111.991187324955,40.4816718452842],[-111.992686659799,40.4801912876004],[-111.993566982518,40.4806950430039],[-111.99308015594,40.4811883440294],[-111.992076929454,40.4822048842925],[-111.991188092782,40.4831054845],[-111.990956286736,40.4833704962442],[-111.990038521449,40.4828116999436]]]},"properties":{"zone_code":"MU-2","zone_description":"Mixed Use 2 Zone","zone_class_normalized":"Mixed-Use","jurisdiction":"herriman_ut","source_rest_url":"https://services2.arcgis.com/XBmqwOHlPh25M7aJ/arcgis/rest/services/HerrimanCityZoning/FeatureServer/0","extraction_method":"arcgis_rest","confidence":"rest_api"}},{"type":"Feature","geometry":{"type":"Polygon","coordinates":[[[-112.015584774851,40.5224204803266],[-112.014916321422,40.5224194932306],[-112.014914962101,40.522433286177],[-112.014912579552,40.5224303346373],[-112.014947015172,40.5219499897053],[-112.015824827112,40.5219476022381],[-112.017680560828,40.5219125355473],[-112.017684266752,40.5227445604466],[-112.017689370108,40.5228463736621],[-112.017510216485,40.522777886814],[-112.01732751286,40.5227150971183],[-112.01714157039,40.5226581121559],[-112.016952707226,40.5226070286715],[-112.016761242624,40.5225619335005],[-112.01656750402,40.5225229035375],[-112.016371821124,40.5224900048622],[-112.015780526596,40.5224288347101],[-112.015584774851,40.5224204803266]]]},"properties":{"zone_code":"C-1","zone_description":"Neighborhood Commercial","zone_class_normalized":"Commercial","jurisdiction":"herriman_ut","source_rest_url":"https://services2.arcgis.com/XBmqwOHlPh25M7aJ/arcgis/rest/services/HerrimanCityZoning/FeatureServer/0","extraction_method":"arcgis_rest","confidence":"rest_api"}},{"type":"Feature","geometry":{"type":"Polygon","coordinates":[[[-112.045813204596,40.5124761547819],[-112.045813148642,40.5124691565966],[-112.04506414863,40.5124762152705],[-112.045064143652,40.5124775130365],[-112.044564984029,40.5124784151838],[-112.045195902888,40.5115306130522],[-112.045503728105,40.5115231961724],[-112.045556190153,40.5115239434995],[-112.045556460338,40.5115236450486],[-112.046488969823,40.5115151610913],[-112.046517695103,40.5124748735194],[-112.045813204596,40.5124761547819]]]},"properties":{"zone_code":"A-1-10","zone_description":"Agricultural - single family on 10,000 sq. ft. min.","zone_class_normalized":"Agriculture/Rural","jurisdiction":"herriman_ut","source_rest_url":"https://services2.arcgis.com/XBmqwOHlPh25M7aJ/arcgis/rest/services/HerrimanCityZoning/FeatureServer/0","extraction_method":"arcgis_rest","confidence":"rest_api"}},{"type":"Feature","geometry":{"type":"Polygon","coordinates":[[[-112.045813204596,40.5124761547819],[-112.046517695103,40.5124748735194],[-112.046488969823,40.5115151610913],[-112.048311319345,40.5114985605886],[-112.048305449967,40.5091554680748],[-112.048306784562,40.5091537191958],[-112.04889426121,40.5091532447104],[-112.048889564363,40.5078708180021],[-112.049973879196,40.5078765167276],[-112.049984029647,40.5091348902456],[-112.050712873778,40.5091522267125],[-112.050696511169,40.5078857158754],[-112.051666950097,40.5078853948757],[-112.051674068693,40.5078854325094],[-112.051674068373,40.507885392885],[-112.051683138182,40.5078853898116],[-112.051675352793,40.5071533743921],[-112.051676713363,40.5063776345208],[-112.052849027814,40.5063794141359],[-112.053104726147,40.5063818899888],[-112.053184259973,40.5077444228109],[-112.053148237494,40.5080204714724],[-112.053163426811,40.5093896491127],[-112.053178362675,40.5107359181323],[-112.053183306799,40.5111815173284],[-112.052714531413,40.5112795632637],[-112.052341139852,40.5103837520746],[-112.052770505514,40.5102802900282],[-112.052767048844,40.5091572643543],[-112.051584738448,40.5091611314943],[-112.049888684946,40.5091545949262],[-112.049892730604,40.5106005182784],[-112.051351904546,40.5106013396359],[-112.051726897089,40.511499169926],[-112.048350767892,40.5115290058197],[-112.048340606758,40.5124452998383],[-112.045818204398,40.5130977890175],[-112.045813204596,40.5124761547819]]]},"properties":{"zone_code":"A-1-43","zone_description":"Agricultural - single family/animals allowed on 1 acre min.","zone_class_normalized":"Agriculture/Rural","jurisdiction":"herriman_ut","source_rest_url":"https://services2.arcgis.com/XBmqwOHlPh25M7aJ/arcgis/rest/services/HerrimanCityZoning/FeatureServer/0","extraction_method":"arcgis_rest","confidence":"rest_api"}},{"type":"Feature","geometry":{"type":"Polygon","coordinates":[[[-112.041185987329,40.5178217730409],[-112.041185760008,40.5178216786288],[-112.041184567543,40.5178223469642],[-112.041180065856,40.5178241653144],[-112.041180069044,40.5178248650526],[-112.039129753796,40.5189729363833],[-112.039021929441,40.5189808369127],[-112.036861600163,40.519136216341],[-112.036840945246,40.5191407337105],[-112.036657959223,40.5180219659871],[-112.036494894175,40.516495472773],[-112.038431170652,40.5160794781762],[-112.039243689214,40.515912581072],[-112.038834977368,40.5147954210003],[-112.039990103075,40.5147963129357],[-112.039989862801,40.5147950271085],[-112.040134885764,40.5147949775092],[-112.040135964708,40.5148036793809],[-112.040555163721,40.5148017465992],[-112.040564662142,40.5148503892512],[-112.040620001708,40.5149335982911],[-112.040668823313,40.5151446743377],[-112.04095833595,40.5160763879848],[-112.04149420202,40.5176972406374],[-112.041185987329,40.5178217730409]]]},"properties":{"zone_code":"A-1-43","zone_description":"Agricultural - single family/animals allowed on 1 acre min.","zone_class_normalized":"Agriculture/Rural","jurisdiction":"herriman_ut","source_rest_url":"https://services2.arcgis.com/XBmqwOHlPh25M7aJ/arcgis/rest/services/HerrimanCityZoning/FeatureServer/0","extraction_method":"arcgis_rest","confidence":"rest_api"}},{"type":"Feature","geometry":{"type":"Polygon","coordinates":[[[-112.041185987329,40.5178217730409],[-112.041184567543,40.5178223469642],[-112.041185760008,40.5178216786288],[-112.041185987329,40.5178217730409]]]},"properties":{"zone_code":"A-1-43","zone_description":"Agricultural - single family/animals allowed on 1 acre min.","zone_class_normalized":"Agriculture/Rural","jurisdiction":"herriman_ut","source_rest_url":"https://services2.arcgis.com/XBmqwOHlPh25M7aJ/arcgis/rest/services/HerrimanCityZoning/FeatureServer/0","extraction_method":"arcgis_rest","confidence":"rest_api"}},{"type":"Feature","geometry":{"type":"Polygon","coordinates":[[[-112.036840945246,40.5191407337105],[-112.036861600163,40.519136216341],[-112.039021929441,40.5189808369127],[-112.039129753796,40.5189729363833],[-112.041180069044,40.5178248650526],[-112.041185637257,40.5191285047428],[-112.039251767691,40.5199608027141],[-112.039303676513,40.5201821241466],[-112.037005321734,40.5202910802081],[-112.036936381577,40.519724213213],[-112.036840945246,40.5191407337105]]]},"properties":{"zone_code":"R-1-10","zone_description":"Residential - single family on 10,000 sq. ft. min.","zone_class_normalized":"Residential-Low","jurisdiction":"herriman_ut","source_rest_url":"https://services2.arcgis.com/XBmqwOHlPh25M7aJ/arcgis/rest/services/HerrimanCityZoning/FeatureServer/0","extraction_method":"arcgis_rest","confidence":"rest_api"}},{"type":"Feature","geometry":{"type":"MultiPolygon","coordinates":[[[[-112.033022431654,40.5188446370154],[-112.033027425875,40.5181579645587],[-112.034535956277,40.5181664346046],[-112.034686651309,40.5199991304866],[-112.033003812063,40.5201211648932],[-112.033017916357,40.5194654079418],[-112.033020048158,40.5191723029847],[-112.034560465159,40.519165187316],[-112.034562576633,40.5188508952652],[-112.033139469205,40.5188453321764],[-112.033022431654,40.5188446370154]]],[[[-112.034674662693,40.5198502874968],[-112.034735334927,40.5198463525362],[-112.034747059055,40.5199921473576],[-112.034686591205,40.5199974835969],[-112.034674662693,40.5198502874968]]]]},"properties":{"zone_code":"R-1-10","zone_description":"Residential - single family on 10,000 sq. ft. min.","zone_class_normalized":"Residential-Low","jurisdiction":"herriman_ut","source_rest_url":"https://services2.arcgis.com/XBmqwOHlPh25M7aJ/arcgis/rest/services/HerrimanCityZoning/FeatureServer/0","extraction_method":"arcgis_rest","confidence":"rest_api"}},{"type":"Feature","geometry":{"type":"Polygon","coordinates":[[[-112.034745117222,40.5198462610745],[-112.034740376108,40.51984602604],[-112.03473533102,40.5198463057238],[-112.034735334927,40.5198463525362],[-112.034674662693,40.5198502874968],[-112.034528967786,40.5180524932783],[-112.035077868034,40.5180439609714],[-112.035082975383,40.5172828373385],[-112.035226843659,40.5172833979961],[-112.035228900053,40.5169767771088],[-112.035692873859,40.5169785847358],[-112.035784898286,40.5169090668566],[-112.036539388109,40.5169120012406],[-112.036657959223,40.5180219659871],[-112.036936381577,40.519724213213],[-112.036753327063,40.5197343691045],[-112.036347699258,40.5198458998032],[-112.03537423489,40.519936130937],[-112.034755547978,40.5199914530029],[-112.034745117222,40.5198462610745]]]},"properties":{"zone_code":"R-1-10","zone_description":"Residential - single family on 10,000 sq. ft. min.","zone_class_normalized":"Residential-Low","jurisdiction":"herriman_ut","source_rest_url":"https://services2.arcgis.com/XBmqwOHlPh25M7aJ/arcgis/rest/services/HerrimanCityZoning/FeatureServer/0","extraction_method":"arcgis_rest","confidence":"rest_api"}},{"type":"Feature","geometry":{"type":"Polygon","coordinates":[[[-111.990386267106,40.4839196447247],[-111.989335257726,40.4849321390906],[-111.988256676363,40.4842754689101],[-111.988539949636,40.483999450831],[-111.98928448841,40.4832984282129],[-111.990386267106,40.4839196447247]]]},"properties":{"zone_code":"R-20-43","zone_description":"Residential - multi-family","zone_class_normalized":"Mixed-Use","jurisdiction":"herriman_ut","source_rest_url":"https://services2.arcgis.com/XBmqwOHlPh25M7aJ/arcgis/rest/services/HerrimanCityZoning/FeatureServer/0","extraction_method":"arcgis_rest","confidence":"rest_api"}}]}
