{"type":"FeatureCollection","features":[{"type":"Feature","geometry":{"type":"Polygon","coordinates":[[[-111.674814644934,40.0983671802734],[-111.672336828798,40.0983585190609],[-111.672337440103,40.0982459607537],[-111.672235644949,40.0973895768376],[-111.672310258997,40.0973362620027],[-111.673640226715,40.0970301213279],[-111.673792679302,40.0970256122354],[-111.673856385034,40.0969998621195],[-111.67446912214,40.0981494468016],[-111.674558757027,40.0982536340006],[-111.674648259564,40.0983056605769],[-111.674814644934,40.0983671802734]]]},"properties":{"zone_code":"I-2","zone_description":"I-2","zone_class_normalized":"Industrial/Flex","jurisdiction":"spanish_fork_ut","source_rest_url":"https://services.arcgis.com/FvF9MZKp3JWPrSkg/arcgis/rest/services/SF_Zoning/FeatureServer/0","extraction_method":"arcgis_rest","confidence":"rest_api"}},{"type":"Feature","geometry":{"type":"Polygon","coordinates":[[[-111.629842900735,40.1221741438546],[-111.629757255935,40.1222703238497],[-111.629248301989,40.1228446539947],[-111.628973423214,40.1231548108494],[-111.628522541754,40.1236635475367],[-111.627925765207,40.1243374305057],[-111.627925401144,40.1243372795767],[-111.627756912199,40.1242676761077],[-111.627557192762,40.1241629244714],[-111.627362703994,40.1240353705552],[-111.626863897765,40.1237005154412],[-111.626743827049,40.1237715365585],[-111.626562027862,40.1236343810467],[-111.626363604578,40.1235031954129],[-111.626354698185,40.123511783379],[-111.62655233632,40.1236424508013],[-111.626732376599,40.1237782797875],[-111.626595341849,40.123858006136],[-111.626495478841,40.1239707340459],[-111.626406219725,40.1240689758811],[-111.626576454419,40.1241471942713],[-111.626932389919,40.1243107378647],[-111.627441339479,40.1246221843381],[-111.627595820758,40.124709129096],[-111.627596042266,40.1247092531925],[-111.627285735305,40.1250589747212],[-111.627573051448,40.1250513327625],[-111.625643191249,40.1272287766319],[-111.624906781066,40.1269425412548],[-111.623880980017,40.1265264161103],[-111.623606224059,40.1263920767054],[-111.623390180987,40.1263027293671],[-111.622864870509,40.1260852415575],[-111.622855580315,40.1260813946433],[-111.623030510549,40.1259110016141],[-111.626900266813,40.122180132573],[-111.626911925612,40.1221801074174],[-111.627025936648,40.1221798776626],[-111.629842900735,40.1221741438546]],[[-111.628676705026,40.1227998706793],[-111.628392494387,40.1230086535175],[-111.628308487872,40.1230092991709],[-111.628343657266,40.1230611677608],[-111.628353206253,40.1231045086673],[-111.628351083281,40.1231338179313],[-111.62873100529,40.1231364022172],[-111.628676705026,40.1227998706793]]]},"properties":{"zone_code":"R-3","zone_description":"R-3","zone_class_normalized":"Residential-High","jurisdiction":"spanish_fork_ut","source_rest_url":"https://services.arcgis.com/FvF9MZKp3JWPrSkg/arcgis/rest/services/SF_Zoning/FeatureServer/0","extraction_method":"arcgis_rest","confidence":"rest_api"}},{"type":"Feature","geometry":{"type":"Polygon","coordinates":[[[-111.670990465935,40.0951873625917],[-111.670988952167,40.0953224557509],[-111.669467868339,40.0953202372538],[-111.669428201327,40.0953217603268],[-111.669316247249,40.0953309618],[-111.669205688327,40.0953473254935],[-111.669097300017,40.0953707366327],[-111.668991842557,40.0954010310122],[-111.668890055627,40.0954379961476],[-111.668792653168,40.0954813727653],[-111.668742684673,40.0955070525007],[-111.668676994863,40.0955395647488],[-111.668654121518,40.0955144287811],[-111.668618668405,40.0954893133126],[-111.668431517976,40.0945462548949],[-111.66765789763,40.0943054345222],[-111.667030568095,40.0940693815812],[-111.666847856596,40.0940747385886],[-111.666779547855,40.094082486909],[-111.666693735645,40.0940987179833],[-111.666610655941,40.0941218622323],[-111.66656035917,40.0941397942802],[-111.666550519527,40.0941368548616],[-111.666368568194,40.0941565761458],[-111.66620600395,40.0942558263318],[-111.666173748086,40.0942755960908],[-111.666042274768,40.0943375669552],[-111.66553037473,40.0938254668926],[-111.665385956594,40.0936809904932],[-111.664868223916,40.0931617783185],[-111.664978784437,40.0930893465549],[-111.665830458851,40.0928586789982],[-111.665863339875,40.092858472632],[-111.667131853771,40.0928503089214],[-111.667138648541,40.0928782013275],[-111.667151527306,40.0936265941148],[-111.6673429171,40.0936352941486],[-111.66756001655,40.0936467325794],[-111.667759537038,40.0937080378093],[-111.669045181519,40.0942242821346],[-111.671059249111,40.0948301037342],[-111.670989963098,40.0949858775475],[-111.670990465935,40.0951873625917]]]},"properties":{"zone_code":"BP","zone_description":"BP","zone_class_normalized":"Other/Unknown","jurisdiction":"spanish_fork_ut","source_rest_url":"https://services.arcgis.com/FvF9MZKp3JWPrSkg/arcgis/rest/services/SF_Zoning/FeatureServer/0","extraction_method":"arcgis_rest","confidence":"rest_api"}},{"type":"Feature","geometry":{"type":"Polygon","coordinates":[[[-111.638836585095,40.1174871802073],[-111.639341672513,40.1174906955305],[-111.640605717917,40.1174891760254],[-111.640605845119,40.1175495738137],[-111.640603094906,40.1188261362448],[-111.641672291864,40.1188317042998],[-111.641676660624,40.1194315421538],[-111.642256850358,40.1194308344134],[-111.642748998177,40.1194370967424],[-111.642745923377,40.1201096950232],[-111.644357122897,40.1201089168518],[-111.644349876721,40.1208146307462],[-111.644344363135,40.1226567228543],[-111.648502948818,40.1226816938349],[-111.649680939302,40.1226896832052],[-111.649700471518,40.1218941895462],[-111.64967461425,40.1218789015624],[-111.64970276117,40.1218785359655],[-111.649705607882,40.1217495036338],[-111.650075728692,40.1217504025342],[-111.650148813308,40.1217505937182],[-111.650147247397,40.1217370397751],[-111.650160002772,40.1214201732396],[-111.651230528781,40.1214290817875],[-111.651098926469,40.1217531965043],[-111.65071657664,40.1226966965433],[-111.650537843479,40.123137545944],[-111.65053856722,40.1236715032515],[-111.650538948828,40.124048979381],[-111.650532755366,40.1246900115219],[-111.650526825081,40.1253421994938],[-111.650423229327,40.1253455869616],[-111.648717281231,40.1253362798094],[-111.648547382089,40.1252039906611],[-111.648549619105,40.1249629831384],[-111.647963915785,40.124707790866],[-111.647424988023,40.1247048393812],[-111.646888832405,40.1251111100625],[-111.646841083088,40.1250740221832],[-111.646650550767,40.1252221824047],[-111.646428494071,40.1254050219024],[-111.646025147,40.1250948803446],[-111.646007935139,40.1250855999896],[-111.645514050343,40.1247018778343],[-111.645535262515,40.1262735254397],[-111.64553637225,40.1263750977017],[-111.643533234438,40.1289703961051],[-111.64353487053,40.1289716302849],[-111.643323555895,40.1292464124944],[-111.643213779837,40.1293891641185],[-111.642055308412,40.1300006333589],[-111.641964867187,40.1299254635121],[-111.641934040235,40.1299007433663],[-111.641161304865,40.1292972416986],[-111.641118950703,40.1292641671706],[-111.638413074179,40.1271507378639],[-111.636431446807,40.1286456416897],[-111.636339887074,40.1287191125945],[-111.63625440676,40.1287967823254],[-111.636175330452,40.1288783523837],[-111.636102969577,40.1289635142104],[-111.636037587313,40.1290519391251],[-111.635979442453,40.1291432950945],[-111.635928754311,40.1292372299645],[-111.635885711499,40.1293333882289],[-111.635850485083,40.1294314043219],[-111.635823206651,40.1295308992651],[-111.63580397709,40.1296314974355],[-111.635792875352,40.1297328232125],[-111.635790971695,40.1299503949321],[-111.635801261967,40.1305320416271],[-111.635733436531,40.1306948320535],[-111.635733405827,40.1306799652568],[-111.635731962733,40.1299504385302],[-111.635728379121,40.1281391507573],[-111.635695762557,40.1252469008981],[-111.635695087066,40.1251021818735],[-111.635694385257,40.12497315566],[-111.635672001942,40.1226945969022],[-111.635722795355,40.1226121809076],[-111.635711136556,40.1212368064885],[-111.635671690514,40.1212362362862],[-111.635679831497,40.1212286056372],[-111.635705679993,40.1200688141822],[-111.635794208788,40.1200699613147],[-111.636928318676,40.1201153065775],[-111.636894250244,40.1187207389158],[-111.637440397864,40.1187420887476],[-111.637140308801,40.1185836805511],[-111.637569820183,40.1181966043137],[-111.637555147992,40.1181791419237],[-111.637530058327,40.1181503454063],[-111.637481668609,40.1180927489807],[-111.637458368556,40.1180639524267],[-111.637434173697,40.1180351558605],[-111.637385788366,40.1179775626916],[-111.637292579383,40.1178609975911],[-111.63726927933,40.1178308256763],[-111.637245979277,40.1178020290114],[-111.637222674838,40.1177718570705],[-111.637200269592,40.1177430570263],[-111.637184136762,40.1177224884338],[-111.637176965153,40.1177128884135],[-111.637318502446,40.1176358534004],[-111.637451552238,40.1175602002768],[-111.638835418338,40.1175736577775],[-111.638836585095,40.1174871802073]],[[-111.640025295708,40.1204355669067],[-111.638902410376,40.1213030505473],[-111.638032856094,40.1206352269802],[-111.637953556084,40.1207002138161],[-111.637516175671,40.1210384026303],[-111.637513460548,40.1210405056767],[-111.637521601531,40.1210452115362],[-111.638262290555,40.1216145007371],[-111.63837019366,40.1217036328659],[-111.638016183748,40.1219761502543],[-111.638252105554,40.1219873797625],[-111.640008860223,40.1233375401935],[-111.640852337921,40.1226907397339],[-111.64076391001,40.122622779747],[-111.641243284908,40.1222551734677],[-111.643063474321,40.1236421690642],[-111.643067031614,40.123644258614],[-111.64361424072,40.1232245261409],[-111.641077412394,40.1212523931343],[-111.640592984473,40.1208755018699],[-111.640025295708,40.1204355669067]],[[-111.642685238846,40.123981681489],[-111.642616957234,40.1239932494194],[-111.641426457009,40.1248927514442],[-111.641404086853,40.1249136800942],[-111.641330528516,40.1249934570973],[-111.641264549715,40.1250770507926],[-111.641206496967,40.125164035216],[-111.64114811086,40.1253036997358],[-111.641091799475,40.1253356727483],[-111.641243591949,40.1253316849266],[-111.642341554296,40.1253619172375],[-111.644286753404,40.1253990988696],[-111.64431952349,40.1253838653367],[-111.643982957913,40.1251087086413],[-111.642758784023,40.1241452489585],[-111.642727435101,40.1241178334574],[-111.642702336663,40.1240862925369],[-111.642687063549,40.1240506228373],[-111.642681620144,40.1240121961357],[-111.642685238846,40.123981681489]]]},"properties":{"zone_code":"C-2","zone_description":"C-2","zone_class_normalized":"Other/Unknown","jurisdiction":"spanish_fork_ut","source_rest_url":"https://services.arcgis.com/FvF9MZKp3JWPrSkg/arcgis/rest/services/SF_Zoning/FeatureServer/0","extraction_method":"arcgis_rest","confidence":"rest_api"}},{"type":"Feature","geometry":{"type":"Polygon","coordinates":[[[-111.650532754431,40.1246900104653],[-111.650538948384,40.1240489788196],[-111.650538567798,40.1236715027756],[-111.650537844155,40.1231375461412],[-111.65071657568,40.1226966969211],[-111.651975792905,40.1228940944409],[-111.652600281633,40.1229001413355],[-111.652606085182,40.1222934260863],[-111.652612946289,40.1215590533412],[-111.652614018742,40.121438259394],[-111.652912174207,40.1214406137558],[-111.653713661963,40.1214464224121],[-111.653748080874,40.1214463769982],[-111.654694399981,40.1214533602544],[-111.656486010159,40.1214646939787],[-111.658122958691,40.1214762105084],[-111.659909209103,40.1214888716034],[-111.65902573365,40.1221750293608],[-111.657889257914,40.122872504702],[-111.657854438643,40.1228931414254],[-111.65781872516,40.1229137797009],[-111.657783905617,40.1229344164033],[-111.657712478771,40.1229756923721],[-111.657675871008,40.1229963314624],[-111.657640157417,40.1230169693311],[-111.657566938861,40.1230568750795],[-111.6574937173,40.1230954080554],[-111.657457106489,40.123114674526],[-111.657419601462,40.1231339421931],[-111.657382990839,40.1231532086398],[-111.657345485542,40.1231724764588],[-111.657270472426,40.1232096388068],[-111.657232964381,40.123227533863],[-111.657194565262,40.1232468026635],[-111.657157057177,40.1232646976951],[-111.657118654875,40.1232825937448],[-111.657080252783,40.1233004899571],[-111.657041847073,40.1233170134316],[-111.656965039422,40.1233514328915],[-111.656886443526,40.1233858548839],[-111.65684803795,40.1234023781182],[-111.656808738387,40.1234189028943],[-111.656769438804,40.1234354273056],[-111.656729245232,40.1234519532575],[-111.65665064284,40.1234836296389],[-111.656565782121,40.1235153145522],[-111.655198154018,40.1240167858668],[-111.65466576707,40.1242206445714],[-111.654665433149,40.1240723998938],[-111.654622590534,40.1241040274261],[-111.654610145003,40.1241356147869],[-111.654595017293,40.124167205529],[-111.654579889798,40.1241987964445],[-111.65456297101,40.1242290170044],[-111.654544264474,40.1242592401086],[-111.654503268333,40.1243169450724],[-111.654480088062,40.1243458013682],[-111.654456904914,40.1243732851093],[-111.65443193378,40.124400770864],[-111.654405170888,40.1244268866096],[-111.654376623553,40.1244543772666],[-111.654347178668,40.1244804963761],[-111.654318627973,40.1245066142938],[-111.654230290492,40.1245835995314],[-111.654199504746,40.1246097202017],[-111.654170056874,40.1246344668913],[-111.654139717847,40.12466058713],[-111.654110269931,40.1246853336284],[-111.654079931088,40.1247114538509],[-111.654049588913,40.1247362015162],[-111.654019249795,40.1247623218986],[-111.653958565792,40.1248118171881],[-111.653934916361,40.1248310652381],[-111.653045329038,40.1248267467135],[-111.65295908426,40.1248405862014],[-111.652170554158,40.1248498547038],[-111.652520608698,40.1246640903398],[-111.650532754431,40.1246900104653]]]},"properties":{"zone_code":"S-C","zone_description":"S-C","zone_class_normalized":"Other/Unknown","jurisdiction":"spanish_fork_ut","source_rest_url":"https://services.arcgis.com/FvF9MZKp3JWPrSkg/arcgis/rest/services/SF_Zoning/FeatureServer/0","extraction_method":"arcgis_rest","confidence":"rest_api"}},{"type":"Feature","geometry":{"type":"Polygon","coordinates":[[[-111.66692264465,40.1005742258609],[-111.666669021577,40.1005930426772],[-111.666289248868,40.1006276101169],[-111.666014987925,40.1006800592902],[-111.665825022889,40.1007326724451],[-111.665286115062,40.1009255309702],[-111.663150999636,40.1018093487619],[-111.663137300448,40.1023948879338],[-111.662918281283,40.1023980576075],[-111.661329731238,40.1024002686721],[-111.661336750225,40.1023973958248],[-111.662546372453,40.1020927070202],[-111.660324528848,40.1005685725484],[-111.660230734547,40.1006035645055],[-111.659335451339,40.1005592957247],[-111.657569112937,40.0993458637511],[-111.65763654226,40.0992912403361],[-111.656473523869,40.0984902480607],[-111.656414954111,40.0983164749771],[-111.656750374615,40.0980483570388],[-111.656344102124,40.0978141797061],[-111.656547618715,40.0971179723197],[-111.656581224031,40.0965702393587],[-111.656606624041,40.096343717631],[-111.657599379549,40.0959017572635],[-111.659044949039,40.0963684717817],[-111.659041476954,40.0965490612387],[-111.659615217643,40.0965482763653],[-111.661723402252,40.09654536811],[-111.663613088969,40.0965454741441],[-111.663685924028,40.0965453718039],[-111.663523199851,40.0966578471778],[-111.663507679551,40.0978853578535],[-111.663699093838,40.0979875027219],[-111.663698849089,40.0978840346001],[-111.664144839536,40.0982003001759],[-111.664592942519,40.0983452355721],[-111.664592333671,40.0982965222117],[-111.664785726526,40.0984691407624],[-111.664852246652,40.0985015907131],[-111.664991030795,40.0985670446013],[-111.665250756669,40.0986927518979],[-111.665603784958,40.0988218257448],[-111.665915411981,40.0989321375492],[-111.665918975599,40.098925813949],[-111.665937668326,40.0985655935098],[-111.66630911004,40.0987738393131],[-111.666487296999,40.0989088667185],[-111.666614411009,40.0989812478249],[-111.66672489884,40.0990126779978],[-111.666883400951,40.0990278804681],[-111.667278545094,40.0990663225747],[-111.667500699114,40.099065798369],[-111.66754660927,40.099074324455],[-111.667887369745,40.0991469805248],[-111.668045961303,40.0992070861534],[-111.668307822643,40.0992184467953],[-111.668660294209,40.09923458649],[-111.668989766945,40.0993494545112],[-111.669231804642,40.0995163229127],[-111.669297408617,40.0995615536838],[-111.66929529115,40.0998706553296],[-111.670479241165,40.1003765354893],[-111.670816621662,40.1005773264165],[-111.671077369298,40.1007643533873],[-111.67137045161,40.1009746147278],[-111.671590858781,40.1011681137189],[-111.671577530754,40.1014459967023],[-111.673223805478,40.1016595342182],[-111.673649299473,40.1015969644211],[-111.674880767052,40.1014158034009],[-111.67487927701,40.1011794054003],[-111.674883217964,40.1011668024458],[-111.675230025138,40.1009981615954],[-111.675579514046,40.1008698703117],[-111.675954709108,40.1007960009407],[-111.676181243963,40.1008696521934],[-111.676370472094,40.100919945005],[-111.676858712912,40.1010232926818],[-111.677248580338,40.1010739699366],[-111.677263404206,40.1010834680755],[-111.677604327583,40.100974334402],[-111.677947491786,40.1009707997992],[-111.678145709969,40.1010129420129],[-111.678597319592,40.1012061122177],[-111.678583617556,40.1034434449703],[-111.67858359279,40.1034479979359],[-111.678341113193,40.1033576668811],[-111.678225128502,40.1034133259699],[-111.678149678809,40.1032707591691],[-111.677683287614,40.1029803492879],[-111.677453105568,40.1029292951102],[-111.677252583201,40.1026618086381],[-111.675137120394,40.1026527683256],[-111.675014572329,40.1026529545693],[-111.674905637736,40.1027079646773],[-111.67490608431,40.1027656638082],[-111.674792220492,40.1027652262238],[-111.674461541723,40.1025373485888],[-111.673920310738,40.1025834820819],[-111.673670141308,40.1025825186826],[-111.673672113427,40.1022806477647],[-111.673601706733,40.1021156847095],[-111.673627568399,40.1018338155776],[-111.673635600793,40.1017459790024],[-111.673156838501,40.1018007625715],[-111.672692235936,40.1017759985339],[-111.672233395941,40.1017193562661],[-111.671778190123,40.1016425477813],[-111.671488495584,40.1015345418084],[-111.67110712945,40.1013296977082],[-111.670756917815,40.1010947478003],[-111.670478763011,40.1008535347191],[-111.670170757131,40.1005864308967],[-111.670019683016,40.1004555474824],[-111.669822241078,40.100345675794],[-111.66960965775,40.1002273788047],[-111.669376422594,40.1000839661505],[-111.669293277294,40.1001644980203],[-111.668749172329,40.10020709873],[-111.668678485915,40.1002300840823],[-111.668461964596,40.1002901866649],[-111.668314420391,40.1003227337235],[-111.668166078732,40.1003489426265],[-111.668160650324,40.1003490285188],[-111.668156046166,40.1004445713147],[-111.668075485138,40.1004603693199],[-111.667832444995,40.1005004506131],[-111.66758627535,40.1005269772671],[-111.667208297411,40.1005526503917],[-111.66692264465,40.1005742258609]]]},"properties":{"zone_code":"P-F","zone_description":"P-F","zone_class_normalized":"Other/Unknown","jurisdiction":"spanish_fork_ut","source_rest_url":"https://services.arcgis.com/FvF9MZKp3JWPrSkg/arcgis/rest/services/SF_Zoning/FeatureServer/0","extraction_method":"arcgis_rest","confidence":"rest_api"}},{"type":"Feature","geometry":{"type":"Polygon","coordinates":[[[-111.624468267224,40.0983495055595],[-111.62309130514,40.0979682643405],[-111.623099173437,40.0978521184381],[-111.623087831093,40.0967926281204],[-111.623082719094,40.096314411558],[-111.621559492445,40.0963320069812],[-111.621565920496,40.0968083394456],[-111.621572837249,40.0974342608008],[-111.621571091788,40.0975473370858],[-111.61846284369,40.096686625812],[-111.618501579078,40.0966056000026],[-111.618443151878,40.0940772364117],[-111.616537875805,40.0940654320287],[-111.616521109926,40.0931375362822],[-111.616504889028,40.0922672912908],[-111.61660988964,40.0922671862043],[-111.617200131796,40.0922693390213],[-111.619593655875,40.0922421979956],[-111.621005998595,40.0922256399379],[-111.621171762985,40.0922240949358],[-111.621269165316,40.0922226209016],[-111.621270754901,40.0931230789035],[-111.621271552132,40.093574680477],[-111.621269910245,40.0936570412821],[-111.621330692327,40.0936652138857],[-111.626021405131,40.0936574874102],[-111.626022472523,40.0937521992198],[-111.626024647608,40.0939635852139],[-111.626026842852,40.0941859523867],[-111.626072280228,40.0987362403039],[-111.626072812739,40.0987829098245],[-111.624468267224,40.0983495055595]]]},"properties":{"zone_code":"R-1-9","zone_description":"R-1-9","zone_class_normalized":"Residential-Low","jurisdiction":"spanish_fork_ut","source_rest_url":"https://services.arcgis.com/FvF9MZKp3JWPrSkg/arcgis/rest/services/SF_Zoning/FeatureServer/0","extraction_method":"arcgis_rest","confidence":"rest_api"}},{"type":"Feature","geometry":{"type":"Polygon","coordinates":[[[-111.660832895376,40.1234738138453],[-111.660828290453,40.123034574723],[-111.66112466198,40.1230355379855],[-111.661183353994,40.1234733295589],[-111.660832895376,40.1234738138453]]]},"properties":{"zone_code":"R-1-8","zone_description":"R-1-8","zone_class_normalized":"Residential-Medium","jurisdiction":"spanish_fork_ut","source_rest_url":"https://services.arcgis.com/FvF9MZKp3JWPrSkg/arcgis/rest/services/SF_Zoning/FeatureServer/0","extraction_method":"arcgis_rest","confidence":"rest_api"}},{"type":"Feature","geometry":{"type":"Polygon","coordinates":[[[-111.663574889673,40.1187837921781],[-111.663746282352,40.1230346406438],[-111.664582314297,40.1230403123294],[-111.66526441983,40.1245108192202],[-111.66729511899,40.1259570691001],[-111.667484048117,40.1260916173059],[-111.663308169426,40.128513868755],[-111.660255869104,40.1285245941175],[-111.660255314237,40.1285245069195],[-111.660279427949,40.1259370966326],[-111.660307066057,40.1230311759178],[-111.660266262454,40.1228730057893],[-111.660409256,40.1228761887832],[-111.660988083787,40.1228806563781],[-111.66098597836,40.1219823016638],[-111.660300394487,40.1225179249541],[-111.660196096925,40.1226010085217],[-111.659909208446,40.1214888723349],[-111.661311257974,40.1204533373009],[-111.663574889673,40.1187837921781]],[[-111.660828290692,40.1230345735629],[-111.660832896312,40.1234738141967],[-111.661183353317,40.1234733312177],[-111.661124662362,40.1230355395272],[-111.660828290692,40.1230345735629]]]},"properties":{"zone_code":"R-R","zone_description":"R-R","zone_class_normalized":"Residential-Low","jurisdiction":"spanish_fork_ut","source_rest_url":"https://services.arcgis.com/FvF9MZKp3JWPrSkg/arcgis/rest/services/SF_Zoning/FeatureServer/0","extraction_method":"arcgis_rest","confidence":"rest_api"}},{"type":"Feature","geometry":{"type":"Polygon","coordinates":[[[-111.665264418797,40.1245108203742],[-111.664582314513,40.1230403134152],[-111.669768816735,40.1230581110096],[-111.67277196799,40.1230446173345],[-111.669754271291,40.1247872747034],[-111.669753190806,40.1245038857394],[-111.667295118344,40.1259570682148],[-111.665264418797,40.1245108203742]]]},"properties":{"zone_code":"I-1","zone_description":"I-1","zone_class_normalized":"Industrial/Flex","jurisdiction":"spanish_fork_ut","source_rest_url":"https://services.arcgis.com/FvF9MZKp3JWPrSkg/arcgis/rest/services/SF_Zoning/FeatureServer/0","extraction_method":"arcgis_rest","confidence":"rest_api"}},{"type":"Feature","geometry":{"type":"Polygon","coordinates":[[[-111.635574428585,40.0882192860736],[-111.635634959595,40.0883276568843],[-111.635791721753,40.0885237668742],[-111.635894650789,40.0886073785523],[-111.636129541813,40.0887731921929],[-111.636275364526,40.0888581257215],[-111.636440815954,40.088929314098],[-111.636661306739,40.0890402408363],[-111.636905167757,40.0892225165378],[-111.637080966479,40.0893266307176],[-111.637277701036,40.0893991474619],[-111.637674815168,40.0895798718724],[-111.637893981288,40.0896990324057],[-111.638051440869,40.0897921862003],[-111.638608506002,40.0893042347394],[-111.638523389752,40.0898561387568],[-111.638761109943,40.0903115766704],[-111.638796867102,40.0903183953637],[-111.639046715427,40.0903620255891],[-111.639092376863,40.0904058973934],[-111.639297862098,40.0906033100961],[-111.63959562642,40.0904807887866],[-111.640033976206,40.0907177306793],[-111.639626269147,40.0912672810203],[-111.639736804035,40.091353627502],[-111.63994892575,40.0915180922139],[-111.640063320587,40.091523441035],[-111.640297022923,40.0915341453873],[-111.640921667859,40.091103748564],[-111.642261284913,40.0928769611515],[-111.64215031578,40.0930157323029],[-111.642333198385,40.0930800240936],[-111.642622383094,40.0931263436738],[-111.642660377268,40.0931317863231],[-111.642675163503,40.0948736600373],[-111.642823503955,40.0948693650849],[-111.643234355995,40.0951886873418],[-111.643504447117,40.0952858131405],[-111.643726832786,40.0956479147205],[-111.643756585093,40.0957727956314],[-111.643870014943,40.0959552143609],[-111.643987866189,40.0959001660058],[-111.644165643134,40.0960838795674],[-111.64437812014,40.0961934256558],[-111.644284090917,40.096312963832],[-111.644618222094,40.0964758932295],[-111.644858315276,40.09654285932],[-111.644891997713,40.0964110409472],[-111.645670904614,40.0964430107679],[-111.645754134753,40.0964978170986],[-111.645883013169,40.0967982613043],[-111.645872534286,40.096913577412],[-111.64574563848,40.0969164831284],[-111.645745800773,40.096993353711],[-111.645597609456,40.0970676607399],[-111.645440382349,40.0970966842797],[-111.647832594196,40.0999172166998],[-111.648246095564,40.100402609253],[-111.647858583054,40.1005733060973],[-111.647756325123,40.1006063811616],[-111.647607958353,40.1003965498359],[-111.647487769207,40.1004049444434],[-111.645083258161,40.1004367848918],[-111.645083433613,40.1005191472385],[-111.644192408368,40.1005312324986],[-111.644153383412,40.1031843883486],[-111.644051204434,40.1031835630133],[-111.642328575219,40.1031639294238],[-111.642271035669,40.1031635939215],[-111.641288205058,40.1031647883095],[-111.641237047582,40.1031547635013],[-111.64058270736,40.1031487378796],[-111.640586251494,40.1032579169625],[-111.640587299821,40.1032590039883],[-111.640581505512,40.1032589838582],[-111.640595094286,40.1042225650241],[-111.640461768156,40.1041472324768],[-111.639039934199,40.1033473080029],[-111.637538054561,40.1025035436966],[-111.636516242857,40.1019296054056],[-111.636479560187,40.1019104277456],[-111.636404409622,40.1018720858299],[-111.636329263443,40.1018351127686],[-111.636291690354,40.1018173106685],[-111.636253222458,40.1017995085639],[-111.636214754562,40.1017817131647],[-111.636177185859,40.1017639110507],[-111.636138717963,40.101746108932],[-111.636099359648,40.1017283135189],[-111.636060896138,40.1017118869795],[-111.636022428243,40.1016954604362],[-111.63590030035,40.1016283383719],[-111.63582022835,40.1015872585353],[-111.635768785764,40.1015612363719],[-111.635728975659,40.1015406897263],[-111.635643122509,40.1015133389238],[-111.635589017436,40.1014955568702],[-111.635559054586,40.1014859814002],[-111.635190157554,40.1013697403205],[-111.634900393853,40.1012787026751],[-111.634962968882,40.10115469749],[-111.635069955249,40.1008927492141],[-111.635076718932,40.1008860389446],[-111.635111936576,40.1008370875081],[-111.635111234767,40.1005075115667],[-111.635116533423,40.1005049683602],[-111.634446025281,40.100505726625],[-111.634439665138,40.1005009891478],[-111.634296018033,40.1005019889837],[-111.634175605185,40.1010500780047],[-111.633797299529,40.1009307226171],[-111.633708314558,40.1009020026748],[-111.63337564402,40.1007980605391],[-111.63333674188,40.100785753887],[-111.633228097489,40.1007556784064],[-111.633199481235,40.1007474784404],[-111.633080550958,40.1007146651458],[-111.632276637733,40.1004927623098],[-111.632274352468,40.1005190868457],[-111.63219789917,40.1009868942264],[-111.630895447279,40.100988175886],[-111.630894771788,40.1006347858449],[-111.630871888435,40.1003520469912],[-111.630841017619,40.1000967657111],[-111.631916737013,40.1003934161172],[-111.631920772414,40.0969096315428],[-111.632380575618,40.0969118527719],[-111.632828316484,40.0969140874223],[-111.633152280206,40.0969150873108],[-111.63356472886,40.0969228515458],[-111.633602152816,40.095946859469],[-111.633609447241,40.0957903644359],[-111.633613337894,40.0957231023306],[-111.633629317203,40.0954389472196],[-111.633651371545,40.095061436431],[-111.633198739949,40.0950647046121],[-111.633029840885,40.0950662682387],[-111.632287678063,40.0950780927445],[-111.632003502514,40.0950825353222],[-111.630859190081,40.0950920647175],[-111.630847939209,40.09364393029],[-111.630847904118,40.093626085781],[-111.630845544286,40.0933254732169],[-111.630845513582,40.0933090043829],[-111.630844995998,40.0932719461362],[-111.630844965294,40.0932554705783],[-111.630844425778,40.0932060573024],[-111.630843289725,40.0930797757851],[-111.630842118582,40.0929342735774],[-111.631544041441,40.0929197575659],[-111.631543458063,40.0926150279866],[-111.630839745591,40.0926254301684],[-111.630839184144,40.0925664061544],[-111.630833188065,40.0917647818253],[-111.63082742446,40.0910825813269],[-111.630827380597,40.091060622157],[-111.630823468013,40.090882176794],[-111.630813875163,40.0900695797275],[-111.630813300557,40.0900023186795],[-111.630811133723,40.0897798574237],[-111.633145512137,40.0897731460583],[-111.633150152848,40.0905144190826],[-111.634484265089,40.0904977884973],[-111.634517329056,40.0904977482295],[-111.634683934083,40.0904714735072],[-111.634678525769,40.0899924261589],[-111.635393388228,40.0899861040724],[-111.635513129971,40.0899859631342],[-111.635494922419,40.0884554774398],[-111.635491689712,40.0884033223868],[-111.635480851152,40.0883443081344],[-111.635466455299,40.0882935355676],[-111.635438624193,40.0882290580445],[-111.635574428585,40.0882192860736]],[[-111.634592918252,40.0908370637134],[-111.63360784624,40.0908381979165],[-111.633609052473,40.0914585907444],[-111.633609977984,40.0919347822448],[-111.634608261547,40.0919336346377],[-111.634592918252,40.0908370637134]],[[-111.636128787369,40.0953683159384],[-111.635852480852,40.095371758586],[-111.635844072305,40.09537236927],[-111.635835887459,40.0953739932869],[-111.635828141245,40.0953765836609],[-111.635821017885,40.0953800799945],[-111.635814701606,40.0953843883362],[-111.635809345927,40.0953894080237],[-111.635805078052,40.0953950115515],[-111.635802016411,40.0954010579923],[-111.635800226799,40.0954073997082],[-111.635810205643,40.0957600451593],[-111.63581121888,40.0957671384486],[-111.635813811186,40.0957739834385],[-111.635817903609,40.0957803788058],[-111.635823373331,40.0957861433599],[-111.635830053674,40.0957910891993],[-111.635837747253,40.0957950821088],[-111.635846221594,40.0957979945837],[-111.636036780233,40.0958228781206],[-111.636082674143,40.0956368150788],[-111.636094460145,40.0955892020243],[-111.636135015922,40.0955746932899],[-111.636128787369,40.0953683159384]]]},"properties":{"zone_code":"R-1-9","zone_description":"R-1-9","zone_class_normalized":"Residential-Low","jurisdiction":"spanish_fork_ut","source_rest_url":"https://services.arcgis.com/FvF9MZKp3JWPrSkg/arcgis/rest/services/SF_Zoning/FeatureServer/0","extraction_method":"arcgis_rest","confidence":"rest_api"}},{"type":"Feature","geometry":{"type":"Polygon","coordinates":[[[-111.65071657568,40.1226966969321],[-111.651098928101,40.1217531967651],[-111.651230527456,40.1214290824059],[-111.652614018743,40.1214382594049],[-111.652612946289,40.1215590533521],[-111.652606085182,40.1222934260973],[-111.652600281633,40.1229001413463],[-111.651975792906,40.1228940944519],[-111.65071657568,40.1226966969321]]]},"properties":{"zone_code":"C-O","zone_description":"C-O","zone_class_normalized":"Other/Unknown","jurisdiction":"spanish_fork_ut","source_rest_url":"https://services.arcgis.com/FvF9MZKp3JWPrSkg/arcgis/rest/services/SF_Zoning/FeatureServer/0","extraction_method":"arcgis_rest","confidence":"rest_api"}},{"type":"Feature","geometry":{"type":"Polygon","coordinates":[[[-111.634296017678,40.1005019921068],[-111.634439666591,40.1005009865907],[-111.63444602562,40.1005057245381],[-111.635116550273,40.1005049711331],[-111.63511123502,40.1005075103718],[-111.635111935177,40.1008370861407],[-111.635076719207,40.1008860383199],[-111.635069956773,40.100892751157],[-111.634962968402,40.1011546963652],[-111.634900391804,40.1012787055074],[-111.634811424412,40.1012507556689],[-111.634751555069,40.1012315917051],[-111.634696059494,40.1012138277325],[-111.634664312916,40.1012042559835],[-111.634175606624,40.1010500771299],[-111.634296017678,40.1005019921068]]]},"properties":{"zone_code":"R-1-6","zone_description":"R-1-6","zone_class_normalized":"Residential-Medium","jurisdiction":"spanish_fork_ut","source_rest_url":"https://services.arcgis.com/FvF9MZKp3JWPrSkg/arcgis/rest/services/SF_Zoning/FeatureServer/0","extraction_method":"arcgis_rest","confidence":"rest_api"}},{"type":"Feature","geometry":{"type":"Polygon","coordinates":[[[-111.659826742004,40.1202426249613],[-111.661106035458,40.1202408630165],[-111.661311257902,40.120453338664],[-111.659909209103,40.1214888716034],[-111.659889422918,40.1214381110627],[-111.659875023022,40.1213969513646],[-111.659861517086,40.1213557906135],[-111.659850690028,40.12131325363],[-111.65984165429,40.1212720867426],[-111.659835297192,40.1212295434488],[-111.659829834042,40.1211869991035],[-111.659826159009,40.1211444523047],[-111.659825162833,40.1211005289241],[-111.659825957731,40.1210579759926],[-111.659828540734,40.1210154206076],[-111.659826742004,40.1202426249613]]]},"properties":{"zone_code":"C-O","zone_description":"C-O","zone_class_normalized":"Other/Unknown","jurisdiction":"spanish_fork_ut","source_rest_url":"https://services.arcgis.com/FvF9MZKp3JWPrSkg/arcgis/rest/services/SF_Zoning/FeatureServer/0","extraction_method":"arcgis_rest","confidence":"rest_api"}},{"type":"Feature","geometry":{"type":"Polygon","coordinates":[[[-111.655717165903,40.119493236211],[-111.656024867058,40.1194902816222],[-111.656022685882,40.1189401246877],[-111.656026368677,40.1189022733978],[-111.656498949669,40.1189046973112],[-111.658143873351,40.1189120847406],[-111.658155233818,40.1176341378299],[-111.658167436697,40.1163342272142],[-111.658208263688,40.1150425129853],[-111.658215146313,40.1137618257524],[-111.658217552991,40.112478398971],[-111.659856506206,40.1124830243988],[-111.659846088298,40.1137678352393],[-111.659830804552,40.1148824439955],[-111.65981609975,40.1150938516802],[-111.659817534346,40.1159023374453],[-111.659819450464,40.1163415811004],[-111.659823326111,40.1176272753883],[-111.659936403515,40.1176269295437],[-111.660389411165,40.1176263041723],[-111.660389977506,40.1178705614864],[-111.660349867405,40.1178706169883],[-111.659936968246,40.1178711868637],[-111.659823425224,40.1178708577873],[-111.659823665406,40.1189207736695],[-111.659823975297,40.1190539197631],[-111.659826742004,40.1202426249613],[-111.659828540734,40.1210154206076],[-111.659825957731,40.1210579759926],[-111.659825162832,40.1211005289241],[-111.659826159009,40.1211444523047],[-111.659829834042,40.1211869991036],[-111.659835297192,40.1212295434488],[-111.65984165429,40.1212720867426],[-111.659850690028,40.12131325363],[-111.659861517086,40.1213557906136],[-111.659875023022,40.1213969513646],[-111.659889422918,40.1214381110627],[-111.659909209103,40.1214888716034],[-111.658122958691,40.1214762105084],[-111.656486010159,40.1214646939787],[-111.656489310158,40.1209513211611],[-111.655991802014,40.1209519883176],[-111.655991384171,40.1207680549114],[-111.655868460284,40.1207682194246],[-111.655868267107,40.1206831158238],[-111.655667566059,40.1206833841499],[-111.655666392939,40.1201658992215],[-111.655718684905,40.1201630840571],[-111.655717165903,40.119493236211]]]},"properties":{"zone_code":"R-1-6","zone_description":"R-1-6","zone_class_normalized":"Residential-Medium","jurisdiction":"spanish_fork_ut","source_rest_url":"https://services.arcgis.com/FvF9MZKp3JWPrSkg/arcgis/rest/services/SF_Zoning/FeatureServer/0","extraction_method":"arcgis_rest","confidence":"rest_api"}},{"type":"Feature","geometry":{"type":"Polygon","coordinates":[[[-111.622570108477,40.1263775504036],[-111.622589235892,40.1263798226946],[-111.622822329367,40.1265163909101],[-111.623055540301,40.1266529480983],[-111.623306495421,40.1267972577917],[-111.623560691083,40.1269381861774],[-111.623818049781,40.1270756905661],[-111.624773278113,40.1275766944021],[-111.624958722804,40.127674465703],[-111.625153551029,40.1277771332918],[-111.625155494244,40.1277824605474],[-111.625157509982,40.1277801698419],[-111.625160949755,40.1277818225383],[-111.625179403139,40.1277906887723],[-111.625432631318,40.127923467659],[-111.625509667834,40.1279638611456],[-111.625639689438,40.1280320367194],[-111.626092853798,40.1282696464148],[-111.626104666028,40.1282758404043],[-111.626105449872,40.1282762513985],[-111.626419444221,40.1284408928517],[-111.626730953065,40.1286041793382],[-111.626844266433,40.1286636316533],[-111.626998977444,40.1287413289326],[-111.627000138984,40.1287410262228],[-111.627010507643,40.1287462206973],[-111.627123990455,40.1287977428365],[-111.627182059669,40.128824068819],[-111.627187515824,40.128826525194],[-111.627357691519,40.1288963439238],[-111.627362791886,40.1288983777944],[-111.627537196698,40.128962776973],[-111.627541938278,40.1289644641486],[-111.627720255762,40.1290232287566],[-111.627724604751,40.1290246057747],[-111.62790652558,40.1290775965237],[-111.627910456715,40.1290786925064],[-111.628095663104,40.1291257801056],[-111.628099153745,40.1291266252653],[-111.628287319997,40.1291676907283],[-111.628290350204,40.1291683162426],[-111.628481143277,40.1292032511755],[-111.628483695873,40.1292036890597],[-111.628676775963,40.1292323959322],[-111.628678836597,40.1292326789088],[-111.628873857743,40.1292550713046],[-111.628875414928,40.1292552326702],[-111.629072025629,40.1292712355199],[-111.629073070785,40.1292713090113],[-111.629270914632,40.1292808588032],[-111.629271442109,40.1292808784612],[-111.629470163244,40.1292839235056],[-111.631033995696,40.1292821761202],[-111.6310410306,40.1299866093166],[-111.631018887611,40.1299867111238],[-111.631042039258,40.1302728934587],[-111.631043289872,40.1306293020659],[-111.631043469484,40.1306804888322],[-111.622558497593,40.1306946087153],[-111.623094712708,40.1300143064113],[-111.622727447545,40.1298538034836],[-111.620533074373,40.1289306279285],[-111.62105699631,40.1281908656059],[-111.621223516711,40.1279557398483],[-111.621229218793,40.1279479849524],[-111.621234926623,40.127940232549],[-111.621240640201,40.1279324826405],[-111.621246359524,40.1279247352296],[-111.62125208459,40.1279169903187],[-111.621257815398,40.1279092479103],[-111.621263551945,40.1279015080069],[-111.621269294231,40.1278937706111],[-111.621275042252,40.1278860357253],[-111.621280796007,40.1278783033519],[-111.621286555494,40.1278705734938],[-111.621292320712,40.1278628461531],[-111.621298091658,40.1278551213325],[-111.621303868331,40.1278473990345],[-111.621309650728,40.1278396792614],[-111.621315438848,40.1278319620161],[-111.621321232689,40.1278242473008],[-111.62132703225,40.127816535118],[-111.621332837527,40.1278088254702],[-111.62133864852,40.1278011183601],[-111.621344465226,40.12779341379],[-111.621350287644,40.1277857117625],[-111.621356115771,40.1277780122799],[-111.621361949606,40.1277703153449],[-111.621367789147,40.12776262096],[-111.621373634392,40.1277549291276],[-111.621379485339,40.1277472398503],[-111.621385341986,40.1277395531305],[-111.621391204332,40.1277318689705],[-111.621397072373,40.1277241873731],[-111.62140294611,40.1277165083407],[-111.621408825538,40.1277088318758],[-111.621414710658,40.1277011579808],[-111.621420601466,40.1276934866583],[-111.621426497962,40.1276858179106],[-111.621432400142,40.1276781517404],[-111.621438308005,40.1276704881501],[-111.621444221549,40.127662827142],[-111.621450140772,40.1276551687191],[-111.621456065673,40.1276475128832],[-111.621461996249,40.1276398596373],[-111.621467932499,40.1276322089836],[-111.621473874419,40.1276245609248],[-111.62147982201,40.1276169154631],[-111.621485775268,40.1276092726012],[-111.621491734192,40.1276016323414],[-111.62149769878,40.1275939946865],[-111.621503669029,40.1275863596385],[-111.621509644939,40.1275787272005],[-111.621515626506,40.1275710973743],[-111.621521613729,40.1275634701627],[-111.621527606607,40.1275558455682],[-111.621533605137,40.1275482235932],[-111.621539609317,40.1275406042402],[-111.621545619145,40.1275329875116],[-111.621551634619,40.1275253734099],[-111.621557655738,40.1275177619376],[-111.621563682499,40.1275101530972],[-111.621569714901,40.1275025468912],[-111.621575752941,40.1274949433217],[-111.621581796618,40.1274873423918],[-111.621587845929,40.1274797441033],[-111.621593900873,40.127472148459],[-111.621599961447,40.1274645554615],[-111.621606027651,40.127456965113],[-111.621612099481,40.127449377416],[-111.621618176935,40.1274417923731],[-111.621624260013,40.1274342099865],[-111.621630348711,40.1274266302589],[-111.621636443028,40.1274190531927],[-111.621642542962,40.1274114787902],[-111.621648648511,40.1274039070542],[-111.621654759673,40.1273963379868],[-111.621660876446,40.1273887715907],[-111.621666998827,40.1273812078681],[-111.621673126816,40.1273736468216],[-111.621679260409,40.1273660884537],[-111.621685399606,40.1273585327666],[-111.621691544403,40.1273509797632],[-111.6216976948,40.1273434294455],[-111.621703850793,40.1273358818163],[-111.621710012382,40.1273283368777],[-111.621716179563,40.1273207946324],[-111.621722352336,40.1273132550827],[-111.621728530697,40.1273057182309],[-111.621734714646,40.12729818408],[-111.621740904179,40.1272906526319],[-111.621747099296,40.1272831238893],[-111.621753299993,40.1272755978545],[-111.62175950627,40.12726807453],[-111.621765718123,40.1272605539182],[-111.621771935551,40.1272530360217],[-111.621778158553,40.1272455208428],[-111.621784387125,40.1272380083838],[-111.621790621266,40.1272304986474],[-111.621796860974,40.1272229916358],[-111.621803106247,40.1272154873516],[-111.621809357082,40.1272079857971],[-111.621815613478,40.127200486975],[-111.621821875434,40.1271929908872],[-111.621828142945,40.1271854975367],[-111.621834416012,40.1271780069257],[-111.621840694631,40.1271705190566],[-111.621846978801,40.1271630339317],[-111.621853268519,40.1271555515537],[-111.621859563785,40.1271480719248],[-111.621865864594,40.1271405950476],[-111.621872170946,40.1271331209244],[-111.621878482839,40.1271256495576],[-111.621884800269,40.1271181809497],[-111.621891123236,40.127110715103],[-111.621897451738,40.1271032520202],[-111.621903785772,40.1270957917035],[-111.621910125335,40.1270883341552],[-111.621916470427,40.1270808793779],[-111.621922821045,40.127073427374],[-111.621929177187,40.127065978146],[-111.621935538851,40.127058531696],[-111.621941906035,40.1270510880266],[-111.621948278737,40.1270436471405],[-111.621954656954,40.1270362090397],[-111.621961040685,40.1270287737267],[-111.621967429928,40.127021341204],[-111.62197382468,40.1270139114739],[-111.62198022494,40.127006484539],[-111.621986630705,40.1269990604015],[-111.621993041974,40.1269916390637],[-111.621999458743,40.1269842205285],[-111.622005881012,40.1269768047978],[-111.622012308778,40.1269693918742],[-111.622018742039,40.1269619817602],[-111.622025180793,40.126954574458],[-111.622031625037,40.1269471699701],[-111.622038074771,40.1269397682989],[-111.622044529991,40.1269323694468],[-111.622050990695,40.1269249734162],[-111.622057456882,40.1269175802093],[-111.622063928549,40.1269101898289],[-111.622070405695,40.126902802277],[-111.622076888317,40.1268954175563],[-111.622083376412,40.1268880356692],[-111.62208986998,40.1268806566176],[-111.622096369018,40.1268732804044],[-111.622102873523,40.1268659070319],[-111.622109383494,40.1268585365023],[-111.622115898928,40.1268511688182],[-111.622122419824,40.1268438039819],[-111.622128946179,40.1268364419956],[-111.622135477992,40.126829082862],[-111.622142015259,40.1268217265832],[-111.62214855798,40.1268143731619],[-111.622155106151,40.1268070226002],[-111.622570108477,40.1263775504036]]]},"properties":{"zone_code":"R-1-6","zone_description":"R-1-6","zone_class_normalized":"Residential-Medium","jurisdiction":"spanish_fork_ut","source_rest_url":"https://services.arcgis.com/FvF9MZKp3JWPrSkg/arcgis/rest/services/SF_Zoning/FeatureServer/0","extraction_method":"arcgis_rest","confidence":"rest_api"}},{"type":"Feature","geometry":{"type":"Polygon","coordinates":[[[-111.654694399981,40.1214533602653],[-111.653748080874,40.1214463770091],[-111.653713661963,40.121446422423],[-111.653712352995,40.1208616783684],[-111.653865672958,40.1208614759928],[-111.653864110501,40.1201641754565],[-111.653831032896,40.1201642191345],[-111.653772030019,40.1201642970228],[-111.653393436627,40.1201655176773],[-111.6534038333,40.1200206547878],[-111.653402637389,40.1194853255255],[-111.653593932809,40.1194850736459],[-111.653594536765,40.1194761748291],[-111.653594067553,40.1192664002977],[-111.653771076726,40.1192672898814],[-111.653772705409,40.1192682270871],[-111.65377185952,40.118890484301],[-111.654719928136,40.1188960922673],[-111.655438240681,40.1188992541571],[-111.656026368677,40.1189022733978],[-111.656022685882,40.1189401246877],[-111.656024867058,40.1194902816222],[-111.655717165903,40.119493236211],[-111.655672020032,40.1194932965411],[-111.654714124766,40.1194945724986],[-111.65470758818,40.1201644310498],[-111.655633765642,40.1201673155571],[-111.655666392944,40.1201658992379],[-111.655667566063,40.1206833841664],[-111.655868267111,40.1206831158402],[-111.655868460288,40.120768219441],[-111.655991384176,40.1207680549279],[-111.655991802019,40.1209519883339],[-111.656489310162,40.1209513211775],[-111.656486010161,40.1214646939924],[-111.654694399981,40.1214533602653]]]},"properties":{"zone_code":"C-2","zone_description":"C-2","zone_class_normalized":"Other/Unknown","jurisdiction":"spanish_fork_ut","source_rest_url":"https://services.arcgis.com/FvF9MZKp3JWPrSkg/arcgis/rest/services/SF_Zoning/FeatureServer/0","extraction_method":"arcgis_rest","confidence":"rest_api"}},{"type":"Feature","geometry":{"type":"Polygon","coordinates":[[[-111.612075355634,40.1118099165412],[-111.612020333983,40.10813755881],[-111.61197605764,40.1051820966952],[-111.611965839798,40.1045000155511],[-111.611963932558,40.1043726982672],[-111.61199949495,40.104371892611],[-111.613493346067,40.1043656025411],[-111.617081584009,40.1043504154782],[-111.617879568409,40.1043633864325],[-111.619155843395,40.1041117643908],[-111.619174618069,40.1041311488774],[-111.619125615772,40.1044784788591],[-111.618630737386,40.1080025691647],[-111.620230546899,40.1080023372307],[-111.620233894301,40.1080023143402],[-111.620238364975,40.1091544680943],[-111.620241084714,40.1098553630718],[-111.617396386407,40.1099050043099],[-111.617399736515,40.1118032999648],[-111.616676135796,40.1118040269331],[-111.616676016864,40.1117340220614],[-111.616632216791,40.111734065921],[-111.612075355634,40.1118099165412]]]},"properties":{"zone_code":"R-R","zone_description":"R-R","zone_class_normalized":"Residential-Low","jurisdiction":"spanish_fork_ut","source_rest_url":"https://services.arcgis.com/FvF9MZKp3JWPrSkg/arcgis/rest/services/SF_Zoning/FeatureServer/0","extraction_method":"arcgis_rest","confidence":"rest_api"}},{"type":"Feature","geometry":{"type":"Polygon","coordinates":[[[-111.652912174207,40.1214406137667],[-111.652914665983,40.1207529166019],[-111.652098897944,40.1207539844037],[-111.651861989781,40.120754293435],[-111.651861470682,40.1205195721022],[-111.651389444292,40.1205201863939],[-111.651388745239,40.1202031068798],[-111.652105721519,40.1202021728826],[-111.652110033265,40.1197272329296],[-111.653049158914,40.1197262673032],[-111.653050947403,40.1197264518968],[-111.65305192847,40.1201666177599],[-111.653393436627,40.1201655176773],[-111.653772030019,40.1201642970229],[-111.653831032896,40.1201642191345],[-111.653864110502,40.1201641754565],[-111.653865672958,40.1208614759927],[-111.653712352995,40.1208616783683],[-111.653713661963,40.121446422423],[-111.652912174207,40.1214406137667]]]},"properties":{"zone_code":"C-O","zone_description":"C-O","zone_class_normalized":"Other/Unknown","jurisdiction":"spanish_fork_ut","source_rest_url":"https://services.arcgis.com/FvF9MZKp3JWPrSkg/arcgis/rest/services/SF_Zoning/FeatureServer/0","extraction_method":"arcgis_rest","confidence":"rest_api"}},{"type":"Feature","geometry":{"type":"Polygon","coordinates":[[[-111.649834648591,40.1003772375375],[-111.649835780258,40.1008988421383],[-111.649835885529,40.1009441431468],[-111.64984254394,40.1021534360772],[-111.649842587804,40.1021753983779],[-111.649883257624,40.1021753446967],[-111.649896828852,40.1024567205303],[-111.650018487411,40.1027105033159],[-111.650098204119,40.1027900178355],[-111.650598848211,40.1032601916646],[-111.650622990434,40.1032656469234],[-111.651150233079,40.1034205613298],[-111.651341239121,40.1035493332004],[-111.651424333285,40.1036939806723],[-111.652000606049,40.1040156703942],[-111.652036231619,40.1039897028393],[-111.652075769773,40.1039443971487],[-111.652228623733,40.103769561991],[-111.652353826426,40.1038207725811],[-111.652501144869,40.1038955485622],[-111.652563807623,40.1039690764074],[-111.65250881213,40.1040404167267],[-111.652469607335,40.1040840515747],[-111.652757076999,40.1040836758172],[-111.652757103316,40.1041064225593],[-111.652916905184,40.1041006117404],[-111.652927230546,40.1041496279283],[-111.653191163296,40.1041599008579],[-111.653190742211,40.1041816947623],[-111.653352324918,40.1042185189297],[-111.653607800872,40.1042727352332],[-111.653822694732,40.1043166450394],[-111.653826800313,40.1043082576244],[-111.653827502122,40.1046203828325],[-111.654126937626,40.1046282199971],[-111.654127463983,40.1048629453424],[-111.654085013322,40.1048629990215],[-111.654085355454,40.1050167355646],[-111.653882462525,40.1050170039591],[-111.653882839747,40.1051858440188],[-111.653824747523,40.1051859178271],[-111.653825265107,40.105416521417],[-111.653943686572,40.105416367091],[-111.653944730512,40.105878947431],[-111.653871435354,40.1058790413679],[-111.653820931437,40.105877739671],[-111.653816360907,40.1062318875191],[-111.653816720584,40.1063911162352],[-111.653838169616,40.1063910826866],[-111.653838511748,40.1065448224862],[-111.653884997809,40.1065447620987],[-111.653885296078,40.1066806537556],[-111.65388560312,40.1068165451411],[-111.65388620843,40.1070883270975],[-111.653872338933,40.1072777673223],[-111.653872786336,40.107480921483],[-111.653873084605,40.1076140670408],[-111.653873391646,40.1077499565616],[-111.653873803959,40.1079338930927],[-111.653861302989,40.1079394016533],[-111.653862443429,40.1084500251727],[-111.653023115175,40.1084340028279],[-111.653016395356,40.1098361382904],[-111.652178856715,40.1098372386299],[-111.651338616111,40.1098300931324],[-111.651329948772,40.1111711791652],[-111.650597865678,40.1111680123965],[-111.65059877803,40.1115839245973],[-111.650100441135,40.1115845686819],[-111.650101458758,40.112047147331],[-111.650599795653,40.1120465032508],[-111.650600699231,40.1124582973838],[-111.651322062195,40.1124601088485],[-111.651314149301,40.113735307614],[-111.651282111728,40.1150173993206],[-111.65036351417,40.1149760323786],[-111.650364373885,40.1153672394686],[-111.650447968088,40.1153712446469],[-111.650448266357,40.1155071387962],[-111.650448555853,40.115643032674],[-111.650478058141,40.1156429924211],[-111.650861552796,40.1156424959689],[-111.651186051647,40.1156420733136],[-111.651422491037,40.1156431400151],[-111.65213003714,40.1156422209075],[-111.652130607359,40.1158975310675],[-111.652425603922,40.1158971419577],[-111.652425060021,40.1156555580291],[-111.652842530995,40.1156550146153],[-111.653078522981,40.1156560746077],[-111.653432524121,40.1156556116996],[-111.653790981746,40.1156551353739],[-111.653791157198,40.1157306296056],[-111.653791683555,40.1159653568921],[-111.653792209911,40.1162028205422],[-111.653790832612,40.1163840104653],[-111.653791437922,40.1166557944447],[-111.653796569899,40.1167505012994],[-111.653796973439,40.1169316897632],[-111.653531470391,40.116932038615],[-111.653491247973,40.1169320922844],[-111.653491862056,40.1172079931906],[-111.653786876164,40.1172117232054],[-111.653779744032,40.1176194072222],[-111.653771857456,40.1188904841487],[-111.653772708399,40.1192682249735],[-111.653771076693,40.119267292498],[-111.653594071738,40.1192664002732],[-111.653594536686,40.1194761733939],[-111.653593931376,40.1194850754881],[-111.653402635838,40.1194853237001],[-111.653050406766,40.1194857865822],[-111.653050713807,40.1196216792174],[-111.653050950668,40.1197264512676],[-111.653049161055,40.1197262701405],[-111.652110035588,40.1197272361517],[-111.652105719464,40.1202021698904],[-111.651388742805,40.1202031090614],[-111.651389444614,40.1205201858731],[-111.651861472451,40.1205195754148],[-111.651861990035,40.1207542928787],[-111.652098894373,40.1207539842964],[-111.652914668168,40.1207529176751],[-111.652912176747,40.1214406166111],[-111.652614022044,40.121438262018],[-111.651230528781,40.1214290851416],[-111.650160007158,40.1214201765938],[-111.65014724301,40.1217370397751],[-111.650148813308,40.1217505903641],[-111.650075728692,40.1217504025342],[-111.649705612268,40.1217495036338],[-111.64970276117,40.1218785359655],[-111.649466751637,40.121881588196],[-111.649410870111,40.121881655278],[-111.648932569857,40.1218781535982],[-111.648837360719,40.1218782743457],[-111.648532942373,40.1218759130596],[-111.648502948818,40.122681697189],[-111.644344363135,40.1226567228543],[-111.644349881107,40.1208146273921],[-111.644357127283,40.1201089168518],[-111.642745923377,40.1201096950232],[-111.64274899379,40.1194370967424],[-111.642751327305,40.1188372522288],[-111.641672296251,40.1188317042998],[-111.64060309052,40.1188261362448],[-111.640605845119,40.1175495704594],[-111.640605722303,40.1174891793797],[-111.640607678595,40.1162620320238],[-111.64063038211,40.1153464487657],[-111.640634101697,40.1151968279725],[-111.64063001366,40.1149470097572],[-111.638916819388,40.1149463187423],[-111.638919486261,40.1162668019472],[-111.638852893377,40.1162668824522],[-111.638841243351,40.11713989355],[-111.638837743079,40.1173952115043],[-111.638836585095,40.1174871802073],[-111.638835418338,40.1175736611318],[-111.637451547852,40.1175602036311],[-111.637340855056,40.1174134590065],[-111.637355996582,40.1162686535629],[-111.638104668681,40.1162677680075],[-111.638107291691,40.115795577522],[-111.637249558502,40.1157924713479],[-111.637271305803,40.1152653522166],[-111.637262647237,40.1149606354971],[-111.636489929413,40.1150265703535],[-111.636493447229,40.1149372349141],[-111.636495087707,40.1141613279372],[-111.635917270964,40.1141619854153],[-111.635960818201,40.1137532340663],[-111.636493263004,40.113750865789],[-111.636552100901,40.1136739269227],[-111.637340539242,40.1136784957573],[-111.637342609578,40.1131527691428],[-111.637408193612,40.1130922936496],[-111.637452977787,40.1129137987167],[-111.637455513072,40.1123935609726],[-111.637278955519,40.1123882808832],[-111.637064842422,40.1123734335651],[-111.636843097154,40.1123434973899],[-111.636615132105,40.1123286634803],[-111.635685033654,40.1123242622835],[-111.635680506988,40.1134799155371],[-111.63512485863,40.1134818007739],[-111.634751434932,40.1134934677717],[-111.634377379606,40.1128309079393],[-111.634356755199,40.1128007371472],[-111.634313734319,40.1127403888139],[-111.634293118685,40.1127102112725],[-111.634271599472,40.1126800404269],[-111.634251878645,40.1126498628588],[-111.634231263011,40.1126196919865],[-111.63421153341,40.1125881390229],[-111.634191812583,40.1125579681231],[-111.634172977788,40.1125264151309],[-111.634154142994,40.1124962442038],[-111.634116482179,40.1124331448566],[-111.634080602203,40.1123700454509],[-111.63404651184,40.1123069392774],[-111.634012421477,40.1122438397546],[-111.633996262329,40.1122109112404],[-111.633981006759,40.1121793580871],[-111.633968444382,40.1121532930112],[-111.63347848533,40.112329555796],[-111.633469502177,40.1123034840685],[-111.6334650106,40.1122911325338],[-111.633430858829,40.1122005791442],[-111.63339493499,40.1121114010123],[-111.633356774136,40.1120222227636],[-111.633316823669,40.1119330443979],[-111.633274636186,40.111845241299],[-111.633230220461,40.111757444796],[-111.633184015123,40.1116696481796],[-111.633136028945,40.111583226839],[-111.633086253155,40.1114981807793],[-111.633034240349,40.1114131346132],[-111.6329799993,40.111329463735],[-111.632924416042,40.1112457994631],[-111.632866604541,40.1111621350882],[-111.632807003427,40.1110812146997],[-111.632745612701,40.1109989255232],[-111.632682441135,40.1109193870522],[-111.632617032554,40.1108398417789],[-111.632550290535,40.1107603098311],[-111.632481311501,40.1106835151863],[-111.632434281538,40.1106314107151],[-111.632404752932,40.1106135974982],[-111.632200982742,40.1103955781065],[-111.632076069546,40.110283163157],[-111.631936383274,40.110155665392],[-111.631808364573,40.1100514891479],[-111.631539791112,40.1098335417575],[-111.631771388021,40.1096479732684],[-111.631823295556,40.1096808627671],[-111.631925321012,40.1097480037241],[-111.631959332422,40.1097699300261],[-111.631992449025,40.1097932250369],[-111.632025565629,40.1098165200397],[-111.632063603667,40.1098425591736],[-111.63252483242,40.1098434112657],[-111.633089753427,40.1098455113036],[-111.633191199891,40.109845397244],[-111.633281478822,40.109843921179],[-111.633668061436,40.1098379833718],[-111.634054635277,40.1098306768491],[-111.634441665293,40.1098247390407],[-111.634828239134,40.1098188012319],[-111.63499583108,40.1098158625195],[-111.63499647148,40.1101384357647],[-111.634996515343,40.1101631396138],[-111.634996936428,40.1103786504599],[-111.634996980292,40.1104006101052],[-111.635210172265,40.11040036186],[-111.635606597747,40.1103998989161],[-111.635718316938,40.1103956519091],[-111.635731247765,40.1103777916652],[-111.635749959743,40.1103503169382],[-111.635761100957,40.1103310879773],[-111.63577089119,40.1103118590111],[-111.635779347987,40.1102926367487],[-111.635786453801,40.1102734077716],[-111.635792673582,40.1102528100824],[-111.635797551153,40.1102322190964],[-111.635801086515,40.1102129968115],[-111.635803279667,40.1101924058134],[-111.635804130611,40.110171814809],[-111.635800288207,40.1098108103493],[-111.635600062152,40.1098096697531],[-111.635595693392,40.1094061188918],[-111.635593552875,40.1092290501065],[-111.63564048634,40.1092303651581],[-111.635653434713,40.1092248634114],[-111.635682042194,40.1092261985914],[-111.635696350322,40.1092275606092],[-111.635724949031,40.1092288957892],[-111.63575310911,40.1092302376786],[-111.635767417237,40.1092315929868],[-111.635781716591,40.1092329482951],[-111.635796024719,40.1092343036033],[-111.635824184797,40.1092370142196],[-111.635838492925,40.1092383762372],[-111.635852792279,40.1092397315453],[-111.635880961131,40.1092438108883],[-111.635909121209,40.1092465282137],[-111.635923429337,40.1092492522484],[-111.635929982476,40.1089472661675],[-111.635934254738,40.1088511730016],[-111.635942518536,40.1085080021436],[-111.635942904531,40.1084791780476],[-111.636234742955,40.1084774671197],[-111.636561882361,40.1084757092252],[-111.636800532449,40.1084768028771],[-111.636889021768,40.1084766955248],[-111.63696142212,40.1084752395587],[-111.637028015004,40.108473790302],[-111.637122311791,40.1084750516921],[-111.637228232287,40.1084749242112],[-111.637283201462,40.1084748638255],[-111.637444091133,40.108473300507],[-111.637567890208,40.1084731528975],[-111.637604980804,40.1084731059308],[-111.637925417937,40.1084713547457],[-111.638081842349,40.1084752865253],[-111.638126538798,40.108476608301],[-111.638502418827,40.1084871422485],[-111.639036486563,40.1084878802957],[-111.639036302339,40.1083959128414],[-111.639037311189,40.1071303295447],[-111.639037284871,40.1057933708755],[-111.639037723502,40.1046842744854],[-111.639038381447,40.1039032381909],[-111.639039934199,40.1033473080029],[-111.64046176377,40.1041472324768],[-111.640595098672,40.1042225650241],[-111.640581501126,40.1032589838582],[-111.641214295817,40.1032609633187],[-111.641209216476,40.1044853727687],[-111.642459173067,40.1044879695058],[-111.644134136305,40.1044927738045],[-111.644202220532,40.1044822392384],[-111.645486460484,40.1044869697285],[-111.646012246876,40.1044957462964],[-111.647804315687,40.1045115011724],[-111.649576847895,40.1045023824009],[-111.649562267817,40.1039629502084],[-111.649516667789,40.1035443476648],[-111.649470646676,40.1033412555581],[-111.649247646925,40.1031069208555],[-111.649134032851,40.1028166098857],[-111.649040157149,40.1025640017642],[-111.648978810286,40.1023573637852],[-111.648910348836,40.1022245971266],[-111.648821745473,40.1021008687817],[-111.647756320737,40.1006063811616],[-111.647858583054,40.1005733060973],[-111.648246095564,40.100402609253],[-111.649834648591,40.1003772375375]],[[-111.647766847869,40.1058378030632],[-111.647763970453,40.1061665413041],[-111.647946124931,40.1061672726668],[-111.648417898362,40.1061666754991],[-111.648417459732,40.1059635912208],[-111.648417179008,40.1058409834996],[-111.647766847869,40.1058378030632]],[[-111.646842249845,40.1090699152563],[-111.646486959132,40.1090717335207],[-111.646486722272,40.1093819515224],[-111.646460799208,40.1093819850695],[-111.646461720333,40.1096043486987],[-111.64672540745,40.1096040199376],[-111.646724372282,40.1093281217288],[-111.646852636615,40.1093265852676],[-111.646842249845,40.1090699152563]],[[-111.650148848398,40.1128548191379],[-111.649790671496,40.1128581267189],[-111.649789022246,40.1130845648052],[-111.65014300584,40.1130869532329],[-111.650499129951,40.1130836993356],[-111.650498638684,40.1128572142828],[-111.650148848398,40.1128548191379]],[[-111.647244184526,40.1179866025079],[-111.646657910987,40.1179873471606],[-111.646658858429,40.118435988877],[-111.647245140741,40.1184352509377],[-111.647244184526,40.1179866025079]],[[-111.648838799427,40.1192427932097],[-111.648270229015,40.1192435244317],[-111.648271167684,40.119678647111],[-111.648818754013,40.1196832356675],[-111.648838799427,40.1192427932097]]]},"properties":{"zone_code":"R-1-6","zone_description":"R-1-6","zone_class_normalized":"Residential-Medium","jurisdiction":"spanish_fork_ut","source_rest_url":"https://services.arcgis.com/FvF9MZKp3JWPrSkg/arcgis/rest/services/SF_Zoning/FeatureServer/0","extraction_method":"arcgis_rest","confidence":"rest_api"}},{"type":"Feature","geometry":{"type":"Polygon","coordinates":[[[-111.63756981965,40.118196602732],[-111.637140308019,40.1185836799268],[-111.637440395947,40.1187420889444],[-111.636894249568,40.1187207402153],[-111.63568506243,40.1186727395645],[-111.635697207755,40.1200687031557],[-111.635255558105,40.1200582355745],[-111.634837839861,40.1200480995902],[-111.634843979898,40.1201348665029],[-111.634844523066,40.1204827371472],[-111.634578186486,40.1205588922046],[-111.634466237981,40.1205590214601],[-111.634466343126,40.1205596707861],[-111.634396494011,40.1205597636513],[-111.63435733934,40.1205571798081],[-111.634071385053,40.1205376720712],[-111.634024281416,40.120501619867],[-111.634024067089,40.1203918085802],[-111.63400380941,40.1203763019422],[-111.634003329277,40.1201302654945],[-111.633999055823,40.1200188925598],[-111.633093060476,40.1199963994006],[-111.63309512219,40.1201230507934],[-111.633097029031,40.1201246253814],[-111.633094309357,40.1201246084456],[-111.633094935031,40.1204474143874],[-111.63272028204,40.1204467249853],[-111.63271965495,40.1201222748171],[-111.632719354813,40.1199871193482],[-111.631786287123,40.1199639436847],[-111.631052125761,40.1208070116262],[-111.631046046954,40.1208038566469],[-111.629842900181,40.1221741443402],[-111.62702593597,40.122179877563],[-111.627025096626,40.1221793706186],[-111.627024901865,40.1221771468825],[-111.628335884311,40.120787765141],[-111.628335217257,40.1204276620534],[-111.629826138319,40.1189827695832],[-111.630276150933,40.1185559840247],[-111.631066513435,40.1178063983125],[-111.631070718923,40.1178065645358],[-111.631437980405,40.1178210789924],[-111.633617157404,40.1179023312945],[-111.633676474607,40.1178350038136],[-111.633725979528,40.1177786687114],[-111.633924892065,40.1175533267054],[-111.634263397743,40.1171699694569],[-111.634704920766,40.1166698174825],[-111.634745059565,40.1166244737322],[-111.634797238762,40.1165653897744],[-111.634845850663,40.1165104277651],[-111.63489131211,40.1164444882309],[-111.634927858499,40.1163909128863],[-111.634962589641,40.1163236130174],[-111.634993758698,40.1162631805718],[-111.635021327677,40.1161903985814],[-111.635041780229,40.1161354691163],[-111.635056405679,40.1160723103622],[-111.635071034261,40.1160105245089],[-111.635073654013,40.1159789505706],[-111.635082401271,40.115881482787],[-111.635092454664,40.115766169024],[-111.635097260696,40.1157098851287],[-111.635104252783,40.1156288909266],[-111.635111680986,40.1155424058151],[-111.635118239609,40.1154682752444],[-111.635126106835,40.1153776717743],[-111.635139218375,40.1152266656927],[-111.635147960499,40.1151264524264],[-111.635659228174,40.1150984055315],[-111.635725175299,40.1152218664997],[-111.635783946855,40.1153329821181],[-111.635834229357,40.1154454805095],[-111.635882715682,40.1155538627751],[-111.635941078884,40.1156841958003],[-111.635985066064,40.1157774844444],[-111.636029050645,40.1158694001653],[-111.636074828758,40.1159640592368],[-111.636122392254,40.11605734347],[-111.636170852248,40.1161519991899],[-111.636220203758,40.1162452812891],[-111.636272239989,40.1163399327813],[-111.636324276135,40.1164345844238],[-111.636378097688,40.116527861219],[-111.636433707379,40.1166211357177],[-111.636489316992,40.1167144105392],[-111.636546714754,40.1168076830608],[-111.636605003826,40.116899581951],[-111.636664186941,40.1169914795854],[-111.636725158447,40.117083375089],[-111.636786126924,40.1171738980065],[-111.636849780655,40.1172657904675],[-111.63691253747,40.1173563112144],[-111.636977079726,40.1174454570949],[-111.637043412676,40.1175359735626],[-111.637109743288,40.1176251172623],[-111.637176965228,40.117712887493],[-111.637184136047,40.1177224874661],[-111.637200268227,40.1177430582096],[-111.637222674608,40.1177718574222],[-111.637245977647,40.1178020279535],[-111.637269278421,40.1178308261029],[-111.637292581502,40.1178609968003],[-111.637385786246,40.1179775617079],[-111.637434175164,40.1180351556596],[-111.637458369767,40.1180639525394],[-111.63748167049,40.1180927504689],[-111.637530059569,40.1181503443789],[-111.637555148155,40.1181791403584],[-111.63756981965,40.118196602732]]]},"properties":{"zone_code":"R-1-6","zone_description":"R-1-6","zone_class_normalized":"Residential-Medium","jurisdiction":"spanish_fork_ut","source_rest_url":"https://services.arcgis.com/FvF9MZKp3JWPrSkg/arcgis/rest/services/SF_Zoning/FeatureServer/0","extraction_method":"arcgis_rest","confidence":"rest_api"}},{"type":"Feature","geometry":{"type":"Polygon","coordinates":[[[-111.675001769042,40.1079143641264],[-111.675001732487,40.1079143640202],[-111.675009734176,40.1061868740116],[-111.67500975183,40.1061813422774],[-111.675009823834,40.1061587387891],[-111.675084315231,40.106150879947],[-111.67716086991,40.1057917597795],[-111.677139445688,40.1076205689293],[-111.677215148624,40.1075667222512],[-111.677222534064,40.1069369101529],[-111.677303637397,40.1069384737682],[-111.677303080073,40.1069905231774],[-111.677280292825,40.1078321204518],[-111.677280981704,40.1078320830338],[-111.677175874267,40.1079199994891],[-111.675001769042,40.1079143641264]]]},"properties":{"zone_code":"R-R","zone_description":"R-R","zone_class_normalized":"Residential-Low","jurisdiction":"spanish_fork_ut","source_rest_url":"https://services.arcgis.com/FvF9MZKp3JWPrSkg/arcgis/rest/services/SF_Zoning/FeatureServer/0","extraction_method":"arcgis_rest","confidence":"rest_api"}},{"type":"Feature","geometry":{"type":"Polygon","coordinates":[[[-111.654711792719,40.119733558319],[-111.654948786056,40.1197127143272],[-111.655715578477,40.1197116920213],[-111.655717661447,40.1197117610406],[-111.655718684909,40.1201630840736],[-111.655666392944,40.1201658992379],[-111.655633765642,40.1201673155571],[-111.65470758818,40.1201644310498],[-111.654711792719,40.119733558319]]]},"properties":{"zone_code":"P-F","zone_description":"P-F","zone_class_normalized":"Other/Unknown","jurisdiction":"spanish_fork_ut","source_rest_url":"https://services.arcgis.com/FvF9MZKp3JWPrSkg/arcgis/rest/services/SF_Zoning/FeatureServer/0","extraction_method":"arcgis_rest","confidence":"rest_api"}},{"type":"Feature","geometry":{"type":"Polygon","coordinates":[[[-111.680570325563,40.1027028387735],[-111.680463655191,40.1047949220794],[-111.680374854608,40.1063763512169],[-111.680239280859,40.1064850004022],[-111.67941690544,40.1071423957732],[-111.678413442724,40.1079441910116],[-111.67717587424,40.1079199995001],[-111.678083376532,40.107160914044],[-111.678082956555,40.1069989421797],[-111.678192198774,40.107016223566],[-111.678565632801,40.1067496084166],[-111.678583617658,40.1034434449573],[-111.678598179569,40.1010656808819],[-111.678766147324,40.1012821834034],[-111.678774677282,40.1012972695538],[-111.678783650283,40.1013109822852],[-111.678792627089,40.1013260677483],[-111.678801600326,40.1013397804779],[-111.678811023752,40.1013548650782],[-111.678820447182,40.1013699498533],[-111.678829867271,40.1013836617189],[-111.678839734206,40.1013973732489],[-111.67884960449,40.1014124571598],[-111.678859471433,40.1014261685123],[-111.678869785221,40.1014398791778],[-111.678880102588,40.1014549625751],[-111.678890416156,40.101468673239],[-111.678901177027,40.1014823830393],[-111.678911937675,40.1014960931902],[-111.678922698326,40.1015098029887],[-111.678933905824,40.1015235124512],[-111.678945113326,40.101537221561],[-111.678956767904,40.1015509303343],[-111.678967975416,40.1015646396176],[-111.678979629545,40.1015783480378],[-111.678991727402,40.1015906833882],[-111.679003381999,40.1016043919809],[-111.679015482985,40.1016180998863],[-111.679028027699,40.1016304345461],[-111.679040129152,40.1016441422725],[-111.679052673875,40.1016564769294],[-111.679065668796,40.1016701834553],[-111.679078213299,40.1016825181098],[-111.679326643913,40.1020129445122],[-111.679338330904,40.1020390069596],[-111.679369204508,40.102054058484],[-111.679384491611,40.1020897238458],[-111.679403285379,40.1020993033636],[-111.679442245744,40.1021308143901],[-111.679458808887,40.1021417700733],[-111.679468672469,40.1021541086394],[-111.679482110826,40.1021664418718],[-111.679495549646,40.102178775102],[-111.679509878347,40.1021897340455],[-111.679523759978,40.1022006940276],[-111.679538539352,40.1022130251866],[-111.679552868066,40.1022239841247],[-111.679567643404,40.1022349425482],[-111.679582862463,40.1022445277234],[-111.679598085114,40.1022554852777],[-111.679618215909,40.1022636903125],[-111.679629420079,40.1022760267972],[-111.679645086002,40.1022856110994],[-111.679661202139,40.1022965676187],[-111.679683113389,40.1023020244201],[-111.67969387432,40.1023157341445],[-111.679710430365,40.1023239445024],[-111.679727436853,40.1023335269008],[-111.679749794968,40.1023389830002],[-111.679761446021,40.1023513187824],[-111.67977889555,40.1023595279273],[-111.679796345539,40.1023677368931],[-111.679817362899,40.102373195049],[-111.679831691692,40.1023841539524],[-111.680570325563,40.1027028387735]]]},"properties":{"zone_code":"I-2","zone_description":"I-2","zone_class_normalized":"Industrial/Flex","jurisdiction":"spanish_fork_ut","source_rest_url":"https://services.arcgis.com/FvF9MZKp3JWPrSkg/arcgis/rest/services/SF_Zoning/FeatureServer/0","extraction_method":"arcgis_rest","confidence":"rest_api"}},{"type":"Feature","geometry":{"type":"Polygon","coordinates":[[[-111.635705680509,40.1200688132089],[-111.635697207756,40.1200687031556],[-111.63568506243,40.1186727395644],[-111.636894249569,40.1187207402153],[-111.636928319268,40.1201153053458],[-111.63579420784,40.1200699628444],[-111.635705680509,40.1200688132089]]]},"properties":{"zone_code":"R-3","zone_description":"R-3","zone_class_normalized":"Residential-High","jurisdiction":"spanish_fork_ut","source_rest_url":"https://services.arcgis.com/FvF9MZKp3JWPrSkg/arcgis/rest/services/SF_Zoning/FeatureServer/0","extraction_method":"arcgis_rest","confidence":"rest_api"}},{"type":"Feature","geometry":{"type":"Polygon","coordinates":[[[-111.641672292169,40.1188317027792],[-111.642751325262,40.1188372489007],[-111.642748996338,40.1194370967974],[-111.642256848645,40.1194308355344],[-111.641676658636,40.1194315425021],[-111.641672292169,40.1188317027792]]]},"properties":{"zone_code":"C-O","zone_description":"C-O","zone_class_normalized":"Other/Unknown","jurisdiction":"spanish_fork_ut","source_rest_url":"https://services.arcgis.com/FvF9MZKp3JWPrSkg/arcgis/rest/services/SF_Zoning/FeatureServer/0","extraction_method":"arcgis_rest","confidence":"rest_api"}},{"type":"Feature","geometry":{"type":"Polygon","coordinates":[[[-111.664454490787,40.1087727223114],[-111.664676808467,40.1091726672452],[-111.664717118611,40.1092197877142],[-111.665058855642,40.1098618654305],[-111.665119276994,40.1098841271649],[-111.66510234805,40.1113940636198],[-111.665106372485,40.1117660426321],[-111.665130282234,40.1129739389148],[-111.665140160193,40.1131784480649],[-111.665147673933,40.1133294285254],[-111.665342110066,40.1133346448057],[-111.666708895893,40.1133409311778],[-111.666943536898,40.1140735880958],[-111.667026854764,40.1143328993209],[-111.66718448541,40.1148240794295],[-111.667402916824,40.1155032275496],[-111.665626246137,40.1155071387962],[-111.665628325246,40.1159985418766],[-111.667173556931,40.1160265342521],[-111.665633323441,40.1171446936008],[-111.66531072386,40.1173785002765],[-111.664371920786,40.1180606618704],[-111.66414926536,40.118222948833],[-111.663702164895,40.1185475215962],[-111.663569191863,40.1186437922552],[-111.663574889673,40.1187837921781],[-111.661311257974,40.1204533373009],[-111.661106035917,40.1202408637257],[-111.659826741524,40.1202426246703],[-111.659823975959,40.1190539196347],[-111.659823664531,40.1189207729918],[-111.659823425478,40.1178708592257],[-111.659936967178,40.1178711879468],[-111.660349867622,40.1178706177163],[-111.660389978189,40.1178705606933],[-111.660389410163,40.1176263036824],[-111.659936403538,40.1176269309383],[-111.659823326786,40.1176272764322],[-111.659819451485,40.1163415810185],[-111.65981753467,40.1159023379147],[-111.659816100348,40.1150938502741],[-111.659830805436,40.1148824434371],[-111.659846087323,40.1137678362048],[-111.659856506991,40.1124830238723],[-111.65988166245,40.1098502548395],[-111.660050633889,40.1098637474128],[-111.661438778829,40.1098604598144],[-111.661893752711,40.1098612012014],[-111.662244141728,40.109860714771],[-111.662949828038,40.1098556122837],[-111.662950955318,40.1097663874662],[-111.662965484954,40.1087744131034],[-111.662971581918,40.1087747955444],[-111.662971910891,40.1087748156729],[-111.663036251407,40.108774735159],[-111.663150323851,40.108774564067],[-111.664454490787,40.1087727223114]],[[-111.663218693188,40.1110777829109],[-111.663103445215,40.1110779472879],[-111.663103684269,40.1111786398568],[-111.662535398966,40.1111824842596],[-111.662506806837,40.1125342681575],[-111.663627551652,40.1125479547629],[-111.663644702105,40.1114067306514],[-111.663218693188,40.1110777829109]]]},"properties":{"zone_code":"R-1-8","zone_description":"R-1-8","zone_class_normalized":"Residential-Medium","jurisdiction":"spanish_fork_ut","source_rest_url":"https://services.arcgis.com/FvF9MZKp3JWPrSkg/arcgis/rest/services/SF_Zoning/FeatureServer/0","extraction_method":"arcgis_rest","confidence":"rest_api"}},{"type":"Feature","geometry":{"type":"Polygon","coordinates":[[[-111.654719928136,40.1188960922673],[-111.65377185952,40.118890484301],[-111.653779740451,40.117619405643],[-111.653786873206,40.1172117210436],[-111.654180209562,40.117211201172],[-111.65418081669,40.1174816111584],[-111.654140104897,40.1176642267643],[-111.654140677979,40.1179195377695],[-111.654730241412,40.1179187562664],[-111.654733139879,40.117618143312],[-111.654979432851,40.117621933964],[-111.65497955057,40.117674094278],[-111.654979474508,40.1180364723659],[-111.655451483794,40.118035843529],[-111.655451893959,40.1182170321398],[-111.655661527507,40.1182167522411],[-111.655661623964,40.1182593038057],[-111.655670946188,40.1184281266171],[-111.655442538848,40.1184284315813],[-111.655438240681,40.1188992541591],[-111.654719928136,40.1188960922673]]]},"properties":{"zone_code":"R-O","zone_description":"R-O","zone_class_normalized":"Residential-Low","jurisdiction":"spanish_fork_ut","source_rest_url":"https://services.arcgis.com/FvF9MZKp3JWPrSkg/arcgis/rest/services/SF_Zoning/FeatureServer/0","extraction_method":"arcgis_rest","confidence":"rest_api"}},{"type":"Feature","geometry":{"type":"Polygon","coordinates":[[[-111.62597230343,40.0849983746697],[-111.625997672621,40.0844270147064],[-111.625711458133,40.0842928242132],[-111.625650905447,40.0842409838823],[-111.625582296263,40.0841954485863],[-111.625487600214,40.0841491523395],[-111.624800204933,40.0838686117479],[-111.62441852185,40.0837130399017],[-111.62403988862,40.0834397778663],[-111.623556386651,40.0830908265086],[-111.623517847319,40.084932540955],[-111.621049357425,40.0849351427288],[-111.62104318072,40.0861571018979],[-111.616522235193,40.0861617133469],[-111.616522866101,40.0865337019483],[-111.611779103959,40.0865891401579],[-111.611785709534,40.0865301097026],[-111.61178656743,40.0862336156387],[-111.611761921288,40.0861883417146],[-111.611776072945,40.085824574817],[-111.611771530331,40.0838561927422],[-111.61177319244,40.0835047915144],[-111.611773771082,40.0833112466171],[-111.61195294136,40.0833248010485],[-111.612491278703,40.0833242822419],[-111.612628393614,40.0833008145696],[-111.612629390628,40.0833639557329],[-111.616454249744,40.0826903377418],[-111.61645126215,40.0825091502334],[-111.616609963075,40.0817814840369],[-111.61736330887,40.0815995366408],[-111.618604157065,40.0817410355673],[-111.622740671103,40.0823064009128],[-111.62720586496,40.0838498914678],[-111.627163283353,40.0849975892198],[-111.62597230343,40.0849983746697]]]},"properties":{"zone_code":"R-R","zone_description":"R-R","zone_class_normalized":"Residential-Low","jurisdiction":"spanish_fork_ut","source_rest_url":"https://services.arcgis.com/FvF9MZKp3JWPrSkg/arcgis/rest/services/SF_Zoning/FeatureServer/0","extraction_method":"arcgis_rest","confidence":"rest_api"}},{"type":"Feature","geometry":{"type":"Polygon","coordinates":[[[-111.655864909561,40.1156592438698],[-111.655866143293,40.1162028094796],[-111.655689144424,40.1162030461477],[-111.655682877729,40.1161989366765],[-111.655674126174,40.1161939040671],[-111.655673315122,40.1163183694362],[-111.65566466239,40.1176278835849],[-111.655451454833,40.1176281682604],[-111.655451557373,40.1176734654626],[-111.655451381261,40.117990546353],[-111.655661461068,40.1179902658581],[-111.655687385745,40.1179902312176],[-111.655687488442,40.1180355284154],[-111.65568789923,40.1182167168496],[-111.655661527516,40.1182167520874],[-111.655451893968,40.118217031986],[-111.655451483803,40.118035843551],[-111.654979474517,40.1180364723878],[-111.654979550579,40.1176740942999],[-111.65497943286,40.1176219339859],[-111.654733140117,40.1176181433336],[-111.654746304972,40.1163196044367],[-111.654750062699,40.1159255966225],[-111.654979620698,40.1159226001243],[-111.655675864312,40.1159271123544],[-111.65567762592,40.1156567489923],[-111.655864649769,40.115656498928],[-111.655864909561,40.1156592438698]]]},"properties":{"zone_code":"C-O","zone_description":"C-O","zone_class_normalized":"Other/Unknown","jurisdiction":"spanish_fork_ut","source_rest_url":"https://services.arcgis.com/FvF9MZKp3JWPrSkg/arcgis/rest/services/SF_Zoning/FeatureServer/0","extraction_method":"arcgis_rest","confidence":"rest_api"}},{"type":"Feature","geometry":{"type":"Polygon","coordinates":[[[-111.656562712725,40.1111903471788],[-111.656555805857,40.1124737805325],[-111.656548892474,40.1137544681791],[-111.656539300207,40.1150365316465],[-111.656052555664,40.1150344393676],[-111.656053968667,40.1156562455732],[-111.655677625825,40.1156567490764],[-111.655675864314,40.1159271124351],[-111.654979620519,40.1159226001205],[-111.654750062513,40.1159255965918],[-111.654754627206,40.115446954653],[-111.654978336576,40.1154509353238],[-111.654990084408,40.1154493940581],[-111.655347560507,40.1154489159486],[-111.655346790323,40.1151058574788],[-111.655347175145,40.1150324651453],[-111.655700348901,40.1150335379712],[-111.655699502402,40.1146601796692],[-111.655704616903,40.1145503612287],[-111.655704249664,40.1143883895966],[-111.655709878344,40.1141111077457],[-111.655709262113,40.1138393248029],[-111.655710639094,40.1136581337743],[-111.655709730312,40.1132573225122],[-111.655713876103,40.1131145618322],[-111.655738455045,40.1131131563311],[-111.65572608178,40.1123870432862],[-111.6557254655,40.1121152602228],[-111.655730517518,40.1119779888726],[-111.655730206257,40.1118407246871],[-111.655729988376,40.1117446397543],[-111.655729885661,40.1116993425709],[-111.656025311175,40.1116989472726],[-111.656025005564,40.1115644283619],[-111.655995060828,40.111564468464],[-111.656001357477,40.1111883549702],[-111.656562712725,40.1111903471788]]]},"properties":{"zone_code":"R-O","zone_description":"R-O","zone_class_normalized":"Residential-Low","jurisdiction":"spanish_fork_ut","source_rest_url":"https://services.arcgis.com/FvF9MZKp3JWPrSkg/arcgis/rest/services/SF_Zoning/FeatureServer/0","extraction_method":"arcgis_rest","confidence":"rest_api"}},{"type":"Feature","geometry":{"type":"Polygon","coordinates":[[[-111.655661460973,40.11799026594],[-111.655451381224,40.1179905464348],[-111.655451557393,40.1176734654568],[-111.655451454853,40.1176281683425],[-111.655664662324,40.1176278836671],[-111.655661460973,40.11799026594]]]},"properties":{"zone_code":"R-O","zone_description":"R-O","zone_class_normalized":"Residential-Low","jurisdiction":"spanish_fork_ut","source_rest_url":"https://services.arcgis.com/FvF9MZKp3JWPrSkg/arcgis/rest/services/SF_Zoning/FeatureServer/0","extraction_method":"arcgis_rest","confidence":"rest_api"}},{"type":"Feature","geometry":{"type":"Polygon","coordinates":[[[-111.655347175145,40.1150324651453],[-111.655346790323,40.1151058574788],[-111.655347560507,40.1154489159486],[-111.654990084408,40.1154493940581],[-111.654978336576,40.1154509353238],[-111.654754627206,40.115446954653],[-111.654758597114,40.1150306748594],[-111.655347175145,40.1150324651453]]]},"properties":{"zone_code":"C-O","zone_description":"C-O","zone_class_normalized":"Other/Unknown","jurisdiction":"spanish_fork_ut","source_rest_url":"https://services.arcgis.com/FvF9MZKp3JWPrSkg/arcgis/rest/services/SF_Zoning/FeatureServer/0","extraction_method":"arcgis_rest","confidence":"rest_api"}},{"type":"Feature","geometry":{"type":"Polygon","coordinates":[[[-111.653786873179,40.1172117210602],[-111.653491861704,40.1172079921723],[-111.653491245018,40.116932091515],[-111.653531472437,40.1169320385094],[-111.653796973398,40.1169316883238],[-111.653796567607,40.1167504998228],[-111.653791438825,40.1166557941388],[-111.654091364609,40.1166595157658],[-111.654086677362,40.1159649638923],[-111.653791680448,40.1159653536838],[-111.65379115479,40.1157306321562],[-111.653790985719,40.115655136925],[-111.653805200572,40.1154162779849],[-111.654100195127,40.1154158881592],[-111.654099323441,40.1150274308337],[-111.654758597114,40.1150306748594],[-111.654746304907,40.11631960452],[-111.654733139938,40.1176181434159],[-111.65473024147,40.1179187562822],[-111.654140677838,40.1179195377856],[-111.654140104756,40.1176642267805],[-111.654180816664,40.1174816112626],[-111.654180209535,40.1172112011886],[-111.653786873179,40.1172117210602]]]},"properties":{"zone_code":"C-2","zone_description":"C-2","zone_class_normalized":"Other/Unknown","jurisdiction":"spanish_fork_ut","source_rest_url":"https://services.arcgis.com/FvF9MZKp3JWPrSkg/arcgis/rest/services/SF_Zoning/FeatureServer/0","extraction_method":"arcgis_rest","confidence":"rest_api"}},{"type":"Feature","geometry":{"type":"Polygon","coordinates":[[[-111.659909201867,40.121488875689],[-111.660307057285,40.1230311759178],[-111.660279423563,40.1259370966326],[-111.66025531643,40.1285245002119],[-111.663308167233,40.1285138620474],[-111.660244578755,40.1302498462609],[-111.660239157282,40.1302527304312],[-111.660239174827,40.1302550914264],[-111.66022150679,40.1321511184578],[-111.664239256989,40.1322978849303],[-111.664919748362,40.132323009988],[-111.664990999502,40.1305316090033],[-111.665143783281,40.1304819746305],[-111.66517157491,40.13051213087],[-111.66552342676,40.130893227852],[-111.665811028012,40.1311371588477],[-111.665926159749,40.1312344412465],[-111.665971391327,40.1312632020394],[-111.666024219985,40.1312960810838],[-111.66611013893,40.1313288930397],[-111.666310610618,40.1314041082852],[-111.666396038296,40.1314245788369],[-111.666487799799,40.1314669955176],[-111.666546435925,40.131494361104],[-111.666589386625,40.1315080304786],[-111.666717800093,40.1315503934493],[-111.667065809539,40.1316336303049],[-111.667322092573,40.1318638625142],[-111.667821219003,40.1323106285539],[-111.669849639478,40.1323255318833],[-111.669847446326,40.1328841964545],[-111.669817391363,40.1330297406521],[-111.669812320794,40.1341009095287],[-111.669824374361,40.1341065568166],[-111.671131651187,40.1338912754328],[-111.673675111606,40.1331375638852],[-111.673730133418,40.1371086610382],[-111.673726326105,40.1385387013926],[-111.673743520421,40.1401699171811],[-111.673797682516,40.1440760781912],[-111.67381752616,40.1479940445014],[-111.67394725552,40.1480003343742],[-111.676799546909,40.1479934678179],[-111.676797441482,40.1471701600076],[-111.677605381336,40.1471682287651],[-111.679461718289,40.1471559975614],[-111.679461630563,40.1471228579624],[-111.680544082936,40.1471038673956],[-111.680551539654,40.1471037332815],[-111.680601139992,40.1476263876831],[-111.680730746535,40.1489919811945],[-111.680821736048,40.1495345094926],[-111.680836158219,40.1533353046879],[-111.681306598214,40.1533450941249],[-111.681346320593,40.1533477493418],[-111.681391903075,40.1533672477497],[-111.681389306383,40.1542927317671],[-111.679247842053,40.1542826206267],[-111.679283248308,40.1549462247225],[-111.679270089392,40.1549462381324],[-111.679255614586,40.1549146578799],[-111.67687086823,40.1549192842872],[-111.676673730133,40.1549196597638],[-111.674053369013,40.154924688467],[-111.674053211106,40.1549579047187],[-111.674035262345,40.1549579315385],[-111.673998715651,40.1549580119977],[-111.673998768287,40.154975659382],[-111.669366356382,40.1549824850028],[-111.669366373928,40.1549951707323],[-111.669349583152,40.154988425572],[-111.669356408242,40.1556624153116],[-111.669362847338,40.1559190904514],[-111.669368409173,40.1572628878494],[-111.669379094212,40.1577858395355],[-111.669386638657,40.158671170033],[-111.664603899304,40.158712349474],[-111.662941121222,40.1587421311381],[-111.662937050731,40.1570277265654],[-111.662773511732,40.1569002963522],[-111.662602305471,40.1567481789878],[-111.662381463782,40.1565961149208],[-111.662023348289,40.1564566152837],[-111.661685286982,40.1562854955162],[-111.661502957052,40.1561539739725],[-111.661277676422,40.1560197702424],[-111.661217601587,40.1559594669812],[-111.656987045411,40.1560489630628],[-111.655767968407,40.1560739318317],[-111.65510382918,40.1560720813003],[-111.653172188141,40.156041681621],[-111.65211491316,40.156029344738],[-111.652122896235,40.1549902493132],[-111.652158214764,40.1549902090836],[-111.652155530345,40.1545825346497],[-111.652140862541,40.1540170350261],[-111.652095244968,40.1540171020763],[-111.649745466236,40.1539652319676],[-111.64982617425,40.1485308810373],[-111.647209743259,40.1485342204104],[-111.647243377446,40.1444107876584],[-111.646375046944,40.1444242264317],[-111.646388504128,40.1408828165339],[-111.646366730509,40.1404989723113],[-111.646369169295,40.1404989991367],[-111.649988186815,40.1403229703321],[-111.650029926894,40.1391605303255],[-111.652252625595,40.1390461308612],[-111.652239484224,40.1377200541202],[-111.65252733111,40.1377176799711],[-111.652508119094,40.1357787235946],[-111.652651130185,40.1357775297793],[-111.652649673932,40.1356296038308],[-111.652649656387,40.1356100332627],[-111.652649972201,40.1355904492753],[-111.652650656464,40.1355708921096],[-111.652651674087,40.1355513215246],[-111.652653042614,40.1355317777614],[-111.652654762046,40.1355122474062],[-111.652656814837,40.1354927438729],[-111.652659218532,40.1354732537477],[-111.652661973132,40.1354537904443],[-111.652665078636,40.1354343673766],[-111.652668517499,40.1354149711307],[-111.652672307266,40.1353956151205],[-111.652676430393,40.1353762993459],[-111.652680904424,40.1353570238072],[-111.65268572936,40.1353378019178],[-111.65269087011,40.1353186336781],[-111.652696361763,40.1352995190879],[-111.652702204322,40.1352804581474],[-111.652708380239,40.1352614642703],[-111.652714871971,40.1352425374567],[-111.652721714607,40.1352236777067],[-111.652728890602,40.135204898434],[-111.652736399956,40.135186186225],[-111.65274424267,40.1351675679073],[-111.652752418743,40.1351490166533],[-111.652760910629,40.1351305727046],[-111.652769735875,40.1351121958198],[-111.652778876935,40.1350939262403],[-111.652788351354,40.1350757505525],[-111.652798159132,40.1350576821702],[-111.652808265179,40.1350397076797],[-111.652818704585,40.1350218539087],[-111.65282944226,40.1350040940296],[-111.653247492226,40.1350126386246],[-111.653246544785,40.1345865209135],[-111.654801279399,40.1337095151193],[-111.654771838519,40.1335513363018],[-111.654739958854,40.1334247205465],[-111.653245860521,40.1342859283852],[-111.646257546603,40.1383150776552],[-111.646255511357,40.1383164726232],[-111.646260160841,40.1370958780741],[-111.64626845973,40.1349023904637],[-111.646265336681,40.1334377858975],[-111.64564713084,40.1339121208281],[-111.645377092353,40.1341197293484],[-111.645349370905,40.1341238742688],[-111.645347879561,40.1346866689432],[-111.644867403701,40.1343317504211],[-111.642616895826,40.1361134605252],[-111.642366648348,40.1361727888022],[-111.642148964798,40.1361922787268],[-111.641073723512,40.136211419893],[-111.641086426251,40.136956754201],[-111.641090461652,40.1371791081378],[-111.641091005554,40.1372189190331],[-111.641092531988,40.1373122626143],[-111.640618460133,40.1376779498477],[-111.639031179134,40.1376551472681],[-111.63911522074,40.1416233381642],[-111.640111017269,40.1416344973642],[-111.640086559231,40.1427998993925],[-111.640614740546,40.1428486797965],[-111.639253020901,40.1445276727085],[-111.635913779465,40.1445755398614],[-111.63591376192,40.1445618060558],[-111.635901111816,40.1431480139364],[-111.635889917966,40.1417836173626],[-111.635888145898,40.1415653827225],[-111.635887619542,40.1415269424509],[-111.635881583986,40.1409627961022],[-111.635854529256,40.1376822286839],[-111.635852687008,40.1374282880106],[-111.632249565458,40.1381818983175],[-111.632120099276,40.1382795059612],[-111.631074912952,40.1390672026963],[-111.631074018146,40.1388311065608],[-111.631066631608,40.1373033695613],[-111.62844483178,40.1373213971064],[-111.628842810014,40.1371054552373],[-111.630004075516,40.13647549232],[-111.62997091505,40.1364370894093],[-111.631055753572,40.1358570190525],[-111.631074632229,40.1358662878766],[-111.631083317113,40.1358743897132],[-111.631083755743,40.1361047014512],[-111.633382530519,40.1348984870397],[-111.635739274703,40.1336419082071],[-111.63573822199,40.1331062551909],[-111.635805771089,40.133117295062],[-111.64536730212,40.1331474501322],[-111.645364301887,40.132941166649],[-111.645338177054,40.1311398417618],[-111.645336106718,40.130947986305],[-111.644478654252,40.130392350959],[-111.64314823528,40.1303965900097],[-111.642999592173,40.1296676706177],[-111.643213784224,40.1293891641185],[-111.643534879302,40.1289716235774],[-111.643533230052,40.1289704028126],[-111.645536367864,40.1263751010555],[-111.645535262515,40.1262735187319],[-111.645514050343,40.1247018711264],[-111.646007930752,40.1250856033435],[-111.646025142613,40.1250948736367],[-111.646463018679,40.1254315682181],[-111.647860056853,40.126492607413],[-111.647996856936,40.1265036886048],[-111.648009050864,40.1265089877214],[-111.648152746219,40.1265668084344],[-111.648300617337,40.1266180555218],[-111.648452155405,40.1266625545975],[-111.648606834068,40.1267001446894],[-111.648764126969,40.1267307050699],[-111.648923472661,40.1267541284252],[-111.649084344786,40.12677033427],[-111.649246164354,40.1267792555322],[-111.649408405007,40.1267808787993],[-111.649570470208,40.1267751906564],[-111.6497318336,40.1267622045172],[-111.649891933736,40.1267419740391],[-111.650050191624,40.126714566293],[-111.650206098452,40.1266800751782],[-111.650359092774,40.1266386214232],[-111.650508648233,40.1265903391699],[-111.650533597536,40.1265815117912],[-111.651510550498,40.1262157246005],[-111.651308236562,40.1259586152472],[-111.650653677024,40.1259426909364],[-111.650656729893,40.1256111505009],[-111.650524386295,40.1256104260551],[-111.650532755366,40.1246900115219],[-111.652520611291,40.1246640921077],[-111.652170549054,40.1248498611074],[-111.652959083894,40.1248405907808],[-111.653045336197,40.1248267456598],[-111.653934913961,40.1248310655525],[-111.653958564919,40.1248118138545],[-111.654019253836,40.1247623228791],[-111.654049589522,40.1247362022549],[-111.654079925208,40.1247114500362],[-111.654110278439,40.1246853293924],[-111.654139719319,40.1246605905711],[-111.654170055005,40.1246344699078],[-111.65419951343,40.1246097176521],[-111.654230287747,40.1245835969693],[-111.654318627931,40.1245066166961],[-111.654347174005,40.1244804959736],[-111.654376614885,40.1244543752411],[-111.654405178504,40.1244268860773],[-111.654431934965,40.1244007653241],[-111.654456901813,40.1243732895545],[-111.654480096595,40.1243458003579],[-111.654503273831,40.1243169427266],[-111.654544259466,40.1242592408433],[-111.654562962671,40.12422901475],[-111.654579893808,40.1241988020592],[-111.654595017788,40.1241672075125],[-111.654610141768,40.1241356129511],[-111.654622598875,40.124104031791],[-111.654665426758,40.1240723969524],[-111.654665760117,40.1242206432064],[-111.655198152285,40.1240167877538],[-111.656565784669,40.1235153101299],[-111.6566506509,40.123483634769],[-111.656729253487,40.1234519593934],[-111.656769432042,40.1234354307714],[-111.656808733336,40.1234189021454],[-111.656848034629,40.1234023735154],[-111.656886441117,40.1233858582974],[-111.656965043704,40.1233514325743],[-111.657041839134,40.1233170068337],[-111.657080245621,40.123300491595],[-111.657118652109,40.1232825944918],[-111.657157058596,40.1232646973839],[-111.657194570277,40.1232468002713],[-111.65723295922,40.1232275347086],[-111.657270470901,40.1232096375862],[-111.657345494263,40.1231724748808],[-111.657382988399,40.123153209297],[-111.657419605274,40.1231339437077],[-111.65745709941,40.123114678113],[-111.657493716285,40.1230954125128],[-111.65756693249,40.123056881296],[-111.657640148694,40.1230169681915],[-111.657675870763,40.1229963341136],[-111.657712470093,40.1229756866131],[-111.65778391423,40.1229344184259],[-111.657818723948,40.1229137843228],[-111.657854446016,40.1228931367973],[-111.657889255734,40.1228725026818],[-111.659025729839,40.1221750310101],[-111.659909201867,40.121488875689]],[[-111.650327634194,40.1277258685853],[-111.649816734921,40.12816408954],[-111.650007960278,40.1287234456549],[-111.650337582334,40.1287230297885],[-111.650333248664,40.1285176451023],[-111.650329072902,40.1284282200673],[-111.650333090757,40.1283387814994],[-111.650345284686,40.1282497855136],[-111.65036556696,40.1281616748116],[-111.650415728746,40.1280210703931],[-111.650432852881,40.1279608764271],[-111.650506209447,40.1278119541529],[-111.650327634194,40.1277258685853]]]},"properties":{"zone_code":"I-1","zone_description":"I-1","zone_class_normalized":"Industrial/Flex","jurisdiction":"spanish_fork_ut","source_rest_url":"https://services.arcgis.com/FvF9MZKp3JWPrSkg/arcgis/rest/services/SF_Zoning/FeatureServer/0","extraction_method":"arcgis_rest","confidence":"rest_api"}},{"type":"Feature","geometry":{"type":"Polygon","coordinates":[[[-111.650034047756,40.1391552197647],[-111.650082599631,40.1378447158142],[-111.649846383614,40.1378481844299],[-111.647309430009,40.1378839736833],[-111.646956734581,40.137911999061],[-111.653245867352,40.1342859337605],[-111.654739950931,40.1334247246378],[-111.654771842301,40.1335513385152],[-111.654801286143,40.1337095139209],[-111.653246538505,40.1345865217205],[-111.653247489953,40.1350126399046],[-111.652829445098,40.135004099005],[-111.652818697163,40.1350218503162],[-111.652808265197,40.1350397123311],[-111.652798151137,40.1350576817364],[-111.652788356858,40.1350757551991],[-111.652778884178,40.1350939293669],[-111.652769734854,40.1351122008686],[-111.652760910583,40.1351305663152],[-111.652752413002,40.1351490223],[-111.652744243687,40.1351675653997],[-111.652736404155,40.1351861921748],[-111.65272889586,40.1352048991704],[-111.652721720194,40.1352236829163],[-111.65271487849,40.1352425399286],[-111.652708372015,40.1352614667095],[-111.652702201978,40.1352804597482],[-111.652696369523,40.1352995155218],[-111.652690875732,40.1353186304957],[-111.652685721625,40.1353378011241],[-111.652680908158,40.1353570238513],[-111.652676436224,40.1353762951116],[-111.652672306652,40.1353956113304],[-111.65266852021,40.1354149689248],[-111.652665077599,40.1354343643041],[-111.652661979459,40.1354537938706],[-111.652659226365,40.1354732540205],[-111.652656818827,40.1354927411441],[-111.652654757293,40.1355122516265],[-111.652653042144,40.135531781849],[-111.6526516737,40.1355513281887],[-111.652650652215,40.1355708870202],[-111.652649977878,40.1355904547152],[-111.652649650815,40.1356100276444],[-111.652649671086,40.135629602177],[-111.652651137696,40.1357775260294],[-111.652508111522,40.1357787270666],[-111.652527329166,40.1377176822161],[-111.652239479881,40.13772005294],[-111.652252618293,40.1390461253753],[-111.650043611558,40.1391598293008],[-111.650034047756,40.1391552197647]]]},"properties":{"zone_code":"P-F","zone_description":"P-F","zone_class_normalized":"Other/Unknown","jurisdiction":"spanish_fork_ut","source_rest_url":"https://services.arcgis.com/FvF9MZKp3JWPrSkg/arcgis/rest/services/SF_Zoning/FeatureServer/0","extraction_method":"arcgis_rest","confidence":"rest_api"}},{"type":"Feature","geometry":{"type":"Polygon","coordinates":[[[-111.63345572545,40.1151050681647],[-111.633461059736,40.1150899630542],[-111.633466838282,40.1150734847021],[-111.633472172334,40.1150583795912],[-111.633477059682,40.1150432748161],[-111.633482390832,40.1150267969757],[-111.633487725106,40.1150116916878],[-111.633492612447,40.1149965870876],[-111.633497943819,40.1149801092459],[-111.633502831156,40.1149650046452],[-111.633507715592,40.1149485271394],[-111.633512602925,40.114933422538],[-111.633517487357,40.1149169452075],[-111.633521927298,40.1149018411184],[-111.633526811954,40.1148853636113],[-111.63353125212,40.1148702595214],[-111.633536139441,40.1148551547431],[-111.633540576933,40.1148386780991],[-111.633545017321,40.1148235738326],[-111.633549454809,40.1148070970125],[-111.633553894964,40.1147919927458],[-111.633558332677,40.1147755161007],[-111.63356232567,40.1147604123461],[-111.63356676315,40.1147439355251],[-111.63357383971,40.1147054933665],[-111.633613750872,40.1145434755475],[-111.633618632582,40.1145256254817],[-111.633621731923,40.1145105229248],[-111.633624828591,40.1144940476383],[-111.633628372184,40.1144775718392],[-111.633631468849,40.1144610965524],[-111.633634565513,40.1144446212654],[-111.633638109102,40.1144281454657],[-111.633640756165,40.1144102981375],[-111.633642522501,40.1143993147789],[-111.633646057842,40.1143787211423],[-111.633649149156,40.1143595005715],[-111.633652684723,40.1143389067585],[-111.633656220516,40.1143183131207],[-111.633658431101,40.1143059566951],[-111.633660639243,40.1142922277155],[-111.633662844713,40.114277126182],[-111.633664605699,40.1142633977153],[-111.633666808495,40.1142469234522],[-111.633668574822,40.1142359402685],[-111.63367078296,40.1142222112884],[-111.633673871588,40.1142016179868],[-111.63367607438,40.114185143899],[-111.633677393779,40.1141741610521],[-111.633679591226,40.1141549416808],[-111.633682232923,40.1141343488915],[-111.63368487439,40.1141137562779],[-111.633686630252,40.114097282351],[-111.633688391,40.1140835540592],[-111.633691458239,40.1140519796233],[-111.633693653005,40.1140313875217],[-111.633695847769,40.1140107952443],[-111.63369759538,40.1139902036556],[-111.63369978747,40.1139682386484],[-111.633701098845,40.113953138139],[-111.633702838664,40.1139284285367],[-111.633704139348,40.1139078372848],[-111.633705440259,40.113887246208],[-111.633707187864,40.1138666546186],[-111.633708488774,40.1138460633659],[-111.633709342532,40.113825472802],[-111.633710643211,40.113804881725],[-111.633711497196,40.1137842908093],[-111.633712797874,40.1137636997321],[-111.633713220743,40.1137513453556],[-111.633714058462,40.1137225189406],[-111.633714912446,40.1137019283758],[-111.633715319278,40.1136813381483],[-111.633716173031,40.1136607475836],[-111.633716587881,40.1136442751935],[-111.633716539773,40.1136195676411],[-111.633716499683,40.1135989781019],[-111.633716459593,40.1135783885627],[-111.633716419503,40.1135577988476],[-111.633716826334,40.1135372087951],[-111.633716786243,40.1135166190798],[-111.633717187957,40.1134932835674],[-111.634751430553,40.1134934646102],[-111.635124859644,40.1134818013424],[-111.635680506615,40.1134799144725],[-111.63568028029,40.1135376838841],[-111.63566299589,40.1136118266635],[-111.635656573604,40.1137545892106],[-111.635960819823,40.1137532362587],[-111.635917269979,40.114161982813],[-111.636495083929,40.1141613293845],[-111.636493445035,40.1149372358752],[-111.636489929404,40.1150265699805],[-111.63726264718,40.1149606354641],[-111.637271301724,40.1152653521523],[-111.637249560038,40.1157924731683],[-111.638107292314,40.1157955775495],[-111.638104666202,40.1162677702375],[-111.637355996353,40.1162686553179],[-111.637340853889,40.1174134581053],[-111.637451550619,40.1175602003342],[-111.637318503164,40.1176358527194],[-111.637176965228,40.1177128874928],[-111.637109743289,40.1176251172623],[-111.637043412676,40.1175359735626],[-111.636977079726,40.1174454570948],[-111.63691253747,40.1173563112143],[-111.636849780655,40.1172657904675],[-111.636786126924,40.1171738980065],[-111.636725158447,40.117083375089],[-111.636664186941,40.1169914795853],[-111.636605003826,40.1168995819508],[-111.636546714754,40.1168076830607],[-111.636489316993,40.1167144105392],[-111.636433707379,40.1166211357177],[-111.636378097688,40.116527861219],[-111.636324276135,40.1164345844237],[-111.636272239989,40.1163399327812],[-111.636220203758,40.1162452812891],[-111.636170852248,40.1161519991899],[-111.636122392254,40.1160573434699],[-111.636074828758,40.1159640592366],[-111.636029050645,40.1158694001653],[-111.635985066064,40.1157774844444],[-111.635941078884,40.1156841958002],[-111.635882715682,40.1155538627751],[-111.635834229357,40.1154454805095],[-111.635783946855,40.115332982118],[-111.635725175299,40.1152218664997],[-111.635659228174,40.1150984055314],[-111.635147960499,40.1151264524264],[-111.635139218375,40.1152266656927],[-111.635126106835,40.1153776717743],[-111.635118239609,40.1154682752444],[-111.635111680986,40.1155424058151],[-111.635104252783,40.1156288909264],[-111.635097260696,40.1157098851287],[-111.635092454664,40.1157661690239],[-111.635082401271,40.1158814827868],[-111.635073654013,40.1159789505705],[-111.635071034261,40.1160105245089],[-111.63505640568,40.116072310362],[-111.635041780229,40.1161354691162],[-111.635021327677,40.1161903985813],[-111.634993758698,40.1162631805718],[-111.634962589641,40.1163236130173],[-111.634927858499,40.1163909128863],[-111.63489131211,40.1164444882309],[-111.634845850663,40.1165104277649],[-111.634797238762,40.1165653897744],[-111.634745059565,40.1166244737322],[-111.634704920766,40.1166698174825],[-111.634263397743,40.1171699694567],[-111.633924892065,40.1175533267053],[-111.633725979528,40.1177786687114],[-111.633676474607,40.1178350038136],[-111.633617157404,40.1179023312945],[-111.631437980405,40.1178210789924],[-111.632187956466,40.1170968474603],[-111.632507350841,40.1167656774217],[-111.633239658864,40.1157010430875],[-111.633386399792,40.1153110442224],[-111.633417061281,40.1152190420343],[-111.63341975028,40.1152110747061],[-111.633449502635,40.1151229197571],[-111.63345572545,40.1151050681647]]]},"properties":{"zone_code":"R-3","zone_description":"R-3","zone_class_normalized":"Residential-High","jurisdiction":"spanish_fork_ut","source_rest_url":"https://services.arcgis.com/FvF9MZKp3JWPrSkg/arcgis/rest/services/SF_Zoning/FeatureServer/0","extraction_method":"arcgis_rest","confidence":"rest_api"}},{"type":"Feature","geometry":{"type":"Polygon","coordinates":[[[-111.638836583614,40.117487180775],[-111.638837738745,40.1173952120117],[-111.63884124506,40.1171398962823],[-111.638852889099,40.1162668808896],[-111.638919487283,40.1162668014963],[-111.63891681608,40.1149463208807],[-111.640630013601,40.1149470107365],[-111.640634100869,40.1151968271042],[-111.640630384648,40.1153464499224],[-111.640607676348,40.1162620309611],[-111.640605719301,40.1174891769458],[-111.639341673716,40.1174906956185],[-111.638836583614,40.117487180775]]]},"properties":{"zone_code":"R-3","zone_description":"R-3","zone_class_normalized":"Residential-High","jurisdiction":"spanish_fork_ut","source_rest_url":"https://services.arcgis.com/FvF9MZKp3JWPrSkg/arcgis/rest/services/SF_Zoning/FeatureServer/0","extraction_method":"arcgis_rest","confidence":"rest_api"}},{"type":"Feature","geometry":{"type":"Polygon","coordinates":[[[-111.582845563007,40.0762511447913],[-111.578844941884,40.0724379346816],[-111.578862894582,40.0717337489498],[-111.578005973139,40.0717343262345],[-111.578008326003,40.0717243084601],[-111.577820981464,40.0715522451168],[-111.577632025938,40.0713676269032],[-111.577450598922,40.07117860441],[-111.577276874181,40.0709853587419],[-111.577111018096,40.070788075049],[-111.576953189506,40.0705869423484],[-111.576803539555,40.0703821533433],[-111.576662211545,40.0701739042384],[-111.576529340804,40.069962394552],[-111.576405054551,40.0697478269237],[-111.576289471779,40.0695304069218],[-111.576228575631,40.0694074562557],[-111.576003468392,40.0689150385062],[-111.576776227071,40.0687516213842],[-111.578459079177,40.0690872440533],[-111.578961516447,40.0702869705055],[-111.579970551326,40.0701419815396],[-111.580851228893,40.0699980009833],[-111.581730964477,40.0697181112937],[-111.581782461596,40.0696663442797],[-111.582545681985,40.069423516631],[-111.582974608151,40.0695330245961],[-111.583779250223,40.0700677824966],[-111.584345590553,40.0708571229504],[-111.584566738804,40.0711653440253],[-111.584630379973,40.0711996394598],[-111.58451015104,40.071214670825],[-111.584225023693,40.072135239034],[-111.584226121588,40.0721350864349],[-111.584253707132,40.0721332121856],[-111.584281297165,40.0721350463615],[-111.584308053381,40.0721405332325],[-111.584333162812,40.0721495060837],[-111.584355862521,40.0721616922806],[-111.584375462792,40.0721767215536],[-111.58439136808,40.0721941372474],[-111.58440309511,40.0722134101965],[-111.584410287559,40.0722339548033],[-111.584411076251,40.072237712346],[-111.584534166647,40.0728881935587],[-111.584831794293,40.0734432881762],[-111.584836302695,40.073450321109],[-111.584837687372,40.0734509808856],[-111.585647884677,40.0734845852415],[-111.586386937818,40.0733110841716],[-111.587008809208,40.0730223631099],[-111.587319255876,40.0730221306972],[-111.58777021002,40.0735653639844],[-111.588322059301,40.0741054330586],[-111.584464193516,40.0776349476532],[-111.583066734423,40.0762711811447],[-111.582845563007,40.0762511447913]]]},"properties":{"zone_code":"I-3","zone_description":"I-3","zone_class_normalized":"Industrial/Flex","jurisdiction":"spanish_fork_ut","source_rest_url":"https://services.arcgis.com/FvF9MZKp3JWPrSkg/arcgis/rest/services/SF_Zoning/FeatureServer/0","extraction_method":"arcgis_rest","confidence":"rest_api"}},{"type":"Feature","geometry":{"type":"Polygon","coordinates":[[[-111.674558399409,40.0836925247422],[-111.678253957953,40.0854096050325],[-111.68340516448,40.085401611283],[-111.683424937943,40.0928070520065],[-111.6880977214,40.0927995960111],[-111.688102555108,40.0945675634737],[-111.691189671727,40.0945625370146],[-111.691192750913,40.095667516925],[-111.693955070412,40.0956629535913],[-111.683155855671,40.1041647924091],[-111.682296490776,40.1048414804404],[-111.680374850512,40.1063763481247],[-111.680463655645,40.1047949205687],[-111.680570321813,40.1027028403928],[-111.679831694352,40.102384150598],[-111.679817359907,40.1023731929677],[-111.679796349505,40.1023677376373],[-111.679778892011,40.1023595311554],[-111.679761443289,40.1023513179625],[-111.679749793263,40.1023389847509],[-111.679727440652,40.1023335294177],[-111.679710430561,40.1023239473555],[-111.679693876646,40.1023157341583],[-111.679683112653,40.1023020253635],[-111.679661198673,40.1022965700274],[-111.679645083388,40.102285612383],[-111.679629424279,40.1022760236039],[-111.679618212883,40.1022636903787],[-111.679598088515,40.1022554838842],[-111.679582859264,40.1022445262332],[-111.679567647558,40.1022349441584],[-111.679552865709,40.102223986504],[-111.679538540037,40.1022130221378],[-111.679523758189,40.1022006956113],[-111.679509879919,40.1021897312412],[-111.679495545474,40.1021787735796],[-111.679482114608,40.1021664403367],[-111.679468674969,40.1021541070916],[-111.679458805783,40.1021417671342],[-111.679442243095,40.1021308161749],[-111.679403283933,40.1020993053167],[-111.679384493002,40.1020897232215],[-111.679369202342,40.1020540587586],[-111.679338331527,40.1020390078799],[-111.67932664641,40.1020129456283],[-111.679078214862,40.1016825164783],[-111.67906567003,40.1016701831455],[-111.679052677794,40.1016564742207],[-111.679040132961,40.1016441408832],[-111.679028026759,40.1016304319532],[-111.679015481927,40.1016180986109],[-111.679003384497,40.1016043896757],[-111.678991725698,40.1015906807376],[-111.678979628269,40.1015783473882],[-111.678967978242,40.1015646384449],[-111.678956766847,40.1015509294988],[-111.67894511682,40.10153722055],[-111.678933905424,40.1015235115984],[-111.678922694029,40.1015098026441],[-111.678911938808,40.101496093687],[-111.678901174816,40.1014823847271],[-111.678890419596,40.1014686757645],[-111.678880103006,40.1014549600889],[-111.678869786416,40.1014398822369],[-111.678859469827,40.1014261665555],[-111.67884960064,40.1014124575815],[-111.678839731454,40.1013973730098],[-111.67882987104,40.1013836640301],[-111.678820449257,40.1013699483373],[-111.678811027473,40.1013548637562],[-111.678801596917,40.1013397791718],[-111.67879263131,40.1013260701804],[-111.678783648157,40.1013109855896],[-111.678774673777,40.1012972698822],[-111.6787661468,40.1012821852849],[-111.678598177632,40.1010656793428],[-111.678599765475,40.100773930373],[-111.678488721775,40.1006324238211],[-111.678076812636,40.1005497260964],[-111.677261661696,40.1009093839695],[-111.677262328415,40.1010757581409],[-111.677248581734,40.101073973214],[-111.676858709392,40.1010232906666],[-111.676370469772,40.1009199459299],[-111.67618124457,40.1008696524635],[-111.675954709456,40.1007960004835],[-111.675579513691,40.1008698671922],[-111.675230021673,40.1009981607519],[-111.674883214074,40.101166802768],[-111.674873985289,40.1011712919199],[-111.674832104847,40.1011873159754],[-111.674830692457,40.1006347724243],[-111.673917393555,40.1010246058768],[-111.673877074638,40.098452442233],[-111.673855888785,40.0983638366025],[-111.674814647353,40.0983671784407],[-111.674648257256,40.0983056630916],[-111.674558759086,40.0982536363762],[-111.674469120555,40.0981494486153],[-111.674074774182,40.0974095874503],[-111.674156368229,40.0974094532381],[-111.674205626435,40.0974094062638],[-111.674199415427,40.0973972063687],[-111.674279632175,40.0973846575194],[-111.67435984015,40.0973721086678],[-111.674424213564,40.0973642975098],[-111.674489236151,40.0973608818056],[-111.674554399099,40.0973618816876],[-111.674639563599,40.0973660556915],[-111.674688970939,40.0973709410205],[-111.674737123797,40.0973807519412],[-111.674783188773,40.0973953206861],[-111.67488723193,40.0974343965811],[-111.675021233551,40.0974874103818],[-111.675009311573,40.0966544044544],[-111.6750066447,40.0964678269618],[-111.67500647802,40.096456472447],[-111.674846097161,40.0963553822856],[-111.674806883593,40.0963630526343],[-111.674702989571,40.0963042063407],[-111.674702401806,40.0963038708046],[-111.674529721747,40.096206068675],[-111.674204757947,40.0959149833658],[-111.673867521266,40.0956129045385],[-111.673867521266,40.0956117637042],[-111.673873723501,40.0952982684254],[-111.673873267326,40.0952978590653],[-111.673872863786,40.095297496681],[-111.673596666926,40.0950552221888],[-111.673490579751,40.0949895364071],[-111.6732464731,40.0947753995128],[-111.673049615727,40.0945960042323],[-111.672793078287,40.0946726090009],[-111.672715975816,40.0946956273245],[-111.672509301892,40.0942524728956],[-111.67229974178,40.0936988596726],[-111.67228922342,40.0936673516204],[-111.672278696288,40.0936358435537],[-111.672253615395,40.0935705791944],[-111.672225964128,40.0935053214834],[-111.672195382809,40.0934423186073],[-111.672161871438,40.0933770674844],[-111.672126166915,40.0933140712006],[-111.672087532339,40.0932533297621],[-111.672046336162,40.0931925949804],[-111.67200220116,40.0931318668555],[-111.671959153962,40.0930643739472],[-111.671799966177,40.0928750887658],[-111.671791983102,40.0928655859043],[-111.670650675288,40.0915084146718],[-111.670546482996,40.0915086898308],[-111.669671257222,40.0915063543351],[-111.669543685925,40.0913710430896],[-111.669448985598,40.0912467983785],[-111.669150997575,40.0912443622054],[-111.669145286605,40.0912451742631],[-111.6691313557,40.089844823407],[-111.669175192434,40.0897543206747],[-111.669130504757,40.0897011733337],[-111.668792092546,40.0892987112471],[-111.668947069478,40.0892984897705],[-111.667405239373,40.0874874379751],[-111.674558399409,40.0836925247422]],[[-111.685860284715,40.0970041914161],[-111.685863355128,40.0981384634608],[-111.685864083255,40.0983421213608],[-111.687102986357,40.0983341828142],[-111.687099959807,40.0982216137218],[-111.687096757804,40.0970456363947],[-111.686555961476,40.0970332216936],[-111.686206820363,40.097019867499],[-111.685933702689,40.097009734415],[-111.685860284715,40.0970041914161]]]},"properties":{"zone_code":"R-R","zone_description":"R-R","zone_class_normalized":"Residential-Low","jurisdiction":"spanish_fork_ut","source_rest_url":"https://services.arcgis.com/FvF9MZKp3JWPrSkg/arcgis/rest/services/SF_Zoning/FeatureServer/0","extraction_method":"arcgis_rest","confidence":"rest_api"}},{"type":"Feature","geometry":{"type":"Polygon","coordinates":[[[-111.653791680448,40.1159653536838],[-111.654086677362,40.1159649638923],[-111.654091364609,40.1166595157658],[-111.653791438825,40.1166557941388],[-111.653790830163,40.1163840113646],[-111.653792212258,40.1162028204778],[-111.653791680448,40.1159653536838]]]},"properties":{"zone_code":"R-O","zone_description":"R-O","zone_class_normalized":"Residential-Low","jurisdiction":"spanish_fork_ut","source_rest_url":"https://services.arcgis.com/FvF9MZKp3JWPrSkg/arcgis/rest/services/SF_Zoning/FeatureServer/0","extraction_method":"arcgis_rest","confidence":"rest_api"}},{"type":"Feature","geometry":{"type":"Polygon","coordinates":[[[-111.667402915765,40.1155032263697],[-111.667886545307,40.1155093936547],[-111.667173556538,40.1160265334474],[-111.665628324608,40.1159985423273],[-111.665626245485,40.1155071383989],[-111.667402915765,40.1155032263697]]]},"properties":{"zone_code":"R-R","zone_description":"R-R","zone_class_normalized":"Residential-Low","jurisdiction":"spanish_fork_ut","source_rest_url":"https://services.arcgis.com/FvF9MZKp3JWPrSkg/arcgis/rest/services/SF_Zoning/FeatureServer/0","extraction_method":"arcgis_rest","confidence":"rest_api"}},{"type":"Feature","geometry":{"type":"Polygon","coordinates":[[[-111.674554397651,40.0973618806912],[-111.674489236354,40.097360879928],[-111.674424214147,40.0973642976336],[-111.674359838038,40.0973721071585],[-111.67427963594,40.0973846565176],[-111.674199417032,40.0973972084481],[-111.674205629272,40.097409406638],[-111.674156365391,40.0974094532914],[-111.674074769883,40.0974095885931],[-111.67385638512,40.0969998620925],[-111.673792679302,40.0970256122355],[-111.673640226715,40.0970301213279],[-111.672310258997,40.0973362620028],[-111.672235644949,40.0973895768375],[-111.671850683088,40.0973865301914],[-111.671186397209,40.095438264847],[-111.671172572783,40.0953977175851],[-111.671171604832,40.0953948940978],[-111.671167895041,40.0953839979376],[-111.671162281754,40.0953675343605],[-111.67116181398,40.0953661623957],[-111.671160410659,40.0953620465012],[-111.671146990332,40.0953226851141],[-111.671071333021,40.0953225753426],[-111.670988952158,40.0953224557544],[-111.670990465926,40.0951873625962],[-111.670989963098,40.0949858775521],[-111.671059249103,40.0948301037358],[-111.669045181514,40.0942242821393],[-111.667759537038,40.0937080378136],[-111.667560016551,40.093646732581],[-111.667342917094,40.0936352941526],[-111.667151527304,40.0936265941201],[-111.66713864849,40.092878198519],[-111.667813155774,40.0928495483397],[-111.667977212373,40.0928485656226],[-111.66746822275,40.0921725373107],[-111.667364455367,40.0920706527732],[-111.667317896117,40.0920355737721],[-111.666734870957,40.0915963021461],[-111.666457902727,40.0913876215383],[-111.665953394899,40.0910117682559],[-111.664603793601,40.0911919358096],[-111.664516344318,40.0910150484324],[-111.664516016367,40.0908771085326],[-111.664515460728,40.0906434017463],[-111.664324325684,40.0902630658258],[-111.66416196884,40.0900194420281],[-111.6644198896,40.0897455540319],[-111.664539343838,40.0895181703083],[-111.664619608634,40.0893181562994],[-111.664568745492,40.08930475639],[-111.664074808535,40.0893054533444],[-111.663878027055,40.0892247438084],[-111.663706511584,40.0891550825292],[-111.663713390264,40.089149467621],[-111.665615093794,40.0881541183023],[-111.665617158508,40.089010795059],[-111.665759706424,40.0892962541146],[-111.665756053168,40.0893030725057],[-111.668706248368,40.0892988360192],[-111.668792091259,40.0892987116297],[-111.669130503001,40.0897011708378],[-111.669175196311,40.0897543223135],[-111.669131353159,40.0898448233033],[-111.669160941963,40.0928181820564],[-111.669167623653,40.0928414279758],[-111.669169019818,40.0928934960348],[-111.670875164795,40.0928815778825],[-111.67168099484,40.0928759124504],[-111.671799970079,40.0928750864914],[-111.67195915612,40.0930643766407],[-111.67200220283,40.0931318646995],[-111.67204633362,40.0931925959556],[-111.672087532014,40.0932533315385],[-111.672126164935,40.0933140709076],[-111.67216187105,40.0933770667093],[-111.672195385708,40.0934423167106],[-111.672225962341,40.0935053200948],[-111.672253612146,40.0935705787732],[-111.67227869645,40.0936358423947],[-111.672289220658,40.0936673505695],[-111.672299744876,40.0936988587482],[-111.672509298995,40.094252472302],[-111.672715977682,40.0946956294343],[-111.672793075007,40.0946726076991],[-111.673049611869,40.0945960042686],[-111.673246469044,40.0947753975153],[-111.67349058105,40.0949895386568],[-111.673596669631,40.0950552189713],[-111.67387286083,40.0952974977234],[-111.673873270534,40.0952978571201],[-111.673873726119,40.0952982673819],[-111.673867523893,40.0956117660774],[-111.673867525642,40.0956129072491],[-111.674204758929,40.0959149837365],[-111.674529724296,40.0962060676358],[-111.674702398363,40.0963038695226],[-111.674702987417,40.0963042031594],[-111.674806885867,40.0963630505578],[-111.674846100623,40.096355383361],[-111.675006474654,40.0964564719023],[-111.675006647511,40.096467824237],[-111.675009314741,40.0966544060337],[-111.67502122976,40.0974874071496],[-111.674887231686,40.0974343970386],[-111.67478318624,40.0973953192431],[-111.674737122152,40.0973807526027],[-111.674688971357,40.0973709425234],[-111.674639562658,40.097366057862],[-111.674554397651,40.0973618806912]]]},"properties":{"zone_code":"R-1-15","zone_description":"R-1-15","zone_class_normalized":"Residential-Low","jurisdiction":"spanish_fork_ut","source_rest_url":"https://services.arcgis.com/FvF9MZKp3JWPrSkg/arcgis/rest/services/SF_Zoning/FeatureServer/0","extraction_method":"arcgis_rest","confidence":"rest_api"}},{"type":"Feature","geometry":{"type":"Polygon","coordinates":[[[-111.653790985719,40.115655136925],[-111.653432521388,40.1156556095733],[-111.653078526681,40.1156560752457],[-111.652842527153,40.1156550124558],[-111.652425063697,40.1156555593921],[-111.652425599919,40.115897144133],[-111.652130603287,40.1158975297184],[-111.652130037695,40.1156422185699],[-111.651422495361,40.1156431403428],[-111.65118604894,40.1156420747782],[-111.650861553842,40.1156424954285],[-111.650478059632,40.1156429913953],[-111.650448560077,40.1156430294943],[-111.650448262365,40.1155071380653],[-111.650447964654,40.1153712466316],[-111.650364373896,40.1153672366156],[-111.650363517333,40.1149760339757],[-111.651282111005,40.1150173967443],[-111.651314148942,40.1137353046817],[-111.651322065927,40.1124601067476],[-111.650600695137,40.1124582962428],[-111.650599792113,40.1120465036822],[-111.650101454517,40.1120471468429],[-111.650100443489,40.1115845664768],[-111.65059877773,40.1115839233202],[-111.650597865699,40.1111680127401],[-111.651329952372,40.1111711819718],[-111.651338617432,40.1098300951845],[-111.652178854883,40.109837236451],[-111.652180457783,40.1105606190764],[-111.653012194242,40.1105595295689],[-111.653008654178,40.111177225059],[-111.653000796181,40.1124647773045],[-111.652992913426,40.1137413479922],[-111.652968058171,40.1150234311245],[-111.653388652624,40.1150256234047],[-111.653798517015,40.1150264556873],[-111.653805200572,40.1154162779849],[-111.653790985719,40.115655136925]]]},"properties":{"zone_code":"R-3","zone_description":"R-3","zone_class_normalized":"Residential-High","jurisdiction":"spanish_fork_ut","source_rest_url":"https://services.arcgis.com/FvF9MZKp3JWPrSkg/arcgis/rest/services/SF_Zoning/FeatureServer/0","extraction_method":"arcgis_rest","confidence":"rest_api"}},{"type":"Feature","geometry":{"type":"Polygon","coordinates":[[[-111.663101308141,40.0914014904435],[-111.664455117457,40.0908354260339],[-111.664160647921,40.090263444855],[-111.663569188525,40.0895559876695],[-111.663484605803,40.0894707618463],[-111.663460356558,40.0894463281556],[-111.663878027064,40.0892247438008],[-111.664074808544,40.0893054533385],[-111.664568745491,40.0893047563841],[-111.664619608635,40.0893181562942],[-111.664539343839,40.0895181703097],[-111.664419889609,40.089745554028],[-111.664161968848,40.0900194420208],[-111.664324325689,40.0902630658223],[-111.664515460725,40.0906434017434],[-111.664516016365,40.0908771085287],[-111.664516344321,40.0910150484295],[-111.664603793609,40.0911919358022],[-111.665953394902,40.091011768255],[-111.666457902725,40.0913876215334],[-111.66673487096,40.0915963021431],[-111.667317896126,40.0920355737718],[-111.667364455366,40.0920706527668],[-111.667468222757,40.0921725373122],[-111.667977212376,40.0928485656178],[-111.667813155781,40.0928495483384],[-111.667138648492,40.0928781985184],[-111.667131853771,40.0928503089214],[-111.665863339875,40.092858472632],[-111.665830458851,40.0928586789982],[-111.664978784437,40.0930893465549],[-111.664868223926,40.0931617783124],[-111.664829665578,40.0931231093751],[-111.664523745254,40.0928124296629],[-111.664487749283,40.0927758949369],[-111.664467471752,40.0927556026886],[-111.664362107323,40.0926501614359],[-111.664229152663,40.0925171091515],[-111.664123148256,40.0924110264856],[-111.663932445188,40.0922201815329],[-111.663815919252,40.0921035682517],[-111.663670389543,40.091957928751],[-111.663535769428,40.0918232062144],[-111.663375995607,40.0916633101288],[-111.663263448613,40.0915506761818],[-111.663173592341,40.0914640701902],[-111.663101308141,40.0914014904435]]]},"properties":{"zone_code":"R-R","zone_description":"R-R","zone_class_normalized":"Residential-Low","jurisdiction":"spanish_fork_ut","source_rest_url":"https://services.arcgis.com/FvF9MZKp3JWPrSkg/arcgis/rest/services/SF_Zoning/FeatureServer/0","extraction_method":"arcgis_rest","confidence":"rest_api"}},{"type":"Feature","geometry":{"type":"Polygon","coordinates":[[[-111.611863948661,40.0948559701279],[-111.611850481156,40.0947563534479],[-111.611836416728,40.094008930517],[-111.613633046264,40.0940477349419],[-111.613632420796,40.0942096859114],[-111.613631352878,40.0943744050978],[-111.613631010299,40.0944375473856],[-111.613626539025,40.095246043283],[-111.613619729849,40.0953425478521],[-111.611863948661,40.0948559701279]]]},"properties":{"zone_code":"R-R","zone_description":"R-R","zone_class_normalized":"Residential-Low","jurisdiction":"spanish_fork_ut","source_rest_url":"https://services.arcgis.com/FvF9MZKp3JWPrSkg/arcgis/rest/services/SF_Zoning/FeatureServer/0","extraction_method":"arcgis_rest","confidence":"rest_api"}},{"type":"Feature","geometry":{"type":"Polygon","coordinates":[[[-111.653805200572,40.1154162779849],[-111.653798517015,40.1150264556873],[-111.654099323441,40.1150274308337],[-111.654100195127,40.1154158881592],[-111.653805200572,40.1154162779849]]]},"properties":{"zone_code":"R-O","zone_description":"R-O","zone_class_normalized":"Residential-Low","jurisdiction":"spanish_fork_ut","source_rest_url":"https://services.arcgis.com/FvF9MZKp3JWPrSkg/arcgis/rest/services/SF_Zoning/FeatureServer/0","extraction_method":"arcgis_rest","confidence":"rest_api"}},{"type":"Feature","geometry":{"type":"Polygon","coordinates":[[[-111.653474365085,40.111179357747],[-111.654794619892,40.111183101511],[-111.656001357122,40.1111883548569],[-111.655995060581,40.1115644678718],[-111.656025005886,40.1115644276165],[-111.656025310734,40.111698947277],[-111.65572988541,40.11169934312],[-111.655729988488,40.1117446402912],[-111.655730206707,40.1118407243374],[-111.655730517038,40.1119779891817],[-111.655725465111,40.1121152604581],[-111.655726081387,40.1123870430477],[-111.655738455153,40.1131131571641],[-111.655713876493,40.1131145610357],[-111.655709730338,40.1132573230527],[-111.6557106394,40.1136581339147],[-111.6557092621,40.1138393255862],[-111.655709878376,40.1141111079952],[-111.65570424965,40.1143883889701],[-111.655704617003,40.1145503609914],[-111.655699502571,40.1146601792482],[-111.655700349128,40.1150335375199],[-111.654758597361,40.1150306745077],[-111.654772399966,40.1142124216835],[-111.654516460161,40.114207693547],[-111.65404561553,40.1142048539814],[-111.65380969811,40.1142051659479],[-111.653804879754,40.1141040300363],[-111.653811200419,40.1141040216501],[-111.653807267,40.1137443932801],[-111.653805821713,40.1130992526278],[-111.653467482972,40.1130996987807],[-111.653467360156,40.1130447934463],[-111.653466875469,40.1128279156843],[-111.653466066196,40.1124655382103],[-111.653321704122,40.1124657277432],[-111.653320886077,40.1120992322675],[-111.653472397827,40.1120990326698],[-111.653471784841,40.1118245048702],[-111.653538825128,40.1118244159734],[-111.653538217625,40.1115526328127],[-111.65347519958,40.1115527166779],[-111.653474365085,40.111179357747]],[[-111.654295173262,40.1124592333072],[-111.654295524166,40.1125513294499],[-111.654295830111,40.112687178916],[-111.654531742048,40.1126868652653],[-111.654786024927,40.112684679774],[-111.654786936182,40.1124599830523],[-111.654295173262,40.1124592333072]]]},"properties":{"zone_code":"C-D","zone_description":"C-D","zone_class_normalized":"Other/Unknown","jurisdiction":"spanish_fork_ut","source_rest_url":"https://services.arcgis.com/FvF9MZKp3JWPrSkg/arcgis/rest/services/SF_Zoning/FeatureServer/0","extraction_method":"arcgis_rest","confidence":"rest_api"}},{"type":"Feature","geometry":{"type":"Polygon","coordinates":[[[-111.607071539338,40.0935350673859],[-111.60767098651,40.0937019783874],[-111.608352233339,40.0938866544126],[-111.608338683344,40.0932277943664],[-111.608338653037,40.0932085772738],[-111.609445852964,40.0931993063229],[-111.609534322831,40.0931992231506],[-111.609537636334,40.0935959160353],[-111.609539291891,40.0937935762702],[-111.609541760017,40.0942204685673],[-111.609246215567,40.0941299048536],[-111.60922760648,40.0943871477106],[-111.609254301531,40.0957602268973],[-111.608847216602,40.09580589196],[-111.608788387795,40.0957852191274],[-111.607098088669,40.0951712405402],[-111.607087184597,40.0951665644521],[-111.607073690446,40.0937684164808],[-111.607071539338,40.0935350673859]]]},"properties":{"zone_code":"R-R","zone_description":"R-R","zone_class_normalized":"Residential-Low","jurisdiction":"spanish_fork_ut","source_rest_url":"https://services.arcgis.com/FvF9MZKp3JWPrSkg/arcgis/rest/services/SF_Zoning/FeatureServer/0","extraction_method":"arcgis_rest","confidence":"rest_api"}},{"type":"Feature","geometry":{"type":"Polygon","coordinates":[[[-111.621302275794,40.0861932385702],[-111.622808417158,40.0861728642195],[-111.622810631443,40.0874230826127],[-111.62260619407,40.0874259849502],[-111.622309524318,40.0874305447837],[-111.622012853885,40.0874347714707],[-111.621606847983,40.0874402335283],[-111.621303433766,40.0874445545644],[-111.621302275794,40.0861932385702]]]},"properties":{"zone_code":"R-R","zone_description":"R-R","zone_class_normalized":"Residential-Low","jurisdiction":"spanish_fork_ut","source_rest_url":"https://services.arcgis.com/FvF9MZKp3JWPrSkg/arcgis/rest/services/SF_Zoning/FeatureServer/0","extraction_method":"arcgis_rest","confidence":"rest_api"}},{"type":"Feature","geometry":{"type":"Polygon","coordinates":[[[-111.653807266547,40.1137443936231],[-111.653538573476,40.113736098657],[-111.653538290721,40.1138184722265],[-111.653539020483,40.1140924490848],[-111.653560848571,40.1141043517508],[-111.653545710645,40.1141043717035],[-111.653545858824,40.1141706452942],[-111.653539076109,40.1141697578445],[-111.653351414177,40.1141700050207],[-111.653351230325,40.1140876719133],[-111.653361844104,40.1140382585446],[-111.653361353803,40.1138187052847],[-111.653385211123,40.1137356715499],[-111.652992958941,40.1137339772158],[-111.653000796181,40.1124647773045],[-111.653008654178,40.111177225059],[-111.653012194242,40.1105595295689],[-111.653016392608,40.1098361393233],[-111.653593829091,40.1098394973468],[-111.653595066233,40.1103926722924],[-111.653477967831,40.1103914539808],[-111.653474365398,40.1111793577337],[-111.653475199757,40.1115527163868],[-111.653538217776,40.111552633347],[-111.653538825395,40.1118244164613],[-111.653471784684,40.1118245048007],[-111.653472398177,40.1120990331801],[-111.653320885564,40.1120992326857],[-111.653321703777,40.112465728043],[-111.653466066123,40.1124655379569],[-111.653466875913,40.1128279153538],[-111.653467360564,40.113044792719],[-111.653467483261,40.1130996983793],[-111.653805821664,40.1130992521786],[-111.653807266547,40.1137443936231]]]},"properties":{"zone_code":"R-O","zone_description":"R-O","zone_class_normalized":"Residential-Low","jurisdiction":"spanish_fork_ut","source_rest_url":"https://services.arcgis.com/FvF9MZKp3JWPrSkg/arcgis/rest/services/SF_Zoning/FeatureServer/0","extraction_method":"arcgis_rest","confidence":"rest_api"}},{"type":"Feature","geometry":{"type":"Polygon","coordinates":[[[-111.611902059851,40.0990475657094],[-111.611931442365,40.1007793610838],[-111.611932409788,40.1011271390953],[-111.612111862265,40.1011034461576],[-111.614830026516,40.1011007981532],[-111.615749033375,40.1011086573697],[-111.616652855054,40.1015928599646],[-111.616653886373,40.1022079403182],[-111.616654543409,40.1025838261598],[-111.614116888753,40.1025736736886],[-111.611999530803,40.1025651603986],[-111.611936860561,40.1025654631658],[-111.611963932558,40.1043726982672],[-111.611965839798,40.1045000155511],[-111.611907785757,40.1044673097035],[-111.609092025015,40.1044552570138],[-111.609079363211,40.1045181322006],[-111.607174654812,40.1045271487855],[-111.60717154479,40.1045023382538],[-111.607157690437,40.1026602806087],[-111.607134547433,40.100867513638],[-111.607135620928,40.1006828267089],[-111.605321443664,40.1006905524517],[-111.605213004168,40.1006910133504],[-111.605151340651,40.0971908129823],[-111.606969535025,40.0971822941396],[-111.60695835352,40.0966016734713],[-111.597368253547,40.0914813135307],[-111.595747284972,40.0906156893247],[-111.595726270247,40.0906047253827],[-111.595703466072,40.0905923901675],[-111.59568200245,40.0905800540221],[-111.595660092063,40.0905677180641],[-111.595639077139,40.0905567542822],[-111.595616272996,40.0905444190498],[-111.595594362861,40.090532083079],[-111.595581396028,40.0905252303732],[-111.595551435701,40.090507410568],[-111.595535337432,40.0904978151219],[-111.59552102816,40.0904895911219],[-111.595509402113,40.0904827373083],[-111.595487938331,40.0904704009513],[-111.595466475014,40.0904580649413],[-111.595445458247,40.09044572821],[-111.595424888257,40.0904333911087],[-111.595409237023,40.0904237954544],[-111.595386431289,40.0904100877893],[-111.595361389348,40.090395009035],[-111.595339924172,40.0903812999116],[-111.595320247761,40.0903689620602],[-111.595298782374,40.0903552532806],[-111.595278210534,40.0903415434148],[-111.595257638932,40.0903278338963],[-111.595233041916,40.0903113821858],[-111.596012076293,40.0898605125683],[-111.596735302663,40.0900809110191],[-111.596734548578,40.0898626600032],[-111.596733889204,40.0897116687811],[-111.596728547198,40.0894083169209],[-111.596727880111,40.0892518350774],[-111.596727348312,40.0891914389784],[-111.596726068263,40.0889169093247],[-111.596726047004,40.0889018102499],[-111.597287191088,40.088884870993],[-111.597574911538,40.0888763941856],[-111.597579395199,40.0888873718268],[-111.597575424813,40.0889230641256],[-111.597582379368,40.0897301780424],[-111.597587240872,40.090321787059],[-111.597587771487,40.0903808107499],[-111.598100042163,40.0905478439371],[-111.598099140651,40.0902293893699],[-111.599052929358,40.0898318854077],[-111.600006253811,40.0894302561135],[-111.601376034727,40.0905821000186],[-111.601488321421,40.090676715138],[-111.601658753724,40.0908124589715],[-111.601715144289,40.0908755519098],[-111.60173618038,40.0909002410983],[-111.601538307906,40.0909415933502],[-111.601520888662,40.0909457264048],[-111.601360535103,40.0909788097292],[-111.601319892328,40.0909898264879],[-111.601268975066,40.0910022247314],[-111.601226997777,40.0910173601352],[-111.60119127375,40.0910311178776],[-111.601142155658,40.0910517502391],[-111.601089915943,40.0910765033335],[-111.601052416873,40.0910984986621],[-111.601027864851,40.0911136186967],[-111.601014917549,40.0911204932757],[-111.601002419496,40.0911287400279],[-111.600959574746,40.0911617208273],[-111.600927885686,40.0911850834669],[-111.600882822883,40.0912290473759],[-111.600873901245,40.0912386635801],[-111.600850705583,40.0912647639695],[-111.600834648935,40.0912839951767],[-111.600821715684,40.0913004780223],[-111.600806556373,40.0913224537526],[-111.600794963666,40.0913389354346],[-111.600785156275,40.0913540431821],[-111.600773122593,40.0913746432872],[-111.600752623842,40.0914117227138],[-111.600736138471,40.0914433080573],[-111.600708508892,40.0914927472474],[-111.597602759938,40.0904940732915],[-111.597551017302,40.0905957114096],[-111.597482889213,40.0913131249836],[-111.601341748893,40.0933878299239],[-111.601582327967,40.0935166495684],[-111.60709980261,40.0964738870205],[-111.608823507647,40.0973903593998],[-111.611902059851,40.0990475657094]]]},"properties":{"zone_code":"R-R","zone_description":"R-R","zone_class_normalized":"Residential-Low","jurisdiction":"spanish_fork_ut","source_rest_url":"https://services.arcgis.com/FvF9MZKp3JWPrSkg/arcgis/rest/services/SF_Zoning/FeatureServer/0","extraction_method":"arcgis_rest","confidence":"rest_api"}},{"type":"Feature","geometry":{"type":"Polygon","coordinates":[[[-111.635656573613,40.1137545892324],[-111.635662995899,40.1136118266854],[-111.635680280299,40.1135376839059],[-111.635685034071,40.1123242598764],[-111.636615130153,40.1123286636232],[-111.636843100687,40.1123434952463],[-111.637064843754,40.1123734325862],[-111.637278959078,40.1123882794815],[-111.637455512022,40.1123935620555],[-111.637452977715,40.1129137975246],[-111.637408193419,40.1130922942283],[-111.637342613161,40.1131527681226],[-111.637340535872,40.1136784933517],[-111.636552104777,40.1136739295879],[-111.636493260007,40.1137508666613],[-111.635656573613,40.1137545892324]]]},"properties":{"zone_code":"R-1-8","zone_description":"R-1-8","zone_class_normalized":"Residential-Medium","jurisdiction":"spanish_fork_ut","source_rest_url":"https://services.arcgis.com/FvF9MZKp3JWPrSkg/arcgis/rest/services/SF_Zoning/FeatureServer/0","extraction_method":"arcgis_rest","confidence":"rest_api"}},{"type":"Feature","geometry":{"type":"Polygon","coordinates":[[[-111.607200672714,40.108154955621],[-111.607199815506,40.1080420105854],[-111.606664529958,40.1080428055628],[-111.606659943678,40.1056799385609],[-111.605730228655,40.1056739482094],[-111.605741939603,40.1044801960837],[-111.60438454631,40.1044851314431],[-111.603142903806,40.1027126740438],[-111.602375860365,40.1027133507315],[-111.602373160649,40.1009020008079],[-111.602411796163,40.1008349384596],[-111.603164344483,40.1008342743557],[-111.603164655362,40.1007911593604],[-111.605272911537,40.1007930248478],[-111.60527266834,40.1007540263464],[-111.605322558262,40.1007538112892],[-111.605321443664,40.1006905524517],[-111.607135620928,40.1006828267089],[-111.607134547433,40.100867513638],[-111.607157690437,40.1026602806087],[-111.60717154479,40.1045023382538],[-111.607174654812,40.1045271487855],[-111.609079363211,40.1045181322006],[-111.609092025015,40.1044552570138],[-111.611907785757,40.1044673097035],[-111.611965839798,40.1045000155511],[-111.61197605764,40.1051820966953],[-111.612020333983,40.10813755881],[-111.607200672714,40.108154955621]]]},"properties":{"zone_code":"R-1-15","zone_description":"R-1-15","zone_class_normalized":"Residential-Low","jurisdiction":"spanish_fork_ut","source_rest_url":"https://services.arcgis.com/FvF9MZKp3JWPrSkg/arcgis/rest/services/SF_Zoning/FeatureServer/0","extraction_method":"arcgis_rest","confidence":"rest_api"}},{"type":"Feature","geometry":{"type":"Polygon","coordinates":[[[-111.633717187962,40.1134932835865],[-111.633713042281,40.1134301466785],[-111.633710748884,40.1133999511221],[-111.63370162808,40.1133066219085],[-111.633690719625,40.1132132945679],[-111.63367757661,40.1131199697881],[-111.633662645503,40.1130266470561],[-111.633645032935,40.1129333272206],[-111.63362563275,40.1128400096063],[-111.633604000482,40.1127480672796],[-111.633580580611,40.1126561269965],[-111.633554926002,40.1125641890928],[-111.633527036434,40.1124722539188],[-111.633496915272,40.112381693675],[-111.633491073154,40.1123652288017],[-111.633478489306,40.1123295542668],[-111.633968441613,40.1121532934314],[-111.63398100648,40.1121793591558],[-111.633996264229,40.1122109125385],[-111.634012418495,40.1122438374452],[-111.634046509138,40.1123069399098],[-111.634080599842,40.1123700423634],[-111.634116478493,40.1124331427477],[-111.634154145095,40.1124962410611],[-111.634172975625,40.1125264175708],[-111.634191808854,40.1125579666315],[-111.634211533476,40.1125881421046],[-111.634231260799,40.1126196901285],[-111.634251879057,40.1126498645646],[-111.634271603732,40.1126800400268],[-111.634293116085,40.1127102134248],[-111.634313734627,40.112740387849],[-111.634356759428,40.1128007346242],[-111.634377377796,40.1128309092124],[-111.634751430558,40.113493464621],[-111.633717187962,40.1134932835865]]]},"properties":{"zone_code":"C-O","zone_description":"C-O","zone_class_normalized":"Other/Unknown","jurisdiction":"spanish_fork_ut","source_rest_url":"https://services.arcgis.com/FvF9MZKp3JWPrSkg/arcgis/rest/services/SF_Zoning/FeatureServer/0","extraction_method":"arcgis_rest","confidence":"rest_api"}},{"type":"Feature","geometry":{"type":"Polygon","coordinates":[[[-111.647763967698,40.1061665384094],[-111.647766846239,40.1058378061349],[-111.648417181376,40.1058409806333],[-111.648417462534,40.1059635882738],[-111.648417901392,40.106166675545],[-111.647946122131,40.106167275699],[-111.647763967698,40.1061665384094]]]},"properties":{"zone_code":"R-O","zone_description":"R-O","zone_class_normalized":"Residential-Low","jurisdiction":"spanish_fork_ut","source_rest_url":"https://services.arcgis.com/FvF9MZKp3JWPrSkg/arcgis/rest/services/SF_Zoning/FeatureServer/0","extraction_method":"arcgis_rest","confidence":"rest_api"}},{"type":"Feature","geometry":{"type":"Polygon","coordinates":[[[-111.666708896034,40.1133409324439],[-111.665342109541,40.1133346444335],[-111.66514767413,40.1133294296455],[-111.665140159884,40.1131784492594],[-111.665130282134,40.1129739389396],[-111.665106371849,40.1117660442499],[-111.665102348979,40.1113940628671],[-111.665119277563,40.1098841273012],[-111.666021623278,40.1098842175248],[-111.669146579121,40.1099016843346],[-111.669240433402,40.1099015480197],[-111.669957772553,40.1099101120936],[-111.66995818658,40.1117027883918],[-111.669913492752,40.1117028535886],[-111.669917557953,40.1133459050684],[-111.666708896034,40.1133409324439]]]},"properties":{"zone_code":"R-1-6","zone_description":"R-1-6","zone_class_normalized":"Residential-Medium","jurisdiction":"spanish_fork_ut","source_rest_url":"https://services.arcgis.com/FvF9MZKp3JWPrSkg/arcgis/rest/services/SF_Zoning/FeatureServer/0","extraction_method":"arcgis_rest","confidence":"rest_api"}},{"type":"Feature","geometry":{"type":"Polygon","coordinates":[[[-111.655542972507,40.0999211935454],[-111.656423252322,40.0999398838866],[-111.656411464801,40.1003164313155],[-111.656221994817,40.1003166855956],[-111.656222904283,40.1009857541973],[-111.655501672063,40.1009742745173],[-111.655532676272,40.1001906893281],[-111.655542972507,40.0999211935454]]]},"properties":{"zone_code":"R-O","zone_description":"R-O","zone_class_normalized":"Residential-Low","jurisdiction":"spanish_fork_ut","source_rest_url":"https://services.arcgis.com/FvF9MZKp3JWPrSkg/arcgis/rest/services/SF_Zoning/FeatureServer/0","extraction_method":"arcgis_rest","confidence":"rest_api"}},{"type":"Feature","geometry":{"type":"Polygon","coordinates":[[[-111.656001357477,40.1111883549702],[-111.654794620413,40.1111831014745],[-111.653474365398,40.1111793577337],[-111.653477967831,40.1103914539808],[-111.653595066233,40.1103926722923],[-111.653593829091,40.1098394973468],[-111.65478802855,40.1098447799118],[-111.655752493071,40.1098434943893],[-111.655739864795,40.1103843340531],[-111.65573982252,40.1105627781577],[-111.655911462277,40.1105707844443],[-111.655917133947,40.1107066688539],[-111.655917429994,40.1108370698678],[-111.656564586983,40.1108362019002],[-111.656562712725,40.1111903471788],[-111.656001357477,40.1111883549702]]]},"properties":{"zone_code":"C-2","zone_description":"C-2","zone_class_normalized":"Other/Unknown","jurisdiction":"spanish_fork_ut","source_rest_url":"https://services.arcgis.com/FvF9MZKp3JWPrSkg/arcgis/rest/services/SF_Zoning/FeatureServer/0","extraction_method":"arcgis_rest","confidence":"rest_api"}},{"type":"Feature","geometry":{"type":"Polygon","coordinates":[[[-111.631482064998,40.1020932501893],[-111.630897531658,40.1020829273575],[-111.630895445401,40.1009881769814],[-111.632197901111,40.1009868944622],[-111.632274350944,40.1005190843813],[-111.63227663693,40.1004927638355],[-111.633080550336,40.1007146677465],[-111.633199480562,40.1007474753867],[-111.633228095971,40.1007556785555],[-111.633336743081,40.1007857525182],[-111.633375644447,40.1007980618235],[-111.633708316185,40.100902001761],[-111.633797298899,40.100930725216],[-111.634664312898,40.1012042559053],[-111.634696059447,40.1012138277421],[-111.634811424436,40.1012507558046],[-111.635190157877,40.101369737323],[-111.635559056051,40.1014859837563],[-111.635589015372,40.1014955574294],[-111.635643122003,40.1015133388717],[-111.635728975507,40.1015406918431],[-111.635768787785,40.1015612352481],[-111.635775749745,40.1020777589656],[-111.635742567544,40.1020869902658],[-111.631940553398,40.1020899864439],[-111.631718012327,40.1020916109623],[-111.63161925297,40.1020917226008],[-111.631482064998,40.1020932501893]]]},"properties":{"zone_code":"R-R","zone_description":"R-R","zone_class_normalized":"Residential-Low","jurisdiction":"spanish_fork_ut","source_rest_url":"https://services.arcgis.com/FvF9MZKp3JWPrSkg/arcgis/rest/services/SF_Zoning/FeatureServer/0","extraction_method":"arcgis_rest","confidence":"rest_api"}},{"type":"Feature","geometry":{"type":"Polygon","coordinates":[[[-111.656564586983,40.1108362019002],[-111.655917429994,40.1108370698678],[-111.655917133947,40.1107066688539],[-111.655911462277,40.1105707844443],[-111.65573982252,40.1105627781577],[-111.655739864795,40.1103843340531],[-111.656566685975,40.1103845983816],[-111.656564586983,40.1108362019002]]]},"properties":{"zone_code":"R-O","zone_description":"R-O","zone_class_normalized":"Residential-Low","jurisdiction":"spanish_fork_ut","source_rest_url":"https://services.arcgis.com/FvF9MZKp3JWPrSkg/arcgis/rest/services/SF_Zoning/FeatureServer/0","extraction_method":"arcgis_rest","confidence":"rest_api"}},{"type":"Feature","geometry":{"type":"Polygon","coordinates":[[[-111.649674613543,40.1218789002265],[-111.649700470672,40.1218941894132],[-111.649680938481,40.1226896836069],[-111.648502949088,40.1226816950818],[-111.648532943814,40.1218759159978],[-111.648837359146,40.1218782728088],[-111.648932570989,40.1218781511429],[-111.649410873575,40.1218816566081],[-111.649466749107,40.1218815849423],[-111.649674613543,40.1218789002265]]]},"properties":{"zone_code":"R-3","zone_description":"R-3","zone_class_normalized":"Residential-High","jurisdiction":"spanish_fork_ut","source_rest_url":"https://services.arcgis.com/FvF9MZKp3JWPrSkg/arcgis/rest/services/SF_Zoning/FeatureServer/0","extraction_method":"arcgis_rest","confidence":"rest_api"}},{"type":"Feature","geometry":{"type":"Polygon","coordinates":[[[-111.653012194242,40.1105595295689],[-111.652180457783,40.1105606190764],[-111.652178854883,40.109837236451],[-111.653016392608,40.1098361393233],[-111.653012194242,40.1105595295689]]]},"properties":{"zone_code":"C-O","zone_description":"C-O","zone_class_normalized":"Other/Unknown","jurisdiction":"spanish_fork_ut","source_rest_url":"https://services.arcgis.com/FvF9MZKp3JWPrSkg/arcgis/rest/services/SF_Zoning/FeatureServer/0","extraction_method":"arcgis_rest","confidence":"rest_api"}},{"type":"Feature","geometry":{"type":"Polygon","coordinates":[[[-111.661935542522,40.0903001378423],[-111.661938087541,40.0902888570339],[-111.661932055257,40.0902833650581],[-111.663484605803,40.0894707618463],[-111.663569188525,40.0895559876695],[-111.664160647921,40.090263444855],[-111.664455117457,40.0908354260339],[-111.663101308141,40.0914014904435],[-111.661940134437,40.0902967521288],[-111.661935542522,40.0903001378423]]]},"properties":{"zone_code":"I-2","zone_description":"I-2","zone_class_normalized":"Industrial/Flex","jurisdiction":"spanish_fork_ut","source_rest_url":"https://services.arcgis.com/FvF9MZKp3JWPrSkg/arcgis/rest/services/SF_Zoning/FeatureServer/0","extraction_method":"arcgis_rest","confidence":"rest_api"}},{"type":"Feature","geometry":{"type":"Polygon","coordinates":[[[-111.653016392605,40.1098361392999],[-111.653023114229,40.1084340005452],[-111.653862447564,40.1084500241033],[-111.654098425258,40.1084524577676],[-111.654795630103,40.1084583963527],[-111.654792132997,40.1090962007423],[-111.655027138799,40.1090954312889],[-111.655563274016,40.1090947165584],[-111.655747593262,40.1090875590477],[-111.655752517295,40.109085633473],[-111.655752593551,40.1090995196477],[-111.656573595558,40.109102536981],[-111.656571999333,40.1093825591102],[-111.656569459769,40.1098369086193],[-111.655752493071,40.1098434943894],[-111.654788028492,40.1098447799002],[-111.653593828974,40.1098394972358],[-111.653016392605,40.1098361392999]]]},"properties":{"zone_code":"P-F","zone_description":"P-F","zone_class_normalized":"Other/Unknown","jurisdiction":"spanish_fork_ut","source_rest_url":"https://services.arcgis.com/FvF9MZKp3JWPrSkg/arcgis/rest/services/SF_Zoning/FeatureServer/0","extraction_method":"arcgis_rest","confidence":"rest_api"}},{"type":"Feature","geometry":{"type":"Polygon","coordinates":[[[-111.660981213888,40.0893028491628],[-111.660981137038,40.089287881777],[-111.660709301564,40.0886640714565],[-111.660725346001,40.0886593179413],[-111.660741352048,40.0886587094607],[-111.660784025383,40.0886556749454],[-111.66082201731,40.0886525726631],[-111.660963702048,40.0886200357562],[-111.661314417819,40.0885278454675],[-111.661434961698,40.0884749262571],[-111.661441018595,40.0884742019498],[-111.661458271098,40.0884661267791],[-111.661921444186,40.088224313164],[-111.662379841843,40.0879771913743],[-111.662833360978,40.087724817015],[-111.662942480291,40.0876201504191],[-111.663379071318,40.087713050171],[-111.663376711104,40.0877155284132],[-111.663535926336,40.0887214606712],[-111.663585566525,40.0889286617475],[-111.663605219756,40.0891139424568],[-111.663706511581,40.0891550825223],[-111.663878027064,40.0892247438008],[-111.663460356558,40.0894463281556],[-111.663484605803,40.0894707618463],[-111.661932055257,40.0902833650581],[-111.661221944197,40.0896368499004],[-111.661215538063,40.0896333432441],[-111.661201313764,40.0896141955766],[-111.661158279905,40.0895538583632],[-111.661138550175,40.0895236872774],[-111.661118820463,40.089493516188],[-111.661099087549,40.0894619724455],[-111.661081141823,40.0894304262273],[-111.66104525042,40.0893673337821],[-111.661012930198,40.0893028637333],[-111.660981213888,40.0893028491628]]]},"properties":{"zone_code":"C-2","zone_description":"C-2","zone_class_normalized":"Other/Unknown","jurisdiction":"spanish_fork_ut","source_rest_url":"https://services.arcgis.com/FvF9MZKp3JWPrSkg/arcgis/rest/services/SF_Zoning/FeatureServer/0","extraction_method":"arcgis_rest","confidence":"rest_api"}},{"type":"Feature","geometry":{"type":"Polygon","coordinates":[[[-111.634146376193,40.1020882632041],[-111.634146621889,40.1021000417814],[-111.634147150916,40.1023709158218],[-111.634148531508,40.1024560912055],[-111.63507752579,40.1024598771065],[-111.635224937824,40.1024934823997],[-111.635328734343,40.1025271372462],[-111.635411291874,40.1025720750363],[-111.635527252944,40.1024548518215],[-111.635598645505,40.1024142373425],[-111.635649872053,40.1023691433318],[-111.635693394983,40.1023218062018],[-111.635728109019,40.1022677253305],[-111.635754025913,40.1022136535971],[-111.635769671927,40.1021550908085],[-111.635775749745,40.1020777589656],[-111.635768787818,40.1015612353148],[-111.635820229518,40.101587255588],[-111.635900300924,40.1016283414907],[-111.636022430341,40.1016954588273],[-111.636060894045,40.1017118856924],[-111.636099357539,40.1017283125452],[-111.636138717689,40.1017461110741],[-111.636177184171,40.1017639104586],[-111.636214756755,40.1017817110517],[-111.636253223277,40.101799510411],[-111.636291689818,40.1018173099333],[-111.636329262461,40.1018351103134],[-111.63640441099,40.1018720839458],[-111.636479562098,40.1019104300877],[-111.636516243878,40.1019296040122],[-111.637538055223,40.1025035419395],[-111.639039934847,40.1033473104779],[-111.639038378835,40.1039032348932],[-111.63903772536,40.1046842726289],[-111.639037289108,40.1057933726875],[-111.639037314114,40.1071303315119],[-111.639036300848,40.1083959131319],[-111.639036487027,40.1084878801587],[-111.638502419147,40.1084871441651],[-111.638126540328,40.1084766089409],[-111.638081846042,40.108475289545],[-111.637925416972,40.1084713566605],[-111.63760498059,40.1084731085316],[-111.637567886615,40.1084731523435],[-111.637444090687,40.1084732984739],[-111.637283203527,40.1084748605741],[-111.637228232894,40.1084749253441],[-111.637122313848,40.1084750500718],[-111.637028011604,40.1084737886555],[-111.636961423939,40.1084752393475],[-111.636889026045,40.1084766973564],[-111.636800536536,40.1084768013084],[-111.636561880605,40.1084757084211],[-111.636234740393,40.1084774643816],[-111.635942906819,40.1084791776989],[-111.635942516988,40.1085080039987],[-111.635934257739,40.1088511749508],[-111.635929978778,40.1089472652048],[-111.635923425488,40.1092492550844],[-111.635909118798,40.1092465264839],[-111.635880957287,40.1092438140433],[-111.635852793063,40.1092397292163],[-111.635838488863,40.1092383729872],[-111.635824184664,40.1092370169319],[-111.635796023161,40.1092343046465],[-111.635781718964,40.1092329487617],[-111.635767414767,40.1092315926995],[-111.63575311057,40.1092302368113],[-111.635724951785,40.1092288968885],[-111.635696346337,40.1092275576549],[-111.635682041914,40.1092262015824],[-111.635653436468,40.1092248623383],[-111.635640486508,40.1092303680037],[-111.635593556857,40.1092290499042],[-111.635595694254,40.1094061187177],[-111.635600066418,40.1098096718241],[-111.63580029158,40.1098108111424],[-111.635804133931,40.1101718127006],[-111.635803280618,40.1101924032994],[-111.635801086836,40.1102129954608],[-111.635797549412,40.1102322168058],[-111.635792673773,40.110252812093],[-111.635786457661,40.1102734089425],[-111.635779344804,40.1102926346299],[-111.635770891243,40.1103118611766],[-111.63576109675,40.1103310898122],[-111.635749961321,40.1103503196583],[-111.635731244632,40.1103777943888],[-111.635718318874,40.110395653935],[-111.635606595061,40.1103999020696],[-111.635210168823,40.1104003628651],[-111.634996983854,40.1104006101079],[-111.634996940684,40.1103786476457],[-111.634996517078,40.1101631427901],[-111.634996468512,40.1101384352161],[-111.634995834458,40.1098158641859],[-111.634828242886,40.10981880357],[-111.634441663156,40.1098247407667],[-111.634054636921,40.1098306773698],[-111.633668059958,40.1098379849055],[-111.633281480249,40.1098439184273],[-111.633191203819,40.109845394414],[-111.633089751619,40.1098455103653],[-111.633085338575,40.1094131317469],[-111.633087828423,40.1093142983648],[-111.633578998403,40.1093151087399],[-111.633578426032,40.1092505951036],[-111.633577574391,40.10881272194],[-111.63284463844,40.1088190504909],[-111.630890294515,40.1088377349251],[-111.630416064035,40.1088121862656],[-111.630203780132,40.108813796465],[-111.630063304756,40.1087384577477],[-111.628310538207,40.1078083745803],[-111.628312700149,40.1080087786259],[-111.626130511014,40.1068430392852],[-111.625599062322,40.1065567303595],[-111.624730714859,40.1060978442302],[-111.621489027903,40.1043675985697],[-111.62143177244,40.1043374879085],[-111.621384031225,40.1041274947349],[-111.621279359833,40.1040713251103],[-111.620773451838,40.1038000666393],[-111.62089663283,40.1037093440902],[-111.621159398118,40.103453758518],[-111.621281743321,40.1031434125202],[-111.621280839268,40.1026314157075],[-111.621209940685,40.1022128317928],[-111.621086457076,40.1018766612168],[-111.620928331084,40.1016613197245],[-111.620647174679,40.1013651189591],[-111.620435991979,40.1012170916034],[-111.62003197483,40.1009347427861],[-111.61976858095,40.1008265747349],[-111.619347470211,40.1007336668493],[-111.619010361902,40.1006351810528],[-111.621371395983,40.1006082473942],[-111.621391664452,40.100608015986],[-111.623796202185,40.1005807773824],[-111.625675686844,40.1005622928261],[-111.625707414289,40.1005622585884],[-111.626622134213,40.1005544046224],[-111.626650733685,40.1005543735282],[-111.627557854058,40.1005451476516],[-111.627594050199,40.1005451080061],[-111.628501617388,40.1005358743773],[-111.628537366459,40.1005358349319],[-111.629455658153,40.1005265821211],[-111.62948112953,40.1005265538085],[-111.630256873598,40.1005188255309],[-111.63040299589,40.1005172894669],[-111.630424892116,40.1005172649505],[-111.63046554391,40.1005103560885],[-111.630500835698,40.1005048259549],[-111.630562035362,40.1004937761749],[-111.630622790666,40.1004840996861],[-111.630658923994,40.1004511155726],[-111.63069594846,40.1004167576224],[-111.630731632155,40.1003824013407],[-111.630841016853,40.1000967675085],[-111.630871890025,40.1003520458017],[-111.630894771994,40.100634785517],[-111.630897531693,40.1020829276672],[-111.631482064918,40.1020932501479],[-111.631619253033,40.1020917224713],[-111.631718012476,40.1020916108326],[-111.631940553261,40.1020899864024],[-111.634146376193,40.1020882632041]]]},"properties":{"zone_code":"R-1-8","zone_description":"R-1-8","zone_class_normalized":"Residential-Medium","jurisdiction":"spanish_fork_ut","source_rest_url":"https://services.arcgis.com/FvF9MZKp3JWPrSkg/arcgis/rest/services/SF_Zoning/FeatureServer/0","extraction_method":"arcgis_rest","confidence":"rest_api"}},{"type":"Feature","geometry":{"type":"Polygon","coordinates":[[[-111.66337250101,40.0842645405651],[-111.661496753481,40.0843572267077],[-111.662347797663,40.0843109686974],[-111.66337250101,40.0842645405651]]]},"properties":{"zone_code":"R-R","zone_description":"R-R","zone_class_normalized":"Residential-Low","jurisdiction":"spanish_fork_ut","source_rest_url":"https://services.arcgis.com/FvF9MZKp3JWPrSkg/arcgis/rest/services/SF_Zoning/FeatureServer/0","extraction_method":"arcgis_rest","confidence":"rest_api"}},{"type":"Feature","geometry":{"type":"Polygon","coordinates":[[[-111.65969554448,40.1093810642593],[-111.659397000502,40.1093814731463],[-111.659396369722,40.1091096898925],[-111.65934988045,40.1091056355543],[-111.659346736064,40.1085208921458],[-111.660007731992,40.1085227313831],[-111.66000956203,40.1079654340152],[-111.660139613685,40.1079652553023],[-111.661525043644,40.1079633424763],[-111.661526211872,40.1080800158977],[-111.661496268658,40.108080057414],[-111.661469463521,40.1080842125153],[-111.661344314796,40.1080788953317],[-111.661344855225,40.108118701361],[-111.66134586514,40.1081681152721],[-111.661351411923,40.1082463484952],[-111.661356502129,40.1083204644067],[-111.661357428208,40.1083341895983],[-111.661367369998,40.1083808458391],[-111.661371887532,40.1084014292922],[-111.661381359848,40.1084384776497],[-111.661391285541,40.1084782706726],[-111.661402092176,40.1085125718843],[-111.66141294076,40.1085647174522],[-111.661419754201,40.1086113780206],[-111.661423847432,40.1086415705898],[-111.661425288199,40.1086841206601],[-111.66142718879,40.1087321606818],[-111.661430225199,40.1088831476732],[-111.661435896307,40.1092043392547],[-111.661438779372,40.1098604605301],[-111.660050632787,40.1098637486557],[-111.660058892161,40.1093805655846],[-111.65969554448,40.1093810642593]]]},"properties":{"zone_code":"C-O","zone_description":"C-O","zone_class_normalized":"Other/Unknown","jurisdiction":"spanish_fork_ut","source_rest_url":"https://services.arcgis.com/FvF9MZKp3JWPrSkg/arcgis/rest/services/SF_Zoning/FeatureServer/0","extraction_method":"arcgis_rest","confidence":"rest_api"}},{"type":"Feature","geometry":{"type":"Polygon","coordinates":[[[-111.646956734581,40.137911999061],[-111.647309430009,40.1378839736833],[-111.649846383614,40.1378481844299],[-111.650082599631,40.1378447158142],[-111.650034047756,40.1391552197647],[-111.650043611558,40.1391598293008],[-111.650029925345,40.1391605336378],[-111.64998819167,40.1403229758217],[-111.646369164425,40.1404989962982],[-111.646366725222,40.1404989786703],[-111.646254708278,40.1385247939654],[-111.646255502994,40.1383164681042],[-111.64625755374,40.138315074253],[-111.646956734581,40.137911999061]]]},"properties":{"zone_code":"I-2","zone_description":"I-2","zone_class_normalized":"Industrial/Flex","jurisdiction":"spanish_fork_ut","source_rest_url":"https://services.arcgis.com/FvF9MZKp3JWPrSkg/arcgis/rest/services/SF_Zoning/FeatureServer/0","extraction_method":"arcgis_rest","confidence":"rest_api"}},{"type":"Feature","geometry":{"type":"Polygon","coordinates":[[[-111.658221735508,40.1098319308941],[-111.658222283581,40.1092938525605],[-111.65822102961,40.1087823780892],[-111.658126888051,40.108783304388],[-111.657787336994,40.1087837648102],[-111.657787441029,40.1088290477706],[-111.657419297451,40.1088295458454],[-111.657414443874,40.109105552474],[-111.657173087738,40.109110144051],[-111.657173502259,40.1092912748537],[-111.657177996093,40.1092952662726],[-111.65717469941,40.1092952707206],[-111.657161489651,40.1093817653017],[-111.656571999333,40.1093825591102],[-111.656573595558,40.109102536981],[-111.655752593551,40.1090995196477],[-111.655749548275,40.1085449742887],[-111.65574935528,40.1084598704192],[-111.655749137382,40.1083637854031],[-111.655749679913,40.1078147257324],[-111.655936948491,40.1078199657855],[-111.655936565157,40.1076511306571],[-111.655749737725,40.1076431447188],[-111.655750035668,40.1071833073741],[-111.656590222418,40.1071821809651],[-111.656589871315,40.1058520855849],[-111.65687632742,40.1058489548548],[-111.657292831147,40.1058456478856],[-111.657333952156,40.1058483376479],[-111.657375973257,40.1058537714759],[-111.657416209914,40.1058605803484],[-111.657456449726,40.1058687618509],[-111.65747569472,40.1058810896689],[-111.657478747481,40.1058481419853],[-111.658224266955,40.1058869385104],[-111.658291758255,40.1058909647603],[-111.658306280503,40.1059870303982],[-111.658538697042,40.1059990681394],[-111.658752790755,40.1060111303898],[-111.658960177861,40.106021828751],[-111.659196169836,40.1060338603013],[-111.659326233756,40.1060405457157],[-111.659646667712,40.1060428522872],[-111.660058719472,40.1060464047722],[-111.660068368936,40.1059681505647],[-111.660168927817,40.1059707576343],[-111.660163538671,40.1063427526961],[-111.660160832873,40.106523945961],[-111.660158918442,40.1066612133942],[-111.660156582705,40.106809462585],[-111.660154668258,40.106946730008],[-111.660151988018,40.1071389043921],[-111.660149681056,40.1072995073551],[-111.660148554376,40.1073771696821],[-111.660168331006,40.1073777716102],[-111.660610876428,40.1073912402232],[-111.660598518007,40.1078901725722],[-111.66045015607,40.1078892249454],[-111.660449043771,40.1079648294826],[-111.660139613515,40.1079652552846],[-111.66000956203,40.1079654340152],[-111.660007731992,40.1085227313831],[-111.659346736064,40.1085208921459],[-111.65934988045,40.1091056355543],[-111.659396369722,40.1091096898926],[-111.659397000502,40.1093814731463],[-111.65969554448,40.1093810642593],[-111.659696629679,40.1098477627289],[-111.658221735508,40.1098319308941]]]},"properties":{"zone_code":"R-1-6","zone_description":"R-1-6","zone_class_normalized":"Residential-Medium","jurisdiction":"spanish_fork_ut","source_rest_url":"https://services.arcgis.com/FvF9MZKp3JWPrSkg/arcgis/rest/services/SF_Zoning/FeatureServer/0","extraction_method":"arcgis_rest","confidence":"rest_api"}},{"type":"Feature","geometry":{"type":"Polygon","coordinates":[[[-111.649816728196,40.1281640877971],[-111.650327635554,40.1277258624037],[-111.650506200808,40.1278119548085],[-111.650432849857,40.1279608819963],[-111.650415728192,40.128021068608],[-111.650365570425,40.1281616698434],[-111.650345280327,40.1282497890311],[-111.650333096354,40.1283387839793],[-111.650329078616,40.1284282158541],[-111.650333246957,40.1285176436655],[-111.650337574489,40.1287230267309],[-111.650007961376,40.1287234515255],[-111.649816728196,40.1281640877971]]]},"properties":{"zone_code":"P-F","zone_description":"P-F","zone_class_normalized":"Other/Unknown","jurisdiction":"spanish_fork_ut","source_rest_url":"https://services.arcgis.com/FvF9MZKp3JWPrSkg/arcgis/rest/services/SF_Zoning/FeatureServer/0","extraction_method":"arcgis_rest","confidence":"rest_api"}},{"type":"Feature","geometry":{"type":"Polygon","coordinates":[[[-111.657410232877,40.1096532199534],[-111.657395617708,40.1092949724378],[-111.657177996093,40.1092952662726],[-111.657173502259,40.1092912748537],[-111.657173087738,40.109110144051],[-111.657414443874,40.109105552474],[-111.657419297451,40.1088295458454],[-111.657787441029,40.1088290477706],[-111.657787336994,40.1087837648102],[-111.658126888051,40.108783304388],[-111.65822102961,40.1087823780892],[-111.658222283581,40.1092938525605],[-111.658221735508,40.1098319308941],[-111.65740547282,40.1098343929411],[-111.657410232877,40.1096532199534]]]},"properties":{"zone_code":"P-F","zone_description":"P-F","zone_class_normalized":"Other/Unknown","jurisdiction":"spanish_fork_ut","source_rest_url":"https://services.arcgis.com/FvF9MZKp3JWPrSkg/arcgis/rest/services/SF_Zoning/FeatureServer/0","extraction_method":"arcgis_rest","confidence":"rest_api"}},{"type":"Feature","geometry":{"type":"Polygon","coordinates":[[[-111.660266263048,40.1228730045841],[-111.660196097446,40.1226010095301],[-111.660300394263,40.1225179235069],[-111.660985977407,40.1219823024046],[-111.660988083609,40.1228806573596],[-111.660409255675,40.1228761877834],[-111.660266263048,40.1228730045841]]]},"properties":{"zone_code":"P-F","zone_description":"P-F","zone_class_normalized":"Other/Unknown","jurisdiction":"spanish_fork_ut","source_rest_url":"https://services.arcgis.com/FvF9MZKp3JWPrSkg/arcgis/rest/services/SF_Zoning/FeatureServer/0","extraction_method":"arcgis_rest","confidence":"rest_api"}},{"type":"Feature","geometry":{"type":"Polygon","coordinates":[[[-111.631771386977,40.1096479753567],[-111.631739168948,40.1096274221906],[-111.630203780141,40.1088137965005],[-111.630416064044,40.1088121862983],[-111.630890294523,40.1088377347822],[-111.632844638449,40.1088190505238],[-111.6335775744,40.1088127219728],[-111.633578426041,40.1092505951364],[-111.633578998412,40.1093151087727],[-111.633087828432,40.1093142983975],[-111.633085338584,40.1094131317797],[-111.633089751628,40.109845510398],[-111.632524832899,40.1098434091438],[-111.632063603294,40.1098425602053],[-111.632025564647,40.109816523133],[-111.631992446936,40.1097932255893],[-111.631959329705,40.1097699280355],[-111.631925321342,40.109748004391],[-111.631823293288,40.1096808601398],[-111.631771386977,40.1096479753567]]]},"properties":{"zone_code":"C-2","zone_description":"C-2","zone_class_normalized":"Other/Unknown","jurisdiction":"spanish_fork_ut","source_rest_url":"https://services.arcgis.com/FvF9MZKp3JWPrSkg/arcgis/rest/services/SF_Zoning/FeatureServer/0","extraction_method":"arcgis_rest","confidence":"rest_api"}},{"type":"Feature","geometry":{"type":"Polygon","coordinates":[[[-111.646428493384,40.1254050229203],[-111.646650550508,40.1252221811986],[-111.646841081074,40.1250740237129],[-111.646888831482,40.125111109522],[-111.647424990081,40.1247048409598],[-111.647963914208,40.1247077894251],[-111.648549619161,40.1249629818692],[-111.648547384166,40.1252039890033],[-111.648717279495,40.125336279837],[-111.650423228466,40.1253455881396],[-111.650526824804,40.1253421999956],[-111.65052438604,40.1256104319208],[-111.65065673382,40.1256111534671],[-111.65065366969,40.1259426967894],[-111.651308230653,40.1259586085646],[-111.651510551409,40.1262157287681],[-111.650533590079,40.1265815071677],[-111.650508653204,40.1265903415357],[-111.6503590925,40.1266386180466],[-111.650206098527,40.12668007334],[-111.650050198729,40.1267145644986],[-111.649891930566,40.1267419726139],[-111.64973183967,40.1267622031959],[-111.649570477956,40.1267751864997],[-111.649408401722,40.1267808777648],[-111.649246169729,40.1267792573706],[-111.649084341277,40.1267703309034],[-111.648923474273,40.1267541291374],[-111.648764123308,40.1267307079284],[-111.648606837748,40.1267001480215],[-111.648452159833,40.1266625547722],[-111.648300622812,40.1266180577834],[-111.648152749104,40.1265668104585],[-111.648009048494,40.1265089894724],[-111.64799685332,40.1265036952382],[-111.647860064425,40.1264926104504],[-111.646463020369,40.1254315714875],[-111.646428493384,40.1254050229203]]]},"properties":{"zone_code":"P-F","zone_description":"P-F","zone_class_normalized":"Other/Unknown","jurisdiction":"spanish_fork_ut","source_rest_url":"https://services.arcgis.com/FvF9MZKp3JWPrSkg/arcgis/rest/services/SF_Zoning/FeatureServer/0","extraction_method":"arcgis_rest","confidence":"rest_api"}},{"type":"Feature","geometry":{"type":"Polygon","coordinates":[[[-111.646842253524,40.1090699129653],[-111.646852634621,40.1093265848197],[-111.646724370975,40.1093281190896],[-111.64672540733,40.1096040197598],[-111.646461722357,40.1096043515828],[-111.646460801222,40.1093819839871],[-111.646486722712,40.1093819513939],[-111.646486954886,40.1090717329426],[-111.646842253524,40.1090699129653]]]},"properties":{"zone_code":"R-O","zone_description":"R-O","zone_class_normalized":"Residential-Low","jurisdiction":"spanish_fork_ut","source_rest_url":"https://services.arcgis.com/FvF9MZKp3JWPrSkg/arcgis/rest/services/SF_Zoning/FeatureServer/0","extraction_method":"arcgis_rest","confidence":"rest_api"}},{"type":"Feature","geometry":{"type":"Polygon","coordinates":[[[-111.631061493544,40.1358539456083],[-111.631074627122,40.1358662850546],[-111.631055753088,40.1358570151899],[-111.631061493544,40.1358539456083]]]},"properties":{"zone_code":"I-1","zone_description":"I-1","zone_class_normalized":"Industrial/Flex","jurisdiction":"spanish_fork_ut","source_rest_url":"https://services.arcgis.com/FvF9MZKp3JWPrSkg/arcgis/rest/services/SF_Zoning/FeatureServer/0","extraction_method":"arcgis_rest","confidence":"rest_api"}},{"type":"Feature","geometry":{"type":"Polygon","coordinates":[[[-111.654795629989,40.1084583963775],[-111.654098425373,40.1084524575285],[-111.654097276606,40.107940461612],[-111.654802058073,40.1079395271562],[-111.65480585272,40.1076402849707],[-111.655749737725,40.1076431447188],[-111.655936565156,40.107651130657],[-111.655936948491,40.1078199657855],[-111.655749679913,40.1078147257323],[-111.655749137382,40.1083637854031],[-111.65574935528,40.1084598704192],[-111.654795629989,40.1084583963775]]]},"properties":{"zone_code":"C-2","zone_description":"C-2","zone_class_normalized":"Other/Unknown","jurisdiction":"spanish_fork_ut","source_rest_url":"https://services.arcgis.com/FvF9MZKp3JWPrSkg/arcgis/rest/services/SF_Zoning/FeatureServer/0","extraction_method":"arcgis_rest","confidence":"rest_api"}},{"type":"Feature","geometry":{"type":"Polygon","coordinates":[[[-111.631074627122,40.1358662850546],[-111.631061493544,40.1358539456083],[-111.631053256146,40.1334694247715],[-111.631078733679,40.1334692011043],[-111.63118260702,40.133469084219],[-111.632419784267,40.1341790147331],[-111.632438143153,40.1352300343039],[-111.631087287279,40.1358725030094],[-111.631074627122,40.1358662850546]]]},"properties":{"zone_code":"I-1","zone_description":"I-1","zone_class_normalized":"Industrial/Flex","jurisdiction":"spanish_fork_ut","source_rest_url":"https://services.arcgis.com/FvF9MZKp3JWPrSkg/arcgis/rest/services/SF_Zoning/FeatureServer/0","extraction_method":"arcgis_rest","confidence":"rest_api"}},{"type":"Feature","geometry":{"type":"Polygon","coordinates":[[[-111.654098425373,40.1084524575285],[-111.653862447508,40.1084500241596],[-111.653861303574,40.1079394008838],[-111.653873804831,40.1079338937816],[-111.65387339274,40.1077499595743],[-111.653873088286,40.1076140678782],[-111.653872789983,40.1074809214644],[-111.653872334844,40.1072777702263],[-111.653886211491,40.107088326522],[-111.65388560254,40.1068165430792],[-111.653885298065,40.1066806513507],[-111.653884993592,40.1065447596175],[-111.653838515606,40.1065448210084],[-111.653838171257,40.1063910849004],[-111.653816719927,40.1063911132283],[-111.653816363332,40.1062318865386],[-111.653820933012,40.1058777373134],[-111.653871435717,40.1058790432605],[-111.653944727215,40.1058789464226],[-111.654119464873,40.1058787153607],[-111.654120552168,40.1063632586702],[-111.654593821944,40.1063626315322],[-111.654593333783,40.1061457537996],[-111.655358428475,40.1061447358923],[-111.655357801286,40.1058674618157],[-111.655768936181,40.1058614221598],[-111.655764173833,40.1065202995829],[-111.655750035668,40.1071833073741],[-111.655749737725,40.1076431447188],[-111.65480585272,40.1076402849707],[-111.654802058073,40.1079395271562],[-111.654097276606,40.107940461612],[-111.654098425373,40.1084524575285]]]},"properties":{"zone_code":"R-O","zone_description":"R-O","zone_class_normalized":"Residential-Low","jurisdiction":"spanish_fork_ut","source_rest_url":"https://services.arcgis.com/FvF9MZKp3JWPrSkg/arcgis/rest/services/SF_Zoning/FeatureServer/0","extraction_method":"arcgis_rest","confidence":"rest_api"}},{"type":"Feature","geometry":{"type":"Polygon","coordinates":[[[-111.631074627121,40.1358662850546],[-111.631087287279,40.1358725030094],[-111.632438143153,40.1352300343039],[-111.632419784267,40.1341790147332],[-111.63118260702,40.133469084219],[-111.631078733679,40.1334692011043],[-111.631053256146,40.1334694247715],[-111.631043469484,40.1306804888322],[-111.631043289872,40.1306293020658],[-111.631042039258,40.1302728934587],[-111.631041036943,40.1299872444333],[-111.6310410306,40.1299866093166],[-111.631022648298,40.128145884553],[-111.631068608235,40.1281444854066],[-111.635728381161,40.1281391508088],[-111.635731961845,40.1299504379423],[-111.635738215748,40.1331062519376],[-111.63573927732,40.1336419082554],[-111.633382538582,40.1348984864531],[-111.631083760369,40.1361046994849],[-111.631083320617,40.1358743895177],[-111.631074627121,40.1358662850546]]]},"properties":{"zone_code":"P-F","zone_description":"P-F","zone_class_normalized":"Other/Unknown","jurisdiction":"spanish_fork_ut","source_rest_url":"https://services.arcgis.com/FvF9MZKp3JWPrSkg/arcgis/rest/services/SF_Zoning/FeatureServer/0","extraction_method":"arcgis_rest","confidence":"rest_api"}},{"type":"Feature","geometry":{"type":"Polygon","coordinates":[[[-111.664481851904,40.1079729314424],[-111.66448444469,40.1079358663771],[-111.664513769563,40.1074910869232],[-111.664835534375,40.1074865141988],[-111.664854941967,40.1079380877557],[-111.664856368198,40.1079737745819],[-111.664481851904,40.1079729314424]]]},"properties":{"zone_code":"R-R","zone_description":"R-R","zone_class_normalized":"Residential-Low","jurisdiction":"spanish_fork_ut","source_rest_url":"https://services.arcgis.com/FvF9MZKp3JWPrSkg/arcgis/rest/services/SF_Zoning/FeatureServer/0","extraction_method":"arcgis_rest","confidence":"rest_api"}},{"type":"Feature","geometry":{"type":"Polygon","coordinates":[[[-111.627925764234,40.1243374301998],[-111.627825327681,40.1244508418633],[-111.627596042265,40.1247092535658],[-111.627441338688,40.1246221850595],[-111.626932390143,40.1243107378454],[-111.626576454466,40.1241471942674],[-111.626406220162,40.1240689751828],[-111.626495478381,40.1239707332923],[-111.626595341805,40.1238580067552],[-111.626732375936,40.1237782790229],[-111.626552336955,40.1236424501004],[-111.626354697749,40.1235117841409],[-111.626363605065,40.1235031961125],[-111.626562028557,40.1236343807347],[-111.626743827174,40.123771537232],[-111.626863898748,40.1237005153679],[-111.627362703585,40.1240353710971],[-111.627557192705,40.1241629238172],[-111.627756912756,40.1242676764787],[-111.627925764234,40.1243374301998]]]},"properties":{"zone_code":"P-F","zone_description":"P-F","zone_class_normalized":"Other/Unknown","jurisdiction":"spanish_fork_ut","source_rest_url":"https://services.arcgis.com/FvF9MZKp3JWPrSkg/arcgis/rest/services/SF_Zoning/FeatureServer/0","extraction_method":"arcgis_rest","confidence":"rest_api"}},{"type":"Feature","geometry":{"type":"Polygon","coordinates":[[[-111.624730786216,40.1060978264109],[-111.625599062322,40.1065567303595],[-111.626130511014,40.1068430392879],[-111.626115570361,40.1079548996218],[-111.626115390051,40.107954899817],[-111.624728798929,40.1079563927412],[-111.624730786216,40.1060978264109]]]},"properties":{"zone_code":"R-R","zone_description":"R-R","zone_class_normalized":"Residential-Low","jurisdiction":"spanish_fork_ut","source_rest_url":"https://services.arcgis.com/FvF9MZKp3JWPrSkg/arcgis/rest/services/SF_Zoning/FeatureServer/0","extraction_method":"arcgis_rest","confidence":"rest_api"}},{"type":"Feature","geometry":{"type":"Polygon","coordinates":[[[-111.628392494058,40.1230086535205],[-111.628676705466,40.122799870671],[-111.62873100487,40.1231364027063],[-111.628351082212,40.1231338177568],[-111.628353205572,40.1231045090564],[-111.628343656625,40.1230611675139],[-111.628308486929,40.1230092993393],[-111.628392494058,40.1230086535205]]]},"properties":{"zone_code":"P-F","zone_description":"P-F","zone_class_normalized":"Other/Unknown","jurisdiction":"spanish_fork_ut","source_rest_url":"https://services.arcgis.com/FvF9MZKp3JWPrSkg/arcgis/rest/services/SF_Zoning/FeatureServer/0","extraction_method":"arcgis_rest","confidence":"rest_api"}},{"type":"Feature","geometry":{"type":"Polygon","coordinates":[[[-111.655768936181,40.1058614221598],[-111.65583820245,40.105859956865],[-111.656589871315,40.1058520855848],[-111.656590222418,40.107182180965],[-111.655750035668,40.1071833073741],[-111.655764173833,40.1065202995829],[-111.655768936181,40.1058614221598]]]},"properties":{"zone_code":"R-3","zone_description":"R-3","zone_class_normalized":"Residential-High","jurisdiction":"spanish_fork_ut","source_rest_url":"https://services.arcgis.com/FvF9MZKp3JWPrSkg/arcgis/rest/services/SF_Zoning/FeatureServer/0","extraction_method":"arcgis_rest","confidence":"rest_api"}},{"type":"Feature","geometry":{"type":"Polygon","coordinates":[[[-111.655717661447,40.1197117610406],[-111.655715578477,40.1197116920213],[-111.654948786056,40.1197127143272],[-111.654711792719,40.119733558319],[-111.654714124766,40.1194945724986],[-111.655672020034,40.1194932965493],[-111.655717165905,40.1194932362191],[-111.655717661447,40.1197117610406]]]},"properties":{"zone_code":"C-O","zone_description":"C-O","zone_class_normalized":"Other/Unknown","jurisdiction":"spanish_fork_ut","source_rest_url":"https://services.arcgis.com/FvF9MZKp3JWPrSkg/arcgis/rest/services/SF_Zoning/FeatureServer/0","extraction_method":"arcgis_rest","confidence":"rest_api"}},{"type":"Feature","geometry":{"type":"Polygon","coordinates":[[[-111.654816627893,40.1058777908678],[-111.654817243225,40.1057542517176],[-111.654818876114,40.1056856171388],[-111.65482229659,40.1056169801829],[-111.654824900621,40.1055826605165],[-111.654826610854,40.1055483420377],[-111.65482921488,40.1055140223705],[-111.65483621051,40.1054453806591],[-111.654839708319,40.1054110598028],[-111.654844099918,40.1053767377579],[-111.654848491512,40.1053424157125],[-111.654852883101,40.1053080936667],[-111.654863456943,40.1052408198413],[-111.654868742309,40.1052064966057],[-111.654887282836,40.1051048959746],[-111.654894355755,40.1050705703598],[-111.654901428668,40.1050362447441],[-111.654909398457,40.1050032905834],[-111.654925334915,40.1049360096153],[-111.654951919351,40.1048343982678],[-111.654961676662,40.1048014417239],[-111.654971430866,40.1047671125345],[-111.654981188158,40.1047341559885],[-111.654991839224,40.104701198252],[-111.655010475466,40.1046421495659],[-111.654320441327,40.1046279666577],[-111.65431662256,40.1045195324807],[-111.654307046398,40.1042354069009],[-111.654276220328,40.104239565679],[-111.654265393118,40.1039952485471],[-111.654368665253,40.1039326560153],[-111.654561187982,40.1037990793623],[-111.65477348157,40.1037987974725],[-111.655189219668,40.1038020077754],[-111.655203212299,40.1036546451825],[-111.655262115064,40.1020685264841],[-111.654991721911,40.1019787886269],[-111.654895750381,40.1019458868511],[-111.654502860205,40.1018131591458],[-111.653150908672,40.1011644660375],[-111.651913693908,40.1007576683768],[-111.651912922048,40.1007396709871],[-111.65191721159,40.1006586790513],[-111.651934412163,40.100353928334],[-111.65200907705,40.0989578456451],[-111.652029252855,40.0985844583693],[-111.652889615394,40.0990623872098],[-111.653886450774,40.0996156251895],[-111.653924926755,40.0996361641025],[-111.654372328459,40.0998771584276],[-111.654423967734,40.0990939929566],[-111.654425924578,40.0990699689787],[-111.652118197666,40.097786832163],[-111.652305374483,40.0943371143991],[-111.653417347614,40.0956588913266],[-111.65354989857,40.0957877458998],[-111.653666059987,40.0957807294375],[-111.653755185742,40.0958725794682],[-111.653836690949,40.0959534582826],[-111.653919093095,40.0960357085046],[-111.654002386032,40.0961165848375],[-111.654085676086,40.0961960884618],[-111.654169863088,40.0962769634894],[-111.654254047206,40.0963564658071],[-111.65434001887,40.0964359656939],[-111.654425097056,40.0965154667004],[-111.654511959708,40.0965935926248],[-111.654598822557,40.096671718483],[-111.655449122185,40.0972471002289],[-111.655417601035,40.098070887447],[-111.655753548517,40.0980703105275],[-111.655803728816,40.0980742620314],[-111.656006174397,40.0981683672397],[-111.656473523876,40.0984902480592],[-111.65763654226,40.0992912403362],[-111.657569092348,40.0993458807543],[-111.65726866826,40.099883400165],[-111.657233430044,40.0999553935305],[-111.656423252342,40.0999398838871],[-111.655542972507,40.0999211935454],[-111.655532676272,40.1001906893281],[-111.655501672063,40.1009742745173],[-111.656222904283,40.1009857541973],[-111.656224747959,40.1017236480011],[-111.656307866212,40.1017235364897],[-111.656306947289,40.1019088454156],[-111.656882976668,40.1019121889405],[-111.65689610517,40.1023774994299],[-111.656321403146,40.1023700362356],[-111.656286817519,40.1032746584853],[-111.656199675448,40.1032747753751],[-111.656200131202,40.1034751815221],[-111.65747196224,40.1034734690578],[-111.657484406096,40.105782247221],[-111.657478747481,40.1058481419853],[-111.65747569472,40.1058810896689],[-111.657456449726,40.1058687618509],[-111.657416209914,40.1058605803484],[-111.657375973257,40.1058537714758],[-111.657333952156,40.1058483376478],[-111.657292831147,40.1058456478856],[-111.65687632742,40.1058489548548],[-111.656589871315,40.1058520855849],[-111.65583820245,40.105859956865],[-111.655768936181,40.1058614221598],[-111.655357801286,40.1058674618158],[-111.655358428475,40.1061447358924],[-111.654593333783,40.1061457537997],[-111.654593821944,40.1063626315322],[-111.654120552168,40.1063632586702],[-111.654119464873,40.1058787153608],[-111.654270516862,40.105878515408],[-111.654816627893,40.1058777908678]]]},"properties":{"zone_code":"C-2","zone_description":"C-2","zone_class_normalized":"Other/Unknown","jurisdiction":"spanish_fork_ut","source_rest_url":"https://services.arcgis.com/FvF9MZKp3JWPrSkg/arcgis/rest/services/SF_Zoning/FeatureServer/0","extraction_method":"arcgis_rest","confidence":"rest_api"}},{"type":"Feature","geometry":{"type":"Polygon","coordinates":[[[-111.648270231858,40.1192435215162],[-111.648838798667,40.1192427965602],[-111.648818754291,40.1196832381405],[-111.648271171393,40.1196786485246],[-111.648270231858,40.1192435215162]]]},"properties":{"zone_code":"P-F","zone_description":"P-F","zone_class_normalized":"Other/Unknown","jurisdiction":"spanish_fork_ut","source_rest_url":"https://services.arcgis.com/FvF9MZKp3JWPrSkg/arcgis/rest/services/SF_Zoning/FeatureServer/0","extraction_method":"arcgis_rest","confidence":"rest_api"}},{"type":"Feature","geometry":{"type":"Polygon","coordinates":[[[-111.654270516862,40.105878515408],[-111.654269672083,40.1055024109292],[-111.654181186491,40.1055025280844],[-111.654180477783,40.1051868199168],[-111.653882842719,40.1051858408449],[-111.653882464449,40.105017005596],[-111.654085354221,40.1050167373881],[-111.654085009328,40.1048630012208],[-111.654127464141,40.1048629450534],[-111.65412693742,40.1046282228578],[-111.654320441327,40.1046279666576],[-111.655010475466,40.1046421495658],[-111.654991839224,40.104701198252],[-111.654981188158,40.1047341559884],[-111.654971430866,40.1047671125345],[-111.654961676662,40.1048014417239],[-111.654951919352,40.1048343982678],[-111.654925334915,40.1049360096153],[-111.654909398457,40.1050032905834],[-111.654901428668,40.1050362447441],[-111.654894355755,40.1050705703597],[-111.654887282836,40.1051048959746],[-111.654868742309,40.1052064966057],[-111.654863456943,40.1052408198412],[-111.654852883101,40.1053080936666],[-111.654848491512,40.1053424157124],[-111.654844099918,40.1053767377578],[-111.654839708319,40.1054110598027],[-111.65483621051,40.105445380659],[-111.65482921488,40.1055140223705],[-111.654826610854,40.1055483420376],[-111.654824900621,40.1055826605164],[-111.65482229659,40.1056169801828],[-111.654818876114,40.1056856171388],[-111.654817243225,40.1057542517175],[-111.654816627893,40.1058777908677],[-111.654270516862,40.105878515408]]]},"properties":{"zone_code":"R-O","zone_description":"R-O","zone_class_normalized":"Residential-Low","jurisdiction":"spanish_fork_ut","source_rest_url":"https://services.arcgis.com/FvF9MZKp3JWPrSkg/arcgis/rest/services/SF_Zoning/FeatureServer/0","extraction_method":"arcgis_rest","confidence":"rest_api"}},{"type":"Feature","geometry":{"type":"Polygon","coordinates":[[[-111.646657907799,40.1179873461865],[-111.647244188045,40.1179866032441],[-111.647245142169,40.1184352481303],[-111.646658858654,40.1184359906447],[-111.646657907799,40.1179873461865]]]},"properties":{"zone_code":"P-F","zone_description":"P-F","zone_class_normalized":"Other/Unknown","jurisdiction":"spanish_fork_ut","source_rest_url":"https://services.arcgis.com/FvF9MZKp3JWPrSkg/arcgis/rest/services/SF_Zoning/FeatureServer/0","extraction_method":"arcgis_rest","confidence":"rest_api"}},{"type":"Feature","geometry":{"type":"Polygon","coordinates":[[[-111.654119464873,40.1058787153607],[-111.653944727215,40.1058789464226],[-111.653943690394,40.1054163653586],[-111.653825262855,40.1054165218105],[-111.653824746386,40.1051859175796],[-111.653882842719,40.1051858408449],[-111.654180477783,40.1051868199168],[-111.654181186491,40.1055025280844],[-111.654269672083,40.1055024109292],[-111.654270516862,40.105878515408],[-111.654119464873,40.1058787153607]]]},"properties":{"zone_code":"R-3","zone_description":"R-3","zone_class_normalized":"Residential-High","jurisdiction":"spanish_fork_ut","source_rest_url":"https://services.arcgis.com/FvF9MZKp3JWPrSkg/arcgis/rest/services/SF_Zoning/FeatureServer/0","extraction_method":"arcgis_rest","confidence":"rest_api"}},{"type":"Feature","geometry":{"type":"Polygon","coordinates":[[[-111.652968058171,40.1150234311245],[-111.652992913426,40.1137413479922],[-111.652992958941,40.1137339772158],[-111.653385211123,40.1137356715499],[-111.653361353803,40.1138187052847],[-111.653361844104,40.1140382585446],[-111.653351230325,40.1140876719133],[-111.653351414177,40.1141700050207],[-111.653539076109,40.1141697578445],[-111.653545858824,40.1141706452942],[-111.653545710645,40.1141043717035],[-111.653560848571,40.1141043517508],[-111.653539020483,40.1140924490848],[-111.653538290721,40.1138184722265],[-111.653538573476,40.113736098657],[-111.653807266547,40.1137443936231],[-111.653811200674,40.1141040214852],[-111.653804879446,40.1141040298308],[-111.653809697888,40.1142051656484],[-111.654045615103,40.1142048539366],[-111.654516459635,40.1142076942718],[-111.654772399621,40.1142124220112],[-111.654758597114,40.1150306748594],[-111.654099323441,40.1150274308338],[-111.653798517015,40.1150264556873],[-111.653388652624,40.1150256234047],[-111.652968058171,40.1150234311245]]]},"properties":{"zone_code":"P-F","zone_description":"P-F","zone_class_normalized":"Other/Unknown","jurisdiction":"spanish_fork_ut","source_rest_url":"https://services.arcgis.com/FvF9MZKp3JWPrSkg/arcgis/rest/services/SF_Zoning/FeatureServer/0","extraction_method":"arcgis_rest","confidence":"rest_api"}},{"type":"Feature","geometry":{"type":"Polygon","coordinates":[[[-111.653826802794,40.1043082577117],[-111.653841287794,40.1042786619707],[-111.653901081059,40.1042766940829],[-111.654275833537,40.1042308377235],[-111.654276220328,40.104239565679],[-111.654307046398,40.1042354069009],[-111.65431662256,40.1045195324807],[-111.654320441327,40.1046279666576],[-111.65412693742,40.1046282228578],[-111.653827501841,40.1046203827874],[-111.653826802794,40.1043082577117]]]},"properties":{"zone_code":"R-3","zone_description":"R-3","zone_class_normalized":"Residential-High","jurisdiction":"spanish_fork_ut","source_rest_url":"https://services.arcgis.com/FvF9MZKp3JWPrSkg/arcgis/rest/services/SF_Zoning/FeatureServer/0","extraction_method":"arcgis_rest","confidence":"rest_api"}},{"type":"Feature","geometry":{"type":"Polygon","coordinates":[[[-111.65429552454,40.1125513300387],[-111.654295173596,40.1124592332689],[-111.654786935976,40.112459983681],[-111.654786025468,40.112684680187],[-111.654531741754,40.1126868660996],[-111.654295829755,40.1126871787961],[-111.65429552454,40.1125513300387]]]},"properties":{"zone_code":"P-F","zone_description":"P-F","zone_class_normalized":"Other/Unknown","jurisdiction":"spanish_fork_ut","source_rest_url":"https://services.arcgis.com/FvF9MZKp3JWPrSkg/arcgis/rest/services/SF_Zoning/FeatureServer/0","extraction_method":"arcgis_rest","confidence":"rest_api"}},{"type":"Feature","geometry":{"type":"Polygon","coordinates":[[[-111.616652855054,40.1015928599646],[-111.611903943376,40.0990485795749],[-111.611892104808,40.0978159514743],[-111.616638953364,40.097805803886],[-111.616640901069,40.0988560505394],[-111.616644248434,40.1006609096975],[-111.618382974447,40.1006426836133],[-111.618889263688,40.1006366774282],[-111.61895003491,40.1006352426892],[-111.619010361902,40.1006351810528],[-111.619347470211,40.1007336668492],[-111.61976858095,40.1008265747349],[-111.62003197483,40.100934742786],[-111.620435991979,40.1012170916034],[-111.620647174679,40.1013651189591],[-111.620928331084,40.1016613197245],[-111.621086457076,40.1018766612168],[-111.621209940685,40.1022128317928],[-111.621280839268,40.1026314157075],[-111.621281743321,40.1031434125202],[-111.621159398118,40.103453758518],[-111.62089663283,40.1037093440902],[-111.620773451838,40.1038000666393],[-111.620668334817,40.1037438969286],[-111.618953132857,40.1028251205247],[-111.616652855054,40.1015928599646]]]},"properties":{"zone_code":"UV-C","zone_description":"UV-C","zone_class_normalized":"Other/Unknown","jurisdiction":"spanish_fork_ut","source_rest_url":"https://services.arcgis.com/FvF9MZKp3JWPrSkg/arcgis/rest/services/SF_Zoning/FeatureServer/0","extraction_method":"arcgis_rest","confidence":"rest_api"}},{"type":"Feature","geometry":{"type":"Polygon","coordinates":[[[-111.633617206362,40.1145308404837],[-111.633613750872,40.1145434755475],[-111.63357383971,40.1147054933665],[-111.63356676315,40.1147439355251],[-111.63356232567,40.1147604123462],[-111.633558332677,40.1147755161007],[-111.633553894964,40.1147919927458],[-111.633549454809,40.1148070970125],[-111.633545017321,40.1148235738326],[-111.633540576933,40.1148386780991],[-111.633536139441,40.1148551547432],[-111.63353125212,40.1148702595215],[-111.633526811954,40.1148853636114],[-111.633521927298,40.1149018411184],[-111.633517487357,40.1149169452075],[-111.633512602925,40.114933422538],[-111.633507715592,40.1149485271394],[-111.633502831156,40.1149650046452],[-111.633497943819,40.114980109246],[-111.633492612447,40.1149965870877],[-111.633487725106,40.1150116916878],[-111.633482390832,40.1150267969757],[-111.633477059682,40.1150432748161],[-111.633472172334,40.1150583795912],[-111.633466838282,40.1150734847021],[-111.633461059736,40.1150899630543],[-111.63345572545,40.1151050681648],[-111.633449502635,40.1151229197571],[-111.63341975028,40.1152110747061],[-111.633415961022,40.1152112819709],[-111.633206044846,40.1152227594982],[-111.633042860739,40.1152316815185],[-111.632958770755,40.1152362789125],[-111.632871661775,40.1152372910477],[-111.632621475853,40.1152401973656],[-111.632495464237,40.1152416610689],[-111.632511964376,40.1151723124794],[-111.632511045542,40.1146961311541],[-111.63256430646,40.1146942271125],[-111.632616408719,40.1146855329854],[-111.632665894248,40.1146702920761],[-111.632711378207,40.1146489308982],[-111.632751587743,40.1146220472389],[-111.632785397609,40.1145903934303],[-111.632811861657,40.1145548552945],[-111.63283023931,40.114516427354],[-111.632840016291,40.1144761849996],[-111.63284091901,40.1144352543962],[-111.633279353169,40.114484089103],[-111.633617206362,40.1145308404837]]]},"properties":{"zone_code":"P-F","zone_description":"P-F","zone_class_normalized":"Other/Unknown","jurisdiction":"spanish_fork_ut","source_rest_url":"https://services.arcgis.com/FvF9MZKp3JWPrSkg/arcgis/rest/services/SF_Zoning/FeatureServer/0","extraction_method":"arcgis_rest","confidence":"rest_api"}},{"type":"Feature","geometry":{"type":"Polygon","coordinates":[[[-111.657471962241,40.1034734690578],[-111.656200131202,40.1034751815221],[-111.656199675448,40.1032747753751],[-111.656286817519,40.1032746584852],[-111.656321403146,40.1023700362356],[-111.65689610517,40.1023774994299],[-111.656882976668,40.1019121889404],[-111.658437253473,40.101932047524],[-111.65867321862,40.1019385895652],[-111.659293504778,40.1019487241199],[-111.659861522855,40.1019657903671],[-111.660156941687,40.1019804836875],[-111.660156348796,40.1021095135652],[-111.660159743796,40.1024156097412],[-111.660179135557,40.1024910787959],[-111.657547932469,40.1034733663277],[-111.657471962241,40.1034734690578]]]},"properties":{"zone_code":"I-1","zone_description":"I-1","zone_class_normalized":"Industrial/Flex","jurisdiction":"spanish_fork_ut","source_rest_url":"https://services.arcgis.com/FvF9MZKp3JWPrSkg/arcgis/rest/services/SF_Zoning/FeatureServer/0","extraction_method":"arcgis_rest","confidence":"rest_api"}},{"type":"Feature","geometry":{"type":"Polygon","coordinates":[[[-111.663103444775,40.1110779458555],[-111.663218692535,40.1110777844394],[-111.663644701676,40.1114067316215],[-111.66362755057,40.1125479556623],[-111.662506805873,40.1125342674928],[-111.662535399751,40.1111824856165],[-111.663103683917,40.1111786399544],[-111.663103444775,40.1110779458555]]]},"properties":{"zone_code":"P-F","zone_description":"P-F","zone_class_normalized":"Other/Unknown","jurisdiction":"spanish_fork_ut","source_rest_url":"https://services.arcgis.com/FvF9MZKp3JWPrSkg/arcgis/rest/services/SF_Zoning/FeatureServer/0","extraction_method":"arcgis_rest","confidence":"rest_api"}},{"type":"Feature","geometry":{"type":"Polygon","coordinates":[[[-111.630841016876,40.1000967674585],[-111.630897046822,40.0999525762991],[-111.630896409009,40.0998523735939],[-111.630889986933,40.0990617345419],[-111.63088111329,40.0979224449238],[-111.630878706061,40.0975971294929],[-111.630786650623,40.0975944875986],[-111.628506420216,40.097609379629],[-111.628448575402,40.0936781708516],[-111.630847939689,40.0936439288824],[-111.630859187877,40.0950920636169],[-111.63200350209,40.0950825363626],[-111.632287677604,40.0950780959768],[-111.633029839773,40.0950662694221],[-111.63319873855,40.0950647037295],[-111.633651371177,40.095061439887],[-111.633629317195,40.0954389442993],[-111.633613337094,40.0957231014274],[-111.633609446415,40.0957903657956],[-111.633602154583,40.0959468563836],[-111.633564730731,40.0969228540851],[-111.633152280265,40.0969150904389],[-111.632828317718,40.0969140877029],[-111.632380577517,40.0969118521678],[-111.631920772632,40.0969096285772],[-111.63191673876,40.1003934190142],[-111.630841016876,40.1000967674585]]]},"properties":{"zone_code":"R-R","zone_description":"R-R","zone_class_normalized":"Residential-Low","jurisdiction":"spanish_fork_ut","source_rest_url":"https://services.arcgis.com/FvF9MZKp3JWPrSkg/arcgis/rest/services/SF_Zoning/FeatureServer/0","extraction_method":"arcgis_rest","confidence":"rest_api"}},{"type":"Feature","geometry":{"type":"Polygon","coordinates":[[[-111.665119277626,40.1098841272685],[-111.665058854784,40.1098618668543],[-111.664717118432,40.1092197869575],[-111.664676808039,40.1091726657406],[-111.664454256574,40.1087724163585],[-111.664397039268,40.1086994579361],[-111.664320078694,40.1084847586182],[-111.664290544827,40.1084059474082],[-111.664204432472,40.1081761552526],[-111.664192585045,40.108117355713],[-111.664188219756,40.1080956904765],[-111.664185249391,40.1079852290965],[-111.664363880888,40.1079825357449],[-111.664481851904,40.1079729314424],[-111.664856368198,40.1079737745819],[-111.665462838819,40.1079770327311],[-111.665558925437,40.1079768962059],[-111.665558849333,40.1079453253296],[-111.666073463368,40.1079452033598],[-111.666715909505,40.107945047864],[-111.66900285507,40.1079765168911],[-111.669009209616,40.1080806182238],[-111.668997853694,40.109824601008],[-111.668977148718,40.1099007394601],[-111.66602162331,40.1098842175084],[-111.665119277626,40.1098841272685]]]},"properties":{"zone_code":"P-F","zone_description":"P-F","zone_class_normalized":"Other/Unknown","jurisdiction":"spanish_fork_ut","source_rest_url":"https://services.arcgis.com/FvF9MZKp3JWPrSkg/arcgis/rest/services/SF_Zoning/FeatureServer/0","extraction_method":"arcgis_rest","confidence":"rest_api"}},{"type":"Feature","geometry":{"type":"Polygon","coordinates":[[[-111.655417601035,40.098070887447],[-111.655449122185,40.0972471002288],[-111.654598822557,40.096671718483],[-111.654511959708,40.0965935926248],[-111.654425097056,40.0965154667004],[-111.65434001887,40.0964359656938],[-111.654254047206,40.0963564658071],[-111.654169863088,40.0962769634894],[-111.654085676086,40.0961960884618],[-111.654002386032,40.0961165848375],[-111.653919093095,40.0960357085046],[-111.653836690949,40.0959534582826],[-111.653755185742,40.0958725794682],[-111.653666059987,40.0957807294374],[-111.655314215256,40.0956838302494],[-111.655351743023,40.0956810348951],[-111.655381409895,40.0949685890309],[-111.655546745722,40.094972486289],[-111.655738447558,40.0949777207106],[-111.655872949149,40.0949802860813],[-111.655856366666,40.0949583458422],[-111.655343559528,40.0946309671328],[-111.655422685032,40.0946473333916],[-111.655560853828,40.0946910737893],[-111.655763415667,40.0947566903522],[-111.655801436435,40.0947744839725],[-111.656236667512,40.0949797987288],[-111.656680478621,40.0952235345619],[-111.656899917566,40.0954387454874],[-111.656968243701,40.0956170981523],[-111.657089551926,40.0957116475662],[-111.657599379517,40.0959017573878],[-111.656606624239,40.0963437176666],[-111.656581223943,40.0965702393068],[-111.656547618684,40.097117972355],[-111.656344102008,40.0978141798287],[-111.656750374612,40.0980483570732],[-111.656414954108,40.0983164749234],[-111.656473523883,40.0984902480578],[-111.656006174397,40.0981683672396],[-111.655803728816,40.0980742620313],[-111.655753548517,40.0980703105274],[-111.655417601035,40.098070887447]]]},"properties":{"zone_code":"R-O","zone_description":"R-O","zone_class_normalized":"Residential-Low","jurisdiction":"spanish_fork_ut","source_rest_url":"https://services.arcgis.com/FvF9MZKp3JWPrSkg/arcgis/rest/services/SF_Zoning/FeatureServer/0","extraction_method":"arcgis_rest","confidence":"rest_api"}},{"type":"Feature","geometry":{"type":"Polygon","coordinates":[[[-111.657395617708,40.1092949724378],[-111.657410232877,40.1096532199533],[-111.65740547282,40.1098343929411],[-111.656569459741,40.109836908631],[-111.656571999333,40.1093825591102],[-111.657161489651,40.1093817653016],[-111.65717469941,40.1092952707206],[-111.657395617708,40.1092949724378]]]},"properties":{"zone_code":"R-O","zone_description":"R-O","zone_class_normalized":"Residential-Low","jurisdiction":"spanish_fork_ut","source_rest_url":"https://services.arcgis.com/FvF9MZKp3JWPrSkg/arcgis/rest/services/SF_Zoning/FeatureServer/0","extraction_method":"arcgis_rest","confidence":"rest_api"}},{"type":"Feature","geometry":{"type":"Polygon","coordinates":[[[-111.628544287362,40.0994582974487],[-111.62849103682,40.0994185493633],[-111.62853429724,40.0993732041901],[-111.628506420216,40.097609379629],[-111.630786650623,40.0975944875986],[-111.630878706061,40.0975971294929],[-111.63088111329,40.0979224449238],[-111.630889986933,40.0990617345419],[-111.630896409009,40.0998523735938],[-111.630897046822,40.0999525762991],[-111.630841016876,40.1000967674585],[-111.629045038872,40.0996018719476],[-111.628544287362,40.0994582974487]]]},"properties":{"zone_code":"R-1-8","zone_description":"R-1-8","zone_class_normalized":"Residential-Medium","jurisdiction":"spanish_fork_ut","source_rest_url":"https://services.arcgis.com/FvF9MZKp3JWPrSkg/arcgis/rest/services/SF_Zoning/FeatureServer/0","extraction_method":"arcgis_rest","confidence":"rest_api"}},{"type":"Feature","geometry":{"type":"Polygon","coordinates":[[[-111.655752517295,40.1090856334729],[-111.655747593262,40.1090875590477],[-111.655563274016,40.1090947165584],[-111.655027138799,40.1090954312889],[-111.654792132993,40.1090962007422],[-111.654795629989,40.1084583963775],[-111.65574935528,40.1084598704192],[-111.655749548275,40.1085449742887],[-111.655752517295,40.1090856334729]]]},"properties":{"zone_code":"C-O","zone_description":"C-O","zone_class_normalized":"Other/Unknown","jurisdiction":"spanish_fork_ut","source_rest_url":"https://services.arcgis.com/FvF9MZKp3JWPrSkg/arcgis/rest/services/SF_Zoning/FeatureServer/0","extraction_method":"arcgis_rest","confidence":"rest_api"}},{"type":"Feature","geometry":{"type":"Polygon","coordinates":[[[-111.626072812739,40.0987829098244],[-111.626095614863,40.0987897483902],[-111.626136298694,40.0988006855373],[-111.62613634336,40.0990683522096],[-111.626137177691,40.0995226983647],[-111.624464694993,40.0990907402897],[-111.624468267268,40.0983495055326],[-111.626072812739,40.0987829098244]]]},"properties":{"zone_code":"C-1","zone_description":"C-1","zone_class_normalized":"Other/Unknown","jurisdiction":"spanish_fork_ut","source_rest_url":"https://services.arcgis.com/FvF9MZKp3JWPrSkg/arcgis/rest/services/SF_Zoning/FeatureServer/0","extraction_method":"arcgis_rest","confidence":"rest_api"}},{"type":"Feature","geometry":{"type":"Polygon","coordinates":[[[-111.655752493071,40.1098434943894],[-111.656569459769,40.1098369086192],[-111.656566685975,40.1103845983817],[-111.655739864795,40.1103843340531],[-111.655752493071,40.1098434943894]]]},"properties":{"zone_code":"C-O","zone_description":"C-O","zone_class_normalized":"Other/Unknown","jurisdiction":"spanish_fork_ut","source_rest_url":"https://services.arcgis.com/FvF9MZKp3JWPrSkg/arcgis/rest/services/SF_Zoning/FeatureServer/0","extraction_method":"arcgis_rest","confidence":"rest_api"}},{"type":"Feature","geometry":{"type":"Polygon","coordinates":[[[-111.626136298694,40.0988006855373],[-111.626095614863,40.0987897483902],[-111.626072812739,40.0987829098244],[-111.626072280228,40.0987362403039],[-111.626026842852,40.0941859523867],[-111.626024647608,40.0939635852138],[-111.626022472523,40.0937521992198],[-111.626021405131,40.0936574874102],[-111.626020900394,40.0936259169677],[-111.626018722813,40.0934131583066],[-111.62601867497,40.0933870779748],[-111.626017569818,40.0932717764203],[-111.626040804332,40.0932717512774],[-111.626092188354,40.0932716956566],[-111.629582280283,40.0932678647268],[-111.629579146267,40.0930276541258],[-111.629575632776,40.0928231328858],[-111.630290983003,40.0928223347952],[-111.630273013067,40.0918285546825],[-111.630268877265,40.0917681626026],[-111.630639719882,40.091763629244],[-111.630833190246,40.0917647847108],[-111.630839185089,40.0925664069183],[-111.63083974432,40.0926254303325],[-111.630842119817,40.0929342743831],[-111.630843290579,40.0930797741807],[-111.630844424744,40.0932060568868],[-111.630844965683,40.0932554717486],[-111.630844997057,40.0932719435364],[-111.630845514466,40.0933090045567],[-111.63084554584,40.0933254763443],[-111.6308479057,40.0936260844473],[-111.630847939689,40.0936439288824],[-111.628448575402,40.0936781708516],[-111.628506420216,40.097609379629],[-111.62853429724,40.0993732041901],[-111.62849103682,40.0994185493633],[-111.628544287362,40.0994582974487],[-111.628516577042,40.0994555827278],[-111.628480810446,40.0994460136388],[-111.628218816017,40.0993735519104],[-111.628069935771,40.0993325362155],[-111.627821802424,40.0992641763002],[-111.626199784682,40.0988184612156],[-111.626136298694,40.0988006855373]]]},"properties":{"zone_code":"R-1-9","zone_description":"R-1-9","zone_class_normalized":"Residential-Low","jurisdiction":"spanish_fork_ut","source_rest_url":"https://services.arcgis.com/FvF9MZKp3JWPrSkg/arcgis/rest/services/SF_Zoning/FeatureServer/0","extraction_method":"arcgis_rest","confidence":"rest_api"}},{"type":"Feature","geometry":{"type":"Polygon","coordinates":[[[-111.66547062317,40.1051970413713],[-111.665467716136,40.1062352443104],[-111.665354328414,40.1062120034731],[-111.665128929205,40.1061738410368],[-111.665007360392,40.1057693142861],[-111.665066988685,40.1055812154734],[-111.66507254465,40.1051808856753],[-111.665357200349,40.1051915230115],[-111.66547062317,40.1051970413713]]]},"properties":{"zone_code":"P-F","zone_description":"P-F","zone_class_normalized":"Other/Unknown","jurisdiction":"spanish_fork_ut","source_rest_url":"https://services.arcgis.com/FvF9MZKp3JWPrSkg/arcgis/rest/services/SF_Zoning/FeatureServer/0","extraction_method":"arcgis_rest","confidence":"rest_api"}},{"type":"Feature","geometry":{"type":"Polygon","coordinates":[[[-111.611887204518,40.0972765047611],[-111.611886093971,40.0971433586979],[-111.616087268522,40.097114539425],[-111.61663778097,40.0971153620257],[-111.616638953364,40.097805803886],[-111.611892104808,40.0978159514743],[-111.611887204518,40.0972765047611]]]},"properties":{"zone_code":"R-3","zone_description":"R-3","zone_class_normalized":"Residential-High","jurisdiction":"spanish_fork_ut","source_rest_url":"https://services.arcgis.com/FvF9MZKp3JWPrSkg/arcgis/rest/services/SF_Zoning/FeatureServer/0","extraction_method":"arcgis_rest","confidence":"rest_api"}},{"type":"Feature","geometry":{"type":"Polygon","coordinates":[[[-111.660127471834,40.1025104244323],[-111.660068368952,40.1059681505018],[-111.660058719447,40.1060464047344],[-111.659646667744,40.1060428521614],[-111.659326233931,40.1060405455896],[-111.659196170096,40.1060338604387],[-111.658960177893,40.1060218288009],[-111.658752790786,40.106011130264],[-111.658538697044,40.1059990681015],[-111.658306280734,40.1059870306235],[-111.658291758257,40.1058909648101],[-111.658224267158,40.1058869384721],[-111.657478747568,40.1058481418591],[-111.657484405811,40.1057822470954],[-111.657471962185,40.1034734691055],[-111.657547932585,40.1034733663751],[-111.660127471834,40.1025104244323]]]},"properties":{"zone_code":"P-F","zone_description":"P-F","zone_class_normalized":"Other/Unknown","jurisdiction":"spanish_fork_ut","source_rest_url":"https://services.arcgis.com/FvF9MZKp3JWPrSkg/arcgis/rest/services/SF_Zoning/FeatureServer/0","extraction_method":"arcgis_rest","confidence":"rest_api"}},{"type":"Feature","geometry":{"type":"Polygon","coordinates":[[[-111.609750590599,40.0962230121118],[-111.611877457882,40.0962305544474],[-111.61187093776,40.0955195276881],[-111.611870910934,40.0955030559048],[-111.612041670292,40.095545444021],[-111.61230318619,40.095617942551],[-111.613528068626,40.0959557998351],[-111.613692788937,40.0955877687712],[-111.613702138201,40.0955671697951],[-111.613710151821,40.0955493175993],[-111.6137346365,40.0954943876605],[-111.613780045189,40.0953927671488],[-111.613756853165,40.0953805472514],[-111.61370823223,40.0953670736148],[-111.61361972985,40.0953425478521],[-111.613626539025,40.095246043283],[-111.613631010528,40.094437547561],[-111.613631352879,40.0943744052734],[-111.613632420797,40.094209686087],[-111.613633046484,40.0940477349423],[-111.611836416728,40.094008930517],[-111.611834828692,40.0939245418804],[-111.611823626611,40.0930817446512],[-111.611843733436,40.0930817253437],[-111.611858478121,40.093081711183],[-111.616521109926,40.0931375362822],[-111.616537875805,40.0940654320287],[-111.616540883365,40.0942273137133],[-111.616955474776,40.0942214955357],[-111.616973082812,40.0961651516092],[-111.616973526841,40.0962759777224],[-111.616576741167,40.0961669217393],[-111.616165905747,40.096053402141],[-111.616082754923,40.0960301500729],[-111.616074571185,40.096211348111],[-111.61608581654,40.0970486536732],[-111.616087268522,40.097114539425],[-111.611886093971,40.0971433586979],[-111.611887204518,40.0972765047611],[-111.611790239378,40.0972765979112],[-111.609756195708,40.0972716691129],[-111.609755198882,40.0972071554093],[-111.609741114943,40.0962229784221],[-111.609750590599,40.0962230121118]]]},"properties":{"zone_code":"R-1-8","zone_description":"R-1-8","zone_class_normalized":"Residential-Medium","jurisdiction":"spanish_fork_ut","source_rest_url":"https://services.arcgis.com/FvF9MZKp3JWPrSkg/arcgis/rest/services/SF_Zoning/FeatureServer/0","extraction_method":"arcgis_rest","confidence":"rest_api"}},{"type":"Feature","geometry":{"type":"Polygon","coordinates":[[[-111.656423252362,40.0999398838874],[-111.657233430044,40.0999553935304],[-111.657268530896,40.099883313841],[-111.657268805624,40.0998834864889],[-111.657569112937,40.0993458637511],[-111.659335451339,40.1005592957246],[-111.660230734548,40.1006035645055],[-111.660324528848,40.1005685725484],[-111.662546372453,40.1020927070202],[-111.661336750225,40.1023973958248],[-111.661329731224,40.1024002686805],[-111.661213893973,40.1024004290641],[-111.660179135505,40.1024910787657],[-111.66015974383,40.102415609623],[-111.660156349001,40.1021095135344],[-111.660156941835,40.1019804836567],[-111.659861522917,40.1019657902484],[-111.659293504811,40.1019487240891],[-111.658673218767,40.1019385895343],[-111.658437253391,40.1019320474056],[-111.656882976756,40.1019121889975],[-111.656306947406,40.1019088453847],[-111.656307866243,40.1017235365464],[-111.656224748047,40.1017236480577],[-111.656223562086,40.1010057537502],[-111.656221994876,40.1003166855632],[-111.65641146486,40.1003164312831],[-111.656423252362,40.0999398838874]]]},"properties":{"zone_code":"R-R","zone_description":"R-R","zone_class_normalized":"Residential-Low","jurisdiction":"spanish_fork_ut","source_rest_url":"https://services.arcgis.com/FvF9MZKp3JWPrSkg/arcgis/rest/services/SF_Zoning/FeatureServer/0","extraction_method":"arcgis_rest","confidence":"rest_api"}},{"type":"Feature","geometry":{"type":"Polygon","coordinates":[[[-111.607086854323,40.0951323493817],[-111.607056153319,40.0951566938964],[-111.607099802609,40.0964738870205],[-111.601582327967,40.0935166495684],[-111.601341748893,40.0933878299239],[-111.597482889213,40.0913131249836],[-111.597551017302,40.0905957114096],[-111.597602759938,40.0904940732915],[-111.600708508892,40.0914927472473],[-111.600980738918,40.0915776161162],[-111.600999070073,40.0915858361316],[-111.601195311287,40.091648807767],[-111.601230178486,40.0916597585044],[-111.60132718218,40.0916912452564],[-111.605007111693,40.092872583875],[-111.606868580839,40.0934693666768],[-111.606990177601,40.0935090619247],[-111.607017446406,40.093517272779],[-111.607071539355,40.0935350675288],[-111.607073690348,40.0937684162722],[-111.607086854323,40.0951323493817]]]},"properties":{"zone_code":"R-1-6","zone_description":"R-1-6","zone_class_normalized":"Residential-Medium","jurisdiction":"spanish_fork_ut","source_rest_url":"https://services.arcgis.com/FvF9MZKp3JWPrSkg/arcgis/rest/services/SF_Zoning/FeatureServer/0","extraction_method":"arcgis_rest","confidence":"rest_api"}},{"type":"Feature","geometry":{"type":"Polygon","coordinates":[[[-111.665467716136,40.1062352443104],[-111.66547062317,40.1051970413713],[-111.665474369436,40.1038590711656],[-111.663283732157,40.1025457921196],[-111.662996836672,40.102546193945],[-111.662997029328,40.102439126749],[-111.662918281283,40.1023980576075],[-111.663137300448,40.1023948879338],[-111.663150999636,40.1018093487619],[-111.665286115062,40.1009255309702],[-111.665825022889,40.1007326724451],[-111.666014987925,40.1006800592902],[-111.666289248868,40.1006276101169],[-111.666669021577,40.1005930426772],[-111.66692264465,40.1005742258609],[-111.666676481995,40.1041042574816],[-111.666654280026,40.1044222999868],[-111.666652384451,40.1045472859287],[-111.666721393079,40.1045997238097],[-111.666720755887,40.1046000487108],[-111.666725225315,40.1046026358073],[-111.666715909505,40.107945047864],[-111.666073463368,40.1079452033598],[-111.665558849333,40.1079453253296],[-111.665558925437,40.1079768962059],[-111.665462838819,40.1079770327311],[-111.665467716136,40.1062352443104]]]},"properties":{"zone_code":"R-R","zone_description":"R-R","zone_class_normalized":"Residential-Low","jurisdiction":"spanish_fork_ut","source_rest_url":"https://services.arcgis.com/FvF9MZKp3JWPrSkg/arcgis/rest/services/SF_Zoning/FeatureServer/0","extraction_method":"arcgis_rest","confidence":"rest_api"}},{"type":"Feature","geometry":{"type":"Polygon","coordinates":[[[-111.655801436435,40.0947744839725],[-111.655819703416,40.0947511244502],[-111.655895473978,40.0946672912777],[-111.655979299688,40.0945889378745],[-111.656069390118,40.0945146939705],[-111.656458340343,40.0942149339346],[-111.656551113832,40.0941420586974],[-111.656647458573,40.0940678059291],[-111.657335220204,40.0935260538008],[-111.657992018417,40.0942911046755],[-111.659020461737,40.0938408476686],[-111.6590194708,40.093991840785],[-111.659122442247,40.0963938410648],[-111.659047316319,40.096369235952],[-111.657599379517,40.0959017573878],[-111.657089551926,40.0957116475661],[-111.656968243701,40.0956170981523],[-111.656899917566,40.0954387454874],[-111.656680478621,40.0952235345619],[-111.656236667512,40.0949797987287],[-111.655801436435,40.0947744839725]]]},"properties":{"zone_code":"C-2","zone_description":"C-2","zone_class_normalized":"Other/Unknown","jurisdiction":"spanish_fork_ut","source_rest_url":"https://services.arcgis.com/FvF9MZKp3JWPrSkg/arcgis/rest/services/SF_Zoning/FeatureServer/0","extraction_method":"arcgis_rest","confidence":"rest_api"}},{"type":"Feature","geometry":{"type":"Polygon","coordinates":[[[-111.677248580337,40.1010739699424],[-111.677262326927,40.101075756781],[-111.677261662127,40.1009093811361],[-111.678076809381,40.1005497256203],[-111.678488721463,40.1006324254318],[-111.678599767313,40.1007739313774],[-111.678598179602,40.101065680865],[-111.678597319592,40.1012061122176],[-111.678145709969,40.1010129420129],[-111.677947491786,40.1009707997991],[-111.677604327584,40.1009743344019],[-111.677263404206,40.1010834680755],[-111.677248580337,40.1010739699424]]]},"properties":{"zone_code":"R-1-12","zone_description":"R-1-12","zone_class_normalized":"Residential-Low","jurisdiction":"spanish_fork_ut","source_rest_url":"https://services.arcgis.com/FvF9MZKp3JWPrSkg/arcgis/rest/services/SF_Zoning/FeatureServer/0","extraction_method":"arcgis_rest","confidence":"rest_api"}},{"type":"Feature","geometry":{"type":"Polygon","coordinates":[[[-111.609741154049,40.0960791920926],[-111.609746739911,40.0959986976545],[-111.609748257426,40.0959987762065],[-111.609747986084,40.095980820312],[-111.609747993309,40.0959805546379],[-111.609732192535,40.0948677877747],[-111.609770107626,40.0944838212911],[-111.609822050982,40.0942985532816],[-111.609628483228,40.0942450947046],[-111.609541760026,40.0942204685838],[-111.609539291901,40.0937935762865],[-111.609537636343,40.0935959160518],[-111.60953432284,40.093199223167],[-111.609445852973,40.0931993063394],[-111.608338653046,40.0932085772903],[-111.608338683353,40.0932277943828],[-111.608352233348,40.093886654429],[-111.607670986512,40.0937019783915],[-111.607071539342,40.0935350673942],[-111.607017446427,40.0935172727404],[-111.606990177765,40.0935090618858],[-111.606868580773,40.0934693665504],[-111.605007111741,40.0928725839236],[-111.601327182207,40.0916912452444],[-111.601230178495,40.0916597585208],[-111.601195311296,40.0916488077833],[-111.600999070082,40.091585836148],[-111.600980738927,40.0915776161325],[-111.601043271793,40.0915638352002],[-111.601181739221,40.0915348893794],[-111.602716043314,40.0912150910001],[-111.606480042106,40.0904238079961],[-111.606680142063,40.0903810727334],[-111.607043718564,40.0903052431463],[-111.607043126118,40.0899250190304],[-111.607306289011,40.0899247768458],[-111.608092929404,40.0889659375581],[-111.611400257197,40.0866004843705],[-111.611779103927,40.0865891402885],[-111.611779175392,40.0866330649663],[-111.611840476302,40.0891600608815],[-111.611840476463,40.0894345916354],[-111.611840726741,40.0895883285108],[-111.611841151258,40.0901236626561],[-111.611841553662,40.0906452700508],[-111.616475348279,40.0906558270718],[-111.616471899492,40.0904664044695],[-111.616529538685,40.0904677195501],[-111.61659297261,40.0904607927096],[-111.616610395484,40.0904594027006],[-111.620018391349,40.0904235060107],[-111.619996549986,40.0908105899989],[-111.619922674342,40.0908671170852],[-111.619962201013,40.09183705582],[-111.620173602591,40.0918053131506],[-111.620473216826,40.0917126828786],[-111.620772769,40.0915840249321],[-111.621084125311,40.0915003881815],[-111.62131755842,40.091491025395],[-111.621317367105,40.0914655766191],[-111.621325162081,40.0914593680015],[-111.625998151058,40.0914544060662],[-111.626000737642,40.0916465746045],[-111.626002806735,40.0918003092529],[-111.626003374364,40.0918661959495],[-111.626004969223,40.0920048321913],[-111.625969224247,40.09200487086],[-111.624770434846,40.0920061613475],[-111.621317938717,40.0920098089877],[-111.621317972655,40.0920290260824],[-111.621320099385,40.092221195162],[-111.621269165436,40.0922226207737],[-111.621171762933,40.092224094896],[-111.621005998629,40.0922256398103],[-111.619593655936,40.0922421979557],[-111.617200131769,40.0922693389815],[-111.616609889641,40.0922671861645],[-111.616504889115,40.0922672912509],[-111.616521109959,40.093137536271],[-111.61185847813,40.0930817111994],[-111.611843733445,40.0930817253602],[-111.611823626619,40.0930817446676],[-111.611834828701,40.0939245418969],[-111.611850481165,40.0947563534643],[-111.611864953989,40.0948634063374],[-111.611870910934,40.0955030559049],[-111.61187093776,40.0955195276881],[-111.611877457653,40.0962305544476],[-111.609750590599,40.0962230120249],[-111.609748554462,40.0960796727009],[-111.609741154049,40.0960791920926]]]},"properties":{"zone_code":"R-1-9","zone_description":"R-1-9","zone_class_normalized":"Residential-Low","jurisdiction":"spanish_fork_ut","source_rest_url":"https://services.arcgis.com/FvF9MZKp3JWPrSkg/arcgis/rest/services/SF_Zoning/FeatureServer/0","extraction_method":"arcgis_rest","confidence":"rest_api"}},{"type":"Feature","geometry":{"type":"Polygon","coordinates":[[[-111.675009823834,40.1061587387891],[-111.675012826056,40.105215965767],[-111.674869771667,40.1052170877483],[-111.674769197385,40.105217206714],[-111.674396298546,40.1052157752875],[-111.674163500838,40.1051948074331],[-111.673895844,40.1052003454635],[-111.673628232298,40.1051993162351],[-111.673360620604,40.1051982865677],[-111.673093008918,40.1051972562854],[-111.67282539724,40.1051962252125],[-111.672557785799,40.1051951937003],[-111.672290173908,40.1051941615739],[-111.672021823689,40.1051964320108],[-111.67166656296,40.1052040735083],[-111.671632719427,40.1052039427614],[-111.671525465756,40.1052035283175],[-111.671534519012,40.103827768525],[-111.671535151258,40.1037316846015],[-111.670506596468,40.103727704863],[-111.669520120092,40.1037238795302],[-111.668525377214,40.103720013703],[-111.668018550318,40.1037180408175],[-111.667961532598,40.1037178187349],[-111.667955948263,40.1038046694092],[-111.667941830106,40.104024244407],[-111.667927531245,40.1042163647372],[-111.667912112278,40.1044084806972],[-111.667896693223,40.1046005966457],[-111.667876538005,40.1047245834904],[-111.667864059526,40.1047168533212],[-111.667872163052,40.1047514965248],[-111.667842177433,40.1049023752635],[-111.667812022289,40.1050527554231],[-111.667797138527,40.1051276468554],[-111.667796882446,40.1051289353879],[-111.667569915597,40.1050353877019],[-111.667373800617,40.1049545557403],[-111.66718785906,40.1048663280802],[-111.66698189015,40.1047450121977],[-111.666729393512,40.1045956449087],[-111.666721393079,40.1045997238097],[-111.666652384451,40.1045472859287],[-111.666654280026,40.1044222999868],[-111.666676481995,40.1041042574816],[-111.66692264465,40.1005742258609],[-111.667208297411,40.1005526503917],[-111.66758627535,40.1005269772671],[-111.667832444995,40.1005004506131],[-111.668075485138,40.1004603693199],[-111.668156046166,40.1004445713147],[-111.668160650324,40.1003490285188],[-111.668166078732,40.1003489426265],[-111.668314420391,40.1003227337235],[-111.668461964596,40.1002901866649],[-111.668678485915,40.1002300840823],[-111.668749172329,40.10020709873],[-111.669293277294,40.1001644980203],[-111.669376422594,40.1000839661505],[-111.66960965775,40.1002273788047],[-111.669822241078,40.100345675794],[-111.670019683016,40.1004555474824],[-111.670170757131,40.1005864308967],[-111.670478763011,40.1008535347191],[-111.670756917815,40.1010947478003],[-111.67110712945,40.1013296977082],[-111.671488495584,40.1015345418084],[-111.671778190123,40.1016425477813],[-111.672233395941,40.1017193562661],[-111.672692235936,40.1017759985339],[-111.673156838501,40.1018007625715],[-111.673635600793,40.1017459790024],[-111.673627568399,40.1018338155776],[-111.673601706733,40.1021156847095],[-111.673672113427,40.1022806477647],[-111.673670141308,40.1025825186826],[-111.673920310738,40.1025834820819],[-111.674461541723,40.1025373485888],[-111.674792220492,40.1027652262238],[-111.67490608431,40.1027656638082],[-111.674905637736,40.1027079646773],[-111.675014572329,40.1026529545693],[-111.675137120394,40.1026527683256],[-111.677252583201,40.1026618086381],[-111.677453105568,40.1029292951102],[-111.677683287614,40.1029803492879],[-111.678149678809,40.1032707591691],[-111.678225128502,40.1034133259699],[-111.678341113193,40.1033576668811],[-111.67858359279,40.1034479979359],[-111.678565632811,40.1067496084726],[-111.678192198874,40.1070162235732],[-111.678082956613,40.1069989421413],[-111.678064186371,40.1069989708355],[-111.677371009848,40.106990419754],[-111.677303080073,40.1069905231774],[-111.677303637397,40.1069384737682],[-111.677222534064,40.1069369101529],[-111.677215148624,40.1075667222512],[-111.677139445688,40.1076205689293],[-111.67716086991,40.1057917597795],[-111.675084315231,40.106150879947],[-111.675009823834,40.1061587387891]]]},"properties":{"zone_code":"R-1-12","zone_description":"R-1-12","zone_class_normalized":"Residential-Low","jurisdiction":"spanish_fork_ut","source_rest_url":"https://services.arcgis.com/FvF9MZKp3JWPrSkg/arcgis/rest/services/SF_Zoning/FeatureServer/0","extraction_method":"arcgis_rest","confidence":"rest_api"}},{"type":"Feature","geometry":{"type":"Polygon","coordinates":[[[-111.655106511405,40.0838435974893],[-111.657445381396,40.0844691349686],[-111.6575084126,40.084485518687],[-111.657818083547,40.0845684205101],[-111.657480588074,40.0855096207871],[-111.657412909579,40.0856983593077],[-111.657573661082,40.0856981411753],[-111.657123994628,40.08629278776],[-111.657037086572,40.0864365993952],[-111.656992855072,40.086509793743],[-111.656975062025,40.086539234554],[-111.65761031524,40.0869731905638],[-111.657559800358,40.0893611206438],[-111.65838280059,40.0893641206424],[-111.658866952174,40.0900621435662],[-111.656985064994,40.0900729320401],[-111.657134019529,40.0911241842702],[-111.657459209223,40.0934270544271],[-111.657335219344,40.0935260551079],[-111.65664745767,40.0940678047916],[-111.656551114672,40.0941420579721],[-111.656458339932,40.0942149353314],[-111.656069390907,40.094514695038],[-111.655979300587,40.0945889376646],[-111.65589547391,40.0946672906262],[-111.655819702683,40.0947511229272],[-111.655801435915,40.0947744834787],[-111.655763415423,40.0947566895977],[-111.65556085366,40.094691073992],[-111.655422685049,40.0946473324567],[-111.655343560492,40.0946309679613],[-111.654538561655,40.0941172946176],[-111.654531122482,40.0929958474706],[-111.654200596848,40.0922523062683],[-111.654171136229,40.0910704910329],[-111.653921485288,40.0909212027389],[-111.653899143643,40.0909212329395],[-111.653866485409,40.0909020588882],[-111.653840090818,40.0908869921203],[-111.653653534683,40.0907801723313],[-111.653535413679,40.0907062040676],[-111.65324243043,40.0901589042026],[-111.653169788832,40.0900423216287],[-111.652537945969,40.0894062414141],[-111.652450671656,40.0893390938045],[-111.654496189948,40.0879925705849],[-111.65449555832,40.0879102132113],[-111.655513744743,40.087895132358],[-111.655531860183,40.0880035473098],[-111.655933976896,40.0880085004263],[-111.655941038848,40.0879700567157],[-111.655947216958,40.0879357305176],[-111.655954287682,40.0879014043021],[-111.6559604636,40.0878670814251],[-111.65597460724,40.0877998014217],[-111.655981677964,40.0877654751377],[-111.655995823798,40.0876981950338],[-111.656003787135,40.0876638686986],[-111.656010860052,40.0876309148635],[-111.656026793305,40.0875636346267],[-111.656034756642,40.0875293082236],[-111.656042724365,40.0874963543234],[-111.656051580315,40.0874620245305],[-111.656059548039,40.0874290705978],[-111.656068406182,40.087394740771],[-111.656086124661,40.0873274569449],[-111.656094984998,40.087294502947],[-111.656103843141,40.0872601764082],[-111.65611359609,40.0872272190219],[-111.656122454233,40.0871928890933],[-111.656132209376,40.0871599316744],[-111.656151715275,40.0870926476163],[-111.656161468224,40.0870596901489],[-111.65617211598,40.0870267326655],[-111.656181866736,40.0869924026358],[-111.656213810003,40.0868935300401],[-111.656238656228,40.0868166279145],[-111.656245751076,40.0867932814106],[-111.656257291445,40.0867603237983],[-111.656268834007,40.0867273628141],[-111.656280374376,40.0866944051699],[-111.656287475804,40.0866738036977],[-111.654477627105,40.0866913178019],[-111.654489452584,40.0869836775033],[-111.654145539946,40.0868317694116],[-111.652886192276,40.0864820308418],[-111.654477537186,40.0842672108528],[-111.654478552615,40.0847188134154],[-111.655106511405,40.0838435974893]],[[-111.65645744074,40.0915297562675],[-111.656369727797,40.091577100359],[-111.656431372929,40.0916444605186],[-111.656519083679,40.091597116474],[-111.65645744074,40.0915297562675]]]},"properties":{"zone_code":"R-R","zone_description":"R-R","zone_class_normalized":"Residential-Low","jurisdiction":"spanish_fork_ut","source_rest_url":"https://services.arcgis.com/FvF9MZKp3JWPrSkg/arcgis/rest/services/SF_Zoning/FeatureServer/0","extraction_method":"arcgis_rest","confidence":"rest_api"}},{"type":"Feature","geometry":{"type":"Polygon","coordinates":[[[-111.657524559728,40.0911790987306],[-111.657631254135,40.0911710621559],[-111.657641716645,40.0912530054756],[-111.65753502211,40.0912610410371],[-111.657524559728,40.0911790987306]]]},"properties":{"zone_code":"P-F","zone_description":"P-F","zone_class_normalized":"Other/Unknown","jurisdiction":"spanish_fork_ut","source_rest_url":"https://services.arcgis.com/FvF9MZKp3JWPrSkg/arcgis/rest/services/SF_Zoning/FeatureServer/0","extraction_method":"arcgis_rest","confidence":"rest_api"}},{"type":"Feature","geometry":{"type":"Polygon","coordinates":[[[-111.657335220204,40.0935260538008],[-111.657459209348,40.0934270552526],[-111.659934108358,40.0916845316634],[-111.660495347204,40.0926610885279],[-111.659879532421,40.0937682935936],[-111.6590194708,40.093991840785],[-111.659020461737,40.0938408476686],[-111.657992018417,40.0942911046755],[-111.657335220204,40.0935260538008]]]},"properties":{"zone_code":"I-2","zone_description":"I-2","zone_class_normalized":"Industrial/Flex","jurisdiction":"spanish_fork_ut","source_rest_url":"https://services.arcgis.com/FvF9MZKp3JWPrSkg/arcgis/rest/services/SF_Zoning/FeatureServer/0","extraction_method":"arcgis_rest","confidence":"rest_api"}},{"type":"Feature","geometry":{"type":"Polygon","coordinates":[[[-111.656369728523,40.0915770992017],[-111.656457441589,40.0915297549607],[-111.656519083764,40.0915971174309],[-111.656431371987,40.0916444617157],[-111.656369728523,40.0915770992017]]]},"properties":{"zone_code":"P-F","zone_description":"P-F","zone_class_normalized":"Other/Unknown","jurisdiction":"spanish_fork_ut","source_rest_url":"https://services.arcgis.com/FvF9MZKp3JWPrSkg/arcgis/rest/services/SF_Zoning/FeatureServer/0","extraction_method":"arcgis_rest","confidence":"rest_api"}},{"type":"Feature","geometry":{"type":"Polygon","coordinates":[[[-111.626021405131,40.0936574874102],[-111.621330692327,40.0936652138856],[-111.621269910245,40.0936570412821],[-111.621271552132,40.093574680477],[-111.621270754901,40.0931230789035],[-111.621269165316,40.0922226209016],[-111.621320099322,40.0922211952019],[-111.621317972706,40.0920290261223],[-111.621317938769,40.0920098090277],[-111.624770434866,40.0920061613876],[-111.625969224352,40.0920048708999],[-111.626004969099,40.0920048322315],[-111.626005524172,40.0920638556771],[-111.626007716776,40.0922848503073],[-111.626008231568,40.0923219113582],[-111.626009326617,40.0924317223429],[-111.626013166873,40.0928201787131],[-111.626017569818,40.0932717764203],[-111.62601867497,40.0933870779748],[-111.626018722813,40.0934131583066],[-111.626020900394,40.0936259169677],[-111.626021405131,40.0936574874102]]]},"properties":{"zone_code":"R-1-30","zone_description":"R-1-30","zone_class_normalized":"Residential-Low","jurisdiction":"spanish_fork_ut","source_rest_url":"https://services.arcgis.com/FvF9MZKp3JWPrSkg/arcgis/rest/services/SF_Zoning/FeatureServer/0","extraction_method":"arcgis_rest","confidence":"rest_api"}},{"type":"Feature","geometry":{"type":"Polygon","coordinates":[[[-111.65292722659,40.1041496302178],[-111.652916901558,40.1041006089185],[-111.652757107467,40.1041064198164],[-111.652757077799,40.1040836764392],[-111.652469603693,40.1040840530851],[-111.652508816233,40.1040404174098],[-111.652563810946,40.1039690786319],[-111.65250114632,40.1038955476989],[-111.652353826914,40.1038207693401],[-111.652228625734,40.1037695647998],[-111.652075768004,40.1039443997797],[-111.652036228536,40.1039897000679],[-111.652000607597,40.1040156680867],[-111.651424335464,40.1036939794967],[-111.651341242079,40.1035493317885],[-111.651150235701,40.1034205593179],[-111.651190455367,40.1034323762702],[-111.651266920725,40.1034542393758],[-111.651528375481,40.1030613220934],[-111.651777130511,40.1029896204445],[-111.65181161583,40.1024171808093],[-111.651911872479,40.100757051015],[-111.651915515337,40.1007582857385],[-111.653150908672,40.1011644660374],[-111.654502860205,40.1018131591457],[-111.654895750381,40.101945886851],[-111.654991721911,40.1019787886269],[-111.655262115064,40.102068526484],[-111.655203212299,40.1036546451824],[-111.655189219668,40.1038020077754],[-111.65477348157,40.1037987974724],[-111.654561187982,40.1037990793623],[-111.654368665254,40.1039326560153],[-111.654265393118,40.103995248547],[-111.654275833537,40.1042308377235],[-111.653901081059,40.1042766940829],[-111.653841287794,40.1042786619707],[-111.653826802892,40.1043082575103],[-111.65382269785,40.1043166449235],[-111.653607803139,40.1042727338894],[-111.653352326145,40.1042185196713],[-111.653190739433,40.1041816942519],[-111.653191160603,40.1041599039985],[-111.65292722659,40.1041496302178]]]},"properties":{"zone_code":"P-F","zone_description":"P-F","zone_class_normalized":"Other/Unknown","jurisdiction":"spanish_fork_ut","source_rest_url":"https://services.arcgis.com/FvF9MZKp3JWPrSkg/arcgis/rest/services/SF_Zoning/FeatureServer/0","extraction_method":"arcgis_rest","confidence":"rest_api"}},{"type":"Feature","geometry":{"type":"Polygon","coordinates":[[[-111.657610317434,40.0869731133799],[-111.658209253139,40.087382178332],[-111.6604174233,40.0883475464362],[-111.66056057585,40.0884101110695],[-111.660581066474,40.0884263344414],[-111.660607027918,40.0884468884027],[-111.660618392834,40.0884571955827],[-111.660709301201,40.0886640720842],[-111.660981136976,40.0892878823821],[-111.660981213736,40.0893028488329],[-111.660267679231,40.0893025182958],[-111.660525940489,40.089882796264],[-111.660564373294,40.0899691478578],[-111.660065636149,40.090233920027],[-111.660029853768,40.0902612149614],[-111.660217753209,40.0904266319621],[-111.660218132625,40.0904277879837],[-111.660224432456,40.0904323869027],[-111.660446768778,40.0906281787541],[-111.66053696437,40.090707605046],[-111.660225811948,40.0909647889547],[-111.660583035925,40.0912197102095],[-111.660549244928,40.0912512999295],[-111.659934108404,40.0916845312923],[-111.657459209223,40.0934270544271],[-111.657134018432,40.0911241825924],[-111.656985064994,40.0900729303622],[-111.658866952174,40.0900621435662],[-111.658382801687,40.0893641223203],[-111.657559801454,40.0893611206438],[-111.657610317434,40.0869731133799]],[[-111.657631254364,40.0911710622134],[-111.657524559686,40.0911790989084],[-111.65753502212,40.0912610412646],[-111.657641716799,40.0912530062571],[-111.657631254364,40.0911710622134]]]},"properties":{"zone_code":"I-1","zone_description":"I-1","zone_class_normalized":"Industrial/Flex","jurisdiction":"spanish_fork_ut","source_rest_url":"https://services.arcgis.com/FvF9MZKp3JWPrSkg/arcgis/rest/services/SF_Zoning/FeatureServer/0","extraction_method":"arcgis_rest","confidence":"rest_api"}},{"type":"Feature","geometry":{"type":"Polygon","coordinates":[[[-111.645486459278,40.1044869689831],[-111.64420222013,40.1044822374476],[-111.644134136354,40.1044927704697],[-111.642459176513,40.1044879676681],[-111.64120921564,40.1044853718165],[-111.641214295384,40.1032609632199],[-111.640587299135,40.1032590015099],[-111.640586250234,40.1032579142026],[-111.640582706255,40.1031487389634],[-111.641237046473,40.1031547640127],[-111.641288204343,40.1031647888143],[-111.642271034058,40.1031635925163],[-111.642328574381,40.1031639323242],[-111.644051204235,40.1031835614001],[-111.644153382077,40.1031843883094],[-111.644192406543,40.1005312334625],[-111.645083431426,40.1005191454514],[-111.645083257468,40.1004367868587],[-111.64748777099,40.1004049412165],[-111.647607959517,40.1003965530658],[-111.647756323101,40.100606380453],[-111.648821749165,40.1021008666677],[-111.648910351726,40.1022245982154],[-111.648978813906,40.1023573616778],[-111.649040152842,40.1025639997282],[-111.649134033473,40.1028166125635],[-111.649247645723,40.1031069213661],[-111.649470644596,40.1033412559176],[-111.649516668881,40.1035443488758],[-111.649562268935,40.1039629481943],[-111.649576850324,40.1045023803529],[-111.647804312939,40.1045114981709],[-111.646012244648,40.1044957443838],[-111.645486459278,40.1044869689831]]]},"properties":{"zone_code":"P-F","zone_description":"P-F","zone_class_normalized":"Other/Unknown","jurisdiction":"spanish_fork_ut","source_rest_url":"https://services.arcgis.com/FvF9MZKp3JWPrSkg/arcgis/rest/services/SF_Zoning/FeatureServer/0","extraction_method":"arcgis_rest","confidence":"rest_api"}},{"type":"Feature","geometry":{"type":"Polygon","coordinates":[[[-111.63083974432,40.0926254303325],[-111.631543456928,40.0926150290548],[-111.631544040442,40.0929197571634],[-111.630842119817,40.0929342743831],[-111.63083974432,40.0926254303325]]]},"properties":{"zone_code":"R-R","zone_description":"R-R","zone_class_normalized":"Residential-Low","jurisdiction":"spanish_fork_ut","source_rest_url":"https://services.arcgis.com/FvF9MZKp3JWPrSkg/arcgis/rest/services/SF_Zoning/FeatureServer/0","extraction_method":"arcgis_rest","confidence":"rest_api"}},{"type":"Feature","geometry":{"type":"Polygon","coordinates":[[[-111.634146376193,40.1020882632041],[-111.635742567534,40.1020869902011],[-111.635775749745,40.1020777589656],[-111.635769671927,40.1021550908085],[-111.635754025913,40.1022136535971],[-111.635728109019,40.1022677253305],[-111.635693394983,40.1023218062018],[-111.635649872053,40.1023691433318],[-111.635598645505,40.1024142373425],[-111.635527252944,40.1024548518215],[-111.635411291874,40.1025720750363],[-111.635328734343,40.1025271372462],[-111.635224937824,40.1024934823997],[-111.63507752579,40.1024598771065],[-111.634148531508,40.1024560912055],[-111.634147150916,40.1023709158218],[-111.634146621889,40.1021000417814],[-111.634146376193,40.1020882632041]]]},"properties":{"zone_code":"P-F","zone_description":"P-F","zone_class_normalized":"Other/Unknown","jurisdiction":"spanish_fork_ut","source_rest_url":"https://services.arcgis.com/FvF9MZKp3JWPrSkg/arcgis/rest/services/SF_Zoning/FeatureServer/0","extraction_method":"arcgis_rest","confidence":"rest_api"}},{"type":"Feature","geometry":{"type":"Polygon","coordinates":[[[-111.623556382474,40.0830908279547],[-111.624039884885,40.083439778508],[-111.624418519514,40.083713039861],[-111.624800207011,40.0838686129238],[-111.625487602428,40.0841491516335],[-111.625582293982,40.0841954470878],[-111.625650904567,40.0842409840647],[-111.625711461895,40.0842928234913],[-111.625997668302,40.0844270144978],[-111.625972306686,40.0849983754052],[-111.627163285019,40.0849975901203],[-111.627205867269,40.0838498899425],[-111.627479230575,40.0839443773499],[-111.630415282846,40.0851010194442],[-111.630964939511,40.0851731547605],[-111.632419947093,40.0853485813559],[-111.632602277023,40.0853717102217],[-111.632633112748,40.0853757909958],[-111.633023230723,40.0854233910601],[-111.633108140818,40.0854342742342],[-111.633371634937,40.0858471422519],[-111.633728627537,40.086085573499],[-111.635719422286,40.0869823586659],[-111.635719106472,40.0870468742839],[-111.63569066567,40.0871237761494],[-111.635621651546,40.0874725113948],[-111.635753582831,40.0875368721817],[-111.635694674753,40.0880242322737],[-111.635555470974,40.0881191065118],[-111.635565910381,40.0882041985773],[-111.635574428585,40.0882192894294],[-111.635438628579,40.0882290546888],[-111.635466455299,40.0882935389233],[-111.635480851152,40.0883443081344],[-111.635491694098,40.0884033223868],[-111.635494922419,40.0884554774398],[-111.635513134358,40.0899859664899],[-111.635393388228,40.0899861040724],[-111.634678525769,40.0899924261589],[-111.634683929697,40.0904714735072],[-111.634517329056,40.0904977482295],[-111.634484265089,40.0904977851416],[-111.633150152848,40.0905144157269],[-111.633145512137,40.0897731460583],[-111.630811138109,40.0897798574237],[-111.630813304944,40.0900023220351],[-111.630813875163,40.0900695797275],[-111.630823463626,40.0908821801496],[-111.630258718072,40.090886931719],[-111.630259218111,40.0909157565572],[-111.628153484622,40.0909441719969],[-111.628124447283,40.0909442055532],[-111.628142229364,40.0918569999414],[-111.62689609763,40.0918666002555],[-111.626003370499,40.091866197586],[-111.626002809052,40.0918003107468],[-111.626000738716,40.0916465745407],[-111.625998150796,40.0914544063113],[-111.621313840129,40.0914593793103],[-111.621306181641,40.0904106825526],[-111.62122575435,40.0904107664439],[-111.6166103964,40.0904594032386],[-111.616592973996,40.0904607924773],[-111.616529539252,40.0904677185364],[-111.616528951487,40.0901204382168],[-111.611841149321,40.0901236630116],[-111.611840728236,40.0895883282168],[-111.61184047383,40.08943459037],[-111.61184047383,40.089160060034],[-111.611779179603,40.0866330638404],[-111.611779100649,40.0865891392667],[-111.616522863295,40.0865337007698],[-111.616522231667,40.0861617146701],[-111.621043178787,40.0861571003612],[-111.621049354705,40.0849351431638],[-111.623517844397,40.0849325423246],[-111.623556382474,40.0830908279547]],[[-111.629567296027,40.0850333004377],[-111.628801771743,40.085409027818],[-111.628831195078,40.0854122696154],[-111.628836555143,40.0854129777099],[-111.628841730983,40.0854142965777],[-111.628846582236,40.0854161960158],[-111.628851012404,40.0854186290416],[-111.628854916216,40.0854215419606],[-111.628858214717,40.0854248743667],[-111.628860820183,40.0854285457182],[-111.628888524086,40.0854700749317],[-111.628940422848,40.0855781145303],[-111.628943405535,40.0855830846027],[-111.628945239011,40.0855883734843],[-111.628945888184,40.0855938234481],[-111.628945317964,40.0855992767674],[-111.628943563442,40.0856045790713],[-111.628940650935,40.0856095759889],[-111.628936685716,40.0856141232172],[-111.628931773054,40.0856180831648],[-111.628919000133,40.0856297012471],[-111.629708017467,40.0856288320723],[-111.629567296027,40.0850333004377]],[[-111.622808420956,40.0861728628392],[-111.621302277829,40.0861932396204],[-111.621303435814,40.08744455425],[-111.62160684531,40.0874402319825],[-111.622012850482,40.0874347720991],[-111.622309522614,40.0874305437933],[-111.622606194746,40.0874259832631],[-111.622810631654,40.0874230838531],[-111.622808420956,40.0861728628392]]]},"properties":{"zone_code":"R-1-12","zone_description":"R-1-12","zone_class_normalized":"Residential-Low","jurisdiction":"spanish_fork_ut","source_rest_url":"https://services.arcgis.com/FvF9MZKp3JWPrSkg/arcgis/rest/services/SF_Zoning/FeatureServer/0","extraction_method":"arcgis_rest","confidence":"rest_api"}},{"type":"Feature","geometry":{"type":"Polygon","coordinates":[[[-111.635852482623,40.0953717556458],[-111.63612878647,40.0953683166494],[-111.636135016681,40.0955746958539],[-111.636094460757,40.0955892046951],[-111.636082674373,40.0956368171373],[-111.636036778457,40.0958228757915],[-111.635846221132,40.0957979948031],[-111.635837747158,40.0957950831504],[-111.635830054418,40.0957910922978],[-111.635823373654,40.09578614195],[-111.635817905253,40.0957803805916],[-111.635813813238,40.095773981033],[-111.635811220347,40.0957671352273],[-111.635810204354,40.0957600485126],[-111.635800225464,40.0954073984674],[-111.635802014686,40.09540105599],[-111.635805079534,40.0953950082687],[-111.635809343843,40.0953894055994],[-111.635814701637,40.0953843872178],[-111.635821019765,40.0953800778389],[-111.635828141212,40.0953765845579],[-111.635835888998,40.0953739941885],[-111.635844070577,40.0953723711058],[-111.635852482623,40.0953717556458]]]},"properties":{"zone_code":"P-F","zone_description":"P-F","zone_class_normalized":"Other/Unknown","jurisdiction":"spanish_fork_ut","source_rest_url":"https://services.arcgis.com/FvF9MZKp3JWPrSkg/arcgis/rest/services/SF_Zoning/FeatureServer/0","extraction_method":"arcgis_rest","confidence":"rest_api"}},{"type":"Feature","geometry":{"type":"Polygon","coordinates":[[[-111.597574911547,40.088876394202],[-111.597575746083,40.0875764913717],[-111.597575982283,40.0874282444468],[-111.597596105008,40.0874405815518],[-111.597669433377,40.0874803271075],[-111.597705203343,40.0874995140719],[-111.597742760107,40.0875186997013],[-111.59781608669,40.0875570724244],[-111.597853643746,40.0875762581933],[-111.597891200593,40.0875954435987],[-111.598003869761,40.0876516275291],[-111.598041424962,40.0876694406732],[-111.598079873459,40.0876872527014],[-111.598118322205,40.0877050648924],[-111.59818627593,40.0877352059886],[-111.598264956637,40.0877680833005],[-111.598304295055,40.087783149197],[-111.598344528962,40.0877995870649],[-111.598424991392,40.0878283447163],[-111.598466114927,40.0878420364839],[-111.598506347168,40.0878571017319],[-111.598548362276,40.0878694201509],[-111.598630607719,40.0878954308447],[-111.598672623102,40.0879077490429],[-111.598714636527,40.0879186946623],[-111.598756649965,40.0879296404422],[-111.598799556926,40.0879405850975],[-111.598841570163,40.0879515306712],[-111.598884475175,40.0879611029073],[-111.598927380199,40.0879706749518],[-111.598970285236,40.0879802471562],[-111.599014082044,40.0879884458456],[-111.599056985124,40.0879966452787],[-111.599100781724,40.08800484376],[-111.599144578107,40.0880130425764],[-111.599188372746,40.088019868461],[-111.599232165641,40.0880253219412],[-111.599275960296,40.0880321476173],[-111.599319752976,40.088037600889],[-111.599364439403,40.0880430535574],[-111.599408230111,40.0880471340565],[-111.599452914563,40.0880512139517],[-111.599496705282,40.0880552945933],[-111.599541389745,40.0880593742788],[-111.599630754477,40.0880647882958],[-111.599675434742,40.0880661228029],[-111.59972011723,40.0880688298563],[-111.599809922761,40.0880701254869],[-111.599854601267,40.0880700871859],[-111.59994395805,40.0880700105326],[-111.599988634101,40.0880685996171],[-111.600077986883,40.0880657775582],[-111.600121767874,40.0880629946198],[-111.600166442144,40.0880602110723],[-111.600255788898,40.088053270835],[-111.600299567871,40.0880491150905],[-111.600344238114,40.0880435859962],[-111.600388017075,40.0880394303942],[-111.600432687305,40.0880339010903],[-111.600520238945,40.088021471937],[-111.600564013634,40.0880145707905],[-111.600607788314,40.0880076696275],[-111.600651561203,40.0879993958842],[-111.600694440343,40.0879911230731],[-111.600738212982,40.0879828491217],[-111.600781090088,40.0879732033636],[-111.600823969196,40.087964930329],[-111.600866844263,40.0879539121514],[-111.600909721333,40.0879442663458],[-111.600951702864,40.0879332487355],[-111.600994577891,40.0879222303351],[-111.601036559167,40.0879112126943],[-111.601078538639,40.0878988224745],[-111.601119624587,40.0878864328398],[-111.601161603799,40.0878740424145],[-111.601202687696,40.0878602803625],[-111.601243771347,40.0878465181204],[-111.601283961703,40.0878327566407],[-111.601325043297,40.0878176216306],[-111.601365233391,40.0878038601229],[-111.601405421443,40.0877887260378],[-111.601444713943,40.087772219802],[-111.601523300916,40.0877405803812],[-111.601562591331,40.0877227017176],[-111.601639386892,40.087688318298],[-111.601676894299,40.0876731862825],[-111.601715293163,40.0876566810865],[-111.601752796471,40.0876388039191],[-111.601790297496,40.0876195538247],[-111.601826009457,40.0875989328927],[-111.601860827892,40.0875783125555],[-111.601895644042,40.0875563196443],[-111.601928673162,40.0875343284624],[-111.601960806949,40.0875109649623],[-111.601992044944,40.0874862298479],[-111.602021495684,40.0874614964665],[-111.60205005086,40.0874353909454],[-111.602077710474,40.0874079138122],[-111.602104476335,40.0873804372802],[-111.602129455171,40.0873529621334],[-111.602152644716,40.087324115985],[-111.602174938929,40.0872938982275],[-111.602196341435,40.0872650536379],[-111.602215952839,40.0872334654851],[-111.602234672311,40.0872032506773],[-111.602251603183,40.0871716646955],[-111.602266746356,40.0871400804566],[-111.602280994202,40.0871071242605],[-111.602293455039,40.0870741696321],[-111.60230412887,40.087041216572],[-111.602313908736,40.0870082642961],[-111.602321899556,40.0869739408496],[-111.60232810542,40.0869409917122],[-111.602337893668,40.0869135300401],[-111.602358371587,40.0868640965149],[-111.602381532462,40.0868160333682],[-111.602406480292,40.0867679684691],[-111.60243321712,40.086721274732],[-111.602462634847,40.0866745786293],[-111.602493841336,40.0866292536858],[-111.602526837044,40.0865852997239],[-111.60256251341,40.0865413432156],[-111.60259997899,40.0864987582123],[-111.602639231732,40.08645617127],[-111.602680275277,40.0864163280424],[-111.60272310598,40.0863764832234],[-111.602767725663,40.0863380097268],[-111.602814134554,40.0863009070232],[-111.602862332425,40.0862651754622],[-111.602931077927,40.0862266804131],[-111.602971252367,40.0862033098698],[-111.603014107467,40.0861799369412],[-111.60305874562,40.0861538167596],[-111.603106063966,40.0861276945391],[-111.60315248902,40.0861015730904],[-111.603198022616,40.0860768249791],[-111.603239984075,40.0860534525827],[-111.603281053857,40.0860314537035],[-111.603320338709,40.0860108291351],[-111.6033578407,40.0859929512678],[-111.606974049589,40.0854474872618],[-111.607024485031,40.0854158697869],[-111.607055277562,40.0853938791924],[-111.607102594323,40.0853677551669],[-111.60714009261,40.0853485035145],[-111.6071766974,40.0853292526723],[-111.607214195874,40.0853100008199],[-111.607673483314,40.0850323010761],[-111.607673532792,40.0850638719908],[-111.607673724252,40.0851860381293],[-111.610095993583,40.0837328773105],[-111.610332232508,40.0836736296497],[-111.610946272534,40.0835193087203],[-111.61177377105,40.0833112465689],[-111.611773192466,40.0835047915542],[-111.611771530271,40.0838561927824],[-111.611776073027,40.0858245746832],[-111.61176192117,40.0861883416692],[-111.61178656757,40.086233615681],[-111.611785709531,40.0865301095695],[-111.611779103927,40.0865891402885],[-111.611400257197,40.0866004843704],[-111.608092929404,40.088965937558],[-111.607306289011,40.0899247768458],[-111.607043126118,40.0899250190304],[-111.607043718564,40.0903052431463],[-111.606680142063,40.0903810727334],[-111.606480042106,40.0904238079961],[-111.602716043314,40.0912150910001],[-111.601181739221,40.0915348893793],[-111.601043271793,40.0915638352002],[-111.600980738927,40.0915776161325],[-111.600708508901,40.0914927472636],[-111.60073613848,40.0914433080737],[-111.600752623851,40.0914117227302],[-111.600773122602,40.0913746433036],[-111.600785156284,40.0913540431985],[-111.600794963675,40.091338935451],[-111.600806556382,40.091322453769],[-111.600821715693,40.0913004780387],[-111.600834648944,40.0912839951931],[-111.600850705592,40.0912647639859],[-111.600873901254,40.0912386635965],[-111.600882822892,40.0912290473922],[-111.600927885695,40.0911850834832],[-111.600959574755,40.0911617208437],[-111.601002419506,40.0911287400444],[-111.601014917559,40.0911204932921],[-111.60102786486,40.0911136187131],[-111.601052416882,40.0910984985027],[-111.601089915953,40.0910765033499],[-111.601142155667,40.0910517502555],[-111.601191273759,40.091031117894],[-111.601226997786,40.0910173601515],[-111.601268975075,40.0910022247478],[-111.601319892337,40.0909898265043],[-111.601360535112,40.0909788097455],[-111.601520888671,40.0909457264212],[-111.601538307915,40.0909415933666],[-111.601736180389,40.0909002411148],[-111.601715144299,40.0908755519262],[-111.601658753734,40.0908124589879],[-111.60148832143,40.0906767151543],[-111.601376034736,40.090582100035],[-111.60000625382,40.0894302561299],[-111.599052929367,40.0898318854241],[-111.59809914066,40.0902293893863],[-111.598100042172,40.0905478439534],[-111.597587771496,40.0903808107664],[-111.597587240882,40.0903217870754],[-111.597582379377,40.0897301780588],[-111.597575424822,40.0889230641419],[-111.597579395208,40.0888873718432],[-111.597574911547,40.088876394202]]]},"properties":{"zone_code":"R-1-12","zone_description":"R-1-12","zone_class_normalized":"Residential-Low","jurisdiction":"spanish_fork_ut","source_rest_url":"https://services.arcgis.com/FvF9MZKp3JWPrSkg/arcgis/rest/services/SF_Zoning/FeatureServer/0","extraction_method":"arcgis_rest","confidence":"rest_api"}},{"type":"Feature","geometry":{"type":"Polygon","coordinates":[[[-111.633607846005,40.0908381973859],[-111.634592919277,40.0908370627111],[-111.634608260278,40.0919336340913],[-111.633609978393,40.0919347841584],[-111.63360905271,40.0914585915075],[-111.633607846005,40.0908381973859]]]},"properties":{"zone_code":"P-F","zone_description":"P-F","zone_class_normalized":"Other/Unknown","jurisdiction":"spanish_fork_ut","source_rest_url":"https://services.arcgis.com/FvF9MZKp3JWPrSkg/arcgis/rest/services/SF_Zoning/FeatureServer/0","extraction_method":"arcgis_rest","confidence":"rest_api"}},{"type":"Feature","geometry":{"type":"Polygon","coordinates":[[[-111.660417422986,40.0883475470642],[-111.658209253572,40.0873821778288],[-111.657610316944,40.0869731520533],[-111.656975062991,40.0865392351954],[-111.656992855793,40.0865097923449],[-111.657037087383,40.0864365994747],[-111.657123993775,40.0862927893434],[-111.657573661338,40.0856981411077],[-111.657412910308,40.0856983585161],[-111.65748058902,40.0855096203764],[-111.65781808375,40.0845684200839],[-111.658169716885,40.0835877621583],[-111.658209271501,40.0834774477341],[-111.65818764843,40.0831804969073],[-111.658951884222,40.0833203292484],[-111.658988810234,40.0832875829925],[-111.659353651938,40.0829639365256],[-111.658183579875,40.0827072353417],[-111.658291249665,40.0824019618407],[-111.659651008082,40.0827002768619],[-111.659798183485,40.0828054129377],[-111.66112394955,40.0817103613836],[-111.661192640152,40.0817283029597],[-111.661198357308,40.0817297635965],[-111.661389833611,40.0832059777238],[-111.661496753481,40.0843572267077],[-111.66337250101,40.0842645405651],[-111.663374244405,40.0842717467521],[-111.663683450369,40.0842560064381],[-111.663661372301,40.0851153199361],[-111.663983212911,40.0851862452534],[-111.66394763294,40.085628290409],[-111.663685066772,40.0869971969502],[-111.663668623515,40.0874090165122],[-111.663379071318,40.087713050171],[-111.662942480291,40.0876201504191],[-111.662833360978,40.087724817015],[-111.662379841843,40.0879771913743],[-111.661921444186,40.088224313164],[-111.661458271098,40.0884661267791],[-111.661441018595,40.0884742019498],[-111.661434961698,40.0884749262571],[-111.661314417819,40.0885278454674],[-111.660963702048,40.0886200357562],[-111.66082201731,40.0886525726631],[-111.660784025383,40.0886556749454],[-111.660741352048,40.0886587094607],[-111.660725346001,40.0886593179413],[-111.660709301564,40.0886640714565],[-111.660618392768,40.0884571955677],[-111.660607028263,40.0884468880226],[-111.660581066552,40.0884263340096],[-111.660560575408,40.0884101110575],[-111.660417422986,40.0883475470642]]]},"properties":{"zone_code":"R-1-12","zone_description":"R-1-12","zone_class_normalized":"Residential-Low","jurisdiction":"spanish_fork_ut","source_rest_url":"https://services.arcgis.com/FvF9MZKp3JWPrSkg/arcgis/rest/services/SF_Zoning/FeatureServer/0","extraction_method":"arcgis_rest","confidence":"rest_api"}},{"type":"Feature","geometry":{"type":"Polygon","coordinates":[[[-111.627646799559,40.0918608175518],[-111.627646969968,40.0918615834669],[-111.627669805909,40.0931793924674],[-111.627668770372,40.0932699780597],[-111.626092188354,40.0932716956566],[-111.626040804332,40.0932717512775],[-111.626017569818,40.0932717764203],[-111.626013166873,40.0928201787131],[-111.626009326617,40.0924317223429],[-111.626008231568,40.0923219113582],[-111.626007716776,40.0922848503073],[-111.626005524172,40.0920638556772],[-111.626004969099,40.0920048322315],[-111.626003374383,40.0918661960775],[-111.626896100168,40.0918665994373],[-111.627646799559,40.0918608175518]]]},"properties":{"zone_code":"P-F","zone_description":"P-F","zone_class_normalized":"Other/Unknown","jurisdiction":"spanish_fork_ut","source_rest_url":"https://services.arcgis.com/FvF9MZKp3JWPrSkg/arcgis/rest/services/SF_Zoning/FeatureServer/0","extraction_method":"arcgis_rest","confidence":"rest_api"}},{"type":"Feature","geometry":{"type":"Polygon","coordinates":[[[-111.611841151461,40.0901236626098],[-111.616528949701,40.0901204389751],[-111.61652953877,40.0904677195035],[-111.616471899319,40.090466404511],[-111.616475348078,40.0906558271133],[-111.611841553837,40.0906452701798],[-111.611841151461,40.0901236626098]]]},"properties":{"zone_code":"R-R","zone_description":"R-R","zone_class_normalized":"Residential-Low","jurisdiction":"spanish_fork_ut","source_rest_url":"https://services.arcgis.com/FvF9MZKp3JWPrSkg/arcgis/rest/services/SF_Zoning/FeatureServer/0","extraction_method":"arcgis_rest","confidence":"rest_api"}},{"type":"Feature","geometry":{"type":"Polygon","coordinates":[[[-111.628801770534,40.085409029331],[-111.629567292592,40.0850332994563],[-111.629708017755,40.0856288324178],[-111.628918999772,40.0856297024551],[-111.628931772085,40.0856180847007],[-111.628936685388,40.0856141217594],[-111.62894065296,40.0856095764222],[-111.628943559955,40.08560458026],[-111.628945322227,40.0855992778935],[-111.628945888763,40.0855938228068],[-111.628945243166,40.0855883729048],[-111.628943404124,40.0855830859422],[-111.628940424869,40.0855781149572],[-111.62888852116,40.0854700734909],[-111.628860823277,40.0854285454915],[-111.628858213493,40.0854248737296],[-111.628854918266,40.085421542986],[-111.628851011689,40.0854186281515],[-111.628846581601,40.0854161947649],[-111.628841727609,40.0854142975403],[-111.628836558854,40.085412979136],[-111.628831191555,40.0854122691959],[-111.628801770534,40.085409029331]]]},"properties":{"zone_code":"P-F","zone_description":"P-F","zone_class_normalized":"Other/Unknown","jurisdiction":"spanish_fork_ut","source_rest_url":"https://services.arcgis.com/FvF9MZKp3JWPrSkg/arcgis/rest/services/SF_Zoning/FeatureServer/0","extraction_method":"arcgis_rest","confidence":"rest_api"}},{"type":"Feature","geometry":{"type":"Polygon","coordinates":[[[-111.594679337775,40.0899000379769],[-111.594652497988,40.0898767247915],[-111.594634605361,40.0898616400684],[-111.594615817317,40.0898451835053],[-111.594597924706,40.0898300987764],[-111.59458047887,40.0898150138575],[-111.594563033042,40.0897999287602],[-111.594545138794,40.0897834716355],[-111.594529481935,40.0897697576453],[-111.594512482896,40.0897546721777],[-111.594499957648,40.0897437012982],[-111.594486983521,40.0897313578656],[-111.594476247233,40.0897217579209],[-111.594458352798,40.0897053007827],[-111.594441800556,40.0896902149422],[-111.594424352903,40.0896737572606],[-111.594406905487,40.0896572995762],[-111.594383194903,40.0896353563554],[-111.594373352633,40.0896257556764],[-111.594355904784,40.0896092981603],[-111.594344273118,40.0895983261883],[-111.594323692273,40.0895777531599],[-111.594307585201,40.0895612943746],[-111.594291031371,40.0895448359488],[-111.594280293027,40.0895338634227],[-111.594258816808,40.089511918367],[-111.594242263002,40.089495459934],[-111.59422615574,40.0894790011374],[-111.594210495478,40.0894625419768],[-111.594194388231,40.0894460831755],[-111.594178280992,40.0894296243721],[-111.594162620982,40.0894131652046],[-111.594146513758,40.0893967063966],[-111.594134431407,40.0893829896381],[-111.59411519121,40.0893624154881],[-111.594099977765,40.0893459559512],[-111.594085211091,40.0893294960512],[-111.594069548789,40.0893116641323],[-111.594054782131,40.089295204404],[-111.594040015707,40.0892787443222],[-111.594024353429,40.0892609125728],[-111.594010033326,40.0892444523024],[-111.593994818283,40.0892266201878],[-111.593980498194,40.089210159738],[-111.593965282938,40.0891923276195],[-111.59395006769,40.0891744953233],[-111.593936194614,40.0891580346829],[-111.593928139296,40.0891484326996],[-111.59390665768,40.0891223695357],[-111.593893231387,40.0891059085297],[-111.593878909701,40.0890880756791],[-111.593865035013,40.0890702424663],[-111.593850713112,40.0890524094366],[-111.593837733608,40.0890359480639],[-111.593823412179,40.0890181150302],[-111.593809537291,40.0890002818108],[-111.593798795361,40.0889865639364],[-111.593782234297,40.0889646148312],[-111.593768806191,40.0889467810711],[-111.593755824853,40.0889289471256],[-111.593748663108,40.0889193442343],[-111.593738368422,40.0889056261698],[-111.593728968904,40.088893279773],[-111.593716434347,40.0888754454631],[-111.593703453494,40.0888576113353],[-111.59369047219,40.088839777382],[-111.593678833044,40.0888233147367],[-111.59366406097,40.0888027369153],[-111.593651526675,40.0887849024222],[-111.593639438918,40.0887670677443],[-111.593631828575,40.0887560924656],[-111.593622427227,40.0887423736721],[-111.593613921501,40.088730026547],[-111.593601833992,40.0887121918648],[-111.593589297631,40.0886929848013],[-111.593577210135,40.0886751501164],[-111.593566018033,40.0886586871],[-111.593553033064,40.0886381078279],[-111.593546316268,40.0886271318254],[-111.593530645151,40.0886024368378],[-111.593518555818,40.0885832294072],[-111.593506913021,40.0885640216167],[-111.593496165844,40.0885461858467],[-111.593484523288,40.0885269778779],[-111.593472880739,40.0885077700836],[-111.593462133351,40.0884899341346],[-111.593450937802,40.0884707261548],[-111.593439742029,40.0884515179984],[-111.593428994659,40.0884336820461],[-111.593421829279,40.0884213340065],[-111.593409289517,40.0883993814437],[-111.59340167552,40.0883856611975],[-111.593392717294,40.0883691965473],[-111.593386447536,40.0883582203521],[-111.593375698329,40.088339011831],[-111.593365396341,40.0883198029502],[-111.593355094131,40.0883005938929],[-111.593344791927,40.0882813851859],[-111.593336729106,40.0882662923784],[-111.593324634521,40.0882429670595],[-111.593314780954,40.0882251305552],[-111.593304476908,40.0882045487536],[-111.593295068245,40.0881853393259],[-111.59328521283,40.0881661299039],[-111.593278492625,40.0881524089329],[-111.59327042797,40.088135943381],[-111.593257433871,40.088108500728],[-111.593251609052,40.0880961517791],[-111.593241751799,40.0880755696136],[-111.593235926985,40.0880632206639],[-111.593230101943,40.0880508713626],[-111.593221588923,40.0880330337764],[-111.593212178444,40.0880124514261],[-111.593203214725,40.0879918687174],[-111.593194700086,40.0879726583895],[-111.593188426443,40.0879589368796],[-111.593181704187,40.0879438429875],[-111.593169153191,40.0879136546627],[-111.593161982328,40.0878971887387],[-111.593155258451,40.0878807221052],[-111.593150326948,40.087868372436],[-111.593144948693,40.0878560227725],[-111.593140017422,40.0878436727512],[-111.59313374008,40.0878272059348],[-111.593129257428,40.0878162282951],[-111.593121635881,40.0877970172468],[-111.593117599986,40.0877860392493],[-111.593106391626,40.087757222584],[-111.59309876846,40.08773663897],[-111.593091593683,40.0877174273864],[-111.593087109185,40.087705077181],[-111.593080830009,40.0876872376217],[-111.592581254657,40.0863067465897],[-111.592820893277,40.0861006577844],[-111.592706555413,40.085796019917],[-111.592395831155,40.0849685564823],[-111.594315933616,40.0845771832235],[-111.594425743504,40.0854844186464],[-111.59472248026,40.0852206280989],[-111.594690469644,40.0859824771104],[-111.594462158634,40.0859744266106],[-111.59441966295,40.0862613456042],[-111.594333136441,40.0863684827091],[-111.59427604723,40.0864399071022],[-111.594230998573,40.0864948495297],[-111.594147324775,40.0867282683018],[-111.594564349407,40.086861077881],[-111.594545035167,40.0871109164783],[-111.594575555766,40.0872124680414],[-111.594561638611,40.0874883825594],[-111.594435865303,40.0876477123887],[-111.594345012343,40.0878591746074],[-111.594426686947,40.0881212852281],[-111.594520900854,40.0884039753035],[-111.594545576126,40.0884780785289],[-111.594550511473,40.0884931736157],[-111.594558138936,40.0885165026092],[-111.594568905279,40.0885480649702],[-111.594634408407,40.0887456737644],[-111.595260055571,40.0891706858394],[-111.596092757412,40.0894060979768],[-111.596728547207,40.0894083169373],[-111.596733889213,40.0897116687975],[-111.596734548587,40.0898626600197],[-111.596735302672,40.0900809110354],[-111.596012076302,40.0898605125847],[-111.595233041925,40.0903113822022],[-111.595217388843,40.0903004137833],[-111.595197712478,40.0902880759109],[-111.595186086268,40.0902812222405],[-111.595165067933,40.090267512895],[-111.595145838356,40.0902551746487],[-111.595134212157,40.0902483209731],[-111.595110058397,40.0902291235698],[-111.595086802218,40.0902126705573],[-111.595067570771,40.0901989599107],[-111.595050575534,40.0901866198246],[-111.595037605022,40.0901770217561],[-111.595008981498,40.0901564554145],[-111.594988407878,40.0901413729338],[-111.594970070238,40.0901276615419],[-111.594951732604,40.0901139497956],[-111.594931605778,40.0900988671162],[-111.594918635528,40.0900892692097],[-111.594905665053,40.0900796711264],[-111.594893141351,40.0900700728532],[-111.594879275679,40.0900591029318],[-111.594864963015,40.0900481331971],[-111.594836337702,40.0900261942495],[-111.594817104463,40.0900111106465],[-111.594798765226,40.0899960264884],[-111.594781320968,40.0899823139876],[-111.594759403589,40.0899644874305],[-111.59474374854,40.0899521462084],[-111.594724962109,40.0899370624023],[-111.594706622912,40.0899219780536],[-111.594689625459,40.089908265527],[-111.594679337775,40.0899000379769]]]},"properties":{"zone_code":"C-1","zone_description":"C-1","zone_class_normalized":"Other/Unknown","jurisdiction":"spanish_fork_ut","source_rest_url":"https://services.arcgis.com/FvF9MZKp3JWPrSkg/arcgis/rest/services/SF_Zoning/FeatureServer/0","extraction_method":"arcgis_rest","confidence":"rest_api"}},{"type":"Feature","geometry":{"type":"Polygon","coordinates":[[[-111.620018391349,40.0904235060106],[-111.621225754925,40.0904107648205],[-111.621306178861,40.0904106810769],[-111.621313838999,40.091459379797],[-111.621325162081,40.0914593680015],[-111.621317367105,40.0914655766191],[-111.62131755842,40.091491025395],[-111.621084125311,40.0915003881815],[-111.620772769,40.0915840249321],[-111.620473216826,40.0917126828786],[-111.620173602591,40.0918053131506],[-111.619962201013,40.09183705582],[-111.619922674342,40.0908671170852],[-111.619996549986,40.0908105899989],[-111.620018391349,40.0904235060106]]]},"properties":{"zone_code":"P-F","zone_description":"P-F","zone_class_normalized":"Other/Unknown","jurisdiction":"spanish_fork_ut","source_rest_url":"https://services.arcgis.com/FvF9MZKp3JWPrSkg/arcgis/rest/services/SF_Zoning/FeatureServer/0","extraction_method":"arcgis_rest","confidence":"rest_api"}},{"type":"Feature","geometry":{"type":"Polygon","coordinates":[[[-111.592495641433,40.0884220733168],[-111.591189558423,40.0863078446897],[-111.592581254657,40.0863067465897],[-111.593080830009,40.0876872376217],[-111.593087109185,40.087705077181],[-111.593091593683,40.0877174273864],[-111.59309876846,40.08773663897],[-111.593106391626,40.087757222584],[-111.593117599986,40.0877860392493],[-111.593121635881,40.0877970172468],[-111.593129257428,40.0878162282951],[-111.59313374008,40.0878272059348],[-111.593140017422,40.0878436727512],[-111.593144948693,40.0878560227725],[-111.593150326948,40.087868372436],[-111.593155258451,40.0878807221052],[-111.593161982328,40.0878971887387],[-111.593169153191,40.0879136546627],[-111.593181704187,40.0879438429875],[-111.593188426443,40.0879589368796],[-111.593194700086,40.0879726583895],[-111.593203214725,40.0879918687174],[-111.593212178444,40.0880124514261],[-111.593221588923,40.0880330337764],[-111.593230101943,40.0880508713626],[-111.593235926985,40.0880632206639],[-111.593241751799,40.0880755696136],[-111.593251609052,40.0880961517791],[-111.593257433871,40.088108500728],[-111.59327042797,40.088135943381],[-111.593278492625,40.0881524089329],[-111.59328521283,40.0881661299039],[-111.593295068245,40.0881853393259],[-111.593304476908,40.0882045487536],[-111.593314780954,40.0882251305552],[-111.593324634521,40.0882429670595],[-111.593336729106,40.0882662923784],[-111.593344791927,40.0882813851859],[-111.593355094131,40.0883005938929],[-111.593365396341,40.0883198029502],[-111.593375698329,40.088339011831],[-111.593386447536,40.0883582203521],[-111.593392717294,40.0883691965473],[-111.59340167552,40.0883856611975],[-111.593409289517,40.0883993814437],[-111.593421829279,40.0884213340065],[-111.593428994659,40.0884336820461],[-111.593439742029,40.0884515179984],[-111.593450937802,40.0884707261548],[-111.593462133351,40.0884899341346],[-111.593472880739,40.0885077700836],[-111.593484523288,40.0885269778779],[-111.593496165844,40.0885461858467],[-111.593506913021,40.0885640216167],[-111.593518555818,40.0885832294072],[-111.593530645151,40.0886024368378],[-111.593546316268,40.0886271318254],[-111.593553033064,40.0886381078279],[-111.593566018033,40.0886586871],[-111.593577210135,40.0886751501164],[-111.593589297631,40.0886929848013],[-111.593601833992,40.0887121918648],[-111.593613921501,40.088730026547],[-111.593622427227,40.0887423736721],[-111.593631828575,40.0887560924656],[-111.593639438918,40.0887670677443],[-111.593651526675,40.0887849024222],[-111.59366406097,40.0888027369153],[-111.593678833044,40.0888233147367],[-111.59369047219,40.088839777382],[-111.593703453494,40.0888576113353],[-111.593716434347,40.0888754454631],[-111.593728968904,40.088893279773],[-111.593738368422,40.0889056261698],[-111.593748663108,40.0889193442343],[-111.593755824853,40.0889289471256],[-111.593768806191,40.0889467810711],[-111.593782234297,40.0889646148312],[-111.593798795361,40.0889865639364],[-111.593809537291,40.0890002818108],[-111.593823412179,40.0890181150302],[-111.593837733608,40.0890359480639],[-111.593850713112,40.0890524094366],[-111.593865035013,40.0890702424663],[-111.593878909701,40.0890880756791],[-111.593893231387,40.0891059085297],[-111.59390665768,40.0891223695357],[-111.593928139296,40.0891484326996],[-111.593936194614,40.0891580346829],[-111.59395006769,40.0891744953233],[-111.593965282938,40.0891923276195],[-111.593980498194,40.089210159738],[-111.593994818283,40.0892266201878],[-111.594010033326,40.0892444523024],[-111.594024353429,40.0892609125728],[-111.594040015707,40.0892787443222],[-111.594054782131,40.089295204404],[-111.594069548789,40.0893116641323],[-111.594085211091,40.0893294960512],[-111.594099977765,40.0893459559512],[-111.59411519121,40.0893624154881],[-111.594134431407,40.0893829896381],[-111.594146513758,40.0893967063966],[-111.594162620982,40.0894131652046],[-111.594178280992,40.0894296243721],[-111.594194388231,40.0894460831755],[-111.594210495478,40.0894625419768],[-111.59422615574,40.0894790011374],[-111.594242263002,40.089495459934],[-111.594258816808,40.089511918367],[-111.594280293027,40.0895338634227],[-111.594291031371,40.0895448359488],[-111.594307585201,40.0895612943746],[-111.594323692273,40.0895777531599],[-111.594344273118,40.0895983261883],[-111.594355904784,40.0896092981603],[-111.594373352633,40.0896257556764],[-111.594383194903,40.0896353563554],[-111.594406905487,40.0896572995762],[-111.594424352903,40.0896737572606],[-111.594441800556,40.0896902149422],[-111.594458352798,40.0897053007827],[-111.594476247233,40.0897217579209],[-111.594486983521,40.0897313578656],[-111.594499957648,40.0897437012982],[-111.594512482896,40.0897546721777],[-111.594529481935,40.0897697576453],[-111.594545138794,40.0897834716355],[-111.594563033042,40.0897999287602],[-111.59458047887,40.0898150138575],[-111.594597924706,40.0898300987764],[-111.594615817317,40.0898451835053],[-111.594634605361,40.0898616400684],[-111.594652497988,40.0898767247915],[-111.594679337775,40.0899000379769],[-111.594573102574,40.089974247524],[-111.594079823771,40.0896369745667],[-111.59334137224,40.089052818791],[-111.592672122142,40.0884219330128],[-111.592495641433,40.0884220733168]]]},"properties":{"zone_code":"C-2","zone_description":"C-2","zone_class_normalized":"Other/Unknown","jurisdiction":"spanish_fork_ut","source_rest_url":"https://services.arcgis.com/FvF9MZKp3JWPrSkg/arcgis/rest/services/SF_Zoning/FeatureServer/0","extraction_method":"arcgis_rest","confidence":"rest_api"}},{"type":"Feature","geometry":{"type":"Polygon","coordinates":[[[-111.611902059851,40.0990475657094],[-111.611903943376,40.0990485795749],[-111.615749033375,40.1011086573697],[-111.614830026516,40.1011007981532],[-111.612111862265,40.1011034461576],[-111.611932409788,40.1011271390953],[-111.611931442365,40.1007793610838],[-111.611902059851,40.0990475657094]]]},"properties":{"zone_code":"P-F","zone_description":"P-F","zone_class_normalized":"Other/Unknown","jurisdiction":"spanish_fork_ut","source_rest_url":"https://services.arcgis.com/FvF9MZKp3JWPrSkg/arcgis/rest/services/SF_Zoning/FeatureServer/0","extraction_method":"arcgis_rest","confidence":"rest_api"}},{"type":"Feature","geometry":{"type":"Polygon","coordinates":[[[-111.594690469644,40.0859824771104],[-111.595055051355,40.0859945338833],[-111.595458307723,40.0858665471358],[-111.59570626691,40.0858677163552],[-111.595868890936,40.0858675825884],[-111.595881170326,40.0860226824413],[-111.595883902502,40.0860597417544],[-111.595884851771,40.0860995480183],[-111.595889411384,40.0861654316412],[-111.595903318585,40.0862065997991],[-111.595916328711,40.0862450233866],[-111.595969114982,40.0862930226869],[-111.596014741453,40.0863327921201],[-111.596082731521,40.0863903874946],[-111.596149818379,40.0864411203944],[-111.59621645882,40.086491853448],[-111.596282203716,40.0865412146377],[-111.596377466792,40.0866125136449],[-111.596466469378,40.0866797000623],[-111.596592146254,40.086774308891],[-111.596773730517,40.0869114236565],[-111.595971364134,40.0875833150474],[-111.595864708,40.0876726254395],[-111.596006911128,40.0877631034002],[-111.5960654913,40.0878001168136],[-111.596332002633,40.0879632422906],[-111.596565431798,40.0881112954933],[-111.596752802474,40.0882305606979],[-111.597575746083,40.0875764913717],[-111.597574911547,40.088876394202],[-111.597287191097,40.0888848710094],[-111.596726047013,40.0889018102663],[-111.596726068272,40.0889169093411],[-111.596727348321,40.0891914389947],[-111.59672788012,40.0892518350938],[-111.596728547207,40.0894083169373],[-111.596092757412,40.0894060979768],[-111.595260055571,40.0891706858394],[-111.594634408407,40.0887456737644],[-111.594568905279,40.0885480649702],[-111.594558138936,40.0885165026092],[-111.594550511473,40.0884931736157],[-111.594545576126,40.0884780785289],[-111.594520900854,40.0884039753035],[-111.594426686947,40.0881212852281],[-111.594345012343,40.0878591746074],[-111.594435865303,40.0876477123887],[-111.594561638611,40.0874883825594],[-111.594575555766,40.0872124680414],[-111.594545035167,40.0871109164783],[-111.594564349407,40.086861077881],[-111.594147324775,40.0867282683018],[-111.594230998573,40.0864948495297],[-111.59427604723,40.0864399071022],[-111.594333136441,40.0863684827091],[-111.59441966295,40.0862613456042],[-111.594462158634,40.0859744266106],[-111.594690469644,40.0859824771104]]]},"properties":{"zone_code":"R-1-9","zone_description":"R-1-9","zone_class_normalized":"Residential-Low","jurisdiction":"spanish_fork_ut","source_rest_url":"https://services.arcgis.com/FvF9MZKp3JWPrSkg/arcgis/rest/services/SF_Zoning/FeatureServer/0","extraction_method":"arcgis_rest","confidence":"rest_api"}},{"type":"Feature","geometry":{"type":"Polygon","coordinates":[[[-111.611863948661,40.0948559701279],[-111.613619729849,40.0953425478521],[-111.61370823223,40.095367073439],[-111.613756852937,40.0953805474273],[-111.613780045189,40.0953927671488],[-111.6137346365,40.0954943876606],[-111.613710151592,40.0955493175995],[-111.61370213843,40.0955671697948],[-111.613692788937,40.0955877687712],[-111.613528068625,40.0959557996593],[-111.61230318619,40.095617942551],[-111.612041670292,40.0955454441968],[-111.611870910934,40.0955030559049],[-111.611864953987,40.0948634063333],[-111.611863948661,40.0948559701279]]]},"properties":{"zone_code":"P-F","zone_description":"P-F","zone_class_normalized":"Other/Unknown","jurisdiction":"spanish_fork_ut","source_rest_url":"https://services.arcgis.com/FvF9MZKp3JWPrSkg/arcgis/rest/services/SF_Zoning/FeatureServer/0","extraction_method":"arcgis_rest","confidence":"rest_api"}},{"type":"Feature","geometry":{"type":"Polygon","coordinates":[[[-111.596773730517,40.0869114236565],[-111.596829637397,40.0869539293527],[-111.596870783545,40.0869840935082],[-111.596936972486,40.0870307086468],[-111.596970064939,40.0870526437258],[-111.59700315935,40.0870759511834],[-111.597071133527,40.0871211921922],[-111.597104226066,40.0871431268811],[-111.597138212354,40.0871650609908],[-111.597173093875,40.0871883670846],[-111.597207080207,40.0872103011738],[-111.597311717661,40.0872747284023],[-111.597381475348,40.087317222431],[-111.597417246866,40.0873377822244],[-111.597452125133,40.0873583427542],[-111.597487896694,40.087378902877],[-111.597523668276,40.0873994626374],[-111.597560333382,40.0874200216381],[-111.597575982283,40.0874282444468],[-111.597575746083,40.0875764913717],[-111.596752802474,40.0882305606979],[-111.596565431798,40.0881112954933],[-111.596332002633,40.0879632422906],[-111.5960654913,40.0878001168136],[-111.596006911128,40.0877631034002],[-111.595864708,40.0876726254395],[-111.595971364134,40.0875833150474],[-111.596773730517,40.0869114236565]]]},"properties":{"zone_code":"R-R","zone_description":"R-R","zone_class_normalized":"Residential-Low","jurisdiction":"spanish_fork_ut","source_rest_url":"https://services.arcgis.com/FvF9MZKp3JWPrSkg/arcgis/rest/services/SF_Zoning/FeatureServer/0","extraction_method":"arcgis_rest","confidence":"rest_api"}},{"type":"Feature","geometry":{"type":"Polygon","coordinates":[[[-111.591378415024,40.0934856885955],[-111.591717866974,40.0934758105049],[-111.594944537732,40.0934788608446],[-111.595718032691,40.0927869458005],[-111.595613547129,40.0925990407762],[-111.591426946385,40.0926154971765],[-111.591041004984,40.0926346096552],[-111.591035965775,40.0926205048013],[-111.591020254472,40.0925760178755],[-111.591004713117,40.0925314954986],[-111.59098934194,40.0924869385493],[-111.590974141171,40.0924423473786],[-111.590959110121,40.0923977219872],[-111.590946066612,40.0923585225321],[-111.591320727953,40.092345031771],[-111.595914117832,40.0923274550377],[-111.596720153203,40.0934773936541],[-111.597531463048,40.093476717062],[-111.597547025863,40.094485193565],[-111.597569079997,40.0972480576994],[-111.593704918547,40.0972848422466],[-111.592714863764,40.0958699629946],[-111.592686738707,40.0958292426595],[-111.592658769397,40.0957884589416],[-111.592630955834,40.0957476127197],[-111.592603298477,40.095706703993],[-111.592575797324,40.0956657329378],[-111.592548452606,40.0956247004324],[-111.59252126478,40.0955836063007],[-111.592494234304,40.0955424512455],[-111.592467360492,40.095501235443],[-111.592440644487,40.0954599590681],[-111.592414086292,40.0954186231749],[-111.592387685904,40.0953772274125],[-111.592361443783,40.0953357723075],[-111.592335359929,40.0952942583871],[-111.592309434799,40.0952526860027],[-111.592283668394,40.0952110553297],[-111.592258061172,40.0951693667194],[-111.592232613132,40.0951276206991],[-111.592207324733,40.0950858174441],[-111.592182195975,40.0950439578333],[-111.592157227544,40.0950020415145],[-111.592132418526,40.0949600691914],[-111.592107770522,40.0949180410386],[-111.592083282846,40.0948759577595],[-111.592058955727,40.0948338193542],[-111.592034789624,40.0947916267006],[-111.592010784993,40.0947493794473],[-111.591986941607,40.0947070784731],[-111.591963259922,40.0946647239531],[-111.59193973994,40.0946223162391],[-111.591916382118,40.0945798558579],[-111.591893186686,40.0945373429851],[-111.591870153185,40.0944947781482],[-111.59184728276,40.0944521616977],[-111.591824574725,40.0944094938101],[-111.591802029995,40.0943667748362],[-111.59177964857,40.0943240054787],[-111.591757429994,40.094281185914],[-111.59173537541,40.0942383163168],[-111.591713484589,40.0941953972143],[-111.591691757761,40.0941524293096],[-111.591670194926,40.094109412427],[-111.591648796542,40.0940663472688],[-111.591627562609,40.0940232341867],[-111.591606493584,40.0939800731804],[-111.591585589011,40.0939368653044],[-111.591564849805,40.0938936103825],[-111.591544275736,40.0938503089421],[-111.591523867264,40.0938069613343],[-111.59150362393,40.0937635679108],[-111.59148354665,40.0937201290225],[-111.591463635425,40.0936766451964],[-111.591443890253,40.0936331169599],[-111.591424311136,40.0935895441374],[-111.591404898761,40.0935459274312],[-111.591385652669,40.0935022673687],[-111.591378415024,40.0934856885955]]]},"properties":{"zone_code":"I-1","zone_description":"I-1","zone_class_normalized":"Industrial/Flex","jurisdiction":"spanish_fork_ut","source_rest_url":"https://services.arcgis.com/FvF9MZKp3JWPrSkg/arcgis/rest/services/SF_Zoning/FeatureServer/0","extraction_method":"arcgis_rest","confidence":"rest_api"}},{"type":"Feature","geometry":{"type":"Polygon","coordinates":[[[-111.654495557743,40.087910212478],[-111.654489453164,40.0869836787887],[-111.65447762634,40.086691319025],[-111.656287475673,40.0866738049243],[-111.656280374119,40.0866944042772],[-111.656268832914,40.0867273634803],[-111.656257291697,40.086760322682],[-111.656245750469,40.0867932818824],[-111.656238655134,40.0868166265331],[-111.656213810496,40.0868935285294],[-111.65618186731,40.0869924025147],[-111.656172116234,40.0870267319596],[-111.656161468475,40.087059689951],[-111.65615171426,40.087092646743],[-111.656132208921,40.0871599329743],[-111.656122454677,40.087192889763],[-111.656113597099,40.0872272180033],[-111.656103842837,40.0872601747899],[-111.656094985242,40.0872945030281],[-111.656086124519,40.087327458615],[-111.656068406165,40.0873947424362],[-111.656059548534,40.0874290706706],[-111.656051581336,40.0874620250562],[-111.656042723688,40.0874963532888],[-111.656034756474,40.0875293076727],[-111.65602679237,40.0875636347062],[-111.65601086102,40.0876309161203],[-111.656003787337,40.0876638693039],[-111.655995823201,40.0876981963341],[-111.655981678916,40.087765475348],[-111.655974608321,40.087799801179],[-111.655960463994,40.0878670801885],[-111.655954286943,40.0879014048208],[-111.655947216321,40.0879357306489],[-111.655941039257,40.0879700552798],[-111.655933977967,40.0880084990571],[-111.655531860731,40.0880035461876],[-111.65551374394,40.0878951306883],[-111.654495557743,40.087910212478]]]},"properties":{"zone_code":"C-2","zone_description":"C-2","zone_class_normalized":"Other/Unknown","jurisdiction":"spanish_fork_ut","source_rest_url":"https://services.arcgis.com/FvF9MZKp3JWPrSkg/arcgis/rest/services/SF_Zoning/FeatureServer/0","extraction_method":"arcgis_rest","confidence":"rest_api"}},{"type":"Feature","geometry":{"type":"Polygon","coordinates":[[[-111.590946066612,40.092358522532],[-111.590944249936,40.0923530629013],[-111.59092955993,40.092308370473],[-111.590915040789,40.0922636454046],[-111.590900692512,40.0922188875204],[-111.590886515102,40.0921740978748],[-111.590872508785,40.0921292762918],[-111.590858673563,40.0920844234744],[-111.590845009894,40.092039539598],[-111.590831517319,40.0919946250143],[-111.590818196297,40.0919496804259],[-111.590805047056,40.091904706184],[-111.590792069598,40.0918597022889],[-111.590779264149,40.0918146692671],[-111.590766630255,40.0917696078222],[-111.5907541686,40.0917245179537],[-111.590741879186,40.0916794003643],[-111.590729762011,40.0916342552297],[-111.590717817306,40.0915890829013],[-111.59070604507,40.0915438839063],[-111.590694445533,40.0914986587717],[-111.590683018465,40.0914534076731],[-111.590671764325,40.0914081309621],[-111.590660683342,40.0913628291651],[-111.590649774828,40.0913175024589],[-111.5906390397,40.0912721513697],[-111.59062847773,40.0912267766004],[-111.590618088916,40.0911813779755],[-111.590607873489,40.0911359563735],[-111.590597831676,40.0910905116183],[-111.590587963251,40.0910450447645],[-111.59057826844,40.090999555636],[-111.590568747245,40.090954044936],[-111.590559399895,40.0909085131912],[-111.590550226618,40.090862960226],[-111.590541227186,40.0908173872703],[-111.590532401599,40.0907717939728],[-111.590523750087,40.0907261810361],[-111.590515272877,40.0906805488117],[-111.590506969741,40.0906348976509],[-111.590498841138,40.090589227905],[-111.590490886609,40.0905435401014],[-111.590483106842,40.0904978347667],[-111.590475501378,40.0904521119013],[-111.590468070676,40.0904063722078],[-111.590460814278,40.0903606160376],[-111.590453732871,40.0903148433906],[-111.590446826226,40.0902690553212],[-111.590440094114,40.0902232520051],[-111.590433537451,40.0901774332658],[-111.590427155093,40.0901316005102],[-111.590420947955,40.0900857530346],[-111.590414916038,40.090039892069],[-111.590409058884,40.0899940176137],[-111.590403377408,40.0899481303707],[-111.590397870696,40.0899022305168],[-111.590392538976,40.0898563180515],[-111.590387382935,40.0898103942044],[-111.590382402115,40.0897644588001],[-111.590377596975,40.0897185123653],[-111.590372966599,40.0896725554278],[-111.590368512359,40.0896265879868],[-111.590364232885,40.0895806109216],[-111.590360129319,40.0895346244072],[-111.590356201433,40.0894886287952],[-111.590211451074,40.0884238828684],[-111.589591977612,40.0884243433426],[-111.589383685346,40.0867909909944],[-111.5906557794,40.0867688418337],[-111.591048586192,40.086779071283],[-111.591487533966,40.0867902069853],[-111.592495641424,40.0884220733004],[-111.592672122133,40.0884219329964],[-111.593341372231,40.0890528187747],[-111.594079823762,40.0896369745503],[-111.594573102565,40.0899742475076],[-111.594679337766,40.0899000379605],[-111.59468962545,40.0899082655106],[-111.594706622903,40.0899219780372],[-111.5947249621,40.0899370623859],[-111.594743748531,40.0899521461921],[-111.59475940358,40.0899644874141],[-111.594781320959,40.0899823139713],[-111.594798765216,40.089996026472],[-111.594817104454,40.0900111106302],[-111.594836337693,40.0900261942331],[-111.594864963006,40.0900481331807],[-111.59487927567,40.0900591029155],[-111.594893141342,40.0900700728369],[-111.594905665044,40.09007967111],[-111.594918635519,40.0900892691934],[-111.594931605769,40.0900988670998],[-111.594951732595,40.0901139497793],[-111.594970070228,40.0901276615255],[-111.594988407869,40.0901413729175],[-111.595008981489,40.0901564553981],[-111.595037605013,40.0901770217397],[-111.595050575525,40.0901866198082],[-111.595067570762,40.0901989598943],[-111.595086802208,40.0902126705409],[-111.595110058388,40.0902291235534],[-111.595134212148,40.0902483209568],[-111.595145838347,40.0902551746324],[-111.595165067924,40.0902675128786],[-111.595186086259,40.0902812222242],[-111.595197712469,40.0902880758945],[-111.595217388834,40.0903004137668],[-111.595233041916,40.0903113821858],[-111.595257638932,40.0903278338963],[-111.595278210534,40.0903415434148],[-111.595298782374,40.0903552532806],[-111.595320247761,40.0903689620602],[-111.595339924172,40.0903812999116],[-111.595361389348,40.090395009035],[-111.595386431289,40.0904100877893],[-111.595409237023,40.0904237954544],[-111.595424888257,40.0904333911087],[-111.595445458247,40.09044572821],[-111.595466475014,40.0904580649413],[-111.595487938331,40.0904704009513],[-111.595509402113,40.0904827373083],[-111.59552102816,40.0904895911219],[-111.595535337432,40.0904978151219],[-111.595551435701,40.090507410568],[-111.595581396028,40.0905252303732],[-111.595594362861,40.090532083079],[-111.595616272996,40.0905444190498],[-111.595639077139,40.0905567542822],[-111.595660092063,40.0905677180641],[-111.59568200245,40.0905800540221],[-111.595703466072,40.0905923901675],[-111.595726270247,40.0906047253827],[-111.595747284972,40.0906156893247],[-111.597368253547,40.0914813135307],[-111.597377384371,40.0914986712385],[-111.59739121863,40.0921916840887],[-111.597528551279,40.093288029964],[-111.597531463048,40.093476717062],[-111.596720153203,40.0934773936541],[-111.595914117832,40.0923274550377],[-111.591320727953,40.092345031771],[-111.590946066612,40.092358522532]]]},"properties":{"zone_code":"P-F","zone_description":"P-F","zone_class_normalized":"Other/Unknown","jurisdiction":"spanish_fork_ut","source_rest_url":"https://services.arcgis.com/FvF9MZKp3JWPrSkg/arcgis/rest/services/SF_Zoning/FeatureServer/0","extraction_method":"arcgis_rest","confidence":"rest_api"}},{"type":"Feature","geometry":{"type":"Polygon","coordinates":[[[-111.595795659582,40.084934238172],[-111.595778613622,40.0848848368211],[-111.595757102256,40.0848368115295],[-111.595731122894,40.0847887900825],[-111.595700679826,40.08474351743],[-111.595666664843,40.08469962027],[-111.59562907772,40.0846570991266],[-111.595587026677,40.0846173265919],[-111.595541403501,40.0845789297146],[-111.595501153071,40.0845487643382],[-111.595440452451,40.0845913662966],[-111.595406533016,40.0846161018673],[-111.595361908424,40.0846532001706],[-111.59472248026,40.0852206280989],[-111.594425743504,40.0854844186464],[-111.594315933616,40.0845771832235],[-111.594967772297,40.0842636884588],[-111.595204735018,40.0837487494755],[-111.59551089897,40.0828823537648],[-111.595334550112,40.0820012537994],[-111.594398528875,40.0803095322083],[-111.594001944993,40.0790881895018],[-111.597364409136,40.0790579733142],[-111.597359692752,40.0788822770937],[-111.597924969938,40.0787418315046],[-111.598239558795,40.0784151213478],[-111.599223188817,40.0786685194428],[-111.600562705712,40.0795663929196],[-111.601037507807,40.0800389637863],[-111.600946095426,40.0801925726407],[-111.600922835136,40.0801942771593],[-111.600932745645,40.0801997298003],[-111.600622448858,40.0806296396847],[-111.600663797782,40.0807998132436],[-111.601343193289,40.0807374545148],[-111.60158198997,40.0805972353861],[-111.601630225316,40.0805889573625],[-111.601639387528,40.0805940787553],[-111.602244762811,40.0805045154866],[-111.602332817291,40.0804036331338],[-111.602019887431,40.0802014772715],[-111.602129737825,40.0800926642319],[-111.602830159812,40.0805091059112],[-111.603332699465,40.0805526450139],[-111.603548532925,40.080655490925],[-111.603639389268,40.0806505378899],[-111.603764189535,40.080823172099],[-111.604443318452,40.0817628340102],[-111.605938031418,40.0811245716141],[-111.605531977185,40.0805635240722],[-111.60695670537,40.0800461055105],[-111.607178663281,40.0802888614314],[-111.6072126663,40.0803217738695],[-111.607282444242,40.0818082957284],[-111.60742892099,40.0849158512474],[-111.607455256327,40.0849007278394],[-111.607672632152,40.0847742428509],[-111.607673483314,40.0850323010761],[-111.607214195874,40.0853100008199],[-111.6071766974,40.0853292526723],[-111.60714009261,40.0853485035145],[-111.607102594323,40.0853677551669],[-111.607055277562,40.0853938791924],[-111.607024485031,40.085415869787],[-111.606974049589,40.0854474872618],[-111.6033578407,40.0859929512677],[-111.603320338709,40.0860108291351],[-111.603281053857,40.0860314537035],[-111.603239984075,40.0860534525827],[-111.603198022616,40.0860768249791],[-111.60315248902,40.0861015730904],[-111.603106063966,40.0861276945391],[-111.60305874562,40.0861538167596],[-111.603014107467,40.0861799369412],[-111.602971252367,40.0862033098698],[-111.602931077927,40.0862266804131],[-111.602862332425,40.0862651754622],[-111.602814134554,40.0863009070232],[-111.602767725663,40.0863380097268],[-111.60272310598,40.0863764832234],[-111.602680275276,40.0864163280424],[-111.602639231732,40.08645617127],[-111.60259997899,40.0864987582123],[-111.60256251341,40.0865413432156],[-111.602526837044,40.086585299724],[-111.602493841336,40.0866292536858],[-111.602462634846,40.0866745786294],[-111.60243321712,40.086721274732],[-111.602406480292,40.0867679684692],[-111.602381532462,40.0868160333682],[-111.602358371587,40.086864096515],[-111.602337893668,40.0869135300402],[-111.60232810542,40.0869409917122],[-111.602321899556,40.0869739408497],[-111.602313908736,40.0870082642961],[-111.60230412887,40.0870412165721],[-111.602293455039,40.0870741696322],[-111.602280994202,40.0871071242605],[-111.602266746356,40.0871400804566],[-111.602251603183,40.0871716646955],[-111.602234672311,40.0872032506773],[-111.602215952839,40.0872334654851],[-111.602196341435,40.0872650536379],[-111.602174938929,40.0872938982275],[-111.602152644716,40.0873241159851],[-111.602129455171,40.0873529621334],[-111.602104476335,40.0873804372803],[-111.602077710474,40.0874079138122],[-111.60205005086,40.0874353909454],[-111.602021495684,40.0874614964666],[-111.601992044944,40.0874862298479],[-111.601960806949,40.0875109649623],[-111.601928673162,40.0875343284624],[-111.601895644041,40.0875563196443],[-111.601860827892,40.0875783125555],[-111.601826009457,40.0875989328927],[-111.601790297496,40.0876195538247],[-111.601752796471,40.0876388039191],[-111.601715293163,40.0876566810865],[-111.601676894299,40.0876731862825],[-111.601639386892,40.087688318298],[-111.601562591331,40.0877227017176],[-111.601523300916,40.0877405803812],[-111.601444713943,40.087772219802],[-111.601405421443,40.0877887260378],[-111.601365233391,40.0878038601229],[-111.601325043297,40.0878176216306],[-111.601283961703,40.0878327566408],[-111.601243771347,40.0878465181204],[-111.601202687696,40.0878602803625],[-111.601161603799,40.0878740424146],[-111.601119624587,40.0878864328398],[-111.601078538639,40.0878988224745],[-111.601036559167,40.0879112126942],[-111.600994577891,40.0879222303351],[-111.600951702864,40.0879332487355],[-111.600909721333,40.0879442663458],[-111.600866844263,40.0879539121514],[-111.600823969196,40.087964930329],[-111.600781090088,40.0879732033636],[-111.600738212982,40.0879828491217],[-111.600694440343,40.0879911230731],[-111.600651561203,40.0879993958842],[-111.600607788314,40.0880076696275],[-111.600564013634,40.0880145707905],[-111.600520238945,40.0880214719371],[-111.600432687305,40.0880339010903],[-111.600388017075,40.0880394303942],[-111.600344238114,40.0880435859962],[-111.600299567871,40.0880491150904],[-111.600255788898,40.088053270835],[-111.600166442144,40.0880602110723],[-111.600121767874,40.0880629946198],[-111.600077986883,40.0880657775582],[-111.599988634101,40.0880685996171],[-111.59994395805,40.0880700105327],[-111.599854601267,40.0880700871859],[-111.599809922761,40.0880701254869],[-111.59972011723,40.0880688298563],[-111.599675434742,40.0880661228029],[-111.599630754477,40.0880647882958],[-111.599541389745,40.0880593742789],[-111.599496705282,40.0880552945933],[-111.599452914563,40.0880512139518],[-111.599408230111,40.0880471340566],[-111.599364439403,40.0880430535574],[-111.599319752976,40.088037600889],[-111.599275960296,40.0880321476173],[-111.599232165641,40.0880253219413],[-111.599188372746,40.0880198684611],[-111.599144578107,40.0880130425764],[-111.599100781724,40.08800484376],[-111.599056985124,40.0879966452787],[-111.599014082044,40.0879884458457],[-111.598970285236,40.0879802471562],[-111.598927380199,40.0879706749518],[-111.598884475175,40.0879611029073],[-111.598841570163,40.0879515306713],[-111.598799556926,40.0879405850976],[-111.598756649965,40.0879296404422],[-111.598714636527,40.0879186946623],[-111.598672623102,40.0879077490429],[-111.598630607719,40.0878954308447],[-111.598548362276,40.087869420151],[-111.598506347168,40.0878571017319],[-111.598466114927,40.0878420364839],[-111.598424991392,40.0878283447163],[-111.598344528962,40.0877995870649],[-111.598304295055,40.087783149197],[-111.598264956637,40.0877680833005],[-111.59818627593,40.0877352059886],[-111.598118322205,40.0877050648924],[-111.598079873459,40.0876872527015],[-111.598041424962,40.0876694406732],[-111.598003869761,40.0876516275291],[-111.597891200593,40.0875954435988],[-111.597853643746,40.0875762581933],[-111.59781608669,40.0875570724244],[-111.597742760107,40.0875186997013],[-111.597705203343,40.087499514072],[-111.597669433377,40.0874803271075],[-111.597596105008,40.0874405815518],[-111.597575982283,40.0874282444468],[-111.597560333382,40.0874200216382],[-111.597523668276,40.0873994626375],[-111.597487896694,40.087378902877],[-111.597452125133,40.0873583427542],[-111.597417246866,40.0873377822244],[-111.597381475348,40.087317222431],[-111.597311717661,40.0872747284023],[-111.597207080207,40.0872103011738],[-111.597173093875,40.0871883670846],[-111.597138212354,40.0871650609908],[-111.597104226066,40.0871431268811],[-111.597071133527,40.0871211921922],[-111.59700315935,40.0870759511834],[-111.596970064939,40.0870526437258],[-111.596936972486,40.0870307086468],[-111.596870783545,40.0869840935082],[-111.596829637397,40.0869539293527],[-111.596773730517,40.0869114236565],[-111.596592146254,40.0867743088911],[-111.596466469378,40.0866797000623],[-111.596377466792,40.086612513645],[-111.596282203716,40.0865412146378],[-111.59621645882,40.086491853448],[-111.596149818379,40.0864411203944],[-111.596082731521,40.0863903874947],[-111.596014741453,40.0863327921202],[-111.595969114982,40.0862930226869],[-111.595916328711,40.0862450233866],[-111.595903318585,40.0862065997992],[-111.595889411384,40.0861654316413],[-111.595884851771,40.0860995480183],[-111.595883902502,40.0860597417544],[-111.595881170326,40.0860226824413],[-111.595868890936,40.0858675825884],[-111.595819174499,40.0851373716276],[-111.595819997139,40.0850865828389],[-111.595816352193,40.0850357975501],[-111.595808239671,40.0849850161119],[-111.595795659582,40.084934238172]]]},"properties":{"zone_code":"P-F","zone_description":"P-F","zone_class_normalized":"Other/Unknown","jurisdiction":"spanish_fork_ut","source_rest_url":"https://services.arcgis.com/FvF9MZKp3JWPrSkg/arcgis/rest/services/SF_Zoning/FeatureServer/0","extraction_method":"arcgis_rest","confidence":"rest_api"}},{"type":"Feature","geometry":{"type":"Polygon","coordinates":[[[-111.591041004984,40.0926346096552],[-111.591426946385,40.0926154971765],[-111.595613547129,40.0925990407762],[-111.595718032691,40.0927869458005],[-111.594944537732,40.0934788608446],[-111.591717866974,40.0934758105049],[-111.591378415024,40.0934856885955],[-111.591366573547,40.0934585641252],[-111.591347661396,40.0934148180522],[-111.591328916216,40.0933710295012],[-111.591310338464,40.0933271989991],[-111.591291927912,40.0932833267216],[-111.591273685018,40.0932394135473],[-111.591255610011,40.0931954591243],[-111.59123770289,40.0931514643315],[-111.591219963657,40.0931074293444],[-111.59120239254,40.0930633548658],[-111.591184989996,40.0930192405441],[-111.591167756027,40.0929750876093],[-111.591150690174,40.092930895886],[-111.591133793583,40.0928866660761],[-111.591117065794,40.0928423980045],[-111.591100507038,40.0927980927253],[-111.591084117544,40.0927537505896],[-111.59106789754,40.0927093715976],[-111.591051846797,40.0926649561007],[-111.591041004984,40.0926346096552]]]},"properties":{"zone_code":"P-F","zone_description":"P-F","zone_class_normalized":"Other/Unknown","jurisdiction":"spanish_fork_ut","source_rest_url":"https://services.arcgis.com/FvF9MZKp3JWPrSkg/arcgis/rest/services/SF_Zoning/FeatureServer/0","extraction_method":"arcgis_rest","confidence":"rest_api"}},{"type":"Feature","geometry":{"type":"Polygon","coordinates":[[[-111.649519839404,40.0783136069344],[-111.654571200015,40.0802259858721],[-111.654663664177,40.0802217450334],[-111.654689212968,40.0804578079121],[-111.654012952856,40.0805012567952],[-111.653415769311,40.0819474524515],[-111.655265483069,40.0836127780131],[-111.65510651245,40.0838435960432],[-111.654478552474,40.0847188124848],[-111.654477537068,40.0842672100802],[-111.652886191645,40.0864820303933],[-111.65174580612,40.0861815379349],[-111.650185192518,40.0863688695793],[-111.649539253607,40.0862077275813],[-111.650363192579,40.0846157592754],[-111.651485629918,40.084895698782],[-111.65330629284,40.0805351330919],[-111.64924574562,40.0790195044654],[-111.649519839404,40.0783136069344]]]},"properties":{"zone_code":"A-E","zone_description":"A-E","zone_class_normalized":"Other/Unknown","jurisdiction":"spanish_fork_ut","source_rest_url":"https://services.arcgis.com/FvF9MZKp3JWPrSkg/arcgis/rest/services/SF_Zoning/FeatureServer/0","extraction_method":"arcgis_rest","confidence":"rest_api"}},{"type":"Feature","geometry":{"type":"Polygon","coordinates":[[[-111.592688192246,40.0862147806362],[-111.592581254648,40.0863067465734],[-111.591496119181,40.0863076042139],[-111.591463538208,40.0862809989038],[-111.590051331181,40.0834637262648],[-111.589658074634,40.0827870928643],[-111.589793647728,40.0828015139313],[-111.589927643082,40.0828229362812],[-111.590059448644,40.082851262063],[-111.590188462361,40.0828863618925],[-111.59031409493,40.0829280754433],[-111.590435772489,40.0829762121791],[-111.590552939238,40.0830305522239],[-111.590665059978,40.083090847366],[-111.590771622555,40.0831568221915],[-111.590872140199,40.0832281753425],[-111.590966153748,40.0833045808927],[-111.591053233744,40.083385689837],[-111.591132982396,40.0834711316846],[-111.5912050354,40.0835605161512],[-111.592682960246,40.0862087277124],[-111.592688192246,40.0862147806362]]]},"properties":{"zone_code":"P-F","zone_description":"P-F","zone_class_normalized":"Other/Unknown","jurisdiction":"spanish_fork_ut","source_rest_url":"https://services.arcgis.com/FvF9MZKp3JWPrSkg/arcgis/rest/services/SF_Zoning/FeatureServer/0","extraction_method":"arcgis_rest","confidence":"rest_api"}},{"type":"Feature","geometry":{"type":"Polygon","coordinates":[[[-111.594690469644,40.0859824771104],[-111.59472248026,40.0852206280989],[-111.595361908424,40.0846532001706],[-111.595406533016,40.0846161018673],[-111.595440452451,40.0845913662965],[-111.595501153071,40.0845487643382],[-111.595541403501,40.0845789297145],[-111.595587026677,40.0846173265918],[-111.59562907772,40.0846570991266],[-111.595666664843,40.08469962027],[-111.595700679827,40.08474351743],[-111.595731122894,40.0847887900824],[-111.595757102256,40.0848368115296],[-111.595778613622,40.084884836821],[-111.595795659582,40.084934238172],[-111.595808239671,40.0849850161119],[-111.595816352193,40.0850357975501],[-111.595819997139,40.085086582839],[-111.5958191745,40.0851373716276],[-111.595868890936,40.0858675825884],[-111.59570626691,40.0858677163552],[-111.595458307723,40.0858665471358],[-111.595055051355,40.0859945338833],[-111.594690469644,40.0859824771104]]]},"properties":{"zone_code":"R-1-30","zone_description":"R-1-30","zone_class_normalized":"Residential-Low","jurisdiction":"spanish_fork_ut","source_rest_url":"https://services.arcgis.com/FvF9MZKp3JWPrSkg/arcgis/rest/services/SF_Zoning/FeatureServer/0","extraction_method":"arcgis_rest","confidence":"rest_api"}},{"type":"Feature","geometry":{"type":"Polygon","coordinates":[[[-111.598238567536,40.0781406363571],[-111.598534154114,40.0779629821013],[-111.599498173968,40.0779635349773],[-111.600486472129,40.0783758558673],[-111.601101798643,40.078505725573],[-111.601550729213,40.0787908474278],[-111.602183618436,40.0790112914017],[-111.602344184899,40.0791401800668],[-111.601741188963,40.0791407085054],[-111.601733560574,40.079138983902],[-111.600405620929,40.0784838310672],[-111.600166637991,40.0787200162543],[-111.600101171404,40.0787746022686],[-111.599533947905,40.078429335393],[-111.599479147506,40.0784835130645],[-111.599348503937,40.0784090283833],[-111.59929819972,40.0783893610235],[-111.599101434711,40.0783404010255],[-111.598930825742,40.0782997153021],[-111.598760224411,40.0782590318041],[-111.598589625497,40.078218348903],[-111.598499996993,40.0781972400174],[-111.598236964218,40.0781509111864],[-111.598238567536,40.0781406363571]]]},"properties":{"zone_code":"P-F","zone_description":"P-F","zone_class_normalized":"Other/Unknown","jurisdiction":"spanish_fork_ut","source_rest_url":"https://services.arcgis.com/FvF9MZKp3JWPrSkg/arcgis/rest/services/SF_Zoning/FeatureServer/0","extraction_method":"arcgis_rest","confidence":"rest_api"}},{"type":"Feature","geometry":{"type":"Polygon","coordinates":[[[-111.66112394955,40.0817103613836],[-111.659798183485,40.0828054129377],[-111.659651008082,40.0827002768619],[-111.658291249665,40.0824019618407],[-111.658183579875,40.0827072353417],[-111.659353651938,40.0829639365256],[-111.658988810236,40.0832875829839],[-111.658951884222,40.0833203292484],[-111.658187648427,40.0831804969627],[-111.658209271501,40.0834774477341],[-111.658169716872,40.0835877621751],[-111.657818083742,40.0845684201016],[-111.657508411404,40.0844855201376],[-111.657445380612,40.0844691335094],[-111.65510651245,40.0838435960432],[-111.655265483069,40.0836127780131],[-111.653415769311,40.0819474524515],[-111.654012952856,40.0805012567953],[-111.654689212968,40.0804578079122],[-111.654663664177,40.0802217450334],[-111.654571200016,40.0802259858721],[-111.649519839404,40.0783136069345],[-111.649920922169,40.0771933286302],[-111.64992077179,40.0771875122684],[-111.649933645448,40.0771504338411],[-111.650394288447,40.0773914273689],[-111.651492962131,40.0776851245986],[-111.652590055405,40.0778662554161],[-111.652603606925,40.0778835999972],[-111.65299543282,40.0779576917939],[-111.653217470123,40.0779656356003],[-111.653537054026,40.0780462015177],[-111.653760172431,40.0781378750697],[-111.654030809583,40.0783036090289],[-111.654277957928,40.0795469092553],[-111.654678601935,40.0795148066996],[-111.654623627359,40.0791058278448],[-111.655445902521,40.0790402181996],[-111.65560177857,40.0804071765398],[-111.656352647017,40.0805626536115],[-111.656440426564,40.0814437813486],[-111.656751249626,40.0815916100798],[-111.657970785002,40.0821431426574],[-111.658083978591,40.0818272780539],[-111.658273077014,40.0812999210395],[-111.658373777817,40.0809923090054],[-111.6610044457,40.0816791475563],[-111.66112394955,40.0817103613836]]]},"properties":{"zone_code":"R-R","zone_description":"R-R","zone_class_normalized":"Residential-Low","jurisdiction":"spanish_fork_ut","source_rest_url":"https://services.arcgis.com/FvF9MZKp3JWPrSkg/arcgis/rest/services/SF_Zoning/FeatureServer/0","extraction_method":"arcgis_rest","confidence":"rest_api"}},{"type":"Feature","geometry":{"type":"Polygon","coordinates":[[[-111.649790674249,40.1128581259735],[-111.650148851046,40.1128548198001],[-111.650498634856,40.1128572135333],[-111.650499131192,40.1130837002236],[-111.650143009418,40.1130869541733],[-111.649789021725,40.1130845647763],[-111.649790674249,40.1128581259735]]]},"properties":{"zone_code":"R-3","zone_description":"R-3","zone_class_normalized":"Residential-High","jurisdiction":"spanish_fork_ut","source_rest_url":"https://services.arcgis.com/FvF9MZKp3JWPrSkg/arcgis/rest/services/SF_Zoning/FeatureServer/0","extraction_method":"arcgis_rest","confidence":"rest_api"}},{"type":"Feature","geometry":{"type":"Polygon","coordinates":[[[-111.66337250101,40.0842645405651],[-111.662347797663,40.0843109686974],[-111.661496753481,40.0843572267077],[-111.661389833611,40.0832059777238],[-111.661198357308,40.0817297635965],[-111.661310204211,40.0817583385868],[-111.66459539558,40.0826226328372],[-111.665059758712,40.0841895488798],[-111.664430798721,40.0842220097943],[-111.663683450369,40.0842560064381],[-111.663374244405,40.0842717467521],[-111.66337250101,40.0842645405651]]]},"properties":{"zone_code":"R-R","zone_description":"R-R","zone_class_normalized":"Residential-Low","jurisdiction":"spanish_fork_ut","source_rest_url":"https://services.arcgis.com/FvF9MZKp3JWPrSkg/arcgis/rest/services/SF_Zoning/FeatureServer/0","extraction_method":"arcgis_rest","confidence":"rest_api"}},{"type":"Feature","geometry":{"type":"Polygon","coordinates":[[[-111.685863354576,40.098138462931],[-111.685860285488,40.0970041918108],[-111.685933703132,40.0970097363654],[-111.686206819423,40.0970198683088],[-111.686555962811,40.0970332221872],[-111.687096757923,40.0970456351273],[-111.687099961031,40.0982216123405],[-111.687102983012,40.0983341850782],[-111.685864087279,40.0983421210564],[-111.685863354576,40.098138462931]]]},"properties":{"zone_code":"R-1-20","zone_description":"R-1-20","zone_class_normalized":"Residential-Low","jurisdiction":"spanish_fork_ut","source_rest_url":"https://services.arcgis.com/FvF9MZKp3JWPrSkg/arcgis/rest/services/SF_Zoning/FeatureServer/0","extraction_method":"arcgis_rest","confidence":"rest_api"}},{"type":"Feature","geometry":{"type":"Polygon","coordinates":[[[-111.598238567536,40.0781406363571],[-111.598236964218,40.0781509111864],[-111.598499996993,40.0781972400174],[-111.598589625497,40.078218348903],[-111.598760224411,40.0782590318041],[-111.598930825742,40.0782997153021],[-111.599101434711,40.0783404010255],[-111.59929819972,40.0783893610235],[-111.599348503937,40.0784090283833],[-111.599479147506,40.0784835130645],[-111.599533947905,40.078429335393],[-111.600101171404,40.0787746022686],[-111.600166637991,40.0787200162543],[-111.600405620929,40.0784838310672],[-111.601733560574,40.079138983902],[-111.601741188963,40.0791407085054],[-111.60172591634,40.0791407218491],[-111.601971293091,40.0792242392471],[-111.602160943863,40.0793846737748],[-111.603059115143,40.0798478400249],[-111.603639389268,40.0806505378899],[-111.603548532925,40.080655490925],[-111.603332699465,40.0805526450139],[-111.602830159812,40.0805091059112],[-111.602129737825,40.0800926642319],[-111.602019887431,40.0802014772715],[-111.602332817291,40.0804036331338],[-111.602244762811,40.0805045154866],[-111.60163938751,40.0805940787609],[-111.601630225357,40.0805889574132],[-111.601581990125,40.0805972354367],[-111.601343193244,40.0807374543898],[-111.600663797938,40.0807998132061],[-111.6006224489,40.0806296396475],[-111.600932745687,40.0801997298513],[-111.600922835127,40.0801942771689],[-111.600946095425,40.0801925726407],[-111.601037507807,40.0800389637864],[-111.600562705712,40.0795663929196],[-111.599223188817,40.0786685194428],[-111.598239558795,40.0784151213478],[-111.597924969893,40.0787418315786],[-111.597359692969,40.0788822771458],[-111.597345084145,40.0783455807544],[-111.597341797642,40.078233025678],[-111.598029773796,40.0782516656916],[-111.598177714175,40.0779921089753],[-111.59820252695,40.0781622974543],[-111.598238567536,40.0781406363571]]]},"properties":{"zone_code":"R-1-6","zone_description":"R-1-6","zone_class_normalized":"Residential-Medium","jurisdiction":"spanish_fork_ut","source_rest_url":"https://services.arcgis.com/FvF9MZKp3JWPrSkg/arcgis/rest/services/SF_Zoning/FeatureServer/0","extraction_method":"arcgis_rest","confidence":"rest_api"}},{"type":"Feature","geometry":{"type":"Polygon","coordinates":[[[-111.611106118328,40.1212921890854],[-111.612091985346,40.1204165663896],[-111.613610813847,40.1190945867584],[-111.611919369596,40.119018576872],[-111.611965981889,40.1172928434826],[-111.611993548495,40.1172813546247],[-111.615984095875,40.1172578292786],[-111.615989864039,40.1173177666174],[-111.615968983131,40.1188944378186],[-111.616706857212,40.119099597059],[-111.616724153345,40.1208606801704],[-111.617115556504,40.1208570560149],[-111.617333723692,40.1208568365121],[-111.617566162204,40.1208566022012],[-111.61778075166,40.1208743605825],[-111.618149141413,40.1208739875969],[-111.61814950988,40.1209107672712],[-111.620679106826,40.1209041828496],[-111.620893665266,40.1209037769894],[-111.622635086747,40.1208969004426],[-111.622646149736,40.120866041113],[-111.622882985955,40.1208643744755],[-111.625240154926,40.1208477606224],[-111.625298710892,40.1208473474006],[-111.625298680189,40.120845712683],[-111.628150700992,40.1208267115567],[-111.628289036135,40.1208374161597],[-111.627025699746,40.1221763013082],[-111.627024901865,40.1221771468825],[-111.626912563011,40.1221794939387],[-111.626911926456,40.1221801081665],[-111.622867959787,40.126081939768],[-111.622864870822,40.1260852410815],[-111.622864545749,40.1260855885011],[-111.621884386151,40.1271331080626],[-111.62105699631,40.1281908656059],[-111.6210348105,40.128219228011],[-111.619139339091,40.1282211802065],[-111.619136195204,40.1264093071432],[-111.614616980001,40.1264019469913],[-111.613760663331,40.125169791001],[-111.612009613251,40.1226716768196],[-111.611106118328,40.1212921890854]]]},"properties":{"zone_code":"R-1-15","zone_description":"R-1-15","zone_class_normalized":"Residential-Low","jurisdiction":"spanish_fork_ut","source_rest_url":"https://services.arcgis.com/FvF9MZKp3JWPrSkg/arcgis/rest/services/SF_Zoning/FeatureServer/0","extraction_method":"arcgis_rest","confidence":"rest_api"}},{"type":"Feature","geometry":{"type":"Polygon","coordinates":[[[-111.605280178436,40.0792103132549],[-111.605267233889,40.0792171882392],[-111.605237764668,40.0792268234706],[-111.605207848713,40.079236459098],[-111.605187754429,40.0792419678771],[-111.605170785126,40.0792461011739],[-111.605155602727,40.0792502328545],[-111.605131487895,40.0792557452547],[-111.605105586153,40.0792612592628],[-111.605089954921,40.0792640186838],[-111.605074323687,40.0792667781027],[-111.605058692453,40.0792695375195],[-111.605039487403,40.0792723001582],[-111.605021620434,40.0792736889306],[-111.605002415382,40.0792764515632],[-111.604988122225,40.0792778371077],[-111.60497204216,40.0792792242614],[-111.604939879933,40.0792806259077],[-111.604923799866,40.0792820130547],[-111.604907717704,40.0792820275452],[-111.604891635541,40.0792820420335],[-111.60486304503,40.0792820677849],[-111.604834454518,40.0792820935293],[-111.604818816988,40.079280734951],[-111.604790224384,40.0792793880303],[-111.604775927036,40.0792780282401],[-111.604761629688,40.0792766684482],[-111.604747332341,40.0792753086545],[-111.604729907907,40.0792739516717],[-111.604701311124,40.0792698594206],[-111.604682097695,40.079267131383],[-111.604664228629,40.0792671474464],[-111.604644576838,40.0792699104214],[-111.604626709861,40.0792712991333],[-111.604606611341,40.0792740625034],[-111.60451440608,40.0791560968684],[-111.603560817937,40.0792708793514],[-111.603154556316,40.0794441946404],[-111.602645915541,40.0792675714952],[-111.602601052252,40.0791399540113],[-111.602344184899,40.0791401800668],[-111.602183618436,40.0790112914017],[-111.601550729213,40.0787908474276],[-111.601101798643,40.078505725573],[-111.600486472129,40.0783758558672],[-111.600625555551,40.0781753279134],[-111.60079445351,40.0778965325533],[-111.601119708758,40.0776230918713],[-111.601139786732,40.0776066025527],[-111.601382498392,40.0774018656233],[-111.601618964772,40.0772039969113],[-111.601654210442,40.0771737676952],[-111.601941273834,40.0770568408886],[-111.602258700377,40.0769316507663],[-111.6023952284,40.0768203455686],[-111.602697028433,40.0767020312685],[-111.603155080857,40.0765204356304],[-111.603149687382,40.0764984778951],[-111.603506841329,40.0763567772615],[-111.603563279435,40.0761618097559],[-111.603902203026,40.0760777757142],[-111.604884723443,40.0773877822823],[-111.605280178436,40.0792103132549]]]},"properties":{"zone_code":"R-1-9","zone_description":"R-1-9","zone_class_normalized":"Residential-Low","jurisdiction":"spanish_fork_ut","source_rest_url":"https://services.arcgis.com/FvF9MZKp3JWPrSkg/arcgis/rest/services/SF_Zoning/FeatureServer/0","extraction_method":"arcgis_rest","confidence":"rest_api"}},{"type":"Feature","geometry":{"type":"Polygon","coordinates":[[[-111.61115384821,40.1168588384133],[-111.611517106646,40.116859598173],[-111.611977657715,40.1168605591934],[-111.61197699319,40.1172813707957],[-111.611974242977,40.1190210430543],[-111.613610812886,40.1190945864147],[-111.612091984565,40.120416567204],[-111.611106118631,40.1212921898802],[-111.611064393904,40.1212284815343],[-111.609580666989,40.1190282882134],[-111.609513142015,40.1189442342576],[-111.6080722057,40.1168617382464],[-111.61115384821,40.1168588384133]],[[-111.611920258527,40.1189856574849],[-111.6119193703,40.1190185776875],[-111.611943606829,40.1190196661386],[-111.611920258527,40.1189856574849]]]},"properties":{"zone_code":"R-3","zone_description":"R-3","zone_class_normalized":"Residential-High","jurisdiction":"spanish_fork_ut","source_rest_url":"https://services.arcgis.com/FvF9MZKp3JWPrSkg/arcgis/rest/services/SF_Zoning/FeatureServer/0","extraction_method":"arcgis_rest","confidence":"rest_api"}},{"type":"Feature","geometry":{"type":"Polygon","coordinates":[[[-111.602243605055,40.0747068811838],[-111.602210683744,40.074508944164],[-111.602082861876,40.0742928891092],[-111.601898743551,40.0739147599485],[-111.601785414359,40.0735883581695],[-111.601652347712,40.0734252371215],[-111.601325644848,40.0732003752765],[-111.60106558009,40.0729959225549],[-111.601011071586,40.0729628508886],[-111.600961770774,40.0729252636551],[-111.600918307846,40.0728836413224],[-111.600881238363,40.0728385159367],[-111.600851036161,40.0727904643219],[-111.60082808729,40.0727401007057],[-111.600812685081,40.0726880688681],[-111.600805026397,40.0726350339118],[-111.600805209118,40.0725816737605],[-111.600518375497,40.0726325244059],[-111.60050764721,40.072641426322],[-111.600506220803,40.0726367582931],[-111.59997389581,40.0727209487599],[-111.599757463248,40.0728652635231],[-111.599520637285,40.0731166626507],[-111.598290670246,40.0732632092558],[-111.598491958675,40.075015923181],[-111.597263099486,40.0753395307014],[-111.597164301981,40.0718105095202],[-111.597588198458,40.0642605258143],[-111.602240256652,40.0642359432015],[-111.602032368163,40.068008196829],[-111.606688245291,40.0679793153855],[-111.606481034206,40.0717502004412],[-111.606708185857,40.077944796756],[-111.606688981245,40.0779475596677],[-111.606671116784,40.0779503213484],[-111.606651910038,40.0779517115992],[-111.606637617189,40.0779530973467],[-111.606617965853,40.0779558606556],[-111.606598310257,40.0779558786519],[-111.606582230534,40.0779572660284],[-111.606560788064,40.077957285654],[-111.60654291934,40.0779573020057],[-111.606383438846,40.0779560751677],[-111.606264576944,40.0782224790885],[-111.606257459145,40.0782417027761],[-111.606249452146,40.0782636725877],[-111.606241885496,40.0782815240271],[-111.606233427523,40.0783007489357],[-111.606227196781,40.0783158538422],[-111.606215175645,40.0783419452825],[-111.606206268815,40.0783597979419],[-111.606196470659,40.0783790240698],[-111.60618979106,40.0783927567268],[-111.606175980891,40.0784174771377],[-111.606168407841,40.078431210608],[-111.60616172611,40.0784435706087],[-111.606154150935,40.0784559314234],[-111.606147022478,40.0784682918304],[-111.606137664651,40.0784833995821],[-111.606123850204,40.0785053746771],[-111.606115828293,40.0785177358964],[-111.606108250981,40.0785287240533],[-111.60609933774,40.07854245874],[-111.606082398334,40.0785658093338],[-111.606070362266,40.0785822921761],[-111.606056988144,40.0786001488922],[-111.606046734716,40.0786138847953],[-111.606028008384,40.0786372370081],[-111.6060141854,40.0786537214714],[-111.606000362409,40.078670205933],[-111.605989213396,40.0786825699896],[-111.605974496948,40.0786990552613],[-111.605954428282,40.078721036027],[-111.605938818371,40.078737522107],[-111.60592677589,40.0787498869703],[-111.6059049203,40.0787718693528],[-111.605889754973,40.0787869823653],[-111.605871020081,40.078804843934],[-111.605860313517,40.0788144622628],[-111.6058371156,40.0788350731963],[-111.605820163349,40.0788501878236],[-111.605802317642,40.0788653032601],[-111.605789379552,40.0788762962664],[-111.605764394696,40.0788969088083],[-111.605746546852,40.0789106515818],[-111.605728252277,40.0789243947582],[-111.605713973991,40.0789353889727],[-111.60568809353,40.0789546296548],[-111.605576994088,40.0790425804456],[-111.6055404069,40.0790714393957],[-111.605518538437,40.0790851857778],[-111.605508276398,40.0790934310144],[-111.605486854647,40.0791071769857],[-111.605476145876,40.0791154226241],[-111.605464988269,40.0791222960119],[-111.60545383066,40.0791291693985],[-111.605442673049,40.0791360427842],[-111.605419908988,40.0791484173023],[-111.605408304644,40.0791552910889],[-111.605384200393,40.0791676668132],[-111.605360094027,40.0791786698781],[-111.605335540928,40.079189673342],[-111.605323041013,40.0791951752741],[-111.605310541095,40.0792006772048],[-111.605280178436,40.079210313255],[-111.604884723443,40.0773877822823],[-111.603902203026,40.0760777757143],[-111.603748575627,40.0755511117038],[-111.603144166059,40.0757357558818],[-111.602792225688,40.0757958934554],[-111.602502443038,40.0758106763566],[-111.602174163136,40.0758275094061],[-111.602042728873,40.0758871495036],[-111.602070662049,40.075452541285],[-111.602070391057,40.0752701513419],[-111.602098438035,40.0751597919375],[-111.602211216526,40.0748669688805],[-111.602243605055,40.0747068811838]]]},"properties":{"zone_code":"P-F","zone_description":"P-F","zone_class_normalized":"Other/Unknown","jurisdiction":"spanish_fork_ut","source_rest_url":"https://services.arcgis.com/FvF9MZKp3JWPrSkg/arcgis/rest/services/SF_Zoning/FeatureServer/0","extraction_method":"arcgis_rest","confidence":"rest_api"}},{"type":"Feature","geometry":{"type":"Polygon","coordinates":[[[-111.611977657576,40.1168605591859],[-111.611153848668,40.1168588390978],[-111.608072205982,40.1168617384504],[-111.607963126647,40.116704086841],[-111.6071501231,40.1155290322029],[-111.607313704692,40.1154955152586],[-111.609614663278,40.1154913144424],[-111.610790331205,40.1154395858151],[-111.612054450042,40.1154766754736],[-111.611981655639,40.1167125323871],[-111.611977657576,40.1168605591859]]]},"properties":{"zone_code":"C-2","zone_description":"C-2","zone_class_normalized":"Other/Unknown","jurisdiction":"spanish_fork_ut","source_rest_url":"https://services.arcgis.com/FvF9MZKp3JWPrSkg/arcgis/rest/services/SF_Zoning/FeatureServer/0","extraction_method":"arcgis_rest","confidence":"rest_api"}},{"type":"Feature","geometry":{"type":"Polygon","coordinates":[[[-111.599498173968,40.0779635349773],[-111.598534154114,40.0779629821013],[-111.59820252695,40.0781622974542],[-111.598177714175,40.0779921089752],[-111.598029773796,40.0782516656916],[-111.597341797642,40.0782330256779],[-111.597263099486,40.0753395307014],[-111.598491958675,40.0750159231809],[-111.598290670246,40.0732632092558],[-111.599520637285,40.0731166626506],[-111.599757463248,40.072865263523],[-111.59997389581,40.0727209487599],[-111.600506220803,40.072636758293],[-111.60050764721,40.072641426322],[-111.600518375497,40.0726325244059],[-111.600805209118,40.0725816737605],[-111.600805026397,40.0726350339118],[-111.600812685081,40.0726880688681],[-111.60082808729,40.0727401007057],[-111.600851036161,40.0727904643219],[-111.600881238363,40.0728385159367],[-111.600918307845,40.0728836413224],[-111.600961770774,40.0729252636551],[-111.601011071586,40.0729628508886],[-111.60106558009,40.0729959225549],[-111.601325644848,40.0732003752765],[-111.601652347712,40.0734252371216],[-111.601785414359,40.0735883581695],[-111.601898743551,40.0739147599485],[-111.602082861876,40.0742928891092],[-111.602210683744,40.074508944164],[-111.602243605055,40.0747068811838],[-111.602211216526,40.0748669688805],[-111.602098438035,40.0751597919375],[-111.602070391057,40.0752701513419],[-111.602070662049,40.075452541285],[-111.602042728873,40.0758871495036],[-111.602174163136,40.075827509406],[-111.602502443038,40.0758106763565],[-111.602792225688,40.0757958934554],[-111.603144166059,40.0757357558818],[-111.603748575627,40.0755511117038],[-111.603902203026,40.0760777757143],[-111.603563279435,40.0761618097559],[-111.603506841329,40.0763567772615],[-111.603149687382,40.0764984778951],[-111.603155080857,40.0765204356304],[-111.602697028433,40.0767020312685],[-111.6023952284,40.0768203455686],[-111.602258700377,40.0769316507663],[-111.601941273834,40.0770568408886],[-111.601654210442,40.0771737676952],[-111.601618964771,40.0772039969113],[-111.601382498392,40.0774018656233],[-111.601139786732,40.0776066025527],[-111.601119708758,40.0776230918713],[-111.60079445351,40.0778965325533],[-111.600625555551,40.0781753279134],[-111.600486472129,40.0783758558673],[-111.599498173968,40.0779635349773]]]},"properties":{"zone_code":"R-1-30","zone_description":"R-1-30","zone_class_normalized":"Residential-Low","jurisdiction":"spanish_fork_ut","source_rest_url":"https://services.arcgis.com/FvF9MZKp3JWPrSkg/arcgis/rest/services/SF_Zoning/FeatureServer/0","extraction_method":"arcgis_rest","confidence":"rest_api"}},{"type":"Feature","geometry":{"type":"Polygon","coordinates":[[[-111.612080504365,40.113495995255],[-111.612082012831,40.1134965466729],[-111.614311671658,40.1134784351195],[-111.614313545087,40.1135708969804],[-111.615485414085,40.1135634519086],[-111.615457567122,40.111812423322],[-111.615456615874,40.1117526068885],[-111.616646078604,40.1117366942453],[-111.619071863412,40.1118022635361],[-111.618034047554,40.1154260198114],[-111.616591849747,40.1154364037688],[-111.612054450042,40.1154766754736],[-111.612088839835,40.1144375578203],[-111.612083851305,40.1138730406856],[-111.612080504365,40.113495995255]]]},"properties":{"zone_code":"A-E","zone_description":"A-E","zone_class_normalized":"Other/Unknown","jurisdiction":"spanish_fork_ut","source_rest_url":"https://services.arcgis.com/FvF9MZKp3JWPrSkg/arcgis/rest/services/SF_Zoning/FeatureServer/0","extraction_method":"arcgis_rest","confidence":"rest_api"}},{"type":"Feature","geometry":{"type":"Polygon","coordinates":[[[-111.627646799559,40.0918608175518],[-111.628142233508,40.0918569990691],[-111.62976454278,40.0918277496938],[-111.629906622584,40.0918248459922],[-111.63022831924,40.0918217414063],[-111.630271659628,40.0918216929344],[-111.630272537012,40.0918216031971],[-111.630273013067,40.0918285546825],[-111.630290983003,40.0928223347952],[-111.629575632776,40.0928231328859],[-111.629579146267,40.0930276541258],[-111.629582280283,40.0932678647268],[-111.627668770372,40.0932699780597],[-111.627669805909,40.0931793924674],[-111.627646969968,40.0918615834669],[-111.627646799559,40.0918608175518]]]},"properties":{"zone_code":"R-R","zone_description":"R-R","zone_class_normalized":"Residential-Low","jurisdiction":"spanish_fork_ut","source_rest_url":"https://services.arcgis.com/FvF9MZKp3JWPrSkg/arcgis/rest/services/SF_Zoning/FeatureServer/0","extraction_method":"arcgis_rest","confidence":"rest_api"}},{"type":"Feature","geometry":{"type":"Polygon","coordinates":[[[-111.621405315948,40.1153239300467],[-111.621424369839,40.1153238832072],[-111.62144224892,40.1153238392527],[-111.622355868268,40.1153126638075],[-111.623269489361,40.1153014713562],[-111.623305029491,40.1153813296226],[-111.625331280464,40.1153458423513],[-111.626190955141,40.1153382771664],[-111.626695122716,40.1153349846887],[-111.62764266987,40.1153284599801],[-111.629373287622,40.115318315144],[-111.629365906765,40.1162215584114],[-111.627827891381,40.116221883878],[-111.627816514518,40.1189946355113],[-111.625265049226,40.1190550773264],[-111.625264706504,40.1190368290668],[-111.622865074567,40.119057670412],[-111.62286533303,40.1190837420056],[-111.622833014843,40.1190764364966],[-111.621404944909,40.1190866369428],[-111.621369595269,40.1155129761439],[-111.621405315948,40.1153239300467]]]},"properties":{"zone_code":"A-E","zone_description":"A-E","zone_class_normalized":"Other/Unknown","jurisdiction":"spanish_fork_ut","source_rest_url":"https://services.arcgis.com/FvF9MZKp3JWPrSkg/arcgis/rest/services/SF_Zoning/FeatureServer/0","extraction_method":"arcgis_rest","confidence":"rest_api"}},{"type":"Feature","geometry":{"type":"Polygon","coordinates":[[[-111.630831092124,40.0915166029403],[-111.629795036153,40.0915259025917],[-111.629790755804,40.0913317552003],[-111.629760139503,40.0912685345263],[-111.629752766356,40.0909340948221],[-111.629752512886,40.0909225975797],[-111.630259218426,40.0909157561606],[-111.630258716968,40.0908869310144],[-111.630823466899,40.0908821800194],[-111.630827381142,40.0910606204746],[-111.630827422967,40.0910825828704],[-111.630829757831,40.0913587717423],[-111.630831092124,40.0915166029403]]]},"properties":{"zone_code":"R-1-12","zone_description":"R-1-12","zone_class_normalized":"Residential-Low","jurisdiction":"spanish_fork_ut","source_rest_url":"https://services.arcgis.com/FvF9MZKp3JWPrSkg/arcgis/rest/services/SF_Zoning/FeatureServer/0","extraction_method":"arcgis_rest","confidence":"rest_api"}},{"type":"Feature","geometry":{"type":"Polygon","coordinates":[[[-111.583066734423,40.0762711811447],[-111.584464193516,40.0776349476532],[-111.588322059301,40.0741054330586],[-111.588441537305,40.0742223591191],[-111.591098809712,40.0751482268113],[-111.591866678862,40.075475688499],[-111.592446946604,40.0754766019653],[-111.592542040457,40.0790852408566],[-111.594001944984,40.0790881894853],[-111.594398528866,40.0803095321919],[-111.595334550103,40.0820012537831],[-111.59551089896,40.0828823537483],[-111.595204735009,40.0837487494591],[-111.594967772288,40.0842636884423],[-111.594315933607,40.0845771832071],[-111.592395831146,40.0849685564658],[-111.592706555404,40.0857960199006],[-111.592820893268,40.0861006577681],[-111.592688192246,40.0862147806362],[-111.592682960246,40.0862087277124],[-111.5912050354,40.0835605161512],[-111.591132982396,40.0834711316846],[-111.591053233744,40.0833856898371],[-111.590966153748,40.0833045808928],[-111.590872140199,40.0832281753425],[-111.590771622555,40.0831568221915],[-111.590665059978,40.083090847366],[-111.590552939238,40.0830305522239],[-111.590435772489,40.0829762121792],[-111.59031409493,40.0829280754433],[-111.590188462361,40.0828863618925],[-111.590059448644,40.0828512620631],[-111.589927643082,40.0828229362813],[-111.589793647727,40.0828015139313],[-111.589658074634,40.0827870928643],[-111.590051331181,40.0834637262648],[-111.591463538208,40.0862809989039],[-111.591496119181,40.0863076042139],[-111.591189558414,40.0863078446734],[-111.591487533966,40.0867902069854],[-111.591048586192,40.086779071283],[-111.5906557794,40.0867688418337],[-111.590083625739,40.0867788056513],[-111.590030968264,40.0861387448847],[-111.590006767302,40.0859004985954],[-111.58997342281,40.085662904674],[-111.589930963932,40.085426170107],[-111.589879427751,40.0851905011306],[-111.589818859255,40.0849561030501],[-111.589749311302,40.0847231800619],[-111.589670844569,40.0844919350752],[-111.5895835275,40.0842625695355],[-111.589487436248,40.0840352832489],[-111.589382654605,40.0838102742087],[-111.589269273933,40.0835877384218],[-111.589147393081,40.0833678697396],[-111.589017118298,40.0831508596878],[-111.588878563144,40.0829368973003],[-111.588731848387,40.0827261689547],[-111.587931164141,40.0825625776364],[-111.587753015108,40.0825227753269],[-111.587577447178,40.0824767004989],[-111.587404834446,40.0824244513284],[-111.587235544705,40.0823661391473],[-111.587069938667,40.082301888206],[-111.586908369193,40.0822318354092],[-111.586751180536,40.082156130023],[-111.586598707614,40.0820749333577],[-111.586451275294,40.0819884184241],[-111.586309197698,40.0818967695634],[-111.586172777535,40.0818001820558],[-111.586042305455,40.0816988617032],[-111.585918059433,40.0815930243914],[-111.585800304172,40.0814828956296],[-111.585689290541,40.0813687100691],[-111.576768227853,40.0717351548587],[-111.57700784166,40.0717349906966],[-111.578005973139,40.0717343262345],[-111.578862894582,40.0717337489498],[-111.578844941884,40.0724379346817],[-111.582845563007,40.0762511447913],[-111.583066734423,40.0762711811447]]]},"properties":{"zone_code":"I-1","zone_description":"I-1","zone_class_normalized":"Industrial/Flex","jurisdiction":"spanish_fork_ut","source_rest_url":"https://services.arcgis.com/FvF9MZKp3JWPrSkg/arcgis/rest/services/SF_Zoning/FeatureServer/0","extraction_method":"arcgis_rest","confidence":"rest_api"}},{"type":"Feature","geometry":{"type":"Polygon","coordinates":[[[-111.630833190246,40.0917647847108],[-111.630639719882,40.091763629244],[-111.630268877265,40.0917681626026],[-111.630272537012,40.0918216031971],[-111.630271659628,40.0918216929344],[-111.63022831924,40.0918217414063],[-111.629906622584,40.0918248459922],[-111.62976454278,40.0918277496938],[-111.628142233508,40.091856999069],[-111.628124445952,40.0909442047256],[-111.62815348811,40.0909441727709],[-111.629752512886,40.0909225975797],[-111.629752766356,40.0909340948221],[-111.629760139503,40.0912685345263],[-111.629790755804,40.0913317552003],[-111.629795036153,40.0915259025917],[-111.630831092124,40.0915166029403],[-111.630833190246,40.0917647847108]]]},"properties":{"zone_code":"R-1-9","zone_description":"R-1-9","zone_class_normalized":"Residential-Low","jurisdiction":"spanish_fork_ut","source_rest_url":"https://services.arcgis.com/FvF9MZKp3JWPrSkg/arcgis/rest/services/SF_Zoning/FeatureServer/0","extraction_method":"arcgis_rest","confidence":"rest_api"}},{"type":"Feature","geometry":{"type":"Polygon","coordinates":[[[-111.641964870787,40.1299254625077],[-111.642055307393,40.1300006334953],[-111.643213780644,40.1293891625285],[-111.642999593654,40.129667675528],[-111.643148227397,40.1303965916177],[-111.644478659511,40.1303923503227],[-111.645336108085,40.1309479867426],[-111.645338172002,40.1311398447446],[-111.645364309213,40.1329411615657],[-111.645367302558,40.1331474499419],[-111.635805765082,40.133117289296],[-111.635738215748,40.1331062519376],[-111.635733436964,40.1306948318825],[-111.635801262445,40.1305320411454],[-111.635790971841,40.1299503955341],[-111.635792874598,40.1297328228217],[-111.635803979254,40.1296314978107],[-111.635823207122,40.1295308992884],[-111.635850486584,40.1294314034249],[-111.635885713602,40.1293333895502],[-111.635928753837,40.1292372313431],[-111.635979443169,40.129143295406],[-111.636037588313,40.1290519398677],[-111.636102967564,40.1289635130176],[-111.636175331641,40.1288783519785],[-111.636254404635,40.1287967814205],[-111.636339885063,40.1287191123256],[-111.636431447019,40.1286456407993],[-111.638413072943,40.1271507388103],[-111.641118951888,40.1292641656459],[-111.641161303566,40.1292972430804],[-111.641934041991,40.1299007425964],[-111.641964870787,40.1299254625077]]]},"properties":{"zone_code":"BP","zone_description":"BP","zone_class_normalized":"Other/Unknown","jurisdiction":"spanish_fork_ut","source_rest_url":"https://services.arcgis.com/FvF9MZKp3JWPrSkg/arcgis/rest/services/SF_Zoning/FeatureServer/0","extraction_method":"arcgis_rest","confidence":"rest_api"}},{"type":"Feature","geometry":{"type":"Polygon","coordinates":[[[-111.630972599988,40.1227027195972],[-111.630965252044,40.1215361998676],[-111.631048494963,40.1214809830785],[-111.631290023528,40.1213242298854],[-111.631380659337,40.1212692221231],[-111.631472638928,40.1212155852831],[-111.631520417866,40.1211894512027],[-111.632171338437,40.1211952005119],[-111.633862292119,40.1212101189905],[-111.633915723667,40.121210890694],[-111.6356716887,40.1212362365421],[-111.635711138196,40.1212368056794],[-111.635722796704,40.122612179331],[-111.632282155989,40.1226877211356],[-111.630972626176,40.1227164460676],[-111.630972599988,40.1227027195972]]]},"properties":{"zone_code":"C-O","zone_description":"C-O","zone_class_normalized":"Other/Unknown","jurisdiction":"spanish_fork_ut","source_rest_url":"https://services.arcgis.com/FvF9MZKp3JWPrSkg/arcgis/rest/services/SF_Zoning/FeatureServer/0","extraction_method":"arcgis_rest","confidence":"rest_api"}},{"type":"Feature","geometry":{"type":"Polygon","coordinates":[[[-111.64234155528,40.1253619178672],[-111.641243593642,40.1253316833786],[-111.641091800911,40.1253356729326],[-111.641148112586,40.1253037005209],[-111.641206495507,40.1251640364193],[-111.641264551757,40.1250770495899],[-111.641330526536,40.124993455716],[-111.641404085121,40.1249136788754],[-111.64142645804,40.1248927502762],[-111.642616955148,40.1239932508351],[-111.642685237225,40.1239816802591],[-111.642681620514,40.1240121957605],[-111.642687064591,40.124050623052],[-111.642702337365,40.1240862930231],[-111.642727435996,40.124117833032],[-111.642758784346,40.1241452474542],[-111.643982955976,40.1251087078944],[-111.644319522131,40.125383865668],[-111.644286754353,40.1253990980534],[-111.64234155528,40.1253619178672]]]},"properties":{"zone_code":"S-C","zone_description":"S-C","zone_class_normalized":"Other/Unknown","jurisdiction":"spanish_fork_ut","source_rest_url":"https://services.arcgis.com/FvF9MZKp3JWPrSkg/arcgis/rest/services/SF_Zoning/FeatureServer/0","extraction_method":"arcgis_rest","confidence":"rest_api"}},{"type":"Feature","geometry":{"type":"Polygon","coordinates":[[[-111.61814950988,40.1209107672713],[-111.618149141413,40.1208739875969],[-111.61778075166,40.1208743605825],[-111.617566162204,40.1208566022012],[-111.617333723692,40.1208568365121],[-111.617115556504,40.1208570560149],[-111.616724153345,40.1208606801704],[-111.616706857212,40.1190995970592],[-111.615968983131,40.1188944378187],[-111.615989864039,40.1173177666175],[-111.615984095875,40.1172578292786],[-111.611993548495,40.1172813546247],[-111.611965981889,40.1172928434826],[-111.611981655639,40.1167125323871],[-111.612054450042,40.1154766754736],[-111.616591849747,40.1154364037688],[-111.618034047585,40.1154260197877],[-111.619071863475,40.1118022634886],[-111.619072143528,40.1118016025317],[-111.617399736514,40.1118032999649],[-111.617396386407,40.10990500431],[-111.620241084714,40.1098553630718],[-111.620243121187,40.1098553633135],[-111.620238364975,40.1091544680944],[-111.620230546899,40.1080023372307],[-111.618630737386,40.1080025691647],[-111.619125615772,40.1044784788592],[-111.619174618069,40.1041311488775],[-111.619155843395,40.1041117643909],[-111.617879568409,40.1043633864325],[-111.617081584009,40.1043504154782],[-111.613493346067,40.1043656025412],[-111.61199949495,40.104371892611],[-111.611963932558,40.1043726982672],[-111.611936860561,40.1025654631658],[-111.611999530803,40.1025651603986],[-111.614116888753,40.1025736736886],[-111.616654543409,40.1025838261598],[-111.616653886373,40.1022079403182],[-111.616652855054,40.1015928599647],[-111.618953132857,40.1028251205247],[-111.620668334817,40.1037438969286],[-111.620773451838,40.1038000666393],[-111.621279359833,40.1040713251104],[-111.621384031225,40.1041274947349],[-111.62143177244,40.1043374879085],[-111.624730714859,40.1060978442302],[-111.62472865621,40.1079564283798],[-111.626115450942,40.1079549340948],[-111.626130511014,40.1068430392852],[-111.628312700149,40.1080087786259],[-111.628310538207,40.1078083745803],[-111.630063304756,40.1087384577477],[-111.630203780132,40.108813796465],[-111.631739168939,40.1096274221523],[-111.631771386968,40.1096479753267],[-111.631539788254,40.1098335442202],[-111.631808362296,40.1100514912892],[-111.631936383801,40.1101556676426],[-111.63207607087,40.110283165346],[-111.632200980306,40.1103955808074],[-111.63240475377,40.1106135999948],[-111.632434285527,40.1106314109103],[-111.632481313818,40.1106835180687],[-111.632550289464,40.1107603076868],[-111.63261703605,40.1108398450039],[-111.63268244185,40.1109193841602],[-111.63274561328,40.1109989254727],[-111.632807002318,40.1110812144247],[-111.632866601226,40.1111621324748],[-111.632924417507,40.1112457979944],[-111.632979999625,40.1113294658583],[-111.633034241158,40.1114131352248],[-111.633086250488,40.1114981800237],[-111.633136025177,40.111583227],[-111.633184015246,40.1116696489907],[-111.633230220233,40.1117574453834],[-111.633274637471,40.1118452438889],[-111.63331682027,40.1119330449328],[-111.633356771059,40.1120222212479],[-111.633394934306,40.1121113994185],[-111.633430862634,40.1122005801345],[-111.63346500653,40.1122911356153],[-111.633469499895,40.1123034843631],[-111.633478489296,40.1123295542369],[-111.633491073145,40.1123652287634],[-111.633496915263,40.1123816936369],[-111.633527036425,40.1124722538805],[-111.633554925992,40.1125641890546],[-111.633580580602,40.1126561269581],[-111.633604000472,40.1127480672413],[-111.633625632741,40.1128400095682],[-111.633645032925,40.1129333271823],[-111.633662645493,40.1130266470178],[-111.633677576601,40.1131199697499],[-111.633690719616,40.1132132945295],[-111.633701628071,40.1133066218702],[-111.633710748875,40.113399951084],[-111.633713042271,40.1134301466402],[-111.633717187957,40.1134932835675],[-111.633716786243,40.1135166190798],[-111.633716826334,40.1135372087952],[-111.633716419503,40.1135577988476],[-111.633716459593,40.1135783885628],[-111.633716499683,40.1135989781019],[-111.633716539772,40.1136195676411],[-111.63371658788,40.1136442751936],[-111.633716173031,40.1136607475836],[-111.633715319278,40.1136813381483],[-111.633714912446,40.1137019283759],[-111.633714058462,40.1137225189406],[-111.633713220743,40.1137513453556],[-111.633712797874,40.1137636997321],[-111.633711497196,40.1137842908094],[-111.633710643211,40.113804881725],[-111.633709342532,40.1138254728022],[-111.633708488774,40.1138460633659],[-111.633707187864,40.1138666546186],[-111.633705440259,40.113887246208],[-111.633704139348,40.1139078372848],[-111.633702838664,40.1139284285367],[-111.633701098845,40.1139531381391],[-111.63369978747,40.1139682386485],[-111.63369759538,40.1139902036556],[-111.633695847769,40.1140107952443],[-111.633693653005,40.1140313875217],[-111.633691458238,40.1140519796233],[-111.633688391,40.1140835540592],[-111.633686630252,40.114097282351],[-111.63368487439,40.1141137562779],[-111.633682232923,40.1141343488916],[-111.633679591226,40.1141549416808],[-111.633677393779,40.1141741610521],[-111.63367607438,40.114185143899],[-111.633673871588,40.1142016179869],[-111.63367078296,40.1142222112884],[-111.633668574822,40.1142359402685],[-111.633666808495,40.1142469234524],[-111.633664605699,40.1142633977153],[-111.633662844713,40.114277126182],[-111.633660639243,40.1142922277155],[-111.633658431101,40.1143059566951],[-111.633656220516,40.1143183131207],[-111.633652684722,40.1143389067586],[-111.633649149156,40.1143595005716],[-111.633646057842,40.1143787211423],[-111.633642522501,40.1143993147789],[-111.633640756165,40.1144102981377],[-111.633638109102,40.1144281454658],[-111.633634565513,40.1144446212654],[-111.633631468849,40.1144610965524],[-111.633628372184,40.1144775718392],[-111.633624828591,40.1144940476384],[-111.633621731922,40.114510522925],[-111.633618632582,40.1145256254817],[-111.633617206362,40.1145308404837],[-111.633279353169,40.114484089103],[-111.63284091901,40.1144352543962],[-111.632840016291,40.1144761849996],[-111.63283023931,40.114516427354],[-111.632811861657,40.1145548552946],[-111.632785397609,40.1145903934304],[-111.632751587743,40.1146220472389],[-111.632711378207,40.1146489308982],[-111.632665894248,40.1146702920762],[-111.632616408719,40.1146855329855],[-111.63256430646,40.1146942271125],[-111.632511045542,40.1146961311541],[-111.632511964376,40.1151723124794],[-111.632495464237,40.1152416610689],[-111.632239754307,40.1152446308799],[-111.631792534587,40.1152498233593],[-111.631650871222,40.1152514678306],[-111.631549194528,40.1152526481204],[-111.631233509899,40.1152563116757],[-111.630941867318,40.1152596955802],[-111.630942106612,40.1153851946112],[-111.630393154246,40.1153896224427],[-111.629361269101,40.1153979384838],[-111.629361074509,40.1153183288339],[-111.629046424505,40.1153241681913],[-111.627937965978,40.115328136023],[-111.627630456754,40.1153284733129],[-111.626682909599,40.1153349980977],[-111.626178742481,40.115338290522],[-111.626121531224,40.1153383524714],[-111.625409979078,40.1153446111816],[-111.625338465514,40.1153446881415],[-111.625338399337,40.1153397756843],[-111.625331280527,40.1153458423036],[-111.623305029554,40.1153813295752],[-111.623269489424,40.1153014713087],[-111.622355868331,40.1153126637599],[-111.621442248983,40.115323839205],[-111.621405315948,40.115323930023],[-111.621369595269,40.1155129761439],[-111.621404944909,40.1190866369428],[-111.622833014843,40.1190764364966],[-111.62286533303,40.1190837420056],[-111.622865074567,40.119057670412],[-111.625264706504,40.1190368290668],[-111.625265049226,40.1190550773264],[-111.627816514518,40.1189946355113],[-111.628332557203,40.1189916157106],[-111.628335884311,40.120787765141],[-111.628289036135,40.1208374161597],[-111.628150700992,40.1208267115567],[-111.625298680189,40.120845712683],[-111.625298710892,40.1208473474006],[-111.625240154926,40.1208477606224],[-111.622882985955,40.1208643744756],[-111.622646149736,40.120866041113],[-111.622635086747,40.1208969004426],[-111.620893665266,40.1209037769894],[-111.620679106826,40.1209041828496],[-111.61814950988,40.1209107672713]]]},"properties":{"zone_code":"R-1-12","zone_description":"R-1-12","zone_class_normalized":"Residential-Low","jurisdiction":"spanish_fork_ut","source_rest_url":"https://services.arcgis.com/FvF9MZKp3JWPrSkg/arcgis/rest/services/SF_Zoning/FeatureServer/0","extraction_method":"arcgis_rest","confidence":"rest_api"}},{"type":"Feature","geometry":{"type":"Polygon","coordinates":[[[-111.631022648298,40.128145884553],[-111.631004561884,40.1263346915263],[-111.631002659173,40.1263346936655],[-111.63094421244,40.1263347593619],[-111.630232439027,40.1267555849629],[-111.630153812826,40.1267831256165],[-111.630153725094,40.1267740232899],[-111.630140026653,40.1253477424965],[-111.628855610582,40.1253634763692],[-111.628851469931,40.1250356056882],[-111.62757305153,40.1250513333364],[-111.627285735701,40.1250589747444],[-111.627595819983,40.124709128464],[-111.627925401256,40.1243372802513],[-111.628522541181,40.1236635477716],[-111.628973424114,40.1231548106112],[-111.629248302667,40.1228446545341],[-111.629757256652,40.1222703246625],[-111.630116577285,40.1224675843421],[-111.63013939804,40.1224799125856],[-111.630162665797,40.1224922405009],[-111.630186380669,40.1225045676485],[-111.630210092948,40.1225155222842],[-111.630234252113,40.1225264764154],[-111.630258858394,40.122537430042],[-111.630283464683,40.1225483836634],[-111.630308068375,40.1225579647724],[-111.630333119068,40.1225675451127],[-111.630358169767,40.1225771256235],[-111.630383667468,40.1225867055407],[-111.630409612169,40.1225962850396],[-111.630435554385,40.1226044918504],[-111.630461496493,40.1226126986552],[-111.630487885601,40.1226209050417],[-111.630514272221,40.1226277385636],[-111.630540658732,40.1226345722552],[-111.630567492357,40.1226414053521],[-111.630594325873,40.1226482385311],[-111.630621603892,40.1226536986075],[-111.630648434805,40.1226591590034],[-111.630675712833,40.1226646189793],[-111.630703437859,40.1226700784476],[-111.630730713168,40.1226741657282],[-111.630758435588,40.1226782525886],[-111.630786158012,40.1226823393545],[-111.630813880325,40.1226864262899],[-111.63084160014,40.1226891403601],[-111.630869766952,40.1226918540092],[-111.630897933766,40.1226945676517],[-111.63092565097,40.1226959091074],[-111.630972599988,40.1227027195974],[-111.630972626175,40.1227164460678],[-111.632282155989,40.1226877211356],[-111.635722796704,40.1226121793311],[-111.63567200043,40.1226945969972],[-111.635694383773,40.1249731554329],[-111.635695085659,40.1251021828543],[-111.635695761305,40.1252469022401],[-111.635728381161,40.1281391508088],[-111.631068608235,40.1281444854066],[-111.631022648298,40.128145884553]]]},"properties":{"zone_code":"I-1","zone_description":"I-1","zone_class_normalized":"Industrial/Flex","jurisdiction":"spanish_fork_ut","source_rest_url":"https://services.arcgis.com/FvF9MZKp3JWPrSkg/arcgis/rest/services/SF_Zoning/FeatureServer/0","extraction_method":"arcgis_rest","confidence":"rest_api"}},{"type":"Feature","geometry":{"type":"Polygon","coordinates":[[[-111.629361269101,40.1153979384838],[-111.630393154246,40.1153896224426],[-111.630942106613,40.1153851946112],[-111.630941867318,40.1152596955802],[-111.631233509899,40.1152563116757],[-111.631549194528,40.1152526481202],[-111.631650871222,40.1152514678306],[-111.631792534587,40.1152498233591],[-111.632239754308,40.1152446308797],[-111.632621475853,40.1152401973655],[-111.632871661775,40.1152372910477],[-111.632958770755,40.1152362789123],[-111.633042860739,40.1152316815185],[-111.633206044846,40.1152227594981],[-111.633415961022,40.1152112819709],[-111.63341975028,40.1152110747061],[-111.633417061281,40.1152190420343],[-111.633386399792,40.1153110442224],[-111.633239658864,40.1157010430875],[-111.632507350841,40.1167656774217],[-111.632187956467,40.1170968474603],[-111.631437980405,40.1178210789924],[-111.631070718923,40.1178065645358],[-111.631066513435,40.1178063983125],[-111.630276150933,40.1185559840245],[-111.629826138319,40.1189827695832],[-111.628332558893,40.1189925279796],[-111.627802211272,40.1189959884323],[-111.627813588713,40.1162232364497],[-111.629313609729,40.1162215811457],[-111.629353836462,40.1162215364888],[-111.629353987252,40.1162036658602],[-111.629360777554,40.115397942387],[-111.629361269101,40.1153979384838]]]},"properties":{"zone_code":"R-1-9","zone_description":"R-1-9","zone_class_normalized":"Residential-Low","jurisdiction":"spanish_fork_ut","source_rest_url":"https://services.arcgis.com/FvF9MZKp3JWPrSkg/arcgis/rest/services/SF_Zoning/FeatureServer/0","extraction_method":"arcgis_rest","confidence":"rest_api"}},{"type":"Feature","geometry":{"type":"Polygon","coordinates":[[[-111.638016183677,40.1219761503599],[-111.638370193032,40.1217036342564],[-111.638262290889,40.1216145004936],[-111.637521600535,40.1210452103146],[-111.637513460366,40.1210405052761],[-111.637516175971,40.1210384013244],[-111.63795355574,40.1207002142447],[-111.638032857799,40.1206352286157],[-111.638902408935,40.1213030495775],[-111.640025294415,40.1204355681131],[-111.640592985233,40.1208755027136],[-111.64107741161,40.1212523938101],[-111.64361424207,40.1232245263222],[-111.643067033758,40.1236442584113],[-111.643063474996,40.1236421679116],[-111.641243285256,40.1222551748192],[-111.640763910428,40.1226227800194],[-111.640852338582,40.1226907391519],[-111.64000886114,40.1233375400678],[-111.638252104477,40.1219873803964],[-111.638016183677,40.1219761503599]]]},"properties":{"zone_code":"S-C","zone_description":"S-C","zone_class_normalized":"Other/Unknown","jurisdiction":"spanish_fork_ut","source_rest_url":"https://services.arcgis.com/FvF9MZKp3JWPrSkg/arcgis/rest/services/SF_Zoning/FeatureServer/0","extraction_method":"arcgis_rest","confidence":"rest_api"}},{"type":"Feature","geometry":{"type":"Polygon","coordinates":[[[-111.660981213888,40.0893028491628],[-111.661012930198,40.0893028637333],[-111.66104525042,40.0893673337821],[-111.661081141823,40.0894304262273],[-111.661099087549,40.0894619724455],[-111.661118820463,40.089493516188],[-111.661138550175,40.0895236872774],[-111.661158279905,40.0895538583632],[-111.661201313764,40.0896141955766],[-111.661215538063,40.0896333432441],[-111.661221944197,40.0896368499004],[-111.661932055257,40.0902833650581],[-111.661938087541,40.0902888570339],[-111.661935542522,40.0903001378423],[-111.661899100137,40.0903270075635],[-111.661878273767,40.0903298408886],[-111.661768307013,40.0904036971832],[-111.661616327879,40.0905031816993],[-111.661538822632,40.0905540670927],[-111.661444241002,40.0906177673173],[-111.661360909443,40.0906736467004],[-111.661242118991,40.0907549992327],[-111.661172018203,40.0908023719824],[-111.661083948123,40.0908644066878],[-111.661008968704,40.0909174277885],[-111.660914592458,40.0909841650414],[-111.660753631027,40.0910979868175],[-111.660633330332,40.0911830554739],[-111.660587824724,40.0912152339785],[-111.660583036193,40.0912197104064],[-111.660225812463,40.0909647897181],[-111.660536964777,40.090707605876],[-111.660446769166,40.0906281792104],[-111.660224432266,40.0904323872349],[-111.660218132637,40.0904277876463],[-111.660217753005,40.0904266311787],[-111.660029854013,40.0902612142089],[-111.660065635809,40.0902339198239],[-111.660564373361,40.0899691478866],[-111.66052594062,40.0898827959864],[-111.660267678784,40.0893025190832],[-111.660981213888,40.0893028491628]]]},"properties":{"zone_code":"R-R","zone_description":"R-R","zone_class_normalized":"Residential-Low","jurisdiction":"spanish_fork_ut","source_rest_url":"https://services.arcgis.com/FvF9MZKp3JWPrSkg/arcgis/rest/services/SF_Zoning/FeatureServer/0","extraction_method":"arcgis_rest","confidence":"rest_api"}},{"type":"Feature","geometry":{"type":"Polygon","coordinates":[[[-111.584630379973,40.0711996394598],[-111.584566738804,40.0711653440253],[-111.584345590553,40.0708571229504],[-111.583779250223,40.0700677824965],[-111.582974608151,40.069533024596],[-111.582545681985,40.069423516631],[-111.581782461596,40.0696663442796],[-111.581730964477,40.0697181112937],[-111.580851228893,40.0699980009833],[-111.579970551327,40.0701419815396],[-111.578961516447,40.0702869705054],[-111.578459079177,40.0690872440533],[-111.576776227071,40.0687516213842],[-111.576003468392,40.0689150385062],[-111.57599971684,40.0689068319959],[-111.57595536805,40.0689158266568],[-111.575764326213,40.0689545728496],[-111.575755099152,40.0689564442288],[-111.574716525617,40.066555618152],[-111.575814421182,40.0663195157271],[-111.57638077042,40.0673223060124],[-111.576383479836,40.0673270718504],[-111.576434569569,40.0674071903591],[-111.576494096557,40.0674837937312],[-111.576561654188,40.0675563586749],[-111.576636780986,40.0676243894851],[-111.576718963765,40.0676874214284],[-111.576807641135,40.0677450239184],[-111.576902207331,40.0677968034583],[-111.577002016359,40.0678424063277],[-111.577106386404,40.0678815210007],[-111.577214604491,40.0679138802733],[-111.577325931352,40.0679392630896],[-111.577364559429,40.0679463065493],[-111.577367201148,40.0679467629971],[-111.577439070842,40.0679630987086],[-111.577507631372,40.067986361152],[-111.577571756993,40.0680161683649],[-111.577627967516,40.0680503497586],[-111.57790462882,40.0682408973417],[-111.577992850491,40.0682981715966],[-111.578057100314,40.0683358408136],[-111.578810516519,40.0687590895534],[-111.578882876051,40.0687965081311],[-111.578973358711,40.0688351474328],[-111.579068096152,40.0688672077419],[-111.579166280083,40.0688924155219],[-111.579267072808,40.0689105557015],[-111.57936961437,40.0689214735096],[-111.579473029888,40.0689250757963],[-111.579576437024,40.0689213318269],[-111.579655583594,40.0689134499736],[-111.57990650412,40.0688814456313],[-111.579994294231,40.0688723734753],[-111.580111355435,40.0688667815454],[-111.580228620257,40.0688685385837],[-111.580345308358,40.0688776328979],[-111.580460643234,40.0688940039694],[-111.580567684728,40.0689160610967],[-111.583008715533,40.0694973880501],[-111.583034824962,40.0695033393438],[-111.583135622814,40.0695214767407],[-111.583238169168,40.0695323914809],[-111.583268762649,40.0695342232078],[-111.583286922883,40.0695353370078],[-111.583360924177,40.0695444739357],[-111.583432796962,40.0695608059265],[-111.583501361111,40.0695840648139],[-111.583565490817,40.0696138686945],[-111.583624133083,40.0696497281971],[-111.583676325011,40.0696910545188],[-111.583689930296,40.0697037741067],[-111.583741184893,40.0697500682401],[-111.58381445444,40.0698062532634],[-111.583894159522,40.0698570047036],[-111.583979620117,40.0699018895554],[-111.584070107093,40.0699405248654],[-111.584164848429,40.069972581],[-111.584263035804,40.0699977844588],[-111.584363831492,40.0700159202073],[-111.584457668138,40.0700261936991],[-111.584518446617,40.0700318504071],[-111.584633778688,40.070048216513],[-111.584746990539,40.0700717501502],[-111.584764326346,40.0700760366959],[-111.585762060141,40.0703281064612],[-111.585780813558,40.0703331170284],[-111.585849383457,40.0703563759417],[-111.585913518816,40.0703861803353],[-111.585972166546,40.0704220408298],[-111.586024363658,40.0704633686055],[-111.586069253076,40.0705094850706],[-111.586085914155,40.0705303263295],[-111.586444908565,40.0710080873996],[-111.586463223612,40.0710315897237],[-111.586521809049,40.0710971579915],[-111.586588019726,40.0711582936272],[-111.586625155391,40.0711880641353],[-111.586385770165,40.0712544563656],[-111.585724619731,40.0710628284622],[-111.584630379973,40.0711996394598]]]},"properties":{"zone_code":"I-2","zone_description":"I-2","zone_class_normalized":"Industrial/Flex","jurisdiction":"spanish_fork_ut","source_rest_url":"https://services.arcgis.com/FvF9MZKp3JWPrSkg/arcgis/rest/services/SF_Zoning/FeatureServer/0","extraction_method":"arcgis_rest","confidence":"rest_api"}},{"type":"Feature","geometry":{"type":"Polygon","coordinates":[[[-111.634503459452,40.1212193771043],[-111.634502577478,40.1207708024368],[-111.6348452326,40.1207741448581],[-111.634843979898,40.1201348665029],[-111.634837839861,40.1200480995901],[-111.635255558105,40.1200582355744],[-111.635697207756,40.1200687031556],[-111.635705680509,40.1200688132089],[-111.63567983193,40.1212286062871],[-111.6356716887,40.1212362365421],[-111.634503459452,40.1212193771043]]]},"properties":{"zone_code":"R-3","zone_description":"R-3","zone_class_normalized":"Residential-High","jurisdiction":"spanish_fork_ut","source_rest_url":"https://services.arcgis.com/FvF9MZKp3JWPrSkg/arcgis/rest/services/SF_Zoning/FeatureServer/0","extraction_method":"arcgis_rest","confidence":"rest_api"}},{"type":"Feature","geometry":{"type":"Polygon","coordinates":[[[-111.629842900181,40.1221741443402],[-111.631046046954,40.1208038566468],[-111.631052125761,40.1208070116262],[-111.631786287123,40.1199639436846],[-111.632719354813,40.1199871193482],[-111.63271965495,40.1201222748171],[-111.63272028204,40.1204467249853],[-111.633094935031,40.1204474143874],[-111.633094309358,40.1201246084456],[-111.633097029031,40.1201246253813],[-111.63309512219,40.1201230507933],[-111.633093060476,40.1199963994006],[-111.633999055823,40.1200188925597],[-111.634003329277,40.1201302654944],[-111.63400380941,40.1203763019421],[-111.63402406709,40.1203918085802],[-111.634024281417,40.120501619867],[-111.634071385053,40.1205376720712],[-111.63435733934,40.1205571798081],[-111.634396494011,40.1205597636513],[-111.634466343126,40.1205596707861],[-111.634466237981,40.12055902146],[-111.634578186486,40.1205588922046],[-111.634844384578,40.1204827433196],[-111.634844661555,40.1204827309747],[-111.6348452326,40.1207741448581],[-111.634502577478,40.1207708024368],[-111.634503459452,40.1212193771043],[-111.633915723667,40.121210890694],[-111.633862292119,40.1212101189905],[-111.632171338437,40.121195200512],[-111.631520417866,40.1211894512027],[-111.631472638928,40.1212155852831],[-111.631380659337,40.1212692221231],[-111.631290023528,40.1213242298854],[-111.631048494963,40.1214809830785],[-111.630965252044,40.1215361998676],[-111.630972599988,40.1227027195973],[-111.63092565097,40.1226959091073],[-111.630897933766,40.1226945676517],[-111.630869766952,40.1226918540092],[-111.63084160014,40.12268914036],[-111.630813880325,40.1226864262897],[-111.630786158012,40.1226823393545],[-111.630758435588,40.1226782525886],[-111.630730713168,40.1226741657282],[-111.630703437859,40.1226700784476],[-111.630675712833,40.1226646189793],[-111.630648434806,40.1226591590034],[-111.630621603892,40.1226536986075],[-111.630594325873,40.122648238531],[-111.630567492357,40.1226414053521],[-111.630540658732,40.1226345722552],[-111.630514272221,40.1226277385635],[-111.630487885602,40.1226209050416],[-111.630461496493,40.1226126986552],[-111.630435554385,40.1226044918502],[-111.63040961217,40.1225962850396],[-111.630383667468,40.1225867055406],[-111.630358169767,40.1225771256234],[-111.630333119068,40.1225675451127],[-111.630308068375,40.1225579647724],[-111.630283464683,40.1225483836633],[-111.630258858394,40.122537430042],[-111.630234252113,40.1225264764154],[-111.630210092948,40.1225155222842],[-111.63018638067,40.1225045676483],[-111.630162665797,40.1224922405008],[-111.63013939804,40.1224799125855],[-111.630116577285,40.122467584342],[-111.629757256652,40.1222703246625],[-111.629842900181,40.1221741443402]]]},"properties":{"zone_code":"R-R","zone_description":"R-R","zone_class_normalized":"Residential-Low","jurisdiction":"spanish_fork_ut","source_rest_url":"https://services.arcgis.com/FvF9MZKp3JWPrSkg/arcgis/rest/services/SF_Zoning/FeatureServer/0","extraction_method":"arcgis_rest","confidence":"rest_api"}},{"type":"Feature","geometry":{"type":"Polygon","coordinates":[[[-111.660583036193,40.0912197104064],[-111.660587824724,40.0912152339785],[-111.660633330332,40.0911830554739],[-111.660753631027,40.0910979868175],[-111.660914592458,40.0909841650414],[-111.661008968704,40.0909174277885],[-111.661083948123,40.0908644066878],[-111.661172018203,40.0908023719824],[-111.661242118991,40.0907549992327],[-111.661360909443,40.0906736467004],[-111.661444241002,40.0906177673173],[-111.661538822632,40.0905540670927],[-111.661616327879,40.0905031816993],[-111.661768307013,40.0904036971832],[-111.661878273767,40.0903298408886],[-111.661899100137,40.0903270075635],[-111.661935542522,40.0903001378423],[-111.661940134437,40.0902967521288],[-111.663101308141,40.0914014904435],[-111.663173592341,40.0914640701902],[-111.663263448613,40.0915506761818],[-111.663375995607,40.0916633101288],[-111.663535769428,40.0918232062144],[-111.663670389543,40.091957928751],[-111.663815919252,40.0921035682517],[-111.663932445188,40.0922201815329],[-111.664123148256,40.0924110264856],[-111.664229152663,40.0925171091515],[-111.664362107323,40.0926501614359],[-111.664467471752,40.0927556026886],[-111.664487749283,40.0927758949369],[-111.664523745254,40.0928124296629],[-111.664829665578,40.0931231093751],[-111.664868223926,40.0931617783124],[-111.665385956599,40.0936809904768],[-111.668889610788,40.0971858338136],[-111.668917399707,40.0972201097148],[-111.668937121446,40.0972447888379],[-111.668955055941,40.097269470726],[-111.668973884078,40.0972941511388],[-111.668990924969,40.097318833966],[-111.669007969018,40.0973448897094],[-111.669020081225,40.0973640892619],[-111.672235644937,40.0973895768114],[-111.672337440338,40.0982459607192],[-111.672336828864,40.0983585190185],[-111.673855886371,40.0983638351408],[-111.673877078306,40.0984524426918],[-111.673917391691,40.1010246028086],[-111.674830694119,40.1006347753582],[-111.674832100521,40.1011873191309],[-111.674873981164,40.1011712939811],[-111.67488321797,40.1011668024534],[-111.67487927701,40.1011794054003],[-111.674880767052,40.1014158034009],[-111.673649299473,40.101596964421],[-111.673223805478,40.1016595342182],[-111.671577530754,40.1014459967022],[-111.671590858781,40.1011681137189],[-111.67137045161,40.1009746147277],[-111.671077369298,40.1007643533872],[-111.670816621662,40.1005773264165],[-111.670479241165,40.1003765354893],[-111.66929529115,40.0998706553296],[-111.669297408618,40.0995615536838],[-111.669231804642,40.0995163229127],[-111.668989766945,40.0993494545112],[-111.668660294209,40.0992345864899],[-111.668307822643,40.0992184467953],[-111.668045961303,40.0992070861533],[-111.667887369745,40.0991469805248],[-111.66754660927,40.099074324455],[-111.667500699114,40.099065798369],[-111.667278545094,40.0990663225746],[-111.666883400951,40.0990278804681],[-111.66672489884,40.0990126779978],[-111.666614411009,40.0989812478249],[-111.666487296999,40.0989088667184],[-111.66630911004,40.0987738393131],[-111.665937668326,40.0985655935097],[-111.665918975599,40.098925813949],[-111.665915411987,40.0989321375391],[-111.66560378498,40.0988218257284],[-111.665250756463,40.0986927518817],[-111.664991030817,40.0985670445848],[-111.664852246675,40.0985015906966],[-111.664785726549,40.0984691407459],[-111.664592333693,40.0982965221953],[-111.664592942542,40.0983452355556],[-111.664144839558,40.0982003001596],[-111.663698848883,40.0978840345839],[-111.66369909386,40.0979875027053],[-111.663507679574,40.0978853578371],[-111.663523199873,40.0966578469856],[-111.663685923822,40.0965453717876],[-111.66361308922,40.0965454741272],[-111.661723402275,40.0965453680935],[-111.659615217665,40.0965482763489],[-111.659041476976,40.0965490612222],[-111.659044949061,40.0963684715895],[-111.659047316203,40.0963692359878],[-111.659122442132,40.0963938411005],[-111.659019470741,40.0939918408184],[-111.65987953242,40.0937682936267],[-111.660495347204,40.09266108856],[-111.659934108443,40.0916845316945],[-111.660549244673,40.0912512994354],[-111.660583036193,40.0912197104064]]]},"properties":{"zone_code":"R-1-12","zone_description":"R-1-12","zone_class_normalized":"Residential-Low","jurisdiction":"spanish_fork_ut","source_rest_url":"https://services.arcgis.com/FvF9MZKp3JWPrSkg/arcgis/rest/services/SF_Zoning/FeatureServer/0","extraction_method":"arcgis_rest","confidence":"rest_api"}},{"type":"Feature","geometry":{"type":"Polygon","coordinates":[[[-111.628332558893,40.1189925279796],[-111.629826138319,40.1189827695832],[-111.628335217257,40.1204276620533],[-111.628334963682,40.1202907701825],[-111.628332558893,40.1189925279796]]]},"properties":{"zone_code":"R-R","zone_description":"R-R","zone_class_normalized":"Residential-Low","jurisdiction":"spanish_fork_ut","source_rest_url":"https://services.arcgis.com/FvF9MZKp3JWPrSkg/arcgis/rest/services/SF_Zoning/FeatureServer/0","extraction_method":"arcgis_rest","confidence":"rest_api"}},{"type":"Feature","geometry":{"type":"Polygon","coordinates":[[[-111.668977148718,40.1099007394601],[-111.668997853694,40.109824601008],[-111.669009209616,40.1080806182238],[-111.66900285507,40.1079765168911],[-111.669261006039,40.1079800662992],[-111.67023385531,40.1079809487261],[-111.670236553356,40.1080950649247],[-111.670211411895,40.1098232650831],[-111.670196420375,40.1099056458156],[-111.670203571182,40.1099056353679],[-111.670203256955,40.1099591691524],[-111.672427431496,40.1099632455223],[-111.672425091244,40.1107341924768],[-111.672427764547,40.1110869588456],[-111.672432237199,40.1116222842562],[-111.67019932841,40.1116200775413],[-111.670199972622,40.111699689922],[-111.66995818658,40.1117027883918],[-111.669957772553,40.1099101120936],[-111.669240433402,40.1099015480197],[-111.669146579121,40.1099016843346],[-111.668977148718,40.1099007394601]]]},"properties":{"zone_code":"R-R","zone_description":"R-R","zone_class_normalized":"Residential-Low","jurisdiction":"spanish_fork_ut","source_rest_url":"https://services.arcgis.com/FvF9MZKp3JWPrSkg/arcgis/rest/services/SF_Zoning/FeatureServer/0","extraction_method":"arcgis_rest","confidence":"rest_api"}},{"type":"Feature","geometry":{"type":"Polygon","coordinates":[[[-111.63101883049,40.1299866874505],[-111.6310410306,40.1299866093166],[-111.631041036943,40.1299872444333],[-111.631042039258,40.1302728934587],[-111.631018926221,40.1299868063832],[-111.63101883049,40.1299866874505]]]},"properties":{"zone_code":"R-R","zone_description":"R-R","zone_class_normalized":"Residential-Low","jurisdiction":"spanish_fork_ut","source_rest_url":"https://services.arcgis.com/FvF9MZKp3JWPrSkg/arcgis/rest/services/SF_Zoning/FeatureServer/0","extraction_method":"arcgis_rest","confidence":"rest_api"}},{"type":"Feature","geometry":{"type":"Polygon","coordinates":[[[-111.678082956555,40.1069989421797],[-111.678083376532,40.107160914044],[-111.677280981758,40.1078320829474],[-111.677280292816,40.1078321204839],[-111.677303080017,40.1069905232075],[-111.67737100979,40.1069904197924],[-111.678064186312,40.1069989708739],[-111.678082956555,40.1069989421797]]]},"properties":{"zone_code":"I-1","zone_description":"I-1","zone_class_normalized":"Industrial/Flex","jurisdiction":"spanish_fork_ut","source_rest_url":"https://services.arcgis.com/FvF9MZKp3JWPrSkg/arcgis/rest/services/SF_Zoning/FeatureServer/0","extraction_method":"arcgis_rest","confidence":"rest_api"}},{"type":"Feature","geometry":{"type":"Polygon","coordinates":[[[-111.666715909505,40.107945047864],[-111.666725225315,40.1046026358073],[-111.666720755887,40.1046000487108],[-111.666721393079,40.1045997238097],[-111.666729393512,40.1045956449087],[-111.66698189015,40.1047450121977],[-111.66718785906,40.1048663280802],[-111.667373800617,40.1049545557403],[-111.667569915597,40.1050353877019],[-111.667796882446,40.1051289353879],[-111.667797138527,40.1051276468554],[-111.667812022289,40.1050527554231],[-111.667842177433,40.1049023752635],[-111.667872163052,40.1047514965248],[-111.667864059526,40.1047168533212],[-111.667876538005,40.1047245834904],[-111.667896693223,40.1046005966457],[-111.667912112278,40.1044084806972],[-111.667927531245,40.1042163647372],[-111.667941830106,40.104024244407],[-111.667955948263,40.1038046694092],[-111.667961532598,40.1037178187349],[-111.668018550318,40.1037180408175],[-111.668525377214,40.103720013703],[-111.669520120092,40.1037238795302],[-111.670506596468,40.103727704863],[-111.671535151258,40.1037316846015],[-111.671534519012,40.103827768525],[-111.671525465756,40.1052035283175],[-111.671632719427,40.1052039427614],[-111.67166656296,40.1052040735083],[-111.672021823689,40.1051964320108],[-111.672290173908,40.1051941615739],[-111.672557785799,40.1051951937003],[-111.67282539724,40.1051962252125],[-111.673093008918,40.1051972562854],[-111.673360620604,40.1051982865677],[-111.673628232298,40.1051993162351],[-111.673895844,40.1052003454635],[-111.674163500838,40.1051948074331],[-111.674396298546,40.1052157752875],[-111.674769197385,40.105217206714],[-111.674869771667,40.1052170877483],[-111.675012826056,40.105215965767],[-111.675009823834,40.1061587387891],[-111.67500975183,40.1061813422774],[-111.674962501417,40.1061668126474],[-111.674871539509,40.1061823319469],[-111.673778271256,40.1061306438421],[-111.673004554974,40.1060955050927],[-111.673148442213,40.1064864322892],[-111.673197861121,40.1079266160353],[-111.673198611392,40.1079506254018],[-111.670238566964,40.1079253372761],[-111.67023385531,40.1079809487261],[-111.669261006039,40.1079800662992],[-111.66900285507,40.1079765168911],[-111.666715909505,40.107945047864]]]},"properties":{"zone_code":"R-1-9","zone_description":"R-1-9","zone_class_normalized":"Residential-Low","jurisdiction":"spanish_fork_ut","source_rest_url":"https://services.arcgis.com/FvF9MZKp3JWPrSkg/arcgis/rest/services/SF_Zoning/FeatureServer/0","extraction_method":"arcgis_rest","confidence":"rest_api"}},{"type":"Feature","geometry":{"type":"Polygon","coordinates":[[[-111.675001769042,40.1079143641264],[-111.677175874267,40.1079199994891],[-111.678413442724,40.1079441910116],[-111.674834676839,40.1108019786907],[-111.674834420924,40.1085947621532],[-111.674834468837,40.1079977665948],[-111.675001373202,40.1079919190631],[-111.675001769042,40.1079143641264]]]},"properties":{"zone_code":"I-1","zone_description":"I-1","zone_class_normalized":"Industrial/Flex","jurisdiction":"spanish_fork_ut","source_rest_url":"https://services.arcgis.com/FvF9MZKp3JWPrSkg/arcgis/rest/services/SF_Zoning/FeatureServer/0","extraction_method":"arcgis_rest","confidence":"rest_api"}},{"type":"Feature","geometry":{"type":"Polygon","coordinates":[[[-111.612080504365,40.113495995255],[-111.612074442774,40.1128081030718],[-111.612089639321,40.1117975844443],[-111.615456615874,40.1117526068885],[-111.615457567122,40.111812423322],[-111.615485414085,40.1135634519086],[-111.614313545087,40.1135708969804],[-111.614311671658,40.1134784351195],[-111.612082012831,40.1134965466729],[-111.612080504365,40.113495995255]]]},"properties":{"zone_code":"R-1-12","zone_description":"R-1-12","zone_class_normalized":"Residential-Low","jurisdiction":"spanish_fork_ut","source_rest_url":"https://services.arcgis.com/FvF9MZKp3JWPrSkg/arcgis/rest/services/SF_Zoning/FeatureServer/0","extraction_method":"arcgis_rest","confidence":"rest_api"}},{"type":"Feature","geometry":{"type":"Polygon","coordinates":[[[-111.616640901069,40.0988560505394],[-111.616638953364,40.097805803886],[-111.61663778097,40.0971153620257],[-111.616087268522,40.097114539425],[-111.61608581654,40.0970486536732],[-111.616074571185,40.096211348111],[-111.616082754923,40.0960301500729],[-111.616165905747,40.096053402141],[-111.616576741167,40.0961669217393],[-111.616973526841,40.0962759777224],[-111.616994729679,40.096281805272],[-111.61846284369,40.096686625812],[-111.621571091788,40.0975473370858],[-111.621572837249,40.0974342608008],[-111.621565920496,40.0968083394456],[-111.621559492445,40.0963320069812],[-111.623082719094,40.096314411558],[-111.623087831093,40.0967926281204],[-111.623099173437,40.0978521184381],[-111.62309130514,40.0979682643405],[-111.624468267224,40.0983495055595],[-111.624464694993,40.0990907403441],[-111.626137177778,40.0995226984194],[-111.626136343446,40.0990683521761],[-111.626136298752,40.0988006855914],[-111.626199784568,40.098818461182],[-111.627821802426,40.099264176267],[-111.628069935688,40.0993325361824],[-111.62821881602,40.0993735518772],[-111.628480810392,40.0994460136937],[-111.628516576987,40.0994555826948],[-111.628544287365,40.0994582974156],[-111.629045038876,40.0996018720025],[-111.630841016853,40.1000967675084],[-111.630731632155,40.1003824013407],[-111.63069594846,40.1004167576224],[-111.630658923994,40.1004511155725],[-111.630622790666,40.1004840996861],[-111.630562035362,40.1004937761749],[-111.630500835699,40.1005048259549],[-111.63046554391,40.1005103560885],[-111.630424892116,40.1005172649505],[-111.63040299589,40.1005172894669],[-111.630256873598,40.1005188255309],[-111.62948112953,40.1005265538085],[-111.629455658153,40.1005265821211],[-111.628537366459,40.1005358349318],[-111.628501617388,40.1005358743773],[-111.627594050199,40.100545108006],[-111.627557854058,40.1005451476516],[-111.626650733685,40.1005543735282],[-111.626622134213,40.1005544046224],[-111.625707414289,40.1005622585884],[-111.625675686844,40.100562292826],[-111.623796202185,40.1005807773824],[-111.621391664452,40.100608015986],[-111.621371395983,40.1006082473942],[-111.621366973524,40.1005806360909],[-111.621392547119,40.0988181489607],[-111.616644795532,40.0988560466369],[-111.616640901069,40.0988560505394]]]},"properties":{"zone_code":"R-R","zone_description":"R-R","zone_class_normalized":"Residential-Low","jurisdiction":"spanish_fork_ut","source_rest_url":"https://services.arcgis.com/FvF9MZKp3JWPrSkg/arcgis/rest/services/SF_Zoning/FeatureServer/0","extraction_method":"arcgis_rest","confidence":"rest_api"}},{"type":"Feature","geometry":{"type":"Polygon","coordinates":[[[-111.608823507647,40.0973903593998],[-111.607099802609,40.0964738870205],[-111.607056153319,40.0951566938964],[-111.607086854323,40.0951323493817],[-111.607087184556,40.0951665644524],[-111.607098088669,40.0951712405402],[-111.608788387795,40.0957852191274],[-111.608847216602,40.09580589196],[-111.609254301531,40.0957602268973],[-111.60922760648,40.0943871477106],[-111.609246215567,40.0941299048536],[-111.609541760017,40.0942204685673],[-111.609628483219,40.0942450946883],[-111.609822050985,40.0942985532763],[-111.609770107626,40.094483821291],[-111.609732192535,40.0948677877747],[-111.609748257426,40.0959987762065],[-111.609746739911,40.0959986976545],[-111.609741149759,40.0960792409799],[-111.609748554462,40.0960796727009],[-111.609750590599,40.0962230121118],[-111.609741114943,40.0962229784221],[-111.609755198882,40.0972071554093],[-111.609756195708,40.0972716691129],[-111.611790239378,40.0972765979112],[-111.611887204518,40.0972765047611],[-111.611892104808,40.0978159514743],[-111.611903943376,40.0990485795749],[-111.608823507647,40.0973903593998]]]},"properties":{"zone_code":"R-3","zone_description":"R-3","zone_class_normalized":"Residential-High","jurisdiction":"spanish_fork_ut","source_rest_url":"https://services.arcgis.com/FvF9MZKp3JWPrSkg/arcgis/rest/services/SF_Zoning/FeatureServer/0","extraction_method":"arcgis_rest","confidence":"rest_api"}},{"type":"Feature","geometry":{"type":"Polygon","coordinates":[[[-111.616640901069,40.0988560505394],[-111.616644795532,40.0988560466369],[-111.621392547119,40.0988181489607],[-111.621366973524,40.1005806360909],[-111.621371395983,40.1006082473942],[-111.619010361902,40.1006351810528],[-111.61895003491,40.1006352426892],[-111.618889263688,40.1006366774282],[-111.618382974447,40.1006426836133],[-111.616644248434,40.1006609096975],[-111.616640901069,40.0988560505394]]]},"properties":{"zone_code":"R-1-6","zone_description":"R-1-6","zone_class_normalized":"Residential-Medium","jurisdiction":"spanish_fork_ut","source_rest_url":"https://services.arcgis.com/FvF9MZKp3JWPrSkg/arcgis/rest/services/SF_Zoning/FeatureServer/0","extraction_method":"arcgis_rest","confidence":"rest_api"}},{"type":"Feature","geometry":{"type":"Polygon","coordinates":[[[-111.669160941964,40.0928181820501],[-111.66914528814,40.0912451717954],[-111.669150994325,40.0912443627686],[-111.669448989287,40.0912467971877],[-111.669543684487,40.0913710402098],[-111.669671256589,40.0915063512033],[-111.670546480239,40.0915086869543],[-111.670650678752,40.0915084118563],[-111.671799970079,40.0928750864913],[-111.67168099484,40.0928759124504],[-111.670875164795,40.0928815778825],[-111.669169019818,40.0928934960348],[-111.669167623653,40.0928414279752],[-111.669160941964,40.0928181820501]]]},"properties":{"zone_code":"R-1-12","zone_description":"R-1-12","zone_class_normalized":"Residential-Low","jurisdiction":"spanish_fork_ut","source_rest_url":"https://services.arcgis.com/FvF9MZKp3JWPrSkg/arcgis/rest/services/SF_Zoning/FeatureServer/0","extraction_method":"arcgis_rest","confidence":"rest_api"}},{"type":"Feature","geometry":{"type":"Polygon","coordinates":[[[-111.65543824068,40.118899254155],[-111.655442538848,40.1184284315813],[-111.655670946188,40.1184281266171],[-111.655661623964,40.1182593038057],[-111.655661527507,40.1182167522412],[-111.655687899222,40.1182167170034],[-111.655687488433,40.1180355283935],[-111.655687385737,40.1179902313715],[-111.655661461059,40.1179902660119],[-111.655664662381,40.1176278837387],[-111.655673315113,40.1163183694143],[-111.655674126165,40.1161939038695],[-111.655682877719,40.1161989366546],[-111.655689144415,40.1162030463016],[-111.655866143284,40.1162028096334],[-111.655864909552,40.1156592440237],[-111.655864649761,40.1156564990818],[-111.656053968467,40.1156562456433],[-111.656052555464,40.1150344393494],[-111.656539300208,40.1150365316279],[-111.656548892589,40.1137544681592],[-111.656555805801,40.1124737805994],[-111.656562712725,40.1111903471567],[-111.656564587041,40.1108362018777],[-111.656566686061,40.1103845982708],[-111.656569459798,40.1098369086075],[-111.658221735539,40.1098319308706],[-111.659696629825,40.1098477627932],[-111.659695544626,40.1093810641474],[-111.660058892164,40.1093805654729],[-111.660050632933,40.1098637485387],[-111.659881663288,40.1098502542748],[-111.659856506206,40.1124830243988],[-111.658217552991,40.1124783989709],[-111.658215146313,40.1137618257524],[-111.658208263688,40.1150425129852],[-111.658167436697,40.1163342272142],[-111.658155233818,40.1176341378299],[-111.658143873352,40.1189120847406],[-111.656498949669,40.1189046973111],[-111.65543824068,40.118899254155]]]},"properties":{"zone_code":"R-3","zone_description":"R-3","zone_class_normalized":"Residential-High","jurisdiction":"spanish_fork_ut","source_rest_url":"https://services.arcgis.com/FvF9MZKp3JWPrSkg/arcgis/rest/services/SF_Zoning/FeatureServer/0","extraction_method":"arcgis_rest","confidence":"rest_api"}},{"type":"Feature","geometry":{"type":"Polygon","coordinates":[[[-111.622570108477,40.1263775504036],[-111.622855743443,40.1260819522066],[-111.622864545749,40.1260855885011],[-111.623390180615,40.1263027300416],[-111.623606224504,40.1263920764842],[-111.6238808547,40.12652604216],[-111.624906780436,40.1269425409488],[-111.625643190406,40.1272287766927],[-111.62757305153,40.1250513333364],[-111.628851469931,40.1250356056882],[-111.628855610582,40.1253634763693],[-111.630140026653,40.1253477424965],[-111.630151813744,40.1267747020287],[-111.630153725094,40.12677402329],[-111.63023066745,40.1267467002941],[-111.630942148448,40.1263263889412],[-111.63100257226,40.1263263206407],[-111.631002659173,40.1263346936656],[-111.631004561884,40.1263346915264],[-111.631022648298,40.1281458845531],[-111.631033995696,40.1292821761202],[-111.629470163244,40.1292839235056],[-111.629271442109,40.1292808784612],[-111.629270914632,40.1292808588032],[-111.629073070785,40.1292713090113],[-111.629072025629,40.1292712355199],[-111.628875414928,40.1292552326702],[-111.628873857743,40.1292550713046],[-111.628678836597,40.1292326789088],[-111.628676775963,40.1292323959322],[-111.628483695873,40.1292036890597],[-111.628481143277,40.1292032511755],[-111.628290350204,40.1291683162426],[-111.628287319997,40.1291676907283],[-111.628099153745,40.1291266252653],[-111.628095663104,40.1291257801056],[-111.627910456715,40.1290786925064],[-111.62790652558,40.1290775965237],[-111.627724604751,40.1290246057747],[-111.627720255762,40.1290232287566],[-111.627541938278,40.1289644641486],[-111.627537196698,40.128962776973],[-111.627362791886,40.1288983777944],[-111.627357691519,40.1288963439238],[-111.627187515824,40.128826525194],[-111.627182059669,40.128824068819],[-111.627123990455,40.1287977428365],[-111.627010507643,40.1287462206973],[-111.627000138984,40.1287410262228],[-111.626998977444,40.1287413289326],[-111.626844266433,40.1286636316533],[-111.626730953065,40.1286041793382],[-111.626419444221,40.1284408928517],[-111.626105449872,40.1282762513985],[-111.626104666028,40.1282758404043],[-111.626092853798,40.1282696464148],[-111.625639689438,40.1280320367194],[-111.625509667834,40.1279638611456],[-111.625432631318,40.127923467659],[-111.625179403139,40.1277906887723],[-111.625160949755,40.1277818225383],[-111.625157509982,40.1277801698419],[-111.625155494244,40.1277824605474],[-111.625153551029,40.1277771332918],[-111.624958722804,40.127674465703],[-111.624773278113,40.1275766944021],[-111.623818049781,40.1270756905661],[-111.623560691083,40.1269381861774],[-111.623306495421,40.1267972577917],[-111.623055540301,40.1266529480983],[-111.622822329367,40.1265163909101],[-111.622589235892,40.1263798226946],[-111.622570108477,40.1263775504036]]]},"properties":{"zone_code":"R-R","zone_description":"R-R","zone_class_normalized":"Residential-Low","jurisdiction":"spanish_fork_ut","source_rest_url":"https://services.arcgis.com/FvF9MZKp3JWPrSkg/arcgis/rest/services/SF_Zoning/FeatureServer/0","extraction_method":"arcgis_rest","confidence":"rest_api"}},{"type":"Feature","geometry":{"type":"Polygon","coordinates":[[[-111.618501579078,40.0966056000026],[-111.618462843721,40.0966866257859],[-111.616994729629,40.0962818052203],[-111.616973526859,40.0962759777151],[-111.616973082763,40.0961651516619],[-111.616955474726,40.0942214955904],[-111.616540883374,40.0942273137783],[-111.61653787581,40.0940654319479],[-111.618443151878,40.0940772364116],[-111.618501579078,40.0966056000026]]]},"properties":{"zone_code":"R-1-30","zone_description":"R-1-30","zone_class_normalized":"Residential-Low","jurisdiction":"spanish_fork_ut","source_rest_url":"https://services.arcgis.com/FvF9MZKp3JWPrSkg/arcgis/rest/services/SF_Zoning/FeatureServer/0","extraction_method":"arcgis_rest","confidence":"rest_api"}},{"type":"Feature","geometry":{"type":"Polygon","coordinates":[[[-111.664185253962,40.1079852290901],[-111.664185263235,40.1079827788846],[-111.664185506557,40.1079687768936],[-111.664135458968,40.1079685239432],[-111.663347299042,40.1079645375924],[-111.662929184688,40.1079624206908],[-111.66292864782,40.1080018758014],[-111.662927431585,40.1080912583994],[-111.662926770605,40.1081398345319],[-111.662919835084,40.1081398442287],[-111.662914044881,40.1081480882119],[-111.662692375502,40.1081483980146],[-111.662442100374,40.108147374554],[-111.662442594815,40.1079785383029],[-111.662249975297,40.1079788067509],[-111.662245985077,40.1079925387843],[-111.661778067755,40.1079931895637],[-111.661778274686,40.1080810387194],[-111.66152621182,40.108080015774],[-111.661525043878,40.1079633424399],[-111.660449043771,40.1079648294826],[-111.66045015607,40.1078892249454],[-111.660598518007,40.1078901725722],[-111.660610876428,40.1073912402232],[-111.660168331006,40.1073777716102],[-111.660148554449,40.1073771696827],[-111.660149681117,40.1072995072305],[-111.660151988137,40.1071389043552],[-111.660154668404,40.1069467299708],[-111.66015658248,40.106809462724],[-111.660158918503,40.1066612133569],[-111.66016083302,40.1065239459234],[-111.660163538847,40.1063427526583],[-111.66016892805,40.105970757508],[-111.660068368952,40.1059681505018],[-111.660127471834,40.1025104244324],[-111.660179135532,40.1024910787548],[-111.661213893771,40.1024004290534],[-111.661329731238,40.1024002686721],[-111.662918281283,40.1023980576075],[-111.662997029328,40.102439126749],[-111.662996836672,40.102546193945],[-111.663283732157,40.1025457921196],[-111.665474369436,40.1038590711656],[-111.66547062317,40.1051970413713],[-111.665357200349,40.1051915230115],[-111.66507254465,40.1051808856753],[-111.665066988685,40.1055812154734],[-111.665007360392,40.1057693142861],[-111.665128929205,40.1061738410368],[-111.665354328414,40.1062120034731],[-111.665467716136,40.1062352443104],[-111.665462838819,40.1079770327311],[-111.664856368198,40.1079737745819],[-111.664854941967,40.1079380877557],[-111.664835534375,40.1074865141988],[-111.664513769563,40.1074910869232],[-111.66448444469,40.1079358663771],[-111.664481851904,40.1079729314424],[-111.664363880888,40.1079825357449],[-111.664185253962,40.1079852290901]]]},"properties":{"zone_code":"R-1-8","zone_description":"R-1-8","zone_class_normalized":"Residential-Medium","jurisdiction":"spanish_fork_ut","source_rest_url":"https://services.arcgis.com/FvF9MZKp3JWPrSkg/arcgis/rest/services/SF_Zoning/FeatureServer/0","extraction_method":"arcgis_rest","confidence":"rest_api"}},{"type":"Feature","geometry":{"type":"Polygon","coordinates":[[[-111.653050947403,40.1197264518968],[-111.653050713884,40.1196216799521],[-111.653050411006,40.1194857889334],[-111.653402637389,40.1194853255254],[-111.6534038333,40.1200206547877],[-111.653393436627,40.1201655176773],[-111.65305192847,40.1201666177599],[-111.653050947403,40.1197264518968]]]},"properties":{"zone_code":"R-O","zone_description":"R-O","zone_class_normalized":"Residential-Low","jurisdiction":"spanish_fork_ut","source_rest_url":"https://services.arcgis.com/FvF9MZKp3JWPrSkg/arcgis/rest/services/SF_Zoning/FeatureServer/0","extraction_method":"arcgis_rest","confidence":"rest_api"}},{"type":"Feature","geometry":{"type":"Polygon","coordinates":[[[-111.662926770605,40.1081398345491],[-111.662918177395,40.108771352487],[-111.662944965473,40.108773086284],[-111.662965483907,40.108774414289],[-111.662950956177,40.1097663878197],[-111.662949826952,40.1098556113636],[-111.662244141898,40.1098607143754],[-111.661893752524,40.1098612018547],[-111.661438779472,40.1098604605285],[-111.661435896264,40.1092043392527],[-111.661430225242,40.1088831476707],[-111.661427188776,40.1087321606793],[-111.661425288299,40.1086841207452],[-111.661423847389,40.1086415705873],[-111.661419754187,40.1086113780179],[-111.661412940716,40.1085647174495],[-111.661402092133,40.1085125718817],[-111.661391285498,40.1084782707578],[-111.661381359748,40.108438477647],[-111.661371887575,40.1084014293772],[-111.661367370098,40.1083808458361],[-111.661357428251,40.1083341895953],[-111.661356502229,40.1083204644038],[-111.66135141188,40.1082463484923],[-111.661345865212,40.1081681153568],[-111.661344855125,40.1081187014459],[-111.661344314725,40.1080788953286],[-111.66146946345,40.1080842125122],[-111.661496268701,40.1080800574987],[-111.661526211829,40.1080800159825],[-111.661778274467,40.1080810387525],[-111.661778067535,40.1079931895969],[-111.662245985544,40.1079925388165],[-111.662249975306,40.1079788067837],[-111.662442594824,40.1079785383357],[-111.662442100155,40.1081473747627],[-111.662692375283,40.1081483980478],[-111.662914044661,40.1081480882451],[-111.662919835093,40.1081398442615],[-111.662926770605,40.1081398345491]]]},"properties":{"zone_code":"R-1-8","zone_description":"R-1-8","zone_class_normalized":"Residential-Medium","jurisdiction":"spanish_fork_ut","source_rest_url":"https://services.arcgis.com/FvF9MZKp3JWPrSkg/arcgis/rest/services/SF_Zoning/FeatureServer/0","extraction_method":"arcgis_rest","confidence":"rest_api"}},{"type":"Feature","geometry":{"type":"Polygon","coordinates":[[[-111.666368568194,40.0941565761458],[-111.666550519527,40.0941368548616],[-111.66656035917,40.0941397942803],[-111.666610655941,40.0941218622323],[-111.666693735645,40.0940987179833],[-111.666779547855,40.094082486909],[-111.666847856596,40.0940747385886],[-111.667030568095,40.0940693815812],[-111.66765789763,40.0943054345222],[-111.668431517976,40.0945462548949],[-111.668618668405,40.0954893133126],[-111.668654121518,40.0955144287811],[-111.668727898651,40.0955955038395],[-111.668746823893,40.0957174473733],[-111.668742595836,40.095927560785],[-111.66876514404,40.096038803166],[-111.668847376152,40.0962238073118],[-111.668905563681,40.0963547158068],[-111.669479250396,40.0973666050234],[-111.669480025673,40.0973677404001],[-111.669020081136,40.097364089297],[-111.66900796907,40.0973448897525],[-111.668990924847,40.0973188341055],[-111.668973884013,40.0972941511025],[-111.668955055819,40.0972694706898],[-111.668937121325,40.0972447889775],[-111.668917399471,40.0972201098546],[-111.668889610838,40.0971858338651],[-111.666042274768,40.0943375669551],[-111.666173748086,40.0942755960907],[-111.666206003951,40.0942558263318],[-111.666368568194,40.0941565761458]]]},"properties":{"zone_code":"I-2","zone_description":"I-2","zone_class_normalized":"Industrial/Flex","jurisdiction":"spanish_fork_ut","source_rest_url":"https://services.arcgis.com/FvF9MZKp3JWPrSkg/arcgis/rest/services/SF_Zoning/FeatureServer/0","extraction_method":"arcgis_rest","confidence":"rest_api"}},{"type":"Feature","geometry":{"type":"Polygon","coordinates":[[[-111.662965483907,40.108774414289],[-111.662944965473,40.108773086284],[-111.662918177395,40.108771352487],[-111.662926770605,40.1081398345491],[-111.662927431585,40.1080912583994],[-111.66292864782,40.1080018758014],[-111.662929184688,40.1079624206908],[-111.663347299042,40.1079645375924],[-111.664135458968,40.1079685239432],[-111.664185506557,40.1079687768936],[-111.664185263235,40.1079827788846],[-111.664185253962,40.1079852290901],[-111.664185275563,40.107986033166],[-111.664188219756,40.1080956904765],[-111.664192585045,40.108117355713],[-111.664204432472,40.1081761552526],[-111.664290544827,40.1084059474082],[-111.664320078694,40.1084847586182],[-111.664397039268,40.1086994579361],[-111.664454256574,40.1087724163585],[-111.664454491534,40.1087727225892],[-111.663150323375,40.1087745654975],[-111.663036251583,40.1087747352268],[-111.662971911902,40.1087748171512],[-111.662971581794,40.108774794597],[-111.662965483907,40.108774414289]]]},"properties":{"zone_code":"R-3","zone_description":"R-3","zone_class_normalized":"Residential-High","jurisdiction":"spanish_fork_ut","source_rest_url":"https://services.arcgis.com/FvF9MZKp3JWPrSkg/arcgis/rest/services/SF_Zoning/FeatureServer/0","extraction_method":"arcgis_rest","confidence":"rest_api"}},{"type":"Feature","geometry":{"type":"Polygon","coordinates":[[[-111.671146990332,40.0953226851115],[-111.671160410659,40.0953620465012],[-111.67116181398,40.0953661623956],[-111.671162281754,40.0953675343604],[-111.671167895041,40.0953839979376],[-111.671171604832,40.0953948940978],[-111.671172572783,40.0953977175851],[-111.671186397209,40.095438264847],[-111.671850683088,40.0973865301914],[-111.669480025673,40.0973677404002],[-111.669479250396,40.0973666050235],[-111.668905563681,40.0963547158068],[-111.668847376152,40.0962238073118],[-111.66876514404,40.096038803166],[-111.668742595836,40.095927560785],[-111.668746823893,40.0957174473734],[-111.668727898651,40.0955955038397],[-111.668676994863,40.0955395647488],[-111.668742684673,40.0955070525007],[-111.668792653168,40.0954813727654],[-111.668890055627,40.0954379961477],[-111.668991842557,40.0954010310122],[-111.669097300017,40.0953707366327],[-111.669205688327,40.0953473254935],[-111.669316247249,40.0953309618],[-111.669428201327,40.0953217603268],[-111.669467868339,40.0953202372538],[-111.671071333019,40.0953225753361],[-111.671146990332,40.0953226851115]]]},"properties":{"zone_code":"R-1-30","zone_description":"R-1-30","zone_class_normalized":"Residential-Low","jurisdiction":"spanish_fork_ut","source_rest_url":"https://services.arcgis.com/FvF9MZKp3JWPrSkg/arcgis/rest/services/SF_Zoning/FeatureServer/0","extraction_method":"arcgis_rest","confidence":"rest_api"}}]}
