{"type":"FeatureCollection","features":[{"type":"Feature","geometry":{"type":"Polygon","coordinates":[[[-111.748690292661,40.2838603187278],[-111.748983161265,40.2840116034515],[-111.749213727767,40.2838619022114],[-111.749386191824,40.2841022749769],[-111.749599528854,40.2841848846204],[-111.750103859888,40.2841530334607],[-111.750158595201,40.2842186649536],[-111.750158620006,40.2842186946217],[-111.750158749114,40.2842186249957],[-111.750159494451,40.2842195195387],[-111.750223052232,40.2842957299653],[-111.750427549886,40.2844163965748],[-111.750809733529,40.2845220900735],[-111.751179072173,40.2843951496379],[-111.751427000946,40.2845961349624],[-111.751883811234,40.2846983805271],[-111.752333249141,40.2844293295934],[-111.752495470911,40.2845313181252],[-111.752880475278,40.2846112836053],[-111.753178117477,40.2845406147072],[-111.753376928069,40.2843821721101],[-111.75354632073,40.2845182608759],[-111.753647174432,40.2845198368705],[-111.753858484617,40.2843384368395],[-111.75399528576,40.2845224253251],[-111.753995338948,40.2845224972608],[-111.753713377272,40.2846454534151],[-111.75370184513,40.2846975288567],[-111.753819751887,40.2848785184501],[-111.753819785002,40.2848785688141],[-111.75384119578,40.2851108484362],[-111.753794826672,40.2852935959039],[-111.753794818577,40.2852936328479],[-111.753857083133,40.2853520933301],[-111.754157949745,40.2854078480397],[-111.754158013294,40.2854078596097],[-111.754157827397,40.2854081545243],[-111.75415660683,40.2854101007668],[-111.754155832884,40.2854113390331],[-111.754155061291,40.2854125772942],[-111.754154292056,40.2854138173515],[-111.754153523997,40.2854150574062],[-111.754152757117,40.2854162983591],[-111.754151992589,40.2854175393067],[-111.754151230417,40.2854187811499],[-111.754150469428,40.2854200247918],[-111.754149710787,40.285421267528],[-111.754148953329,40.2854225120628],[-111.754148198222,40.2854237565925],[-111.754147444296,40.2854250020203],[-111.7541466939,40.285426248341],[-111.754145943508,40.2854274955625],[-111.754145195468,40.2854287427787],[-111.75414445096,40.2854299908879],[-111.754143706454,40.2854312398977],[-111.754142964301,40.2854324889024],[-111.754142223327,40.2854337388052],[-111.754141484709,40.2854349896035],[-111.754140748442,40.2854362403967],[-111.754140013355,40.2854374920879],[-111.754139280623,40.2854387446747],[-111.754138549071,40.2854399981595],[-111.754137819874,40.2854412525398],[-111.754137093029,40.285442506915],[-111.754136367363,40.2854437621883],[-111.75413564405,40.2854450174564],[-111.754134921919,40.2854462745233],[-111.754134200961,40.285447530687],[-111.754133484713,40.2854487886417],[-111.754132768466,40.2854500465964],[-111.754132053397,40.2854513054492],[-111.754131341861,40.2854525651949],[-111.754130630324,40.2854538249406],[-111.754129922319,40.2854550855792],[-111.754129215493,40.285456347116],[-111.754128509843,40.2854576086501],[-111.754127806552,40.2854588719805],[-111.754127105612,40.2854601353057],[-111.754126407025,40.2854613986258],[-111.754125708441,40.2854626628465],[-111.754125013389,40.2854639279601],[-111.754124319516,40.2854651939719],[-111.754123627995,40.2854664599785],[-111.754122937653,40.2854677268831],[-111.754122249664,40.2854689937827],[-111.754121564029,40.2854702615778],[-111.754120879575,40.2854715302709],[-111.754120196296,40.2854727989615],[-111.754119515376,40.2854740694482],[-111.754118836807,40.2854753399298],[-111.754118160595,40.285476611307],[-111.754117485558,40.2854778826815],[-111.754116811701,40.2854791549542],[-111.754116141371,40.2854804272191],[-111.754115472221,40.2854817003821],[-111.754114804251,40.2854829744433],[-111.754114139808,40.2854842484966],[-111.754113475372,40.2854855243513],[-111.754112814461,40.2854867992977],[-111.754112154733,40.2854880760428],[-111.754111496177,40.2854893518846],[-111.754110841156,40.2854906295201],[-111.754110186138,40.2854919080562],[-111.754109533473,40.2854931865872],[-111.754108884338,40.2854944660111],[-111.754108235204,40.285495745435],[-111.754107589601,40.2854970257519],[-111.754106945175,40.2854983060662],[-111.754106301927,40.2854995872786],[-111.754105662211,40.2855008693839],[-111.754105022495,40.2855021514893],[-111.754104385134,40.2855034344902],[-111.754103750129,40.2855047183865],[-111.754103117476,40.2855060022777],[-111.754102486002,40.2855072870671],[-111.75410185688,40.2855085718513],[-111.754101228938,40.2855098575336],[-111.754100603351,40.2855111441113],[-111.754099981292,40.2855124306814],[-111.754099359236,40.2855137181522],[-111.754098738356,40.2855150056203],[-111.754098121011,40.2855162948821],[-111.754097504839,40.2855175832407],[-111.754096891025,40.2855188733954],[-111.754096279561,40.2855201626443],[-111.754095668102,40.2855214536946],[-111.754095061348,40.2855227447346],[-111.754094453422,40.2855240366778],[-111.754093850199,40.2855253286107],[-111.754093248156,40.2855266214417],[-111.754092647288,40.2855279142702],[-111.7540920476,40.2855292079967],[-111.754091451444,40.2855305026162],[-111.754090856467,40.2855317981337],[-111.754090262662,40.2855330927481],[-111.754089672393,40.285534389156],[-111.754089083299,40.2855356855614],[-111.754088495381,40.2855369819642],[-111.754087910995,40.28553827926],[-111.754087326615,40.2855395783571],[-111.75408674576,40.2855408765458],[-111.754086167261,40.28554217563],[-111.754085588761,40.2855434747143],[-111.75408501379,40.2855447737908],[-111.754084440001,40.2855460746661],[-111.754083868565,40.2855473755363],[-111.754083298304,40.2855486764039],[-111.754082730399,40.285549978167],[-111.754082164849,40.2855512808256],[-111.754081600475,40.2855525834817],[-111.754081038457,40.2855538870333],[-111.75408047879,40.2855551905797],[-111.754079920303,40.2855564950242],[-111.754079362992,40.2855577994662],[-111.754078809216,40.2855591057018],[-111.754078256612,40.2855604110341],[-111.754077706364,40.285561717262],[-111.754077158468,40.2855630234848],[-111.754076611751,40.2855643306056],[-111.754076066213,40.2855656386245],[-111.754075524204,40.2855669466357],[-111.754074983374,40.2855682555451],[-111.754074443723,40.2855695653524],[-111.754073907598,40.2855708742515],[-111.754073372651,40.2855721840486],[-111.75407284006,40.2855734947413],[-111.754072308648,40.285574806332],[-111.754071779585,40.285576117017],[-111.754071251701,40.2855774286],[-111.754070727349,40.285578741076],[-111.75407035215,40.2855796812623],[-111.754070204176,40.2855800544501],[-111.75382137598,40.2854523367864],[-111.753719739106,40.285470203008],[-111.753560324592,40.285631428254],[-111.753354151646,40.2857811202132],[-111.752596555024,40.2862566223507],[-111.752354800902,40.2863532650776],[-111.7520200706,40.2864100347871],[-111.751353851236,40.2864769164905],[-111.751037953817,40.2864931652928],[-111.750707049676,40.2864772727178],[-111.750375414105,40.2865009342707],[-111.750050279156,40.2865576633471],[-111.749790393891,40.2863963506541],[-111.749429624956,40.2863760619515],[-111.749104920205,40.2864576758212],[-111.748761016071,40.2863153598207],[-111.748277962528,40.2862340554671],[-111.748277994092,40.2862340031628],[-111.748277945185,40.2862339753468],[-111.748072705584,40.2861176940919],[-111.748071487653,40.286117009714],[-111.7480714137,40.2861170479232],[-111.747936707361,40.2860407271416],[-111.747936797261,40.2860405459217],[-111.747937344842,40.2860394441747],[-111.747937979971,40.2860381612127],[-111.747938611566,40.2860368764569],[-111.747939240804,40.2860355908054],[-111.747939866515,40.2860343051615],[-111.747940488692,40.2860330177238],[-111.747941109692,40.2860317302886],[-111.747941725984,40.2860304419627],[-111.747942339918,40.2860291518405],[-111.747942950324,40.2860278617259],[-111.747943558372,40.2860265698149],[-111.747944162891,40.2860252779115],[-111.747944765054,40.2860239851124],[-111.747945366039,40.2860226914151],[-111.74794596114,40.2860213968297],[-111.747946553889,40.2860201022493],[-111.747947143103,40.2860188058751],[-111.747947729961,40.2860175086052],[-111.747948314468,40.2860162113403],[-111.747948894264,40.2860149122842],[-111.747949471708,40.286013613233],[-111.747950046796,40.2860123132862],[-111.747950618353,40.2860110124463],[-111.747951186376,40.2860097098126],[-111.747951752046,40.2860084071838],[-111.747952315361,40.2860071036594],[-111.747952873968,40.2860057992443],[-111.747953430224,40.2860044948343],[-111.747953984123,40.2860031895286],[-111.747954534492,40.2860018833297],[-111.747955081326,40.2860005753371],[-111.747955625811,40.2859992682501],[-111.747956166761,40.2859979593693],[-111.74795670536,40.2859966504936],[-111.747957240426,40.2859953407246],[-111.747957771962,40.2859940300625],[-111.747958301142,40.2859927185048],[-111.74795882679,40.2859914060539],[-111.747959350084,40.2859900927073],[-111.747959868673,40.2859887793708],[-111.747960386083,40.2859874651361],[-111.747960899961,40.2859861500082],[-111.747961410311,40.2859848348879],[-111.74796191713,40.2859835188744],[-111.74796242159,40.2859822010646],[-111.747962924874,40.2859808832574],[-111.747963423454,40.2859795654601],[-111.747963917323,40.2859782458715],[-111.747964410016,40.2859769262854],[-111.747964899178,40.2859756058061],[-111.747965384808,40.2859742844338],[-111.747965868083,40.2859729621657],[-111.74796634783,40.2859716399052],[-111.747966824046,40.2859703167515],[-111.747967297909,40.2859689936028],[-111.747967768238,40.2859676686603],[-111.747968236214,40.2859663437229],[-111.747968700659,40.2859650178922],[-111.747969161573,40.2859636911684],[-111.747969620134,40.2859623644497],[-111.747970075165,40.2859610368377],[-111.747970526664,40.2859597083326],[-111.74797097581,40.2859583798326],[-111.747971421422,40.2859570495387],[-111.747971864685,40.2859557201504],[-111.747972303241,40.2859543898715],[-111.747972739438,40.2859530577963],[-111.747973173287,40.2859517266268],[-111.747973603603,40.2859503945641],[-111.747974030386,40.2859490607076],[-111.747974454819,40.2859477277568],[-111.747974875718,40.2859463930121],[-111.747975293088,40.285945058275],[-111.747975706931,40.2859437235453],[-111.747976118414,40.2859423870194],[-111.747976527549,40.2859410513991],[-111.74797693315,40.285939713985],[-111.747977335222,40.2859383765784],[-111.747977733762,40.2859370382787],[-111.747978129948,40.2859356990833],[-111.747978523781,40.2859343598929],[-111.747978911734,40.285933020715],[-111.747979299684,40.2859316806364],[-111.747979684102,40.2859303396647],[-111.747980064989,40.2859289977999],[-111.747980442351,40.2859276568431],[-111.747980815003,40.2859263140951],[-111.747981186478,40.2859249713496],[-111.747981554422,40.285923627711],[-111.747981918838,40.2859222840798],[-111.747982280898,40.285920939553],[-111.747982638254,40.2859195950362],[-111.747982994431,40.2859182496212],[-111.747983345901,40.2859169033156],[-111.747983695021,40.2859155579156],[-111.747984041783,40.2859142107193],[-111.747984383838,40.2859128626325],[-111.74798472354,40.2859115145506],[-111.747985059715,40.2859101664761],[-111.747985393537,40.2859088184067],[-111.747985723825,40.2859074685435],[-111.747986050587,40.2859061195884],[-111.747986373819,40.2859047697401],[-111.747986694694,40.2859034189963],[-111.747987012042,40.2859020682599],[-111.747987327035,40.2859007166279],[-111.747987638499,40.2858993650033],[-111.747987945256,40.2858980124881],[-111.747988250837,40.2858966599754],[-111.747988552889,40.2858953074702],[-111.747988851411,40.2858939540718],[-111.747989146404,40.285892600681],[-111.747989439038,40.2858912454939],[-111.747989728148,40.2858898912148],[-111.747990013726,40.2858885360426],[-111.747990296953,40.2858871808755],[-111.747990576647,40.2858858248152],[-111.74799085399,40.2858844687599],[-111.747991126625,40.2858831118139],[-111.747991396908,40.2858817548729],[-111.747991663663,40.2858803979394],[-111.747991926887,40.2858790401128],[-111.747992187759,40.2858776822912],[-111.747992445102,40.285876324477],[-111.74799270009,40.2858749657672],[-111.747992951547,40.2858736061643],[-111.747993198302,40.285872247472],[-111.747993443876,40.2858708869809],[-111.747993684748,40.2858695274004],[-111.747993924441,40.2858681669219],[-111.747994160605,40.2858668064507],[-111.747994392063,40.285865445089],[-111.747994622344,40.2858640837297],[-111.747994846742,40.2858627214823],[-111.747995068791,40.2858613601405],[-111.747995288485,40.2858599979031],[-111.747995505826,40.2858586356706],[-111.74799571846,40.2858572725476],[-111.747995928742,40.2858559094295],[-111.747996135496,40.2858545463189],[-111.747996338719,40.2858531823151],[-111.747996538413,40.2858518183189],[-111.747996735755,40.2858504543276],[-111.747996929566,40.2858490894432],[-111.747997121025,40.2858477245638],[-111.747997308956,40.2858463596919],[-111.747997493358,40.2858449948275],[-111.74799767423,40.2858436290699],[-111.747997851569,40.2858422624191],[-111.747998027736,40.2858408966716],[-111.747998198023,40.2858395309364],[-111.747998367131,40.2858381643032],[-111.747998531534,40.2858367976799],[-111.747998694758,40.2858354301586],[-111.747998853281,40.2858340635478],[-111.747999009449,40.2858326960414],[-111.747999162088,40.2858313285425],[-111.7479993112,40.2858299610511],[-111.747999457956,40.285828592664],[-111.747999600008,40.2858272242869],[-111.747999740884,40.2858258559123],[-111.747999877056,40.2858244875477],[-111.748000009696,40.2858231182899],[-111.748000139987,40.2858217499378],[-111.748000266748,40.2858203806926],[-111.748000391156,40.2858190114523],[-111.748000512032,40.2858176413189],[-111.748000629384,40.2858162720936],[-111.748000743205,40.2858149019752],[-111.748000854676,40.2858135327624],[-111.748000962616,40.2858121626564],[-111.748001067025,40.2858107916573],[-111.748001169085,40.2858094215639],[-111.748001266441,40.2858080514804],[-111.748001362618,40.2858066804988],[-111.748001454093,40.2858053104278],[-111.748001543214,40.2858039394611],[-111.74800162763,40.2858025685045],[-111.74800170969,40.2858011966523],[-111.748001789402,40.2857998257056],[-111.748001864407,40.2857984538683],[-111.748001937063,40.2857970829366],[-111.748002007363,40.2857957111093],[-111.748002072959,40.285794339292],[-111.748002136207,40.2857929683803],[-111.748002195923,40.2857915965754],[-111.748002253287,40.2857902247756],[-111.748002307122,40.2857888529832],[-111.748002356254,40.2857874812009],[-111.748002404206,40.2857861085204],[-111.748002447458,40.2857847367505],[-111.748002504937,40.2857827471099],[-111.748002511292,40.2857825534583],[-111.748002541649,40.2857824926005],[-111.748002586726,40.285780975373],[-111.74800261939,40.2857796027249],[-111.748002647353,40.2857782309875],[-111.748002674136,40.285776858352],[-111.748002696216,40.2857754857264],[-111.748002714767,40.2857741131083],[-111.748002730969,40.2857727413958],[-111.748002743637,40.2857713678896],[-111.74800275278,40.2857699952915],[-111.748002759571,40.2857686226984],[-111.748002762834,40.2857672501128],[-111.748002762572,40.2857658784353],[-111.748002761124,40.2857645040584],[-111.748002753806,40.2857631323959],[-111.748002745305,40.2857617589346],[-111.748002732103,40.2857603863839],[-111.748002716549,40.2857590138382],[-111.748002696292,40.2857576413026],[-111.748002674861,40.28575626967],[-111.748002648723,40.2857548971468],[-111.748002620232,40.2857535246286],[-111.748002588214,40.2857521521179],[-111.748002552667,40.2857507796147],[-111.748002514769,40.2857494071165],[-111.748002473346,40.2857480355263],[-111.748002428391,40.2857466630431],[-111.748002379911,40.285745291468],[-111.748002329076,40.2857439189972],[-111.748002274716,40.2857425474346],[-111.748002216825,40.2857411749788],[-111.748002155409,40.2857398034312],[-111.748002091641,40.2857384318885],[-111.748002024345,40.2857370603533],[-111.74800195352,40.2857356888256],[-111.748001880344,40.285734317303],[-111.748001802463,40.2857329457903],[-111.74800172341,40.2857315751807],[-111.748001639649,40.2857302036805],[-111.748001553536,40.2857288321853],[-111.748001463898,40.2857274615982],[-111.748001370733,40.2857260910186],[-111.748001275215,40.285724720444],[-111.748001176169,40.2857233498768],[-111.748001073598,40.2857219802178],[-111.748000968672,40.2857206096632],[-111.748000860221,40.2857192400167],[-111.748000747062,40.2857178694796],[-111.748000631555,40.2857164998481],[-111.748000513699,40.2857151311222],[-111.748000392311,40.2857137615031],[-111.748000267396,40.2857123918916],[-111.748000138955,40.2857110231881],[-111.74800000816,40.2857096535891],[-111.747999873839,40.2857082848982],[-111.747999735994,40.2857069171153],[-111.747999595793,40.2857055484369],[-111.747999452067,40.2857041806665],[-111.74799930481,40.2857028120031],[-111.747999154028,40.2857014442477],[-111.747999000898,40.285700077398],[-111.747998844236,40.2856987096552],[-111.747998684049,40.2856973428204],[-111.74799852151,40.2856959759907],[-111.747998355443,40.2856946091684],[-111.747998185851,40.2856932432543],[-111.747998012728,40.285691876447],[-111.747997837256,40.2856905105454],[-111.74799765708,40.2856891446537],[-111.747997317065,40.2856865082953],[-111.747997145121,40.2856851423862],[-111.747996977878,40.2856837755664],[-111.747996814167,40.2856824096398],[-111.747996655153,40.2856810419019],[-111.74799649967,40.2856796750572],[-111.747996347712,40.2856783073044],[-111.747996199283,40.285676939544],[-111.747996055557,40.2856755717736],[-111.747995915357,40.2856742030952],[-111.74799577986,40.2856728344067],[-111.747995647892,40.2856714657107],[-111.747995519448,40.2856700961067],[-111.747995394536,40.2856687273957],[-111.747995273149,40.2856673577767],[-111.747995156466,40.2856659881476],[-111.747995044484,40.2856646176079],[-111.747994934857,40.2856632479639],[-111.747994828758,40.2856618783124],[-111.747994728536,40.2856605077477],[-111.747994630666,40.2856591371781],[-111.747994537501,40.2856577665984],[-111.747994447863,40.2856563960113],[-111.747994361751,40.2856550245161],[-111.747994280342,40.2856536530108],[-111.747994202465,40.2856522823987],[-111.747994128113,40.2856509108785],[-111.747994058465,40.2856495393483],[-111.747993992342,40.2856481669099],[-111.74799392975,40.2856467953647],[-111.747993871862,40.2856454238095],[-111.747993817502,40.2856440522468],[-111.747993766668,40.285642679776],[-111.747993719361,40.2856413072977],[-111.747993676762,40.2856399357101],[-111.747993637688,40.2856385632143],[-111.747993603317,40.2856371907085],[-111.747993572475,40.2856358181953],[-111.747993545165,40.2856344465752],[-111.747993521379,40.2856330740469],[-111.747993502297,40.2856317015087],[-111.747993485567,40.2856303289654],[-111.747993474718,40.2856289564097],[-111.747993467396,40.2856275838465],[-111.747993462427,40.2856262112783],[-111.747993463338,40.2856248386976],[-111.747993466601,40.2856234661119],[-111.747993474568,40.2856220935163],[-111.747993486064,40.2856207209131],[-111.74799350149,40.2856191348494],[-111.747993511809,40.2856177622487],[-111.747993520953,40.2856163896506],[-111.747993530099,40.285615017953],[-111.747993536887,40.2856136444592],[-111.747993541326,40.285612271871],[-111.747993544589,40.2856108992853],[-111.7479935455,40.2856095267046],[-111.747993545238,40.2856081550271],[-111.747993543793,40.2856067815507],[-111.74799354118,40.2856054098782],[-111.747993536207,40.2856040364093],[-111.747993530062,40.2856026638436],[-111.74799352274,40.2856012912804],[-111.747993513067,40.2855999187221],[-111.747993501041,40.2855985461689],[-111.747993489016,40.2855971736157],[-111.747993474642,40.2855958019681],[-111.747993460261,40.2855944285192],[-111.747993442355,40.2855930559785],[-111.747993423277,40.2855916843408],[-111.747993403016,40.2855903109044],[-111.747993380409,40.2855889392743],[-111.747993357799,40.2855875667436],[-111.747993332838,40.2855861942178],[-111.747993305524,40.285584821697],[-111.747993277034,40.2855834491787],[-111.747993247368,40.285582076663],[-111.747993216525,40.2855807041497],[-111.747993183331,40.2855793316414],[-111.747993148961,40.2855779591356],[-111.747993112242,40.2855765875354],[-111.747993074344,40.2855752150371],[-111.74799303527,40.2855738425413],[-111.747992995023,40.2855724709486],[-111.74799295242,40.2855710984603],[-111.747992907469,40.2855697268776],[-111.747992862515,40.2855683543943],[-111.747992815208,40.2855669819159],[-111.747992766725,40.2855656094401],[-111.747992715894,40.2855642378699],[-111.747992663883,40.2855628654016],[-111.747992611876,40.2855614938339],[-111.74799255634,40.2855601222737],[-111.747992499626,40.2855587498153],[-111.747992440562,40.2855573782625],[-111.747992381498,40.2855560067098],[-111.747992320079,40.2855546342615],[-111.747992257488,40.2855532627162],[-111.747992192544,40.2855518911759],[-111.747992126424,40.2855505196382],[-111.747992059128,40.2855491481029],[-111.747991990656,40.2855477765702],[-111.747991919832,40.2855464050424],[-111.747991846656,40.2855450335196],[-111.74799177348,40.2855436619969],[-111.747991697955,40.2855422913798],[-111.747991621248,40.2855409189638],[-111.747991542195,40.2855395483542],[-111.747991463139,40.2855381768439],[-111.747991380558,40.2855368062417],[-111.747991297973,40.2855354347389],[-111.747991213037,40.2855340632411],[-111.747991125752,40.2855326926489],[-111.747991038467,40.2855313220568],[-111.747990948826,40.285529950569],[-111.747990858013,40.2855285799843],[-111.747990764848,40.2855272094046],[-111.747990670506,40.2855258388274],[-111.747990574989,40.2855244682527],[-111.747990477119,40.285523097683],[-111.747990378074,40.2855217271158],[-111.747990277852,40.285520356551],[-111.747990175279,40.2855189859913],[-111.747990071529,40.2855176154341],[-111.747989966607,40.28551624578],[-111.747989861684,40.2855148761259],[-111.747989753231,40.2855135055786],[-111.747989643604,40.2855121359346],[-111.747989531622,40.2855107653948],[-111.747989418468,40.2855093957582],[-111.747989304137,40.2855080261241],[-111.747989187454,40.2855066564949],[-111.747989069595,40.2855052868683],[-111.747988950561,40.2855039172442],[-111.747988829174,40.285502547625],[-111.747988706611,40.2855011780084],[-111.747988581699,40.2854998092974],[-111.747988456784,40.2854984396857],[-111.747988329521,40.2854970709797],[-111.747988201074,40.2854957004749],[-111.747988070282,40.2854943317764],[-111.747987938315,40.2854929630804],[-111.747987805171,40.2854915943868],[-111.747987669675,40.2854902256983],[-111.747987533003,40.2854888570122],[-111.747987395158,40.2854874892293],[-111.747987254955,40.2854861196501],[-111.747987113582,40.2854847518746],[-111.747986971033,40.2854833841017],[-111.747986826129,40.2854820154332],[-111.747986680052,40.2854806476677],[-111.747986532799,40.2854792799047],[-111.747986383194,40.2854779121468],[-111.747986232413,40.2854765443913],[-111.747986080456,40.2854751766384],[-111.747985926146,40.2854738088904],[-111.747985770664,40.2854724420456],[-111.747985614003,40.2854710743026],[-111.747985454993,40.2854697074652],[-111.747985294804,40.2854683397298],[-111.747985133442,40.2854669728974],[-111.747984969728,40.28546560607],[-111.747984804837,40.2854642392452],[-111.747984638771,40.2854628724228],[-111.747984470356,40.2854615065061],[-111.747984301938,40.2854601396887],[-111.747984129995,40.2854587737794],[-111.747983958052,40.2854574078702],[-111.747983783753,40.2854560410653],[-111.747983607106,40.285454675166],[-111.747983430459,40.2854533092667],[-111.747983251463,40.2854519442731],[-111.747983071288,40.2854505783814],[-111.74798288876,40.2854492124945],[-111.74798270506,40.2854478475109],[-111.747982519008,40.2854464825322],[-111.747982332956,40.2854451175536],[-111.747982144548,40.2854437516793],[-111.747981954968,40.2854423867081],[-111.747981763039,40.2854410226425],[-111.747981569931,40.2854396576789],[-111.747981375649,40.2854382936183],[-111.747981179016,40.2854369295627],[-111.74798098238,40.2854355646066],[-111.747980782219,40.2854342005585],[-111.747980582057,40.2854328365104],[-111.747980379547,40.285431473368],[-111.747980175858,40.2854301093274],[-111.747979969817,40.2854287452918],[-111.747979762606,40.28542738306],[-111.747979554212,40.2854260190294],[-111.74797934347,40.2854246559044],[-111.747979131552,40.285423292782],[-111.747978918461,40.2854219305626],[-111.74797870419,40.2854205674451],[-111.747978487571,40.2854192052333],[-111.747978269773,40.2854178421233],[-111.747978049629,40.2854164808195],[-111.747977828306,40.2854151186177],[-111.747977605806,40.2854137564183],[-111.747977380955,40.285412394224],[-111.747977156107,40.2854110329302],[-111.747976928907,40.2854096716415],[-111.747976699355,40.2854083103577],[-111.747976473917,40.2854069486149],[-111.748338203443,40.2853506883145],[-111.748628957297,40.2853552160001],[-111.749002331878,40.2855007029009],[-111.749180453209,40.2853612206139],[-111.74918052236,40.2853630956037],[-111.749180595559,40.2853644671257],[-111.74918068522,40.2853658377121],[-111.749180792521,40.2853672082608],[-111.749180918636,40.2853685778687],[-111.749181062384,40.2853699456377],[-111.74918122377,40.2853713124685],[-111.749181402793,40.285372678361],[-111.749181600626,40.285374042412],[-111.749181816096,40.2853754055248],[-111.749182048021,40.2853767659006],[-111.749182298759,40.2853781253355],[-111.749182567128,40.285379482031],[-111.74918285313,40.2853808368875],[-111.749183156767,40.2853821899051],[-111.749183478034,40.2853835401831],[-111.749183816932,40.2853848877217],[-111.749184173464,40.2853862334213],[-111.749184547624,40.2853875754807],[-111.749184939414,40.2853889148006],[-111.749185348834,40.285390251381],[-111.749185774706,40.2853915843237],[-111.749186219385,40.2853929145243],[-111.749186680512,40.2853942401866],[-111.749187158093,40.2853955631118],[-111.749187654478,40.2853968823945],[-111.749188167311,40.2853981971387],[-111.749188697772,40.2853995082428],[-111.74918924586,40.2854008157068],[-111.749189810396,40.2854021186323],[-111.74919039138,40.2854034170197],[-111.749190988809,40.285404709968],[-111.749191605044,40.2854060001743],[-111.749192236546,40.2854072840435],[-111.749192884495,40.2854085633745],[-111.749193550068,40.2854098381646],[-111.749194233263,40.2854111075132],[-111.749194931726,40.2854123714255],[-111.749195646637,40.2854136307993],[-111.74919637681,40.2854148829356],[-111.749197125784,40.2854161305284],[-111.749197888847,40.2854173717867],[-111.749198669534,40.2854186085042],[-111.749199465484,40.285419837984],[-111.749200277875,40.2854210611242],[-111.749201106708,40.2854222779248],[-111.749201949633,40.2854234892915],[-111.749202810173,40.2854246934154],[-111.749203684802,40.2854258912048],[-111.749204575873,40.2854270826546],[-111.749205482202,40.2854282659661],[-111.749206404974,40.2854294429379],[-111.749207341831,40.2854306126746],[-111.74920829513,40.2854317760717],[-111.749209262509,40.2854329304323],[-111.74921024633,40.2854340784533],[-111.74921124306,40.2854352192416],[-111.749212256226,40.2854363518891],[-111.749213283474,40.2854374764008],[-111.749214324806,40.2854385927766],[-111.749215381399,40.2854397019147],[-111.749216452076,40.2854408029169],[-111.749217538008,40.2854418948802],[-111.749218638024,40.2854429787075],[-111.749219752122,40.2854440543991],[-111.7492208803,40.2854451210542],[-111.749222021385,40.285446179576],[-111.749223176549,40.2854472290613],[-111.749224345794,40.28544826951],[-111.749225526765,40.2854493009274],[-111.749226722993,40.2854503233057],[-111.749227932124,40.2854513366501],[-111.749229154156,40.2854523400599],[-111.749230389091,40.2854533344357],[-111.749231638106,40.285454319775],[-111.749232898845,40.2854552951823],[-111.749234172484,40.2854562606548],[-111.749235459024,40.2854572161928],[-111.749236757288,40.2854581617987],[-111.749238068453,40.28545909747],[-111.749239391342,40.2854600232092],[-111.749240727131,40.2854609390138],[-111.749242073469,40.2854618448888],[-111.7492434327,40.285462739028],[-111.749244803659,40.2854636241356],[-111.749246186339,40.2854644984105],[-111.749247579564,40.2854653618552],[-111.749248984511,40.2854662144671],[-111.749250400002,40.2854670562489],[-111.749251826038,40.2854678872004],[-111.749253263795,40.2854687073191],[-111.749254710918,40.2854695157095],[-111.749256169765,40.2854703141678],[-111.749257637975,40.2854710999971],[-111.749259116733,40.2854718758968],[-111.749260606033,40.2854726400657],[-111.749262105874,40.2854733925036],[-111.749263613905,40.2854741332157],[-111.749265131305,40.2854748631001],[-111.749266659247,40.2854755812536],[-111.749268196551,40.2854762867782],[-111.749269742045,40.2854769805769],[-111.749271298081,40.2854776626447],[-111.749272863485,40.2854783338848],[-111.7492744359,40.2854789925009],[-111.749276017678,40.285479638488],[-111.749277606469,40.2854802727518],[-111.749279204622,40.2854808943866],[-111.749280809789,40.285481504298],[-111.749282423143,40.285482101583],[-111.749284044683,40.2854826862415],[-111.749285674409,40.2854832582734],[-111.749287311149,40.2854838185821],[-111.749288954899,40.2854843662667],[-111.74929060448,40.2854849004293],[-111.749292262251,40.285485422866],[-111.749293925856,40.2854859326812],[-111.749295597648,40.28548642987],[-111.74929727527,40.2854869135366],[-111.749298958724,40.2854873836812],[-111.749300649191,40.2854878421024],[-111.749302344313,40.285488287004],[-111.749304045263,40.2854887174828],[-111.749305752054,40.2854891371415],[-111.749307464676,40.285489543278],[-111.749309180774,40.2854899349969],[-111.749310903888,40.285490315893],[-111.749312630475,40.2854906814707],[-111.749314362899,40.2854910353277],[-111.749316099976,40.2854913747643],[-111.749317839355,40.2854917006864],[-111.749319585747,40.2854920148852],[-111.749321334436,40.2854923137682],[-111.749323088959,40.2854926000296],[-111.749324845786,40.2854928727765],[-111.749326604918,40.2854931329094],[-111.749328367526,40.2854933786246],[-111.749330134792,40.2854936117208],[-111.749331904358,40.2854938304019],[-111.749333676227,40.2854940355684],[-111.749335451575,40.2854942272177],[-111.74933722805,40.285494405355],[-111.749339008003,40.2854945699752],[-111.749340789084,40.2854947210834],[-111.749342571288,40.2854948577788],[-111.749344356974,40.2854949818578],[-111.74934614496,40.2854950915215],[-111.749347932897,40.2854951876757],[-111.74934972196,40.2854952703179],[-111.749351510971,40.2854953385499],[-111.749353302289,40.2854953941679],[-111.749355093554,40.2854954353757],[-111.749356885945,40.2854954630714],[-111.749358678285,40.285495476357],[-111.749360470578,40.2854954770336],[-111.749362262819,40.2854954633001],[-111.749364053835,40.2854954360595],[-111.749365845974,40.2854953944062],[-111.749367636888,40.2854953392458],[-111.749369426577,40.2854952705784],[-111.749371217392,40.2854951883989],[-111.74937300581,40.2854950936156],[-111.74937479182,40.2854949835264],[-111.749376576608,40.2854948608309],[-111.749378360167,40.2854947237276],[-111.749380141325,40.2854945731198],[-111.749381921255,40.2854944081043],[-111.749383697611,40.2854942304874],[-111.749385472741,40.2854940393636],[-111.749387245467,40.2854938338345],[-111.749389014619,40.285493615704],[-111.749390781366,40.2854933831683],[-111.749392544539,40.2854931380313],[-111.749394305308,40.2854928784892],[-111.749396061323,40.2854926054474],[-111.749397814944,40.2854923207025],[-111.749399563805,40.2854920206567],[-111.749401309092,40.2854917080096],[-111.749403049622,40.2854913809623],[-111.749404786578,40.2854910413136],[-111.749406518787,40.2854906899667],[-111.749408246237,40.285490323319],[-111.749409968933,40.2854899431718],[-111.749411685706,40.2854895513289],[-111.749413397726,40.2854891459865],[-111.749415104992,40.2854887271445],[-111.749416807506,40.2854882948031],[-111.74941850292,40.2854878507684],[-111.749420192405,40.2854873932368],[-111.74942187596,40.2854869222081],[-111.749423553587,40.2854864376824],[-111.74942522529,40.2854859414611],[-111.749426888715,40.2854854326483],[-111.749428546211,40.2854849103386],[-111.749430196605,40.2854843754351],[-111.749431841075,40.2854838288358],[-111.749433478444,40.2854832696426],[-111.749435107531,40.2854826969575],[-111.749436728343,40.2854821125817],[-111.749438342054,40.2854815156121],[-111.749439948662,40.2854809060486],[-111.749440971545,40.2854805075814],[-111.749441546991,40.2854802838937],[-111.749442565144,40.2854798782315],[-111.74944313705,40.2854796509488],[-111.749444149292,40.2854792371934],[-111.74944471765,40.2854790045144],[-111.749445725163,40.285478583564],[-111.749446291152,40.2854783463869],[-111.749447292755,40.2854779173432],[-111.749447856376,40.285477675668],[-111.749448850899,40.285477240335],[-111.749449410976,40.285476994164],[-111.749450399586,40.2854765498372],[-111.749450957297,40.2854763000688],[-111.749451940001,40.2854758485494],[-111.749452494168,40.2854755942853],[-111.749453472138,40.2854751346702],[-111.749454022764,40.2854748768112],[-111.749454993652,40.2854744100061],[-111.749455540733,40.2854741476513],[-111.74945650689,40.2854736736512],[-111.749457049251,40.2854734068033],[-111.749458009502,40.2854729256107],[-111.749458549497,40.2854726551653],[-111.749459501486,40.2854721658844],[-111.749460037937,40.2854718909434],[-111.749460985199,40.2854713953682],[-111.749461518105,40.2854711159315],[-111.749462458282,40.2854706122656],[-111.749462986471,40.2854703292364],[-111.749463920744,40.2854698192786],[-111.749464445388,40.2854695317537],[-111.749465372579,40.285469014606],[-111.749465893682,40.2854687234861],[-111.749466814964,40.2854681982451],[-111.749467332525,40.2854679035302],[-111.749468245551,40.2854673720024],[-111.749468758393,40.2854670727944],[-111.749469664336,40.2854665340765],[-111.749470173636,40.2854662312735],[-111.749471073673,40.2854656853631],[-111.749471578256,40.2854653789676],[-111.749472471211,40.2854648258671],[-111.749472972252,40.2854645158766],[-111.749473856948,40.2854639555887],[-111.749474354445,40.2854636411025],[-111.749475232066,40.2854630754258],[-111.749475724842,40.2854627564465],[-111.74947659538,40.2854621835798],[-111.749477083442,40.2854618619086],[-111.749477918742,40.2854613008255],[-111.749477946897,40.2854612818519],[-111.749478431419,40.2854609565857],[-111.749479285446,40.2854603711452],[-111.749479766423,40.2854600413834],[-111.749480614544,40.2854594487504],[-111.74948108963,40.2854591162992],[-111.749481929493,40.2854585164787],[-111.749482402211,40.2854581795294],[-111.749483233821,40.2854575743226],[-111.749483701825,40.2854572346814],[-111.749484522249,40.2854566254457],[-111.749484988464,40.2854562790535],[-111.749485682761,40.2854557515953],[-111.749485803561,40.2854556603724],[-111.749486262131,40.2854553135462],[-111.749487024411,40.2854547237984],[-111.749487070148,40.2854546885757],[-111.749487523997,40.2854543372564],[-111.74948822174,40.2854537872747],[-111.74948832259,40.2854537078028],[-111.749488772898,40.2854533528885],[-111.749489455352,40.2854528029395],[-111.749489563236,40.285452717148],[-111.749490007653,40.2854523595443],[-111.749490694759,40.2854517951751],[-111.749490790909,40.2854517166138],[-111.749491230609,40.2854513554176],[-111.749491864908,40.2854508226837],[-111.749492005609,40.2854507062003],[-111.74949243942,40.2854503423147],[-111.749493057271,40.2854498141192],[-111.749493206168,40.2854496877112],[-111.749493636437,40.2854493202306],[-111.749494194458,40.2854488326917],[-111.749494393754,40.2854486593427],[-111.749494815771,40.2854482864759],[-111.749495566018,40.2854476220005],[-111.749495988033,40.2854472482331],[-111.74949657646,40.2854467137958],[-111.749496727669,40.2854465765752],[-111.74949714379,40.2854461992178],[-111.749497715769,40.2854456693189],[-111.749497873999,40.2854455221762],[-111.749498281871,40.2854451403332],[-111.74949900618,40.2854444579003],[-111.74949941287,40.2854440742586],[-111.749499905078,40.2854435994692],[-111.749500126574,40.2854433864445],[-111.749500523836,40.285442997419],[-111.749501230465,40.2854423042162],[-111.74950162655,40.2854419151932],[-111.749502113999,40.2854414251031],[-111.749502321396,40.285441215711],[-111.749502709233,40.2854408222025],[-111.749503397006,40.2854401182322],[-111.74950378366,40.2854397229249],[-111.74950484159,40.2854386146761],[-111.74955483885,40.2854903037978],[-111.749806859283,40.2855732149503],[-111.749918564128,40.2855688501354],[-111.750038928487,40.285357408103],[-111.749940026583,40.2851794015801],[-111.749168933338,40.2847480851296],[-111.749168864087,40.2847481222037],[-111.748943000952,40.2846217834697],[-111.748510147716,40.284514017544],[-111.748510199197,40.2845139444825],[-111.748658534323,40.2843043090703],[-111.748437012366,40.2840809730473],[-111.748437072156,40.2840809215835],[-111.748437391025,40.2840806435073],[-111.74869002186,40.2838605552728],[-111.748690292661,40.2838603187278]]]},"properties":{"zone_code":"OS","zone_description":"Open Space","zone_class_normalized":"Open Space/Public","jurisdiction":"vineyard_ut","source_rest_url":"https://services.arcgis.com/QdlehUncXjEmQYtI/arcgis/rest/services/Zoning_-_Public_View/FeatureServer/8","extraction_method":"arcgis_rest","confidence":"rest_api"}},{"type":"Feature","geometry":{"type":"Polygon","coordinates":[[[-111.743397234407,40.2948929751238],[-111.743415397151,40.2959353940003],[-111.743943110334,40.2959342850557],[-111.743943333487,40.2959972662895],[-111.743943344086,40.2960002419793],[-111.743946747358,40.296957691651],[-111.74394675627,40.2969601936073],[-111.743500790229,40.2969604359847],[-111.7434339599,40.2969604726003],[-111.743434322297,40.2970627592061],[-111.743434382568,40.2970687951623],[-111.741196714389,40.2970734764876],[-111.741191899307,40.2970478875723],[-111.740774520845,40.2970516855825],[-111.740778925706,40.2970713779773],[-111.739961646659,40.2970730605873],[-111.739779121328,40.2970960288116],[-111.738349915737,40.2970929563474],[-111.736702400844,40.2949454398899],[-111.743397234407,40.2948929751238]],[[-111.740610135797,40.2955566365824],[-111.739985687682,40.2955614588578],[-111.73999534399,40.2962766320359],[-111.740429438256,40.2962736192752],[-111.740423672138,40.2958342804829],[-111.740613743104,40.2958328038563],[-111.740610135797,40.2955566365824]]]},"properties":{"zone_code":"HDR-2","zone_description":"High Density Residential","zone_class_normalized":"Residential-High","jurisdiction":"vineyard_ut","source_rest_url":"https://services.arcgis.com/QdlehUncXjEmQYtI/arcgis/rest/services/Zoning_-_Public_View/FeatureServer/8","extraction_method":"arcgis_rest","confidence":"rest_api"}},{"type":"Feature","geometry":{"type":"Polygon","coordinates":[[[-111.745475265332,40.2939278323868],[-111.745200090581,40.2933635280964],[-111.745096196836,40.2933646494812],[-111.744497088749,40.2933711773791],[-111.74437320344,40.2933716311604],[-111.743412512971,40.2933751438178],[-111.743370789737,40.2933752956014],[-111.743325526612,40.2933755619204],[-111.743323844345,40.293049364436],[-111.74332877987,40.2930474628106],[-111.743397993996,40.2930513931025],[-111.743367793854,40.2920406162433],[-111.742567001892,40.2913819873762],[-111.742401513983,40.2912478265727],[-111.742400160386,40.2908646878856],[-111.742064770393,40.2908531608327],[-111.741559133024,40.2908664428188],[-111.741546749805,40.2903732758067],[-111.741317306461,40.2902147905765],[-111.740848890027,40.290215764596],[-111.740847645461,40.289861156962],[-111.740709264577,40.2898655212239],[-111.740708936299,40.2897717741942],[-111.740245816186,40.2897645831863],[-111.740128756298,40.2897770528039],[-111.740116178083,40.289786883939],[-111.740116061819,40.2897782101061],[-111.738577097028,40.2897902737185],[-111.738406372976,40.2897916112121],[-111.738399305702,40.2896490172694],[-111.738373858377,40.2882037006523],[-111.738375029723,40.2882036892553],[-111.738375037215,40.2882041521696],[-111.738955457833,40.2881984791626],[-111.739168954059,40.2882986933488],[-111.73916926574,40.2882986981144],[-111.739170153969,40.2882991150938],[-111.739305247299,40.2883012449002],[-111.73943530433,40.2883032939099],[-111.739687207794,40.2881936987822],[-111.739877476513,40.2880475348751],[-111.740239649435,40.2880295252063],[-111.740875833594,40.28792012086],[-111.740908157717,40.288020942239],[-111.741060468297,40.2882378996039],[-111.741245118231,40.2884102523561],[-111.741245570746,40.2884105063029],[-111.741245717059,40.2884106419975],[-111.741487009351,40.2885458060608],[-111.741759923194,40.2886423225065],[-111.742325743128,40.2886411418682],[-111.742320245531,40.2883082213204],[-111.742570890338,40.2883057898886],[-111.742576413526,40.2886402792912],[-111.742576620518,40.2886402788613],[-111.742576625188,40.2886406012812],[-111.743204590804,40.2886392855008],[-111.743289249873,40.2886690951412],[-111.743311190635,40.2896691645513],[-111.743322020001,40.2896690789473],[-111.743322323449,40.2896690819177],[-111.744009787138,40.2897290471714],[-111.744010098996,40.2897290996577],[-111.744922971227,40.2898939057756],[-111.744961698937,40.2903610104029],[-111.74409129527,40.2903880433145],[-111.744085646251,40.2911236750104],[-111.743978847073,40.2911102066001],[-111.743981236503,40.2911130413289],[-111.744354764478,40.2915561159746],[-111.744533235695,40.2917442789484],[-111.744093464678,40.2919888499191],[-111.744311656355,40.2922188901256],[-111.746509875263,40.2922142383553],[-111.746510023026,40.2922552937329],[-111.746511176699,40.2925764893432],[-111.746950484038,40.2925755550965],[-111.746950632121,40.2926166257797],[-111.746953280747,40.2933525161199],[-111.7466059144,40.2933539317777],[-111.746614488275,40.2937271658975],[-111.746619480486,40.2939445193895],[-111.746393867391,40.2939412290301],[-111.745626723995,40.2939300411945],[-111.74562161554,40.2939299663757],[-111.745475265332,40.2939278323868]]]},"properties":{"zone_code":"R-2-15","zone_description":"Mulitple Residential","zone_class_normalized":"Mixed-Use","jurisdiction":"vineyard_ut","source_rest_url":"https://services.arcgis.com/QdlehUncXjEmQYtI/arcgis/rest/services/Zoning_-_Public_View/FeatureServer/8","extraction_method":"arcgis_rest","confidence":"rest_api"}},{"type":"Feature","geometry":{"type":"Polygon","coordinates":[[[-111.745951632944,40.2970025697388],[-111.745935771725,40.2969607531419],[-111.745935021867,40.2969615706995],[-111.745665594904,40.2969656086852],[-111.744576507127,40.296964443642],[-111.743953848518,40.2969640209219],[-111.743946747358,40.296957691651],[-111.743943344086,40.2960002419793],[-111.74394333349,40.2959972671901],[-111.743943110338,40.2959342859563],[-111.745555602209,40.2959308831199],[-111.746074631334,40.2959297828004],[-111.746303172061,40.2959292975392],[-111.74630686326,40.2959316458285],[-111.746408932917,40.295942588585],[-111.746824320216,40.2959375200436],[-111.747347517657,40.2959311338188],[-111.747337099123,40.2954300086044],[-111.747337099915,40.2954299023273],[-111.748350278465,40.2954277373331],[-111.748350378751,40.2954557181872],[-111.748350599104,40.2955164856647],[-111.748355837786,40.297035423324],[-111.74775277492,40.2970406090833],[-111.746488070379,40.2970139020937],[-111.745951632944,40.2970025697388]]]},"properties":{"zone_code":"PF","zone_description":"Public Facility","zone_class_normalized":"Open Space/Public","jurisdiction":"vineyard_ut","source_rest_url":"https://services.arcgis.com/QdlehUncXjEmQYtI/arcgis/rest/services/Zoning_-_Public_View/FeatureServer/8","extraction_method":"arcgis_rest","confidence":"rest_api"}},{"type":"Feature","geometry":{"type":"Polygon","coordinates":[[[-111.752663458088,40.2939256996464],[-111.752386681064,40.2939863950021],[-111.752123536165,40.2942002906558],[-111.752212227863,40.2943947130642],[-111.752198184482,40.2945631585355],[-111.752272268397,40.2947725828496],[-111.752238495163,40.294892419256],[-111.752240674158,40.2948941960162],[-111.752178687558,40.2950138312341],[-111.751661065636,40.2948425534037],[-111.751583084668,40.2948464536326],[-111.751300355563,40.2948470631198],[-111.751280748215,40.2948172436891],[-111.751256197097,40.2947687727327],[-111.751172755788,40.2946121832207],[-111.751133456886,40.2945301491806],[-111.751045237801,40.2943996983016],[-111.7509520867,40.2942543262385],[-111.750868891631,40.2941649227954],[-111.750756271003,40.294027057784],[-111.75069272193,40.2939786713096],[-111.750619367784,40.2939153750282],[-111.750619013847,40.2938183282265],[-111.750623137887,40.2936130256887],[-111.750623028621,40.2935831652019],[-111.750612653407,40.2934114867335],[-111.750612393911,40.2933405681849],[-111.750563142333,40.2932025678811],[-111.750513768082,40.2930309739341],[-111.750352140087,40.2928222962686],[-111.750215009299,40.2926471588781],[-111.749961144778,40.2925431939062],[-111.749936716818,40.2925283153625],[-111.749556600443,40.292558995126],[-111.749552254496,40.2927045767046],[-111.749548750534,40.2930815777809],[-111.749541158896,40.2936750797954],[-111.749430057156,40.2939552648126],[-111.749450099651,40.2941045264944],[-111.749313903764,40.2941869367064],[-111.749075539519,40.2943255556319],[-111.748929566191,40.2944005217336],[-111.748822603821,40.294479135909],[-111.748506579365,40.2947112343363],[-111.748409312525,40.294774897593],[-111.74829315429,40.2950065684122],[-111.748181788294,40.2952158327126],[-111.748124017772,40.2954175176599],[-111.748093945697,40.2954282865336],[-111.747334595774,40.2954299076295],[-111.747333284864,40.2950662546893],[-111.747907045576,40.2946387548742],[-111.747968200106,40.2944364494657],[-111.748107873428,40.2939743885406],[-111.74859441519,40.2936413773133],[-111.748687975325,40.293288459599],[-111.748334255315,40.2928846301777],[-111.748671307904,40.2924274506137],[-111.749753195864,40.2918856758554],[-111.75007706374,40.2915322605448],[-111.750361268235,40.2914486549892],[-111.750988716056,40.29156733411],[-111.750989071034,40.2916645250802],[-111.751193538365,40.2917574063255],[-111.751370519486,40.2918316814903],[-111.751468730695,40.2920274413747],[-111.751474901409,40.2920484265237],[-111.751335172372,40.2921630437629],[-111.75107998487,40.2923642309505],[-111.75104049765,40.2923969793487],[-111.751013256367,40.2924460309288],[-111.751135953331,40.2926720683982],[-111.751295432296,40.2929586847213],[-111.751338435673,40.2930542446957],[-111.751628183017,40.2931376091864],[-111.751792843504,40.2931745822943],[-111.752185485924,40.2930687503223],[-111.752206803549,40.2930663707374],[-111.752370880797,40.2929447001092],[-111.752504472998,40.2928184289308],[-111.752515925517,40.2928184708206],[-111.752358661726,40.2930523251022],[-111.752616144179,40.2930725165902],[-111.752684493045,40.2932383531498],[-111.752602560097,40.2936493024319],[-111.752662902268,40.2938710004761],[-111.752673314053,40.2938815676803],[-111.752663458088,40.2939256996464]]]},"properties":{"zone_code":"OS","zone_description":"Open Space","zone_class_normalized":"Open Space/Public","jurisdiction":"vineyard_ut","source_rest_url":"https://services.arcgis.com/QdlehUncXjEmQYtI/arcgis/rest/services/Zoning_-_Public_View/FeatureServer/8","extraction_method":"arcgis_rest","confidence":"rest_api"}},{"type":"Feature","geometry":{"type":"Polygon","coordinates":[[[-111.751699784965,40.2962456258594],[-111.75170247857,40.2969801507991],[-111.751702575768,40.2970065978578],[-111.748355837786,40.297035423324],[-111.748350599104,40.2955164856647],[-111.751697084754,40.2955092877774],[-111.751699784965,40.2962456258594]]]},"properties":{"zone_code":"A-1","zone_description":"Agriculture","zone_class_normalized":"Agriculture/Rural","jurisdiction":"vineyard_ut","source_rest_url":"https://services.arcgis.com/QdlehUncXjEmQYtI/arcgis/rest/services/Zoning_-_Public_View/FeatureServer/8","extraction_method":"arcgis_rest","confidence":"rest_api"}},{"type":"Feature","geometry":{"type":"Polygon","coordinates":[[[-111.745974439964,40.2950656357781],[-111.745473442412,40.2939252549839],[-111.745473422815,40.2939240535715],[-111.745475265332,40.2939278323868],[-111.74562161554,40.2939299663757],[-111.745626723995,40.2939300411945],[-111.746393867391,40.2939412290301],[-111.746619480486,40.2939445193895],[-111.746614488275,40.2937271658975],[-111.7466059144,40.2933539317777],[-111.746953280747,40.2933525161199],[-111.746950632121,40.2926166257797],[-111.746950484038,40.2925755550965],[-111.746511176699,40.2925764893432],[-111.746510023026,40.2922552937329],[-111.746509875263,40.2922142383553],[-111.744311656355,40.2922188901256],[-111.744093464678,40.2919888499191],[-111.744533235695,40.2917442789484],[-111.744354764478,40.2915561159746],[-111.743981236503,40.2911130413289],[-111.743978847073,40.2911102066001],[-111.744498630051,40.2911091107299],[-111.747461600762,40.2911028196613],[-111.747485092202,40.2918860912154],[-111.747253874615,40.2925768289464],[-111.747468058346,40.293334787336],[-111.747637730672,40.2940928413371],[-111.747968200106,40.2944364494657],[-111.747907045576,40.2946387548742],[-111.747333284864,40.2950662546893],[-111.746142619645,40.2950687877055],[-111.746117380762,40.2950688408854],[-111.745978746869,40.2950691356004],[-111.745974439964,40.2950656357781]]]},"properties":{"zone_code":"RE-20","zone_description":"Residential Estates","zone_class_normalized":"Residential-Low","jurisdiction":"vineyard_ut","source_rest_url":"https://services.arcgis.com/QdlehUncXjEmQYtI/arcgis/rest/services/Zoning_-_Public_View/FeatureServer/8","extraction_method":"arcgis_rest","confidence":"rest_api"}},{"type":"Feature","geometry":{"type":"Polygon","coordinates":[[[-111.761774558676,40.2939576946148],[-111.761774501043,40.2939576947439],[-111.761181322409,40.2939573032472],[-111.761234430021,40.2942389245661],[-111.761241260365,40.2942815266832],[-111.761244215886,40.2942999606809],[-111.761840652115,40.2942960692236],[-111.761857162523,40.2946252819319],[-111.761871407296,40.2949100873233],[-111.761873901701,40.2949598357873],[-111.761813592637,40.2951677729341],[-111.761905386072,40.2951092327094],[-111.761810821652,40.2954145860017],[-111.761765739331,40.2958465654399],[-111.761816746478,40.2962364749486],[-111.761823079368,40.2967989299742],[-111.761866029468,40.2974285787768],[-111.761913050184,40.2976639112746],[-111.761935651143,40.298177931926],[-111.761887349429,40.2985575956312],[-111.761770912852,40.2988123789731],[-111.761791075103,40.2991560328915],[-111.761711269303,40.2993635018303],[-111.761614100527,40.2995086367526],[-111.759530884557,40.2995132852835],[-111.759415544637,40.2942170118007],[-111.759192166314,40.2935661250328],[-111.759165430693,40.2910642757277],[-111.759582017943,40.2910620186169],[-111.75988074104,40.2910601691219],[-111.75999775765,40.2910595772754],[-111.760271322164,40.2914035172466],[-111.760495051395,40.2916847371882],[-111.760690825706,40.2919308490505],[-111.76088658708,40.2921769002549],[-111.761082348774,40.2924229745313],[-111.761135758094,40.2924901582181],[-111.761247142095,40.2926301659237],[-111.761273714785,40.292693871846],[-111.761405192575,40.2930094008145],[-111.761535017698,40.2933208804248],[-111.761635879688,40.2935628781904],[-111.761641789997,40.2936253775002],[-111.761774558676,40.2939576946148]]]},"properties":{"zone_code":"RE-20","zone_description":"Residential Estates","zone_class_normalized":"Residential-Low","jurisdiction":"vineyard_ut","source_rest_url":"https://services.arcgis.com/QdlehUncXjEmQYtI/arcgis/rest/services/Zoning_-_Public_View/FeatureServer/8","extraction_method":"arcgis_rest","confidence":"rest_api"}},{"type":"Feature","geometry":{"type":"Polygon","coordinates":[[[-111.743415397154,40.2959353949009],[-111.743397234407,40.2948929751238],[-111.743372070706,40.2934488094667],[-111.743370789737,40.2933752956014],[-111.74437320344,40.2933716311604],[-111.744497088749,40.2933711773791],[-111.745096196836,40.2933646494812],[-111.745200090581,40.2933635280964],[-111.745473422815,40.2939240535715],[-111.745473442412,40.2939252549839],[-111.745974439964,40.2950656357781],[-111.745978746869,40.2950691356004],[-111.745976353304,40.2950691406406],[-111.746146472252,40.2955104261592],[-111.746157632103,40.2955104026427],[-111.746307374674,40.2959292886778],[-111.746074631334,40.2959297828004],[-111.745555602209,40.2959308831199],[-111.743943110338,40.2959342859563],[-111.743415397154,40.2959353949009]]]},"properties":{"zone_code":"R-1-8","zone_description":"Single-Family Residential","zone_class_normalized":"Residential-Medium","jurisdiction":"vineyard_ut","source_rest_url":"https://services.arcgis.com/QdlehUncXjEmQYtI/arcgis/rest/services/Zoning_-_Public_View/FeatureServer/8","extraction_method":"arcgis_rest","confidence":"rest_api"}},{"type":"Feature","geometry":{"type":"Polygon","coordinates":[[[-111.755754171804,40.2995216174279],[-111.755753747652,40.2994971795298],[-111.753111557132,40.2995263985469],[-111.753099014658,40.2992014996674],[-111.749475966371,40.2992028625861],[-111.748755271701,40.2986085802538],[-111.74875352211,40.2986058577464],[-111.74814729362,40.2976629462786],[-111.747747210295,40.2970406578113],[-111.748355836609,40.2970354233265],[-111.751702573419,40.2970065987635],[-111.751702476214,40.2969801499035],[-111.751699784965,40.2962456258594],[-111.751812990837,40.2957196282122],[-111.752109484227,40.2951473986742],[-111.752180806414,40.2951545236911],[-111.752258686003,40.2951613336901],[-111.752335515226,40.2951732444274],[-111.752410720957,40.2951901670794],[-111.752483749949,40.2952119812587],[-111.75255405467,40.2952385224355],[-111.752621125101,40.2952695926761],[-111.752692693358,40.2953015997205],[-111.752768283435,40.295327627678],[-111.752847049685,40.2953473757566],[-111.752928103262,40.2953606306215],[-111.7530105367,40.2953672348203],[-111.75309341816,40.2953671192187],[-111.753175819595,40.2953602867276],[-111.753256813217,40.2953468096093],[-111.753264467408,40.2953469641358],[-111.753272051028,40.2953461650375],[-111.753279365375,40.2953444334597],[-111.753286217722,40.2953418157533],[-111.753292426013,40.2953383816622],[-111.753297820035,40.2953342225202],[-111.75330226611,40.2953294493961],[-111.753305636485,40.295324185054],[-111.753307849353,40.2953185719722],[-111.753308844094,40.2953127570868],[-111.75330859071,40.2953068980747],[-111.753307099178,40.295301148023],[-111.753304411224,40.2952956581485],[-111.753300593259,40.2952905751116],[-111.753187294572,40.2950512974138],[-111.753059163583,40.2947671386181],[-111.752977828342,40.2946299978432],[-111.752903275359,40.2944906195435],[-111.752835599399,40.2943491944621],[-111.752774907034,40.2942059259247],[-111.752721276593,40.2940610146148],[-111.752674786406,40.2939146612154],[-111.752669916867,40.2938967751307],[-111.752673312877,40.2938815676829],[-111.752662903444,40.2938710004736],[-111.752602561276,40.29364930333],[-111.752684493045,40.2932383531498],[-111.75261614183,40.2930725174959],[-111.752358661726,40.2930523251022],[-111.752515926697,40.2928184717187],[-111.752504471822,40.2928184289333],[-111.7523708808,40.2929447010099],[-111.752206802373,40.2930663707399],[-111.752185487097,40.2930687494191],[-111.751792844683,40.2931745831924],[-111.75162818302,40.2931376100871],[-111.751338438022,40.29305424379],[-111.751295432296,40.2929586847213],[-111.751135953334,40.2926720692989],[-111.751013257543,40.2924460309263],[-111.751040497644,40.2923969775474],[-111.751079983698,40.2923642318537],[-111.751335174725,40.2921630437578],[-111.751474900229,40.2920484256256],[-111.751468730695,40.2920274413747],[-111.751370520665,40.2918316823884],[-111.751193539538,40.2917574054223],[-111.750989072207,40.2916645241771],[-111.750988717236,40.2915673350081],[-111.750361267062,40.2914486558923],[-111.750077062557,40.291532258746],[-111.749753195867,40.291885676756],[-111.748671306731,40.2924274515168],[-111.748334254139,40.2928846301802],[-111.748687976505,40.2932884604971],[-111.74859441519,40.2936413773133],[-111.748107872252,40.2939743885431],[-111.747968200102,40.2944364485651],[-111.747637730678,40.2940928431384],[-111.747468055997,40.2933347882416],[-111.747253873436,40.2925768280483],[-111.747485092199,40.2918860903147],[-111.747461601935,40.2911028187582],[-111.747816588413,40.29111038987],[-111.748044054348,40.2911098539129],[-111.748287148691,40.2911092788894],[-111.748545969087,40.2911086716993],[-111.748810565366,40.2911080264144],[-111.749081648102,40.2911073937175],[-111.749317752773,40.291106856672],[-111.749538344156,40.2911063207699],[-111.749790559315,40.2911057078208],[-111.750011703551,40.2911051914578],[-111.750287036802,40.2911045468653],[-111.750557262088,40.2911039062765],[-111.750817878309,40.2911032667832],[-111.75107848886,40.2911026852623],[-111.751334147795,40.2911020867953],[-111.751594267781,40.291101475458],[-111.751884023892,40.2911007951331],[-111.752167430991,40.2911000593476],[-111.752452596917,40.291099459573],[-111.752800395945,40.2910985704535],[-111.756471643959,40.2910788317402],[-111.759063581424,40.2910648285982],[-111.759165429517,40.2910642757303],[-111.759192166314,40.2935661250328],[-111.759415543457,40.2942170109027],[-111.759530883381,40.2995132852862],[-111.755754171804,40.2995216174279]],[[-111.753187903947,40.2970993961021],[-111.753175877043,40.2970981729824],[-111.75316375023,40.2970985604207],[-111.753151898715,40.2971005540013],[-111.753086858142,40.2971160967633],[-111.753012089688,40.2971309175318],[-111.752935793607,40.2971400990559],[-111.752858692977,40.2971435524055],[-111.752828551334,40.297143765351],[-111.752831705166,40.2974057580378],[-111.752863973663,40.2973956910992],[-111.752898004922,40.2973899686208],[-111.752932816219,40.2973887566451],[-111.752967385548,40.2973920952117],[-111.753000713897,40.2973998802087],[-111.753031827693,40.2974118894872],[-111.753059825813,40.2974277719504],[-111.753083891419,40.2974470673423],[-111.753103323733,40.2974692115824],[-111.753117562849,40.2974935655318],[-111.753126183846,40.297519414105],[-111.753128946351,40.2975460093931],[-111.753125763994,40.2975725806366],[-111.753116731515,40.2975983476764],[-111.753114529156,40.2976042822556],[-111.753113542561,40.297610405136],[-111.753113793539,40.2976165703668],[-111.753122150173,40.2976997803083],[-111.75346920737,40.2976861252223],[-111.753452075014,40.2975627424283],[-111.753426666192,40.2974401944624],[-111.753393048055,40.2973188162115],[-111.75335130767,40.2971989209024],[-111.753345983748,40.2971880455232],[-111.753338688643,40.2971778607056],[-111.753329569002,40.2971685804834],[-111.753318811357,40.2971603899834],[-111.753306636307,40.2971534625501],[-111.753210239977,40.2971064888563],[-111.753199475595,40.2971021963259],[-111.753187903947,40.2970993961021]],[[-111.758901574583,40.2957757890101],[-111.758901637775,40.2957775703353],[-111.758905430127,40.2959129758056],[-111.758905489781,40.2959147544366],[-111.75899497126,40.2959132789682],[-111.759048713074,40.2959123933567],[-111.759299291774,40.2959082627581],[-111.759299618754,40.295908260231],[-111.759295761265,40.2957710788547],[-111.759295435458,40.2957710804785],[-111.759290422393,40.295592745127],[-111.758950334375,40.2955983503745],[-111.758930212423,40.2956016991475],[-111.758913212321,40.2956105964149],[-111.758901829989,40.2956237358985],[-111.758897736561,40.2956391884862],[-111.758901574583,40.2957757890101]]]},"properties":{"zone_code":"R-1-8","zone_description":"Single-Family Residential","zone_class_normalized":"Residential-Medium","jurisdiction":"vineyard_ut","source_rest_url":"https://services.arcgis.com/QdlehUncXjEmQYtI/arcgis/rest/services/Zoning_-_Public_View/FeatureServer/8","extraction_method":"arcgis_rest","confidence":"rest_api"}},{"type":"Feature","geometry":{"type":"Polygon","coordinates":[[[-111.748763917262,40.2820880252647],[-111.74909874749,40.2824163120463],[-111.750942980325,40.2830134513762],[-111.751240428997,40.2831244745074],[-111.751528515859,40.2831812082689],[-111.751838835626,40.2832046875737],[-111.752163850666,40.2831798454503],[-111.752840598346,40.2830334868664],[-111.752842608831,40.2830320829145],[-111.753310806628,40.283389469362],[-111.753370105675,40.283428583549],[-111.753593122456,40.2835895568846],[-111.753767599138,40.2838587817646],[-111.753539765067,40.2840424853516],[-111.753542155063,40.2840432087832],[-111.753543825678,40.2840437068146],[-111.753545497458,40.2840442021415],[-111.753547172733,40.2840446884543],[-111.753548848002,40.2840451729658],[-111.753550530307,40.2840456520582],[-111.753552211425,40.2840461284512],[-111.75355389369,40.2840465967359],[-111.75355557946,40.2840470587084],[-111.753557271102,40.284047518867],[-111.753558960373,40.2840479736267],[-111.753560653152,40.284048422975],[-111.753562349443,40.2840488678124],[-111.753564048062,40.2840493063403],[-111.753565747837,40.2840497394617],[-111.753567453482,40.2840501698685],[-111.753569156745,40.2840505921745],[-111.753570863529,40.2840510126717],[-111.753572572642,40.2840514268593],[-111.753574282912,40.2840518356404],[-111.753575995516,40.2840522399133],[-111.753577709273,40.2840526378791],[-111.753579425366,40.2840530313367],[-111.753581146149,40.2840534211814],[-111.75358286573,40.2840538038236],[-111.753584590005,40.2840541837537],[-111.75358631308,40.2840545573818],[-111.753588040843,40.2840549264965],[-111.75358976741,40.2840552902099],[-111.753591498661,40.2840556485093],[-111.753593232244,40.2840560013997],[-111.753594962279,40.2840563488939],[-111.753596700526,40.2840566909665],[-111.753598437587,40.2840570303396],[-111.753600326449,40.2840573955018],[-111.75360206352,40.2840577375768],[-111.753603797083,40.2840580850633],[-111.753605531823,40.2840584325471],[-111.753607261877,40.284058785445],[-111.753608993129,40.2840591437441],[-111.753610723214,40.2840595047476],[-111.753612449787,40.284059870262],[-111.75361417755,40.2840602393763],[-111.753615900619,40.2840606112027],[-111.753617624885,40.2840609884304],[-111.75361934798,40.2840613674618],[-111.753621068747,40.2840617528028],[-111.753622784817,40.2840621399552],[-111.753624505614,40.2840625334019],[-111.753626221714,40.28406292866],[-111.753627935485,40.2840633302277],[-111.753629648077,40.2840637308972],[-111.75363135835,40.2840641405782],[-111.75363306863,40.2840645520604],[-111.753634777744,40.284064966247],[-111.753636484529,40.2840653867432],[-111.753638190145,40.2840658090432],[-111.753639893429,40.2840662367521],[-111.753641595547,40.2840666671654],[-111.753643295326,40.2840671011864],[-111.753644991594,40.2840675397181],[-111.753646690224,40.2840679809467],[-111.753648382994,40.2840684275918],[-111.753650079302,40.2840688769311],[-111.753651767398,40.2840693316921],[-111.753653460208,40.2840697891447],[-111.753655145973,40.2840702493146],[-111.753656835285,40.2840707148805],[-111.753658516375,40.2840711831663],[-111.753660202185,40.284071655945],[-111.753661880954,40.2840721323415],[-111.753663559732,40.2840726114399],[-111.753665237354,40.2840730959447],[-111.753666912634,40.2840735831564],[-111.753668587931,40.2840740748713],[-111.753670259713,40.2840745701963],[-111.753671927984,40.2840750700323],[-111.753673596268,40.2840755734706],[-111.753675259858,40.2840760796212],[-111.753676924641,40.2840765902722],[-111.753678585909,40.2840771045336],[-111.753680247184,40.2840776205961],[-111.753681904951,40.28407814207],[-111.753683559204,40.2840786671542],[-111.753685213473,40.2840791967416],[-111.753686867752,40.2840797290308],[-111.753688514998,40.2840802676398],[-111.753690162251,40.28408080805],[-111.753691809514,40.2840813511621],[-111.753693453259,40.2840818969837],[-111.753695093496,40.2840824482168],[-111.753696733747,40.2840830030524],[-111.753698370486,40.2840835623988],[-111.753700003707,40.2840841244548],[-111.753701636948,40.2840846919146],[-111.753703266671,40.2840852620839],[-111.753704896405,40.2840858349551],[-111.75370652262,40.2840864105359],[-111.753708146503,40.2840869915255],[-111.753709769227,40.2840875770208],[-111.753711388426,40.2840881634245],[-111.753713004118,40.2840887552396],[-111.753714619829,40.2840893524585],[-111.753716232012,40.284089949685],[-111.75371784187,40.2840905541217],[-111.753719450556,40.2840911594616],[-111.753721055733,40.2840917702128],[-111.753722660917,40.2840923827654],[-111.753724260234,40.2840929989332],[-111.753725858392,40.2840936196068],[-111.753727453036,40.2840942438906],[-111.753729048872,40.284094872675],[-111.753730640008,40.2840955023701],[-111.753732228818,40.2840961392755],[-111.753733816455,40.2840967770841],[-111.753735400581,40.2840974194034],[-111.753736982366,40.2840980644297],[-111.753738559459,40.2840987130689],[-111.753740137745,40.2840993662085],[-111.753741711338,40.2841000220603],[-111.753743282598,40.284100683321],[-111.753744849164,40.2841013472938],[-111.75374641692,40.2841020148666],[-111.753747979978,40.2841026842508],[-111.753749544233,40.2841033590363],[-111.753751100265,40.2841040365415],[-111.753752657484,40.2841047167461],[-111.753754211194,40.2841054023622],[-111.7537557602,40.2841060879884],[-111.753757310413,40.2841067817178],[-111.753758857097,40.2841074754548],[-111.753760399094,40.2841081737052],[-111.753761938753,40.2841088755633],[-111.753763474904,40.2841095828327],[-111.753765009878,40.2841102901048],[-111.753766542521,40.2841110027857],[-111.753768071652,40.2841117199774],[-111.753769597259,40.2841124380775],[-111.753771122885,40.2841131615813],[-111.753772643815,40.2841138868966],[-111.753774162405,40.2841146158195],[-111.753775677484,40.2841153492533],[-111.753777189049,40.2841160862972],[-111.753778697093,40.2841168251501],[-111.753780205159,40.2841175703074],[-111.753781709695,40.2841183145717],[-111.753783210726,40.2841190651481],[-111.753784708235,40.2841198175334],[-111.753786205768,40.2841205762232],[-111.753787696251,40.2841213367295],[-111.753789186735,40.2841220972358],[-111.753790670192,40.2841228658632],[-111.753792157181,40.2841236353834],[-111.753793637131,40.2841244094222],[-111.753795113562,40.2841251861706],[-111.753796586476,40.2841259656285],[-111.753798060586,40.2841267504876],[-111.753799529991,40.284127535357],[-111.753800995889,40.2841283256377],[-111.753802454744,40.2841291195364],[-111.75380391832,40.284129917928],[-111.753805373663,40.2841307163375],[-111.753806825496,40.2841315192577],[-111.753808277342,40.2841323257806],[-111.753809723317,40.284133135018],[-111.753811168137,40.2841339496619],[-111.753812605901,40.2841347643211],[-111.753814044861,40.2841355843814],[-111.753815479127,40.2841364071539],[-111.753816911047,40.2841372317328],[-111.753818338287,40.2841380626263],[-111.753819766713,40.2841388962192],[-111.753821186904,40.2841397289293],[-111.753822604776,40.2841405706508],[-111.753824021471,40.2841414123749],[-111.753825432294,40.284142255913],[-111.753826841964,40.2841431057581],[-111.753828245751,40.2841439547153],[-111.753829649561,40.284144809977],[-111.753831048683,40.284145669752],[-111.753832445458,40.2841465304328],[-111.75383383871,40.2841473929225],[-111.753835227282,40.2841482617268],[-111.753836613509,40.2841491323375],[-111.753837996218,40.2841500056578],[-111.753839375412,40.2841508825883],[-111.753840751085,40.2841517613276],[-111.753842122074,40.284152645481],[-111.753843490711,40.2841535296396],[-111.753844855843,40.2841544201102],[-111.753846217454,40.2841553123897],[-111.753847579075,40.2841562073711],[-111.75384893365,40.2841571050698],[-111.753850284706,40.284158005478],[-111.753851632255,40.2841589112977],[-111.753852976276,40.284159817125],[-111.753854320317,40.2841607283561],[-111.753855657312,40.2841616423044],[-111.753856990789,40.2841625589624],[-111.753858320748,40.2841634783298],[-111.753859647189,40.2841644004069],[-111.753860970112,40.2841653251934],[-111.753862294222,40.2841662526793],[-111.753863610119,40.284167185587],[-111.753864922484,40.2841681176016],[-111.753866231345,40.2841690559283],[-111.753867537865,40.2841699969621],[-111.75386883969,40.2841709407079],[-111.753870137994,40.2841718862627],[-111.753871433959,40.2841728354251],[-111.75387272523,40.2841737872997],[-111.75387401298,40.2841747409831],[-111.753875294863,40.2841756982819],[-111.75387657558,40.2841766582851],[-111.753877853962,40.2841776227966],[-111.753879124115,40.2841785882266],[-111.753880395461,40.2841795581572],[-111.753881658589,40.2841805317083],[-111.753882922889,40.2841815043561],[-111.753884180156,40.2841824833237],[-111.753885432726,40.2841834641028],[-111.753886682954,40.2841844475889],[-111.753887929667,40.2841854346852],[-111.753889171673,40.2841864208911],[-111.753890411347,40.2841874125059],[-111.753891647517,40.2841884104327],[-111.753892878979,40.2841894074692],[-111.753894104571,40.2841904072204],[-111.753895330173,40.2841914096734],[-111.753896548732,40.2841924157443],[-111.75389776377,40.2841934236241],[-111.753898978818,40.2841944342059],[-111.75390018682,40.2841954475048],[-111.753901391308,40.284196464414],[-111.753902592284,40.284197485834],[-111.753903786204,40.2841985072693],[-111.753904980134,40.2841995314065],[-111.753906167018,40.284200558261],[-111.753907350385,40.284201587825],[-111.753908533761,40.2842026200909],[-111.753909710101,40.2842036577759],[-111.753910882913,40.2842046954687],[-111.753912049855,40.284205735876],[-111.753913215632,40.2842067789878],[-111.753914374362,40.2842078248169],[-111.753915533099,40.2842088724473],[-111.753916685969,40.2842099236929],[-111.753917834145,40.2842109776507],[-111.753918978803,40.284212034318],[-111.753920121116,40.2842130927917],[-111.753921255211,40.2842141548858],[-111.753922386953,40.2842152169851],[-111.753923514008,40.2842162835977],[-111.753924638724,40.2842173538179],[-111.753925758746,40.2842184267503],[-111.753926876413,40.2842194987872],[-111.753927985872,40.2842205771464],[-111.753929096503,40.2842216546024],[-111.753930200091,40.2842227356763],[-111.753931298992,40.2842238212635],[-111.753932392016,40.2842249077642],[-111.753933485047,40.2842259960662],[-111.753934569859,40.2842270879885],[-111.753935652326,40.2842281817172],[-111.753936731279,40.2842292790562],[-111.7539378067,40.2842303755021],[-111.753938875085,40.2842314773672],[-111.753939943483,40.2842325828349],[-111.753941003646,40.2842336874198],[-111.753942057939,40.2842347947194],[-111.753943112252,40.2842359074227],[-111.75394416304,40.2842370210344],[-111.753945206779,40.2842381364627],[-111.753946248166,40.284239251896],[-111.753947281341,40.2842403727511],[-111.75394831453,40.2842414972087],[-111.753949340659,40.2842426207811],[-111.75395036327,40.2842437470629],[-111.753951382363,40.2842448760544],[-111.753952395586,40.2842460077606],[-111.753953404115,40.2842471421788],[-111.753954409126,40.2842482793066],[-111.753955410609,40.2842494164421],[-111.75395640976,40.2842505589865],[-111.753957400679,40.2842517015488],[-111.753958389256,40.2842528468181],[-111.753959373129,40.2842539920977],[-111.753960349966,40.2842551427963],[-111.753961324461,40.2842562962021],[-111.753962295428,40.2842574496154],[-111.753963261701,40.2842586057409],[-111.753964225632,40.2842597645733],[-111.753965181337,40.284260925225],[-111.753966134694,40.2842620867824],[-111.753967081005,40.2842632510571],[-111.753968022632,40.2842644207457],[-111.753968961897,40.2842655877376],[-111.753969897651,40.2842667592403],[-111.75397082988,40.2842679316514],[-111.753971755063,40.2842691067796],[-111.753972675558,40.2842702864213],[-111.753973590167,40.2842714642745],[-111.753974501268,40.2842726475391],[-111.753975408838,40.2842738299107],[-111.753976312892,40.2842750158926],[-111.753977209901,40.2842762045917],[-111.753978103379,40.2842773923979],[-111.753978993352,40.2842785865161],[-111.754236068703,40.2846243396367],[-111.754237729337,40.2846265795227],[-111.754238608745,40.2846277763638],[-111.754239484622,40.2846289723119],[-111.754240360511,40.2846301718626],[-111.754241230518,40.2846313705255],[-111.754242099362,40.2846325727933],[-111.754242964674,40.2846337741684],[-111.754243826462,40.2846349764516],[-111.754244685904,40.2846361805413],[-111.754245540656,40.2846373882437],[-111.754246395404,40.2846385950455],[-111.754247244276,40.2846398027607],[-111.754248091979,40.2846410122798],[-111.754248936153,40.2846422218065],[-111.754249777989,40.2846434349409],[-111.754250615117,40.2846446471848],[-111.754251449903,40.2846458621358],[-111.754252283517,40.28464707799],[-111.754253114786,40.2846482956506],[-111.754253937825,40.2846495142297],[-111.754254762038,40.2846507319056],[-111.754255581556,40.2846519522936],[-111.754256398722,40.2846531726868],[-111.754257214726,40.2846543966851],[-111.754258024846,40.2846556197955],[-111.7542588338,40.2846568456104],[-111.754259636878,40.2846580723387],[-111.754260439952,40.2846592981664],[-111.75426124186,40.2846605266985],[-111.754262037899,40.2846617579453],[-111.754262830402,40.2846629873986],[-111.754263619394,40.2846642213627],[-111.754264407201,40.2846654526274],[-111.754265189137,40.2846666866068],[-111.754265971083,40.2846679232882],[-111.754266749505,40.2846691608778],[-111.754267524395,40.2846703975745],[-111.754268295767,40.2846716369808],[-111.754269065963,40.2846728763896],[-111.754269830279,40.2846741158112],[-111.754270594605,40.2846753579348],[-111.754271351885,40.2846766027755],[-111.754272109159,40.284677845815],[-111.754272862921,40.2846790933654],[-111.754273613145,40.2846803382215],[-111.754274359851,40.2846815857873],[-111.754275106567,40.2846828360549],[-111.754275846217,40.2846840836359],[-111.754276582359,40.2846853366285],[-111.754277319667,40.2846865869166],[-111.754278052281,40.2846878399168],[-111.754278781367,40.2846890929247],[-111.754279506934,40.2846903486422],[-111.754280228974,40.2846916043673],[-111.754280947496,40.2846928628021],[-111.754281663666,40.2846941212419],[-111.75428237866,40.2846953796843],[-111.754283086608,40.2846966408441],[-111.754283794556,40.2846979020037],[-111.754284500151,40.2846991631685],[-111.754285201053,40.2847004270454],[-111.754285898427,40.28470169093],[-111.754286593449,40.2847029548198],[-111.754287283776,40.2847042214216],[-111.754287971762,40.2847054907305],[-111.754288658562,40.28470675734],[-111.754289339488,40.2847080257637],[-111.754290019252,40.2847092977924],[-111.754290696653,40.2847105671243],[-111.754291369371,40.2847118418702],[-111.754292036199,40.2847131139271],[-111.754292705388,40.2847143886807],[-111.754293368698,40.2847156634472],[-111.75429402731,40.2847169400251],[-111.754294683563,40.2847182148069],[-111.754295339837,40.2847194949925],[-111.754295987868,40.2847207724941],[-111.754296637086,40.2847220526951],[-111.754297282772,40.2847233320031],[-111.754297924947,40.2847246158219],[-111.754298562414,40.2847258987504],[-111.754299194001,40.2847271816916],[-111.754299829127,40.2847284673271],[-111.754300457193,40.2847297520773],[-111.754301081734,40.2847310377358],[-111.754301705109,40.2847323260988],[-111.754302322604,40.2847336144746],[-111.754302940096,40.2847349019497],[-111.754303554073,40.284736193035],[-111.754304160994,40.2847374841358],[-111.754304767912,40.2847387743358],[-111.754305371315,40.2847400681461],[-111.75430597119,40.2847413619641],[-111.754306567534,40.2847426548891],[-111.754307163891,40.2847439514167],[-111.754307753182,40.2847452452577],[-111.754308338962,40.2847465436096],[-111.754308924735,40.2847478401602],[-111.754309504638,40.2847491394255],[-111.754310083361,40.2847504377926],[-111.75431065857,40.2847517397701],[-111.754311226713,40.284753039061],[-111.754311794862,40.2847543401532],[-111.754312360673,40.284755644853],[-111.754312925294,40.2847569459528],[-111.754313479345,40.2847582506782],[-111.75431403811,40.2847595580953],[-111.754314588629,40.2847608619278],[-111.754315139162,40.2847621693628],[-111.754315683811,40.28476347591],[-111.754316227298,40.2847647860622],[-111.754316763715,40.2847660926273],[-111.754317301321,40.2847674027923],[-111.75431783423,40.2847687147689],[-111.754318364781,40.2847700249493],[-111.754318887106,40.284771336949],[-111.754319414138,40.284772649839],[-111.754319932945,40.2847739645481],[-111.754320449393,40.2847752774612],[-111.754320962324,40.2847765930838],[-111.754321470547,40.2847779078161],[-111.754321979955,40.2847792252477],[-111.754322482312,40.2847805435952],[-111.754322983489,40.2847818610447],[-111.754323478789,40.2847831794077],[-111.754323974095,40.2847844995719],[-111.754324461173,40.2847858206546],[-111.754324949424,40.2847871408342],[-111.75432543415,40.2847884619221],[-111.754325915355,40.2847897848189],[-111.754326393034,40.284791108624],[-111.754326866007,40.2847924315388],[-111.754327336627,40.2847937544587],[-111.754327807261,40.2847950809811],[-111.754328270836,40.2847964066182],[-111.754328730885,40.2847977331636],[-111.754329190932,40.2847990588085],[-111.754329643932,40.2848003871705],[-111.754330096936,40.2848017164333],[-111.75433054288,40.2848030448107],[-111.754330988827,40.2848043740888],[-111.754331431254,40.2848057051758],[-111.754331866613,40.2848070335763],[-111.754332301997,40.2848083682812],[-111.754332735015,40.2848096993887],[-111.754333163329,40.2848110305065],[-111.754333588128,40.2848123652345],[-111.754334009396,40.2848136990695],[-111.754334427136,40.2848150329122],[-111.754334846065,40.2848163703548],[-111.754335256749,40.2848177042129],[-111.754335663915,40.2848190407806],[-111.75433607226,40.2848203782463],[-111.754336472369,40.2848217148293],[-111.754336868961,40.2848230541219],[-111.754337266729,40.2848243934119],[-111.754337659786,40.2848257309109],[-111.754338049331,40.2848270729208],[-111.754338432986,40.2848284122415],[-111.754338815469,40.2848297524655],[-111.754339195607,40.2848310944959],[-111.75433957104,40.2848324365364],[-111.754339944121,40.2848337785822],[-111.754340313688,40.2848351242381],[-111.754340678537,40.2848364663017],[-111.754341041044,40.2848378110724],[-111.754341398847,40.2848391558533],[-111.754341754301,40.2848405015399],[-111.754342108577,40.2848418463285],[-111.754342455805,40.2848431938344],[-111.754342800672,40.2848445386434],[-111.754343145549,40.2848458861544],[-111.754343483373,40.2848472345813],[-111.754343820018,40.2848485821102],[-111.754344150793,40.2848499323539],[-111.754344481558,40.2848512798955],[-111.754344805276,40.2848526301545],[-111.754345128998,40.2848539813141],[-111.754345449189,40.2848553315807],[-111.754345765851,40.2848566818551],[-111.754346078986,40.2848580321371],[-111.754346387426,40.2848593851312],[-111.754346693518,40.2848607390312],[-111.754346996078,40.2848620920382],[-111.75434729511,40.2848634450528],[-111.75434759179,40.2848647980725],[-111.754347883766,40.2848661511025],[-111.754348172224,40.2848675068422],[-111.754348457148,40.2848688607882],[-111.754348742078,40.2848702165354],[-111.754349019952,40.284871572298],[-111.754349294298,40.2848729280684],[-111.754349569819,40.2848742838362],[-111.754349837119,40.2848756423237],[-111.754350104419,40.2848770008114],[-111.754350364653,40.2848783566124],[-111.754350626076,40.2848797160134],[-111.754350882791,40.284881074524],[-111.754351132451,40.2848824330501],[-111.754351383286,40.2848837915735],[-111.754351629427,40.2848851528091],[-111.754351872031,40.2848865113505],[-111.754352108764,40.2848878726065],[-111.754352483666,40.284890021624],[-111.754352716865,40.2848913810865],[-111.754352948894,40.2848927423528],[-111.754353178571,40.2848941036243],[-111.754353403544,40.2848954649059],[-111.754353633221,40.2848968261773],[-111.754353854676,40.2848981901686],[-111.754354077297,40.2848995514554],[-111.754354299918,40.2849009127422],[-111.754354517845,40.2849022767412],[-111.754354736938,40.2849036380357],[-111.754354947803,40.2849050002487],[-111.754355163378,40.2849063642528],[-111.754355375414,40.2849077255627],[-111.754355582757,40.2849090895846],[-111.754355791276,40.2849104536041],[-111.754355995091,40.2849118176337],[-111.754356200082,40.2849131816609],[-111.754356401544,40.2849145456957],[-111.754356601821,40.2849159070311],[-111.754356799756,40.2849172710736],[-111.75435699769,40.2849186351161],[-111.754357192107,40.2849200018682],[-111.754357385338,40.2849213659209],[-111.754357576219,40.2849227308794],[-111.75435776357,40.2849240949449],[-111.754357954458,40.2849254617046],[-111.754358137105,40.2849268257804],[-111.754358320937,40.2849281925555],[-111.754358501232,40.2849295566364],[-111.754358681536,40.2849309234192],[-111.75435886183,40.2849322875001],[-111.754359038607,40.2849336542906],[-111.754359211855,40.2849350210887],[-111.754359383917,40.2849363851876],[-111.754359553638,40.2849377519934],[-111.754359723358,40.2849391187993],[-111.75435988955,40.2849404856128],[-111.754360055742,40.2849418524263],[-111.754360218406,40.2849432192475],[-111.754360377542,40.2849445860764],[-111.754360536678,40.2849459529052],[-111.754360695818,40.2849473206348],[-111.754360851425,40.2849486874714],[-111.754361003515,40.2849500570175],[-111.754361155595,40.2849514238618],[-111.754361307675,40.284952790706],[-111.75436145624,40.2849541611605],[-111.754361601264,40.2849555280201],[-111.754361746298,40.2849568975816],[-111.754361887794,40.2849582644489],[-111.754362029299,40.2849596340181],[-111.754362167267,40.2849610008931],[-111.754362301717,40.2849623704777],[-111.75436244086,40.2849637373501],[-111.754362571782,40.2849651069424],[-111.754362702703,40.2849664765346],[-111.754362833625,40.2849678461269],[-111.754362961008,40.2849692130249],[-111.754363084874,40.2849705826325],[-111.754363209915,40.2849719522376],[-111.754363333781,40.2849733218452],[-111.754363454118,40.2849746914605],[-111.754363570927,40.2849760610835],[-111.754363688912,40.2849774307039],[-111.754363802194,40.2849788003346],[-111.754363915475,40.2849801699652],[-111.754364025228,40.2849815396036],[-111.754364136157,40.2849829092394],[-111.754364242382,40.2849842788854],[-111.754364348617,40.2849856512333],[-111.75436445249,40.2849870208844],[-111.754364551659,40.2849883905458],[-111.754364650832,40.2849897611079],[-111.754364751187,40.2849911334686],[-111.754364846827,40.2849925031377],[-111.754364940116,40.2849938728119],[-111.754365032239,40.2849952451905],[-111.754365124352,40.2849966148673],[-111.754365210594,40.2849979872588],[-111.754365299179,40.2849993569432],[-111.754365381894,40.2850007293424],[-111.75436546695,40.2850020990345],[-111.754365546137,40.2850034714413],[-111.754365627666,40.2850048411411],[-111.754365703324,40.2850062135557],[-111.754365777806,40.2850075859727],[-111.754365853455,40.2850089556853],[-111.754365924409,40.2850103281101],[-111.754365993002,40.2850116978381],[-111.754366061604,40.285013070268],[-111.75436612903,40.2850144427004],[-111.754366194095,40.2850158124361],[-111.754366254465,40.2850171848838],[-111.754366316011,40.2850185573291],[-111.754366374029,40.285019929782],[-111.754366430871,40.2850213022375],[-111.754366484175,40.2850226719988],[-111.754366538665,40.2850240444594],[-111.754366588451,40.2850254169303],[-111.754366639413,40.2850267893986],[-111.754366686847,40.2850281618745],[-111.754366730753,40.2850295343582],[-111.754366773482,40.2850309068444],[-111.754366817378,40.2850322766261],[-111.754366857756,40.2850336491175],[-111.754366894606,40.2850350216165],[-111.754366930279,40.2850363941181],[-111.754366967129,40.2850377666171],[-111.754366996922,40.2850391391315],[-111.754367030244,40.2850405116382],[-111.754367060037,40.2850418841526],[-111.754367085127,40.2850432566773],[-111.754367107864,40.285044629207],[-111.75436713413,40.2850460017291],[-111.754367153339,40.2850473742665],[-111.754367172548,40.285048746804],[-111.754367191757,40.2850501193414],[-111.754367207439,40.2850514918865],[-111.75436722312,40.2850528644317],[-111.754367235273,40.2850542369845],[-111.754367243898,40.285055609545],[-111.754367252523,40.2850569821054],[-111.75436725762,40.2850583546736],[-111.754367262717,40.2850597272418],[-111.754367264286,40.2850610998176],[-111.754367265855,40.2850624723935],[-111.754367263895,40.285063844977],[-111.754367261936,40.2850652175606],[-111.754367256449,40.2850665901518],[-111.754367250962,40.285067962743],[-111.754367241946,40.2850693353419],[-111.754367229403,40.2850707079485],[-111.754367220387,40.2850720805474],[-111.754367204316,40.2850734531616],[-111.75436718942,40.2850748257733],[-111.754367169811,40.2850761956934],[-111.754367150221,40.2850775710172],[-111.754367130611,40.2850789409373],[-111.754367103955,40.2850803135746],[-111.754367080828,40.2850816862042],[-111.754367055348,40.285083058839],[-111.754367025164,40.285084431484],[-111.754366991452,40.2850858041366],[-111.754366961268,40.2850871767816],[-111.754366925204,40.2850885494395],[-111.754366887954,40.2850899193979],[-111.754366850714,40.2850912920583],[-111.754366811122,40.2850926647238],[-111.754366766826,40.2850940373995],[-111.754366722529,40.2850954100752],[-111.754366679409,40.2850967827484],[-111.754366631575,40.2850981527299],[-111.754366580223,40.285099525421],[-111.754366530046,40.2851008981095],[-111.754366475166,40.2851022708083],[-111.754366420275,40.2851036408051],[-111.754366363043,40.285105013509],[-111.754366304634,40.2851063862155],[-111.754366243863,40.2851077562252],[-111.754366181927,40.2851091289393],[-111.754366117638,40.2851105016586],[-111.754366048635,40.2851118716862],[-111.754365980818,40.2851132444131],[-111.754365911815,40.2851146144408],[-111.754365840471,40.2851159871754],[-111.75436576794,40.2851173572106],[-111.754365689538,40.2851187299606],[-111.754365613479,40.2851201000036],[-111.75436553155,40.2851214727613],[-111.754365451963,40.2851228428119],[-111.754365370024,40.2851242128677],[-111.754365284567,40.285125585633],[-111.754365197923,40.2851269556991],[-111.754365108928,40.2851283257702],[-111.754365015238,40.2851296985535],[-111.754364922715,40.2851310686323],[-111.754364830192,40.2851324387111],[-111.754364732964,40.2851338088002],[-111.754364636912,40.2851351788867],[-111.754364537343,40.2851365516828],[-111.754364434238,40.2851379226853],[-111.754364329955,40.2851392927897],[-111.754364223319,40.2851406628992],[-111.754364116683,40.2851420330088],[-111.754364010047,40.2851434031183],[-111.754363895179,40.2851447732458],[-111.754363785005,40.2851461406611],[-111.754363667785,40.2851475107937],[-111.754363550565,40.2851488809263],[-111.754363433345,40.2851502510589],[-111.75436331142,40.2851516212018],[-111.754363190662,40.2851529886401],[-111.754363066386,40.2851543587881],[-111.754362938581,40.2851557289437],[-111.754362810767,40.2851570963974],[-111.754362682962,40.2851584665531],[-111.75436255162,40.2851598340145],[-111.754362416759,40.2851612041855],[-111.754362281889,40.2851625716547],[-111.7543621435,40.2851639418334],[-111.754362005101,40.2851653093101],[-111.754361863174,40.2851666767946],[-111.754361720071,40.2851680442816],[-111.754361575806,40.2851694153737],[-111.754361430351,40.2851707828659],[-111.754361281368,40.2851721503657],[-111.754361132385,40.2851735178655],[-111.754360979877,40.2851748862737],[-111.754360823838,40.2851762537889],[-111.754360667799,40.2851776213041],[-111.754360510583,40.2851789888218],[-111.754360351016,40.2851803563447],[-111.754360187921,40.2851817238752],[-111.754360024815,40.2851830887039],[-111.754359858192,40.2851844562422],[-111.754359692744,40.2851858237779],[-111.754359526111,40.2851871886142],[-111.754359352431,40.2851885561678],[-111.754359182269,40.2851899210118],[-111.754359005061,40.2851912885731],[-111.754358827843,40.2851926534324],[-111.754358651802,40.2851940182893],[-111.754358471066,40.2851953858583],[-111.75435829032,40.2851967507253],[-111.754358106049,40.2851981165007],[-111.754357919423,40.2851994813806],[-111.754357735149,40.2852008462553],[-111.754357543819,40.2852022111454],[-111.754357353664,40.2852035760329],[-111.754357158806,40.2852049409307],[-111.754356963948,40.2852063058285],[-111.754356770255,40.2852076680219],[-111.754356568341,40.285209032935],[-111.754356366426,40.2852103978481],[-111.754356165677,40.2852117600568],[-111.754355963763,40.28521312497],[-111.754355755958,40.2852144871941],[-111.754355550519,40.2852158530155],[-111.75435533801,40.2852172152498],[-111.754355126677,40.2852185774816],[-111.754354914168,40.2852199397158],[-111.754354699307,40.2852213019553],[-111.754354479742,40.2852226642049],[-111.754354261353,40.285224026452],[-111.754354041787,40.2852253887017],[-111.75435381987,40.2852267509564],[-111.754353593249,40.2852281132215],[-111.754353367807,40.2852294763846],[-111.754353137647,40.2852308359553],[-111.754352908674,40.2852321982255],[-111.754352676162,40.2852335578014],[-111.754352442485,40.2852349200818],[-111.754352206445,40.2852362796654],[-111.754351969229,40.2852376392515],[-111.754351729672,40.2852390015447],[-111.754351490104,40.285240361136],[-111.754351245835,40.2852417216382],[-111.754350999211,40.2852430812448],[-111.754350756115,40.2852444408437],[-111.754350504787,40.2852458004606],[-111.754350254625,40.2852471573731],[-111.754350004473,40.2852485169874],[-111.754349747265,40.2852498766171],[-111.754349492398,40.2852512335397],[-111.754349235193,40.28525259407],[-111.754348974447,40.2852539510055],[-111.7543487137,40.285255307941],[-111.754348449436,40.285256667586],[-111.754348183985,40.2852580245317],[-111.754347916183,40.2852593814825],[-111.75434764838,40.2852607384334],[-111.754347377052,40.2852620962925],[-111.754347105712,40.2852634505491],[-111.754346830853,40.2852648075153],[-111.754346554818,40.285266164484],[-111.754346276421,40.285267518756],[-111.754345994505,40.2852688757375],[-111.75434571258,40.2852702300171],[-111.754345430668,40.2852715878993],[-111.754345145215,40.2852729421867],[-111.754344856234,40.2852742964817],[-111.754344567252,40.2852756507766],[-111.754344278271,40.2852770050717],[-111.754343982233,40.2852783593821],[-111.754343689727,40.2852797145853],[-111.754343393679,40.2852810661938],[-111.754343094114,40.2852824205118],[-111.754342794538,40.285283772128],[-111.754342491444,40.2852851264537],[-111.754342188343,40.2852864789781],[-111.754341881721,40.2852878333116],[-111.754341575089,40.2852891849431],[-111.754341264929,40.2852905365822],[-111.754340952417,40.2852918882266],[-111.754340638729,40.2852932398734],[-111.754340325034,40.285294589719],[-111.754340007817,40.2852959413735],[-111.754339687073,40.2852972930357],[-111.754339369847,40.2852986419884],[-111.75433904674,40.2852999909538],[-111.754338722471,40.2853013435244],[-111.75433839466,40.2853026925],[-111.754338066849,40.2853040414757],[-111.754337739038,40.2853053904514],[-111.754337405347,40.2853067394399],[-111.754337074012,40.2853080893238],[-111.754336739135,40.285309435613],[-111.754336401916,40.2853107846091],[-111.754336063521,40.2853121336078],[-111.754335721591,40.2853134808129],[-111.754335376129,40.2853148271251],[-111.754335035372,40.2853161734271],[-111.754334689911,40.2853175197392],[-111.754334340925,40.2853188669597],[-111.754333988407,40.2853202132872],[-111.754333635889,40.2853215596148],[-111.754333284548,40.2853229059397],[-111.754332928495,40.2853242504737],[-111.754332570098,40.285325596814],[-111.754332210514,40.285326940455],[-111.75433185093,40.2853282840959],[-111.754331488997,40.2853296286427],[-111.754331122357,40.2853309722991],[-111.754330756893,40.2853323159528],[-111.754330390253,40.2853336596092],[-111.754330017736,40.285335004179],[-111.754329647557,40.2853363451411],[-111.754329275027,40.2853376861083],[-111.754328897802,40.2853390297877],[-111.754328521747,40.2853403716632],[-111.754328142161,40.2853417126458],[-111.754327761398,40.285343053631],[-111.754327378287,40.2853443955219],[-111.754326993996,40.2853457365147],[-111.754326607343,40.2853470748107],[-111.7543262207,40.2853484158087],[-111.754325829346,40.2853497550156],[-111.754325435647,40.2853510960289],[-111.754325041938,40.2853524343403],[-111.754324647056,40.2853537735549],[-111.754324249819,40.285355111874],[-111.754323849043,40.2853564474989],[-111.754323447105,40.2853577867288],[-111.75432304634,40.2853591250556],[-111.754322642036,40.2853604606881],[-111.754322237746,40.2853617999232],[-111.75432182521,40.2853631355736],[-111.754321417378,40.2853644712138],[-111.754321006022,40.2853658077624],[-111.754320591134,40.2853671434179],[-111.754320176236,40.2853684763716],[-111.754319756647,40.2853698129381],[-111.754319338231,40.2853711486013],[-111.75431891628,40.285372482471],[-111.754318494329,40.2853738163406],[-111.754318068847,40.2853751493173],[-111.754317643364,40.285376482294],[-111.754317217885,40.2853778161713],[-111.754316785337,40.2853791464615],[-111.754316351622,40.2853804794561],[-111.754315919077,40.2853818106469],[-111.75431548301,40.2853831436466],[-111.754315046936,40.2853844748451],[-111.754314607331,40.2853858051506],[-111.754314167727,40.2853871354561],[-111.754313724597,40.2853884666699],[-111.754313277926,40.2853897942889],[-111.754312831264,40.2853911246097],[-111.754312384596,40.2853924531293],[-111.754311934397,40.285393780756],[-111.75431171683,40.2853944143813],[-111.754311480673,40.2853951092909],[-111.75431126663,40.285395742008],[-111.754311026945,40.2853964369252],[-111.754310809375,40.28539706965],[-111.754310570866,40.2853977645647],[-111.75431035565,40.2853983981849],[-111.754310113614,40.2853990931073],[-111.754309894857,40.2853997231327],[-111.75430965282,40.285400418055],[-111.754309437604,40.2854010516753],[-111.754309195568,40.2854017465976],[-111.754308973282,40.2854023766307],[-111.754308731246,40.2854030715531],[-111.75430851014,40.2854037024843],[-111.754308266924,40.2854043965085],[-111.754308045818,40.2854050274397],[-111.754307799077,40.2854057223723],[-111.754307577968,40.2854063524028],[-111.754307331227,40.2854070473354],[-111.754307110121,40.2854076782666],[-111.754306864556,40.2854083731966],[-111.754306638743,40.2854090032374],[-111.754306393168,40.2854096954655],[-111.754306167358,40.2854103264069],[-111.754305918265,40.2854110213446],[-111.754305693628,40.2854116513828],[-111.754305443349,40.2854123436212],[-111.754305215187,40.2854129745677],[-111.754304964907,40.285413666806],[-111.75430474027,40.2854142968443],[-111.754304487639,40.2854149890877],[-111.754304258298,40.2854156191362],[-111.754304005666,40.2854163113797],[-111.754303777504,40.2854169423262],[-111.754303523687,40.2854176318703],[-111.754303295522,40.2854182619162],[-111.754303039362,40.2854189541673],[-111.754302810024,40.2854195851164],[-111.754302553865,40.2854202773676],[-111.754302320985,40.2854209047218],[-111.754302064826,40.2854215969729],[-111.754301833126,40.2854222252252],[-111.75430157579,40.2854229174789],[-111.754301344087,40.2854235448306],[-111.754301084399,40.2854242370894],[-111.754300851523,40.2854248653443],[-111.754300591836,40.2854255576031],[-111.754300356604,40.2854261849624],[-111.75430009573,40.2854268745219],[-111.754299860512,40.2854275054838],[-111.754299600814,40.2854281950407],[-111.754299364407,40.2854288224026],[-111.754299101181,40.2854295119672],[-111.754298862425,40.2854301402348],[-111.754298602737,40.2854308324936],[-111.754298362801,40.2854314598632],[-111.754298099576,40.2854321494278],[-111.754297860819,40.2854327776955],[-111.754297592889,40.2854334672703],[-111.75429735412,40.2854340919354],[-111.754297087366,40.2854347815077],[-111.754296847433,40.2854354097779],[-111.754296580679,40.2854360993502],[-111.754296338391,40.2854367267249],[-111.754296071628,40.2854374135952],[-111.754295828167,40.2854380418731],[-111.754295561413,40.2854387314454],[-111.754295319115,40.2854393561182],[-111.754295048833,40.2854400456981],[-111.754294801834,40.2854406712818],[-111.754294531552,40.2854413608617],[-111.754294289254,40.2854419855345],[-111.754294015444,40.2854426751221],[-111.754293768446,40.2854433007058],[-111.754293498164,40.2854439902857],[-111.754293252338,40.2854446149662],[-111.754292978517,40.2854453018519],[-111.754292731519,40.2854459274356],[-111.754292456532,40.2854466170257],[-111.754292207178,40.2854472417139],[-111.754291933358,40.2854479285996],[-111.754291682831,40.2854485541909],[-111.754291405483,40.2854492410843],[-111.754291156129,40.2854498657725],[-111.75429087878,40.2854505526659],[-111.754290628253,40.2854511782572],[-111.754290350895,40.2854518624487],[-111.754290098016,40.2854524880451],[-111.75428981714,40.2854531749462],[-111.754289567785,40.2854537996343],[-111.754289285733,40.2854544865379],[-111.754289032844,40.2854551094325],[-111.754288751967,40.2854557963336],[-111.754288499075,40.2854564183275],[-111.75428821467,40.2854571052362],[-111.754287960605,40.2854577281333],[-111.754287679729,40.2854584150344],[-111.754287423308,40.285459037036],[-111.754287138904,40.2854597239447],[-111.754286882487,40.2854603468469],[-111.754286598072,40.2854610310538],[-111.754286336947,40.2854616530656],[-111.754286052543,40.2854623399743],[-111.754285792597,40.2854629628842],[-111.754285508183,40.285463647091],[-111.754285248237,40.285464270001],[-111.754284960295,40.2854649542155],[-111.75428469917,40.2854655762273],[-111.754284411227,40.2854662604418],[-111.754284151282,40.2854668833517],[-111.754283863339,40.2854675675662],[-111.754283599862,40.2854681895831],[-111.754283311919,40.2854688737976],[-111.754283048436,40.2854694940133],[-111.754282756965,40.2854701782355],[-111.754282492316,40.2854708011556],[-111.754282200835,40.2854714826759],[-111.75428193383,40.2854721047005],[-111.754281642359,40.2854727889227],[-111.754281378875,40.2854734091384],[-111.754281083876,40.2854740933683],[-111.754280816861,40.2854747126909],[-111.75428052538,40.2854753942112],[-111.754280253675,40.2854760171467],[-111.754279958665,40.2854766986747],[-111.754279691654,40.285477318898],[-111.754279396655,40.2854780031279],[-111.754279126112,40.2854786224582],[-111.754278831102,40.2854793039862],[-111.754278560563,40.2854799242172],[-111.754278262025,40.2854806057529],[-111.754277991486,40.2854812259839],[-111.754277692948,40.2854819075195],[-111.754277418877,40.2854825268576],[-111.75427712034,40.2854832083932],[-111.754276845086,40.2854838259325],[-111.754276546549,40.2854845074682],[-111.754276272477,40.2854851268062],[-111.754275970415,40.2854858092501],[-111.754275696334,40.2854864258863],[-111.754275394269,40.2854871074296],[-111.754275120191,40.2854877249664],[-111.754274814597,40.2854884065174],[-111.754274536988,40.2854890231612],[-111.754274234926,40.2854897056051],[-111.754273957316,40.2854903222489],[-111.754273651723,40.2854910037999],[-111.754273374117,40.2854916213444],[-111.754273068513,40.2854923001935],[-111.754272790914,40.2854929195392],[-111.754272481785,40.2854935992966],[-111.754272204176,40.2854942159404],[-111.754271895044,40.2854948947972],[-111.75427161391,40.2854955123493],[-111.754271304778,40.2854961912061],[-111.754271023641,40.2854968078575],[-111.754270714512,40.2854974876149],[-111.754270433375,40.2854981042664],[-111.754270120715,40.2854987831309],[-111.75426983957,40.2854993979811],[-111.754269526911,40.2855000768455],[-111.754268929578,40.2855013705678],[-111.754268898073,40.2855014372839],[-111.754268300741,40.2855027310062],[-111.754267929747,40.2855035360876],[-111.754267699877,40.2855040238356],[-111.754267328883,40.285504828917],[-111.754267099016,40.2855053175656],[-111.754266724485,40.2855061199527],[-111.754266494618,40.2855066086014],[-111.754266120096,40.2855074136904],[-111.754265886701,40.2855079023467],[-111.754265512169,40.2855087047339],[-111.754265278771,40.2855091924895],[-111.754264904239,40.2855099948767],[-111.75426467202,40.2855104835304],[-111.754264289256,40.2855112859354],[-111.754264057027,40.2855117718873],[-111.754263674263,40.2855125742924],[-111.754263442044,40.2855130629461],[-111.754263062808,40.2855138653435],[-111.754262827048,40.2855143504023],[-111.75426244546,40.2855151528048],[-111.754262208526,40.2855156387669],[-111.75426182341,40.285516441177],[-111.754261586477,40.2855169271391],[-111.754261201351,40.2855177268474],[-111.754260965604,40.2855182155088],[-111.754260579301,40.2855190152196],[-111.754260340013,40.2855195002862],[-111.754259953711,40.285520299997],[-111.754259714425,40.2855207859641],[-111.754259322243,40.2855215856878],[-111.754258693127,40.2855228713735],[-111.754258060483,40.2855241570668],[-111.754257424301,40.2855254400659],[-111.75425679282,40.2855267221542],[-111.75425615311,40.2855280051609],[-111.7542555134,40.2855292881677],[-111.754254871328,40.2855305684777],[-111.754254228089,40.2855318514922],[-111.75425358131,40.2855331309118],[-111.754252935709,40.2855344112295],[-111.754252285394,40.2855356888555],[-111.754251632738,40.2855369691885],[-111.754250978895,40.2855382468221],[-111.754250325052,40.2855395244558],[-111.754249665326,40.2855408012016],[-111.754249004417,40.2855420761487],[-111.754248344683,40.2855433510933],[-111.754247680256,40.28554462875],[-111.754247016985,40.2855459010003],[-111.754246349019,40.2855471759627],[-111.754245678692,40.2855484482284],[-111.754245007195,40.2855497222979],[-111.754244333329,40.2855509918694],[-111.754243658297,40.2855522641453],[-111.754242980914,40.2855535364263],[-111.754242302344,40.2855548060079],[-111.754241621422,40.2855560755947],[-111.754240936971,40.2855573451891],[-111.754240251335,40.2855586120842],[-111.754239563347,40.2855598789845],[-111.754238875368,40.2855611485866],[-111.754238182666,40.2855624127951],[-111.754237491149,40.285563679703],[-111.754236794918,40.2855649439192],[-111.754236098691,40.2855662090361],[-111.75423539658,40.285567473265],[-111.754234697997,40.2855687374864],[-111.754233994697,40.2855699981154],[-111.754233289048,40.2855712596501],[-111.754232583398,40.2855725211849],[-111.754231874221,40.2855737827274],[-111.754231160329,40.2855750415781],[-111.754230447614,40.2855763004263],[-111.754229734898,40.2855775592745],[-111.754229018655,40.2855788181303],[-111.754228298886,40.2855800778946],[-111.754227579104,40.2855813340562],[-111.754226855794,40.2855825902255],[-111.754226131308,40.2855838463973],[-111.75422540446,40.2855850998724],[-111.754224677612,40.2855863533475],[-111.754223943707,40.2855876068379],[-111.754223213331,40.2855888603206],[-111.754222479416,40.2855901111091],[-111.754221741984,40.2855913646072],[-111.754221004531,40.2855926127015],[-111.75422026356,40.2855938635053],[-111.754219522589,40.2855951143092],[-111.75421877808,40.2855963624188],[-111.754218033571,40.2855976105284],[-111.754217285537,40.2855988595463],[-111.754216533962,40.2856001049694],[-111.754215782386,40.2856013503924],[-111.754215027283,40.2856025958231],[-111.754214272179,40.2856038412538],[-111.754213513537,40.2856050839903],[-111.754212754896,40.2856063267268],[-111.754211993905,40.285607570369],[-111.754211231735,40.2856088131131],[-111.754210466027,40.285610053163],[-111.754209696791,40.2856112932206],[-111.754208931083,40.2856125332705],[-111.754208158308,40.2856137706339],[-111.754207386723,40.2856150115972],[-111.754206610421,40.2856162489682],[-111.754205834108,40.2856174836373],[-111.754205054277,40.285618721016],[-111.754204275612,40.2856199556902],[-111.754203492247,40.2856211912753],[-111.75420270535,40.2856224259674],[-111.754201918443,40.2856236579576],[-111.754201132711,40.2856248899453],[-111.754200342279,40.2856261228438],[-111.754199548316,40.2856273548493],[-111.754198755519,40.2856285841504],[-111.754197958027,40.2856298161636],[-111.754197160519,40.2856310436736],[-111.754196360665,40.2856322729901],[-111.754195559625,40.2856334996072],[-111.754194756233,40.2856347262293],[-111.75419394814,40.2856359537623],[-111.754193144738,40.2856371776826],[-111.754192333104,40.2856384016208],[-111.754191521473,40.2856396264596],[-111.754190707486,40.2856408504029],[-111.754189892314,40.2856420716468],[-111.754189074792,40.2856432937965],[-111.754188256092,40.285644515048],[-111.754187435029,40.2856457336029],[-111.754186612803,40.2856469557627],[-111.754185788212,40.2856481743252],[-111.754184963614,40.2856493910864],[-111.754184134309,40.2856506069572],[-111.754183302662,40.285651825535],[-111.754182469822,40.2856530396122],[-111.754181638164,40.285654255488],[-111.754180802969,40.2856554686697],[-111.754179963072,40.2856566827622],[-111.754179124348,40.2856578959516],[-111.75417828209,40.2856591073472],[-111.754177438652,40.2856603178449],[-111.754176592865,40.2856615292483],[-111.754175747065,40.2856627370491],[-111.754174896571,40.2856639475621],[-111.754174047235,40.2856651535693],[-111.754173194379,40.2856663613855],[-111.754172337988,40.285667567408],[-111.754171480417,40.2856687725325],[-111.754170620497,40.2856699785628],[-111.754169764103,40.2856711836847],[-111.754168899469,40.2856723870233],[-111.754168034832,40.2856735894612],[-111.754167167836,40.2856747901029],[-111.754166300837,40.285675989844],[-111.754165430313,40.2856771904934],[-111.754164559785,40.2856783902422],[-111.754163685723,40.2856795881974],[-111.754162811667,40.2856807879538],[-111.754161934067,40.2856819832148],[-111.7541610553,40.2856831811802],[-111.754160174169,40.2856843755481],[-111.754159289512,40.2856855708244],[-111.754158404842,40.2856867624981],[-111.754157520185,40.2856879577744],[-111.75415663198,40.2856891476545],[-111.754155740253,40.2856903393435],[-111.75415484852,40.2856915292313],[-111.754153953265,40.2856927209281],[-111.754153057994,40.2856939081216],[-111.754152162733,40.2856950980171],[-111.754151260402,40.2856962843253],[-111.754150361602,40.2856974715264],[-111.754149455736,40.2856986560411],[-111.754148554571,40.2856998396448],[-111.754147645177,40.2857010241671],[-111.754146739311,40.2857022086817],[-111.754145826375,40.2857033896092],[-111.754144913443,40.2857045714372],[-111.754144000511,40.2857057532652],[-111.754143084037,40.2857069314984],[-111.754142164038,40.2857081106399],[-111.754141248743,40.2857092897711],[-111.754140325207,40.2857104662183],[-111.754139401666,40.2857116417649],[-111.754138474601,40.2857128182198],[-111.754137548702,40.2857139919702],[-111.754136621627,40.2857151657232],[-111.754135691021,40.2857163385832],[-111.754134756889,40.2857175123515],[-111.754133823924,40.2857186834153],[-111.754132886254,40.2857198544894],[-111.754131948571,40.2857210219609],[-111.754131008549,40.28572219304],[-111.754130067341,40.2857233614199],[-111.754129122595,40.2857245271054],[-111.754128179025,40.2857256927884],[-111.754127230751,40.2857268584817],[-111.754126282474,40.2857280232743],[-111.754125331837,40.2857291862707],[-111.754124380025,40.2857303492697],[-111.75412342586,40.2857315122737],[-111.75412247051,40.2857326725785],[-111.754121511631,40.2857338328909],[-111.754120553928,40.2857349932007],[-111.754119591508,40.2857361499183],[-111.754118626738,40.2857373075415],[-111.754117660793,40.2857384651673],[-111.75411670309,40.2857396254771],[-111.754647398257,40.2861498920383],[-111.754879015968,40.2863880669209],[-111.755091201133,40.2866566363142],[-111.755140913973,40.2869712751218],[-111.747067336102,40.2874744414108],[-111.747085172993,40.2898976422605],[-111.74549063269,40.2899042026478],[-111.745486341346,40.2898613024296],[-111.745565967893,40.2898431987851],[-111.745761462473,40.2897219675245],[-111.745873488235,40.2895494922662],[-111.745877486071,40.2893208678154],[-111.745714449692,40.2890712181376],[-111.746132681741,40.2887215705336],[-111.74606159032,40.2882282661175],[-111.746260101215,40.2881666896893],[-111.746260017108,40.2881665214466],[-111.746260958106,40.2881662294561],[-111.74612077139,40.2878839891991],[-111.746221989095,40.2877476465977],[-111.746142383765,40.2874462669605],[-111.746099435984,40.2871487755343],[-111.746153965009,40.2868049423924],[-111.746368574162,40.2865337110157],[-111.746698646591,40.286352196019],[-111.747006553911,40.286232154343],[-111.747238238836,40.2861039512908],[-111.747239250204,40.2861029629468],[-111.747239379318,40.2861028933241],[-111.747415456322,40.2859311210669],[-111.747731705606,40.2861241896352],[-111.747732648952,40.2861229303379],[-111.747732986056,40.2861231385719],[-111.747733328948,40.2861220201478],[-111.747767172328,40.2860768424015],[-111.747797396838,40.2860274077823],[-111.747822173389,40.2859762257603],[-111.747841332739,40.2859236488488],[-111.747854739774,40.2858700348924],[-111.747862304134,40.2858157596526],[-111.747863973061,40.2857611898038],[-111.747859927495,40.2857091989116],[-111.747861056148,40.2857055263995],[-111.747856157719,40.2856251941056],[-111.747852078844,40.2855181659346],[-111.74680681507,40.2857060639205],[-111.746754742042,40.2854902683963],[-111.746442958942,40.2847679162496],[-111.74633067043,40.2844628335355],[-111.747025562202,40.2843314986112],[-111.747203335957,40.2841532761822],[-111.747901080656,40.283905929911],[-111.748111535721,40.2837545857282],[-111.748154725895,40.2837104048025],[-111.748334200799,40.2835267992555],[-111.748334377762,40.2835263053269],[-111.748335660742,40.2835249948655],[-111.748398487774,40.2833482118721],[-111.748394986223,40.2832228678416],[-111.748226169992,40.2830444959747],[-111.74789554489,40.2829384359971],[-111.748082915899,40.2825958874566],[-111.748480511743,40.2822575541215],[-111.748763917262,40.2820880252647]],[[-111.748690295016,40.2838603196234],[-111.748690021853,40.2838605534715],[-111.748437392195,40.2840806417035],[-111.74843707098,40.284080921586],[-111.74843701119,40.2840809730498],[-111.748658534906,40.284304307718],[-111.7485101992,40.2845139453831],[-111.74851014654,40.2845140175465],[-111.748943000956,40.2846217843704],[-111.749168862908,40.2847481213055],[-111.749168932165,40.2847480860327],[-111.749940028932,40.2851794006744],[-111.750038928484,40.2853574072023],[-111.749918562949,40.2855688492373],[-111.749806859283,40.2855732149503],[-111.749554838847,40.2854903028972],[-111.749504840414,40.2854386146786],[-111.749503782488,40.2854397238281],[-111.749503399361,40.2854401191278],[-111.74950270806,40.2854408231056],[-111.749502321393,40.2854412148104],[-111.749502115175,40.2854414251006],[-111.749501626554,40.2854419160939],[-111.749501229286,40.2854423033181],[-111.749500525009,40.2854429965159],[-111.749500126574,40.2854433864445],[-111.749499903899,40.2854435985711],[-111.749499411693,40.2854440742611],[-111.749499007356,40.2854444578978],[-111.749498281871,40.2854451403332],[-111.749497873999,40.2854455221762],[-111.749497716948,40.285445670217],[-111.749497144966,40.2854461992153],[-111.749496728842,40.2854465756721],[-111.74949657528,40.2854467128977],[-111.749495985677,40.2854472473375],[-111.749495567191,40.2854476210974],[-111.749494813422,40.2854482873816],[-111.749494394926,40.2854486584395],[-111.749494195634,40.2854488326892],[-111.74949363761,40.2854493193275],[-111.749493204992,40.2854496877137],[-111.749493058447,40.2854498141167],[-111.749492440599,40.2854503432129],[-111.749492004433,40.2854507062028],[-111.749491864915,40.285450824485],[-111.749491229427,40.2854513536189],[-111.749490789733,40.2854517166163],[-111.749490695932,40.2854517942719],[-111.74949000765,40.2854523586437],[-111.749489564408,40.2854527162449],[-111.749489456525,40.2854528020363],[-111.749488772901,40.2854533537891],[-111.749488322593,40.2854537087034],[-111.749488220561,40.2854537863766],[-111.749487522821,40.2854543372589],[-111.749487068975,40.2854546894788],[-111.749487023238,40.2854547247016],[-111.749486263307,40.2854553135437],[-111.749485805913,40.2854556603674],[-111.749485682761,40.2854557515953],[-111.749484988461,40.2854562781529],[-111.749484520483,40.2854566249992],[-111.749483700653,40.2854572355846],[-111.749483234997,40.2854575743201],[-111.749482399859,40.2854581795344],[-111.749481929499,40.28545851828],[-111.7494810908,40.2854591144954],[-111.749480612192,40.2854594487554],[-111.749479767592,40.2854600395796],[-111.749479285443,40.2854603702446],[-111.749478430243,40.2854609565882],[-111.749477944549,40.2854612827575],[-111.749477921094,40.2854613008205],[-111.749477082263,40.2854618610105],[-111.749476596556,40.2854621835773],[-111.749475723666,40.285462756449],[-111.749475232062,40.2854630745251],[-111.749474354449,40.2854636420031],[-111.749473859304,40.2854639564843],[-111.749472972252,40.2854645158766],[-111.749472472387,40.2854648258646],[-111.749471578259,40.2854653798682],[-111.749471072501,40.2854656862662],[-111.749470174816,40.2854662321716],[-111.749469664336,40.2854665340765],[-111.749468759565,40.2854670718912],[-111.749468245548,40.2854673711018],[-111.749467331349,40.2854679035327],[-111.749466813791,40.2854681991483],[-111.749465894862,40.2854687243842],[-111.749465374931,40.2854690146009],[-111.749464445388,40.2854695317537],[-111.749463920744,40.2854698192786],[-111.749462988829,40.2854703310326],[-111.749462457109,40.2854706131687],[-111.749461518109,40.2854711168321],[-111.749460985193,40.2854713935669],[-111.74946003794,40.2854718918441],[-111.749459500314,40.2854721667876],[-111.749458549494,40.2854726542646],[-111.749458008326,40.2854729256131],[-111.749457048078,40.2854734077064],[-111.749456505718,40.2854736745543],[-111.749455541912,40.2854741485494],[-111.749454992473,40.285474409108],[-111.749454021591,40.2854748777143],[-111.749453473311,40.2854751337671],[-111.749452494168,40.2854755942853],[-111.74945194235,40.2854758476438],[-111.749450956121,40.2854763000713],[-111.749450400765,40.2854765507353],[-111.749449412155,40.2854769950622],[-111.749448849723,40.2854772403375],[-111.749447856379,40.2854776765686],[-111.749447293937,40.285477919142],[-111.749446291155,40.2854783472875],[-111.74944572399,40.2854785844672],[-111.74944471765,40.2854790045144],[-111.749444148113,40.2854792362953],[-111.749443138229,40.285479651847],[-111.749442565144,40.2854798782315],[-111.749441546995,40.2854802847943],[-111.749440970372,40.2854805084845],[-111.749439949834,40.2854809051454],[-111.749438340871,40.2854815138133],[-111.749436729519,40.2854821125792],[-111.749435107534,40.2854826978582],[-111.749433478444,40.2854832696426],[-111.749431842248,40.2854838279326],[-111.74943019896,40.2854843763307],[-111.749428548563,40.2854849103336],[-111.749426891071,40.285485433544],[-111.749425226466,40.2854859414585],[-111.749423554766,40.2854864385806],[-111.749421875964,40.2854869231087],[-111.749420191226,40.2854873923387],[-111.749418501747,40.2854878516716],[-111.749416808685,40.2854882957012],[-111.749415104996,40.2854887280452],[-111.749413397719,40.2854891441852],[-111.749411684527,40.2854895504308],[-111.749409970106,40.2854899422687],[-111.74940824624,40.2854903242196],[-111.749406517611,40.2854906899692],[-111.749404786581,40.2854910422143],[-111.749403050798,40.2854913809598],[-111.749401309095,40.2854917089102],[-111.749399563805,40.2854920206567],[-111.749397813765,40.2854923198043],[-111.74939606132,40.2854926045468],[-111.749394305311,40.2854928793898],[-111.749392544539,40.2854931380313],[-111.749390781366,40.2854933831683],[-111.749389013449,40.2854936175078],[-111.74938724664,40.2854938329313],[-111.749385472744,40.2854940402642],[-111.74938369879,40.2854942313856],[-111.749381921262,40.2854944099056],[-111.749380140143,40.285494571321],[-111.749378358988,40.2854947228294],[-111.749376577784,40.2854948608283],[-111.749374792993,40.2854949826233],[-111.749373004634,40.2854950936181],[-111.749371216216,40.2854951884015],[-111.749369426577,40.2854952705784],[-111.749367638061,40.2854953383427],[-111.749365845971,40.2854953935056],[-111.749364053831,40.2854954351588],[-111.749362261643,40.2854954633026],[-111.749360469405,40.2854954779368],[-111.749358677109,40.2854954763595],[-111.749356884773,40.2854954639746],[-111.74935509473,40.2854954353732],[-111.749353302289,40.2854953941679],[-111.749351509795,40.2854953385524],[-111.749349720784,40.2854952703204],[-111.749347931724,40.2854951885789],[-111.749346142615,40.2854950933278],[-111.749344355798,40.2854949818603],[-111.749342570118,40.2854948595825],[-111.749340787908,40.2854947210859],[-111.749339005648,40.2854945690796],[-111.74933722687,40.2854944044569],[-111.749335451569,40.2854942254164],[-111.749333676231,40.285494036469],[-111.749331904362,40.2854938313025],[-111.749330135972,40.285493612619],[-111.749328366347,40.2854933777265],[-111.749326604915,40.2854931320088],[-111.749324846962,40.285492872774],[-111.749323088963,40.2854926009302],[-111.749321335615,40.2854923146663],[-111.749319584574,40.2854920157883],[-111.749317840531,40.2854917006839],[-111.749316098799,40.2854913747668],[-111.749314361723,40.2854910353302],[-111.749312631654,40.2854906823689],[-111.749310903888,40.285490315893],[-111.749309180777,40.2854899358975],[-111.7493074635,40.2854895432806],[-111.749305750875,40.2854891362434],[-111.749304044084,40.2854887165847],[-111.749302344313,40.285488287004],[-111.749300649194,40.285487843003],[-111.749298959907,40.2854873854799],[-111.749297274098,40.2854869144398],[-111.749295598824,40.2854864298675],[-111.749293927032,40.2854859326787],[-111.749292262254,40.2854854237667],[-111.749290604487,40.2854849022306],[-111.749288953723,40.2854843662693],[-111.749287309969,40.285483817684],[-111.749285673233,40.2854832582759],[-111.749284043503,40.2854826853433],[-111.749282424319,40.2854821015805],[-111.749280807441,40.2854815052037],[-111.749279205798,40.2854808943841],[-111.749277607645,40.2854802727493],[-111.749276015326,40.285479638493],[-111.749274434728,40.285478993404],[-111.749272863485,40.2854783338848],[-111.749271299254,40.2854776617416],[-111.749269742048,40.2854769814775],[-111.749268196545,40.2854762849769],[-111.749266660423,40.2854755812511],[-111.749265131305,40.2854748631001],[-111.749263612732,40.2854741341188],[-111.749262104698,40.2854733925061],[-111.749260607205,40.2854726391625],[-111.749259116733,40.2854718758968],[-111.749257636796,40.285471099099],[-111.749256170941,40.2854703141653],[-111.749254712094,40.285469515707],[-111.749253262616,40.285468706421],[-111.749251824859,40.2854678863022],[-111.749250401174,40.2854670553457],[-111.749248983335,40.2854662144697],[-111.749247579564,40.2854653618552],[-111.749246187519,40.2854644993086],[-111.749244803663,40.2854636250363],[-111.749243431521,40.2854627381298],[-111.749242073462,40.2854618430876],[-111.749240725959,40.285460939917],[-111.749239392518,40.2854600232068],[-111.749238069632,40.2854590983682],[-111.749236757292,40.2854581626994],[-111.749235457852,40.285457217096],[-111.74923417366,40.2854562606523],[-111.749232898845,40.2854552951823],[-111.749231639282,40.2854543197725],[-111.749230389088,40.2854533335351],[-111.749229152983,40.2854523409631],[-111.749227932121,40.2854513357495],[-111.749226724166,40.2854503224026],[-111.749225526765,40.2854493009274],[-111.74922434579,40.2854482686094],[-111.749223176546,40.2854472281606],[-111.749222021385,40.285446179576],[-111.7492208803,40.2854451210542],[-111.749219752119,40.2854440534985],[-111.74921863802,40.2854429778069],[-111.749217538008,40.2854418948802],[-111.749216452076,40.2854408029169],[-111.74921538022,40.2854397010165],[-111.749214325985,40.2854385936747],[-111.749213282295,40.2854374755026],[-111.749212256222,40.2854363509885],[-111.749211244236,40.2854352192391],[-111.749210246333,40.285434079354],[-111.749209261336,40.2854329313354],[-111.74920829513,40.2854317760717],[-111.749207341828,40.285430611774],[-111.749206406147,40.2854294420348],[-111.74920548103,40.2854282668692],[-111.749204577045,40.2854270817515],[-111.749203683623,40.2854258903067],[-111.749202811352,40.2854246943135],[-111.749201949633,40.2854234892915],[-111.749201104362,40.2854222797311],[-111.749200277875,40.2854210611242],[-111.749199464308,40.2854198379865],[-111.749198669538,40.2854186094049],[-111.749197891202,40.2854173726823],[-111.749197126957,40.2854161296253],[-111.749196376807,40.2854148820349],[-111.749195647806,40.2854136289956],[-111.749194931722,40.2854123705248],[-111.749194234435,40.2854111066101],[-111.749193551244,40.2854098381621],[-111.749192884495,40.2854085633745],[-111.749192235366,40.2854072831454],[-111.749191605044,40.2854060001743],[-111.749190991158,40.2854047090623],[-111.749190391377,40.285403416119],[-111.749189809213,40.2854021168336],[-111.749189247033,40.2854008148036],[-111.749188698948,40.2853995082403],[-111.749188168491,40.2853981980369],[-111.749187653306,40.2853968832976],[-111.74918715809,40.2853955622112],[-111.749186680509,40.2853942392859],[-111.74918621703,40.2853929136286],[-111.749185774706,40.2853915843237],[-111.749185350007,40.2853902504778],[-111.74918493942,40.2853889166019],[-111.749184548803,40.2853875763789],[-111.749184173467,40.2853862343219],[-111.749183818105,40.2853848868185],[-111.749183476865,40.2853835419869],[-111.749183157946,40.2853821908032],[-111.749182851958,40.2853808377906],[-111.749182565952,40.2853794820335],[-111.749182298762,40.2853781262362],[-111.749182049194,40.2853767649974],[-111.7491818161,40.2853754064255],[-111.749181601802,40.2853740424095],[-111.749181403969,40.2853726783585],[-111.749181223773,40.2853713133692],[-111.749181061212,40.2853699465409],[-111.749180919809,40.2853685769656],[-111.749180792518,40.2853672073602],[-111.749180686396,40.2853658377096],[-111.749180593211,40.2853644680315],[-111.74918052236,40.2853630956037],[-111.749180452029,40.2853612197157],[-111.749002333642,40.2855007028971],[-111.748628958473,40.2853552159976],[-111.74833820227,40.2853506892176],[-111.747976472151,40.2854069481683],[-111.747976700528,40.2854083094545],[-111.74797693008,40.2854096707383],[-111.747977154928,40.2854110320321],[-111.747977380952,40.2854123933233],[-111.74797760581,40.2854137573189],[-111.747977828306,40.2854151186177],[-111.747978050802,40.2854164799164],[-111.747978268593,40.2854178412251],[-111.747978487571,40.2854192052333],[-111.747978705366,40.2854205674426],[-111.747978917288,40.2854219314657],[-111.747979131552,40.285423292782],[-111.747979343473,40.2854246568051],[-111.747979555385,40.2854260181263],[-111.747979762602,40.2854273821594],[-111.747979970996,40.2854287461899],[-111.747980175861,40.285430110228],[-111.747980379551,40.2854314742686],[-111.747980580878,40.2854328356123],[-111.747980782215,40.2854341996578],[-111.747980982377,40.2854355637059],[-111.747981180186,40.285436927759],[-111.74798137447,40.2854382927202],[-111.747981572289,40.2854396594751],[-111.747981761866,40.2854410235457],[-111.747981956147,40.2854423876062],[-111.7479821469,40.2854437516743],[-111.747982334135,40.2854451184517],[-111.747982520184,40.2854464825297],[-111.747982703881,40.2854478466127],[-111.747982887587,40.2854492133977],[-111.747983071284,40.2854505774807],[-111.747983251463,40.2854519442731],[-111.747983430456,40.2854533083661],[-111.747983607106,40.285454675166],[-111.747983783757,40.2854560419659],[-111.747983956869,40.2854574060714],[-111.747984129992,40.2854587728788],[-111.747984303117,40.2854601405868],[-111.747984472711,40.2854615074017],[-111.747984638778,40.2854628742241],[-111.747984804844,40.2854642410465],[-111.747984969734,40.2854656078713],[-111.747985132262,40.2854669719992],[-111.747985294801,40.2854683388291],[-111.74798545382,40.2854697083684],[-111.74798561283,40.2854710752057],[-111.74798577184,40.2854724420431],[-111.747985927322,40.2854738088879],[-111.747986079276,40.2854751757402],[-111.74798623124,40.2854765452945],[-111.747986383194,40.2854779121468],[-111.74798653162,40.2854792790066],[-111.747986680055,40.2854806485683],[-111.747986824953,40.2854820154356],[-111.74798696985,40.285483382303],[-111.747987112406,40.2854847518771],[-111.747987253775,40.2854861187519],[-111.747987395155,40.2854874883286],[-111.747987533006,40.2854888579128],[-111.747987670851,40.2854902256958],[-111.747987805174,40.2854915952875],[-111.747987939487,40.2854929621772],[-111.747988070282,40.2854943317764],[-111.747988202254,40.2854957013731],[-111.747988329524,40.2854970718803],[-111.747988456791,40.285498441487],[-111.74798858052,40.2854998083992],[-111.747988707787,40.2855011780059],[-111.747988827998,40.2855025476275],[-111.747988949385,40.2855039172467],[-111.747989069595,40.2855052868683],[-111.747989186278,40.2855066564974],[-111.747989302961,40.2855080261265],[-111.747989417292,40.2855093957607],[-111.747989530446,40.2855107653973],[-111.747989643601,40.2855121350339],[-111.747989754403,40.2855135046755],[-111.747989860512,40.285514877029],[-111.747989965434,40.2855162466831],[-111.747990072708,40.2855176163322],[-111.747990175279,40.2855189859913],[-111.747990277849,40.2855203556504],[-111.747990378077,40.2855217280164],[-111.747990477119,40.285523097683],[-111.747990572633,40.285524467357],[-111.747990669333,40.2855258397305],[-111.747990764848,40.2855272094046],[-111.74799085801,40.2855285790836],[-111.747990950005,40.2855299514671],[-111.747991038463,40.2855313211561],[-111.747991124579,40.2855326935521],[-111.747991213037,40.2855340632411],[-111.747991299153,40.2855354356371],[-111.747991380554,40.2855368053411],[-111.747991463142,40.2855381777445],[-111.747991541016,40.285539547456],[-111.747991620075,40.285540919867],[-111.747991697949,40.2855422895785],[-111.74799177348,40.2855436619969],[-111.747991847826,40.2855450317159],[-111.747991919829,40.2855464041418],[-111.747991990656,40.2855477765702],[-111.747992059131,40.2855491490036],[-111.747992127597,40.2855505187351],[-111.747992191368,40.2855518911785],[-111.747992256315,40.2855532636193],[-111.747992320076,40.2855546333608],[-111.747992381495,40.2855560058092],[-111.747992442914,40.2855573782576],[-111.747992499629,40.2855587507159],[-111.747992557513,40.2855601213705],[-111.747992611876,40.2855614938339],[-111.747992665063,40.2855628662997],[-111.747992715897,40.2855642387705],[-111.747992766732,40.2855656112414],[-111.747992816391,40.2855669837148],[-111.747992863687,40.2855683534912],[-111.747992907466,40.285569725977],[-111.747992951244,40.2855710984628],[-111.747992993847,40.2855724709511],[-111.747993034097,40.2855738434444],[-111.747993074347,40.2855752159377],[-111.747993114598,40.2855765884311],[-111.747993146616,40.2855779609419],[-111.747993183338,40.2855793334427],[-111.747993216522,40.285580703249],[-111.747993246198,40.2855820784667],[-111.747993275854,40.2855834482806],[-111.74799330552,40.2855848207963],[-111.747993330482,40.2855861933221],[-111.74799335662,40.2855875658454],[-111.74799337923,40.2855889383762],[-111.74799340184,40.2855903109069],[-111.74799342445,40.2855916834377],[-111.747993443531,40.285593055976],[-111.747993459085,40.2855944285217],[-111.747993474638,40.2855958010675],[-111.747993490192,40.2855971736132],[-111.747993502218,40.2855985461664],[-111.747993513067,40.2855999187221],[-111.747993521564,40.2856012912829],[-111.747993530062,40.2856026638436],[-111.747993535031,40.2856040364118],[-111.74799354,40.28560540898],[-111.74799354497,40.2856067815483],[-111.747993546411,40.2856081541239],[-111.7479935455,40.2856095267046],[-111.747993543413,40.2856108992878],[-111.747993541326,40.285612271871],[-111.747993535711,40.2856136444617],[-111.747993530096,40.2856150170524],[-111.747993520953,40.2856163896506],[-111.747993511809,40.2856177622487],[-111.747993502666,40.2856191348469],[-111.747993487243,40.2856207218112],[-111.747993474572,40.2856220944169],[-111.747993465428,40.2856234670151],[-111.747993463341,40.2856248395983],[-111.747993461254,40.2856262121815],[-111.747993466224,40.2856275847496],[-111.747993474721,40.2856289573103],[-111.747993486747,40.2856303298636],[-111.7479935023,40.2856317024093],[-111.747993521382,40.2856330749475],[-111.747993543992,40.2856344474783],[-111.747993573658,40.285635819994],[-111.747993603314,40.2856371898079],[-111.747993640036,40.2856385623087],[-111.747993675583,40.285639934812],[-111.747993719361,40.2856413072977],[-111.747993766668,40.285642679776],[-111.747993817502,40.2856440522468],[-111.747993870689,40.2856454247126],[-111.74799392857,40.2856467944666],[-111.747993992342,40.2856481669099],[-111.747994057289,40.2856495393507],[-111.747994129292,40.2856509117766],[-111.747994203638,40.2856522814956],[-111.747994282698,40.2856536539064],[-111.747994360571,40.2856550236179],[-111.747994446687,40.2856563960138],[-111.747994538674,40.2856577656953],[-111.74799463067,40.2856591380787],[-111.74799472736,40.2856605077502],[-111.747994829931,40.2856618774092],[-111.747994933677,40.2856632470657],[-111.747995043304,40.2856646167098],[-111.747995156469,40.2856659890482],[-111.747995273152,40.2856673586773],[-111.747995394539,40.2856687282964],[-111.747995518269,40.2856700952085],[-111.747995649065,40.2856714648076],[-111.74799577986,40.2856728344067],[-111.747995914184,40.2856742039983],[-111.747996055554,40.285675570873],[-111.747996200452,40.2856769377402],[-111.74799634536,40.2856783073093],[-111.747996497315,40.2856796741615],[-111.747996652801,40.2856810419069],[-111.74799681534,40.2856824087367],[-111.747996977878,40.2856837755664],[-111.747997143945,40.2856851423886],[-111.747997317069,40.2856865091959],[-111.747997659428,40.2856891437481],[-111.74799783608,40.2856905105479],[-111.747998012731,40.2856918773477],[-111.747998184678,40.2856932441574],[-111.747998354264,40.2856946082703],[-111.747998520331,40.2856959750926],[-111.74799868287,40.2856973419223],[-111.747998845409,40.285698708752],[-111.747999000891,40.2857000755967],[-111.747999152856,40.2857014451508],[-111.74799930481,40.2857028120031],[-111.747999453247,40.2857041815647],[-111.747999594617,40.2857055484394],[-111.747999735987,40.2857069153141],[-111.747999875015,40.2857082848957],[-111.748000009339,40.2857096544872],[-111.748000140125,40.2857110213844],[-111.748000267393,40.2857123909909],[-111.748000391132,40.285713760605],[-111.748000514875,40.2857151311197],[-111.748000632734,40.2857165007462],[-111.748000749418,40.2857178703752],[-111.748000859045,40.2857192400192],[-111.748000969848,40.2857206096607],[-111.748001072419,40.2857219793197],[-111.748001174999,40.2857233516806],[-111.748001275218,40.2857247213446],[-111.748001370733,40.2857260910186],[-111.748001462719,40.2857274607001],[-111.748001552363,40.2857288330884],[-111.748001640822,40.2857302027774],[-111.74800172341,40.2857315751807],[-111.748001801284,40.2857329448921],[-111.748001880344,40.285734317303],[-111.7480019547,40.2857356897238],[-111.748002023165,40.2857370594552],[-111.748002090465,40.2857384318909],[-111.748002155412,40.2857398043318],[-111.748002216822,40.2857411740781],[-111.748002273537,40.2857425465364],[-111.7480023279,40.2857439189997],[-111.748002378735,40.2857452914705],[-111.748002428394,40.2857466639437],[-111.748002472173,40.2857480364295],[-111.748002515942,40.2857494062133],[-111.748002552664,40.2857507787141],[-111.748002588211,40.2857521512172],[-111.748002617877,40.285753523733],[-111.748002647543,40.2857548962487],[-111.748002673681,40.2857562687719],[-111.748002696292,40.2857576413026],[-111.748002715373,40.2857590138408],[-111.748002730927,40.2857603863864],[-111.748002746481,40.2857617589321],[-111.748002754979,40.2857631314928],[-111.748002763476,40.2857645040534],[-111.748002764921,40.2857658775297],[-111.748002765186,40.2857672501078],[-111.748002759571,40.2857686226984],[-111.748002753956,40.285769995289],[-111.748002744813,40.2857713678871],[-111.748002732142,40.2857727404927],[-111.748002715943,40.2857741131058],[-111.748002696216,40.2857754857264],[-111.74800267296,40.2857768583545],[-111.748002647353,40.2857782309875],[-111.748002620569,40.2857796036231],[-111.748002586729,40.2857809762736],[-111.74800254282,40.285782491247],[-111.748002512465,40.2857825525551],[-111.748002506116,40.285782748008],[-111.748002446285,40.2857847376536],[-111.748002401851,40.2857861076247],[-111.748002358603,40.2857874802952],[-111.748002307122,40.2857888529832],[-111.74800225329,40.2857902256762],[-111.748002194743,40.2857915956773],[-111.748002136207,40.2857929683803],[-111.74800207178,40.2857943383938],[-111.748002006187,40.2857957111118],[-111.748001938242,40.2857970838348],[-111.748001865583,40.2857984538658],[-111.748001790582,40.2857998266038],[-111.748001708514,40.2858011966548],[-111.748001625271,40.2858025667083],[-111.748001543214,40.2858039394611],[-111.748001452914,40.2858053095296],[-111.74800136379,40.2858066795956],[-111.74800126762,40.2858080523785],[-111.748001166736,40.2858094224695],[-111.748001067028,40.285810792558],[-111.748000963792,40.2858121626539],[-111.7480008535,40.2858135327648],[-111.748000742032,40.2858149028783],[-111.748000628211,40.2858162729967],[-111.748000510856,40.2858176413214],[-111.74800038998,40.2858190114548],[-111.748000269103,40.2858203815882],[-111.748000139984,40.2858217490372],[-111.748000008523,40.2858231191931],[-111.747999877052,40.2858244866471],[-111.747999742063,40.2858258568104],[-111.747999600008,40.2858272242869],[-111.747999457953,40.2858285917633],[-111.747999312379,40.2858299619492],[-111.747999159739,40.2858313294481],[-111.747999010628,40.2858326969395],[-111.74799885446,40.2858340644459],[-111.747998695931,40.2858354292554],[-111.747998532707,40.2858367967768],[-111.747998365955,40.2858381643057],[-111.747998199193,40.2858395291327],[-111.747998025384,40.2858408966766],[-111.747997851566,40.2858422615185],[-111.747997675406,40.2858436290674],[-111.747997494534,40.285844994825],[-111.747997310132,40.2858463596894],[-111.747997118673,40.2858477245688],[-111.74799692839,40.2858490894457],[-111.747996736932,40.2858504543251],[-111.747996538416,40.2858518192195],[-111.74799633754,40.285853181417],[-111.747996135496,40.2858545463189],[-111.747995927563,40.2858559085313],[-111.747995718464,40.2858572734482],[-111.747995505826,40.2858586356706],[-111.747995290837,40.2858599978981],[-111.747995067618,40.2858613610437],[-111.747994845572,40.2858627232861],[-111.747994622341,40.2858640828291],[-111.747994393239,40.2858654450865],[-111.747994160609,40.2858668073514],[-111.747993925617,40.2858681669194],[-111.747993685921,40.2858695264973],[-111.747993442696,40.2858708860828],[-111.747993198296,40.2858722456707],[-111.747992951547,40.2858736061643],[-111.747992701266,40.2858749657647],[-111.747992446281,40.2858763253752],[-111.747992188935,40.2858776822887],[-111.74799192806,40.2858790392097],[-111.747991663667,40.2858803988401],[-111.74799139456,40.2858817557786],[-111.747991126629,40.2858831127145],[-111.747990851635,40.2858844678642],[-111.747990576647,40.2858858248152],[-111.747990298132,40.2858871817736],[-111.74799001255,40.2858885360452],[-111.747989726969,40.2858898903167],[-111.747989437859,40.2858912445957],[-111.747989145225,40.2858925997828],[-111.747988852587,40.2858939540694],[-111.747988552893,40.2858953083708],[-111.747988249661,40.2858966599779],[-111.747987946429,40.285898011585],[-111.747987639669,40.2858993631995],[-111.747987325855,40.2859007157297],[-111.747987012039,40.2859020673592],[-111.747986694694,40.2859034189963],[-111.747986374988,40.2859047679364],[-111.747986050587,40.2859061195884],[-111.747985722652,40.2859074694466],[-111.747985391185,40.2859088184117],[-111.747985060894,40.2859101673743],[-111.747984722361,40.2859115136524],[-111.747984383841,40.2859128635331],[-111.747984041783,40.2859142107193],[-111.74798369737,40.28591555701],[-111.747983344725,40.2859169033181],[-111.747982993255,40.2859182496237],[-111.747982637075,40.285919594138],[-111.747982280901,40.2859209404537],[-111.747981918838,40.2859222840798],[-111.747981555601,40.2859236286091],[-111.747981186481,40.2859249722503],[-111.747980816175,40.285926313192],[-111.747980443527,40.2859276568406],[-111.74798006264,40.2859289987055],[-111.747979682926,40.2859303396672],[-111.747979298508,40.2859316806389],[-111.747978910561,40.2859330216181],[-111.747978523784,40.2859343607935],[-111.747978129948,40.2859356990833],[-111.747977734935,40.2859370373755],[-111.747977334046,40.2859383765809],[-111.747976933153,40.2859397148857],[-111.747976527546,40.2859410504985],[-111.74797611959,40.2859423870169],[-111.747975708103,40.2859437226422],[-111.747975293088,40.285945058275],[-111.747974874548,40.2859463948159],[-111.747974454819,40.2859477277568],[-111.74797402921,40.2859490607101],[-111.747973603603,40.2859503945641],[-111.747973174466,40.2859517275249],[-111.747972738262,40.2859530577988],[-111.747972302062,40.2859543889734],[-111.747971865858,40.2859557192473],[-111.747971422601,40.2859570504368],[-111.747970975813,40.2859583807332],[-111.747970525487,40.2859597083351],[-111.747970075165,40.2859610368377],[-111.747969621311,40.2859623644472],[-111.747969160394,40.2859636902703],[-111.747968699483,40.2859650178947],[-111.747968236211,40.2859663428222],[-111.747967768238,40.2859676686603],[-111.747967296733,40.2859689936053],[-111.747966825222,40.285970316749],[-111.747966346651,40.2859716390071],[-111.747965869259,40.2859729621633],[-111.747965383632,40.2859742844363],[-111.747964897999,40.285975604908],[-111.747964408844,40.2859769271885],[-111.747963917327,40.2859782467721],[-111.747963421099,40.2859795645644],[-111.747962924877,40.285980884158],[-111.747962421593,40.2859822019653],[-111.747961918306,40.2859835188719],[-111.747961409132,40.2859848339898],[-111.747960898788,40.2859861509114],[-111.747960386086,40.2859874660367],[-111.747959868676,40.2859887802714],[-111.747959348908,40.2859900927099],[-111.747958827963,40.2859914051507],[-111.747958301145,40.2859927194054],[-111.747957769606,40.2859940291669],[-111.74795723925,40.2859953407271],[-111.747956704183,40.2859966504961],[-111.747956166761,40.2859979593693],[-111.747955625814,40.2859992691508],[-111.74795508015,40.2860005753396],[-111.747954535665,40.2860018824266],[-111.747953984123,40.2860031895286],[-111.747953432579,40.2860044957299],[-111.747952872795,40.2860058001475],[-111.747952314185,40.2860071036619],[-111.747951752049,40.2860084080844],[-111.747951186376,40.2860097098126],[-111.747950620702,40.2860110115407],[-111.747950046796,40.2860123132862],[-111.747949470529,40.2860136123349],[-111.747948894267,40.2860149131848],[-111.747948314471,40.2860162122409],[-111.747947731137,40.2860175086027],[-111.747947144272,40.2860188040713],[-111.747946553892,40.2860201031499],[-111.747945959964,40.2860213968322],[-111.747945366042,40.2860226923157],[-111.747944763882,40.2860239860155],[-111.747944162887,40.2860252770108],[-111.747943558372,40.2860265698149],[-111.747942950321,40.2860278608253],[-111.747942338742,40.286029151843],[-111.747941724812,40.2860304428659],[-111.747941109692,40.2860317302886],[-111.747940487519,40.286033018627],[-111.747939865336,40.2860343042634],[-111.747939239635,40.2860355926092],[-111.747938611569,40.2860368773575],[-111.747937978792,40.2860381603146],[-111.747937346015,40.2860394432715],[-111.747936797261,40.2860405459217],[-111.747936706181,40.2860407262435],[-111.748071416052,40.2861170479182],[-111.748071488833,40.2861170108373],[-111.748072706173,40.286117694541],[-111.748277943421,40.2862339753505],[-111.748277992913,40.2862340022646],[-111.748277964884,40.2862340563627],[-111.748761018423,40.2863153598157],[-111.749104919032,40.2864576767243],[-111.749429623783,40.2863760628546],[-111.749790395067,40.2863963506516],[-111.75005027916,40.2865576642478],[-111.750375412926,40.2865009333725],[-111.750707050848,40.2864772718147],[-111.751037953814,40.2864931643922],[-111.751353852415,40.2864769173887],[-111.75202006942,40.286410033889],[-111.75235479855,40.2863532650827],[-111.752596555021,40.2862566214501],[-111.753354150474,40.2857811211164],[-111.753560325768,40.2856314282514],[-111.753719739106,40.285470203008],[-111.7538213748,40.2854523358883],[-111.754070205352,40.2855800544475],[-111.754070350973,40.2855796812648],[-111.754070725,40.2855787419818],[-111.754071252884,40.2855774303988],[-111.754071779588,40.2855761179176],[-111.754072307472,40.2855748063346],[-111.754072841232,40.2855734938381],[-111.754073372651,40.2855721840486],[-111.754073906425,40.2855708751547],[-111.754074443723,40.2855695653524],[-111.754074982201,40.2855682564483],[-111.754075523028,40.2855669466383],[-111.754076067396,40.2855656404232],[-111.754076612927,40.285564330603],[-111.754077157292,40.2855630234874],[-111.754077705188,40.2855617172646],[-111.754078257785,40.285560410131],[-111.754078809219,40.2855591066024],[-111.754079364168,40.2855577994637],[-111.754079919127,40.2855564950268],[-111.754080478794,40.2855551914804],[-111.754081037281,40.2855538870358],[-111.754081599299,40.2855525834842],[-111.754082164852,40.2855512817263],[-111.754082730395,40.2855499772664],[-111.754083297128,40.2855486764064],[-111.754083869737,40.2855473746331],[-111.754084438819,40.2855460728674],[-111.754085014969,40.2855447746889],[-111.754085587589,40.2855434756175],[-111.754086167254,40.2855421738288],[-111.754086746933,40.2855408756426],[-111.754087326609,40.2855395765558],[-111.754087909822,40.2855382801632],[-111.754088496557,40.2855369819617],[-111.754089084475,40.2855356855588],[-111.754089674745,40.2855343891509],[-111.754090265018,40.2855330936436],[-111.754090855287,40.2855317972356],[-111.75409145262,40.2855305026136],[-111.754092046421,40.2855292070986],[-111.754092646109,40.2855279133721],[-111.754093246983,40.2855266223449],[-111.75409384785,40.2855253295164],[-111.754094452242,40.2855240357797],[-111.754095060172,40.2855227447372],[-111.754095668102,40.2855214536946],[-111.754096279564,40.285520163545],[-111.754096891022,40.2855188724947],[-111.754097506018,40.2855175841388],[-111.754098121005,40.2855162930808],[-111.754098738356,40.2855150056203],[-111.75409935688,40.2855137172566],[-111.754099982471,40.2855124315795],[-111.754100604523,40.2855111432081],[-111.754101230117,40.2855098584316],[-111.75410185806,40.2855085727493],[-111.754102487178,40.2855072870645],[-111.754103116297,40.2855060013797],[-111.754103752485,40.285504719282],[-111.754104383955,40.2855034335921],[-111.754105023668,40.2855021505861],[-111.754105663391,40.285500870282],[-111.754106301927,40.2854995872786],[-111.754106945181,40.2854983078675],[-111.754107588422,40.2854970248538],[-111.754108234025,40.285495744537],[-111.754108884342,40.2854944669117],[-111.754109534649,40.2854931865846],[-111.754110187308,40.2854919062524],[-111.754110841156,40.2854906295201],[-111.754111497353,40.2854893518821],[-111.754112154736,40.2854880769434],[-111.754112814461,40.2854867992977],[-111.754113475372,40.2854855243513],[-111.754114139812,40.2854842493973],[-111.754114803075,40.2854829744458],[-111.754115474573,40.285481700377],[-111.754116141375,40.2854804281197],[-111.75411681288,40.2854791558522],[-111.754117486737,40.2854778835796],[-111.754118160595,40.285476611307],[-111.754118835628,40.2854753390318],[-111.754119516552,40.2854740694457],[-111.754120195123,40.2854727998647],[-111.754120880751,40.2854715302684],[-111.75412156285,40.2854702606797],[-111.75412225084,40.2854689937801],[-111.754122938829,40.2854677268806],[-111.754123627998,40.2854664608791],[-111.754124319516,40.2854651939719],[-111.754125014562,40.2854639270569],[-111.754125710794,40.2854626628414],[-111.754126405849,40.2854613986283],[-111.754127104433,40.2854601344076],[-111.754127806555,40.2854588728811],[-111.754128509843,40.2854576086501],[-111.754129215493,40.285456347116],[-111.754129921143,40.2854550855818],[-111.754130630321,40.2854538240399],[-111.754131340685,40.2854525651974],[-111.754132053401,40.2854513063498],[-111.754132769645,40.2854500474944],[-111.754133485889,40.2854487886391],[-111.754134202133,40.2854475297838],[-111.754134921915,40.2854462736227],[-111.754135642874,40.285445017459],[-111.754136366184,40.2854437612902],[-111.754137093032,40.2854425078157],[-111.754137819871,40.2854412516391],[-111.754138550247,40.2854399981569],[-111.754139280623,40.2854387446747],[-111.754140014534,40.285437492986],[-111.754140748439,40.285436239496],[-111.754141485881,40.2854349887003],[-111.754142223324,40.2854337379045],[-111.754142964304,40.285432489803],[-111.754143705275,40.2854312389996],[-111.754144449784,40.2854299908904],[-111.754145194292,40.2854287427812],[-111.754145942329,40.2854274946644],[-111.754146693904,40.2854262492417],[-111.754147445465,40.2854250002165],[-111.75414819705,40.2854237574957],[-111.754148952153,40.2854225120654],[-111.754149710783,40.2854212666273],[-111.754150469424,40.2854200238912],[-111.754151231593,40.2854187811474],[-111.754151993772,40.2854175411054],[-111.754152754762,40.2854162974636],[-111.754153523997,40.2854150574062],[-111.754154293232,40.285413817349],[-111.754155062467,40.2854125772917],[-111.754155831712,40.2854113399363],[-111.754156606827,40.2854100998661],[-111.75415782857,40.2854081536211],[-111.754158013297,40.2854078605103],[-111.754157949741,40.285407847139],[-111.75385708196,40.2853520942333],[-111.753794817398,40.2852936319498],[-111.753794827845,40.2852935950007],[-111.75384119578,40.2851108484362],[-111.753819786178,40.2848785688116],[-111.753819750707,40.284878517552],[-111.753701843959,40.2846975302102],[-111.753713378451,40.2846454543132],[-111.753995337769,40.2845224963627],[-111.753995284587,40.2845224262282],[-111.75385848462,40.2843384377401],[-111.753647173256,40.284519836873],[-111.753546320726,40.2845182599753],[-111.753376928066,40.2843821712094],[-111.75317811865,40.284540613804],[-111.752880475275,40.2846112827046],[-111.752495469735,40.2845313181278],[-111.752333250317,40.2844293295909],[-111.751883812413,40.2846983814252],[-111.751427000949,40.284596135863],[-111.751179070994,40.2843951487398],[-111.750809733525,40.2845220891729],[-111.750427551062,40.2844163965723],[-111.750223052229,40.2842957290647],[-111.750159494454,40.2842195204394],[-111.750158749111,40.284218624095],[-111.750158620003,40.2842186937211],[-111.750158595201,40.2842186649536],[-111.750103858709,40.2841530325626],[-111.74959953003,40.2841848846179],[-111.749386191828,40.2841022758775],[-111.749213726588,40.2838619013132],[-111.748983162444,40.2840116043496],[-111.748690295016,40.2838603196234]]]},"properties":{"zone_code":"R-1-15","zone_description":"Single-Family Residential","zone_class_normalized":"Residential-Low","jurisdiction":"vineyard_ut","source_rest_url":"https://services.arcgis.com/QdlehUncXjEmQYtI/arcgis/rest/services/Zoning_-_Public_View/FeatureServer/8","extraction_method":"arcgis_rest","confidence":"rest_api"}},{"type":"Feature","geometry":{"type":"Polygon","coordinates":[[[-111.734984434559,40.2864372455682],[-111.735933543269,40.2864353177845],[-111.735932549664,40.286146163366],[-111.735932689614,40.2861461630833],[-111.735925818694,40.2841471785551],[-111.734296991477,40.2841384708363],[-111.734352084634,40.2828061533937],[-111.738434922971,40.28293433948],[-111.738434935514,40.2829379429259],[-111.738436790447,40.2846330824814],[-111.738422755379,40.286010846694],[-111.738437638142,40.2860435672523],[-111.738450741544,40.2866475685095],[-111.738282758571,40.2866479140409],[-111.738283406767,40.2868345842099],[-111.738351694309,40.2868860768565],[-111.738373071443,40.2881715583722],[-111.737025703406,40.2881834509134],[-111.735583440558,40.2881832535181],[-111.735579735028,40.2881850586719],[-111.735573774593,40.2877839322955],[-111.735009699149,40.2877889819097],[-111.734984434559,40.2864372455682]]]},"properties":{"zone_code":"R&A-5","zone_description":"Residential Agricultural","zone_class_normalized":"Agriculture/Rural","jurisdiction":"vineyard_ut","source_rest_url":"https://services.arcgis.com/QdlehUncXjEmQYtI/arcgis/rest/services/Zoning_-_Public_View/FeatureServer/8","extraction_method":"arcgis_rest","confidence":"rest_api"}},{"type":"Feature","geometry":{"type":"Polygon","coordinates":[[[-111.733875671356,40.2897583480855],[-111.733837869277,40.2864385794323],[-111.733985124087,40.2864383511698],[-111.734984434559,40.2864372455682],[-111.735009699149,40.2877889819097],[-111.735573774593,40.2877839322955],[-111.735585741515,40.2885892957193],[-111.735024749703,40.2885941941686],[-111.735047621699,40.2898178642071],[-111.733758499413,40.2898279148613],[-111.73375732073,40.28975927309],[-111.733875671356,40.2897583480855]]]},"properties":{"zone_code":"RC","zone_description":"Regional Commercial","zone_class_normalized":"Commercial","jurisdiction":"vineyard_ut","source_rest_url":"https://services.arcgis.com/QdlehUncXjEmQYtI/arcgis/rest/services/Zoning_-_Public_View/FeatureServer/8","extraction_method":"arcgis_rest","confidence":"rest_api"}},{"type":"Feature","geometry":{"type":"Polygon","coordinates":[[[-111.734309900683,40.283826303027],[-111.733291445186,40.2838470994979],[-111.733263459851,40.2838572011594],[-111.732501273711,40.2827456502574],[-111.732598963526,40.2827487142652],[-111.732677392962,40.2827535322887],[-111.734352084634,40.2828061533937],[-111.734309900683,40.283826303027]]]},"properties":{"zone_code":"RC","zone_description":"Regional Commercial","zone_class_normalized":"Commercial","jurisdiction":"vineyard_ut","source_rest_url":"https://services.arcgis.com/QdlehUncXjEmQYtI/arcgis/rest/services/Zoning_-_Public_View/FeatureServer/8","extraction_method":"arcgis_rest","confidence":"rest_api"}},{"type":"Feature","geometry":{"type":"Polygon","coordinates":[[[-111.755162307134,40.2869881307365],[-111.755091199953,40.2866566354162],[-111.754879015968,40.2863880669209],[-111.754647397084,40.2861498929416],[-111.754116703094,40.2857396263778],[-111.754117661966,40.2857384642641],[-111.754118626738,40.2857373075415],[-111.754119590332,40.2857361499208],[-111.754120552745,40.285734991402],[-111.754121511627,40.2857338319903],[-111.754122469334,40.2857326725811],[-111.754123425857,40.2857315113732],[-111.754124380025,40.2857303492697],[-111.754125333017,40.2857291871687],[-111.754126282474,40.2857280232743],[-111.754127231927,40.2857268584791],[-111.754128179025,40.2857256927884],[-111.754129123771,40.2857245271029],[-111.754130067338,40.2857233605192],[-111.754131009722,40.2857221921368],[-111.754131948578,40.2857210237622],[-111.754132887427,40.2857198535862],[-111.754133822748,40.2857186834179],[-111.754134756886,40.2857175114509],[-111.754135689848,40.2857163394863],[-111.754136620454,40.2857151666264],[-111.754137549882,40.2857139928683],[-111.754138476953,40.2857128182147],[-111.75413940167,40.2857116426655],[-111.754140325207,40.2857104662183],[-111.754141246388,40.2857092888756],[-111.75414216639,40.2857081106348],[-111.75414308404,40.285706932399],[-111.754143999331,40.2857057523672],[-111.754144914622,40.2857045723353],[-111.754145826375,40.2857033896092],[-111.754146736955,40.2857022077862],[-111.75414764518,40.2857010250678],[-111.754148553401,40.2856998414487],[-111.754149456912,40.2856986560385],[-111.754150360422,40.2856974706284],[-111.754151261578,40.2856962843227],[-111.75415216155,40.2856950962183],[-111.754153059173,40.2856939090196],[-111.754153954438,40.2856927200248],[-111.754154848523,40.285691530132],[-111.754155741433,40.2856903402416],[-111.754156630807,40.2856891485577],[-111.754157520181,40.2856879568737],[-111.754158406021,40.2856867633962],[-111.754159290681,40.2856855690206],[-111.754160172992,40.2856843755507],[-111.754161054118,40.2856831793815],[-111.754161932894,40.285681984118],[-111.754162810488,40.2856807870558],[-111.754163685726,40.285679589098],[-111.754164559789,40.2856783911429],[-111.754165430316,40.2856771913941],[-111.75416630084,40.2856759907447],[-111.754167167836,40.2856747901029],[-111.754168034829,40.2856735885605],[-111.75416889829,40.2856723861252],[-111.754169762923,40.2856711827866],[-111.75417062285,40.2856699785576],[-111.7541714816,40.2856687743312],[-111.754172339167,40.2856675683061],[-111.754173193203,40.285666361388],[-111.754174046063,40.2856651544725],[-111.754174896567,40.2856639466614],[-111.754175747068,40.2856627379497],[-111.754176592862,40.2856615283476],[-111.754177438652,40.2856603178449],[-111.75417828209,40.2856591073472],[-111.754179124345,40.2856578950509],[-111.754179963072,40.2856566827622],[-111.754180801796,40.2856554695729],[-111.754181638164,40.285654255488],[-111.754182472174,40.2856530396071],[-111.754183303834,40.2856518246318],[-111.754184134312,40.2856506078578],[-111.754184962438,40.285649391089],[-111.754185789385,40.285648173422],[-111.7541866128,40.2856469548621],[-111.754187436211,40.2856457354016],[-111.754188257268,40.2856445150455],[-111.754189075968,40.2856432937939],[-111.754189893493,40.2856420725448],[-111.754190707483,40.2856408495022],[-111.754191522649,40.285639626457],[-111.754192333107,40.2856384025214],[-111.754193142389,40.2856371785884],[-111.754193949313,40.2856359528592],[-111.754194756236,40.28563472713],[-111.754195559625,40.2856334996072],[-111.754196360661,40.2856322720895],[-111.754197161695,40.2856310436711],[-111.7541979592,40.2856298152604],[-111.754198755522,40.2856285850511],[-111.754199549492,40.2856273548468],[-111.754200341107,40.285626123747],[-111.754201131542,40.2856248917491],[-111.754201919622,40.2856236588557],[-111.754202706526,40.2856224259649],[-111.754203491074,40.2856211921785],[-111.75420427444,40.2856199565934],[-111.754205054277,40.285618721016],[-111.754205834111,40.2856174845379],[-111.754206610417,40.2856162480676],[-111.754207385544,40.2856150106991],[-111.754208158315,40.2856137724351],[-111.754208929907,40.2856125332731],[-111.754209699143,40.2856112932155],[-111.754210466027,40.285610053163],[-111.754211231732,40.2856088122125],[-111.754211993905,40.285607570369],[-111.754212756072,40.2856063267242],[-111.754213514713,40.2856050839877],[-111.754214273352,40.2856038403506],[-111.754215028459,40.2856025958205],[-111.754215782386,40.2856013503924],[-111.754216535138,40.2856001049668],[-111.754217284354,40.2855988577476],[-111.754218032395,40.285597610531],[-111.75421877808,40.2855963624188],[-111.754219522589,40.2855951143092],[-111.754220264739,40.2855938644034],[-111.754221004537,40.2855926145028],[-111.754221743156,40.285591363704],[-111.754222478244,40.2855901120123],[-111.754223213327,40.28558885942],[-111.754223944887,40.285587607736],[-111.754224676439,40.2855863542507],[-111.75422540446,40.2855850998724],[-111.754226131301,40.285583844596],[-111.754226855791,40.2855825893248],[-111.754227577925,40.2855813331581],[-111.754228298883,40.2855800769939],[-111.754229017482,40.2855788190335],[-111.754229733729,40.2855775610783],[-111.754230448797,40.285576302225],[-111.754231162688,40.2855750433742],[-111.754231873048,40.2855737836305],[-111.754232582229,40.2855725229887],[-111.754233289054,40.2855712614514],[-111.754233993527,40.2855699999192],[-111.754234696818,40.2855687365883],[-111.754235397756,40.2855674732625],[-111.754236097518,40.2855662099392],[-111.754236793742,40.2855649439217],[-111.754237491149,40.285563679703],[-111.754238183845,40.2855624136932],[-111.754238875362,40.2855611467853],[-111.754239564526,40.2855598798825],[-111.754240251335,40.2855586120842],[-111.754240936968,40.2855573442885],[-111.754241620246,40.2855560755972],[-111.754242301168,40.2855548060105],[-111.75424298091,40.2855535355256],[-111.754243658301,40.2855522650459],[-111.754244334512,40.285550993668],[-111.754245008368,40.2855497213947],[-111.754245678695,40.285548449129],[-111.754246349019,40.2855471759627],[-111.754247015812,40.2855459019035],[-111.754247681429,40.2855446278468],[-111.754248345863,40.2855433519914],[-111.754249006769,40.2855420761436],[-111.754249666498,40.2855408002985],[-111.754250323873,40.2855395235577],[-111.754250978891,40.2855382459215],[-111.75425163391,40.2855369682853],[-111.754252285398,40.2855356897561],[-111.75425293453,40.2855344103314],[-111.754253582486,40.2855331309092],[-111.754254228083,40.2855318496909],[-111.754254871331,40.2855305693783],[-111.7542555134,40.2855292881677],[-111.75425615311,40.2855280051609],[-111.754256790471,40.2855267230599],[-111.754257426653,40.2855254400608],[-111.754258060477,40.2855241552655],[-111.754258691948,40.2855228704753],[-111.754259321067,40.2855215856903],[-111.754259714429,40.2855207868648],[-111.754259953714,40.2855203008976],[-111.754260341189,40.2855195002836],[-111.754260578125,40.2855190152221],[-111.754260964421,40.2855182137101],[-111.75426120253,40.2855177277454],[-111.75426158765,40.2855169262359],[-111.754261823407,40.2855164402764],[-111.754262207354,40.2855156396701],[-111.754262443108,40.2855151528099],[-111.754262827051,40.285514351303],[-111.754263061629,40.2855138644454],[-111.754263443217,40.2855130620429],[-111.754263675442,40.2855125751904],[-111.754264057027,40.2855117718873],[-111.754264289253,40.2855112850348],[-111.754264670844,40.2855104835329],[-111.754264903066,40.2855099957798],[-111.754265279947,40.285509192487],[-111.754265512169,40.2855087047339],[-111.754265887874,40.2855079014435],[-111.75426611892,40.285507413693],[-111.754266494621,40.285506609502],[-111.754266723312,40.285506120856],[-111.754267099016,40.2855053175656],[-111.754267326531,40.2855048289221],[-111.754267701056,40.2855040247337],[-111.754267928568,40.2855035351896],[-111.754268301917,40.2855027310037],[-111.754268899249,40.2855014372814],[-111.754268930758,40.2855013714659],[-111.75426952809,40.2855000777436],[-111.754269838398,40.2854993988842],[-111.754270121887,40.2854987822276],[-111.754270432199,40.2854981042689],[-111.754270715688,40.2854974876124],[-111.754271023641,40.2854968078575],[-111.754271305954,40.2854961912035],[-111.754271613907,40.2854955114486],[-111.754271895047,40.2854948956978],[-111.754272203,40.285494215943],[-111.754272482958,40.2854935983934],[-111.754272789734,40.2854929186411],[-111.754273068516,40.2854923010941],[-111.754273374117,40.2854916213444],[-111.754273652899,40.2854910037974],[-111.75427395732,40.2854903231496],[-111.754274234926,40.2854897056051],[-111.754274538171,40.2854890249599],[-111.754274815773,40.2854884065148],[-111.754275119018,40.2854877258696],[-111.754275394272,40.2854871083302],[-111.754275696337,40.2854864267869],[-111.754275971588,40.2854858083469],[-111.754276272477,40.2854851268062],[-111.754276546552,40.2854845083688],[-111.754276846265,40.2854838268306],[-111.75427712034,40.2854832083932],[-111.754277418874,40.2854825259569],[-111.754277691772,40.2854819075221],[-111.754277990306,40.2854812250858],[-111.754278260849,40.2854806057554],[-111.754278559383,40.2854799233191],[-111.754278829926,40.2854793039888],[-111.754279126108,40.2854786215576],[-111.754279395472,40.2854780013292],[-111.754279691657,40.2854773197986],[-111.754279959841,40.2854766986721],[-111.754280256023,40.285476016241],[-111.754280523035,40.2854753960176],[-111.754280816861,40.2854747126909],[-111.754281085049,40.2854740924651],[-111.754281377699,40.2854734091409],[-111.754281643531,40.2854727880195],[-111.754281935006,40.285472104698],[-111.754282200838,40.2854714835766],[-111.754282492312,40.285470800255],[-111.754282756968,40.2854701791361],[-111.754283047263,40.2854694949165],[-111.75428331074,40.2854688728996],[-111.754283599862,40.2854681895831],[-111.754283863339,40.2854675675662],[-111.754284151282,40.2854668833517],[-111.754284412407,40.2854662613399],[-111.754284700349,40.2854655771254],[-111.754284961471,40.2854649542129],[-111.754285248237,40.285464270001],[-111.754285508183,40.285463647091],[-111.754285793773,40.2854629628816],[-111.754286053719,40.2854623399718],[-111.75428633813,40.2854616548643],[-111.754286596899,40.2854610319569],[-111.754286880135,40.285460346852],[-111.754287137728,40.2854597239473],[-111.754287422136,40.2854590379391],[-111.75428767855,40.2854584141363],[-111.754287960609,40.285457729034],[-111.754288215846,40.2854571052336],[-111.754288496726,40.2854564192332],[-111.754288751964,40.285455795433],[-111.754289031668,40.2854551094351],[-111.754289286906,40.2854544856347],[-111.75428956543,40.2854537987388],[-111.754289818316,40.2854531749436],[-111.75429009684,40.2854524880477],[-111.754290349722,40.2854518633519],[-111.754290627074,40.2854511773591],[-111.75429087878,40.2854505526659],[-111.754291156125,40.2854498648718],[-111.754291406656,40.2854492401812],[-111.754291681652,40.2854485532928],[-111.754291931006,40.2854479286047],[-111.754292205999,40.2854472408158],[-111.75429245535,40.285446615227],[-111.754292730346,40.2854459283387],[-111.754292978521,40.2854453027525],[-111.754293251161,40.2854446149687],[-111.75429349816,40.2854439893851],[-111.754293769622,40.2854433007032],[-111.75429401662,40.2854426751196],[-111.754294288082,40.2854419864377],[-111.754294532728,40.2854413608592],[-111.754294803014,40.2854406721798],[-111.754295047657,40.2854400457007],[-111.75429531677,40.2854393579245],[-111.75429556141,40.2854387305447],[-111.754295829343,40.2854380418705],[-111.754296071634,40.2854374153965],[-111.754296339564,40.2854367258217],[-111.754296580676,40.2854360984495],[-111.754296847433,40.2854354097779],[-111.754297088545,40.2854347824057],[-111.754297354123,40.285434092836],[-111.754297594059,40.2854334654665],[-111.75429785964,40.2854327767974],[-111.754298098396,40.2854321485297],[-111.754298362798,40.2854314589626],[-111.754298600378,40.2854308306975],[-111.754298863604,40.2854301411329],[-111.754299101184,40.2854295128679],[-111.754299363234,40.2854288233058],[-111.754299599635,40.2854281941426],[-111.754299860509,40.2854275045832],[-111.754300095737,40.2854268763232],[-111.754300356604,40.2854261849624],[-111.754300590656,40.285425556705],[-111.75430085035,40.2854248662474],[-111.754301084399,40.2854242370894],[-111.754301342918,40.2854235466344],[-111.75430157579,40.2854229174789],[-111.754301833129,40.2854222261258],[-111.754302064826,40.2854215969729],[-111.754302322165,40.2854209056198],[-111.754302552685,40.2854202764695],[-111.754302808845,40.2854195842183],[-111.754303039366,40.285418955068],[-111.754303294349,40.2854182628194],[-111.75430352369,40.2854176327709],[-111.754303777501,40.2854169414255],[-111.754304005666,40.2854163113797],[-111.754304259474,40.2854156191336],[-111.754304486463,40.2854149890903],[-111.754304739094,40.2854142968468],[-111.754304964907,40.285413666806],[-111.754305216359,40.2854129736645],[-111.754305442173,40.2854123436237],[-111.754305692448,40.2854116504848],[-111.754305917082,40.2854110195459],[-111.754306167361,40.2854103273075],[-111.754306390819,40.2854096963713],[-111.754306639919,40.2854090032348],[-111.754306862201,40.2854083723011],[-111.754307110125,40.2854076791672],[-111.754307332403,40.2854070473328],[-111.754307579151,40.2854063542015],[-111.754307800253,40.2854057223697],[-111.754308045821,40.2854050283403],[-111.754308266927,40.2854043974092],[-111.754308511316,40.2854037024817],[-111.75430873007,40.2854030715557],[-111.754308974462,40.2854023775288],[-111.754309193209,40.2854017448015],[-111.754309436425,40.2854010507773],[-111.754309653999,40.2854004189531],[-111.754309896036,40.2853997240308],[-111.75431011361,40.2853990922066],[-111.754310354471,40.2853983972868],[-111.754310570869,40.2853977654653],[-111.754310810554,40.2853970705481],[-111.754311025773,40.2853964378284],[-111.754311265454,40.2853957420105],[-111.754311479497,40.2853951092935],[-111.754311718006,40.2853944143788],[-111.754311935576,40.285393781654],[-111.754312384596,40.2853924531293],[-111.75431283244,40.2853911246072],[-111.754313279105,40.285389795187],[-111.754313724593,40.2853884657693],[-111.75431416655,40.2853871354586],[-111.754314607331,40.2853858051506],[-111.754315046936,40.2853844748451],[-111.754315484186,40.2853831436441],[-111.75431591908,40.2853818115475],[-111.754316353977,40.2853804803517],[-111.75431678534,40.2853791473621],[-111.75431721553,40.2853778152758],[-111.754317643368,40.2853764831946],[-111.754318070023,40.2853751493147],[-111.754318494329,40.2853738163406],[-111.754318918632,40.2853724824658],[-111.754319338228,40.2853711477006],[-111.75431975782,40.2853698120349],[-111.754320175063,40.2853684772748],[-111.754320591131,40.2853671425173],[-111.754321003666,40.2853658068669],[-111.754321416202,40.2853644712164],[-111.754321826383,40.2853631346704],[-111.754322235387,40.285361798127],[-111.754322642039,40.2853604615888],[-111.754323046336,40.285359124155],[-111.754323449457,40.2853577867237],[-111.754323850226,40.2853564492976],[-111.754324249815,40.2853551109734],[-111.754324647053,40.2853537726543],[-111.754325041938,40.2853524343403],[-111.754325435644,40.2853510951283],[-111.754325828173,40.2853497559188],[-111.754326218348,40.2853484158138],[-111.75432660617,40.2853470757139],[-111.754326992816,40.2853457356166],[-111.754327378283,40.2853443946212],[-111.754327760225,40.2853430545342],[-111.754328140988,40.285341713549],[-111.754328520571,40.2853403716658],[-111.754328897802,40.2853390297877],[-111.754329273858,40.2853376879121],[-111.754329647557,40.2853363451411],[-111.754330018905,40.2853350023751],[-111.754330389077,40.2853336596118],[-111.754330758072,40.2853323168509],[-111.754331123536,40.2853309731971],[-111.754331489,40.2853296295433],[-111.754331850933,40.2853282849966],[-111.75433221169,40.2853269404524],[-111.754332570094,40.2853255959134],[-111.754332928495,40.2853242504737],[-111.754333283368,40.2853229050417],[-111.754333637065,40.2853215596122],[-111.754333988407,40.2853202132872],[-111.754334338573,40.2853188669648],[-111.754334688738,40.2853175206424],[-111.7543350342,40.2853161743303],[-111.754335378482,40.28531482712],[-111.754335721587,40.2853134799123],[-111.754336062341,40.2853121327097],[-111.75433640074,40.2853107846116],[-111.754336737962,40.2853094365162],[-111.754337072833,40.2853080884258],[-111.754337406527,40.2853067403379],[-111.754337737866,40.2853053913546],[-111.754338068025,40.2853040414732],[-111.754338395836,40.2853026924975],[-111.754338721291,40.2853013426263],[-111.754339045571,40.2852999927577],[-111.754339368674,40.2852986428916],[-111.754339689422,40.28529729213],[-111.754340007817,40.2852959413735],[-111.754340325037,40.2852945906196],[-111.754340639905,40.2852932398708],[-111.754340952417,40.2852918882266],[-111.75434126375,40.2852905356842],[-111.75434157391,40.285289184045],[-111.754341881718,40.2852878324109],[-111.754342187171,40.2852864798813],[-111.754342491444,40.2852851264537],[-111.754342793369,40.2852837739318],[-111.754343094114,40.2852824205118],[-111.754343392507,40.285281067097],[-111.75434368972,40.2852797127841],[-111.754343983409,40.2852783593795],[-111.754344277095,40.2852770050742],[-111.754344568428,40.2852756507741],[-111.75434485741,40.2852742964791],[-111.754345145212,40.285272941286],[-111.754345430665,40.2852715869987],[-111.75434571376,40.2852702309152],[-111.754345995681,40.285268875735],[-111.754346275248,40.2852675196592],[-111.754346554814,40.2852661635834],[-111.754346830853,40.2852648075153],[-111.754347105715,40.2852634514497],[-111.754347377049,40.2852620953919],[-111.75434764838,40.2852607384334],[-111.754347917359,40.28525938148],[-111.754348185158,40.2852580236285],[-111.754348449433,40.2852566666854],[-111.754348713704,40.2852553088416],[-111.754348975623,40.2852539510029],[-111.754349234014,40.285252593172],[-111.754349492402,40.2852512344403],[-111.754349748437,40.2852498757139],[-111.754350002121,40.2852485169925],[-111.754350255805,40.2852471582711],[-111.75435050596,40.2852457995574],[-111.754350754936,40.2852444399457],[-111.754351000384,40.2852430803416],[-111.754351245832,40.2852417207375],[-111.754351488928,40.2852403611386],[-111.754351730844,40.2852390006415],[-111.754351970409,40.2852376401496],[-111.754352207625,40.2852362805635],[-111.754352443658,40.2852349191786],[-111.754352676166,40.2852335587021],[-111.754352908671,40.2852321973249],[-111.754353138823,40.2852308359528],[-111.7543533678,40.2852294745833],[-111.754353594425,40.2852281132189],[-111.754353818694,40.285226750959],[-111.754354040615,40.2852253896049],[-111.754354262535,40.2852240282507],[-111.754354480921,40.285222665103],[-111.754354698134,40.2852213028585],[-111.754354914171,40.2852199406165],[-111.754355126677,40.2852185774816],[-111.754355339182,40.2852172143466],[-111.754355549336,40.2852158512168],[-111.754355757137,40.2852144880921],[-111.754355962583,40.2852131240719],[-111.754356165681,40.2852117609575],[-111.754356368775,40.2852103969424],[-111.754356569517,40.2852090329324],[-111.754356767906,40.2852076689276],[-111.75435696512,40.2852063049253],[-111.754357159979,40.2852049400276],[-111.754357352488,40.2852035760355],[-111.754357544995,40.2852022111428],[-111.754357733973,40.2852008462579],[-111.754357920599,40.285199481378],[-111.754358106046,40.2851981156],[-111.75435829032,40.2851967507253],[-111.754358472238,40.285195384955],[-111.754358651805,40.2851940191899],[-111.754358830196,40.2851926534273],[-111.754359006234,40.2851912876699],[-111.754359181096,40.285189921915],[-111.754359353604,40.2851885552646],[-111.754359524938,40.2851871895174],[-111.754359692741,40.2851858228772],[-111.754359860544,40.2851844562371],[-111.754360025995,40.285183089602],[-111.754360189093,40.2851817229721],[-111.754360349837,40.2851803554466],[-111.75436051058,40.2851789879212],[-111.754360668971,40.2851776204009],[-111.754360825014,40.2851762537863],[-111.754360979877,40.2851748862737],[-111.754361131212,40.2851735187687],[-111.754361281368,40.2851721503657],[-111.754361429175,40.2851707828684],[-111.754361575803,40.2851694144731],[-111.754361721254,40.2851680460803],[-111.754361864354,40.2851666776926],[-111.754362005101,40.2851653093101],[-111.754362144673,40.2851639409301],[-111.754362281892,40.2851625725553],[-111.754362416756,40.2851612032849],[-111.754362550447,40.2851598349177],[-111.754362681786,40.2851584665557],[-111.754362811946,40.2851570972956],[-111.754362939754,40.2851557280405],[-111.75436306521,40.2851543587906],[-111.754363189489,40.2851529895433],[-111.754363312593,40.2851516202986],[-111.754363433345,40.2851502510589],[-111.754363551741,40.2851488809237],[-111.754363668964,40.2851475116918],[-111.754363783832,40.2851461415643],[-111.754363896352,40.2851447723426],[-111.754364007692,40.2851434022228],[-111.754364116679,40.2851420321082],[-111.754364224491,40.285140661996],[-111.754364329951,40.2851392918891],[-111.754364434235,40.2851379217846],[-111.754364536163,40.2851365507847],[-111.754364635743,40.2851351806905],[-111.754364732967,40.2851338097008],[-111.754364830195,40.2851324396117],[-111.754364923891,40.2851310686298],[-111.754365016411,40.2851296976503],[-111.754365107755,40.2851283266734],[-111.754365196747,40.2851269557016],[-111.754365283387,40.285125584735],[-111.754365368855,40.2851242146715],[-111.754365451966,40.2851228437126],[-111.754365532726,40.2851214727587],[-111.754365613483,40.2851201009043],[-111.754365690711,40.2851187290575],[-111.754365766767,40.2851173581138],[-111.754365840471,40.2851159871754],[-111.754365911819,40.2851146153414],[-111.754365981994,40.2851132444106],[-111.754366050987,40.2851118716811],[-111.754366116459,40.2851105007605],[-111.754366181927,40.2851091289393],[-111.754366243867,40.2851077571258],[-111.754366304631,40.2851063853149],[-111.754366364219,40.2851050135065],[-111.754366420279,40.2851036417058],[-111.754366476338,40.2851022699051],[-111.75436652887,40.2851008981121],[-111.754366580223,40.285099525421],[-111.754366630402,40.2850981536331],[-111.75436667823,40.2850967818503],[-111.754366723706,40.2850954100727],[-111.754366768002,40.2850940373969],[-111.754366809949,40.2850926656269],[-111.754366850717,40.2850912929589],[-111.754366889134,40.285089920296],[-111.754366925201,40.2850885485388],[-111.754366960089,40.2850871758836],[-111.754366992628,40.2850858041341],[-111.754367023988,40.2850844314865],[-111.754367054172,40.2850830588415],[-111.754367080828,40.2850816862042],[-111.754367106311,40.2850803144701],[-111.754367129439,40.2850789418405],[-111.754367150218,40.2850775701166],[-111.75436717099,40.2850761965915],[-111.754367188241,40.2850748248753],[-111.754367205488,40.2850734522585],[-111.754367219208,40.2850720796493],[-111.754367231751,40.2850707070427],[-111.754367241943,40.2850693344412],[-111.754367250958,40.2850679618423],[-111.754367257621,40.2850665892486],[-111.754367261933,40.2850652166599],[-111.754367265068,40.2850638440738],[-111.754367265851,40.2850624714928],[-111.754367265458,40.2850610989144],[-111.754367262713,40.2850597263411],[-111.754367257617,40.285058353773],[-111.754367251344,40.2850569812074],[-111.754367242718,40.2850556086469],[-111.754367232917,40.2850542360889],[-111.754367220764,40.2850528635362],[-111.754367207435,40.2850514909859],[-111.754367190578,40.2850501184433],[-111.754367173721,40.2850487459008],[-111.754367154512,40.2850473733633],[-111.75436713295,40.285046000831],[-111.754367109037,40.2850446283038],[-111.754367085127,40.2850432566773],[-111.754367057682,40.2850418832571],[-111.754367029068,40.2850405116408],[-111.754366998098,40.285039139129],[-111.754366965953,40.2850377666197],[-111.754366931455,40.2850363941156],[-111.754366894609,40.2850350225172],[-111.754366856583,40.2850336500207],[-111.754366817382,40.2850322775268],[-111.754366775828,40.285030905038],[-111.754366730749,40.2850295334575],[-111.754366685667,40.2850281609764],[-111.754366638234,40.2850267885005],[-111.754366588451,40.2850254169303],[-111.754366537489,40.285024044462],[-111.754366484178,40.2850226728994],[-111.754366430864,40.2850213004363],[-111.754366374026,40.2850199288814],[-111.754366316011,40.2850185573291],[-111.754366254468,40.2850171857845],[-111.754366192922,40.2850158133392],[-111.754366127851,40.2850144418023],[-111.754366061604,40.285013070268],[-111.754365994181,40.2850116987361],[-111.754365924406,40.2850103272094],[-111.754365853455,40.2850089556853],[-111.754365778976,40.2850075841689],[-111.754365704497,40.2850062126524],[-111.754365626493,40.2850048420443],[-111.75436554731,40.2850034705381],[-111.754365465774,40.2850020990371],[-111.754365383066,40.2850007284392],[-111.754365298003,40.2849993569458],[-111.754365211767,40.2849979863556],[-111.754365123176,40.2849966148699],[-111.754365033412,40.2849952442874],[-111.75436494012,40.2849938737125],[-111.754364845648,40.2849925022396],[-111.754364750004,40.2849911316699],[-111.754364652008,40.2849897611053],[-111.754364552839,40.2849883914439],[-111.754364451314,40.284987020887],[-111.754364347438,40.2849856503352],[-111.754364242389,40.2849842806866],[-111.754364134985,40.2849829101425],[-111.754364026407,40.2849815405016],[-111.754363915475,40.2849801699652],[-111.754363802194,40.2849788003346],[-111.754363687736,40.2849774307064],[-111.754363572103,40.2849760610809],[-111.754363452942,40.2849746914631],[-111.754363332605,40.2849733218477],[-111.754363211091,40.284971952235],[-111.754363087226,40.2849705826274],[-111.754362961012,40.2849692139255],[-111.754362833622,40.2849678452262],[-111.754362703876,40.2849664756314],[-111.754362571782,40.2849651069424],[-111.754362438512,40.2849637382559],[-111.754362304065,40.2849623695719],[-111.754362167267,40.2849610008931],[-111.754362029296,40.2849596331175],[-111.754361887794,40.2849582644489],[-111.754361745115,40.2849568957829],[-111.754361600088,40.2849555280227],[-111.754361455061,40.2849541602624],[-111.754361306503,40.2849527916092],[-111.754361156771,40.2849514238592],[-111.754361004685,40.2849500552137],[-111.754360850253,40.2849486883746],[-111.754360694642,40.2849473206374],[-111.754360537858,40.2849459538034],[-111.754360378718,40.2849445860738],[-111.75436021723,40.28494321925],[-111.754360054566,40.2849418524288],[-111.75435988955,40.2849404856128],[-111.754359722182,40.2849391188018],[-111.754359553641,40.284937752894],[-111.754359383921,40.2849363860882],[-111.754359210676,40.2849350201907],[-111.754359036251,40.2849336533951],[-111.754358860658,40.2849322884033],[-111.754358682709,40.284930922516],[-111.754358503584,40.2849295566313],[-111.754358322107,40.2849281907517],[-111.754358138281,40.2849268257779],[-111.754357953279,40.2849254608065],[-111.754357764746,40.2849240949423],[-111.754357576219,40.2849227308794],[-111.754357385338,40.2849213659209],[-111.754357192104,40.2849200009675],[-111.754356997697,40.2849186369174],[-111.754356802114,40.2849172728698],[-111.754356603,40.2849159079292],[-111.754356402717,40.2849145447925],[-111.754356201254,40.2849131807577],[-111.75435599744,40.284911816728],[-111.754355791276,40.2849104536041],[-111.754355583933,40.2849090895821],[-111.754355374242,40.2849077264658],[-111.754355163374,40.2849063633522],[-111.754354948979,40.2849050002461],[-111.754354734586,40.2849036380408],[-111.754354517842,40.2849022758406],[-111.754354298746,40.2849009136455],[-111.754354078473,40.2848995514529],[-111.754353855849,40.2848981892654],[-111.754353632049,40.2848968270806],[-111.7543534059,40.2848954658014],[-111.754353177398,40.2848941045274],[-111.754352948897,40.2848927432535],[-111.754352716868,40.2848913819872],[-111.75435248249,40.2848900216266],[-111.75435210994,40.284887872604],[-111.754351870858,40.2848865122537],[-111.754351628248,40.284885151911],[-111.754351382113,40.2848837924767],[-111.754351133627,40.2848824330475],[-111.754350881615,40.2848810745266],[-111.754350626072,40.2848797151128],[-111.754350365832,40.2848783575105],[-111.75435010324,40.2848769999133],[-111.754349837119,40.2848756423237],[-111.75434956865,40.28487428564],[-111.754349296653,40.2848729289639],[-111.754349019955,40.2848715731987],[-111.754348740902,40.284870216538],[-111.754348458327,40.2848688616862],[-111.754348172224,40.2848675068422],[-111.754347882594,40.2848661520058],[-111.754347590614,40.2848647980751],[-111.754347295107,40.2848634441521],[-111.754346994899,40.28486209114],[-111.754346692335,40.2848607372324],[-111.75434638625,40.2848593851338],[-111.754346076637,40.2848580330429],[-111.754345764675,40.2848566818577],[-111.754345449185,40.2848553306801],[-111.754345128995,40.2848539804135],[-111.754344806452,40.2848526301519],[-111.754344480382,40.2848512798981],[-111.754344150789,40.2848499314532],[-111.754343818842,40.2848485821128],[-111.754343483373,40.2848472345813],[-111.754343143197,40.2848458861595],[-111.754342800672,40.2848445386434],[-111.754342455802,40.2848431929337],[-111.754342106224,40.2848418463336],[-111.754341755474,40.2848405006367],[-111.754341398844,40.2848391549527],[-111.754341039865,40.2848378101743],[-111.754340677361,40.2848364663043],[-111.754340312505,40.2848351224393],[-111.754339942948,40.2848337794853],[-111.75433957104,40.2848324365364],[-111.754339194431,40.2848310944984],[-111.754338815469,40.2848297524655],[-111.754338434159,40.2848284113383],[-111.754338048152,40.2848270720227],[-111.754337658613,40.2848257318141],[-111.754337266725,40.2848243925113],[-111.75433687131,40.2848230532161],[-111.754336472373,40.2848217157299],[-111.754336071084,40.2848203782488],[-111.754335665091,40.284819040778],[-111.754335256749,40.2848177042129],[-111.754334844883,40.2848163685562],[-111.754334429488,40.284815032907],[-111.754334010572,40.2848136990669],[-111.754333588125,40.2848123643338],[-111.754333164508,40.2848110314046],[-111.754332735012,40.2848096984881],[-111.754332303166,40.2848083664774],[-111.754331868969,40.2848070344718],[-111.754331430074,40.2848057042778],[-111.754330988827,40.2848043740888],[-111.754330544052,40.2848030439075],[-111.754330095753,40.2848017146346],[-111.754329643932,40.2848003871705],[-111.754329189756,40.284799058811],[-111.754328732058,40.2847977322605],[-111.754328270832,40.2847964057176],[-111.754327806082,40.284795080083],[-111.754327337807,40.2847937553567],[-111.75432686718,40.2847924306356],[-111.754326393028,40.2847911068228],[-111.754325915351,40.2847897839182],[-111.754325435326,40.2847884619195],[-111.754324950597,40.284787139931],[-111.754324463519,40.2847858188482],[-111.754323974092,40.2847844986712],[-111.754323478789,40.2847831794077],[-111.754322982312,40.2847818610473],[-111.754322482308,40.2847805426946],[-111.75432197878,40.2847792252502],[-111.754321471726,40.2847779087141],[-111.754320961148,40.2847765930864],[-111.754320449397,40.2847752783618],[-111.754319931766,40.2847739636501],[-111.754319411789,40.2847726507447],[-111.754318889461,40.2847713378445],[-111.754318363608,40.2847700258525],[-111.754317833051,40.2847687138708],[-111.754317300149,40.2847674036955],[-111.754316764897,40.284766094426],[-111.754316226118,40.2847647851641],[-111.754315682638,40.2847634768132],[-111.754315137986,40.2847621693653],[-111.754314589808,40.2847608628259],[-111.754314036927,40.2847595562966],[-111.754313480524,40.2847582515763],[-111.754312924122,40.284756946856],[-111.754312361846,40.2847556439498],[-111.754311796042,40.2847543410512],[-111.754311229065,40.2847530390559],[-111.754310657387,40.2847517379714],[-111.754310082188,40.2847504386959],[-111.754309504634,40.2847491385248],[-111.754308924735,40.2847478401602],[-111.754308340134,40.2847465427064],[-111.754307753185,40.2847452461583],[-111.754307162712,40.2847439505186],[-111.75430656871,40.2847426548866],[-111.754305972363,40.2847413610609],[-111.754305371315,40.2847400681461],[-111.754304769092,40.284738775234],[-111.754304162167,40.2847374832325],[-111.754303552897,40.2847361930376],[-111.754302940099,40.2847349028503],[-111.754302323777,40.2847336135714],[-111.754301703933,40.2847323261013],[-111.754301081734,40.2847310377358],[-111.754300457193,40.2847297520773],[-111.754299827947,40.284728466429],[-111.754299195177,40.2847271816891],[-111.754298561238,40.284725898753],[-111.754297922595,40.284724615827],[-111.754297281602,40.2847233338069],[-111.754296637086,40.2847220526951],[-111.754295989048,40.2847207733922],[-111.754295338658,40.2847194940944],[-111.754294684746,40.2847182166056],[-111.754294027307,40.2847169391245],[-111.754293367522,40.2847156634497],[-111.754292704212,40.2847143886833],[-111.754292037375,40.2847131139245],[-111.754291368192,40.2847118409721],[-111.754290695481,40.2847105680275],[-111.754290019252,40.2847092977924],[-111.754289340667,40.2847080266617],[-111.754288658562,40.28470675734],[-111.754287972935,40.2847054898273],[-111.75428728378,40.2847042223222],[-111.754286592276,40.2847029557229],[-111.754285898427,40.28470169093],[-111.754285199874,40.2847004261474],[-111.754284498975,40.284699163171],[-111.754283794552,40.2846979011031],[-111.75428308778,40.2846966399408],[-111.754282377484,40.2846953796869],[-111.754281664839,40.2846941203387],[-111.754280948669,40.2846928618989],[-111.754280228978,40.284691605268],[-111.754279505758,40.2846903486447],[-111.754278780194,40.2846890938279],[-111.754278051105,40.2846878399193],[-111.754277319667,40.2846865869166],[-111.754276584707,40.2846853357228],[-111.75427584622,40.2846840845366],[-111.754275105387,40.2846828351568],[-111.75427436103,40.2846815866853],[-111.754273614324,40.2846803391196],[-111.754272862917,40.2846790924648],[-111.754272109162,40.2846778467157],[-111.754271353058,40.2846766018724],[-111.754270593432,40.2846753588379],[-111.754269831458,40.2846741167093],[-111.754269064784,40.2846728754916],[-111.754268296939,40.2846716360776],[-111.754267524395,40.2846703975745],[-111.754266749501,40.2846691599772],[-111.754265972259,40.2846679232856],[-111.754265191492,40.2846666875023],[-111.754264407204,40.284665453528],[-111.754263619391,40.2846642204621],[-111.75426282923,40.2846629883018],[-111.754262036723,40.2846617579479],[-111.754261240688,40.2846605276017],[-111.754260441131,40.2846592990644],[-111.754259639227,40.284658071433],[-111.7542588338,40.2846568456104],[-111.754258024849,40.2846556206961],[-111.754257214726,40.2846543966851],[-111.754256399905,40.2846531744856],[-111.754255582732,40.2846519522911],[-111.754254762038,40.2846507319056],[-111.754253938994,40.2846495124259],[-111.75425311243,40.2846482947551],[-111.754252283517,40.28464707799],[-111.754251451079,40.2846458621333],[-111.75425061512,40.2846446480854],[-111.754249777989,40.2846434349409],[-111.754248936156,40.2846422227071],[-111.754248091979,40.2846410122798],[-111.754247244273,40.2846398018601],[-111.754246394225,40.2846385941474],[-111.754245540653,40.2846373873431],[-111.754244684732,40.2846361814445],[-111.754243826462,40.2846349764516],[-111.754242963495,40.2846337732703],[-111.754242098182,40.2846325718953],[-111.754241230518,40.2846313705255],[-111.754240359332,40.2846301709646],[-111.754239485798,40.2846289723094],[-111.754238608742,40.2846277754632],[-111.754237728161,40.2846265795253],[-111.754236069879,40.2846243396341],[-111.753978994524,40.284278585613],[-111.753978105738,40.2842773941941],[-111.753977211074,40.2842762036886],[-111.753976312892,40.2842750158926],[-111.753975410017,40.2842738308088],[-111.753974502444,40.2842726475365],[-111.75397359017,40.2842714651751],[-111.753972674382,40.2842702864238],[-111.75397175389,40.2842691076828],[-111.753970827531,40.2842679325571],[-111.753969897651,40.2842667592403],[-111.753968963076,40.2842655886357],[-111.753968023801,40.2842644189419],[-111.753967081009,40.2842632519577],[-111.753966132346,40.2842620876882],[-111.753965180158,40.2842609243269],[-111.753964223276,40.2842597636778],[-111.753963262877,40.2842586057383],[-111.753962296604,40.2842574496128],[-111.753961325633,40.2842562952988],[-111.753960352321,40.2842551436918],[-111.753959371959,40.2842539939015],[-111.753958389252,40.2842528459175],[-111.753957401851,40.2842517006456],[-111.753956409756,40.2842505580859],[-111.753955411788,40.2842494173402],[-111.753954411478,40.2842482793015],[-111.753953405291,40.2842471421762],[-111.753952395589,40.2842460086612],[-111.753951382366,40.284244876955],[-111.753950363273,40.2842437479636],[-111.753949340659,40.2842426207811],[-111.753948313347,40.2842414954101],[-111.753947281341,40.2842403727511],[-111.753946245818,40.2842392528018],[-111.7539452056,40.2842381355646],[-111.753944161861,40.2842370201363],[-111.753943113425,40.2842359065195],[-111.753942060298,40.2842347965155],[-111.75394100247,40.2842336874223],[-111.753939941124,40.2842325810387],[-111.753938876261,40.2842314773647],[-111.753937805527,40.2842303764053],[-111.753936731275,40.2842292781555],[-111.753935653502,40.2842281817147],[-111.753934571032,40.2842270870853],[-111.753933485047,40.2842259960662],[-111.753932393192,40.2842249077617],[-111.753931297812,40.2842238203655],[-111.753930198918,40.2842227365794],[-111.75392909533,40.2842216555056],[-111.753927987041,40.2842205753426],[-111.753926875241,40.2842194996904],[-111.753925759919,40.2842184258472],[-111.7539246399,40.2842173538154],[-111.753923515187,40.2842162844958],[-111.753922388132,40.2842152178831],[-111.753921255211,40.2842141548858],[-111.753920118764,40.2842130927968],[-111.7539189788,40.2842120334174],[-111.753917834145,40.2842109776507],[-111.753916685972,40.2842099245935],[-111.753915533102,40.2842088733479],[-111.753914375534,40.2842078239138],[-111.753913215628,40.2842067780872],[-111.753912051031,40.2842057358735],[-111.753910881734,40.2842046945706],[-111.753909710098,40.2842036568753],[-111.753908532588,40.2842026209941],[-111.753907351564,40.2842015887231],[-111.753906168198,40.2842005591591],[-111.753904978955,40.2841995305084],[-111.753903786201,40.2841985063687],[-111.753902589929,40.2841974849385],[-111.753901388959,40.2841964653197],[-111.753900185644,40.2841954475074],[-111.753898977642,40.2841944342085],[-111.753897764943,40.2841934227209],[-111.753896548729,40.2841924148437],[-111.753895330169,40.2841914087728],[-111.753894105743,40.2841904063172],[-111.753892877796,40.2841894056705],[-111.75389164751,40.2841884086315],[-111.753890412527,40.2841874134039],[-111.753889172852,40.2841864217891],[-111.75388793084,40.284185433782],[-111.75388668413,40.2841844475863],[-111.753885433902,40.2841834641003],[-111.75388417898,40.2841824833263],[-111.753882921719,40.2841815061599],[-111.753881659761,40.2841805308051],[-111.753880394285,40.2841795581598],[-111.753879125295,40.2841785891247],[-111.75387785279,40.2841776236998],[-111.753876575584,40.2841766591858],[-111.753875296042,40.28417569918],[-111.753874011804,40.2841747409857],[-111.753872724051,40.2841737864016],[-111.753871432779,40.284172834527],[-111.753870137994,40.2841718862627],[-111.753868839683,40.2841709389066],[-111.753867536689,40.2841699969646],[-111.753866231349,40.284169056829],[-111.753864922491,40.2841681194029],[-111.753863610115,40.2841671846863],[-111.753862293049,40.2841662535825],[-111.753860972464,40.2841653251883],[-111.753859649538,40.2841643995011],[-111.753858321921,40.2841634774266],[-111.753856990786,40.2841625580617],[-111.753855656133,40.2841616414064],[-111.753854319141,40.2841607283587],[-111.753852977456,40.2841598180231],[-111.753851632252,40.284158910397],[-111.75385028471,40.2841580063786],[-111.753848932474,40.2841571050723],[-111.753847577895,40.2841562064731],[-111.75384621745,40.2841553114891],[-111.753844857019,40.2841544201076],[-111.753843490714,40.2841535305402],[-111.75384212207,40.2841526445804],[-111.753840748736,40.2841517622334],[-111.753839374236,40.2841508825908],[-111.753837995042,40.2841500056604],[-111.75383661233,40.2841491314395],[-111.753835226103,40.2841482608287],[-111.753833837538,40.2841473938257],[-111.753832445458,40.2841465304328],[-111.753831048683,40.284145669752],[-111.75382965074,40.284144810875],[-111.753828246933,40.284143956514],[-111.753826841961,40.2841431048574],[-111.753825433473,40.2841422568111],[-111.753824021468,40.2841414114742],[-111.753822605948,40.2841405697476],[-111.753821186907,40.2841397298299],[-111.75381976553,40.2841388944205],[-111.753818339463,40.2841380626238],[-111.75381691223,40.2841372335315],[-111.753815480303,40.2841364071514],[-111.753814046037,40.2841355843789],[-111.753812608256,40.2841347652166],[-111.753811166961,40.2841339496645],[-111.753809723321,40.2841331359187],[-111.753808276169,40.2841323266838],[-111.753806825496,40.2841315192577],[-111.753805372487,40.28413071634],[-111.753803915961,40.2841299161318],[-111.753802457096,40.2841291195313],[-111.753800994716,40.2841283265409],[-111.753799528819,40.2841275362601],[-111.753798059406,40.2841267495895],[-111.753796587655,40.2841259665266],[-111.753795113562,40.2841251861706],[-111.753793635955,40.2841244094248],[-111.753792156005,40.284123635386],[-111.753790671368,40.2841228658606],[-111.753789185566,40.2841220990396],[-111.753787696248,40.2841213358288],[-111.753786204585,40.2841205744244],[-111.753784708238,40.2841198184341],[-111.753783210726,40.2841190651481],[-111.753781708522,40.2841183154749],[-111.753780205153,40.2841175685061],[-111.753778698269,40.2841168251475],[-111.75377718787,40.2841160853991],[-111.753775676309,40.2841153492558],[-111.753774161233,40.2841146167227],[-111.753772642638,40.2841138868991],[-111.753771121706,40.2841131606832],[-111.753769598435,40.2841124380749],[-111.753768071649,40.2841117190768],[-111.753766542521,40.2841110027857],[-111.753765011057,40.2841102910028],[-111.753763476076,40.2841095819295],[-111.753761938756,40.2841088764639],[-111.753760397922,40.2841081746084],[-111.753758855921,40.2841074754573],[-111.753757309234,40.2841067808197],[-111.753755762556,40.2841060888839],[-111.753754211191,40.2841054014615],[-111.753752657484,40.2841047167461],[-111.753751101438,40.2841040356384],[-111.753749543053,40.2841033581382],[-111.753747981154,40.2841026842483],[-111.753746418089,40.2841020130628],[-111.753744851513,40.2841013463881],[-111.753743282598,40.284100683321],[-111.753741711341,40.2841000229609],[-111.753740137749,40.2840993671092],[-111.753738560639,40.2840987139669],[-111.75373698119,40.2840980644323],[-111.753735399402,40.2840974185053],[-111.753733815279,40.2840967770866],[-111.753732228814,40.2840961383749],[-111.753730640011,40.2840955032708],[-111.753729048869,40.2840948717743],[-111.753727455388,40.2840942438855],[-111.753725859568,40.2840936196043],[-111.753724260234,40.2840929989332],[-111.753722659738,40.2840923818674],[-111.75372105573,40.2840917693122],[-111.753719450552,40.2840911585609],[-111.753717841867,40.2840905532211],[-111.753716232016,40.2840899505856],[-111.753714619822,40.2840893506572],[-111.753713005297,40.2840887561376],[-111.753711387254,40.2840881643277],[-111.753709768048,40.2840875761228],[-111.753708146506,40.2840869924261],[-111.753706522623,40.2840864114365],[-111.753704895225,40.284085834057],[-111.753703266668,40.2840852611833],[-111.753701636945,40.2840846910139],[-111.75370000371,40.2840841253554],[-111.753698369313,40.284083563302],[-111.753696732574,40.2840830039556],[-111.753695092327,40.2840824500206],[-111.753693452087,40.2840818978869],[-111.753691808335,40.2840813502639],[-111.753690163424,40.2840808071467],[-111.753688516167,40.2840802658359],[-111.753686866579,40.284079729934],[-111.753685213476,40.2840791976422],[-111.753683559207,40.2840786680549],[-111.753681903779,40.2840781429733],[-111.753680246012,40.2840776214993],[-111.753678585906,40.2840771036329],[-111.753676924638,40.2840765893716],[-111.753675261034,40.2840760796186],[-111.753673595089,40.2840755725725],[-111.753671927984,40.2840750700323],[-111.75367025854,40.2840745710995],[-111.753668586758,40.2840740757744],[-111.753666912637,40.284073584057],[-111.753665237357,40.2840730968453],[-111.753663560911,40.284072612338],[-111.75366188213,40.2840721323389],[-111.753660201009,40.2840716559475],[-111.753658517551,40.2840711831637],[-111.753656832929,40.284070713985],[-111.753655147152,40.2840702502126],[-111.753653459029,40.2840697882466],[-111.753651769747,40.2840693307863],[-111.75365007813,40.2840688778343],[-111.75364838417,40.2840684275892],[-111.753646689052,40.2840679818499],[-111.75364499277,40.2840675397156],[-111.75364329415,40.2840671011889],[-111.753641594368,40.2840666662673],[-111.753639892253,40.2840662367547],[-111.753638188969,40.2840658090458],[-111.753636484529,40.2840653867432],[-111.753634777748,40.2840649671477],[-111.753633069806,40.2840645520578],[-111.753631359526,40.2840641405756],[-111.753629648084,40.2840637326984],[-111.753627935482,40.284063329327],[-111.753626220542,40.2840629295632],[-111.753624504435,40.2840625325038],[-111.753622787176,40.2840621417514],[-111.753621067571,40.2840617528054],[-111.753619346808,40.284061368365],[-111.753617624881,40.2840609875297],[-111.753615901795,40.2840606112002],[-111.753614176371,40.2840602384782],[-111.75361245096,40.2840598693588],[-111.753610723214,40.2840595047476],[-111.753608994305,40.2840591437416],[-111.753607263057,40.284058786343],[-111.753605530646,40.2840584325496],[-111.753603798256,40.28405808416],[-111.753602063524,40.2840577384774],[-111.753600327629,40.2840573963999],[-111.753598436407,40.2840570294415],[-111.753596699353,40.2840566918697],[-111.753594964631,40.2840563488888],[-111.753593231064,40.2840560005016],[-111.753591498654,40.284055646708],[-111.753589768583,40.2840552893067],[-111.75358804084,40.2840549255958],[-111.753586314256,40.2840545573792],[-111.753584588829,40.2840541837562],[-111.753582866909,40.2840538047217],[-111.753581146149,40.2840534211814],[-111.753579426545,40.2840530322348],[-111.753577710453,40.2840526387772],[-111.753575995516,40.2840522399133],[-111.753574282912,40.2840518356404],[-111.753572571463,40.2840514259612],[-111.753570863529,40.2840510126717],[-111.753569156748,40.2840505930752],[-111.753567452302,40.2840501689703],[-111.753565749016,40.2840497403598],[-111.753564048062,40.2840493063403],[-111.753562350612,40.2840488660086],[-111.753560654328,40.2840484229724],[-111.753558961549,40.2840479736242],[-111.75355726993,40.2840475197701],[-111.753555580642,40.2840470605072],[-111.753553894863,40.2840465958327],[-111.753552210243,40.2840461266525],[-111.753550527958,40.284045652964],[-111.753548849181,40.2840451738639],[-111.753547171561,40.2840446893575],[-111.753545497455,40.2840442012408],[-111.753543824505,40.2840437077178],[-111.753542155066,40.2840432096839],[-111.753539762711,40.284042484456],[-111.753767599141,40.2838587826652],[-111.753593122453,40.2835895559839],[-111.753370106855,40.2834285844472],[-111.753310806628,40.283389469362],[-111.752842607658,40.2830320838177],[-111.752998498448,40.282923187206],[-111.753001314723,40.282921210498],[-111.752989500766,40.2829120135042],[-111.752913787484,40.2828530682794],[-111.751784236686,40.281974335771],[-111.751008479822,40.2813743641309],[-111.75101352767,40.2813716315369],[-111.750845963267,40.2812319369948],[-111.750848945053,40.2812183191645],[-111.747862111436,40.2787309191004],[-111.753773245085,40.2786435413309],[-111.75649170815,40.2786032725305],[-111.757880903661,40.2802283446874],[-111.758120849587,40.2808645986854],[-111.757973917453,40.2812742848528],[-111.757916836192,40.2818884526469],[-111.758185372245,40.2822289924434],[-111.758364482367,40.2824787617717],[-111.758425584221,40.2829334721867],[-111.7583673071,40.283229251675],[-111.75854787738,40.2838656355735],[-111.758551305052,40.2847753178362],[-111.759058281531,40.2853427512456],[-111.75920899543,40.2859337157048],[-111.759329672211,40.2864337771868],[-111.759835893339,40.2867965277979],[-111.760461685181,40.287363689532],[-111.760789993349,40.287795058875],[-111.76085137587,40.288317993012],[-111.761003151698,40.289181859313],[-111.761361170998,40.2896131613385],[-111.761333118267,40.2900453266477],[-111.761276665909,40.2908186885865],[-111.761299790586,40.2909739371093],[-111.761283108623,40.2909811291197],[-111.761211146959,40.2910065152262],[-111.760326691313,40.2910144727502],[-111.760336850165,40.2910641240655],[-111.75999775765,40.2910595772754],[-111.759930951744,40.2908500756322],[-111.759546560153,40.2903634844967],[-111.759101582432,40.2898133952345],[-111.758485666444,40.289008284991],[-111.758160453219,40.2885863151187],[-111.756845858018,40.2868805407565],[-111.755162307134,40.2869881307365]]]},"properties":{"zone_code":"A-1","zone_description":"Agriculture","zone_class_normalized":"Agriculture/Rural","jurisdiction":"vineyard_ut","source_rest_url":"https://services.arcgis.com/QdlehUncXjEmQYtI/arcgis/rest/services/Zoning_-_Public_View/FeatureServer/8","extraction_method":"arcgis_rest","confidence":"rest_api"}},{"type":"Feature","geometry":{"type":"Polygon","coordinates":[[[-111.741196624119,40.2970478444931],[-111.741196714389,40.2970734764876],[-111.743434382568,40.2970687951623],[-111.743435789768,40.2972098827113],[-111.742462177143,40.2972166683726],[-111.742450281251,40.2972175162469],[-111.742438735304,40.2972198629574],[-111.742427855493,40.2972236466045],[-111.74241795079,40.2972287602718],[-111.742409291239,40.2972350647008],[-111.742402118514,40.2972423810638],[-111.742396634213,40.2972505071996],[-111.742392988105,40.2972592194394],[-111.742391281655,40.2972682725989],[-111.742391562214,40.2972774189044],[-111.742393825342,40.2972864007822],[-111.742399808805,40.2973033212763],[-111.742407905311,40.2973197186171],[-111.742435763727,40.2973686177266],[-111.7424709824,40.2974146483281],[-111.742513066214,40.297457167486],[-111.742561422575,40.2974955756978],[-111.742615375582,40.2975293330755],[-111.74267416488,40.2975579683559],[-111.742736966829,40.2975810770551],[-111.742802898076,40.297598334071],[-111.742871033218,40.29760949815],[-111.743440435462,40.2976760040325],[-111.743450957907,40.2987318087949],[-111.743458404888,40.2996814568964],[-111.743397556087,40.2996822708793],[-111.743322850084,40.2996839269706],[-111.743254994457,40.2996851625618],[-111.743175648423,40.2996866084651],[-111.743092537332,40.299688122492],[-111.743062374567,40.2996886715989],[-111.743020353241,40.2996894372038],[-111.742969001031,40.2996900420733],[-111.742902085062,40.2996902307651],[-111.74283859206,40.2996904114023],[-111.742797819991,40.2996905258709],[-111.742776348257,40.2996905867071],[-111.742119946451,40.2996924425529],[-111.740925713686,40.2996958095397],[-111.740391063182,40.2996969190676],[-111.740348162255,40.2996974333426],[-111.738353153415,40.2970911178421],[-111.739779121328,40.2970960288116],[-111.739961646659,40.2970730605873],[-111.740778925706,40.2970713779773],[-111.740774520845,40.2970516855825],[-111.741196624119,40.2970478444931]],[[-111.742057514126,40.2972404441571],[-111.741993396228,40.2972408931244],[-111.742048955392,40.2972852686713],[-111.742102580125,40.2973281000025],[-111.742161550733,40.2974813070145],[-111.742229041876,40.2976566547358],[-111.742229723894,40.2978454929305],[-111.742345278423,40.2978452577642],[-111.742524489099,40.2978448930456],[-111.742703699767,40.2978445262509],[-111.742918854552,40.2978720429668],[-111.742918906445,40.2978720815864],[-111.74291883249,40.2978502367499],[-111.742918137964,40.2978437851182],[-111.742916136021,40.297837496519],[-111.74291287073,40.2978315257702],[-111.742908424954,40.2978260204044],[-111.74290290739,40.2978211161917],[-111.742896453734,40.2978169335354],[-111.742889225503,40.2978135765737],[-111.742881399426,40.2978111277977],[-111.742873169799,40.2978096471461],[-111.74283210267,40.2978048519605],[-111.742751686109,40.297792373231],[-111.74267322711,40.2977739884943],[-111.74259746499,40.2977498700424],[-111.742525109851,40.2977202451683],[-111.742456843743,40.2976853925612],[-111.742393310069,40.2976456396262],[-111.742335106513,40.2976013597967],[-111.74228277916,40.2975529707448],[-111.742236820113,40.2975009280816],[-111.742197663955,40.2974457208609],[-111.742165678325,40.2973878688965],[-111.742144509748,40.297337069018],[-111.742128616247,40.2972851522168],[-111.742125245559,40.2972759591781],[-111.742119845572,40.2972673530587],[-111.742112579522,40.2972595929039],[-111.742103665848,40.2972529142279],[-111.742093376977,40.2972475191097],[-111.742082021662,40.2972435708253],[-111.742069946137,40.2972411875411],[-111.742057514126,40.2972404441571]],[[-111.739476244107,40.2974645412151],[-111.73937374828,40.2974814149059],[-111.739272797011,40.2975030569263],[-111.739173759333,40.2975293845667],[-111.739077012468,40.297560301592],[-111.738982915933,40.2975956928912],[-111.738976108805,40.2975990175645],[-111.738970086647,40.2976031340943],[-111.738965004361,40.2976079385903],[-111.738960995596,40.2976133037892],[-111.738958162207,40.2976190925856],[-111.738956576601,40.2976251553256],[-111.738956282918,40.2976313325059],[-111.738957286491,40.2976374665038],[-111.738959560883,40.2976433970597],[-111.738963049102,40.2976489720822],[-111.739160523156,40.2980185142474],[-111.73944630243,40.2978913990142],[-111.739517993659,40.2978912781611],[-111.73952071061,40.2978619604081],[-111.73952917231,40.2978332919443],[-111.739543179901,40.2978059279402],[-111.7395624168,40.2977804931859],[-111.739586442768,40.297757570394],[-111.739533939961,40.2977200385757],[-111.739476244107,40.2974645412151]]]},"properties":{"zone_code":"HDR-1","zone_description":"High Density Residential","zone_class_normalized":"Residential-High","jurisdiction":"vineyard_ut","source_rest_url":"https://services.arcgis.com/QdlehUncXjEmQYtI/arcgis/rest/services/Zoning_-_Public_View/FeatureServer/8","extraction_method":"arcgis_rest","confidence":"rest_api"}},{"type":"Feature","geometry":{"type":"Polygon","coordinates":[[[-111.739048574169,40.30870994644],[-111.73897970879,40.308742986632],[-111.738906449222,40.3087699267582],[-111.738829714268,40.3087904253927],[-111.73875046539,40.3088042283862],[-111.738669699629,40.3088111616757],[-111.736358415644,40.3088190223826],[-111.735177641179,40.3088214231284],[-111.735159735917,40.3066503220824],[-111.735151180177,40.3066503996457],[-111.734702337084,40.3066513093869],[-111.734390336187,40.3066519402473],[-111.734264483373,40.3066647664451],[-111.734249741758,40.3066661244411],[-111.733844499132,40.3045258538103],[-111.733837053262,40.3042390465948],[-111.733990280184,40.3039737986246],[-111.734079738505,40.3039599216339],[-111.734085897806,40.3044268767653],[-111.734409607359,40.3043883883639],[-111.734726183064,40.3043444096075],[-111.734952788845,40.3043268762299],[-111.735194736522,40.3043223113164],[-111.735181429858,40.3004483905968],[-111.734033733638,40.3004569485958],[-111.734028863464,40.3000878608025],[-111.733994253108,40.2983492205161],[-111.733996073918,40.2983492069618],[-111.733962709917,40.2913656386731],[-111.736702399668,40.2949454398923],[-111.740348357511,40.2996974311396],[-111.740348163431,40.2996974333402],[-111.743911062162,40.304340161576],[-111.743409023544,40.3043463548812],[-111.738765476906,40.3043857988442],[-111.738814207443,40.3072059949118],[-111.738815012833,40.3073256130183],[-111.738824795856,40.3074449984176],[-111.73884352224,40.3075637557987],[-111.73887112949,40.3076814935086],[-111.738907528058,40.307797821749],[-111.738952597834,40.3079123579876],[-111.739006189296,40.3080247206507],[-111.739068124733,40.3081345426315],[-111.739138200553,40.308241457775],[-111.739216184974,40.3083451134921],[-111.739301820364,40.3084451689545],[-111.739378609788,40.3085268893254],[-111.739048574169,40.30870994644]]]},"properties":{"zone_code":"RMU","zone_description":"Regional Mixed Use","zone_class_normalized":"Mixed-Use","jurisdiction":"vineyard_ut","source_rest_url":"https://services.arcgis.com/QdlehUncXjEmQYtI/arcgis/rest/services/Zoning_-_Public_View/FeatureServer/8","extraction_method":"arcgis_rest","confidence":"rest_api"}},{"type":"Feature","geometry":{"type":"Polygon","coordinates":[[[-111.739183071096,40.3299283516498],[-111.739101501945,40.3262762240332],[-111.739104281274,40.3262741622077],[-111.744036881022,40.3262421619261],[-111.744050283216,40.3260194296165],[-111.744048736435,40.3255848866602],[-111.743090620289,40.3255923296747],[-111.741600185468,40.3255954438334],[-111.739953611007,40.3255988614829],[-111.739944823295,40.325115447098],[-111.738816357652,40.3251177757175],[-111.737930353169,40.3251142142804],[-111.738809408397,40.3243336304706],[-111.738992923519,40.3240336487064],[-111.739054556668,40.3237855356812],[-111.739031448071,40.3234935289831],[-111.73922198089,40.323473268481],[-111.739188940183,40.3232839171537],[-111.739117045864,40.3229121107581],[-111.738324405223,40.3206622822768],[-111.740439853645,40.3204185805595],[-111.743471606087,40.3200916249638],[-111.743218595638,40.3179615099952],[-111.753284535187,40.3178913664271],[-111.754949277023,40.3202075243451],[-111.756187626185,40.3219303240741],[-111.75629100383,40.3220828004688],[-111.756321549576,40.32219261779],[-111.756345122653,40.3223034356867],[-111.756361670292,40.3224149975985],[-111.756371151468,40.3225270406336],[-111.756373543992,40.3226393045598],[-111.756368844485,40.3227515245989],[-111.756357061349,40.3228634404491],[-111.756340479374,40.3229539155717],[-111.756315724662,40.3230432909311],[-111.756282913224,40.3231311321632],[-111.756242207013,40.3232170174105],[-111.756193802125,40.3233005292423],[-111.756137931188,40.3233812636566],[-111.756074865729,40.3234588336767],[-111.756004909079,40.3235328603613],[-111.755928402317,40.3236029881026],[-111.755845712467,40.3236688756456],[-111.755757239601,40.3237302068808],[-111.755556631646,40.3238564900959],[-111.755351833069,40.3239787698034],[-111.755142980071,40.3240969628263],[-111.751619661274,40.3260374455526],[-111.751385169749,40.3261598298536],[-111.751145999931,40.3262767893255],[-111.7509023621,40.3263882181149],[-111.750654471283,40.3264940184654],[-111.750402548409,40.3265940971122],[-111.750146825002,40.3266883607693],[-111.74988752909,40.3267767242657],[-111.749624895801,40.3268591114229],[-111.749374868271,40.3269307842074],[-111.749122032912,40.3269964327187],[-111.748866635491,40.327055992471],[-111.748608927692,40.3271094070734],[-111.748349162383,40.3271566219361],[-111.74808759365,40.3271975923754],[-111.747824477945,40.3272322773074],[-111.747560070571,40.3272606419573],[-111.747294635103,40.3272826614419],[-111.74702842924,40.3272983117934],[-111.746761714242,40.3273075780451],[-111.746615004785,40.3273088369877],[-111.746468335675,40.3273059419542],[-111.74632190818,40.3272988970236],[-111.746306276164,40.3298516096464],[-111.745001395879,40.3298623616661],[-111.744874253439,40.3298096359877],[-111.744412588764,40.3298061928857],[-111.743991350321,40.3298114960437],[-111.743916456625,40.329846983167],[-111.743853012843,40.3298559489327],[-111.743835621153,40.3298339044862],[-111.743696703005,40.3297149598956],[-111.743661986212,40.3296885348595],[-111.743633070704,40.3296709310939],[-111.743586795082,40.3296401152443],[-111.743529058423,40.3296314039926],[-111.74345405592,40.3296359778406],[-111.743384840101,40.3296449553765],[-111.743056088239,40.3296942230935],[-111.742577128264,40.329695225397],[-111.741469174053,40.3296975368984],[-111.74133074175,40.3297154886771],[-111.741163548889,40.3297599979609],[-111.741082869577,40.3297910794184],[-111.740517411733,40.3298099184201],[-111.739322956917,40.3298300533975],[-111.739484796109,40.3299047947432],[-111.739510635088,40.3299262740396],[-111.739183071096,40.3299283516498]]]},"properties":{"zone_code":"FOI","zone_description":"Flex Office & Industry","zone_class_normalized":"Commercial","jurisdiction":"vineyard_ut","source_rest_url":"https://services.arcgis.com/QdlehUncXjEmQYtI/arcgis/rest/services/Zoning_-_Public_View/FeatureServer/8","extraction_method":"arcgis_rest","confidence":"rest_api"}},{"type":"Feature","geometry":{"type":"Polygon","coordinates":[[[-111.759537941455,40.3261010017914],[-111.759539188084,40.3260983295525],[-111.759531717368,40.3260984398091],[-111.759497642237,40.326084412496],[-111.759497320323,40.3260519526677],[-111.759180640967,40.3255345754885],[-111.756731090215,40.3219190668173],[-111.756464530522,40.3215413974166],[-111.755938321681,40.3215834974293],[-111.754949277023,40.3202075243451],[-111.748289181709,40.310940420284],[-111.748768778565,40.3108354236147],[-111.75122476671,40.3103274241238],[-111.75238737375,40.3100504012427],[-111.75329028227,40.3098507965742],[-111.754037364218,40.3096954460155],[-111.754354493593,40.3096357338026],[-111.754762958538,40.3095483711316],[-111.75512130178,40.3094830784839],[-111.755535225498,40.309417662286],[-111.755873963374,40.3093839792851],[-111.756218162967,40.3093722435252],[-111.756591129981,40.3093824055797],[-111.756930093769,40.3094091120502],[-111.757238614562,40.30944549255],[-111.75752743837,40.3094887784967],[-111.757796557259,40.309536224916],[-111.758119628122,40.3096274737392],[-111.758338607473,40.3096915013952],[-111.7585988864,40.3097719080641],[-111.75883768611,40.3098619688195],[-111.759008321629,40.3099425722321],[-111.759205932105,40.3100450766526],[-111.759338852444,40.3101092942222],[-111.759480816832,40.3101940782831],[-111.759628122741,40.3102692423204],[-111.759726962682,40.3103294156641],[-111.75983840538,40.3104032874832],[-111.759908527561,40.3104552891223],[-111.759993029777,40.3105168667006],[-111.760043362172,40.3105510698024],[-111.760106298461,40.3105989696088],[-111.760180012134,40.3106523365564],[-111.760235786123,40.3107029973777],[-111.760307733158,40.3107632301199],[-111.760397672349,40.3108398935404],[-111.760466054675,40.3109056253018],[-111.760544987475,40.3109830147369],[-111.760473617897,40.3106955325194],[-111.758796081868,40.3039375055219],[-111.759842714612,40.3039101383053],[-111.759846884682,40.3039119645293],[-111.759851139585,40.30391382659],[-111.759850883436,40.3039089448044],[-111.761029083176,40.3039066217876],[-111.761029081842,40.3039065803612],[-111.761043908739,40.3039065931648],[-111.762146850172,40.3039074918807],[-111.761997481831,40.3039345605726],[-111.762222715189,40.3047834337191],[-111.762300877003,40.3050352403333],[-111.762379211115,40.305337698319],[-111.762467477126,40.3056555339043],[-111.762574832202,40.3059902539624],[-111.762602179592,40.3061144164401],[-111.762693434387,40.3063457370989],[-111.762812841999,40.3067118259649],[-111.762916067562,40.3070826713222],[-111.762967707587,40.307461025992],[-111.762985664403,40.3078383864622],[-111.763003939717,40.3082110187283],[-111.763029799969,40.3085858530397],[-111.763077417627,40.3089594377648],[-111.76310215006,40.3090910901866],[-111.763152483242,40.3093179163862],[-111.7632373213,40.3096644556894],[-111.763322011533,40.3100032299463],[-111.763389084985,40.3103236627487],[-111.763401818617,40.3106299798496],[-111.763378179624,40.3109294016928],[-111.763364926002,40.3112284020125],[-111.763373871014,40.3115266686832],[-111.763383241757,40.311819673755],[-111.763382220856,40.3119286358073],[-111.763380547459,40.3121071481764],[-111.763374004263,40.3123804165237],[-111.76336552055,40.3126355351208],[-111.763350565566,40.312871896348],[-111.763331461809,40.3130983995496],[-111.763311653032,40.3133315924345],[-111.763287117871,40.3135818827908],[-111.763258044239,40.3138225798797],[-111.763204402806,40.3140754242064],[-111.763145618907,40.3143287267832],[-111.763123401211,40.3145914288513],[-111.763180263894,40.3148602545404],[-111.763304174698,40.315125259027],[-111.763477083553,40.3153851993989],[-111.763673745432,40.3156412843217],[-111.763865778164,40.3158913532069],[-111.764042070084,40.3161399748865],[-111.764184229201,40.3163906107229],[-111.764258707203,40.3166499311561],[-111.764247868354,40.3169111385831],[-111.764128386837,40.3171653505182],[-111.76393862232,40.3174068681397],[-111.763734491277,40.3176520203919],[-111.763540583014,40.3179117349691],[-111.763410531532,40.3181935545175],[-111.763343842197,40.3184895403773],[-111.763296138879,40.3187948905056],[-111.763249139555,40.3191129946648],[-111.763201027308,40.3194382955353],[-111.763155206086,40.3197563996375],[-111.763110949256,40.3200671266846],[-111.763056472841,40.320366514306],[-111.7629791729,40.3206571234345],[-111.762890620883,40.3209455197254],[-111.762796019888,40.3212402987974],[-111.762695026107,40.3215356036934],[-111.762590507339,40.321826308758],[-111.762487868485,40.3221119209051],[-111.762387989178,40.3223938269409],[-111.762306387707,40.3226775921721],[-111.762256315665,40.3229612460369],[-111.762219275258,40.323240030617],[-111.762195257309,40.3235136568444],[-111.762182923487,40.3237844306467],[-111.762179874027,40.3240525024143],[-111.76219129434,40.3243186728848],[-111.762213186142,40.3245829492248],[-111.762247931136,40.3248437697933],[-111.762298103215,40.3250895304722],[-111.762350536777,40.3253133466552],[-111.762388083103,40.3255114877061],[-111.762409573741,40.3256830898602],[-111.762422987359,40.3258829332171],[-111.762460985218,40.3260986526138],[-111.759537941455,40.3261010017914]]]},"properties":{"zone_code":"TC","zone_description":"Town Center","zone_class_normalized":"Mixed-Use","jurisdiction":"vineyard_ut","source_rest_url":"https://services.arcgis.com/QdlehUncXjEmQYtI/arcgis/rest/services/Zoning_-_Public_View/FeatureServer/8","extraction_method":"arcgis_rest","confidence":"rest_api"}},{"type":"Feature","geometry":{"type":"Polygon","coordinates":[[[-111.73776533371,40.3190731712526],[-111.737410957905,40.3183514106597],[-111.737335808224,40.3183606507015],[-111.737305203379,40.3183633391028],[-111.737040091536,40.3176110112742],[-111.737020708557,40.3175420891349],[-111.737018169229,40.3175423599724],[-111.737017502833,40.3175401926001],[-111.736638076038,40.3175807092319],[-111.736619479723,40.3174941663524],[-111.736618207736,40.3174873313234],[-111.736560398717,40.317493271862],[-111.736304953544,40.3175185678331],[-111.735237247484,40.3118810417172],[-111.740506125514,40.3118874208052],[-111.741115727781,40.3118751748658],[-111.741771899692,40.3118491019181],[-111.742128666679,40.3118272504613],[-111.742275444928,40.312219876862],[-111.742456237101,40.3131864544566],[-111.742491910889,40.3133566975654],[-111.742534456005,40.3135260131488],[-111.742583831919,40.3136942382688],[-111.742639991051,40.313861212703],[-111.742702881105,40.3140267744363],[-111.742854305941,40.3144026681294],[-111.742898349902,40.3145211171132],[-111.742935396171,40.3146409603966],[-111.742965373268,40.3147619576652],[-111.742988217932,40.3148838640835],[-111.743003884536,40.3150064320761],[-111.743012341579,40.3151294149375],[-111.743013574025,40.315252565927],[-111.74299384489,40.3162698067878],[-111.742993969792,40.3164389328649],[-111.743000913841,40.3166079745024],[-111.743014669463,40.316776772303],[-111.743035225543,40.3169451641736],[-111.743062560387,40.3171129907438],[-111.743217311641,40.3179567816431],[-111.743215683125,40.3179567535106],[-111.743218285145,40.3179588970048],[-111.743471606087,40.3200916249638],[-111.740439853645,40.3204185805595],[-111.738324405223,40.3206622822768],[-111.738071375859,40.3199440513089],[-111.73776533371,40.3190731712526]]]},"properties":{"zone_code":"RC","zone_description":"Regional Commercial","zone_class_normalized":"Commercial","jurisdiction":"vineyard_ut","source_rest_url":"https://services.arcgis.com/QdlehUncXjEmQYtI/arcgis/rest/services/Zoning_-_Public_View/FeatureServer/8","extraction_method":"arcgis_rest","confidence":"rest_api"}},{"type":"Feature","geometry":{"type":"Polygon","coordinates":[[[-111.743946746178,40.2969576907528],[-111.743953848512,40.2969640191207],[-111.74457650713,40.2969644445427],[-111.745665592545,40.2969656068889],[-111.745935020694,40.2969615716026],[-111.745935774087,40.2969607558389],[-111.745951630591,40.2970025697438],[-111.746488069202,40.2970139020962],[-111.746692081878,40.2972661736154],[-111.746834144241,40.297265870819],[-111.747160890916,40.2983429797674],[-111.749352191594,40.3042909292997],[-111.750927804262,40.3042578734642],[-111.750941779432,40.3042260761766],[-111.751047026859,40.3042258500617],[-111.752594943249,40.3042084050655],[-111.752743657702,40.3042057246647],[-111.752891856641,40.3041959670833],[-111.753038986099,40.3041791722504],[-111.753184456875,40.3041553945843],[-111.753632007503,40.3040710176056],[-111.753607458296,40.30392403287],[-111.753483248229,40.3035574710767],[-111.753447500791,40.3034216469623],[-111.753418290633,40.3032849134176],[-111.753395638368,40.3031474469272],[-111.753379582316,40.303009441049],[-111.753370143109,40.3028710776693],[-111.753309820008,40.3015073457845],[-111.753131707656,40.3015124349845],[-111.751995330477,40.3015101904247],[-111.751725059211,40.3015107731056],[-111.751454786765,40.3015113551637],[-111.750920407663,40.3015172072917],[-111.750791418231,40.3015174842726],[-111.750674859696,40.3015600599121],[-111.750558283836,40.3015979395461],[-111.750429417723,40.3016358409066],[-111.75036193752,40.3016595029953],[-111.750245326932,40.3016879725262],[-111.749858379745,40.3017029137516],[-111.749861176669,40.3017192552453],[-111.749846510772,40.3017090724791],[-111.749650870946,40.3011854257916],[-111.748753525649,40.2986058604408],[-111.748755271701,40.2986085802538],[-111.749475966371,40.2992028625861],[-111.753099011139,40.2992015023769],[-111.753111553613,40.2995264012564],[-111.755753751191,40.2994971822239],[-111.755754171814,40.2995216201298],[-111.75953088692,40.2995132879802],[-111.761614100538,40.2995086394545],[-111.761805725129,40.2995082092587],[-111.761834841176,40.299515145568],[-111.761650527524,40.301363257934],[-111.762024857397,40.3032155796509],[-111.762022636449,40.3032155792284],[-111.759773179853,40.3032154790282],[-111.759790981559,40.3032874247039],[-111.759817776128,40.3033577202218],[-111.759853306997,40.3034257077806],[-111.759897251796,40.3034907486371],[-111.759949195346,40.3035522375765],[-111.760008644932,40.3036095983767],[-111.760075058581,40.3036622954528],[-111.760147803894,40.3037098357514],[-111.760226207467,40.303751771343],[-111.7603095338,40.3037877228854],[-111.760397008673,40.3038173381434],[-111.760487807608,40.3038403523575],[-111.760620989274,40.303865426285],[-111.760755904904,40.3038842980036],[-111.760892063639,40.3038968938507],[-111.761028970038,40.303903172599],[-111.761029081849,40.3039065821625],[-111.761029081993,40.303906619989],[-111.759850885796,40.3039089466005],[-111.759851141935,40.3039138256842],[-111.759846884678,40.3039119636287],[-111.759842718145,40.3039101391981],[-111.758796078346,40.303937507331],[-111.760473619081,40.310695534318],[-111.760544987478,40.3109830156375],[-111.760466054675,40.3109056253018],[-111.760397672349,40.3108398935404],[-111.760307733158,40.3107632301199],[-111.760235786123,40.3107029973777],[-111.760180012134,40.3106523365564],[-111.760106298461,40.3105989696088],[-111.760043362172,40.3105510698024],[-111.759993029777,40.3105168667006],[-111.759908527561,40.3104552891223],[-111.75983840538,40.3104032874832],[-111.759726962682,40.3103294156641],[-111.759628122741,40.3102692423204],[-111.759480816832,40.3101940782831],[-111.759338852444,40.3101092942222],[-111.759205932105,40.3100450766526],[-111.759008321629,40.3099425722321],[-111.75883768611,40.3098619688195],[-111.7585988864,40.3097719080641],[-111.758338607473,40.3096915013952],[-111.758119628122,40.3096274737392],[-111.757796557259,40.309536224916],[-111.75752743837,40.3094887784967],[-111.757238614562,40.30944549255],[-111.756930093769,40.3094091120502],[-111.756591129981,40.3093824055797],[-111.756218162967,40.3093722435252],[-111.755873963374,40.3093839792851],[-111.755535225498,40.309417662286],[-111.75512130178,40.3094830784839],[-111.754762958538,40.3095483711316],[-111.754354493593,40.3096357338026],[-111.754037364218,40.3096954460155],[-111.75329028227,40.3098507965742],[-111.75238737375,40.3100504012427],[-111.75122476671,40.3103274241238],[-111.748768779732,40.3108354209104],[-111.748289184066,40.3109404211796],[-111.745865002056,40.3075667180502],[-111.74508593865,40.3065452233123],[-111.745526413328,40.3063537013179],[-111.745527672848,40.3063512912701],[-111.746117561793,40.3060959427558],[-111.74749743829,40.3059500598146],[-111.747471875051,40.3044083491403],[-111.747468173456,40.3043062553755],[-111.743990693919,40.3043391495974],[-111.743990722248,40.3043391765574],[-111.743911060976,40.3043401588765],[-111.740348162265,40.2996974360445],[-111.740391066708,40.2996969181597],[-111.741367802791,40.2996948897481],[-111.742119946451,40.2996924425529],[-111.742776345907,40.2996905876126],[-111.742797816463,40.2996905258782],[-111.742838595579,40.2996904086931],[-111.742902083895,40.2996902334693],[-111.742969003374,40.2996900393665],[-111.743020353244,40.2996894381045],[-111.743062374558,40.299688668897],[-111.743092534986,40.2996881242982],[-111.743175647247,40.2996866084675],[-111.743254993277,40.2996851616636],[-111.743322853606,40.2996839251619],[-111.74339755609,40.2996822717799],[-111.743458401362,40.2996814578044],[-111.743450956731,40.2987318087973],[-111.743440431933,40.2976760040399],[-111.743441525122,40.2976761305531],[-111.743441465336,40.2976593112497],[-111.74343987123,40.2972098525905],[-111.743435787415,40.2972098827162],[-111.743434321114,40.2970627574072],[-111.743433958727,40.2969604735034],[-111.743500791402,40.2969604350817],[-111.743946755097,40.2969601945104],[-111.743946746178,40.2969576907528]],[[-111.755693409912,40.3038662818372],[-111.755142608719,40.3038674869488],[-111.754723996314,40.30386840042],[-111.754486273418,40.3039296448644],[-111.753632358804,40.3040731243339],[-111.75363194616,40.3040731945788],[-111.753802065247,40.3047947857188],[-111.753847715454,40.3052231402351],[-111.75379585686,40.3054998916061],[-111.753914845899,40.3055030059443],[-111.754144077903,40.3055261249118],[-111.754263086164,40.3055359837224],[-111.755638230444,40.3056139527856],[-111.755661144952,40.3056138495061],[-111.755683747933,40.3056109684394],[-111.755705465559,40.3056053774887],[-111.755725751326,40.3055972156481],[-111.755744088426,40.3055866984012],[-111.755760015505,40.3055740852416],[-111.755773127915,40.3055596985836],[-111.755783091746,40.3055439030164],[-111.755789653187,40.3055270899728],[-111.755792649195,40.3055097011224],[-111.755792009615,40.3054921653223],[-111.75579227624,40.3043822359173],[-111.755788892902,40.3043311889063],[-111.75577874509,40.3042806727696],[-111.755761942982,40.3042312060313],[-111.755738654397,40.3041833079888],[-111.755718646301,40.3041419116658],[-111.755704424311,40.3040991346069],[-111.755696165463,40.3040554501617],[-111.755693950382,40.3040113453998],[-111.755693409912,40.3038662818372]],[[-111.753509857406,40.3056394916054],[-111.753321672501,40.3056413588276],[-111.753088703883,40.3056436226819],[-111.752900407038,40.3056454462374],[-111.752719883508,40.3056471986366],[-111.752538204823,40.3056489694654],[-111.752356526128,40.3056507400116],[-111.752174826269,40.3056525157248],[-111.752083745177,40.3056534039741],[-111.751637234202,40.3056577988802],[-111.751648985463,40.3057609577094],[-111.751648999758,40.305761006313],[-111.751649007032,40.3057610648387],[-111.751653371248,40.3057994243602],[-111.75167144606,40.3059580622853],[-111.751697816848,40.3061896546011],[-111.751717282243,40.3063604183755],[-111.75173630593,40.3065274841755],[-111.751755330822,40.3066945328491],[-111.751774355847,40.3068615923183],[-111.751780587166,40.3069162682291],[-111.751799611135,40.3070833267844],[-111.751818650572,40.3072504078105],[-111.751837690086,40.3074174843214],[-111.751856708514,40.3075845599654],[-111.751877057847,40.3077632239148],[-111.751877101659,40.3077636210009],[-111.751885247557,40.3078900356297],[-111.752107671037,40.3078477627753],[-111.75217111386,40.3078379737428],[-111.75223357196,40.307824981438],[-111.752390444436,40.307791304715],[-111.75254932862,40.3077637351487],[-111.752709833004,40.3077423276161],[-111.752871543784,40.3077271514548],[-111.753450928291,40.3076841028976],[-111.753450239264,40.3074976267726],[-111.753490699538,40.3070828005006],[-111.753547840411,40.3066357843383],[-111.753559052425,40.3065070266318],[-111.75357719277,40.3063787321195],[-111.75360223516,40.3062511188092],[-111.753634135649,40.306124402044],[-111.753764184229,40.305659683831],[-111.753509857406,40.3056394916054]]]},"properties":{"zone_code":"Waters Edge","zone_description":"Special Purpose Districts","zone_class_normalized":"Other/Unknown","jurisdiction":"vineyard_ut","source_rest_url":"https://services.arcgis.com/QdlehUncXjEmQYtI/arcgis/rest/services/Zoning_-_Public_View/FeatureServer/8","extraction_method":"arcgis_rest","confidence":"rest_api"}},{"type":"Feature","geometry":{"type":"Polygon","coordinates":[[[-111.735159735917,40.3066503220824],[-111.735177641179,40.3088214231284],[-111.736358415644,40.3088190223826],[-111.738632770522,40.3088126970378],[-111.738713152848,40.3088088240158],[-111.73879246302,40.308798087586],[-111.738869705031,40.3087806212794],[-111.738943910249,40.3087566477368],[-111.739014142078,40.3087264669902],[-111.739373670148,40.3085293104472],[-111.739448991568,40.3086073339671],[-111.739530811001,40.3086814227483],[-111.739618779121,40.3087512604702],[-111.739712520779,40.3088165497785],[-111.739810698723,40.3088911685937],[-111.739997138644,40.3090245355311],[-111.740169979023,40.3091406514335],[-111.740347615328,40.3092524449695],[-111.740529862449,40.3093598030188],[-111.740716531735,40.3094626106673],[-111.740907428687,40.3095607638217],[-111.741020111162,40.3096203300049],[-111.741128094656,40.3096847935238],[-111.741231014898,40.3097539407921],[-111.741328527544,40.3098275374685],[-111.741420304671,40.3099053383703],[-111.741506035938,40.3099870793655],[-111.741585434491,40.3100724872671],[-111.741658233419,40.3101612735359],[-111.741724188135,40.3102531423809],[-111.741783076342,40.3103477817532],[-111.741834700427,40.3104448750486],[-111.741878885092,40.3105440948081],[-111.741890941531,40.3105707187374],[-111.741905342601,40.3105966506263],[-111.741948248813,40.3106732796735],[-111.741984839429,40.3107518041106],[-111.742014972183,40.3108319207241],[-111.742038530658,40.3109133181405],[-111.742055424305,40.3109956813287],[-111.742065583732,40.3110786898094],[-111.742088045838,40.3113544095457],[-111.742128666679,40.3118272504613],[-111.741771899692,40.3118491019181],[-111.741115727781,40.3118751748658],[-111.740506125514,40.3118874208052],[-111.735237247484,40.3118810417172],[-111.734249741758,40.3066661244411],[-111.734264483373,40.3066647664451],[-111.734390336187,40.3066519402473],[-111.734702337084,40.3066513093869],[-111.735151180177,40.3066503996457],[-111.735159735917,40.3066503220824]]]},"properties":{"zone_code":"The Forge","zone_description":"Mixed Use","zone_class_normalized":"Mixed-Use","jurisdiction":"vineyard_ut","source_rest_url":"https://services.arcgis.com/QdlehUncXjEmQYtI/arcgis/rest/services/Zoning_-_Public_View/FeatureServer/8","extraction_method":"arcgis_rest","confidence":"rest_api"}},{"type":"Feature","geometry":{"type":"Polygon","coordinates":[[[-111.733263459851,40.2838572011594],[-111.733291445186,40.2838470994979],[-111.734309900683,40.283826303027],[-111.734296991477,40.2841384708363],[-111.734267940626,40.2846853324038],[-111.733741879264,40.2846846796885],[-111.733675107166,40.2846824130904],[-111.733674415228,40.2846833205207],[-111.733671928931,40.284683270556],[-111.733350108693,40.2839835647097],[-111.733263459851,40.2838572011594]]]},"properties":{"zone_code":"RC","zone_description":"Regional Commercial","zone_class_normalized":"Commercial","jurisdiction":"vineyard_ut","source_rest_url":"https://services.arcgis.com/QdlehUncXjEmQYtI/arcgis/rest/services/Zoning_-_Public_View/FeatureServer/8","extraction_method":"arcgis_rest","confidence":"rest_api"}},{"type":"Feature","geometry":{"type":"Polygon","coordinates":[[[-111.735579735028,40.2881850586719],[-111.735583440558,40.2881832535181],[-111.737025703406,40.2881834509134],[-111.738373071443,40.2881715583722],[-111.738373606702,40.2882037029672],[-111.738373858377,40.2882037006523],[-111.738399305702,40.2896490172694],[-111.738406372976,40.2897916112121],[-111.735047621699,40.2898178642071],[-111.735024749703,40.2885941941686],[-111.735585741515,40.2885892957193],[-111.735579735028,40.2881850586719]]]},"properties":{"zone_code":"PF","zone_description":"Public Facility","zone_class_normalized":"Open Space/Public","jurisdiction":"vineyard_ut","source_rest_url":"https://services.arcgis.com/QdlehUncXjEmQYtI/arcgis/rest/services/Zoning_-_Public_View/FeatureServer/8","extraction_method":"arcgis_rest","confidence":"rest_api"}},{"type":"Feature","geometry":{"type":"Polygon","coordinates":[[[-111.748093945697,40.2954282865336],[-111.748124017772,40.2954175176599],[-111.748181788294,40.2952158327126],[-111.74829315429,40.2950065684122],[-111.748409312525,40.294774897593],[-111.748506579365,40.2947112343363],[-111.748822603821,40.294479135909],[-111.748929566191,40.2944005217336],[-111.749075539519,40.2943255556319],[-111.749313903764,40.2941869367064],[-111.749450099651,40.2941045264944],[-111.749430057156,40.2939552648126],[-111.749541158896,40.2936750797954],[-111.749548750534,40.2930815777809],[-111.749552254496,40.2927045767046],[-111.749556600443,40.292558995126],[-111.749936716818,40.2925283153625],[-111.749961144778,40.2925431939062],[-111.750215009299,40.2926471588781],[-111.750352140087,40.2928222962686],[-111.750513768082,40.2930309739341],[-111.750563142333,40.2932025678811],[-111.750612393911,40.2933405681849],[-111.750612653407,40.2934114867335],[-111.750623028621,40.2935831652019],[-111.750623137887,40.2936130256887],[-111.750619013847,40.2938183282265],[-111.750619367784,40.2939153750282],[-111.75069272193,40.2939786713096],[-111.750756271003,40.294027057784],[-111.750868891631,40.2941649227954],[-111.7509520867,40.2942543262385],[-111.751045237801,40.2943996983016],[-111.751133456886,40.2945301491806],[-111.751172755788,40.2946121832207],[-111.751256197097,40.2947687727327],[-111.751280748215,40.2948172436891],[-111.751300355563,40.2948470631198],[-111.751583084668,40.2948464536326],[-111.751661065636,40.2948425534037],[-111.752178687558,40.2950138312341],[-111.751812989664,40.2957196291153],[-111.751699784965,40.2962456258594],[-111.751697084754,40.2955092877774],[-111.748350599104,40.2955164856647],[-111.748350378751,40.2954557181872],[-111.748350278465,40.2954277373331],[-111.748093945697,40.2954282865336]]]},"properties":{"zone_code":"R-1-10","zone_description":"Single-Family Residential","zone_class_normalized":"Residential-Low","jurisdiction":"vineyard_ut","source_rest_url":"https://services.arcgis.com/QdlehUncXjEmQYtI/arcgis/rest/services/Zoning_-_Public_View/FeatureServer/8","extraction_method":"arcgis_rest","confidence":"rest_api"}},{"type":"Feature","geometry":{"type":"Polygon","coordinates":[[[-111.755142606363,40.3038674860533],[-111.755693411085,40.303866280934],[-111.755693951565,40.3040113471985],[-111.755696165473,40.3040554528636],[-111.755704426667,40.3040991355024],[-111.755718642772,40.3041419116735],[-111.75573865674,40.3041833052818],[-111.755761940629,40.3042312060364],[-111.75577874273,40.3042806709735],[-111.755788889369,40.3043311880134],[-111.75579227623,40.3043822332154],[-111.755792007256,40.3054921635262],[-111.755792651544,40.3055097002166],[-111.75578965437,40.3055270917714],[-111.755783091736,40.3055439003145],[-111.755773126735,40.3055596976856],[-111.755760016685,40.3055740861397],[-111.755744090782,40.3055866992967],[-111.755725752513,40.3055972183474],[-111.755705466732,40.3056053765855],[-111.75568374793,40.3056109675387],[-111.755661144956,40.3056138504067],[-111.755638230438,40.3056139509843],[-111.7542630897,40.305535985516],[-111.75414407437,40.3055261240189],[-111.753914847078,40.3055030068424],[-111.753795859213,40.305499891601],[-111.753847714277,40.3052231402376],[-111.753802062898,40.3047947866245],[-111.753631948517,40.3040731954743],[-111.75363235881,40.3040731261352],[-111.754486273415,40.3039296439638],[-111.754723995135,40.3038683995219],[-111.755142606363,40.3038674860533]]]},"properties":{"zone_code":"PF","zone_description":"Public Facility","zone_class_normalized":"Open Space/Public","jurisdiction":"vineyard_ut","source_rest_url":"https://services.arcgis.com/QdlehUncXjEmQYtI/arcgis/rest/services/Zoning_-_Public_View/FeatureServer/8","extraction_method":"arcgis_rest","confidence":"rest_api"}},{"type":"Feature","geometry":{"type":"Polygon","coordinates":[[[-111.743323844345,40.293049364436],[-111.74332382864,40.2930462680683],[-111.742964458875,40.2930490848896],[-111.741192487936,40.2916940757866],[-111.740141735025,40.2917023236816],[-111.740116178083,40.289786883939],[-111.740128756298,40.2897770528039],[-111.740245816186,40.2897645831863],[-111.740708936299,40.2897717741942],[-111.740709264577,40.2898655212239],[-111.740847645461,40.289861156962],[-111.740848890027,40.290215764596],[-111.741317306461,40.2902147905765],[-111.741546749805,40.2903732758067],[-111.741559133024,40.2908664428188],[-111.742064770393,40.2908531608327],[-111.742400160386,40.2908646878856],[-111.742401513983,40.2912478265727],[-111.742567001892,40.2913819873762],[-111.743367793854,40.2920406162433],[-111.743397993996,40.2930513931025],[-111.74332877987,40.2930474628106],[-111.743323844345,40.293049364436]]]},"properties":{"zone_code":"OS","zone_description":"Open Space","zone_class_normalized":"Open Space/Public","jurisdiction":"vineyard_ut","source_rest_url":"https://services.arcgis.com/QdlehUncXjEmQYtI/arcgis/rest/services/Zoning_-_Public_View/FeatureServer/8","extraction_method":"arcgis_rest","confidence":"rest_api"}},{"type":"Feature","geometry":{"type":"Polygon","coordinates":[[[-111.749352188075,40.3042909320091],[-111.747160887384,40.2983429788743],[-111.746834143058,40.2972658690202],[-111.746692084224,40.2972661718092],[-111.746488070379,40.2970139020937],[-111.74775277492,40.2970406090833],[-111.747747212644,40.2970406569057],[-111.748147292444,40.2976629462811],[-111.748753523293,40.2986058595452],[-111.74965087094,40.3011854239904],[-111.74984650842,40.3017090724841],[-111.749861180195,40.3017192543371],[-111.749858380921,40.3017029137491],[-111.750245325749,40.3016879707275],[-111.750361936337,40.3016595011966],[-111.750429421252,40.3016358408991],[-111.750558281476,40.3015979377499],[-111.750674856177,40.3015600626215],[-111.750791414702,40.3015174842801],[-111.750920406486,40.3015172072942],[-111.751454787938,40.3015113542606],[-111.751725058032,40.3015107722075],[-111.751995328121,40.3015101895292],[-111.753131707656,40.3015124349845],[-111.753309823534,40.3015073448763],[-111.753370141943,40.3028710803738],[-111.753379581147,40.3030094428528],[-111.753395636025,40.3031474496342],[-111.753418288277,40.303284912522],[-111.753447504317,40.303421646054],[-111.753483245873,40.3035574701811],[-111.75360745594,40.3039240319744],[-111.753632006337,40.30407102031],[-111.753184458058,40.304155396383],[-111.753038983743,40.3041791713549],[-111.75289186018,40.3041959697776],[-111.752743656536,40.3042057273691],[-111.752594945601,40.3042084050605],[-111.751047025689,40.3042258518655],[-111.750941778262,40.3042260779804],[-111.750927803082,40.3042578725661],[-111.749352188075,40.3042909320091]]]},"properties":{"zone_code":"OS","zone_description":"Open Space","zone_class_normalized":"Open Space/Public","jurisdiction":"vineyard_ut","source_rest_url":"https://services.arcgis.com/QdlehUncXjEmQYtI/arcgis/rest/services/Zoning_-_Public_View/FeatureServer/8","extraction_method":"arcgis_rest","confidence":"rest_api"}},{"type":"Feature","geometry":{"type":"Polygon","coordinates":[[[-111.753321672507,40.3056413606288],[-111.75350985858,40.3056394907023],[-111.753764184239,40.3056596865329],[-111.753634138009,40.3061244038402],[-111.753602237506,40.3062511170028],[-111.75357719394,40.3063787303157],[-111.753559050065,40.3065070248357],[-111.753547840411,40.3066357843383],[-111.753490699535,40.3070827995999],[-111.753450235745,40.3074976294822],[-111.753450924752,40.3076841002034],[-111.752871546137,40.3077271514497],[-111.752709835363,40.3077423294123],[-111.752549332139,40.3077637324392],[-111.75239044209,40.3077913065213],[-111.752233571963,40.3078249823386],[-111.752171116219,40.307837975539],[-111.75210766985,40.3078477600759],[-111.751885247557,40.3078900356297],[-111.751877102842,40.3077636227996],[-111.751877057844,40.3077632230142],[-111.751856706151,40.3075845572686],[-111.751837690093,40.3074174861227],[-111.751818652925,40.3072504078054],[-111.751799613491,40.3070833276799],[-111.75178058481,40.3069162673336],[-111.751774355844,40.3068615914177],[-111.7517553273,40.306694534658],[-111.751736308263,40.3065274787667],[-111.751717279881,40.3063604156787],[-111.751697816855,40.3061896564024],[-111.751671443697,40.3059580595885],[-111.751653372428,40.3057994252583],[-111.751649003509,40.3057610666476],[-111.751648997405,40.3057610063181],[-111.751648986639,40.3057609577069],[-111.751637237731,40.3056577988726],[-111.752083742814,40.3056534012774],[-111.752174827439,40.305652513921],[-111.752356528487,40.3056507418078],[-111.752538206003,40.3056489703635],[-111.752719883508,40.3056471986366],[-111.752900405869,40.3056454480412],[-111.753088702716,40.3056436253863],[-111.753321672507,40.3056413606288]]]},"properties":{"zone_code":"OS","zone_description":"Open Space","zone_class_normalized":"Open Space/Public","jurisdiction":"vineyard_ut","source_rest_url":"https://services.arcgis.com/QdlehUncXjEmQYtI/arcgis/rest/services/Zoning_-_Public_View/FeatureServer/8","extraction_method":"arcgis_rest","confidence":"rest_api"}},{"type":"Feature","geometry":{"type":"Polygon","coordinates":[[[-111.743990697445,40.3043391486894],[-111.747468171103,40.3043062553805],[-111.747471872704,40.3044083509465],[-111.747497439473,40.3059500616134],[-111.746117562969,40.3060959427533],[-111.745527676367,40.3063512885608],[-111.745526410975,40.3063537013228],[-111.745085938654,40.3065452242129],[-111.745864999697,40.3075667162539],[-111.748289181709,40.310940420284],[-111.748322790443,40.3109871908886],[-111.748201872719,40.3110118262055],[-111.747504279533,40.3111581569452],[-111.746878327179,40.3112693695067],[-111.746350168705,40.3113603928712],[-111.745750237629,40.3114515666249],[-111.744811157182,40.3115784137342],[-111.744139399641,40.3116547467151],[-111.743330644849,40.3117363579384],[-111.742580519305,40.3117928690506],[-111.742130450917,40.3118287706376],[-111.742129252226,40.3118288154515],[-111.742128666679,40.3118272504613],[-111.742088045838,40.3113544095457],[-111.742065583732,40.3110786898094],[-111.742055424305,40.3109956813287],[-111.742038530658,40.3109133181405],[-111.742014972183,40.3108319207241],[-111.741984839429,40.3107518041106],[-111.741948248813,40.3106732796735],[-111.741905342601,40.3105966506263],[-111.741890941531,40.3105707187374],[-111.741878885092,40.3105440948081],[-111.741834700427,40.3104448750486],[-111.741783076342,40.3103477817532],[-111.741724188135,40.3102531423809],[-111.741658233419,40.3101612735359],[-111.741585434491,40.3100724872671],[-111.741506035938,40.3099870793655],[-111.741420304671,40.3099053383703],[-111.741328527544,40.3098275374685],[-111.741231014898,40.3097539407921],[-111.741128094656,40.3096847935238],[-111.741020111162,40.3096203300049],[-111.740907428687,40.3095607638217],[-111.740716531735,40.3094626106673],[-111.740529862449,40.3093598030188],[-111.740347615328,40.3092524449695],[-111.740169979023,40.3091406514335],[-111.739997138644,40.3090245355311],[-111.739810698723,40.3088911685937],[-111.739712520779,40.3088165497785],[-111.739693755536,40.3088162757572],[-111.739714855521,40.3088029652071],[-111.739601683603,40.3087204865924],[-111.739494888978,40.3086331655867],[-111.739394823235,40.3085412914913],[-111.739301820364,40.3084451689545],[-111.739216184974,40.3083451134921],[-111.739138200553,40.308241457775],[-111.739068124733,40.3081345426315],[-111.739006189296,40.3080247206507],[-111.738952597834,40.3079123579876],[-111.738907528058,40.307797821749],[-111.73887112949,40.3076814935086],[-111.73884352224,40.3075637557987],[-111.738824795856,40.3074449984176],[-111.738815012833,40.3073256130183],[-111.738814207443,40.3072059949118],[-111.738765476906,40.3043857988442],[-111.743409023544,40.3043463548812],[-111.743911062162,40.304340161576],[-111.743990721078,40.3043391783611],[-111.743990697445,40.3043391486894]]]},"properties":{"zone_code":"PF","zone_description":"Public Facility","zone_class_normalized":"Open Space/Public","jurisdiction":"vineyard_ut","source_rest_url":"https://services.arcgis.com/QdlehUncXjEmQYtI/arcgis/rest/services/Zoning_-_Public_View/FeatureServer/8","extraction_method":"arcgis_rest","confidence":"rest_api"}},{"type":"Feature","geometry":{"type":"Polygon","coordinates":[[[-111.746303172061,40.2959292975392],[-111.746307374674,40.2959292886778],[-111.746157632103,40.2955104026427],[-111.746146472252,40.2955104261592],[-111.745976353304,40.2950691406406],[-111.746117380762,40.2950688408854],[-111.746142619645,40.2950687877055],[-111.747333284864,40.2950662546893],[-111.747334595774,40.2954299076295],[-111.747337099915,40.2954299023273],[-111.747337099123,40.2954300086044],[-111.747347517657,40.2959311338188],[-111.746824320216,40.2959375200436],[-111.746408932917,40.295942588585],[-111.74630686326,40.2959316458285],[-111.746303172061,40.2959292975392]]]},"properties":{"zone_code":"R-2-15","zone_description":"Mulitple Residential","zone_class_normalized":"Mixed-Use","jurisdiction":"vineyard_ut","source_rest_url":"https://services.arcgis.com/QdlehUncXjEmQYtI/arcgis/rest/services/Zoning_-_Public_View/FeatureServer/8","extraction_method":"arcgis_rest","confidence":"rest_api"}},{"type":"Feature","geometry":{"type":"Polygon","coordinates":[[[-111.753484219738,40.331024684912],[-111.753450325025,40.3295846210549],[-111.753356765468,40.3296722939791],[-111.753357965578,40.329997181849],[-111.753332829216,40.3300274632709],[-111.753302913376,40.3300550837782],[-111.753245634928,40.3301016353653],[-111.753209801936,40.3301346427265],[-111.753179570351,40.3301707829409],[-111.753155400619,40.3302095029294],[-111.753137660081,40.3302502110871],[-111.753126625343,40.3302922835821],[-111.753122462326,40.330335077908],[-111.753144244045,40.330706779082],[-111.753062836089,40.3307694347483],[-111.750193575679,40.3307724978466],[-111.750781634467,40.3302093293686],[-111.750774128999,40.3299996311712],[-111.750670686052,40.329618733624],[-111.750413529445,40.3296224127851],[-111.750287680955,40.3298132447987],[-111.750018801529,40.3299606499561],[-111.749847401707,40.3299735154334],[-111.749390018352,40.3299213911993],[-111.749042658949,40.3298159242525],[-111.748641428618,40.32948877012],[-111.748501451905,40.3291610566746],[-111.748631056207,40.3288796233023],[-111.748471712819,40.3288393536798],[-111.748231113396,40.3289054713393],[-111.74781265539,40.329456180355],[-111.74766606306,40.3295564591875],[-111.74756030221,40.3296597747328],[-111.747213419605,40.3296855059646],[-111.746866277625,40.3296393862851],[-111.746792644513,40.3295958072209],[-111.746478350459,40.329602723548],[-111.74632341258,40.3296530351458],[-111.746306276061,40.3298515808265],[-111.746307461257,40.3296580060157],[-111.74632190818,40.3272988970236],[-111.746468335675,40.3273059419542],[-111.746615004785,40.3273088369877],[-111.746761714242,40.3273075780451],[-111.74702842924,40.3272983117934],[-111.747294635103,40.3272826614419],[-111.747560070571,40.3272606419573],[-111.747824477945,40.3272322773074],[-111.74808759365,40.3271975923754],[-111.748349162383,40.3271566219361],[-111.748608927692,40.3271094070734],[-111.748866635491,40.327055992471],[-111.749122032912,40.3269964327187],[-111.749374868271,40.3269307842074],[-111.749624895801,40.3268591114229],[-111.74988752909,40.3267767242657],[-111.750146825002,40.3266883607693],[-111.750402548409,40.3265940971122],[-111.750654471283,40.3264940184654],[-111.7509023621,40.3263882181149],[-111.751145999931,40.3262767893255],[-111.751385169749,40.3261598298536],[-111.751619661274,40.3260374455526],[-111.755142980071,40.3240969628263],[-111.755351833069,40.3239787698034],[-111.755556631646,40.3238564900959],[-111.755757239601,40.3237302068808],[-111.755845712467,40.3236688756456],[-111.755928402317,40.3236029881026],[-111.756004909079,40.3235328603613],[-111.756074865729,40.3234588336767],[-111.756137931188,40.3233812636566],[-111.756193802125,40.3233005292423],[-111.756242207013,40.3232170174105],[-111.756282913224,40.3231311321632],[-111.756315724662,40.3230432909311],[-111.756340479374,40.3229539155717],[-111.756357061349,40.3228634404491],[-111.756368844485,40.3227515245989],[-111.756373543992,40.3226393045598],[-111.756371151468,40.3225270406336],[-111.756361670292,40.3224149975985],[-111.756345122653,40.3223034356867],[-111.756321549576,40.32219261779],[-111.75629100383,40.3220828004688],[-111.756187626185,40.3219303240741],[-111.755938321681,40.3215834974293],[-111.756464530522,40.3215413974166],[-111.756731090215,40.3219190668173],[-111.759180640967,40.3255345754885],[-111.759497320323,40.3260519526677],[-111.759497810135,40.3261013872165],[-111.759018846535,40.3261059856389],[-111.761523593808,40.3293446471562],[-111.761686699744,40.3296027701008],[-111.761781704048,40.3297162916023],[-111.761863316534,40.3298608625274],[-111.762018788031,40.3300339673009],[-111.762118286772,40.3301924162687],[-111.762221401826,40.3303495060863],[-111.762328068348,40.3305051999641],[-111.762438273207,40.3306594447849],[-111.762551983281,40.3308121919793],[-111.762669138313,40.3309633750263],[-111.762789762994,40.3311129839533],[-111.762913759471,40.3312609694353],[-111.763041119292,40.3314072720393],[-111.763171814034,40.3315518422839],[-111.763442171382,40.3318348297187],[-111.760104124008,40.3330506145381],[-111.760102099507,40.3333772798654],[-111.753524590582,40.3334525302379],[-111.753473809616,40.3310247074896],[-111.753484219738,40.331024684912]]]},"properties":{"zone_code":"M","zone_description":"Manufacturing","zone_class_normalized":"Industrial/Flex","jurisdiction":"vineyard_ut","source_rest_url":"https://services.arcgis.com/QdlehUncXjEmQYtI/arcgis/rest/services/Zoning_-_Public_View/FeatureServer/8","extraction_method":"arcgis_rest","confidence":"rest_api"}},{"type":"Feature","geometry":{"type":"Polygon","coordinates":[[[-111.737746397691,40.3251279468147],[-111.736315255804,40.3175175472962],[-111.736618207736,40.3174873313234],[-111.736636034583,40.3175830739247],[-111.737020708557,40.3175420891349],[-111.737040091536,40.3176110112742],[-111.737305203379,40.3183633391028],[-111.737408816871,40.318354238493],[-111.737765114279,40.319074698271],[-111.739117045864,40.3229121107581],[-111.739188940183,40.3232839171537],[-111.73922198089,40.323473268481],[-111.739031448071,40.3234935289831],[-111.739054556668,40.3237855356812],[-111.738992923519,40.3240336487064],[-111.738809408397,40.3243336304706],[-111.737925754604,40.325118298096],[-111.737746397691,40.3251279468147]]]},"properties":{"zone_code":"RC","zone_description":"Regional Commercial","zone_class_normalized":"Commercial","jurisdiction":"vineyard_ut","source_rest_url":"https://services.arcgis.com/QdlehUncXjEmQYtI/arcgis/rest/services/Zoning_-_Public_View/FeatureServer/8","extraction_method":"arcgis_rest","confidence":"rest_api"}},{"type":"Feature","geometry":{"type":"Polygon","coordinates":[[[-111.737930353169,40.3251142142804],[-111.738816357652,40.3251177757175],[-111.739944823295,40.325115447098],[-111.739953611007,40.3255988614829],[-111.741600185468,40.3255954438334],[-111.743090620289,40.3255923296747],[-111.744048736435,40.3255848866602],[-111.744050283216,40.3260194296165],[-111.744036881022,40.3262421619261],[-111.739104281274,40.3262741622077],[-111.739101501945,40.3262762240332],[-111.739101453311,40.32627409144],[-111.737976117252,40.3262851398161],[-111.737756777989,40.3251273880202],[-111.737925754604,40.325118298096],[-111.737930353169,40.3251142142804]]]},"properties":{"zone_code":"RC","zone_description":"Regional Commercial","zone_class_normalized":"Commercial","jurisdiction":"vineyard_ut","source_rest_url":"https://services.arcgis.com/QdlehUncXjEmQYtI/arcgis/rest/services/Zoning_-_Public_View/FeatureServer/8","extraction_method":"arcgis_rest","confidence":"rest_api"}},{"type":"Feature","geometry":{"type":"Polygon","coordinates":[[[-111.746306276164,40.3298516096464],[-111.74632341258,40.3296530351458],[-111.746478350459,40.329602723548],[-111.746792644513,40.3295958072209],[-111.746866277625,40.3296393862851],[-111.747213419605,40.3296855059646],[-111.74756030221,40.3296597747328],[-111.74766606306,40.3295564591875],[-111.74781265539,40.329456180355],[-111.748231113396,40.3289054713393],[-111.748471712819,40.3288393536798],[-111.748631056207,40.3288796233023],[-111.748501451905,40.3291610566746],[-111.748641428618,40.32948877012],[-111.749042658949,40.3298159242525],[-111.749390018352,40.3299213911993],[-111.749847401707,40.3299735154334],[-111.750018801529,40.3299606499561],[-111.750287680955,40.3298132447987],[-111.750413529445,40.3296224127851],[-111.750670686052,40.329618733624],[-111.750774128999,40.3299996311712],[-111.750774940368,40.3302214292804],[-111.750193210864,40.330772497727],[-111.753062836089,40.3307694347483],[-111.753144244045,40.330706779082],[-111.753122462326,40.330335077908],[-111.753126476639,40.330293123291],[-111.753134442459,40.3302632006321],[-111.753151053695,40.3302187906315],[-111.753175450439,40.3301765387834],[-111.753207176665,40.3301372404263],[-111.753245634928,40.3301016353653],[-111.753302913376,40.3300550837782],[-111.753332678272,40.3300273789389],[-111.753357965578,40.329997181849],[-111.753356765468,40.3296722939791],[-111.753450325025,40.3295846210549],[-111.753484219738,40.331024684912],[-111.75025947072,40.33103164255],[-111.746328449348,40.3310556746543],[-111.74630606684,40.3298856646915],[-111.746304656631,40.3298862089419],[-111.743965208923,40.3299003607873],[-111.743965163737,40.3298979183745],[-111.739510635088,40.3299262740396],[-111.739484796109,40.3299047947432],[-111.739322956917,40.3298300533975],[-111.740517411733,40.3298099184201],[-111.741082869577,40.3297910794184],[-111.741163548889,40.3297599979609],[-111.74133074175,40.3297154886771],[-111.741469174053,40.3296975368984],[-111.742577128264,40.329695225397],[-111.743056088239,40.3296942230935],[-111.743384840101,40.3296449553765],[-111.74345405592,40.3296359778406],[-111.743529058423,40.3296314039926],[-111.743586795082,40.3296401152443],[-111.743633070704,40.3296709310939],[-111.743661986212,40.3296885348595],[-111.743696703005,40.3297149598956],[-111.743835621153,40.3298339044862],[-111.743853012843,40.3298559489327],[-111.743916456625,40.329846983167],[-111.743991350321,40.3298114960437],[-111.744412588764,40.3298061928857],[-111.744874253439,40.3298096359877],[-111.745001395879,40.3298623616661],[-111.746306276164,40.3298516096464]]]},"properties":{"zone_code":"OS","zone_description":"Open Space","zone_class_normalized":"Open Space/Public","jurisdiction":"vineyard_ut","source_rest_url":"https://services.arcgis.com/QdlehUncXjEmQYtI/arcgis/rest/services/Zoning_-_Public_View/FeatureServer/8","extraction_method":"arcgis_rest","confidence":"rest_api"}},{"type":"Feature","geometry":{"type":"Polygon","coordinates":[[[-111.743218285145,40.3179588970048],[-111.743215683125,40.3179567535106],[-111.743217311641,40.3179567816431],[-111.743062560387,40.3171129907438],[-111.743035225543,40.3169451641736],[-111.743014669463,40.316776772303],[-111.743000913841,40.3166079745024],[-111.742993969792,40.3164389328649],[-111.74299384489,40.3162698067878],[-111.743013574025,40.315252565927],[-111.743012341579,40.3151294149375],[-111.743003884536,40.3150064320761],[-111.742988217932,40.3148838640835],[-111.742965373268,40.3147619576652],[-111.742935396171,40.3146409603966],[-111.742898349902,40.3145211171132],[-111.742854305941,40.3144026681294],[-111.742702881105,40.3140267744363],[-111.742639991051,40.313861212703],[-111.742583831919,40.3136942382688],[-111.742534456005,40.3135260131488],[-111.742491910889,40.3133566975654],[-111.742456237101,40.3131864544566],[-111.742275444928,40.312219876862],[-111.742129252226,40.3118288154515],[-111.742130450917,40.3118287706376],[-111.742580519305,40.3117928690506],[-111.743330644849,40.3117363579384],[-111.744139399641,40.3116547467151],[-111.744811157182,40.3115784137342],[-111.745750237629,40.3114515666249],[-111.746350168705,40.3113603928712],[-111.746878327179,40.3112693695067],[-111.747504279533,40.3111581569452],[-111.748201872719,40.3110118262055],[-111.748322790443,40.3109871908886],[-111.753284535187,40.3178913664271],[-111.743218595638,40.3179615099952],[-111.743218285145,40.3179588970048]]]},"properties":{"zone_code":"PF","zone_description":"Public Facility","zone_class_normalized":"Open Space/Public","jurisdiction":"vineyard_ut","source_rest_url":"https://services.arcgis.com/QdlehUncXjEmQYtI/arcgis/rest/services/Zoning_-_Public_View/FeatureServer/8","extraction_method":"arcgis_rest","confidence":"rest_api"}},{"type":"Feature","geometry":{"type":"Polygon","coordinates":[[[-111.75217996876,40.2950113607154],[-111.752180283938,40.2950123066073],[-111.75216025213,40.2950494138771],[-111.75217996876,40.2950113607154]]]},"properties":{"zone_code":"R-1-8","zone_description":"Single-Family Residential","zone_class_normalized":"Residential-Medium","jurisdiction":"vineyard_ut","source_rest_url":"https://services.arcgis.com/QdlehUncXjEmQYtI/arcgis/rest/services/Zoning_-_Public_View/FeatureServer/8","extraction_method":"arcgis_rest","confidence":"rest_api"}},{"type":"Feature","geometry":{"type":"Polygon","coordinates":[[[-111.752621123922,40.295269591778],[-111.752554055842,40.2952385215323],[-111.752483748772,40.2952119812613],[-111.75241072096,40.2951901679801],[-111.752335515223,40.2951732435268],[-111.752258688353,40.2951613327844],[-111.752180806414,40.2951545236911],[-111.75210948305,40.2951473986767],[-111.75216025213,40.2950494138771],[-111.752180283938,40.2950123066073],[-111.75217996876,40.2950113607154],[-111.752240674158,40.2948941960162],[-111.752238495163,40.294892419256],[-111.752272268397,40.2947725828496],[-111.752198184482,40.2945631585355],[-111.752212227863,40.2943947130642],[-111.752123536165,40.2942002906558],[-111.752386681064,40.2939863950021],[-111.752663458088,40.2939256996464],[-111.75266991804,40.2938967742275],[-111.752674786412,40.2939146630167],[-111.75272127777,40.2940610146123],[-111.752774907034,40.2942059259247],[-111.752835600578,40.2943491953603],[-111.752903274179,40.2944906186455],[-111.752977829522,40.2946299987414],[-111.753059164756,40.2947671377149],[-111.753187293393,40.2950512965158],[-111.753300593259,40.2952905751116],[-111.753304411224,40.2952956581485],[-111.753307100351,40.2953011471198],[-111.753308591887,40.2953068980721],[-111.753308844097,40.2953127579874],[-111.753307850526,40.2953185710691],[-111.753305638834,40.2953241841482],[-111.75330226493,40.2953294484981],[-111.753297821214,40.2953342234184],[-111.75329242484,40.2953383825654],[-111.753286218902,40.2953418166514],[-111.753279366552,40.2953444334572],[-111.753272051025,40.2953461641368],[-111.753264465052,40.2953469632403],[-111.753256810862,40.2953468087138],[-111.753175819592,40.295360285827],[-111.753093419343,40.2953671210174],[-111.753010536703,40.295367235721],[-111.752928104435,40.2953606297183],[-111.752847049689,40.2953473766572],[-111.752768283428,40.2953276258767],[-111.752692692185,40.2953016006236],[-111.752621123922,40.295269591778]]]},"properties":{"zone_code":"PF","zone_description":"Public Facility","zone_class_normalized":"Open Space/Public","jurisdiction":"vineyard_ut","source_rest_url":"https://services.arcgis.com/QdlehUncXjEmQYtI/arcgis/rest/services/Zoning_-_Public_View/FeatureServer/8","extraction_method":"arcgis_rest","confidence":"rest_api"}},{"type":"Feature","geometry":{"type":"Polygon","coordinates":[[[-111.753468782653,40.297686100926],[-111.753469206197,40.2976861261255],[-111.753122149,40.2976997812115],[-111.753113794716,40.2976165703643],[-111.753113542561,40.297610405136],[-111.753114529156,40.2976042822556],[-111.753116732695,40.2975983485745],[-111.753125765167,40.2975725797334],[-111.753128946358,40.2975460111943],[-111.753126185026,40.2975194150031],[-111.753117560494,40.2974935646362],[-111.753103324913,40.2974692124805],[-111.753083892595,40.2974470673397],[-111.753059826989,40.2974277719478],[-111.753031830045,40.2974118894821],[-111.753000715073,40.2973998802062],[-111.752967386721,40.2973920943084],[-111.752932816225,40.2973887584464],[-111.752898007275,40.2973899686157],[-111.752863973663,40.2973956910992],[-111.752831702813,40.2974057580429],[-111.752828552507,40.2971437644478],[-111.752858694154,40.2971435524029],[-111.752935794783,40.2971400990533],[-111.753012089688,40.2971309175318],[-111.753086856965,40.2971160967659],[-111.753151898715,40.2971005540013],[-111.75316375141,40.2970985613187],[-111.75317587586,40.2970981711836],[-111.75318790512,40.2970993951989],[-111.753199475591,40.2971021954253],[-111.753210238801,40.2971064888588],[-111.753306637477,40.2971534607463],[-111.753318811357,40.2971603899834],[-111.753329568998,40.2971685795828],[-111.753338689819,40.2971778607031],[-111.753345986097,40.2971880446175],[-111.753351308847,40.2971989208999],[-111.753390004671,40.2973091616576],[-111.753421833705,40.2974206808926],[-111.753446725599,40.2975332301866],[-111.753464625277,40.2976465565839],[-111.753468782653,40.297686100926]]]},"properties":{"zone_code":"OS","zone_description":"Opens Space","zone_class_normalized":"Other/Unknown","jurisdiction":"vineyard_ut","source_rest_url":"https://services.arcgis.com/QdlehUncXjEmQYtI/arcgis/rest/services/Zoning_-_Public_View/FeatureServer/8","extraction_method":"arcgis_rest","confidence":"rest_api"}},{"type":"Feature","geometry":{"type":"Polygon","coordinates":[[[-111.742918854552,40.2978720429668],[-111.742703699764,40.2978445253503],[-111.742524487919,40.2978448921475],[-111.742345278423,40.2978452577642],[-111.742229723894,40.2978454929305],[-111.742229041873,40.2976566538352],[-111.742161549557,40.297481307017],[-111.742102580125,40.2973281000025],[-111.742048955392,40.2972852686713],[-111.741993395048,40.2972408922262],[-111.742057512949,40.2972404441595],[-111.742069947314,40.2972411875387],[-111.742082022835,40.2972435699222],[-111.742093378153,40.2972475191073],[-111.742103665848,40.2972529142279],[-111.742112579522,40.2972595929039],[-111.742119845572,40.2972673530587],[-111.742125245563,40.2972759600788],[-111.742128616247,40.2972851522168],[-111.742144509748,40.297337069018],[-111.742165678325,40.2973878688965],[-111.742197663955,40.2974457208609],[-111.742236820116,40.2975009289822],[-111.742282777984,40.2975529707472],[-111.742335106513,40.2976013597967],[-111.742393310066,40.2976456387255],[-111.742456843743,40.2976853925612],[-111.742525109851,40.2977202451683],[-111.742597464993,40.297749870943],[-111.742673228289,40.2977739893925],[-111.742751687285,40.2977923732285],[-111.74283210267,40.2978048519605],[-111.742873169799,40.2978096471461],[-111.742881399426,40.2978111277977],[-111.742889226679,40.2978135765713],[-111.74289645491,40.297816933533],[-111.742902906214,40.2978211161941],[-111.742908424954,40.2978260204044],[-111.74291287073,40.2978315257702],[-111.742916136021,40.297837496519],[-111.742918139141,40.2978437851158],[-111.742918831314,40.2978502367523],[-111.742918848057,40.2978549569647],[-111.742918854552,40.2978720429668]]]},"properties":{"zone_code":"OS","zone_description":"Open Space","zone_class_normalized":"Open Space/Public","jurisdiction":"vineyard_ut","source_rest_url":"https://services.arcgis.com/QdlehUncXjEmQYtI/arcgis/rest/services/Zoning_-_Public_View/FeatureServer/8","extraction_method":"arcgis_rest","confidence":"rest_api"}},{"type":"Feature","geometry":{"type":"Polygon","coordinates":[[[-111.743435788591,40.2972098827138],[-111.743439867708,40.297209854399],[-111.743441466515,40.2976593121478],[-111.743441526301,40.2976761314512],[-111.743440435462,40.2976760040325],[-111.742871032042,40.2976094981524],[-111.742802898076,40.297598334071],[-111.742736968002,40.297581076152],[-111.742674166057,40.2975579683534],[-111.742615375582,40.2975293330755],[-111.742561423752,40.2974955756953],[-111.742513066214,40.297457167486],[-111.7424709824,40.2974146483281],[-111.742435763727,40.2973686177266],[-111.742407905311,40.2973197186171],[-111.742399808805,40.2973033212763],[-111.742393825342,40.2972864007822],[-111.742391563387,40.2972774180013],[-111.742391281658,40.2972682734996],[-111.742392986928,40.2972592194418],[-111.742396634216,40.2972505081003],[-111.74240211969,40.2972423810613],[-111.742409290063,40.2972350647032],[-111.742417950793,40.2972287611724],[-111.742427856669,40.297223646602],[-111.742438734128,40.2972198629598],[-111.742450281248,40.2972175153462],[-111.742462178319,40.2972166683701],[-111.743435788591,40.2972098827138]]]},"properties":{"zone_code":"OS","zone_description":"Open Space","zone_class_normalized":"Open Space/Public","jurisdiction":"vineyard_ut","source_rest_url":"https://services.arcgis.com/QdlehUncXjEmQYtI/arcgis/rest/services/Zoning_-_Public_View/FeatureServer/8","extraction_method":"arcgis_rest","confidence":"rest_api"}},{"type":"Feature","geometry":{"type":"Polygon","coordinates":[[[-111.739517992482,40.2978912781635],[-111.73944630243,40.2978913990142],[-111.739160524332,40.298018514245],[-111.738963049106,40.2976489729828],[-111.738959560886,40.2976433979603],[-111.738957285315,40.2976374665062],[-111.738956282918,40.2976313325059],[-111.738956576601,40.2976251553256],[-111.738958161031,40.297619092588],[-111.73896099442,40.2976133037916],[-111.738965004361,40.2976079385903],[-111.73897008665,40.2976031349949],[-111.738976108802,40.2975990166639],[-111.738982914753,40.2975956919929],[-111.739092418203,40.2975550193383],[-111.739205416137,40.2975204016233],[-111.739321337535,40.2974920138312],[-111.7394395995,40.2974699976479],[-111.739476242931,40.2974645412175],[-111.739533938785,40.2977200385781],[-111.739586443945,40.2977575703916],[-111.7395624168,40.2977804931859],[-111.739543179898,40.2978059270396],[-111.739529171136,40.2978332928473],[-111.739520710614,40.2978619613088],[-111.739517992482,40.2978912781635]]]},"properties":{"zone_code":"OS","zone_description":"Open Space","zone_class_normalized":"Open Space/Public","jurisdiction":"vineyard_ut","source_rest_url":"https://services.arcgis.com/QdlehUncXjEmQYtI/arcgis/rest/services/Zoning_-_Public_View/FeatureServer/8","extraction_method":"arcgis_rest","confidence":"rest_api"}},{"type":"Feature","geometry":{"type":"Polygon","coordinates":[[[-111.759773177497,40.3032154781328],[-111.762022636446,40.3032155783277],[-111.762164058975,40.3039043730847],[-111.761728763008,40.3039052365126],[-111.761043908739,40.3039065931648],[-111.761029081842,40.3039065803612],[-111.761028971211,40.3039031716957],[-111.760892065991,40.3038968938455],[-111.760755907253,40.3038842970978],[-111.760620989277,40.3038654271856],[-111.760487806435,40.3038403532608],[-111.760397007504,40.3038173399472],[-111.76030953497,40.3037877210815],[-111.76022620865,40.3037517731416],[-111.760147805064,40.3037098339476],[-111.760075057394,40.3036622927535],[-111.760008646098,40.3036095956722],[-111.75994919181,40.3035522357831],[-111.759897250617,40.303490747739],[-111.759853306994,40.30342570688],[-111.759817773776,40.3033577202271],[-111.75979097921,40.3032874256097],[-111.759773177497,40.3032154781328]]]},"properties":{"zone_code":"OS","zone_description":"Open Space","zone_class_normalized":"Open Space/Public","jurisdiction":"vineyard_ut","source_rest_url":"https://services.arcgis.com/QdlehUncXjEmQYtI/arcgis/rest/services/Zoning_-_Public_View/FeatureServer/8","extraction_method":"arcgis_rest","confidence":"rest_api"}},{"type":"Feature","geometry":{"type":"Polygon","coordinates":[[[-111.761857162523,40.2946252819319],[-111.761840652112,40.294296068323],[-111.761244215886,40.2942999606809],[-111.761241260365,40.2942815266832],[-111.761234430021,40.2942389245661],[-111.761181322409,40.2939573032472],[-111.761774501043,40.2939576947439],[-111.761774558669,40.2939576928135],[-111.761641789997,40.2936253775002],[-111.761635879688,40.2935628781904],[-111.761535017698,40.2933208804248],[-111.761405192575,40.2930094008145],[-111.761273714785,40.292693871846],[-111.761247142095,40.2926301659237],[-111.761135758094,40.2924901582181],[-111.761082348774,40.2924229745313],[-111.76088658708,40.2921769002549],[-111.760690825706,40.2919308490505],[-111.760495051395,40.2916847371882],[-111.760271322164,40.2914035172466],[-111.75999775765,40.2910595772754],[-111.760336850165,40.2910641240655],[-111.760414279778,40.2910890802492],[-111.760415529716,40.2910905482094],[-111.760414836994,40.2910914828179],[-111.760782427067,40.2917835194909],[-111.761225372195,40.2922948943751],[-111.761449950242,40.2923671699917],[-111.761617736477,40.2925007078791],[-111.761619512749,40.2925007768526],[-111.761676164601,40.2928676123782],[-111.761673437751,40.293010637507],[-111.761849966741,40.2939583604921],[-111.761850648801,40.2939620182646],[-111.761851292466,40.2939654779823],[-111.76185642993,40.293965443049],[-111.762020054732,40.2941447718764],[-111.762027420955,40.2946169258693],[-111.761945858311,40.2949634742494],[-111.761931324619,40.295025474474],[-111.761905386072,40.2951092327094],[-111.761813592637,40.2951677729341],[-111.761873901701,40.2949598357873],[-111.761871407296,40.2949100873233],[-111.761857162523,40.2946252819319]]]},"properties":{"zone_code":"OS","zone_description":"Open Space","zone_class_normalized":"Open Space/Public","jurisdiction":"vineyard_ut","source_rest_url":"https://services.arcgis.com/QdlehUncXjEmQYtI/arcgis/rest/services/Zoning_-_Public_View/FeatureServer/8","extraction_method":"arcgis_rest","confidence":"rest_api"}},{"type":"Feature","geometry":{"type":"Polygon","coordinates":[[[-111.73999534399,40.2962766320359],[-111.739985687682,40.2955614588578],[-111.740610135797,40.2955566365824],[-111.740613764321,40.2958328164215],[-111.740423672138,40.2958342804829],[-111.740429438256,40.2962736192752],[-111.73999534399,40.2962766320359]]]},"properties":{"zone_code":"OS","zone_description":"Open Space","zone_class_normalized":"Open Space/Public","jurisdiction":"vineyard_ut","source_rest_url":"https://services.arcgis.com/QdlehUncXjEmQYtI/arcgis/rest/services/Zoning_-_Public_View/FeatureServer/8","extraction_method":"arcgis_rest","confidence":"rest_api"}},{"type":"Feature","geometry":{"type":"Polygon","coordinates":[[[-111.759497642237,40.326084412496],[-111.759531717368,40.3260984398091],[-111.759497785555,40.3260989384554],[-111.759497642237,40.326084412496]]]},"properties":{"zone_code":"TC","zone_description":"Town Center","zone_class_normalized":"Mixed-Use","jurisdiction":"vineyard_ut","source_rest_url":"https://services.arcgis.com/QdlehUncXjEmQYtI/arcgis/rest/services/Zoning_-_Public_View/FeatureServer/8","extraction_method":"arcgis_rest","confidence":"rest_api"}},{"type":"Feature","geometry":{"type":"Polygon","coordinates":[[[-111.759497785555,40.3260989384554],[-111.759497810135,40.3261013872165],[-111.759537941455,40.3261010017914],[-111.762460985218,40.3260986526138],[-111.762646595955,40.3261090035615],[-111.762659236763,40.3262072096859],[-111.761931760113,40.326214714557],[-111.761941398958,40.3295874976441],[-111.761734201858,40.329659531312],[-111.759018846535,40.3261059856389],[-111.759497785555,40.3260989384554]]]},"properties":{"zone_code":"PF","zone_description":"Town Center","zone_class_normalized":"Mixed-Use","jurisdiction":"vineyard_ut","source_rest_url":"https://services.arcgis.com/QdlehUncXjEmQYtI/arcgis/rest/services/Zoning_-_Public_View/FeatureServer/8","extraction_method":"arcgis_rest","confidence":"rest_api"}},{"type":"Feature","geometry":{"type":"Polygon","coordinates":[[[-111.734696853085,40.3043472668102],[-111.734570076353,40.3043641976108],[-111.734409607359,40.3043883883639],[-111.734409580244,40.3043883713062],[-111.734085897806,40.3044268767653],[-111.734082255068,40.3041506714335],[-111.734079738505,40.3039599216339],[-111.734035557418,40.3006099281536],[-111.73403568801,40.3006051157852],[-111.734033733638,40.3004569485958],[-111.734201735655,40.3004560508114],[-111.734782573528,40.3004514787006],[-111.734978974258,40.300450039078],[-111.735181432492,40.3004484725496],[-111.735184114074,40.3012300107318],[-111.735184148187,40.3012300106632],[-111.735184197007,40.3012442262268],[-111.735184162894,40.3012442262955],[-111.73518543683,40.3016144937885],[-111.735185447807,40.3016146072467],[-111.735186769074,40.3019986525501],[-111.735188073008,40.302386209426],[-111.735189392586,40.3027742066346],[-111.73518943611,40.302774206547],[-111.73519078629,40.3031622045471],[-111.735190752176,40.3031622046157],[-111.735192083643,40.3035502296251],[-111.735193417917,40.3039383824716],[-111.735193456131,40.3039383774411],[-111.735194774658,40.3043224544408],[-111.735194737014,40.3043224545165],[-111.735179170669,40.3043226047373],[-111.734966772587,40.3043266121396],[-111.73495282451,40.3043269851352],[-111.734945637256,40.3043274291929],[-111.734824550091,40.3043349173616],[-111.734696853085,40.3043472668102]]]},"properties":{"zone_code":"GRMU","zone_description":"Geneva Road Mixed-Use","zone_class_normalized":"Mixed-Use","jurisdiction":"vineyard_ut","source_rest_url":"https://services.arcgis.com/QdlehUncXjEmQYtI/arcgis/rest/services/Zoning_-_Public_View/FeatureServer/8","extraction_method":"arcgis_rest","confidence":"rest_api"}},{"type":"Feature","geometry":{"type":"Polygon","coordinates":[[[-111.735933543269,40.2864353177845],[-111.733837869277,40.2864385794323],[-111.733833769935,40.2861620573279],[-111.733833687391,40.2861564807198],[-111.735932570448,40.2861521976237],[-111.735932589731,40.2861577959738],[-111.735948339341,40.2861577623568],[-111.735948979752,40.2863327539491],[-111.735933543269,40.2864353177845]]]},"properties":{"zone_code":"NC","zone_description":"Neighborhood Commercial","zone_class_normalized":"Commercial","jurisdiction":"vineyard_ut","source_rest_url":"https://services.arcgis.com/QdlehUncXjEmQYtI/arcgis/rest/services/Zoning_-_Public_View/FeatureServer/8","extraction_method":"arcgis_rest","confidence":"rest_api"}},{"type":"Feature","geometry":{"type":"Polygon","coordinates":[[[-111.756765069675,40.2910772495215],[-111.755044496088,40.291086518395],[-111.752800395945,40.2910985704535],[-111.752452596917,40.291099459573],[-111.752167430991,40.2911000593476],[-111.751884023892,40.2911007951331],[-111.751594267781,40.291101475458],[-111.751334147795,40.2911020867953],[-111.75107848886,40.2911026852623],[-111.750817878309,40.2911032667832],[-111.750557262088,40.2911039062765],[-111.750287036802,40.2911045468653],[-111.750011703551,40.2911051914578],[-111.749790559315,40.2911057078208],[-111.749538344156,40.2911063207699],[-111.749317752773,40.291106856672],[-111.749081648102,40.2911073937175],[-111.748810565366,40.2911080264144],[-111.748545969087,40.2911086716993],[-111.748287148691,40.2911092788894],[-111.748044054348,40.2911098539129],[-111.747816588413,40.29111038987],[-111.747461600762,40.2911028196613],[-111.744498630051,40.2911091107299],[-111.744085751526,40.2911099814511],[-111.74409129527,40.2903880433145],[-111.744961698937,40.2903610104029],[-111.744922971227,40.2898939057756],[-111.74497409252,40.2898995221418],[-111.744996703894,40.2899016290492],[-111.745070653912,40.2899076397019],[-111.745096673818,40.2899094548359],[-111.745144820097,40.2899119368351],[-111.745219325196,40.289914970511],[-111.745293452945,40.2899157551307],[-111.745342865085,40.2899157062908],[-111.745367919594,40.2899152753923],[-111.745442248062,40.2899129946148],[-111.745466002223,40.2899120305463],[-111.745501512372,40.2899102699151],[-111.745500893005,40.289904160368],[-111.747085172993,40.2898976422605],[-111.747067336102,40.2874744414108],[-111.755140913973,40.2869712751218],[-111.755091199957,40.2866566363168],[-111.755162307134,40.2869881307365],[-111.756845858018,40.2868805407565],[-111.758160453219,40.2885863151187],[-111.758485666444,40.289008284991],[-111.759101582432,40.2898133952345],[-111.759546560153,40.2903634844967],[-111.759930951744,40.2908500756322],[-111.75999775765,40.2910595772754],[-111.75988074104,40.2910601691219],[-111.759582017943,40.2910620186169],[-111.759165429517,40.2910642757303],[-111.759063581424,40.2910648285982],[-111.756765069675,40.2910772495215]]]},"properties":{"zone_code":"HF","zone_description":"Holdaway Fields District","zone_class_normalized":"Other/Unknown","jurisdiction":"vineyard_ut","source_rest_url":"https://services.arcgis.com/QdlehUncXjEmQYtI/arcgis/rest/services/Zoning_-_Public_View/FeatureServer/8","extraction_method":"arcgis_rest","confidence":"rest_api"}},{"type":"Feature","geometry":{"type":"Polygon","coordinates":[[[-111.758901574583,40.2957757890101],[-111.758897736561,40.2956391884862],[-111.758898807659,40.295631310665],[-111.758901829989,40.2956237358985],[-111.75890669158,40.2956167448141],[-111.758913212321,40.2956105964149],[-111.758921150634,40.2956055184842],[-111.758930212423,40.2956016991475],[-111.758940061971,40.2955992799018],[-111.758950334375,40.2955983503745],[-111.759290422393,40.295592745127],[-111.759295435458,40.2957710804785],[-111.759295761265,40.2957710788547],[-111.759299618754,40.295908260231],[-111.759299291774,40.2959082627581],[-111.759048713074,40.2959123933567],[-111.75899497126,40.2959132789682],[-111.758905489781,40.2959147544366],[-111.758905430127,40.2959129758056],[-111.758901637775,40.2957775703353],[-111.758901574583,40.2957757890101]]]},"properties":{"zone_code":"PF","zone_description":"Public Facility","zone_class_normalized":"Open Space/Public","jurisdiction":"vineyard_ut","source_rest_url":"https://services.arcgis.com/QdlehUncXjEmQYtI/arcgis/rest/services/Zoning_-_Public_View/FeatureServer/8","extraction_method":"arcgis_rest","confidence":"rest_api"}}]}
