{
  "type": "FeatureCollection",
  "features": [
    {
      "type": "Feature",
      "geometry": {
        "type": "Polygon",
        "coordinates": [
          [
            [
              -111.73877403867,
              40.3043956280068
            ],
            [
              -111.739045420051,
              40.3043930231919
            ],
            [
              -111.739045424438,
              40.3043932690567
            ],
            [
              -111.743425409758,
              40.3043511544575
            ],
            [
              -111.743425413092,
              40.3043510995117
            ],
            [
              -111.743425234629,
              40.304350865718
            ],
            [
              -111.743426019238,
              40.3043508577787
            ],
            [
              -111.748030120888,
              40.3104006984077
            ],
            [
              -111.748029132259,
              40.3104009148575
            ],
            [
              -111.74853183472,
              40.3110614036552
            ],
            [
              -111.748755310003,
              40.3113538280957
            ],
            [
              -111.750677443342,
              40.3138790830967
            ],
            [
              -111.750949573718,
              40.3142417742797
            ],
            [
              -111.751215929924,
              40.314606969262
            ],
            [
              -111.751476472871,
              40.3149746141284
            ],
            [
              -111.751731164642,
              40.3153446540595
            ],
            [
              -111.753459484516,
              40.3178940708487
            ],
            [
              -111.753456478392,
              40.3178940953818
            ],
            [
              -111.753250974949,
              40.317895484811
            ],
            [
              -111.75295684744,
              40.3178974710479
            ],
            [
              -111.751704413094,
              40.3179059252095
            ],
            [
              -111.743226736428,
              40.3179628025707
            ],
            [
              -111.743072128427,
              40.3171189663556
            ],
            [
              -111.743044921772,
              40.316951130515
            ],
            [
              -111.743024431548,
              40.3167827367081
            ],
            [
              -111.743010674737,
              40.3166139425139
            ],
            [
              -111.743003667141,
              40.3164449046119
            ],
            [
              -111.743003413983,
              40.3162757824044
            ],
            [
              -111.743022997245,
              40.3152585868787
            ],
            [
              -111.743021755363,
              40.3151354341079
            ],
            [
              -111.743013297114,
              40.3150124476473
            ],
            [
              -111.742997641067,
              40.3148898760317
            ],
            [
              -111.74297481637,
              40.3147679650707
            ],
            [
              -111.742944872171,
              40.3146469605312
            ],
            [
              -111.742907867019,
              40.3145271054574
            ],
            [
              -111.742863874757,
              40.3144086428603
            ],
            [
              -111.742712306482,
              40.3140327954105
            ],
            [
              -111.742649316447,
              40.3138672483003
            ],
            [
              -111.742593119639,
              40.3137002739491
            ],
            [
              -111.742543770716,
              40.313532037069
            ],
            [
              -111.742501319617,
              40.313362699679
            ],
            [
              -111.742465805716,
              40.313192430123
            ],
            [
              -111.742284909611,
              40.312226114845
            ],
            [
              -111.742284820884,
              40.3122256439971
            ],
            [
              -111.742128093712,
              40.3113564709728
            ],
            [
              -111.742077213167,
              40.3110846513346
            ],
            [
              -111.742048770281,
              40.3109577846894
            ],
            [
              -111.742011231185,
              40.3108323112428
            ],
            [
              -111.741964709046,
              40.3107086144224
            ],
            [
              -111.74190934524,
              40.3105870703904
            ],
            [
              -111.741845310526,
              40.3104680489422
            ],
            [
              -111.741772797981,
              40.3103519108191
            ],
            [
              -111.741692028899,
              40.3102390130998
            ],
            [
              -111.741603249217,
              40.3101296966
            ],
            [
              -111.741506729547,
              40.310024294878
            ],
            [
              -111.741402763975,
              40.3099231279336
            ],
            [
              -111.741291667722,
              40.3098265058155
            ],
            [
              -111.74117377947,
              40.3097347205112
            ],
            [
              -111.741049469631,
              40.3096480567375
            ],
            [
              -111.741049441342,
              40.3096480414851
            ],
            [
              -111.740919083787,
              40.3095667659399
            ],
            [
              -111.740008771196,
              40.3090305305819
            ],
            [
              -111.739883262441,
              40.3089524492708
            ],
            [
              -111.739763343443,
              40.3088693794414
            ],
            [
              -111.739649349141,
              40.3087815563899
            ],
            [
              -111.739541602742,
              40.3086892262447
            ],
            [
              -111.739440407498,
              40.3085926495856
            ],
            [
              -111.739346046701,
              40.3084920996422
            ],
            [
              -111.739258789547,
              40.308387857778
            ],
            [
              -111.739178878214,
              40.3082802180207
            ],
            [
              -111.739106539617,
              40.3081694843355
            ],
            [
              -111.739041977163,
              40.3080559688404
            ],
            [
              -111.738985373107,
              40.3079399909009
            ],
            [
              -111.738936885024,
              40.3078218789378
            ],
            [
              -111.738896654012,
              40.3077019596034
            ],
            [
              -111.738864798885,
              40.3075805803082
            ],
            [
              -111.738841379574,
              40.3074580714698
            ],
            [
              -111.738826493733,
              40.3073347868431
            ],
            [
              -111.738820173112,
              40.3072110722108
            ],
            [
              -111.73877403867,
              40.3043956280068
            ]
          ]
        ]
      },
      "properties": {
        "city_name": "Vineyard",
        "city_slug": "vineyard",
        "confidence": "rest_api",
        "extraction_date": "2026-05-16",
        "extraction_method": "arcgis_rest",
        "future_layer_type": "flu",
        "gp_zone_code": "University",
        "gp_zone_description": "University",
        "jurisdiction": "Vineyard City",
        "source_rest_url": "https://services.arcgis.com/QdlehUncXjEmQYtI/arcgis/rest/services/Vineyard_Future_Land_Use_View/FeatureServer/0",
        "acreage": 232.1733773663623
      }
    },
    {
      "type": "Feature",
      "geometry": {
        "type": "Polygon",
        "coordinates": [
          [
            [
              -111.736253411397,
              40.3183518284753
            ],
            [
              -111.736128636326,
              40.3176533311018
            ],
            [
              -111.736107799771,
              40.317546134856
            ],
            [
              -111.736097864602,
              40.3175471555335
            ],
            [
              -111.736018582993,
              40.3171122172421
            ],
            [
              -111.736023358172,
              40.3171117059444
            ],
            [
              -111.736023240793,
              40.3171111045586
            ],
            [
              -111.736018516189,
              40.3171116103504
            ],
            [
              -111.735945898542,
              40.3167131998765
            ],
            [
              -111.735903884004,
              40.3164826839044
            ],
            [
              -111.735219526772,
              40.3127169308883
            ],
            [
              -111.735128782187,
              40.3122299991853
            ],
            [
              -111.73513100388,
              40.3122297893698
            ],
            [
              -111.735101113599,
              40.3120653018177
            ],
            [
              -111.735282796127,
              40.3120660970244
            ],
            [
              -111.739753995511,
              40.3120855831933
            ],
            [
              -111.740247843448,
              40.3120846309384
            ],
            [
              -111.740741596606,
              40.3120771354829
            ],
            [
              -111.741235105436,
              40.3120630989376
            ],
            [
              -111.741726147705,
              40.3120426105623
            ],
            [
              -111.742026545731,
              40.3122539755578
            ],
            [
              -111.74202844387,
              40.3122537671819
            ],
            [
              -111.742029035948,
              40.3122541838499
            ],
            [
              -111.742284909611,
              40.312226114845
            ],
            [
              -111.742465805716,
              40.313192430123
            ],
            [
              -111.742501319617,
              40.313362699679
            ],
            [
              -111.742543770716,
              40.313532037069
            ],
            [
              -111.742593119639,
              40.3137002739491
            ],
            [
              -111.742649316447,
              40.3138672483003
            ],
            [
              -111.742712306482,
              40.3140327954105
            ],
            [
              -111.742863874757,
              40.3144086428603
            ],
            [
              -111.742907867019,
              40.3145271054574
            ],
            [
              -111.742944872171,
              40.3146469605312
            ],
            [
              -111.74297481637,
              40.3147679650707
            ],
            [
              -111.742997641067,
              40.3148898760317
            ],
            [
              -111.743013297114,
              40.3150124476473
            ],
            [
              -111.743021755363,
              40.3151354341079
            ],
            [
              -111.743022997245,
              40.3152585868787
            ],
            [
              -111.743003413983,
              40.3162757824044
            ],
            [
              -111.743003667141,
              40.3164449046119
            ],
            [
              -111.743010674737,
              40.3166139425139
            ],
            [
              -111.743024431548,
              40.3167827367081
            ],
            [
              -111.743044921772,
              40.316951130515
            ],
            [
              -111.743072128427,
              40.3171189663556
            ],
            [
              -111.743226736428,
              40.3179628025707
            ],
            [
              -111.74322895897,
              40.3179627862363
            ],
            [
              -111.743284272042,
              40.3179624171096
            ],
            [
              -111.743330192508,
              40.3179621053428
            ],
            [
              -111.743483490482,
              40.3200990024985
            ],
            [
              -111.743483497689,
              40.3200990439126
            ],
            [
              -111.740450585952,
              40.3204246512528
            ],
            [
              -111.738335649705,
              40.3206671398683
            ],
            [
              -111.738366716652,
              40.320755322224
            ],
            [
              -111.738507668107,
              40.3211554078384
            ],
            [
              -111.739128692481,
              40.322918110349
            ],
            [
              -111.739200586872,
              40.3232899176374
            ],
            [
              -111.739233627611,
              40.3234792680605
            ],
            [
              -111.739043095955,
              40.323499528579
            ],
            [
              -111.739066203428,
              40.3237915352767
            ],
            [
              -111.739004570316,
              40.3240396483075
            ],
            [
              -111.738821055229,
              40.3243396300894
            ],
            [
              -111.737939619831,
              40.3251223281086
            ],
            [
              -111.737937516459,
              40.3251241966967
            ],
            [
              -111.737937401494,
              40.325124298702
            ],
            [
              -111.737758021033,
              40.3251339474865
            ],
            [
              -111.737489842627,
              40.3251483724011
            ],
            [
              -111.737489864866,
              40.325148338132
            ],
            [
              -111.737489537377,
              40.3251465384368
            ],
            [
              -111.736253411397,
              40.3183518284753
            ]
          ]
        ]
      },
      "properties": {
        "city_name": "Vineyard",
        "city_slug": "vineyard",
        "confidence": "rest_api",
        "extraction_date": "2026-05-16",
        "extraction_method": "arcgis_rest",
        "future_layer_type": "flu",
        "gp_zone_code": "Regional Commercial",
        "gp_zone_description": "Regional Commercial",
        "jurisdiction": "Vineyard City",
        "source_rest_url": "https://services.arcgis.com/QdlehUncXjEmQYtI/arcgis/rest/services/Vineyard_Future_Land_Use_View/FeatureServer/0",
        "acreage": 156.899256523127
      }
    },
    {
      "type": "Feature",
      "geometry": {
        "type": "Polygon",
        "coordinates": [
          [
            [
              -111.737681663262,
              40.326203562829
            ],
            [
              -111.73749450041,
              40.3251481215665
            ],
            [
              -111.737758021033,
              40.3251339474865
            ],
            [
              -111.737937401494,
              40.325124298702
            ],
            [
              -111.737937516459,
              40.3251241966967
            ],
            [
              -111.738826582925,
              40.3251223660506
            ],
            [
              -111.738826582899,
              40.3251206719643
            ],
            [
              -111.739953181201,
              40.3251183641923
            ],
            [
              -111.739953781326,
              40.3251183629601
            ],
            [
              -111.739956587793,
              40.3251183571977
            ],
            [
              -111.739962103768,
              40.325602634799
            ],
            [
              -111.739962107037,
              40.3256028959752
            ],
            [
              -111.741615046583,
              40.3255994902644
            ],
            [
              -111.741615042728,
              40.3255997316414
            ],
            [
              -111.743105529501,
              40.3255966406018
            ],
            [
              -111.743105531068,
              40.3255967504755
            ],
            [
              -111.74310554323,
              40.325597855524
            ],
            [
              -111.743899836547,
              40.3255962005175
            ],
            [
              -111.744058745063,
              40.3255959246034
            ],
            [
              -111.744060590421,
              40.3260264005875
            ],
            [
              -111.744063615672,
              40.326026359145
            ],
            [
              -111.744061136932,
              40.3260489863607
            ],
            [
              -111.744061113754,
              40.3260490863791
            ],
            [
              -111.744053209038,
              40.3260720374447
            ],
            [
              -111.74404018557,
              40.3260936896818
            ],
            [
              -111.744022461938,
              40.3261132910889
            ],
            [
              -111.744000573798,
              40.3261302488312
            ],
            [
              -111.74397518183,
              40.3261440508695
            ],
            [
              -111.74394705297,
              40.3261542822114
            ],
            [
              -111.743917033374,
              40.3261606339738
            ],
            [
              -111.743886050685,
              40.3261645299175
            ],
            [
              -111.739196376302,
              40.3261958881921
            ],
            [
              -111.738830332916,
              40.3261959136133
            ],
            [
              -111.737960310689,
              40.3262017078844
            ],
            [
              -111.737681663262,
              40.326203562829
            ]
          ]
        ]
      },
      "properties": {
        "city_name": "Vineyard",
        "city_slug": "vineyard",
        "confidence": "rest_api",
        "extraction_date": "2026-05-16",
        "extraction_method": "arcgis_rest",
        "future_layer_type": "flu",
        "gp_zone_code": "Regional Commercial",
        "gp_zone_description": "Regional Commercial",
        "jurisdiction": "Vineyard City",
        "source_rest_url": "https://services.arcgis.com/QdlehUncXjEmQYtI/arcgis/rest/services/Vineyard_Future_Land_Use_View/FeatureServer/0",
        "acreage": 11.455445468228653
      }
    },
    {
      "type": "Feature",
      "geometry": {
        "type": "Polygon",
        "coordinates": [
          [
            [
              -111.746350060791,
              40.3310531145467
            ],
            [
              -111.746349169162,
              40.330805360531
            ],
            [
              -111.746326451351,
              40.3298921693066
            ],
            [
              -111.743976954982,
              40.3299064029075
            ],
            [
              -111.74395988665,
              40.3299064232264
            ],
            [
              -111.739542114949,
              40.329933415458
            ],
            [
              -111.739500951312,
              40.329915222448
            ],
            [
              -111.739493661217,
              40.3299152860209
            ],
            [
              -111.739331992428,
              40.3298371219473
            ],
            [
              -111.740526955391,
              40.3298155466263
            ],
            [
              -111.741091688868,
              40.329795513037
            ],
            [
              -111.741092061547,
              40.3297954086959
            ],
            [
              -111.741091397914,
              40.3297954325806
            ],
            [
              -111.741176246793,
              40.3297707396839
            ],
            [
              -111.741176246333,
              40.3297706090935
            ],
            [
              -111.741176720099,
              40.3297704712202
            ],
            [
              -111.741179222949,
              40.3297697428499
            ],
            [
              -111.741179224656,
              40.329770227385
            ],
            [
              -111.74134597383,
              40.3297216994859
            ],
            [
              -111.741390393628,
              40.3297110703844
            ],
            [
              -111.741433580731,
              40.3297049514627
            ],
            [
              -111.741436156644,
              40.3297045867903
            ],
            [
              -111.741482605385,
              40.3297023428255
            ],
            [
              -111.741678249824,
              40.3297019384195
            ],
            [
              -111.741678333278,
              40.3297019103273
            ],
            [
              -111.742900794449,
              40.3296993850328
            ],
            [
              -111.743069432649,
              40.3296990434293
            ],
            [
              -111.743401197055,
              40.3296520687081
            ],
            [
              -111.743468079882,
              40.3296425988752
            ],
            [
              -111.743505098108,
              40.3296398288706
            ],
            [
              -111.74354219473,
              40.3296418950717
            ],
            [
              -111.743578298654,
              40.3296487375669
            ],
            [
              -111.74361236772,
              40.3296601603911
            ],
            [
              -111.743643416943,
              40.3296758314659
            ],
            [
              -111.743670552708,
              40.3296953005408
            ],
            [
              -111.743697833134,
              40.3297163940433
            ],
            [
              -111.743698019636,
              40.3297165530658
            ],
            [
              -111.743698230275,
              40.3297165508253
            ],
            [
              -111.743730745073,
              40.3297442350195
            ],
            [
              -111.743783760235,
              40.3297895467953
            ],
            [
              -111.746246536813,
              40.3297662324629
            ],
            [
              -111.746345386399,
              40.3297647011232
            ],
            [
              -111.746345011979,
              40.3296606584813
            ],
            [
              -111.746499374381,
              40.3296119746058
            ],
            [
              -111.746807900718,
              40.329608578355
            ],
            [
              -111.746894756368,
              40.3296492105367
            ],
            [
              -111.746894942623,
              40.3296492993055
            ],
            [
              -111.7472279294,
              40.3296900162463
            ],
            [
              -111.747568698324,
              40.3296700844676
            ],
            [
              -111.747672831648,
              40.3295674154137
            ],
            [
              -111.747824930504,
              40.3294642852114
            ],
            [
              -111.748241575482,
              40.32891467517
            ],
            [
              -111.748482571414,
              40.3288488565559
            ],
            [
              -111.748638403777,
              40.3288856959289
            ],
            [
              -111.748512504535,
              40.3291708311246
            ],
            [
              -111.74865167247,
              40.3294900137108
            ],
            [
              -111.749057624176,
              40.3298249238761
            ],
            [
              -111.749057694862,
              40.3298249453406
            ],
            [
              -111.74940560389,
              40.3299307316938
            ],
            [
              -111.749522856557,
              40.3299450175803
            ],
            [
              -111.749857821356,
              40.3299858191749
            ],
            [
              -111.750031728423,
              40.3299670005605
            ],
            [
              -111.7502973106,
              40.3298238236865
            ],
            [
              -111.750430202365,
              40.3296317382053
            ],
            [
              -111.75068096166,
              40.3296312042191
            ],
            [
              -111.750680974776,
              40.3296312510237
            ],
            [
              -111.750681083041,
              40.3296312507915
            ],
            [
              -111.750781851959,
              40.330002082325
            ],
            [
              -111.750782670443,
              40.3302254943469
            ],
            [
              -111.750194530364,
              40.3307886738084
            ],
            [
              -111.750193892406,
              40.3307892849002
            ],
            [
              -111.750193970076,
              40.3307892847339
            ],
            [
              -111.750194611551,
              40.3307886700321
            ],
            [
              -111.753080053442,
              40.3307775139396
            ],
            [
              -111.753154338626,
              40.3307194569935
            ],
            [
              -111.753146185405,
              40.3303270352402
            ],
            [
              -111.753146187342,
              40.3303269226573
            ],
            [
              -111.753148728375,
              40.3302869057829
            ],
            [
              -111.753157974259,
              40.3302473562215
            ],
            [
              -111.753173764238,
              40.3302090398551
            ],
            [
              -111.753195837028,
              40.3301725867873
            ],
            [
              -111.753223832388,
              40.3301385985149
            ],
            [
              -111.75325728519,
              40.3301076353328
            ],
            [
              -111.753314564811,
              40.3300610837376
            ],
            [
              -111.753345748084,
              40.3300318762723
            ],
            [
              -111.753371292548,
              40.3299996206833
            ],
            [
              -111.753371276723,
              40.3299991604958
            ],
            [
              -111.753364745259,
              40.3296846639423
            ],
            [
              -111.753364730411,
              40.3296841497149
            ],
            [
              -111.753461197281,
              40.3296087181444
            ],
            [
              -111.75346137212,
              40.3296085817701
            ],
            [
              -111.753486924683,
              40.3308456113998
            ],
            [
              -111.753461252104,
              40.3296092223781
            ],
            [
              -111.753461208689,
              40.3296092566963
            ],
            [
              -111.753490700714,
              40.3310304573994
            ],
            [
              -111.753485237873,
              40.331030453937
            ],
            [
              -111.753484884853,
              40.3310136183366
            ],
            [
              -111.752382376533,
              40.3310187215254
            ],
            [
              -111.750546318606,
              40.3310274668923
            ],
            [
              -111.749835193703,
              40.3310308453784
            ],
            [
              -111.74980925624,
              40.3310398161497
            ],
            [
              -111.749809193934,
              40.3310398342954
            ],
            [
              -111.749117988764,
              40.3310424948701
            ],
            [
              -111.749101656951,
              40.3310409283614
            ],
            [
              -111.749057214384,
              40.3310345367439
            ],
            [
              -111.749057010798,
              40.3310345380784
            ],
            [
              -111.747052984108,
              40.3310440240865
            ],
            [
              -111.746662523302,
              40.331045868314
            ],
            [
              -111.746370854197,
              40.3310472454466
            ],
            [
              -111.746371003307,
              40.3310530343767
            ],
            [
              -111.746370968002,
              40.3310530344511
            ],
            [
              -111.746350060791,
              40.3310531145467
            ]
          ]
        ]
      },
      "properties": {
        "city_name": "Vineyard",
        "city_slug": "vineyard",
        "confidence": "rest_api",
        "extraction_date": "2026-05-16",
        "extraction_method": "arcgis_rest",
        "future_layer_type": "flu",
        "gp_zone_code": "Open Space",
        "gp_zone_description": "Open Space",
        "jurisdiction": "Vineyard City",
        "source_rest_url": "https://services.arcgis.com/QdlehUncXjEmQYtI/arcgis/rest/services/Vineyard_Future_Land_Use_View/FeatureServer/0",
        "acreage": 18.91345787420596
      }
    },
    {
      "type": "Feature",
      "geometry": {
        "type": "Polygon",
        "coordinates": [
          [
            [
              -111.762295943927,
              40.32612729126
            ],
            [
              -111.762098797098,
              40.3244279144358
            ],
            [
              -111.762098893726,
              40.3244279502443
            ],
            [
              -111.761988165511,
              40.3234733496977
            ],
            [
              -111.762104288242,
              40.3230305719233
            ],
            [
              -111.762160861073,
              40.3228136250721
            ],
            [
              -111.762160888195,
              40.3228136403221
            ],
            [
              -111.763230773711,
              40.3187338352375
            ],
            [
              -111.763413826461,
              40.3177805066716
            ],
            [
              -111.763412228518,
              40.317772829671
            ],
            [
              -111.763202193244,
              40.316763577323
            ],
            [
              -111.762825871908,
              40.314955218947
            ],
            [
              -111.763080979943,
              40.3124042590107
            ],
            [
              -111.76309870073,
              40.3122270416697
            ],
            [
              -111.763177835512,
              40.3114356941206
            ],
            [
              -111.763197631966,
              40.3112384959401
            ],
            [
              -111.763234074957,
              40.3108740545599
            ],
            [
              -111.763032083643,
              40.3097089707163
            ],
            [
              -111.762976891063,
              40.3093903590155
            ],
            [
              -111.762824116728,
              40.3085091791245
            ],
            [
              -111.762824154329,
              40.3085091673316
            ],
            [
              -111.762676799773,
              40.3076591611555
            ],
            [
              -111.762671191362,
              40.3076152028932
            ],
            [
              -111.762563870948,
              40.3067730301288
            ],
            [
              -111.762464158605,
              40.305990409881
            ],
            [
              -111.762464177317,
              40.3059903810186
            ],
            [
              -111.762421610149,
              40.305656276391
            ],
            [
              -111.762355888951,
              40.3055672879507
            ],
            [
              -111.762334782814,
              40.3054682679749
            ],
            [
              -111.762294706254,
              40.3052804661535
            ],
            [
              -111.762274805382,
              40.3051870985527
            ],
            [
              -111.762188608059,
              40.3047826960917
            ],
            [
              -111.762115076884,
              40.3044376990586
            ],
            [
              -111.762099732608,
              40.3043658545192
            ],
            [
              -111.762009137587,
              40.303940806472
            ],
            [
              -111.762009125062,
              40.3039406074592
            ],
            [
              -111.761705161796,
              40.3039412797575
            ],
            [
              -111.761393096934,
              40.3039419531806
            ],
            [
              -111.761336211102,
              40.3039208515198
            ],
            [
              -111.76130669941,
              40.3039115166785
            ],
            [
              -111.761282111369,
              40.3039029489689
            ],
            [
              -111.761258755443,
              40.3038963517955
            ],
            [
              -111.76123251918,
              40.3038880525487
            ],
            [
              -111.761196813325,
              40.3038788540167
            ],
            [
              -111.761166855629,
              40.3038703919542
            ],
            [
              -111.761147060884,
              40.3038660374903
            ],
            [
              -111.761126184694,
              40.3038606596142
            ],
            [
              -111.761083618351,
              40.3038520816099
            ],
            [
              -111.761048781836,
              40.3038444184779
            ],
            [
              -111.761033271484,
              40.3038419358529
            ],
            [
              -111.761017688043,
              40.3038387950231
            ],
            [
              -111.760966931394,
              40.3038313151394
            ],
            [
              -111.76092853278,
              40.3038251675956
            ],
            [
              -111.760917773148,
              40.3038240703326
            ],
            [
              -111.760907517771,
              40.30382255855
            ],
            [
              -111.760844565753,
              40.3038166018069
            ],
            [
              -111.760806759357,
              40.3038127450232
            ],
            [
              -111.76080111304,
              40.3038124901386
            ],
            [
              -111.760796171729,
              40.3038120229309
            ],
            [
              -111.760731475581,
              40.303809258277
            ],
            [
              -111.760641407597,
              40.303777714485
            ],
            [
              -111.760555079101,
              40.3037405432063
            ],
            [
              -111.760473089854,
              40.3036980024953
            ],
            [
              -111.760396006817,
              40.3036503874071
            ],
            [
              -111.760324364138,
              40.3035980272948
            ],
            [
              -111.760258659623,
              40.3035412858175
            ],
            [
              -111.76019934766,
              40.3034805564521
            ],
            [
              -111.760146840388,
              40.3034162597888
            ],
            [
              -111.760101501805,
              40.3033488417423
            ],
            [
              -111.760063645406,
              40.3032787699545
            ],
            [
              -111.760155905725,
              40.3032785627384
            ],
            [
              -111.760846460669,
              40.3032770247263
            ],
            [
              -111.760953994585,
              40.3032767845777
            ],
            [
              -111.76191880367,
              40.3032746291058
            ],
            [
              -111.761917944537,
              40.3030001761074
            ],
            [
              -111.761897637766,
              40.3029230946193
            ],
            [
              -111.761845631896,
              40.3027259643164
            ],
            [
              -111.761845615338,
              40.302725940937
            ],
            [
              -111.761845609318,
              40.3027259049249
            ],
            [
              -111.761848799649,
              40.3024515085492
            ],
            [
              -111.76184879593,
              40.3024514590224
            ],
            [
              -111.761840405368,
              40.3023567631453
            ],
            [
              -111.761824566219,
              40.3021771294833
            ],
            [
              -111.761411763458,
              40.3021780431136
            ],
            [
              -111.761824590853,
              40.3021771114153
            ],
            [
              -111.761824621485,
              40.3021771239556
            ],
            [
              -111.761824603637,
              40.3021770708579
            ],
            [
              -111.761776683217,
              40.3019385181859
            ],
            [
              -111.761758214604,
              40.3018467332165
            ],
            [
              -111.761714352935,
              40.3016284906973
            ],
            [
              -111.761714385841,
              40.3016284825178
            ],
            [
              -111.761662307666,
              40.3013692397065
            ],
            [
              -111.761663812206,
              40.3013541623553
            ],
            [
              -111.761671308268,
              40.3012788873368
            ],
            [
              -111.761691179478,
              40.301079644614
            ],
            [
              -111.761718552532,
              40.3008051583513
            ],
            [
              -111.761745922423,
              40.3005306711645
            ],
            [
              -111.761770208208,
              40.3002870539378
            ],
            [
              -111.761779312759,
              40.3001959663744
            ],
            [
              -111.761796211686,
              40.3000264832702
            ],
            [
              -111.761796220852,
              40.3000264193044
            ],
            [
              -111.761749745587,
              40.299746997647
            ],
            [
              -111.761749704424,
              40.2997469995404
            ],
            [
              -111.761698299729,
              40.2995217541967
            ],
            [
              -111.761648164529,
              40.2995218664985
            ],
            [
              -111.761621277186,
              40.2995212989715
            ],
            [
              -111.761621266706,
              40.2995213269148
            ],
            [
              -111.761540578943,
              40.2995215093911
            ],
            [
              -111.761575519968,
              40.2994693247058
            ],
            [
              -111.761656031251,
              40.2993490775498
            ],
            [
              -111.761665758791,
              40.2993237505141
            ],
            [
              -111.76173054707,
              40.2991553525404
            ],
            [
              -111.761715330151,
              40.2988963385827
            ],
            [
              -111.761710277385,
              40.2988102848497
            ],
            [
              -111.761828441778,
              40.2985517195154
            ],
            [
              -111.761836167128,
              40.2984910099394
            ],
            [
              -111.761871111112,
              40.2982163083033
            ],
            [
              -111.761875434601,
              40.2981821981637
            ],
            [
              -111.761864876362,
              40.2979419114996
            ],
            [
              -111.761853162561,
              40.2976750225239
            ],
            [
              -111.76185166489,
              40.2976675604824
            ],
            [
              -111.761806214548,
              40.297440195099
            ],
            [
              -111.761803030066,
              40.297393480221
            ],
            [
              -111.761782289354,
              40.2970890065766
            ],
            [
              -111.761772589343,
              40.2969463391102
            ],
            [
              -111.761763054757,
              40.2968066271648
            ],
            [
              -111.761763008382,
              40.296803726309
            ],
            [
              -111.761760685612,
              40.2965982271937
            ],
            [
              -111.761759209074,
              40.2964673369532
            ],
            [
              -111.761756726208,
              40.2962454870625
            ],
            [
              -111.761747540165,
              40.2961750884336
            ],
            [
              -111.761705413692,
              40.295853144685
            ],
            [
              -111.761706661857,
              40.2958411903992
            ],
            [
              -111.761741355575,
              40.2955087612709
            ],
            [
              -111.761751451856,
              40.2954120297411
            ],
            [
              -111.761801874744,
              40.2952491873257
            ],
            [
              -111.761820413458,
              40.2951893045562
            ],
            [
              -111.761844654376,
              40.2951109548879
            ],
            [
              -111.761872735482,
              40.2950202803517
            ],
            [
              -111.761885550252,
              40.2949658304508
            ],
            [
              -111.761883054617,
              40.2949160702816
            ],
            [
              -111.761868790102,
              40.2946319593298
            ],
            [
              -111.761868765007,
              40.2946312406753
            ],
            [
              -111.761854012406,
              40.2943372633771
            ],
            [
              -111.761850005289,
              40.2942527085505
            ],
            [
              -111.761839447265,
              40.294042139115
            ],
            [
              -111.761802797402,
              40.2940037423084
            ],
            [
              -111.761786375297,
              40.2939637033233
            ],
            [
              -111.761786209431,
              40.2939636973905
            ],
            [
              -111.761786148239,
              40.2939636894219
            ],
            [
              -111.76175048678,
              40.293876753076
            ],
            [
              -111.761654512216,
              40.293642779096
            ],
            [
              -111.761653438273,
              40.2936313649844
            ],
            [
              -111.761653418192,
              40.2936313425133
            ],
            [
              -111.761647569333,
              40.2935689214223
            ],
            [
              -111.761546697722,
              40.2933268813585
            ],
            [
              -111.76141686545,
              40.2930153945725
            ],
            [
              -111.761285361722,
              40.2926998665763
            ],
            [
              -111.761258809099,
              40.2926361831278
            ],
            [
              -111.761258793717,
              40.292636158845
            ],
            [
              -111.761094007616,
              40.2924290232929
            ],
            [
              -111.761093975743,
              40.2924289927423
            ],
            [
              -111.760898251665,
              40.2921829283087
            ],
            [
              -111.760898223293,
              40.2921828905452
            ],
            [
              -111.760702472462,
              40.2919368438403
            ],
            [
              -111.760702444111,
              40.2919368114806
            ],
            [
              -111.760506705204,
              40.2916907463924
            ],
            [
              -111.76050668509,
              40.2916907149148
            ],
            [
              -111.760282962279,
              40.2914094999351
            ],
            [
              -111.760282904974,
              40.2914094311637
            ],
            [
              -111.760283226667,
              40.2914092809405
            ],
            [
              -111.760009795842,
              40.2910655694629
            ],
            [
              -111.760030760106,
              40.2910654561467
            ],
            [
              -111.760057441178,
              40.2910227973252
            ],
            [
              -111.75988915997,
              40.2907930085374
            ],
            [
              -111.759080850195,
              40.2897796032255
            ],
            [
              -111.759053442357,
              40.2897349327609
            ],
            [
              -111.758215623233,
              40.2886310514255
            ],
            [
              -111.756886643013,
              40.2868799494027
            ],
            [
              -111.755718067407,
              40.2869522936903
            ],
            [
              -111.755161751044,
              40.2869872349119
            ],
            [
              -111.755145204853,
              40.2868912346946
            ],
            [
              -111.755124688385,
              40.2867722047196
            ],
            [
              -111.755113812319,
              40.2867091024701
            ],
            [
              -111.755106976099,
              40.2866693801704
            ],
            [
              -111.755106968895,
              40.2866693405579
            ],
            [
              -111.754894783637,
              40.2864007729956
            ],
            [
              -111.754663164655,
              40.2861625990484
            ],
            [
              -111.754132485853,
              40.2857523577424
            ],
            [
              -111.754132463398,
              40.2857523280701
            ],
            [
              -111.754191054121,
              40.2856759476825
            ],
            [
              -111.754241895673,
              40.2855963787459
            ],
            [
              -111.75428469577,
              40.2855140812341
            ],
            [
              -111.754319699941,
              40.2854292941921
            ],
            [
              -111.75434713046,
              40.2853429619167
            ],
            [
              -111.754347149016,
              40.2853428916262
            ],
            [
              -111.754366897744,
              40.2852553385895
            ],
            [
              -111.754366910406,
              40.2852552647093
            ],
            [
              -111.75437889183,
              40.2851668909866
            ],
            [
              -111.754378898609,
              40.2851668162185
            ],
            [
              -111.754383058984,
              40.2850780254173
            ],
            [
              -111.754383059879,
              40.2850779497614
            ],
            [
              -111.754379379571,
              40.2849891472143
            ],
            [
              -111.754379374586,
              40.2849890715712
            ],
            [
              -111.754367871309,
              40.2849005850729
            ],
            [
              -111.754351459506,
              40.2848317901038
            ],
            [
              -111.754326480141,
              40.2847645232648
            ],
            [
              -111.754293167236,
              40.2846994099877
            ],
            [
              -111.754251828813,
              40.2846370521249
            ],
            [
              -111.753994752162,
              40.2842912999437
            ],
            [
              -111.753956586602,
              40.2842462364173
            ],
            [
              -111.753911913604,
              40.2842048292249
            ],
            [
              -111.753861325564,
              40.2841676255632
            ],
            [
              -111.753805491118,
              40.2841351202255
            ],
            [
              -111.75374515039,
              40.2841077412034
            ],
            [
              -111.753681102063,
              40.2840858533166
            ],
            [
              -111.753614195103,
              40.2840697447225
            ],
            [
              -111.753555596727,
              40.284055218495
            ],
            [
              -111.753555521392,
              40.284055199745
            ],
            [
              -111.753783344916,
              40.283871506058
            ],
            [
              -111.753608877518,
              40.2836022730764
            ],
            [
              -111.753608845696,
              40.2836022542321
            ],
            [
              -111.7533858595,
              40.2834413042774
            ],
            [
              -111.753385754559,
              40.2834412297517
            ],
            [
              -111.753381737172,
              40.2834383302913
            ],
            [
              -111.753381712546,
              40.2834383492582
            ],
            [
              -111.753372828742,
              40.2834319271328
            ],
            [
              -111.753151483396,
              40.283265354053
            ],
            [
              -111.753149443187,
              40.2832669886391
            ],
            [
              -111.753149414883,
              40.283266967085
            ],
            [
              -111.753098701254,
              40.2832282565809
            ],
            [
              -111.753098648185,
              40.283228216167
            ],
            [
              -111.75310016075,
              40.2832270033255
            ],
            [
              -111.753100214996,
              40.2832270437368
            ],
            [
              -111.753100394394,
              40.2832269001458
            ],
            [
              -111.752854618102,
              40.283041943274
            ],
            [
              -111.752851721633,
              40.2830397195526
            ],
            [
              -111.75285166861,
              40.2830396917475
            ],
            [
              -111.753003956916,
              40.2829249559529
            ],
            [
              -111.753004146898,
              40.2829248123391
            ],
            [
              -111.752558623054,
              40.2825784652107
            ],
            [
              -111.751792942992,
              40.2819827902535
            ],
            [
              -111.751030850724,
              40.2813821651558
            ],
            [
              -111.751025148423,
              40.2813776705925
            ],
            [
              -111.750852635942,
              40.2812339229918
            ],
            [
              -111.747898445727,
              40.2787654969638
            ],
            [
              -111.747867013381,
              40.2787392315488
            ],
            [
              -111.747902906614,
              40.2787386888281
            ],
            [
              -111.747913202572,
              40.2786768206384
            ],
            [
              -111.752594116952,
              40.2786146057277
            ],
            [
              -111.752594856882,
              40.2786676205542
            ],
            [
              -111.752594912147,
              40.278667619534
            ],
            [
              -111.752594157884,
              40.2786135879111
            ],
            [
              -111.752627691292,
              40.2786131416084
            ],
            [
              -111.752627717301,
              40.2786201944977
            ],
            [
              -111.756538404227,
              40.2785765973489
            ],
            [
              -111.756660134235,
              40.278697901566
            ],
            [
              -111.758108596441,
              40.2801412411593
            ],
            [
              -111.758546648688,
              40.2814213669657
            ],
            [
              -111.758662756273,
              40.2814204632055
            ],
            [
              -111.758827789616,
              40.2833932722419
            ],
            [
              -111.758660163922,
              40.2839635633388
            ],
            [
              -111.758315754617,
              40.285118185049
            ],
            [
              -111.759509991505,
              40.2866106744179
            ],
            [
              -111.759866996767,
              40.2865720896958
            ],
            [
              -111.761341521294,
              40.2878841190789
            ],
            [
              -111.761296286715,
              40.2909409085309
            ],
            [
              -111.762836182442,
              40.2919724549229
            ],
            [
              -111.763190344952,
              40.2962271954049
            ],
            [
              -111.763224756218,
              40.2982864109278
            ],
            [
              -111.762353532919,
              40.3025794051428
            ],
            [
              -111.763457446299,
              40.3053919579127
            ],
            [
              -111.763955210834,
              40.3107774394153
            ],
            [
              -111.764112300446,
              40.3137138448919
            ],
            [
              -111.764361430612,
              40.3147429229815
            ],
            [
              -111.764834002002,
              40.315854588313
            ],
            [
              -111.765190982638,
              40.316790179563
            ],
            [
              -111.766445724358,
              40.3184761420985
            ],
            [
              -111.764339557797,
              40.3261024503871
            ],
            [
              -111.763642796752,
              40.3261109240528
            ],
            [
              -111.762295943927,
              40.32612729126
            ]
          ]
        ]
      },
      "properties": {
        "city_name": "Vineyard",
        "city_slug": "vineyard",
        "confidence": "rest_api",
        "extraction_date": "2026-05-16",
        "extraction_method": "arcgis_rest",
        "future_layer_type": "flu",
        "gp_zone_code": "Open Space",
        "gp_zone_description": "Open Space",
        "jurisdiction": "Vineyard City",
        "source_rest_url": "https://services.arcgis.com/QdlehUncXjEmQYtI/arcgis/rest/services/Vineyard_Future_Land_Use_View/FeatureServer/0",
        "acreage": 283.08014519328555
      }
    },
    {
      "type": "Feature",
      "geometry": {
        "type": "Polygon",
        "coordinates": [
          [
            [
              -111.748155501026,
              40.2830267818994
            ],
            [
              -111.747905531555,
              40.2829465800286
            ],
            [
              -111.74790549505,
              40.2829465665965
            ],
            [
              -111.748093683581,
              40.2826024590922
            ],
            [
              -111.748360565733,
              40.2823753206725
            ],
            [
              -111.748491790752,
              40.2822637427604
            ],
            [
              -111.748775175127,
              40.2820942211269
            ],
            [
              -111.749109948812,
              40.2824224584609
            ],
            [
              -111.749109991327,
              40.2824225079055
            ],
            [
              -111.749225737028,
              40.2824599889069
            ],
            [
              -111.749225608891,
              40.2824600017894
            ],
            [
              -111.74922552425,
              40.2824600100758
            ],
            [
              -111.748999639575,
              40.2824822847492
            ],
            [
              -111.748922239363,
              40.2825285806839
            ],
            [
              -111.748859739439,
              40.2825659644764
            ],
            [
              -111.748859704254,
              40.28256599067
            ],
            [
              -111.748581616134,
              40.2828026315373
            ],
            [
              -111.748554200084,
              40.2828259625034
            ],
            [
              -111.748417771608,
              40.283075399442
            ],
            [
              -111.748401209198,
              40.2831056719552
            ],
            [
              -111.748404705227,
              40.2832307890398
            ],
            [
              -111.748404706589,
              40.2832308403735
            ],
            [
              -111.748236043758,
              40.2830526240062
            ],
            [
              -111.748188315508,
              40.2830373100367
            ],
            [
              -111.748155501026,
              40.2830267818994
            ]
          ]
        ]
      },
      "properties": {
        "city_name": "Vineyard",
        "city_slug": "vineyard",
        "confidence": "rest_api",
        "extraction_date": "2026-05-16",
        "extraction_method": "arcgis_rest",
        "future_layer_type": "flu",
        "gp_zone_code": "Open Space",
        "gp_zone_description": "Open Space",
        "jurisdiction": "Vineyard City",
        "source_rest_url": "https://services.arcgis.com/QdlehUncXjEmQYtI/arcgis/rest/services/Vineyard_Future_Land_Use_View/FeatureServer/0",
        "acreage": 1.2896478002209104
      }
    },
    {
      "type": "Feature",
      "geometry": {
        "type": "Polygon",
        "coordinates": [
          [
            [
              -111.74864242836,
              40.2842846188359
            ],
            [
              -111.748452973242,
              40.2840936012302
            ],
            [
              -111.748452301005,
              40.2840940484783
            ],
            [
              -111.748452272679,
              40.2840940206187
            ],
            [
              -111.748452994191,
              40.2840935408426
            ],
            [
              -111.748513241683,
              40.2840488065328
            ],
            [
              -111.748570456113,
              40.2840017946167
            ],
            [
              -111.748640244125,
              40.2839384957008
            ],
            [
              -111.748706037761,
              40.2838731166572
            ],
            [
              -111.748706236999,
              40.2838729279986
            ],
            [
              -111.748997709518,
              40.2840234996473
            ],
            [
              -111.748999121039,
              40.2840242288606
            ],
            [
              -111.749228843953,
              40.2838750661728
            ],
            [
              -111.749400499636,
              40.2841143229438
            ],
            [
              -111.749613829681,
              40.2841969370791
            ],
            [
              -111.749613975474,
              40.2841969277611
            ],
            [
              -111.749615455822,
              40.2841975010086
            ],
            [
              -111.749615494637,
              40.2841975027269
            ],
            [
              -111.749866856025,
              40.2841816236873
            ],
            [
              -111.750118700556,
              40.2841657205557
            ],
            [
              -111.750119844582,
              40.28416565416
            ],
            [
              -111.750238952755,
              40.2843084733156
            ],
            [
              -111.750348442673,
              40.2843730894473
            ],
            [
              -111.750348469781,
              40.2843731056007
            ],
            [
              -111.750443348008,
              40.2844290977864
            ],
            [
              -111.750443422212,
              40.2844291291497
            ],
            [
              -111.750825598966,
              40.2845348424252
            ],
            [
              -111.750942431347,
              40.2844946965922
            ],
            [
              -111.751194913029,
              40.2844079227076
            ],
            [
              -111.751442776986,
              40.284608845993
            ],
            [
              -111.751442854666,
              40.284608862938
            ],
            [
              -111.751442879439,
              40.2846088835995
            ],
            [
              -111.751899688685,
              40.2847111363093
            ],
            [
              -111.752065247827,
              40.2846120407657
            ],
            [
              -111.752065223061,
              40.2846120219056
            ],
            [
              -111.75234909134,
              40.2844420871931
            ],
            [
              -111.752511241254,
              40.2845440290246
            ],
            [
              -111.752511316576,
              40.2845440441727
            ],
            [
              -111.752511348405,
              40.2845440648186
            ],
            [
              -111.752835100638,
              40.2846113052866
            ],
            [
              -111.752835134755,
              40.2846113088153
            ],
            [
              -111.752896285789,
              40.2846240195836
            ],
            [
              -111.753193926855,
              40.2845533515486
            ],
            [
              -111.753341126862,
              40.2844360514675
            ],
            [
              -111.753392712887,
              40.2843949459048
            ],
            [
              -111.753562105607,
              40.2845310337466
            ],
            [
              -111.753662961667,
              40.2845326061199
            ],
            [
              -111.753874274208,
              40.2843512078572
            ],
            [
              -111.754011034062,
              40.2845351432756
            ],
            [
              -111.753729102895,
              40.2846580876927
            ],
            [
              -111.753717570795,
              40.2847101716916
            ],
            [
              -111.753717616903,
              40.2847102373384
            ],
            [
              -111.753835517742,
              40.2848911994585
            ],
            [
              -111.753835528449,
              40.284891232759
            ],
            [
              -111.753856926228,
              40.2851234799825
            ],
            [
              -111.753810549055,
              40.2853062634991
            ],
            [
              -111.75381057743,
              40.2853063039663
            ],
            [
              -111.753872813636,
              40.2853647239728
            ],
            [
              -111.754173742689,
              40.2854204902141
            ],
            [
              -111.754173725196,
              40.2854205298805
            ],
            [
              -111.754148432747,
              40.285479042019
            ],
            [
              -111.75411913659,
              40.2855364928988
            ],
            [
              -111.754085934767,
              40.2855926841625
            ],
            [
              -111.753837107675,
              40.2854649674309
            ],
            [
              -111.75373547196,
              40.2854828327629
            ],
            [
              -111.753576058623,
              40.2856440562259
            ],
            [
              -111.753369888025,
              40.2857937482072
            ],
            [
              -111.752612300771,
              40.2862692477227
            ],
            [
              -111.752370547799,
              40.2863658895786
            ],
            [
              -111.752035819804,
              40.2864226602286
            ],
            [
              -111.751369603854,
              40.2864895402127
            ],
            [
              -111.751053709909,
              40.28650578905
            ],
            [
              -111.7507228104,
              40.2864898947083
            ],
            [
              -111.750391188867,
              40.2865135508717
            ],
            [
              -111.750066065632,
              40.2865702799667
            ],
            [
              -111.750030878085,
              40.2865484363741
            ],
            [
              -111.749806249771,
              40.2864089950807
            ],
            [
              -111.749806196717,
              40.2864089591685
            ],
            [
              -111.749445446507,
              40.2863886650708
            ],
            [
              -111.749120756998,
              40.2864702771503
            ],
            [
              -111.74877693517,
              40.2863279826368
            ],
            [
              -111.748776869203,
              40.2863279530562
            ],
            [
              -111.748293835526,
              40.2862466433221
            ],
            [
              -111.74808861819,
              40.2861303579953
            ],
            [
              -111.748277100931,
              40.286025872978
            ],
            [
              -111.748018566197,
              40.2857928056008
            ],
            [
              -111.748018463854,
              40.285794097339
            ],
            [
              -111.748018287648,
              40.2857811608889
            ],
            [
              -111.74801806026,
              40.285764482379
            ],
            [
              -111.748017842195,
              40.2857484297957
            ],
            [
              -111.74801358071,
              40.2857017990886
            ],
            [
              -111.748009408502,
              40.2856333753514
            ],
            [
              -111.748007951491,
              40.2855619458076
            ],
            [
              -111.748002275288,
              40.2854906405036
            ],
            [
              -111.747992381626,
              40.2854196098423
            ],
            [
              -111.747992414585,
              40.2854196178781
            ],
            [
              -111.748354131811,
              40.2853633562039
            ],
            [
              -111.748644853964,
              40.2853678830168
            ],
            [
              -111.748644884619,
              40.285367904567
            ],
            [
              -111.749018206921,
              40.2855133780182
            ],
            [
              -111.749196328298,
              40.2853739083165
            ],
            [
              -111.749199430186,
              40.2853965582566
            ],
            [
              -111.74920739544,
              40.2854185178345
            ],
            [
              -111.749220000119,
              40.2854391651834
            ],
            [
              -111.749236891687,
              40.2854579291462
            ],
            [
              -111.749257607259,
              40.2854742937403
            ],
            [
              -111.749281573631,
              40.2854878062632
            ],
            [
              -111.749308130866,
              40.2854980952559
            ],
            [
              -111.749336544068,
              40.2855048749806
            ],
            [
              -111.749366031663,
              40.2855079588704
            ],
            [
              -111.749395778342,
              40.2855072631045
            ],
            [
              -111.749424965638,
              40.2855028056421
            ],
            [
              -111.749452786053,
              40.2854947097949
            ],
            [
              -111.749478477165,
              40.2854832041543
            ],
            [
              -111.749501316804,
              40.285468591079
            ],
            [
              -111.749520689071,
              40.2854512888839
            ],
            [
              -111.749520738645,
              40.2854513383132
            ],
            [
              -111.749570692262,
              40.2855029860917
            ],
            [
              -111.749822701007,
              40.285585899036
            ],
            [
              -111.749934396483,
              40.28558153963
            ],
            [
              -111.75005475375,
              40.2853700948953
            ],
            [
              -111.749955877705,
              40.28519210094
            ],
            [
              -111.749543376471,
              40.2849613449919
            ],
            [
              -111.749256417315,
              40.2848008211118
            ],
            [
              -111.749184774662,
              40.2847607440873
            ],
            [
              -111.749184694522,
              40.2847606974249
            ],
            [
              -111.74895895735,
              40.2846344133926
            ],
            [
              -111.748957739033,
              40.2846341034666
            ],
            [
              -111.748526127445,
              40.2845266240599
            ],
            [
              -111.74852620349,
              40.2845265149204
            ],
            [
              -111.748674493565,
              40.284316947583
            ],
            [
              -111.748666607687,
              40.2843089963881
            ],
            [
              -111.74864242836,
              40.2842846188359
            ]
          ]
        ]
      },
      "properties": {
        "city_name": "Vineyard",
        "city_slug": "vineyard",
        "confidence": "rest_api",
        "extraction_date": "2026-05-16",
        "extraction_method": "arcgis_rest",
        "future_layer_type": "flu",
        "gp_zone_code": "Open Space",
        "gp_zone_description": "Open Space",
        "jurisdiction": "Vineyard City",
        "source_rest_url": "https://services.arcgis.com/QdlehUncXjEmQYtI/arcgis/rest/services/Vineyard_Future_Land_Use_View/FeatureServer/0",
        "acreage": 22.599270554605518
      }
    },
    {
      "type": "Feature",
      "geometry": {
        "type": "Polygon",
        "coordinates": [
          [
            [
              -111.751750297828,
              40.2948743995834
            ],
            [
              -111.751676311529,
              40.2948495761684
            ],
            [
              -111.751317281225,
              40.2948544569836
            ],
            [
              -111.751269989549,
              40.2947868062956
            ],
            [
              -111.751143115889,
              40.2945369003249
            ],
            [
              -111.750964217219,
              40.2942663192163
            ],
            [
              -111.750765195876,
              40.2940312175939
            ],
            [
              -111.750632355147,
              40.2939214517004
            ],
            [
              -111.750633284362,
              40.293584937272
            ],
            [
              -111.750620184765,
              40.2933379549239
            ],
            [
              -111.750520899247,
              40.2930322672703
            ],
            [
              -111.750221245148,
              40.2926554782443
            ],
            [
              -111.749942320847,
              40.2925375538482
            ],
            [
              -111.749565907142,
              40.2925663379768
            ],
            [
              -111.749565803705,
              40.2925663562106
            ],
            [
              -111.749564092406,
              40.2927093590309
            ],
            [
              -111.749564193917,
              40.2927094578845
            ],
            [
              -111.749559643191,
              40.2930896773831
            ],
            [
              -111.74955956674,
              40.2930896775464
            ],
            [
              -111.749555975249,
              40.2933897109639
            ],
            [
              -111.749556051684,
              40.2933897062974
            ],
            [
              -111.749553554845,
              40.2935982908635
            ],
            [
              -111.74955257652,
              40.2936800323399
            ],
            [
              -111.749501528309,
              40.2938090085608
            ],
            [
              -111.749442708578,
              40.2939576163868
            ],
            [
              -111.749446408005,
              40.2940074354897
            ],
            [
              -111.749455016496,
              40.2941233564801
            ],
            [
              -111.749321412149,
              40.2941984497714
            ],
            [
              -111.749084217727,
              40.2943317659519
            ],
            [
              -111.749084180122,
              40.2943317750385
            ],
            [
              -111.748942252678,
              40.2944115320379
            ],
            [
              -111.748833716985,
              40.2944905890884
            ],
            [
              -111.748523478349,
              40.2947165553887
            ],
            [
              -111.748422494128,
              40.2947901092842
            ],
            [
              -111.748303546723,
              40.2950177763969
            ],
            [
              -111.748193491365,
              40.2952284285092
            ],
            [
              -111.748173462528,
              40.2952939106304
            ],
            [
              -111.748173527265,
              40.2952939231018
            ],
            [
              -111.748142558867,
              40.2953952360822
            ],
            [
              -111.748119280395,
              40.2954715273633
            ],
            [
              -111.747825772775,
              40.2954735887495
            ],
            [
              -111.747352406195,
              40.2954755530517
            ],
            [
              -111.747352184271,
              40.2954147567562
            ],
            [
              -111.747351856894,
              40.2953234587257
            ],
            [
              -111.747382231816,
              40.2952577927223
            ],
            [
              -111.747420427882,
              40.2951945661878
            ],
            [
              -111.747466115353,
              40.2951343247
            ],
            [
              -111.747518902059,
              40.2950775860484
            ],
            [
              -111.747578332212,
              40.2950248393363
            ],
            [
              -111.747643892275,
              40.2949765395647
            ],
            [
              -111.747715020351,
              40.29493310311
            ],
            [
              -111.747791101467,
              40.2948949041314
            ],
            [
              -111.747871479324,
              40.2948622718452
            ],
            [
              -111.747955463341,
              40.294835486006
            ],
            [
              -111.748042329837,
              40.2948147796075
            ],
            [
              -111.748090980278,
              40.2947736233343
            ],
            [
              -111.748132481199,
              40.2947281078206
            ],
            [
              -111.748166173017,
              40.2946789540863
            ],
            [
              -111.748191518706,
              40.2946269450343
            ],
            [
              -111.748208117844,
              40.2945729083081
            ],
            [
              -111.748215703031,
              40.2945177009878
            ],
            [
              -111.748214157499,
              40.2944622014471
            ],
            [
              -111.748203503288,
              40.2944072922659
            ],
            [
              -111.748183910601,
              40.2943538458
            ],
            [
              -111.748155690701,
              40.2943027124884
            ],
            [
              -111.748119292323,
              40.2942547037489
            ],
            [
              -111.748075294581,
              40.2942105838881
            ],
            [
              -111.748024395156,
              40.2941710548157
            ],
            [
              -111.747967405538,
              40.2941367434471
            ],
            [
              -111.747905231014,
              40.294108195441
            ],
            [
              -111.747905289797,
              40.2941081881111
            ],
            [
              -111.748133838739,
              40.2938688081113
            ],
            [
              -111.748428030737,
              40.2934541847204
            ],
            [
              -111.748426537202,
              40.2930424206474
            ],
            [
              -111.748605530284,
              40.2928556316283
            ],
            [
              -111.748748353579,
              40.2925896855242
            ],
            [
              -111.748981674318,
              40.2923813341429
            ],
            [
              -111.749328200751,
              40.2922268025342
            ],
            [
              -111.749631799163,
              40.292036055019
            ],
            [
              -111.74969980757,
              40.2919933399828
            ],
            [
              -111.74969983337,
              40.291993319213
            ],
            [
              -111.749725760139,
              40.2919667570355
            ],
            [
              -111.74984033197,
              40.2918494503793
            ],
            [
              -111.749974525724,
              40.2917120020192
            ],
            [
              -111.749946790095,
              40.2915960723739
            ],
            [
              -111.750208941581,
              40.2915592891508
            ],
            [
              -111.750294924066,
              40.291550327293
            ],
            [
              -111.750381594256,
              40.2915470694561
            ],
            [
              -111.751001533991,
              40.2915455840147
            ],
            [
              -111.751002054324,
              40.2916728073924
            ],
            [
              -111.751380841349,
              40.2918374350849
            ],
            [
              -111.751381004869,
              40.29183744464
            ],
            [
              -111.751380866117,
              40.2918374539451
            ],
            [
              -111.751480245731,
              40.29203813961
            ],
            [
              -111.751487752344,
              40.2920532992411
            ],
            [
              -111.751343163228,
              40.292169142818
            ],
            [
              -111.751343132608,
              40.2921691320763
            ],
            [
              -111.751092989211,
              40.2923695537014
            ],
            [
              -111.751093017492,
              40.2923695680509
            ],
            [
              -111.751051283959,
              40.2924030003642
            ],
            [
              -111.751023298497,
              40.2924505368676
            ],
            [
              -111.75114730047,
              40.2926783412786
            ],
            [
              -111.751147342789,
              40.2926783348831
            ],
            [
              -111.751303337889,
              40.29296492266
            ],
            [
              -111.751303376924,
              40.2929649829189
            ],
            [
              -111.751303446109,
              40.2929649260297
            ],
            [
              -111.751354568477,
              40.2930588419741
            ],
            [
              -111.751640713373,
              40.2931364816106
            ],
            [
              -111.751640686589,
              40.2931365546202
            ],
            [
              -111.751804563048,
              40.293181015522
            ],
            [
              -111.751804713441,
              40.2931809728677
            ],
            [
              -111.752073149234,
              40.2931076554841
            ],
            [
              -111.75226414442,
              40.2930357242173
            ],
            [
              -111.752218603945,
              40.293067924981
            ],
            [
              -111.752218670937,
              40.2930679113267
            ],
            [
              -111.752264244254,
              40.2930356861748
            ],
            [
              -111.75226414442,
              40.2930357242173
            ],
            [
              -111.752383048019,
              40.2929516474783
            ],
            [
              -111.752517438602,
              40.2928256330441
            ],
            [
              -111.752517037757,
              40.2928094250865
            ],
            [
              -111.752523421051,
              40.29292719973
            ],
            [
              -111.752523874141,
              40.2929355656989
            ],
            [
              -111.752523980907,
              40.2929367696242
            ],
            [
              -111.752524913684,
              40.2929527395628
            ],
            [
              -111.752536564726,
              40.2930796668267
            ],
            [
              -111.752560055455,
              40.2933036268789
            ],
            [
              -111.752560082128,
              40.2933038429749
            ],
            [
              -111.752580583614,
              40.2934612692762
            ],
            [
              -111.752581222496,
              40.293464836231
            ],
            [
              -111.752582252351,
              40.2934726794805
            ],
            [
              -111.752595856628,
              40.2935465034548
            ],
            [
              -111.75260870747,
              40.293618222458
            ],
            [
              -111.752610589139,
              40.2936264529413
            ],
            [
              -111.752613215193,
              40.2936407043951
            ],
            [
              -111.752629434564,
              40.293708888302
            ],
            [
              -111.752644382774,
              40.293774273964
            ],
            [
              -111.75264852247,
              40.2937891300746
            ],
            [
              -111.752669156597,
              40.2938631756966
            ],
            [
              -111.752687559384,
              40.2939292095434
            ],
            [
              -111.752687439483,
              40.2939292287162
            ],
            [
              -111.752397670082,
              40.2939869999048
            ],
            [
              -111.752397551351,
              40.2939870172735
            ],
            [
              -111.752136276423,
              40.2942069269914
            ],
            [
              -111.752226079708,
              40.2943991233098
            ],
            [
              -111.752209775004,
              40.2945680176805
            ],
            [
              -111.752283761214,
              40.2947761317672
            ],
            [
              -111.752247152322,
              40.2948998425479
            ],
            [
              -111.752209385233,
              40.2950278410565
            ],
            [
              -111.752209285134,
              40.295027807949
            ],
            [
              -111.752209263058,
              40.2950278818491
            ],
            [
              -111.751750297828,
              40.2948743995834
            ]
          ]
        ]
      },
      "properties": {
        "city_name": "Vineyard",
        "city_slug": "vineyard",
        "confidence": "rest_api",
        "extraction_date": "2026-05-16",
        "extraction_method": "arcgis_rest",
        "future_layer_type": "flu",
        "gp_zone_code": "Open Space",
        "gp_zone_description": "Open Space",
        "jurisdiction": "Vineyard City",
        "source_rest_url": "https://services.arcgis.com/QdlehUncXjEmQYtI/arcgis/rest/services/Vineyard_Future_Land_Use_View/FeatureServer/0",
        "acreage": 18.314986563262885
      }
    },
    {
      "type": "Feature",
      "geometry": {
        "type": "Polygon",
        "coordinates": [
          [
            [
              -111.750331074361,
              40.2970274740121
            ],
            [
              -111.749887864201,
              40.2963598812033
            ],
            [
              -111.748369878882,
              40.2963793571277
            ],
            [
              -111.748366803869,
              40.2955314162365
            ],
            [
              -111.74841109748,
              40.2955313229518
            ],
            [
              -111.748927188918,
              40.2955302225026
            ],
            [
              -111.749127908654,
              40.2955297945975
            ],
            [
              -111.749486608298,
              40.2955290326459
            ],
            [
              -111.749802258743,
              40.2955283580583
            ],
            [
              -111.750052320352,
              40.2955278230374
            ],
            [
              -111.750310247253,
              40.2955272706274
            ],
            [
              -111.750576886315,
              40.2955266989596
            ],
            [
              -111.750853182035,
              40.2955261068467
            ],
            [
              -111.751140231799,
              40.2955254882582
            ],
            [
              -111.751439430606,
              40.2955248446155
            ],
            [
              -111.751713146889,
              40.2955242560207
            ],
            [
              -111.751714082856,
              40.2957786018075
            ],
            [
              -111.7517149997,
              40.2960280625472
            ],
            [
              -111.751715916551,
              40.2962775232673
            ],
            [
              -111.751717056555,
              40.2965841776825
            ],
            [
              -111.751718141418,
              40.2968777468005
            ],
            [
              -111.751718242304,
              40.2969058357173
            ],
            [
              -111.75171865348,
              40.2970177077225
            ],
            [
              -111.750331074361,
              40.2970274740121
            ]
          ]
        ]
      },
      "properties": {
        "city_name": "Vineyard",
        "city_slug": "vineyard",
        "confidence": "rest_api",
        "extraction_date": "2026-05-16",
        "extraction_method": "arcgis_rest",
        "future_layer_type": "flu",
        "gp_zone_code": "Open Space",
        "gp_zone_description": "Open Space",
        "jurisdiction": "Vineyard City",
        "source_rest_url": "https://services.arcgis.com/QdlehUncXjEmQYtI/arcgis/rest/services/Vineyard_Future_Land_Use_View/FeatureServer/0",
        "acreage": 9.018662428289199
      }
    },
    {
      "type": "Feature",
      "geometry": {
        "type": "Polygon",
        "coordinates": [
          [
            [
              -111.752978972518,
              40.2973980773817
            ],
            [
              -111.752944402046,
              40.2973947487281
            ],
            [
              -111.752909653101,
              40.2973959641748
            ],
            [
              -111.752875618307,
              40.2974016857636
            ],
            [
              -111.752843345077,
              40.2974117455105
            ],
            [
              -111.752840191207,
              40.2971497546258
            ],
            [
              -111.752870329358,
              40.2971495506912
            ],
            [
              -111.752947435875,
              40.2971460973213
            ],
            [
              -111.753023737842,
              40.2971369157768
            ],
            [
              -111.753098511005,
              40.2971220949907
            ],
            [
              -111.753163551578,
              40.2971065513217
            ],
            [
              -111.753175404274,
              40.2971045586379
            ],
            [
              -111.753187528728,
              40.2971041694022
            ],
            [
              -111.753199557986,
              40.2971053925157
            ],
            [
              -111.753211129638,
              40.297108193639
            ],
            [
              -111.75322189167,
              40.2971124861733
            ],
            [
              -111.753318290366,
              40.2971594589517
            ],
            [
              -111.75333045836,
              40.2971663863991
            ],
            [
              -111.753341223065,
              40.2971745768828
            ],
            [
              -111.753350342711,
              40.2971838580046
            ],
            [
              -111.753357638988,
              40.2971940410177
            ],
            [
              -111.753362961744,
              40.2972049182001
            ],
            [
              -111.753401550899,
              40.2973149349261
            ],
            [
              -111.753402899892,
              40.2973196594544
            ],
            [
              -111.753404692733,
              40.2973248108233
            ],
            [
              -111.753415257781,
              40.2973629560882
            ],
            [
              -111.753433315575,
              40.2974262210319
            ],
            [
              -111.753435452046,
              40.2974358658437
            ],
            [
              -111.753438312079,
              40.29744619177
            ],
            [
              -111.753446690656,
              40.2974865996763
            ],
            [
              -111.753458193661,
              40.2975385298827
            ],
            [
              -111.753460589116,
              40.2975536320043
            ],
            [
              -111.753463720915,
              40.2975687370312
            ],
            [
              -111.753468889515,
              40.2976059627365
            ],
            [
              -111.753476130096,
              40.2976516121251
            ],
            [
              -111.753478181407,
              40.2976728852703
            ],
            [
              -111.753480038243,
              40.2976921450085
            ],
            [
              -111.753133789535,
              40.2977057578459
            ],
            [
              -111.753125440599,
              40.2976225659014
            ],
            [
              -111.753125438123,
              40.2976225325832
            ],
            [
              -111.75312518844,
              40.2976163997726
            ],
            [
              -111.753126176214,
              40.2976102777902
            ],
            [
              -111.753128378575,
              40.2976043441114
            ],
            [
              -111.753137411044,
              40.2975785752695
            ],
            [
              -111.75314059223,
              40.2975520067302
            ],
            [
              -111.753137830894,
              40.2975254105392
            ],
            [
              -111.753129207533,
              40.2974995601707
            ],
            [
              -111.753114971947,
              40.2974752080164
            ],
            [
              -111.753095538447,
              40.2974530628802
            ],
            [
              -111.753071474012,
              40.2974337674882
            ],
            [
              -111.753043475883,
              40.2974178841272
            ],
            [
              -111.753043417012,
              40.2974178680433
            ],
            [
              -111.752978972518,
              40.2973980773817
            ]
          ]
        ]
      },
      "properties": {
        "city_name": "Vineyard",
        "city_slug": "vineyard",
        "confidence": "rest_api",
        "extraction_date": "2026-05-16",
        "extraction_method": "arcgis_rest",
        "future_layer_type": "flu",
        "gp_zone_code": "Open Space",
        "gp_zone_description": "Open Space",
        "jurisdiction": "Vineyard City",
        "source_rest_url": "https://services.arcgis.com/QdlehUncXjEmQYtI/arcgis/rest/services/Vineyard_Future_Land_Use_View/FeatureServer/0",
        "acreage": 0.5746937087313675
      }
    },
    {
      "type": "Feature",
      "geometry": {
        "type": "Polygon",
        "coordinates": [
          [
            [
              -111.748729257361,
              40.3032740040746
            ],
            [
              -111.748708446627,
              40.3032118314563
            ],
            [
              -111.748708480761,
              40.3032118367874
            ],
            [
              -111.748593927054,
              40.3028693835946
            ],
            [
              -111.748540543304,
              40.3027098713575
            ],
            [
              -111.748523765465,
              40.3026597095729
            ],
            [
              -111.74848720387,
              40.3025503463852
            ],
            [
              -111.748433848308,
              40.3023908470837
            ],
            [
              -111.748433818307,
              40.3023908457965
            ],
            [
              -111.748380481134,
              40.3022313207557
            ],
            [
              -111.748327131958,
              40.3020718231781
            ],
            [
              -111.748327096626,
              40.3020718115449
            ],
            [
              -111.748273759976,
              40.3019122936444
            ],
            [
              -111.748220411893,
              40.3017527982523
            ],
            [
              -111.748220378907,
              40.3017527848128
            ],
            [
              -111.748167036839,
              40.3015932574034
            ],
            [
              -111.74816701456,
              40.3015932772647
            ],
            [
              -111.748113595693,
              40.3014335878717
            ],
            [
              -111.748048415988,
              40.3012387436051
            ],
            [
              -111.748048447713,
              40.3012387336308
            ],
            [
              -111.747947962648,
              40.3009383158276
            ],
            [
              -111.74792706554,
              40.3008291479232
            ],
            [
              -111.747823745865,
              40.3004873732905
            ],
            [
              -111.747811618327,
              40.3004472620829
            ],
            [
              -111.747755759921,
              40.3002624138188
            ],
            [
              -111.747755743369,
              40.3002623904373
            ],
            [
              -111.747703110544,
              40.3000882411828
            ],
            [
              -111.747703050615,
              40.300088258422
            ],
            [
              -111.747682129291,
              40.3000190500115
            ],
            [
              -111.747630602997,
              40.2998486017899
            ],
            [
              -111.747597769282,
              40.299739954444
            ],
            [
              -111.747545134837,
              40.2995657852807
            ],
            [
              -111.747492493624,
              40.2993916224035
            ],
            [
              -111.747492460718,
              40.299391630579
            ],
            [
              -111.747439824497,
              40.2992174730623
            ],
            [
              -111.747387181439,
              40.2990433020178
            ],
            [
              -111.747334548058,
              40.2988691309201
            ],
            [
              -111.747281907903,
              40.2986949643073
            ],
            [
              -111.747281876183,
              40.2986949751822
            ],
            [
              -111.74722923687,
              40.2985208044819
            ],
            [
              -111.747176591923,
              40.2983466283571
            ],
            [
              -111.747176561409,
              40.2983466473351
            ],
            [
              -111.74712394738,
              40.2981726525909
            ],
            [
              -111.747071284752,
              40.2979984804909
            ],
            [
              -111.747071331724,
              40.2979984587763
            ],
            [
              -111.747018466848,
              40.2978235791693
            ],
            [
              -111.746964714226,
              40.2976457788332
            ],
            [
              -111.74696467425,
              40.2976457834209
            ],
            [
              -111.746948526742,
              40.2975923088039
            ],
            [
              -111.746851390034,
              40.2972710022431
            ],
            [
              -111.746851485306,
              40.2972710011412
            ],
            [
              -111.746850855555,
              40.2972689156916
            ],
            [
              -111.74685059366,
              40.2972680498304
            ],
            [
              -111.746787407328,
              40.2972684940567
            ],
            [
              -111.746730920721,
              40.2972688907746
            ],
            [
              -111.746538369094,
              40.2970241073649
            ],
            [
              -111.747649451516,
              40.2970217571444
            ],
            [
              -111.747653710169,
              40.2970199873667
            ],
            [
              -111.747746564525,
              40.2970172425665
            ],
            [
              -111.747763611692,
              40.2970455008862
            ],
            [
              -111.747901589693,
              40.297261296665
            ],
            [
              -111.747955959103,
              40.2972609155833
            ],
            [
              -111.747959691168,
              40.2972608707353
            ],
            [
              -111.747955983885,
              40.2972609380466
            ],
            [
              -111.7479016086,
              40.2972613209422
            ],
            [
              -111.748077413522,
              40.2975362766432
            ],
            [
              -111.748133882979,
              40.2976245868357
            ],
            [
              -111.748190630758,
              40.2977133818517
            ],
            [
              -111.748340714323,
              40.2979480908847
            ],
            [
              -111.748337957836,
              40.2979485974999
            ],
            [
              -111.748403997,
              40.2980518702335
            ],
            [
              -111.748498256104,
              40.2981992466195
            ],
            [
              -111.74855266473,
              40.2982843348896
            ],
            [
              -111.748657955835,
              40.298448974522
            ],
            [
              -111.748763386001,
              40.298613870438
            ],
            [
              -111.748927788138,
              40.2987500318194
            ],
            [
              -111.74908904196,
              40.2988835824225
            ],
            [
              -111.749249740682,
              40.2990166647505
            ],
            [
              -111.749374872694,
              40.2991202944507
            ],
            [
              -111.749482465939,
              40.2992104609017
            ],
            [
              -111.74930381117,
              40.299218140179
            ],
            [
              -111.749158982159,
              40.2992935849293
            ],
            [
              -111.749160651572,
              40.2997524421957
            ],
            [
              -111.749234105947,
              40.2999612002559
            ],
            [
              -111.74923417063,
              40.2999611965154
            ],
            [
              -111.749281739297,
              40.3001807804883
            ],
            [
              -111.749352593917,
              40.3003821668684
            ],
            [
              -111.749423453694,
              40.3005835630897
            ],
            [
              -111.74949433973,
              40.3007849492929
            ],
            [
              -111.749565200917,
              40.3009863422492
            ],
            [
              -111.749667584139,
              40.3011928833814
            ],
            [
              -111.749666590749,
              40.3011920785329
            ],
            [
              -111.749749382544,
              40.3014273562207
            ],
            [
              -111.749825195182,
              40.3016427969011
            ],
            [
              -111.749869154361,
              40.3017095482209
            ],
            [
              -111.749870091653,
              40.3017104504564
            ],
            [
              -111.75008213587,
              40.3017031365713
            ],
            [
              -111.75026151081,
              40.3016969964725
            ],
            [
              -111.750571755675,
              40.3016022877511
            ],
            [
              -111.750813853425,
              40.3015182457808
            ],
            [
              -111.753146572056,
              40.3015131881317
            ],
            [
              -111.75325910739,
              40.3034682302942
            ],
            [
              -111.753426445763,
              40.3040034854049
            ],
            [
              -111.750580402552,
              40.3041133139308
            ],
            [
              -111.748932371356,
              40.3041308312222
            ],
            [
              -111.748831829061,
              40.3041318992149
            ],
            [
              -111.748831840638,
              40.3041318478539
            ],
            [
              -111.748828227655,
              40.3039135415767
            ],
            [
              -111.748822200927,
              40.3035499019029
            ],
            [
              -111.748772359791,
              40.303400891344
            ],
            [
              -111.748729911481,
              40.3032740233966
            ],
            [
              -111.748729257361,
              40.3032740040746
            ]
          ]
        ]
      },
      "properties": {
        "city_name": "Vineyard",
        "city_slug": "vineyard",
        "confidence": "rest_api",
        "extraction_date": "2026-05-16",
        "extraction_method": "arcgis_rest",
        "future_layer_type": "flu",
        "gp_zone_code": "Open Space",
        "gp_zone_description": "Open Space",
        "jurisdiction": "Vineyard City",
        "source_rest_url": "https://services.arcgis.com/QdlehUncXjEmQYtI/arcgis/rest/services/Vineyard_Future_Land_Use_View/FeatureServer/0",
        "acreage": 43.537669633939885
      }
    },
    {
      "type": "Feature",
      "geometry": {
        "type": "Polygon",
        "coordinates": [
          [
            [
              -111.751985519283,
              40.3077516132024
            ],
            [
              -111.751888705351,
              40.3077692204567
            ],
            [
              -111.751888695629,
              40.3077691358179
            ],
            [
              -111.751868346568,
              40.3075905547287
            ],
            [
              -111.751849337551,
              40.3074234871723
            ],
            [
              -111.751830297411,
              40.3072564084133
            ],
            [
              -111.751811258549,
              40.3070893323416
            ],
            [
              -111.751806750908,
              40.3070497662978
            ],
            [
              -111.751792254526,
              40.306922267441
            ],
            [
              -111.751786031413,
              40.3068675861095
            ],
            [
              -111.751767004051,
              40.3067005392564
            ],
            [
              -111.751766968729,
              40.3067005312267
            ],
            [
              -111.751747955581,
              40.3065334852319
            ],
            [
              -111.751728914225,
              40.3063664212733
            ],
            [
              -111.751709464079,
              40.3061956538658
            ],
            [
              -111.7516830756,
              40.3059640606904
            ],
            [
              -111.751660650656,
              40.3057670641166
            ],
            [
              -111.751660644552,
              40.3057670037871
            ],
            [
              -111.751660772775,
              40.3057670026103
            ],
            [
              -111.751649016607,
              40.305663794258
            ],
            [
              -111.751751420062,
              40.3056627936878
            ],
            [
              -111.751823112609,
              40.3056620969961
            ],
            [
              -111.75200479483,
              40.3056603146629
            ],
            [
              -111.752095352416,
              40.3056594203996
            ],
            [
              -111.7520954042,
              40.3056594265923
            ],
            [
              -111.752186473553,
              40.3056585428624
            ],
            [
              -111.752368173464,
              40.3056567770381
            ],
            [
              -111.752549855657,
              40.3056549938573
            ],
            [
              -111.752549856727,
              40.3056549650346
            ],
            [
              -111.752731531883,
              40.3056531896923
            ],
            [
              -111.752912047217,
              40.3056514435971
            ],
            [
              -111.753100344087,
              40.3056496227249
            ],
            [
              -111.753333318604,
              40.3056473579339
            ],
            [
              -111.753521441225,
              40.3056455034372
            ],
            [
              -111.753512666957,
              40.3056894699465
            ],
            [
              -111.753282172562,
              40.3068384291726
            ],
            [
              -111.753264230193,
              40.3069326458123
            ],
            [
              -111.753249914819,
              40.3070272238452
            ],
            [
              -111.753245663402,
              40.3070479386897
            ],
            [
              -111.753187551287,
              40.3072631284783
            ],
            [
              -111.753181874313,
              40.3072899689334
            ],
            [
              -111.753178949893,
              40.3073170565019
            ],
            [
              -111.753178927615,
              40.3073170763642
            ],
            [
              -111.753175190119,
              40.3074418018656
            ],
            [
              -111.75317562908,
              40.3075665732505
            ],
            [
              -111.753175335786,
              40.3075699746882
            ],
            [
              -111.753174317519,
              40.3075732957391
            ],
            [
              -111.753172597459,
              40.3075764426866
            ],
            [
              -111.75317022234,
              40.3075793280678
            ],
            [
              -111.753167260112,
              40.3075818751813
            ],
            [
              -111.753163797539,
              40.3075840054838
            ],
            [
              -111.753163769362,
              40.3075840208556
            ],
            [
              -111.75315990272,
              40.3075856828021
            ],
            [
              -111.753155708344,
              40.3075868402017
            ],
            [
              -111.75315132607,
              40.3075874504214
            ],
            [
              -111.753149970024,
              40.3075875506283
            ],
            [
              -111.753149644177,
              40.3075875567382
            ],
            [
              -111.753120707357,
              40.3075896944993
            ],
            [
              -111.753067649956,
              40.3075933246193
            ],
            [
              -111.752873614221,
              40.3076076694849
            ],
            [
              -111.752703419431,
              40.307623185528
            ],
            [
              -111.752534337158,
              40.3076446800428
            ],
            [
              -111.752366724824,
              40.3076721072301
            ],
            [
              -111.752200938628,
              40.3077054086862
            ],
            [
              -111.752081524263,
              40.3077315794982
            ],
            [
              -111.752036528767,
              40.3077409684346
            ],
            [
              -111.751985519283,
              40.3077516132024
            ]
          ]
        ]
      },
      "properties": {
        "city_name": "Vineyard",
        "city_slug": "vineyard",
        "confidence": "rest_api",
        "extraction_date": "2026-05-16",
        "extraction_method": "arcgis_rest",
        "future_layer_type": "flu",
        "gp_zone_code": "Open Space",
        "gp_zone_description": "Open Space",
        "jurisdiction": "Vineyard City",
        "source_rest_url": "https://services.arcgis.com/QdlehUncXjEmQYtI/arcgis/rest/services/Vineyard_Future_Land_Use_View/FeatureServer/0",
        "acreage": 7.295317633004807
      }
    },
    {
      "type": "Feature",
      "geometry": {
        "type": "Polygon",
        "coordinates": [
          [
            [
              -111.76150952452,
              40.3261331137123
            ],
            [
              -111.759058764981,
              40.3261519626316
            ],
            [
              -111.759031684092,
              40.3261120211338
            ],
            [
              -111.759031492288,
              40.3261120224596
            ],
            [
              -111.756624643061,
              40.3225626545194
            ],
            [
              -111.756273263139,
              40.3220736853512
            ],
            [
              -111.756273038794,
              40.3220731634766
            ],
            [
              -111.756223566735,
              40.321978832578
            ],
            [
              -111.756166235142,
              40.321887146029
            ],
            [
              -111.754934612423,
              40.3200706655864
            ],
            [
              -111.754237668055,
              40.3191712954642
            ],
            [
              -111.754218436007,
              40.3191373483217
            ],
            [
              -111.754160194053,
              40.3190256884599
            ],
            [
              -111.754109663992,
              40.3189118493757
            ],
            [
              -111.754056185497,
              40.3187786674776
            ],
            [
              -111.753456478389,
              40.3178940944812
            ],
            [
              -111.753459484516,
              40.3178940708487
            ],
            [
              -111.751731164642,
              40.3153446540595
            ],
            [
              -111.751476472871,
              40.3149746141284
            ],
            [
              -111.751215929924,
              40.314606969262
            ],
            [
              -111.750949573718,
              40.3142417742797
            ],
            [
              -111.750677443342,
              40.3138790830967
            ],
            [
              -111.748755310003,
              40.3113538280957
            ],
            [
              -111.748531851276,
              40.3110614270365
            ],
            [
              -111.74853183472,
              40.3110614036552
            ],
            [
              -111.748500520371,
              40.3110202608032
            ],
            [
              -111.748843669309,
              40.3109211045689
            ],
            [
              -111.748830833802,
              40.3109042413947
            ],
            [
              -111.74900567447,
              40.3108373849261
            ],
            [
              -111.748997792389,
              40.3108271227753
            ],
            [
              -111.754176477432,
              40.309521236128
            ],
            [
              -111.754176740746,
              40.3095211788151
            ],
            [
              -111.754176800868,
              40.3095212120078
            ],
            [
              -111.754785001492,
              40.3093898796351
            ],
            [
              -111.754970002931,
              40.3093530327344
            ],
            [
              -111.755004681421,
              40.3093461257293
            ],
            [
              -111.755049056848,
              40.3093387517317
            ],
            [
              -111.755222167133,
              40.3093099865743
            ],
            [
              -111.755226507911,
              40.3093092655898
            ],
            [
              -111.755229198295,
              40.3093089057629
            ],
            [
              -111.755450114197,
              40.3092793594487
            ],
            [
              -111.755662771315,
              40.3092577167552
            ],
            [
              -111.755709099349,
              40.309254075872
            ],
            [
              -111.755870066398,
              40.3092427834451
            ],
            [
              -111.755930408348,
              40.3092394684348
            ],
            [
              -111.75609476897,
              40.3092330965435
            ],
            [
              -111.756138066724,
              40.3092317371381
            ],
            [
              -111.75635485364,
              40.3092301088661
            ],
            [
              -111.756570858802,
              40.3092352330744
            ],
            [
              -111.756581737243,
              40.309235491084
            ],
            [
              -111.756592426336,
              40.3092360791412
            ],
            [
              -111.756744318793,
              40.3092444374973
            ],
            [
              -111.756847207732,
              40.3092513299824
            ],
            [
              -111.75696416035,
              40.3092614499471
            ],
            [
              -111.757067538723,
              40.3092714708711
            ],
            [
              -111.757179739802,
              40.3092847460947
            ],
            [
              -111.757289463663,
              40.3092987399692
            ],
            [
              -111.757397884559,
              40.3093150575498
            ],
            [
              -111.757508374755,
              40.3093325908305
            ],
            [
              -111.757613928342,
              40.3093519298587
            ],
            [
              -111.757725312443,
              40.3093731301535
            ],
            [
              -111.757827247099,
              40.3093952067989
            ],
            [
              -111.757939901226,
              40.3094202858267
            ],
            [
              -111.758037282536,
              40.309444699584
            ],
            [
              -111.758151798505,
              40.3094739757613
            ],
            [
              -111.758242826073,
              40.3094999885046
            ],
            [
              -111.758360669881,
              40.3095341106477
            ],
            [
              -111.75844059313,
              40.309559838873
            ],
            [
              -111.758566222145,
              40.3096006046897
            ],
            [
              -111.758616125816,
              40.3096185357749
            ],
            [
              -111.758765894264,
              40.3096725431268
            ],
            [
              -111.75895997993,
              40.309749806454
            ],
            [
              -111.759110944864,
              40.309815797271
            ],
            [
              -111.759151557885,
              40.3098336154365
            ],
            [
              -111.759279344731,
              40.3098946940397
            ],
            [
              -111.759340135153,
              40.309923947764
            ],
            [
              -111.759457566248,
              40.3099851140028
            ],
            [
              -111.759523866329,
              40.3100199852693
            ],
            [
              -111.759634614164,
              40.310082681043
            ],
            [
              -111.759702397788,
              40.3101215405279
            ],
            [
              -111.75980791275,
              40.3101863354407
            ],
            [
              -111.759875496097,
              40.3102284789871
            ],
            [
              -111.759976366004,
              40.3102955734935
            ],
            [
              -111.760042839327,
              40.3103405978433
            ],
            [
              -111.76013948603,
              40.3104101702486
            ],
            [
              -111.760204158547,
              40.3104577121888
            ],
            [
              -111.760296683238,
              40.3105297667871
            ],
            [
              -111.760359249658,
              40.3105796711959
            ],
            [
              -111.760447687549,
              40.3106541872098
            ],
            [
              -111.760509761709,
              40.3107079230365
            ],
            [
              -111.760582276656,
              40.3107738787829
            ],
            [
              -111.760646188197,
              40.3108339752284
            ],
            [
              -111.76071654057,
              40.3109028979036
            ],
            [
              -111.760776106048,
              40.3109638217508
            ],
            [
              -111.760843905481,
              40.3110354618581
            ],
            [
              -111.76089931555,
              40.3110972343095
            ],
            [
              -111.760964358145,
              40.311171496846
            ],
            [
              -111.761015304831,
              40.3112335746176
            ],
            [
              -111.761077823976,
              40.3113108859723
            ],
            [
              -111.761080578181,
              40.3113142923253
            ],
            [
              -111.761183851809,
              40.3114488605009
            ],
            [
              -111.761708953032,
              40.3114453618752
            ],
            [
              -111.761708953831,
              40.3114458788381
            ],
            [
              -111.762723527194,
              40.3114388465502
            ],
            [
              -111.763177835512,
              40.3114356941206
            ],
            [
              -111.763098701907,
              40.312227041667
            ],
            [
              -111.763080979943,
              40.3124042590107
            ],
            [
              -111.762954164765,
              40.3136723754123
            ],
            [
              -111.762909575702,
              40.3141182430631
            ],
            [
              -111.762825871908,
              40.314955218947
            ],
            [
              -111.763202193244,
              40.316763577323
            ],
            [
              -111.763412228518,
              40.317772829671
            ],
            [
              -111.763413826461,
              40.3177805066716
            ],
            [
              -111.763230773711,
              40.3187338352375
            ],
            [
              -111.762160888195,
              40.3228136403221
            ],
            [
              -111.76216086107,
              40.3228136241715
            ],
            [
              -111.762104288242,
              40.3230305719233
            ],
            [
              -111.761988165511,
              40.3234733496977
            ],
            [
              -111.762098893726,
              40.3244279502443
            ],
            [
              -111.762098797098,
              40.3244279144358
            ],
            [
              -111.762295943927,
              40.32612729126
            ],
            [
              -111.762219768425,
              40.326127837768
            ],
            [
              -111.762169238839,
              40.3261283825359
            ],
            [
              -111.76150952452,
              40.3261331137123
            ]
          ]
        ]
      },
      "properties": {
        "city_name": "Vineyard",
        "city_slug": "vineyard",
        "confidence": "rest_api",
        "extraction_date": "2026-05-16",
        "extraction_method": "arcgis_rest",
        "future_layer_type": "flu",
        "gp_zone_code": "Town Center",
        "gp_zone_description": "Town Center",
        "jurisdiction": "Vineyard City",
        "source_rest_url": "https://services.arcgis.com/QdlehUncXjEmQYtI/arcgis/rest/services/Vineyard_Future_Land_Use_View/FeatureServer/0",
        "acreage": 343.27174126914633
      }
    },
    {
      "type": "Feature",
      "geometry": {
        "type": "Polygon",
        "coordinates": [
          [
            [
              -111.761846702932,
              40.3296401166071
            ],
            [
              -111.761953082783,
              40.3295934804607
            ],
            [
              -111.761952113862,
              40.3295921424949
            ],
            [
              -111.761843383054,
              40.3296397782032
            ],
            [
              -111.76165632238,
              40.3293815695143
            ],
            [
              -111.761473958475,
              40.3291196502109
            ],
            [
              -111.759527281617,
              40.3262491315284
            ],
            [
              -111.759415237039,
              40.3261492238255
            ],
            [
              -111.76150952452,
              40.3261331137123
            ],
            [
              -111.762169238839,
              40.3261283825359
            ],
            [
              -111.762219768425,
              40.326127837768
            ],
            [
              -111.762295943927,
              40.32612729126
            ],
            [
              -111.762659176787,
              40.3261228783287
            ],
            [
              -111.762670808487,
              40.3262132458253
            ],
            [
              -111.761941859463,
              40.3262166994275
            ],
            [
              -111.76194187486,
              40.3262207234125
            ],
            [
              -111.761953864029,
              40.3293634154535
            ],
            [
              -111.761954168645,
              40.3295912426631
            ],
            [
              -111.761954172201,
              40.3295937094809
            ],
            [
              -111.761846702932,
              40.3296401166071
            ]
          ]
        ]
      },
      "properties": {
        "city_name": "Vineyard",
        "city_slug": "vineyard",
        "confidence": "rest_api",
        "extraction_date": "2026-05-16",
        "extraction_method": "arcgis_rest",
        "future_layer_type": "flu",
        "gp_zone_code": "Public Facility",
        "gp_zone_description": "Public Facility",
        "jurisdiction": "Vineyard City",
        "source_rest_url": "https://services.arcgis.com/QdlehUncXjEmQYtI/arcgis/rest/services/Vineyard_Future_Land_Use_View/FeatureServer/0",
        "acreage": 10.819973066365419
      }
    },
    {
      "type": "Feature",
      "geometry": {
        "type": "Polygon",
        "coordinates": [
          [
            [
              -111.754167323013,
              40.3054645518446
            ],
            [
              -111.753973302807,
              40.3054417490597
            ],
            [
              -111.753967346184,
              40.3054406416163
            ],
            [
              -111.753961722006,
              40.3054387724118
            ],
            [
              -111.753956596352,
              40.3054361978255
            ],
            [
              -111.753952118901,
              40.3054329922848
            ],
            [
              -111.753948420578,
              40.3054292491714
            ],
            [
              -111.753945608839,
              40.3054250781297
            ],
            [
              -111.753943767663,
              40.3054206014636
            ],
            [
              -111.75394294812,
              40.3054159505553
            ],
            [
              -111.75394315906,
              40.3054116081267
            ],
            [
              -111.753943176592,
              40.3054112604428
            ],
            [
              -111.753944777822,
              40.3053995684978
            ],
            [
              -111.753948199888,
              40.305380207275
            ],
            [
              -111.753959317079,
              40.305293386937
            ],
            [
              -111.753963637372,
              40.3052618318396
            ],
            [
              -111.753964393186,
              40.3052537397757
            ],
            [
              -111.753973813485,
              40.3051528263531
            ],
            [
              -111.753978706487,
              40.3050914093924
            ],
            [
              -111.753981357196,
              40.3050404311835
            ],
            [
              -111.75398456216,
              40.3049387549157
            ],
            [
              -111.753985116112,
              40.3049003442475
            ],
            [
              -111.753982847705,
              40.3047632299017
            ],
            [
              -111.753982731494,
              40.3047582226127
            ],
            [
              -111.753983224703,
              40.3047367377455
            ],
            [
              -111.754002039199,
              40.3045174682785
            ],
            [
              -111.754002827037,
              40.3044907383594
            ],
            [
              -111.754000875237,
              40.3044640432168
            ],
            [
              -111.753978159425,
              40.3043162070897
            ],
            [
              -111.753978145035,
              40.3043161332687
            ],
            [
              -111.753949011179,
              40.3041689595403
            ],
            [
              -111.753948997962,
              40.3041688848162
            ],
            [
              -111.753948539828,
              40.3041646185932
            ],
            [
              -111.753949010747,
              40.3041602782997
            ],
            [
              -111.75395041732,
              40.3041560575583
            ],
            [
              -111.753952722346,
              40.3041520762348
            ],
            [
              -111.753955859175,
              40.3041484425502
            ],
            [
              -111.753959742312,
              40.3041452593631
            ],
            [
              -111.753964262685,
              40.3041426151729
            ],
            [
              -111.753969294694,
              40.3041405832043
            ],
            [
              -111.753974697387,
              40.3041392205035
            ],
            [
              -111.754773601189,
              40.3039936501514
            ],
            [
              -111.7549173641,
              40.3039708269225
            ],
            [
              -111.755062599863,
              40.3039543587999
            ],
            [
              -111.755208831113,
              40.3039442990578
            ],
            [
              -111.755355575708,
              40.3039406811695
            ],
            [
              -111.755574872382,
              40.3039402259526
            ],
            [
              -111.755580527342,
              40.3039405927498
            ],
            [
              -111.755586548977,
              40.303941811648
            ],
            [
              -111.755592205322,
              40.3039438103963
            ],
            [
              -111.755597324398,
              40.3039465272271
            ],
            [
              -111.7556017518,
              40.3039498814209
            ],
            [
              -111.755605355401,
              40.3039537723954
            ],
            [
              -111.755608024176,
              40.3039580806089
            ],
            [
              -111.755609680009,
              40.3039626783419
            ],
            [
              -111.755610271795,
              40.3039674261074
            ],
            [
              -111.755610844059,
              40.3040246171225
            ],
            [
              -111.755614413738,
              40.304075516031
            ],
            [
              -111.755624158732,
              40.3041259384995
            ],
            [
              -111.755639992726,
              40.3041754479061
            ],
            [
              -111.755661778844,
              40.3042236140434
            ],
            [
              -111.755680682215,
              40.3042656117165
            ],
            [
              -111.755694359857,
              40.3043087817447
            ],
            [
              -111.755702690351,
              40.304352743426
            ],
            [
              -111.755705600484,
              40.3043971096478
            ],
            [
              -111.755708410939,
              40.3051970123826
            ],
            [
              -111.755709469508,
              40.3054984523273
            ],
            [
              -111.755708767578,
              40.3055051681112
            ],
            [
              -111.755706648599,
              40.3055117023661
            ],
            [
              -111.755703167225,
              40.3055178847519
            ],
            [
              -111.755698422853,
              40.3055235556381
            ],
            [
              -111.75569256886,
              40.3055285201515
            ],
            [
              -111.755692525449,
              40.3055285508681
            ],
            [
              -111.755685694431,
              40.3055327186546
            ],
            [
              -111.755685646294,
              40.3055327439777
            ],
            [
              -111.755678020177,
              40.3055360038607
            ],
            [
              -111.755677967307,
              40.3055360219891
            ],
            [
              -111.755669748114,
              40.305538289767
            ],
            [
              -111.755669695244,
              40.3055383078954
            ],
            [
              -111.755661047457,
              40.305539526468
            ],
            [
              -111.755652254416,
              40.3055396501836
            ],
            [
              -111.754230186194,
              40.3054697801602
            ],
            [
              -111.754167323013,
              40.3054645518446
            ]
          ]
        ]
      },
      "properties": {
        "city_name": "Vineyard",
        "city_slug": "vineyard",
        "confidence": "rest_api",
        "extraction_date": "2026-05-16",
        "extraction_method": "arcgis_rest",
        "future_layer_type": "flu",
        "gp_zone_code": "Public Facility",
        "gp_zone_description": "Public Facility",
        "jurisdiction": "Vineyard City",
        "source_rest_url": "https://services.arcgis.com/QdlehUncXjEmQYtI/arcgis/rest/services/Vineyard_Future_Land_Use_View/FeatureServer/0",
        "acreage": 5.965629043666691
      }
    },
    {
      "type": "Feature",
      "geometry": {
        "type": "Polygon",
        "coordinates": [
          [
            [
              -111.745536111148,
              40.3063604690329
            ],
            [
              -111.745118374413,
              40.3065747780915
            ],
            [
              -111.743425409758,
              40.3043511544575
            ],
            [
              -111.743577452521,
              40.3043493929376
            ],
            [
              -111.746108991873,
              40.3043248381346
            ],
            [
              -111.746195204723,
              40.3043239765066
            ],
            [
              -111.74630143156,
              40.3043229141104
            ],
            [
              -111.746364044733,
              40.3043366077671
            ],
            [
              -111.746410787758,
              40.3043470880683
            ],
            [
              -111.746416078766,
              40.3043479874524
            ],
            [
              -111.746422237192,
              40.3043493344245
            ],
            [
              -111.746493378129,
              40.3043611294944
            ],
            [
              -111.746536333609,
              40.3043684321838
            ],
            [
              -111.746540076042,
              40.3043688719028
            ],
            [
              -111.746545029153,
              40.3043696927381
            ],
            [
              -111.74662398655,
              40.3043787224892
            ],
            [
              -111.746663452743,
              40.3043833558048
            ],
            [
              -111.746665917819,
              40.3043835181187
            ],
            [
              -111.746754801755,
              40.3043893691895
            ],
            [
              -111.74679158493,
              40.3043917907607
            ],
            [
              -111.746793019,
              40.3043918120485
            ],
            [
              -111.746794492152,
              40.3043919062053
            ],
            [
              -111.746880513729,
              40.3043931123382
            ],
            [
              -111.746920165348,
              40.3043937013157
            ],
            [
              -111.747449123803,
              40.3043880879686
            ],
            [
              -111.747454458415,
              40.304388353165
            ],
            [
              -111.74745967416,
              40.3043892544626
            ],
            [
              -111.74746464038,
              40.3043907696222
            ],
            [
              -111.747469235775,
              40.3043928610741
            ],
            [
              -111.747473347227,
              40.3043954777216
            ],
            [
              -111.747476876859,
              40.304398553125
            ],
            [
              -111.747479662953,
              40.304401933618
            ],
            [
              -111.747479720901,
              40.3044020181551
            ],
            [
              -111.747481781056,
              40.3044056910915
            ],
            [
              -111.747483092931,
              40.3044096592206
            ],
            [
              -111.747483580562,
              40.3044137353709
            ],
            [
              -111.747483598364,
              40.3044137785638
            ],
            [
              -111.747509097195,
              40.3059571240252
            ],
            [
              -111.747508750284,
              40.3059571589843
            ],
            [
              -111.747302482322,
              40.3059789841001
            ],
            [
              -111.747153357019,
              40.3059947635946
            ],
            [
              -111.747004196395,
              40.3060105537809
            ],
            [
              -111.74685506387,
              40.3060263257045
            ],
            [
              -111.746705933606,
              40.3060420911281
            ],
            [
              -111.746556795136,
              40.3060578833976
            ],
            [
              -111.746407663559,
              40.3060736484429
            ],
            [
              -111.746258524949,
              40.3060894394309
            ],
            [
              -111.74612768985,
              40.3061032688111
            ],
            [
              -111.746021312047,
              40.3061495243938
            ],
            [
              -111.746021216297,
              40.3061493958044
            ],
            [
              -111.745912121584,
              40.3061968332389
            ],
            [
              -111.745912216158,
              40.3061969618308
            ],
            [
              -111.745876314382,
              40.3062125706683
            ],
            [
              -111.745536111148,
              40.3063604690329
            ]
          ]
        ]
      },
      "properties": {
        "city_name": "Vineyard",
        "city_slug": "vineyard",
        "confidence": "rest_api",
        "extraction_date": "2026-05-16",
        "extraction_method": "arcgis_rest",
        "future_layer_type": "flu",
        "gp_zone_code": "Public Facility",
        "gp_zone_description": "Public Facility",
        "jurisdiction": "Vineyard City",
        "source_rest_url": "https://services.arcgis.com/QdlehUncXjEmQYtI/arcgis/rest/services/Vineyard_Future_Land_Use_View/FeatureServer/0",
        "acreage": 14.42337714017237
      }
    },
    {
      "type": "Feature",
      "geometry": {
        "type": "Polygon",
        "coordinates": [
          [
            [
              -111.748367190645,
              40.2966075460845
            ],
            [
              -111.748371501369,
              40.2969675169628
            ],
            [
              -111.748371671706,
              40.2969817277841
            ],
            [
              -111.74837187579,
              40.2969987575338
            ],
            [
              -111.747653710169,
              40.2970199873667
            ],
            [
              -111.746805111642,
              40.297023544101
            ],
            [
              -111.746538369094,
              40.2970241073649
            ],
            [
              -111.744167764677,
              40.2970225108997
            ],
            [
              -111.744181687856,
              40.2959334893764
            ],
            [
              -111.746318829942,
              40.2959289709147
            ],
            [
              -111.746834305108,
              40.2959286897923
            ],
            [
              -111.746828902719,
              40.2954805862922
            ],
            [
              -111.748366643932,
              40.2954691490661
            ],
            [
              -111.748367190645,
              40.2966075460845
            ]
          ]
        ]
      },
      "properties": {
        "city_name": "Vineyard",
        "city_slug": "vineyard",
        "confidence": "rest_api",
        "extraction_date": "2026-05-16",
        "extraction_method": "arcgis_rest",
        "future_layer_type": "flu",
        "gp_zone_code": "Public Facility",
        "gp_zone_description": "Public Facility",
        "jurisdiction": "Vineyard City",
        "source_rest_url": "https://services.arcgis.com/QdlehUncXjEmQYtI/arcgis/rest/services/Vineyard_Future_Land_Use_View/FeatureServer/0",
        "acreage": 12.294649930153016
      }
    },
    {
      "type": "Feature",
      "geometry": {
        "type": "Polygon",
        "coordinates": [
          [
            [
              -111.735616223777,
              40.2886030275507
            ],
            [
              -111.735614796536,
              40.2881881140748
            ],
            [
              -111.737031300774,
              40.2881852534458
            ],
            [
              -111.737031306345,
              40.2881855038127
            ],
            [
              -111.738385740794,
              40.2881828580788
            ],
            [
              -111.738386454675,
              40.2881828566218
            ],
            [
              -111.738408020484,
              40.2881828144057
            ],
            [
              -111.738405154328,
              40.2881824690059
            ],
            [
              -111.738521913331,
              40.2881822324273
            ],
            [
              -111.738522362131,
              40.2882087797128
            ],
            [
              -111.738523511131,
              40.28820876836
            ],
            [
              -111.73852656325,
              40.2883891632651
            ],
            [
              -111.738549506154,
              40.2897965922269
            ],
            [
              -111.738549227422,
              40.2897965945974
            ],
            [
              -111.735064007838,
              40.2898238267965
            ],
            [
              -111.735062642396,
              40.2897278779849
            ],
            [
              -111.735046770214,
              40.2886073505528
            ],
            [
              -111.735616223777,
              40.2886030275507
            ]
          ]
        ]
      },
      "properties": {
        "city_name": "Vineyard",
        "city_slug": "vineyard",
        "confidence": "rest_api",
        "extraction_date": "2026-05-16",
        "extraction_method": "arcgis_rest",
        "future_layer_type": "flu",
        "gp_zone_code": "Public Facility",
        "gp_zone_description": "Public Facility",
        "jurisdiction": "Vineyard City",
        "source_rest_url": "https://services.arcgis.com/QdlehUncXjEmQYtI/arcgis/rest/services/Vineyard_Future_Land_Use_View/FeatureServer/0",
        "acreage": 12.64887609976608
      }
    },
    {
      "type": "Feature",
      "geometry": {
        "type": "Polygon",
        "coordinates": [
          [
            [
              -111.743335465764,
              40.2930582043258
            ],
            [
              -111.74333543655,
              40.2930522988901
            ],
            [
              -111.742976035112,
              40.2930551482359
            ],
            [
              -111.741204063597,
              40.2917000852731
            ],
            [
              -111.740157941008,
              40.2917083075405
            ],
            [
              -111.740133467087,
              40.2898751355149
            ],
            [
              -111.740579640164,
              40.2898716406482
            ],
            [
              -111.740579758948,
              40.2898716395029
            ],
            [
              -111.740852651677,
              40.2898690362528
            ],
            [
              -111.740860108858,
              40.2902200492268
            ],
            [
              -111.741328938172,
              40.2902190842164
            ],
            [
              -111.741559579162,
              40.2903783234851
            ],
            [
              -111.741567351101,
              40.2908732301626
            ],
            [
              -111.742409301295,
              40.2908693351344
            ],
            [
              -111.742410663804,
              40.2912543129104
            ],
            [
              -111.743380111702,
              40.292047226496
            ],
            [
              -111.743410697608,
              40.2930576143706
            ],
            [
              -111.743335465764,
              40.2930582043258
            ]
          ]
        ]
      },
      "properties": {
        "city_name": "Vineyard",
        "city_slug": "vineyard",
        "confidence": "rest_api",
        "extraction_date": "2026-05-16",
        "extraction_method": "arcgis_rest",
        "future_layer_type": "flu",
        "gp_zone_code": "Open Space",
        "gp_zone_description": "Open Space",
        "jurisdiction": "Vineyard City",
        "source_rest_url": "https://services.arcgis.com/QdlehUncXjEmQYtI/arcgis/rest/services/Vineyard_Future_Land_Use_View/FeatureServer/0",
        "acreage": 11.302266401248499
      }
    },
    {
      "type": "Feature",
      "geometry": {
        "type": "Polygon",
        "coordinates": [
          [
            [
              -111.740007013214,
              40.2962826333358
            ],
            [
              -111.740002639726,
              40.2959596596463
            ],
            [
              -111.739997343832,
              40.295567456584
            ],
            [
              -111.740621768451,
              40.2955626270897
            ],
            [
              -111.740625398198,
              40.2958388069256
            ],
            [
              -111.740435305986,
              40.2958402674033
            ],
            [
              -111.740437991997,
              40.2960441728757
            ],
            [
              -111.74044110636,
              40.2962796259379
            ],
            [
              -111.740007013214,
              40.2962826333358
            ]
          ]
        ]
      },
      "properties": {
        "city_name": "Vineyard",
        "city_slug": "vineyard",
        "confidence": "rest_api",
        "extraction_date": "2026-05-16",
        "extraction_method": "arcgis_rest",
        "future_layer_type": "flu",
        "gp_zone_code": "Open Space",
        "gp_zone_description": "Open Space",
        "jurisdiction": "Vineyard City",
        "source_rest_url": "https://services.arcgis.com/QdlehUncXjEmQYtI/arcgis/rest/services/Vineyard_Future_Land_Use_View/FeatureServer/0",
        "acreage": 0.8472002419779942
      }
    },
    {
      "type": "Feature",
      "geometry": {
        "type": "Polygon",
        "coordinates": [
          [
            [
              -111.739415179119,
              40.2979164222011
            ],
            [
              -111.739357661361,
              40.2979420074247
            ],
            [
              -111.739172176129,
              40.2980245138598
            ],
            [
              -111.738974733892,
              40.2976550112779
            ],
            [
              -111.738974705543,
              40.2976549771116
            ],
            [
              -111.738971258588,
              40.2976494299249
            ],
            [
              -111.738968983016,
              40.297643498471
            ],
            [
              -111.738967979442,
              40.2976373644732
            ],
            [
              -111.7389682743,
              40.2976311872905
            ],
            [
              -111.738969858732,
              40.2976251254534
            ],
            [
              -111.73897269212,
              40.2976193366566
            ],
            [
              -111.738976702061,
              40.2976139714549
            ],
            [
              -111.73898178317,
              40.2976091669609
            ],
            [
              -111.738987805325,
              40.2976050495299
            ],
            [
              -111.738994611276,
              40.2976017248583
            ],
            [
              -111.739091605036,
              40.2975653558309
            ],
            [
              -111.73911303594,
              40.2975585076408
            ],
            [
              -111.739190547651,
              40.2975340136994
            ],
            [
              -111.739224702472,
              40.2975249337707
            ],
            [
              -111.739291965199,
              40.2975074397986
            ],
            [
              -111.739331191972,
              40.2974990303318
            ],
            [
              -111.739395508743,
              40.2974857465166
            ],
            [
              -111.739436941808,
              40.2974789257225
            ],
            [
              -111.739488002199,
              40.2974710197213
            ],
            [
              -111.739545587026,
              40.2977260354616
            ],
            [
              -111.739598096898,
              40.2977635663596
            ],
            [
              -111.739598071084,
              40.2977635844253
            ],
            [
              -111.739574061569,
              40.2977865026825
            ],
            [
              -111.739554825827,
              40.2978119311319
            ],
            [
              -111.739540817066,
              40.2978392960404
            ],
            [
              -111.739532358902,
              40.2978679653984
            ],
            [
              -111.739529643103,
              40.2978972750435
            ],
            [
              -111.739457949519,
              40.2978973968092
            ],
            [
              -111.739415179119,
              40.2979164222011
            ]
          ]
        ]
      },
      "properties": {
        "city_name": "Vineyard",
        "city_slug": "vineyard",
        "confidence": "rest_api",
        "extraction_date": "2026-05-16",
        "extraction_method": "arcgis_rest",
        "future_layer_type": "flu",
        "gp_zone_code": "Open Space",
        "gp_zone_description": "Open Space",
        "jurisdiction": "Vineyard City",
        "source_rest_url": "https://services.arcgis.com/QdlehUncXjEmQYtI/arcgis/rest/services/Vineyard_Future_Land_Use_View/FeatureServer/0",
        "acreage": 0.5016159783365511
      }
    },
    {
      "type": "Feature",
      "geometry": {
        "type": "Polygon",
        "coordinates": [
          [
            [
              -111.743214851794,
              40.2976542713758
            ],
            [
              -111.742882707571,
              40.2976154838396
            ],
            [
              -111.742814574774,
              40.2976043197626
            ],
            [
              -111.742748644695,
              40.2975870627508
            ],
            [
              -111.742685843916,
              40.2975639549561
            ],
            [
              -111.742627053438,
              40.2975353214853
            ],
            [
              -111.742573101593,
              40.29750156321
            ],
            [
              -111.742524742869,
              40.297463155008
            ],
            [
              -111.742482659043,
              40.2974206358544
            ],
            [
              -111.742447439178,
              40.2973746034577
            ],
            [
              -111.742419579575,
              40.2973257043535
            ],
            [
              -111.742419557293,
              40.2973257233132
            ],
            [
              -111.742411458383,
              40.2973093124685
            ],
            [
              -111.742405473756,
              40.2972923964808
            ],
            [
              -111.742405464225,
              40.2972923622763
            ],
            [
              -111.742403210626,
              40.2972834146032
            ],
            [
              -111.742403205794,
              40.2972833785876
            ],
            [
              -111.742402925364,
              40.2972742692081
            ],
            [
              -111.742402928769,
              40.2972742340761
            ],
            [
              -111.742404628281,
              40.2972652151551
            ],
            [
              -111.742404638742,
              40.2972651800085
            ],
            [
              -111.742408276613,
              40.2972564668848
            ],
            [
              -111.742413762086,
              40.2972483398454
            ],
            [
              -111.742420933634,
              40.2972410234841
            ],
            [
              -111.742429593188,
              40.2972347199549
            ],
            [
              -111.742439499067,
              40.2972296062842
            ],
            [
              -111.742450376526,
              40.2972258226409
            ],
            [
              -111.742461924823,
              40.2972234750238
            ],
            [
              -111.742473820719,
              40.2972226280489
            ],
            [
              -111.743451073817,
              40.2972158175918
            ],
            [
              -111.743451073946,
              40.297215853617
            ],
            [
              -111.743452618841,
              40.2976504554417
            ],
            [
              -111.743453057766,
              40.297650506764
            ],
            [
              -111.743453170079,
              40.2976821018366
            ],
            [
              -111.743308306185,
              40.2976651852419
            ],
            [
              -111.743214851794,
              40.2976542713758
            ]
          ]
        ]
      },
      "properties": {
        "city_name": "Vineyard",
        "city_slug": "vineyard",
        "confidence": "rest_api",
        "extraction_date": "2026-05-16",
        "extraction_method": "arcgis_rest",
        "future_layer_type": "flu",
        "gp_zone_code": "Open Space",
        "gp_zone_description": "Open Space",
        "jurisdiction": "Vineyard City",
        "source_rest_url": "https://services.arcgis.com/QdlehUncXjEmQYtI/arcgis/rest/services/Vineyard_Future_Land_Use_View/FeatureServer/0",
        "acreage": 0.9010996629371599
      }
    },
    {
      "type": "Feature",
      "geometry": {
        "type": "Polygon",
        "coordinates": [
          [
            [
              -111.742471493342,
              40.2978509986101
            ],
            [
              -111.742356908044,
              40.297851235493
            ],
            [
              -111.742241380597,
              40.2978514814223
            ],
            [
              -111.74224134647,
              40.2978514769898
            ],
            [
              -111.742240685634,
              40.2976626504599
            ],
            [
              -111.742240654997,
              40.2976626352125
            ],
            [
              -111.742173187385,
              40.2974872991577
            ],
            [
              -111.742173164944,
              40.2974872730857
            ],
            [
              -111.742114215592,
              40.2973340984587
            ],
            [
              -111.742114190777,
              40.2973340660871
            ],
            [
              -111.742060602594,
              40.2972912626054
            ],
            [
              -111.742060566028,
              40.2972912338607
            ],
            [
              -111.74206054477,
              40.2972912095875
            ],
            [
              -111.742005049298,
              40.2972468870519
            ],
            [
              -111.742069157756,
              40.2972464281907
            ],
            [
              -111.742081590949,
              40.2972471724718
            ],
            [
              -111.742093666472,
              40.2972495548541
            ],
            [
              -111.742105021788,
              40.2972535031374
            ],
            [
              -111.742115311786,
              40.297258883842
            ],
            [
              -111.742124223161,
              40.297265576932
            ],
            [
              -111.74213148803,
              40.2972733352873
            ],
            [
              -111.742136889209,
              40.2972819450063
            ],
            [
              -111.742140259894,
              40.297291137144
            ],
            [
              -111.742156154579,
              40.2973430530404
            ],
            [
              -111.742177326606,
              40.2973938276917
            ],
            [
              -111.742209319261,
              40.2974516670293
            ],
            [
              -111.742248476612,
              40.2975068751442
            ],
            [
              -111.742294435675,
              40.2975589187033
            ],
            [
              -111.742346764217,
              40.2976073077474
            ],
            [
              -111.742404968961,
              40.2976515875686
            ],
            [
              -111.742468502648,
              40.2976913404972
            ],
            [
              -111.742536767595,
              40.2977261940005
            ],
            [
              -111.742609122745,
              40.2977558188673
            ],
            [
              -111.742684884872,
              40.2977799364111
            ],
            [
              -111.742763342702,
              40.2977983202416
            ],
            [
              -111.742843758093,
              40.297810798065
            ],
            [
              -111.742884825227,
              40.2978155932464
            ],
            [
              -111.742893054851,
              40.2978170729965
            ],
            [
              -111.742900880929,
              40.2978195217718
            ],
            [
              -111.742908109161,
              40.2978228787328
            ],
            [
              -111.742914561639,
              40.2978270604902
            ],
            [
              -111.742920079208,
              40.2978319656029
            ],
            [
              -111.742924524985,
              40.2978374709684
            ],
            [
              -111.742927790277,
              40.2978434417168
            ],
            [
              -111.742929793398,
              40.2978497303134
            ],
            [
              -111.742929790051,
              40.2978497816567
            ],
            [
              -111.742930477342,
              40.2978561828675
            ],
            [
              -111.742930479873,
              40.2978562332981
            ],
            [
              -111.742930556005,
              40.2978780276943
            ],
            [
              -111.742930556184,
              40.2978780781296
            ],
            [
              -111.74293049841,
              40.2978780395223
            ],
            [
              -111.74271533532,
              40.2978505093355
            ],
            [
              -111.742536122245,
              40.2978508653454
            ],
            [
              -111.742509480247,
              40.2978509206567
            ],
            [
              -111.742471493342,
              40.2978509986101
            ]
          ]
        ]
      },
      "properties": {
        "city_name": "Vineyard",
        "city_slug": "vineyard",
        "confidence": "rest_api",
        "extraction_date": "2026-05-16",
        "extraction_method": "arcgis_rest",
        "future_layer_type": "flu",
        "gp_zone_code": "Open Space",
        "gp_zone_description": "Open Space",
        "jurisdiction": "Vineyard City",
        "source_rest_url": "https://services.arcgis.com/QdlehUncXjEmQYtI/arcgis/rest/services/Vineyard_Future_Land_Use_View/FeatureServer/0",
        "acreage": 0.2638524539059248
      }
    },
    {
      "type": "Feature",
      "geometry": {
        "type": "Polygon",
        "coordinates": [
          [
            [
              -111.75317022234,
              40.3075793280678
            ],
            [
              -111.753590848232,
              40.3074974891793
            ],
            [
              -111.753592262539,
              40.3075016857761
            ],
            [
              -111.753592331211,
              40.307501804511
            ],
            [
              -111.753594564168,
              40.3075056453808
            ],
            [
              -111.75359769036,
              40.3075092582521
            ],
            [
              -111.753601554873,
              40.307512425507
            ],
            [
              -111.753606050324,
              40.3075150591162
            ],
            [
              -111.753611054098,
              40.3075170863943
            ],
            [
              -111.753616425993,
              40.3075184518061
            ],
            [
              -111.753622019992,
              40.3075191169412
            ],
            [
              -111.753627680744,
              40.3075190650247
            ],
            [
              -111.753647111103,
              40.3075176304593
            ],
            [
              -111.753766053611,
              40.3075088323405
            ],
            [
              -111.753766087714,
              40.3075088286639
            ],
            [
              -111.753918122117,
              40.3074975871338
            ],
            [
              -111.753977673401,
              40.3074962184184
            ],
            [
              -111.754009695363,
              40.3074971043783
            ],
            [
              -111.754255385797,
              40.3075039182511
            ],
            [
              -111.754290750732,
              40.3075031054641
            ],
            [
              -111.754344559634,
              40.3074991318111
            ],
            [
              -111.754344596089,
              40.3074991281292
            ],
            [
              -111.754472546205,
              40.3074896603224
            ],
            [
              -111.754624208193,
              40.3074808125753
            ],
            [
              -111.754624242309,
              40.307480812501
            ],
            [
              -111.754630962462,
              40.307480612324
            ],
            [
              -111.754633534749,
              40.3074804653179
            ],
            [
              -111.754646584801,
              40.3074801504728
            ],
            [
              -111.754762624855,
              40.3074767191526
            ],
            [
              -111.754788337962,
              40.3074767351316
            ],
            [
              -111.754795808745,
              40.3074765549235
            ],
            [
              -111.754817723864,
              40.3074767530017
            ],
            [
              -111.754901106466,
              40.3074768043764
            ],
            [
              -111.754901140562,
              40.3074767988981
            ],
            [
              -111.754940856993,
              40.3074778641539
            ],
            [
              -111.754978192108,
              40.3074788652442
            ],
            [
              -111.755101605192,
              40.3074840708092
            ],
            [
              -111.755120261467,
              40.3074848577571
            ],
            [
              -111.755135465112,
              40.3074860052912
            ],
            [
              -111.755194006216,
              40.3074904256503
            ],
            [
              -111.755765769467,
              40.3075587378174
            ],
            [
              -111.755811225417,
              40.3075669628797
            ],
            [
              -111.755810894897,
              40.307568237103
            ],
            [
              -111.755810831517,
              40.3075695359593
            ],
            [
              -111.755811036328,
              40.3075708261226
            ],
            [
              -111.755811503329,
              40.3075720751832
            ],
            [
              -111.755812222989,
              40.3075732516397
            ],
            [
              -111.755813176383,
              40.3075743276137
            ],
            [
              -111.755814338696,
              40.3075752743394
            ],
            [
              -111.755815680436,
              40.3075760693653
            ],
            [
              -111.755817170938,
              40.3075766920439
            ],
            [
              -111.755818770146,
              40.3075771271521
            ],
            [
              -111.755912715112,
              40.3075974072845
            ],
            [
              -111.756005729051,
              40.3076200625579
            ],
            [
              -111.756833777491,
              40.3078283186062
            ],
            [
              -111.756833790604,
              40.3078283645098
            ],
            [
              -111.756995525615,
              40.3078690409439
            ],
            [
              -111.757119258178,
              40.307898318582
            ],
            [
              -111.757244446797,
              40.3079237129426
            ],
            [
              -111.757245837991,
              40.3079238873048
            ],
            [
              -111.757246823848,
              40.3079238896373
            ],
            [
              -111.757248514788,
              40.3079236859729
            ],
            [
              -111.757250141437,
              40.3079232789063
            ],
            [
              -111.757251663841,
              40.3079226802337
            ],
            [
              -111.757253042051,
              40.3079219035526
            ],
            [
              -111.757254243203,
              40.3079209687493
            ],
            [
              -111.757255234451,
              40.3079199011141
            ],
            [
              -111.757255991185,
              40.3079187259189
            ],
            [
              -111.757256495875,
              40.307917473824
            ],
            [
              -111.757257471726,
              40.3079176310879
            ],
            [
              -111.757257519557,
              40.3079175238069
            ],
            [
              -111.757453930467,
              40.3079491691232
            ],
            [
              -111.757453937383,
              40.3079491312812
            ],
            [
              -111.757502617772,
              40.3077719904432
            ],
            [
              -111.757502656607,
              40.3077719939602
            ],
            [
              -111.757502665876,
              40.307771956113
            ],
            [
              -111.757502555253,
              40.3077719455492
            ],
            [
              -111.757515038535,
              40.3077200747112
            ],
            [
              -111.757524835932,
              40.3076678675495
            ],
            [
              -111.757526552538,
              40.3076613521656
            ],
            [
              -111.75752961609,
              40.3076551337245
            ],
            [
              -111.757533944839,
              40.3076493718189
            ],
            [
              -111.757539427597,
              40.3076442189015
            ],
            [
              -111.75754592134,
              40.3076398076807
            ],
            [
              -111.757553255914,
              40.3076362520117
            ],
            [
              -111.757561242272,
              40.3076336468779
            ],
            [
              -111.757569672433,
              40.3076320575836
            ],
            [
              -111.757578326568,
              40.3076315269431
            ],
            [
              -111.75757836421,
              40.3076315259594
            ],
            [
              -111.75758919424,
              40.3074779381895
            ],
            [
              -111.757580842231,
              40.3074774684585
            ],
            [
              -111.757572609959,
              40.3074759915514
            ],
            [
              -111.75756478226,
              40.3074735455679
            ],
            [
              -111.757557553477,
              40.3074701922233
            ],
            [
              -111.757551096846,
              40.3074660121933
            ],
            [
              -111.75754557746,
              40.3074611095879
            ],
            [
              -111.757541128706,
              40.3074556047984
            ],
            [
              -111.757537860509,
              40.3074496353799
            ],
            [
              -111.757535854592,
              40.3074433479561
            ],
            [
              -111.757535157426,
              40.3074368991355
            ],
            [
              -111.757534704542,
              40.3073217988085
            ],
            [
              -111.757531674812,
              40.3072397241894
            ],
            [
              -111.757523845976,
              40.3071578263138
            ],
            [
              -111.757523861078,
              40.3071577753946
            ],
            [
              -111.757523826952,
              40.3071577727679
            ],
            [
              -111.757508363223,
              40.3070630544965
            ],
            [
              -111.757508351246,
              40.3070629977828
            ],
            [
              -111.757485644018,
              40.3069691204536
            ],
            [
              -111.757485633289,
              40.3069690826505
            ],
            [
              -111.757321618472,
              40.3063775816942
            ],
            [
              -111.757321607742,
              40.3063775438911
            ],
            [
              -111.757267456326,
              40.306168891067
            ],
            [
              -111.757267446773,
              40.3061688532612
            ],
            [
              -111.757148437849,
              40.3056767929902
            ],
            [
              -111.757148429473,
              40.3056767551819
            ],
            [
              -111.757121630717,
              40.3055497144918
            ],
            [
              -111.75712162352,
              40.3055496775815
            ],
            [
              -111.757103246857,
              40.3054217618408
            ],
            [
              -111.757103243189,
              40.3054217249227
            ],
            [
              -111.757074894572,
              40.3051716480068
            ],
            [
              -111.757074890904,
              40.3051716110887
            ],
            [
              -111.757065169209,
              40.3050556439466
            ],
            [
              -111.757065164365,
              40.3050556070311
            ],
            [
              -111.75706197537,
              40.3049393904438
            ],
            [
              -111.757065338812,
              40.3048231765467
            ],
            [
              -111.757075242528,
              40.3047071815189
            ],
            [
              -111.757104199921,
              40.3044552068877
            ],
            [
              -111.757119432203,
              40.3044099496704
            ],
            [
              -111.757134085388,
              40.3043893612771
            ],
            [
              -111.757175521218,
              40.3043550638703
            ],
            [
              -111.757219908892,
              40.3043359005615
            ],
            [
              -111.757223002165,
              40.3041234118113
            ],
            [
              -111.756959541026,
              40.3041239627646
            ],
            [
              -111.756959107871,
              40.3039922248005
            ],
            [
              -111.757222534416,
              40.3039916811284
            ],
            [
              -111.757485997404,
              40.3039911313781
            ],
            [
              -111.757486032664,
              40.3039911231947
            ],
            [
              -111.757607870995,
              40.3039908591042
            ],
            [
              -111.75760790515,
              40.3039908698365
            ],
            [
              -111.757871332787,
              40.303990304885
            ],
            [
              -111.758134794628,
              40.3039897644816
            ],
            [
              -111.758134832275,
              40.3039897652992
            ],
            [
              -111.758275735827,
              40.3039345870549
            ],
            [
              -111.758275821524,
              40.3039345400324
            ],
            [
              -111.758282028302,
              40.3039349306967
            ],
            [
              -111.758288058229,
              40.3039361521394
            ],
            [
              -111.758293719375,
              40.3039381552497
            ],
            [
              -111.758298842117,
              40.3039408800599
            ],
            [
              -111.758303268513,
              40.3039442440609
            ],
            [
              -111.758306866422,
              40.303948144872
            ],
            [
              -111.758309524824,
              40.3039524647554
            ],
            [
              -111.758311156179,
              40.3039570742129
            ],
            [
              -111.758311170503,
              40.3039571291201
            ],
            [
              -111.758311734056,
              40.3039618273997
            ],
            [
              -111.75831173542,
              40.3039618769318
            ],
            [
              -111.758512473864,
              40.3039617274237
            ],
            [
              -111.758512871705,
              40.303957426
            ],
            [
              -111.758514149818,
              40.303953218096
            ],
            [
              -111.75851418842,
              40.3039531603698
            ],
            [
              -111.758516273329,
              40.3039492145672
            ],
            [
              -111.758516310758,
              40.3039491577443
            ],
            [
              -111.758519192036,
              40.3039455163962
            ],
            [
              -111.758522832173,
              40.3039422147103
            ],
            [
              -111.758527103466,
              40.3039393907667
            ],
            [
              -111.758531901485,
              40.3039371150461
            ],
            [
              -111.758537105278,
              40.3039354436556
            ],
            [
              -111.758542587954,
              40.3039344183054
            ],
            [
              -111.758548211976,
              40.3039340645175
            ],
            [
              -111.758813298093,
              40.3039335072807
            ],
            [
              -111.758813506307,
              40.3039335068194
            ],
            [
              -111.758816969241,
              40.3039474410142
            ],
            [
              -111.758962428632,
              40.3039471258807
            ],
            [
              -111.758962749786,
              40.3039471278707
            ],
            [
              -111.759298172327,
              40.3039464090996
            ],
            [
              -111.759335436799,
              40.3039463308884
            ],
            [
              -111.760151081332,
              40.3039445823033
            ],
            [
              -111.760151118982,
              40.3039445840208
            ],
            [
              -111.761079687334,
              40.3039425864453
            ],
            [
              -111.761079691021,
              40.3039426278664
            ],
            [
              -111.761393095757,
              40.3039419531833
            ],
            [
              -111.761705161796,
              40.3039412797575
            ],
            [
              -111.762009125062,
              40.3039406074592
            ],
            [
              -111.762009137587,
              40.303940806472
            ],
            [
              -111.762099732608,
              40.3043658545192
            ],
            [
              -111.762115076884,
              40.3044376990586
            ],
            [
              -111.762188608059,
              40.3047826960917
            ],
            [
              -111.762274805382,
              40.3051870985527
            ],
            [
              -111.762294706254,
              40.3052804661535
            ],
            [
              -111.762334782814,
              40.3054682679749
            ],
            [
              -111.762355888951,
              40.3055672879507
            ],
            [
              -111.762421610149,
              40.305656276391
            ],
            [
              -111.762464177317,
              40.3059903810186
            ],
            [
              -111.762464158605,
              40.305990409881
            ],
            [
              -111.762563870948,
              40.3067730301288
            ],
            [
              -111.762671191362,
              40.3076152028932
            ],
            [
              -111.762676799773,
              40.3076591611555
            ],
            [
              -111.762824154329,
              40.3085091673316
            ],
            [
              -111.762824116728,
              40.3085091791245
            ],
            [
              -111.762976891063,
              40.3093903590155
            ],
            [
              -111.763032083643,
              40.3097089707163
            ],
            [
              -111.763234074957,
              40.3108740545599
            ],
            [
              -111.763197631966,
              40.3112384959401
            ],
            [
              -111.763177835512,
              40.3114356941206
            ],
            [
              -111.762723527194,
              40.3114388465502
            ],
            [
              -111.761708953831,
              40.3114458788381
            ],
            [
              -111.761708953032,
              40.3114453618752
            ],
            [
              -111.761183851809,
              40.3114488605009
            ],
            [
              -111.761080578181,
              40.3113142923253
            ],
            [
              -111.761077823976,
              40.3113108859723
            ],
            [
              -111.761015304831,
              40.3112335746176
            ],
            [
              -111.760964358145,
              40.311171496846
            ],
            [
              -111.76089931555,
              40.3110972343095
            ],
            [
              -111.760843905481,
              40.3110354618581
            ],
            [
              -111.760776106048,
              40.3109638217508
            ],
            [
              -111.76071654057,
              40.3109028979036
            ],
            [
              -111.760646188197,
              40.3108339752284
            ],
            [
              -111.760582276656,
              40.3107738787829
            ],
            [
              -111.760509761709,
              40.3107079230365
            ],
            [
              -111.760447687549,
              40.3106541872098
            ],
            [
              -111.760359249658,
              40.3105796711959
            ],
            [
              -111.760296683238,
              40.3105297667871
            ],
            [
              -111.760204158547,
              40.3104577121888
            ],
            [
              -111.76013948603,
              40.3104101702486
            ],
            [
              -111.760042839327,
              40.3103405978433
            ],
            [
              -111.759976366004,
              40.3102955734935
            ],
            [
              -111.759875496097,
              40.3102284789871
            ],
            [
              -111.75980791275,
              40.3101863354407
            ],
            [
              -111.759702397788,
              40.3101215405279
            ],
            [
              -111.759634614164,
              40.310082681043
            ],
            [
              -111.759523866329,
              40.3100199852693
            ],
            [
              -111.759457566248,
              40.3099851140028
            ],
            [
              -111.759340135153,
              40.309923947764
            ],
            [
              -111.759279344731,
              40.3098946940397
            ],
            [
              -111.759151557885,
              40.3098336154365
            ],
            [
              -111.759110944864,
              40.309815797271
            ],
            [
              -111.75895997993,
              40.309749806454
            ],
            [
              -111.758765894264,
              40.3096725431268
            ],
            [
              -111.758616125816,
              40.3096185357749
            ],
            [
              -111.758566222145,
              40.3096006046897
            ],
            [
              -111.75844059313,
              40.309559838873
            ],
            [
              -111.758360669881,
              40.3095341106477
            ],
            [
              -111.758242826073,
              40.3094999885046
            ],
            [
              -111.758151798505,
              40.3094739757613
            ],
            [
              -111.758037282536,
              40.309444699584
            ],
            [
              -111.757939901226,
              40.3094202858267
            ],
            [
              -111.757827247099,
              40.3093952067989
            ],
            [
              -111.757725312443,
              40.3093731301535
            ],
            [
              -111.757613928342,
              40.3093519298587
            ],
            [
              -111.757508374755,
              40.3093325908305
            ],
            [
              -111.757397884559,
              40.3093150575498
            ],
            [
              -111.757289463663,
              40.3092987399692
            ],
            [
              -111.757179739802,
              40.3092847460947
            ],
            [
              -111.757067538723,
              40.3092714708711
            ],
            [
              -111.75696416035,
              40.3092614499471
            ],
            [
              -111.756847207732,
              40.3092513299824
            ],
            [
              -111.756744318793,
              40.3092444374973
            ],
            [
              -111.756592426336,
              40.3092360791412
            ],
            [
              -111.756581737243,
              40.309235491084
            ],
            [
              -111.756570858802,
              40.3092352330744
            ],
            [
              -111.75635485364,
              40.3092301088661
            ],
            [
              -111.756138066724,
              40.3092317371381
            ],
            [
              -111.75609476897,
              40.3092330965435
            ],
            [
              -111.755930408348,
              40.3092394684348
            ],
            [
              -111.755870066398,
              40.3092427834451
            ],
            [
              -111.755709099349,
              40.309254075872
            ],
            [
              -111.755662771315,
              40.3092577167552
            ],
            [
              -111.755450114197,
              40.3092793594487
            ],
            [
              -111.755229198295,
              40.3093089057629
            ],
            [
              -111.755226507911,
              40.3093092655898
            ],
            [
              -111.755222167133,
              40.3093099865743
            ],
            [
              -111.755049056848,
              40.3093387517317
            ],
            [
              -111.755004681421,
              40.3093461257293
            ],
            [
              -111.754970002931,
              40.3093530327344
            ],
            [
              -111.754785001492,
              40.3093898796351
            ],
            [
              -111.754176800868,
              40.3095212120078
            ],
            [
              -111.754176740746,
              40.3095211788151
            ],
            [
              -111.754176477432,
              40.309521236128
            ],
            [
              -111.748997792389,
              40.3108271227753
            ],
            [
              -111.74900567447,
              40.3108373849261
            ],
            [
              -111.748830833802,
              40.3109042413947
            ],
            [
              -111.748843669309,
              40.3109211045689
            ],
            [
              -111.748500520371,
              40.3110202608032
            ],
            [
              -111.748029132259,
              40.3104009148575
            ],
            [
              -111.748030120888,
              40.3104006984077
            ],
            [
              -111.747002431523,
              40.3090504129803
            ],
            [
              -111.747631466776,
              40.3087856311183
            ],
            [
              -111.747627746387,
              40.3087809457911
            ],
            [
              -111.748458202071,
              40.3084192454565
            ],
            [
              -111.748529291397,
              40.3083918959579
            ],
            [
              -111.748603685005,
              40.3083703043547
            ],
            [
              -111.74868059083,
              40.308354701088
            ],
            [
              -111.748759189516,
              40.3083452518134
            ],
            [
              -111.748838640295,
              40.3083420564874
            ],
            [
              -111.748838685012,
              40.3083420599947
            ],
            [
              -111.749123268905,
              40.3083418552165
            ],
            [
              -111.749131747943,
              40.3083413354824
            ],
            [
              -111.749140016227,
              40.3083397984787
            ],
            [
              -111.749147863307,
              40.3083372806795
            ],
            [
              -111.749155094132,
              40.3083338473467
            ],
            [
              -111.749161525484,
              40.3083295826303
            ],
            [
              -111.749166997762,
              40.308324594947
            ],
            [
              -111.749171372597,
              40.3083190079793
            ],
            [
              -111.749174541095,
              40.3083129633591
            ],
            [
              -111.749176423804,
              40.3083066107617
            ],
            [
              -111.749176973075,
              40.308300110602
            ],
            [
              -111.749176448184,
              40.3082719290244
            ],
            [
              -111.749179095825,
              40.308213272169
            ],
            [
              -111.749189310881,
              40.3081551044294
            ],
            [
              -111.749205459457,
              40.3080881023031
            ],
            [
              -111.749165660752,
              40.3080829256711
            ],
            [
              -111.749166167854,
              40.3080784160062
            ],
            [
              -111.749166519552,
              40.308078400846
            ],
            [
              -111.74927011723,
              40.3078272752967
            ],
            [
              -111.749310804037,
              40.3078327859353
            ],
            [
              -111.749333017155,
              40.30783628884
            ],
            [
              -111.749343843828,
              40.3078372609373
            ],
            [
              -111.749359250867,
              40.3078393481522
            ],
            [
              -111.749422539643,
              40.3078443295707
            ],
            [
              -111.749439969415,
              40.307845894591
            ],
            [
              -111.749443463703,
              40.3078459762936
            ],
            [
              -111.749539769551,
              40.3078482203687
            ],
            [
              -111.749547608714,
              40.3078483918581
            ],
            [
              -111.749763953191,
              40.3078462931091
            ],
            [
              -111.749988095966,
              40.3078441313415
            ],
            [
              -111.750203685148,
              40.3078420315929
            ],
            [
              -111.750419300218,
              40.3078399367949
            ],
            [
              -111.750634843517,
              40.3078378426536
            ],
            [
              -111.750850459711,
              40.3078357398523
            ],
            [
              -111.751065570081,
              40.3078336512496
            ],
            [
              -111.751186737823,
              40.3078324784643
            ],
            [
              -111.751275846846,
              40.3078310160535
            ],
            [
              -111.751364836578,
              40.3078271824566
            ],
            [
              -111.751366529985,
              40.3078270058912
            ],
            [
              -111.751368162605,
              40.3078266142045
            ],
            [
              -111.751369694519,
              40.3078260290977
            ],
            [
              -111.75137108931,
              40.3078252650593
            ],
            [
              -111.751372299991,
              40.3078243411038
            ],
            [
              -111.751373309009,
              40.3078232824868
            ],
            [
              -111.75137408352,
              40.3078221153974
            ],
            [
              -111.751374607155,
              40.3078208677904
            ],
            [
              -111.751374866492,
              40.307819568065
            ],
            [
              -111.751374849351,
              40.3078182635305
            ],
            [
              -111.751574600535,
              40.307803132502
            ],
            [
              -111.751574646399,
              40.3078031279
            ],
            [
              -111.751574909946,
              40.3078044161427
            ],
            [
              -111.751575468658,
              40.3078056722276
            ],
            [
              -111.751576284694,
              40.3078068430986
            ],
            [
              -111.751577335594,
              40.3078078990831
            ],
            [
              -111.751578594191,
              40.3078088105186
            ],
            [
              -111.751580028638,
              40.3078095549577
            ],
            [
              -111.75158160122,
              40.3078101135683
            ],
            [
              -111.751583270708,
              40.3078104711284
            ],
            [
              -111.75158499236,
              40.3078106178273
            ],
            [
              -111.751586723815,
              40.3078105510544
            ],
            [
              -111.751749014677,
              40.307791133203
            ],
            [
              -111.751753724197,
              40.3077905700645
            ],
            [
              -111.751784854272,
              40.307785626037
            ],
            [
              -111.751888755205,
              40.3077696607603
            ],
            [
              -111.751888705351,
              40.3077692204567
            ],
            [
              -111.751892460347,
              40.3077685377846
            ],
            [
              -111.751985519283,
              40.3077516132024
            ],
            [
              -111.752036528767,
              40.3077409684346
            ],
            [
              -111.752081524263,
              40.3077315794982
            ],
            [
              -111.752200938628,
              40.3077054086862
            ],
            [
              -111.752366724824,
              40.3076721072301
            ],
            [
              -111.752534337158,
              40.3076446800428
            ],
            [
              -111.752703419431,
              40.307623185528
            ],
            [
              -111.752873614221,
              40.3076076694849
            ],
            [
              -111.753067649956,
              40.3075933246193
            ],
            [
              -111.753120707357,
              40.3075896944993
            ],
            [
              -111.753149644177,
              40.3075875567382
            ],
            [
              -111.753149970024,
              40.3075875506283
            ],
            [
              -111.75315132607,
              40.3075874504214
            ],
            [
              -111.753155708344,
              40.3075868402017
            ],
            [
              -111.75315990272,
              40.3075856828021
            ],
            [
              -111.753163769362,
              40.3075840208556
            ],
            [
              -111.753163797539,
              40.3075840054838
            ],
            [
              -111.753167260112,
              40.3075818751813
            ],
            [
              -111.75317022234,
              40.3075793280678
            ]
          ]
        ]
      },
      "properties": {
        "city_name": "Vineyard",
        "city_slug": "vineyard",
        "confidence": "rest_api",
        "extraction_date": "2026-05-16",
        "extraction_method": "arcgis_rest",
        "future_layer_type": "flu",
        "gp_zone_code": "High Density",
        "gp_zone_description": "High Density",
        "jurisdiction": "Vineyard City",
        "source_rest_url": "https://services.arcgis.com/QdlehUncXjEmQYtI/arcgis/rest/services/Vineyard_Future_Land_Use_View/FeatureServer/0",
        "acreage": 130.815905792718
      }
    },
    {
      "type": "Feature",
      "geometry": {
        "type": "MultiPolygon",
        "coordinates": [
          [
            [
              [
                -111.742177318398,
                40.2973938349138
              ],
              [
                -111.742156154563,
                40.2973430485373
              ],
              [
                -111.742147955536,
                40.2973162688279
              ],
              [
                -111.742140258702,
                40.2972911326432
              ],
              [
                -111.742136889202,
                40.297281943205
              ],
              [
                -111.742131485677,
                40.2972733352921
              ],
              [
                -111.742124223161,
                40.297265576932
              ],
              [
                -111.742115311786,
                40.297258883842
              ],
              [
                -111.742105021788,
                40.2972535031374
              ],
              [
                -111.742093666472,
                40.2972495548541
              ],
              [
                -111.742081590949,
                40.2972471724718
              ],
              [
                -111.742069157756,
                40.2972464281907
              ],
              [
                -111.742005049298,
                40.2972468870519
              ],
              [
                -111.74206054477,
                40.2972912095875
              ],
              [
                -111.742060566028,
                40.2972912338607
              ],
              [
                -111.742060602594,
                40.2972912626054
              ],
              [
                -111.742114190777,
                40.2973340660871
              ],
              [
                -111.742114215592,
                40.2973340984587
              ],
              [
                -111.742173164944,
                40.2974872730857
              ],
              [
                -111.742173186206,
                40.2974872982595
              ],
              [
                -111.742240654997,
                40.2976626352125
              ],
              [
                -111.742240685634,
                40.2976626504599
              ],
              [
                -111.7422413806,
                40.2978514823229
              ],
              [
                -111.742356914018,
                40.2978512615991
              ],
              [
                -111.742536123514,
                40.2978508914613
              ],
              [
                -111.742715335316,
                40.2978505084348
              ],
              [
                -111.74293049841,
                40.2978780395223
              ],
              [
                -111.742930556184,
                40.2978780781296
              ],
              [
                -111.742930556005,
                40.2978780276943
              ],
              [
                -111.742930479873,
                40.2978562332981
              ],
              [
                -111.742930477342,
                40.2978561828675
              ],
              [
                -111.742929792404,
                40.2978497816518
              ],
              [
                -111.742927779873,
                40.2978434930748
              ],
              [
                -111.742924514581,
                40.2978375223264
              ],
              [
                -111.7429200688,
                40.2978320160604
              ],
              [
                -111.742914551235,
                40.2978271118483
              ],
              [
                -111.742908098757,
                40.2978229300908
              ],
              [
                -111.742900869348,
                40.2978195731323
              ],
              [
                -111.742893044447,
                40.2978171243546
              ],
              [
                -111.742884813646,
                40.2978156446069
              ],
              [
                -111.742843747685,
                40.2978108485223
              ],
              [
                -111.742763332297,
                40.2977983715997
              ],
              [
                -111.742684874465,
                40.2977799868684
              ],
              [
                -111.742609112337,
                40.2977558693247
              ],
              [
                -111.742536758364,
                40.2977262444554
              ],
              [
                -111.742468492241,
                40.2976913909546
              ],
              [
                -111.742404958554,
                40.297651638026
              ],
              [
                -111.742346753809,
                40.2976073582048
              ],
              [
                -111.74229442527,
                40.2975589700613
              ],
              [
                -111.742248467384,
                40.2975069264997
              ],
              [
                -111.742209310033,
                40.2974517183849
              ],
              [
                -111.742177325561,
                40.2973938646201
              ],
              [
                -111.742177318398,
                40.2973938349138
              ]
            ],
            [
              [
                -111.740549955586,
                40.2996334815809
              ],
              [
                -111.74054974149,
                40.2996334784192
              ],
              [
                -111.740393105978,
                40.2996338008503
              ],
              [
                -111.740370215118,
                40.2996035450844
              ],
              [
                -111.740342471165,
                40.299566989428
              ],
              [
                -111.740252446699,
                40.2994483408136
              ],
              [
                -111.740162422552,
                40.2993296939266
              ],
              [
                -111.740072397536,
                40.2992110460676
              ],
              [
                -111.739982373965,
                40.2990923855236
              ],
              [
                -111.739892355427,
                40.2989737293993
              ],
              [
                -111.739802327799,
                40.2988550759223
              ],
              [
                -111.739712305214,
                40.298736429567
              ],
              [
                -111.73964528155,
                40.2986480937763
              ],
              [
                -111.739595379952,
                40.2985823243481
              ],
              [
                -111.739532260971,
                40.298499133933
              ],
              [
                -111.739442239319,
                40.2983804864556
              ],
              [
                -111.739352247337,
                40.2982618253347
              ],
              [
                -111.739262209797,
                40.2981431651346
              ],
              [
                -111.739172193852,
                40.2980245363395
              ],
              [
                -111.739172176129,
                40.2980245138598
              ],
              [
                -111.739357661358,
                40.2979420065241
              ],
              [
                -111.739415179119,
                40.2979164222011
              ],
              [
                -111.739457949519,
                40.2978973968092
              ],
              [
                -111.739529643103,
                40.2978972750435
              ],
              [
                -111.739532358902,
                40.2978679653984
              ],
              [
                -111.739540817066,
                40.2978392960404
              ],
              [
                -111.739554825827,
                40.2978119311319
              ],
              [
                -111.739574061569,
                40.2977865026825
              ],
              [
                -111.739598072263,
                40.2977635853235
              ],
              [
                -111.739598096898,
                40.2977635663596
              ],
              [
                -111.739545587026,
                40.2977260354616
              ],
              [
                -111.739488002199,
                40.2974710197213
              ],
              [
                -111.739487891123,
                40.2974705381073
              ],
              [
                -111.739436941808,
                40.2974789257225
              ],
              [
                -111.739403361596,
                40.2974841245845
              ],
              [
                -111.739395508743,
                40.2974857465166
              ],
              [
                -111.739385392938,
                40.297487411813
              ],
              [
                -111.739331242516,
                40.2974990203212
              ],
              [
                -111.739331191972,
                40.2974990303318
              ],
              [
                -111.739297695385,
                40.2975059492118
              ],
              [
                -111.739291965199,
                40.2975074397986
              ],
              [
                -111.739224705998,
                40.2975249328628
              ],
              [
                -111.739194067812,
                40.2975329014079
              ],
              [
                -111.739190547651,
                40.2975340136994
              ],
              [
                -111.739185402805,
                40.2975353814962
              ],
              [
                -111.73911303594,
                40.2975585076408
              ],
              [
                -111.739091605036,
                40.2975653558309
              ],
              [
                -111.739088654761,
                40.2975662985334
              ],
              [
                -111.73899455822,
                40.2976016889413
              ],
              [
                -111.738987752268,
                40.2976050136129
              ],
              [
                -111.738981730113,
                40.2976091310439
              ],
              [
                -111.738976647825,
                40.2976139346397
              ],
              [
                -111.738972639063,
                40.2976193007396
              ],
              [
                -111.738969804499,
                40.2976250895388
              ],
              [
                -111.738968220064,
                40.2976311504752
              ],
              [
                -111.738967925209,
                40.2976373285586
              ],
              [
                -111.738968928783,
                40.2976434625564
              ],
              [
                -111.738971204355,
                40.2976493940103
              ],
              [
                -111.738974710258,
                40.2976549798039
              ],
              [
                -111.73887460809,
                40.2976996193487
              ],
              [
                -111.738459904651,
                40.2971529855065
              ],
              [
                -111.738528470751,
                40.2970882868347
              ],
              [
                -111.737904409186,
                40.2962711606472
              ],
              [
                -111.737903631617,
                40.2962707983727
              ],
              [
                -111.736935947989,
                40.2950038438992
              ],
              [
                -111.736937259665,
                40.2950032234001
              ],
              [
                -111.73692262028,
                40.2949840910916
              ],
              [
                -111.737003615169,
                40.2949834521494
              ],
              [
                -111.737003605598,
                40.2949834053356
              ],
              [
                -111.740174219931,
                40.294958402281
              ],
              [
                -111.740306821727,
                40.294957355016
              ],
              [
                -111.740323169362,
                40.2949572259166
              ],
              [
                -111.740381189995,
                40.2949567669921
              ],
              [
                -111.742784266868,
                40.2949377552287
              ],
              [
                -111.743462048295,
                40.2949324303657
              ],
              [
                -111.743474235315,
                40.2953901171241
              ],
              [
                -111.74347805669,
                40.2955343321387
              ],
              [
                -111.743494825885,
                40.2955342989859
              ],
              [
                -111.74349603271,
                40.2956276027023
              ],
              [
                -111.743527823286,
                40.2956275364306
              ],
              [
                -111.74352902653,
                40.2957208122316
              ],
              [
                -111.743570593885,
                40.2957207462803
              ],
              [
                -111.743570635094,
                40.2957207579027
              ],
              [
                -111.743546537769,
                40.2957597544899
              ],
              [
                -111.743549085102,
                40.295948189024
              ],
              [
                -111.743959280537,
                40.2959473501829
              ],
              [
                -111.743959354632,
                40.2959473482268
              ],
              [
                -111.743959310463,
                40.2959339576152
              ],
              [
                -111.744181687856,
                40.2959334893764
              ],
              [
                -111.744181687981,
                40.295933524501
              ],
              [
                -111.744180677333,
                40.296012626153
              ],
              [
                -111.744168948554,
                40.2969299641727
              ],
              [
                -111.744168401247,
                40.2969727546725
              ],
              [
                -111.743962900626,
                40.2969728688077
              ],
              [
                -111.743962900279,
                40.2969727715393
              ],
              [
                -111.743516330644,
                40.2969729855154
              ],
              [
                -111.743519000376,
                40.29707444863
              ],
              [
                -111.743449041559,
                40.2970749366913
              ],
              [
                -111.743449047519,
                40.2970752897294
              ],
              [
                -111.743450222227,
                40.297142691995
              ],
              [
                -111.743451469097,
                40.2972141803072
              ],
              [
                -111.743451472812,
                40.2972148945061
              ],
              [
                -111.743451070546,
                40.2972148971457
              ],
              [
                -111.743451073817,
                40.2972158175918
              ],
              [
                -111.742473820719,
                40.2972226280489
              ],
              [
                -111.742461924823,
                40.2972234750238
              ],
              [
                -111.742450376526,
                40.2972258226409
              ],
              [
                -111.742439499067,
                40.2972296062842
              ],
              [
                -111.742429593188,
                40.2972347199549
              ],
              [
                -111.742420933634,
                40.2972410234841
              ],
              [
                -111.742413762086,
                40.2972483398454
              ],
              [
                -111.742408276613,
                40.2972564668848
              ],
              [
                -111.74240463639,
                40.2972651800134
              ],
              [
                -111.742404628281,
                40.2972652151551
              ],
              [
                -111.742402928769,
                40.2972742340761
              ],
              [
                -111.742402925364,
                40.2972742692081
              ],
              [
                -111.742403205794,
                40.2972833785876
              ],
              [
                -111.742403211803,
                40.2972834146007
              ],
              [
                -111.742405464225,
                40.2972923622763
              ],
              [
                -111.742405473756,
                40.2972923964808
              ],
              [
                -111.742411458383,
                40.2973093124685
              ],
              [
                -111.742419567838,
                40.297325711583
              ],
              [
                -111.742438332774,
                40.2973586837531
              ],
              [
                -111.742438355033,
                40.297358658489
              ],
              [
                -111.742447439178,
                40.2973746034577
              ],
              [
                -111.742482659043,
                40.2974206358544
              ],
              [
                -111.742524742869,
                40.297463155008
              ],
              [
                -111.742573101593,
                40.29750156321
              ],
              [
                -111.742627053438,
                40.2975353214853
              ],
              [
                -111.742685843916,
                40.2975639549561
              ],
              [
                -111.742748644695,
                40.2975870627508
              ],
              [
                -111.742814574774,
                40.2976043197626
              ],
              [
                -111.742882707571,
                40.2976154838396
              ],
              [
                -111.743214851794,
                40.2976542713758
              ],
              [
                -111.743308303874,
                40.297665196955
              ],
              [
                -111.743452848884,
                40.2976820799901
              ],
              [
                -111.743453168903,
                40.2976821018391
              ],
              [
                -111.743453201892,
                40.2976821170812
              ],
              [
                -111.743453912684,
                40.2978820708966
              ],
              [
                -111.74345383502,
                40.2978820620521
              ],
              [
                -111.743453835173,
                40.2978821052824
              ],
              [
                -111.743453902007,
                40.297895612021
              ],
              [
                -111.74345405969,
                40.2979376535042
              ],
              [
                -111.743454249507,
                40.2979903891029
              ],
              [
                -111.743454566811,
                40.2980740244448
              ],
              [
                -111.743455081504,
                40.2982194738006
              ],
              [
                -111.743455047396,
                40.2982194747723
              ],
              [
                -111.743455353063,
                40.2983011593494
              ],
              [
                -111.743455564441,
                40.2983649232158
              ],
              [
                -111.743456070902,
                40.2985103716747
              ],
              [
                -111.743456587965,
                40.2986558237075
              ],
              [
                -111.743457105026,
                40.298801274833
              ],
              [
                -111.743457456023,
                40.2988890917473
              ],
              [
                -111.743457656204,
                40.2989467267813
              ],
              [
                -111.743458177567,
                40.2990933865411
              ],
              [
                -111.743458752506,
                40.2992541240592
              ],
              [
                -111.743458711339,
                40.2992541250456
              ],
              [
                -111.743458713794,
                40.2992541538609
              ],
              [
                -111.743459277641,
                40.2994077997686
              ],
              [
                -111.743459277769,
                40.2994078357939
              ],
              [
                -111.743459805493,
                40.2995599227648
              ],
              [
                -111.743460045231,
                40.2996273602499
              ],
              [
                -111.743418923773,
                40.2996274549488
              ],
              [
                -111.74336871558,
                40.2996275712657
              ],
              [
                -111.742455179546,
                40.2996294798532
              ],
              [
                -111.742451991834,
                40.2996294864692
              ],
              [
                -111.742327677047,
                40.2996297795351
              ],
              [
                -111.742174899727,
                40.2996300918487
              ],
              [
                -111.742174865631,
                40.2996300964226
              ],
              [
                -111.741892655386,
                40.2996306694129
              ],
              [
                -111.741713425417,
                40.2996310579597
              ],
              [
                -111.741534202443,
                40.299631429105
              ],
              [
                -111.741038723613,
                40.2996324416876
              ],
              [
                -111.740806965122,
                40.2996329196534
              ],
              [
                -111.740805192475,
                40.299630582549
              ],
              [
                -111.740698675816,
                40.2996308020673
              ],
              [
                -111.740555316964,
                40.2996310991608
              ],
              [
                -111.740549955586,
                40.2996334815809
              ]
            ]
          ],
          [
            [
              [
                -111.740437994349,
                40.2960441728709
              ],
              [
                -111.740435305986,
                40.2958402674033
              ],
              [
                -111.740625395843,
                40.2958388060298
              ],
              [
                -111.740621770803,
                40.2955626270849
              ],
              [
                -111.740401392638,
                40.2955643309195
              ],
              [
                -111.740169852479,
                40.2955661230348
              ],
              [
                -111.739997343832,
                40.295567456584
              ],
              [
                -111.740002642079,
                40.2959596596414
              ],
              [
                -111.740007013214,
                40.2962826333358
              ],
              [
                -111.740441093406,
                40.2962796214614
              ],
              [
                -111.740437994349,
                40.2960441728709
              ]
            ]
          ]
        ]
      },
      "properties": {
        "city_name": "Vineyard",
        "city_slug": "vineyard",
        "confidence": "rest_api",
        "extraction_date": "2026-05-16",
        "extraction_method": "arcgis_rest",
        "future_layer_type": "flu",
        "gp_zone_code": "High Density",
        "gp_zone_description": "High Density",
        "jurisdiction": "Vineyard City",
        "source_rest_url": "https://services.arcgis.com/QdlehUncXjEmQYtI/arcgis/rest/services/Vineyard_Future_Land_Use_View/FeatureServer/0",
        "acreage": 51.77424834566776
      }
    },
    {
      "type": "Feature",
      "geometry": {
        "type": "Polygon",
        "coordinates": [
          [
            [
              -111.734308600595,
              40.2841444980616
            ],
            [
              -111.734279461645,
              40.2846913634105
            ],
            [
              -111.733808964412,
              40.2846908012704
            ],
            [
              -111.733811236362,
              40.2846966175722
            ],
            [
              -111.733689897864,
              40.2846964812478
            ],
            [
              -111.733687358574,
              40.2846884814216
            ],
            [
              -111.733686643463,
              40.2846884567338
            ],
            [
              -111.73368444006,
              40.2846913540049
            ],
            [
              -111.733361698906,
              40.2839895983714
            ],
            [
              -111.732512867223,
              40.2827517002102
            ],
            [
              -111.732512983659,
              40.2827517035809
            ],
            [
              -111.732550386689,
              40.2827528819048
            ],
            [
              -111.732602779182,
              40.2827461569466
            ],
            [
              -111.732608658828,
              40.2827547166522
            ],
            [
              -111.732610540623,
              40.2827547759493
            ],
            [
              -111.732688938318,
              40.2827595949289
            ],
            [
              -111.733584429649,
              40.2827877321061
            ],
            [
              -111.734368437841,
              40.2828198409683
            ],
            [
              -111.734355566578,
              40.2831519030995
            ],
            [
              -111.734351378539,
              40.2832016611959
            ],
            [
              -111.734336026335,
              40.2835029578144
            ],
            [
              -111.734336214502,
              40.2835029592381
            ],
            [
              -111.73432356867,
              40.2838349983266
            ],
            [
              -111.734322776081,
              40.2838350116251
            ],
            [
              -111.734309876599,
              40.2841445045081
            ],
            [
              -111.734308600595,
              40.2841444980616
            ]
          ]
        ]
      },
      "properties": {
        "city_name": "Vineyard",
        "city_slug": "vineyard",
        "confidence": "rest_api",
        "extraction_date": "2026-05-16",
        "extraction_method": "arcgis_rest",
        "future_layer_type": "flu",
        "gp_zone_code": "Neighborhood Center",
        "gp_zone_description": "Neighborhood Center",
        "jurisdiction": "Vineyard City",
        "source_rest_url": "https://services.arcgis.com/QdlehUncXjEmQYtI/arcgis/rest/services/Vineyard_Future_Land_Use_View/FeatureServer/0",
        "acreage": 5.190714828640184
      }
    },
    {
      "type": "Feature",
      "geometry": {
        "type": "Polygon",
        "coordinates": [
          [
            [
              -111.733887178939,
              40.2897643377203
            ],
            [
              -111.733853553003,
              40.2874964135795
            ],
            [
              -111.73381341139,
              40.2861620980852
            ],
            [
              -111.733833769935,
              40.2861620573279
            ],
            [
              -111.733915088863,
              40.2861618944941
            ],
            [
              -111.733983093766,
              40.2861617582769
            ],
            [
              -111.733983092891,
              40.2861618465415
            ],
            [
              -111.734128664248,
              40.2861616403828
            ],
            [
              -111.735948339341,
              40.2861577623568
            ],
            [
              -111.73594833258,
              40.2861575065882
            ],
            [
              -111.735959019312,
              40.2861574840981
            ],
            [
              -111.736029931362,
              40.2861573318095
            ],
            [
              -111.736029819001,
              40.2861264301173
            ],
            [
              -111.736030599899,
              40.2861264294398
            ],
            [
              -111.736030617425,
              40.2861267374239
            ],
            [
              -111.736181501339,
              40.2861266449607
            ],
            [
              -111.736168759283,
              40.2864825565983
            ],
            [
              -111.736137644942,
              40.2864776389603
            ],
            [
              -111.735961310429,
              40.2864497710279
            ],
            [
              -111.735956087606,
              40.2864491051974
            ],
            [
              -111.735847503737,
              40.2864352618918
            ],
            [
              -111.735747034129,
              40.2864226134704
            ],
            [
              -111.735643233307,
              40.2864125105924
            ],
            [
              -111.735538084728,
              40.2864024004331
            ],
            [
              -111.735433701751,
              40.2863953571221
            ],
            [
              -111.735328441539,
              40.2863883380013
            ],
            [
              -111.735243720205,
              40.2863851348679
            ],
            [
              -111.735165406935,
              40.2863821907646
            ],
            [
              -111.735161178389,
              40.2877991947117
            ],
            [
              -111.735589815836,
              40.2877954056331
            ],
            [
              -111.735589820321,
              40.2877956839222
            ],
            [
              -111.735590155493,
              40.2877956805442
            ],
            [
              -111.735595311697,
              40.2881424737591
            ],
            [
              -111.735614796536,
              40.2881881140748
            ],
            [
              -111.735616223777,
              40.2886030275507
            ],
            [
              -111.735046770214,
              40.2886073505528
            ],
            [
              -111.735062642396,
              40.2897278779849
            ],
            [
              -111.735064007838,
              40.2898238267965
            ],
            [
              -111.735064093291,
              40.2898298780295
            ],
            [
              -111.733881282448,
              40.2898330440935
            ],
            [
              -111.733770047006,
              40.289833910732
            ],
            [
              -111.733769423423,
              40.2897652642474
            ],
            [
              -111.733887178939,
              40.2897643377203
            ]
          ]
        ]
      },
      "properties": {
        "city_name": "Vineyard",
        "city_slug": "vineyard",
        "confidence": "rest_api",
        "extraction_date": "2026-05-16",
        "extraction_method": "arcgis_rest",
        "future_layer_type": "flu",
        "gp_zone_code": "Neighborhood Center",
        "gp_zone_description": "Neighborhood Center",
        "jurisdiction": "Vineyard City",
        "source_rest_url": "https://services.arcgis.com/QdlehUncXjEmQYtI/arcgis/rest/services/Vineyard_Future_Land_Use_View/FeatureServer/0",
        "acreage": 12.358941714040395
      }
    },
    {
      "type": "Feature",
      "geometry": {
        "type": "Polygon",
        "coordinates": [
          [
            [
              -111.738385740794,
              40.2881828580788
            ],
            [
              -111.736354865788,
              40.2881866215273
            ],
            [
              -111.735614796536,
              40.2881881140748
            ],
            [
              -111.735595311697,
              40.2881424737591
            ],
            [
              -111.735590155493,
              40.2877956805442
            ],
            [
              -111.735589820321,
              40.2877956839222
            ],
            [
              -111.735589815836,
              40.2877954056331
            ],
            [
              -111.735161178389,
              40.2877991947117
            ],
            [
              -111.735165406935,
              40.2863821907646
            ],
            [
              -111.735243720205,
              40.2863851348679
            ],
            [
              -111.735328441539,
              40.2863883380013
            ],
            [
              -111.735433701751,
              40.2863953571221
            ],
            [
              -111.735538084728,
              40.2864024004331
            ],
            [
              -111.735643233307,
              40.2864125105924
            ],
            [
              -111.735747034129,
              40.2864226134704
            ],
            [
              -111.735847503737,
              40.2864352618918
            ],
            [
              -111.735956087606,
              40.2864491051974
            ],
            [
              -111.735961310429,
              40.2864497710279
            ],
            [
              -111.736137644942,
              40.2864776389603
            ],
            [
              -111.736168759283,
              40.2864825565983
            ],
            [
              -111.736181501339,
              40.2861266449607
            ],
            [
              -111.736030617425,
              40.2861267374239
            ],
            [
              -111.736030599899,
              40.2861264294398
            ],
            [
              -111.736029819001,
              40.2861264301173
            ],
            [
              -111.736029931362,
              40.2861573318095
            ],
            [
              -111.735959019312,
              40.2861574840981
            ],
            [
              -111.73594833258,
              40.2861575065882
            ],
            [
              -111.735948339341,
              40.2861577623568
            ],
            [
              -111.734128664248,
              40.2861616403828
            ],
            [
              -111.733983092891,
              40.2861618465415
            ],
            [
              -111.733983093766,
              40.2861617582769
            ],
            [
              -111.733915088863,
              40.2861618944941
            ],
            [
              -111.733833769935,
              40.2861620573279
            ],
            [
              -111.733833687391,
              40.2861564807198
            ],
            [
              -111.735944261527,
              40.2861521740068
            ],
            [
              -111.73593740341,
              40.2841532488989
            ],
            [
              -111.734309876599,
              40.2841445045081
            ],
            [
              -111.734322776081,
              40.2838350116251
            ],
            [
              -111.73432356867,
              40.2838349983266
            ],
            [
              -111.734336214502,
              40.2835029592381
            ],
            [
              -111.734336026335,
              40.2835029578144
            ],
            [
              -111.734351378539,
              40.2832016611959
            ],
            [
              -111.734355566578,
              40.2831519030995
            ],
            [
              -111.734368437841,
              40.2828198409683
            ],
            [
              -111.733584429649,
              40.2827877321061
            ],
            [
              -111.738446498209,
              40.2829403843786
            ],
            [
              -111.738446538979,
              40.2829439886675
            ],
            [
              -111.738448397818,
              40.2846391543308
            ],
            [
              -111.738434332154,
              40.2860168465538
            ],
            [
              -111.738456870627,
              40.2860663430472
            ],
            [
              -111.738451259331,
              40.2860696220319
            ],
            [
              -111.738463977293,
              40.2866544205881
            ],
            [
              -111.73829610252,
              40.2866547713216
            ],
            [
              -111.738298252857,
              40.2868415185825
            ],
            [
              -111.738308495463,
              40.2868422641304
            ],
            [
              -111.738311796136,
              40.2868427833706
            ],
            [
              -111.738319815079,
              40.2868446232309
            ],
            [
              -111.738323356376,
              40.2868456832654
            ],
            [
              -111.738330679887,
              40.2868484287882
            ],
            [
              -111.738334108987,
              40.2868500294362
            ],
            [
              -111.738340382763,
              40.2868535921812
            ],
            [
              -111.738343701152,
              40.2868558226033
            ],
            [
              -111.738348805791,
              40.2868600244873
            ],
            [
              -111.738351777094,
              40.2868628887686
            ],
            [
              -111.738355591697,
              40.2868674598459
            ],
            [
              -111.738357982742,
              40.2868708683981
            ],
            [
              -111.738360623418,
              40.2868757165667
            ],
            [
              -111.738362313067,
              40.2868796687364
            ],
            [
              -111.738363658295,
              40.2868843448242
            ],
            [
              -111.73836453099,
              40.2868887534851
            ],
            [
              -111.73836492763,
              40.2868928965277
            ],
            [
              -111.738379768827,
              40.2877811121944
            ],
            [
              -111.738386454675,
              40.2881828566218
            ],
            [
              -111.738385740794,
              40.2881828580788
            ]
          ]
        ]
      },
      "properties": {
        "city_name": "Vineyard",
        "city_slug": "vineyard",
        "confidence": "rest_api",
        "extraction_date": "2026-05-16",
        "extraction_method": "arcgis_rest",
        "future_layer_type": "flu",
        "gp_zone_code": "Low Density",
        "gp_zone_description": "Low Density",
        "jurisdiction": "Vineyard City",
        "source_rest_url": "https://services.arcgis.com/QdlehUncXjEmQYtI/arcgis/rest/services/Vineyard_Future_Land_Use_View/FeatureServer/0",
        "acreage": 38.20388842820353
      }
    },
    {
      "type": "Feature",
      "geometry": {
        "type": "Polygon",
        "coordinates": [
          [
            [
              -111.746419250744,
              40.2959468376514
            ],
            [
              -111.745252628416,
              40.2959312296079
            ],
            [
              -111.744181687856,
              40.2959334893764
            ],
            [
              -111.743959310463,
              40.2959339576152
            ],
            [
              -111.743959354632,
              40.2959473482268
            ],
            [
              -111.743959280537,
              40.2959473501829
            ],
            [
              -111.743549085108,
              40.2959481908253
            ],
            [
              -111.743546537769,
              40.2957597544899
            ],
            [
              -111.743570635094,
              40.2957207579027
            ],
            [
              -111.743570593885,
              40.2957207462803
            ],
            [
              -111.74352902653,
              40.2957208122316
            ],
            [
              -111.743527823286,
              40.2956275364306
            ],
            [
              -111.74349603271,
              40.2956276027023
            ],
            [
              -111.743494825885,
              40.2955342989859
            ],
            [
              -111.743478079028,
              40.2955343293902
            ],
            [
              -111.743474231787,
              40.2953901171314
            ],
            [
              -111.743462094016,
              40.2949323879403
            ],
            [
              -111.743421755533,
              40.2933880919709
            ],
            [
              -111.744516860615,
              40.2933837800764
            ],
            [
              -111.744526658124,
              40.2933837622688
            ],
            [
              -111.74511608766,
              40.2933825259755
            ],
            [
              -111.745115306247,
              40.2933814198281
            ],
            [
              -111.74521852627,
              40.2933810122469
            ],
            [
              -111.745338805965,
              40.2933721711775
            ],
            [
              -111.745339237594,
              40.2933721630658
            ],
            [
              -111.745491299779,
              40.2936855112562
            ],
            [
              -111.74549274766,
              40.2936855109151
            ],
            [
              -111.745617516501,
              40.2939427514714
            ],
            [
              -111.745637878573,
              40.293943049096
            ],
            [
              -111.745815538197,
              40.2943074209641
            ],
            [
              -111.745970005993,
              40.2946242470602
            ],
            [
              -111.746133458011,
              40.2950815105307
            ],
            [
              -111.746132159486,
              40.2950815132668
            ],
            [
              -111.746146378117,
              40.2951212870693
            ],
            [
              -111.746116765434,
              40.2951214908659
            ],
            [
              -111.746249848914,
              40.2954846481328
            ],
            [
              -111.746269924995,
              40.2955393971078
            ],
            [
              -111.746412680587,
              40.2959289197829
            ],
            [
              -111.746419250744,
              40.2959468376514
            ]
          ]
        ]
      },
      "properties": {
        "city_name": "Vineyard",
        "city_slug": "vineyard",
        "confidence": "rest_api",
        "extraction_date": "2026-05-16",
        "extraction_method": "arcgis_rest",
        "future_layer_type": "flu",
        "gp_zone_code": "Medium Density",
        "gp_zone_description": "Medium Density",
        "jurisdiction": "Vineyard City",
        "source_rest_url": "https://services.arcgis.com/QdlehUncXjEmQYtI/arcgis/rest/services/Vineyard_Future_Land_Use_View/FeatureServer/0",
        "acreage": 14.700093082130055
      }
    },
    {
      "type": "Feature",
      "geometry": {
        "type": "Polygon",
        "coordinates": [
          [
            [
              -111.749550385153,
              40.2911139784113
            ],
            [
              -111.749787063709,
              40.2911134157745
            ],
            [
              -111.750023758727,
              40.2911128526228
            ],
            [
              -111.750023376319,
              40.291111197163
            ],
            [
              -111.750298684833,
              40.2911105354839
            ],
            [
              -111.750568904209,
              40.2911098804706
            ],
            [
              -111.750829522881,
              40.2911092616609
            ],
            [
              -111.751090133325,
              40.2911086449892
            ],
            [
              -111.751345793433,
              40.2911080392892
            ],
            [
              -111.751605908677,
              40.2911074117246
            ],
            [
              -111.751895662394,
              40.2911067133633
            ],
            [
              -111.752179077929,
              40.291106026166
            ],
            [
              -111.752179076863,
              40.2911060558894
            ],
            [
              -111.752464242498,
              40.2911053705262
            ],
            [
              -111.752464248394,
              40.2911069700516
            ],
            [
              -111.752460028599,
              40.2911070233036
            ],
            [
              -111.75246424855,
              40.2911070123814
            ],
            [
              -111.752464248394,
              40.2911069700516
            ],
            [
              -111.752622313077,
              40.2911049621154
            ],
            [
              -111.75278935412,
              40.2911045655994
            ],
            [
              -111.753431762152,
              40.2911011173698
            ],
            [
              -111.753701047039,
              40.2910996672758
            ],
            [
              -111.754641901667,
              40.2910946118037
            ],
            [
              -111.754896943553,
              40.2910954001751
            ],
            [
              -111.755048773141,
              40.2910945778977
            ],
            [
              -111.755048977995,
              40.2910924222168
            ],
            [
              -111.756172256307,
              40.2910863696268
            ],
            [
              -111.756483249825,
              40.2910847234672
            ],
            [
              -111.757439997942,
              40.2910795240936
            ],
            [
              -111.759074908603,
              40.2910706774556
            ],
            [
              -111.759075161468,
              40.2910706759941
            ],
            [
              -111.759168926219,
              40.2912585542469
            ],
            [
              -111.759209037164,
              40.2926855980839
            ],
            [
              -111.75920915242,
              40.2926855960268
            ],
            [
              -111.759213470508,
              40.2928392186091
            ],
            [
              -111.759213377608,
              40.2928392233184
            ],
            [
              -111.759213020072,
              40.2928392286151
            ],
            [
              -111.759219730277,
              40.2930779392933
            ],
            [
              -111.759225655053,
              40.2932887372482
            ],
            [
              -111.759231812213,
              40.293507783638
            ],
            [
              -111.759239376123,
              40.293776858358
            ],
            [
              -111.7592545315,
              40.2943039072783
            ],
            [
              -111.759254197971,
              40.294304042214
            ],
            [
              -111.759261577378,
              40.294566587635
            ],
            [
              -111.759265664683,
              40.294712004006
            ],
            [
              -111.759269520945,
              40.2948492034441
            ],
            [
              -111.759269872651,
              40.2948492089679
            ],
            [
              -111.759273727705,
              40.2949863957938
            ],
            [
              -111.759273377208,
              40.2949863992736
            ],
            [
              -111.759277233436,
              40.2951235815877
            ],
            [
              -111.7592810897,
              40.2952607692995
            ],
            [
              -111.759286052411,
              40.2954373125085
            ],
            [
              -111.759286102767,
              40.2954391181795
            ],
            [
              -111.759290370946,
              40.2955909619745
            ],
            [
              -111.759290421217,
              40.2955927451296
            ],
            [
              -111.759295434278,
              40.2957710795805
            ],
            [
              -111.759299290598,
              40.2959082627607
            ],
            [
              -111.759303146933,
              40.2960454459349
            ],
            [
              -111.759307003286,
              40.2961826300036
            ],
            [
              -111.759307307913,
              40.2961826257248
            ],
            [
              -111.759311149016,
              40.2963198161259
            ],
            [
              -111.759310859666,
              40.2963198167682
            ],
            [
              -111.759316205857,
              40.2965099956489
            ],
            [
              -111.759325420641,
              40.2968377674213
            ],
            [
              -111.759325425952,
              40.2968379277233
            ],
            [
              -111.759324911248,
              40.2968445800879
            ],
            [
              -111.759323002131,
              40.2968510824393
            ],
            [
              -111.759319746181,
              40.2968572635503
            ],
            [
              -111.759315229822,
              40.2968629611139
            ],
            [
              -111.759309572465,
              40.2968680253588
            ],
            [
              -111.759302920637,
              40.2968723235654
            ],
            [
              -111.759295450352,
              40.2968757445644
            ],
            [
              -111.759287357694,
              40.2968781960551
            ],
            [
              -111.759278852977,
              40.2968796163271
            ],
            [
              -111.759278854296,
              40.2968796541511
            ],
            [
              -111.759278859608,
              40.2968798144531
            ],
            [
              -111.759279212378,
              40.2968797875515
            ],
            [
              -111.759284981304,
              40.297069168396
            ],
            [
              -111.759293133466,
              40.2970703112252
            ],
            [
              -111.7593012803,
              40.2970725321308
            ],
            [
              -111.759308859155,
              40.2970757233847
            ],
            [
              -111.759309211681,
              40.2970759423581
            ],
            [
              -111.759315666245,
              40.2970798070836
            ],
            [
              -111.759321542333,
              40.2970846655974
            ],
            [
              -111.759326319959,
              40.2970901849167
            ],
            [
              -111.759329880949,
              40.2970962194006
            ],
            [
              -111.759332134142,
              40.2971026134409
            ],
            [
              -111.759333020096,
              40.2971092005513
            ],
            [
              -111.759400982265,
              40.29952621337
            ],
            [
              -111.758304119611,
              40.299528956355
            ],
            [
              -111.756297930441,
              40.2995334867668
            ],
            [
              -111.756297930333,
              40.2995334579467
            ],
            [
              -111.756076061293,
              40.2995339598194
            ],
            [
              -111.755854193429,
              40.2995344621688
            ],
            [
              -111.75562755927,
              40.2995349682221
            ],
            [
              -111.755395727101,
              40.2995354734917
            ],
            [
              -111.755161565974,
              40.2995360023016
            ],
            [
              -111.753590999427,
              40.2995395032887
            ],
            [
              -111.753494493104,
              40.2995397253528
            ],
            [
              -111.753494188449,
              40.2995397260139
            ],
            [
              -111.753128584367,
              40.2995405395035
            ],
            [
              -111.753118212188,
              40.299274238673
            ],
            [
              -111.753118206857,
              40.2992740693645
            ],
            [
              -111.75311820436,
              40.2992724392142
            ],
            [
              -111.753117724848,
              40.2992168546439
            ],
            [
              -111.753075589395,
              40.2992168711803
            ],
            [
              -111.753075917683,
              40.2992149899359
            ],
            [
              -111.752785552829,
              40.2992146090033
            ],
            [
              -111.752515583593,
              40.2992142553149
            ],
            [
              -111.752515513024,
              40.2992142572687
            ],
            [
              -111.752246761313,
              40.2992139228431
            ],
            [
              -111.751977939023,
              40.2992135861503
            ],
            [
              -111.75197793889,
              40.299213550125
            ],
            [
              -111.751709116615,
              40.299213216416
            ],
            [
              -111.751440291978,
              40.299212878491
            ],
            [
              -111.751171461415,
              40.2992125273511
            ],
            [
              -111.751171429623,
              40.2992125184131
            ],
            [
              -111.750902630875,
              40.2992121809964
            ],
            [
              -111.750633819167,
              40.2992118366846
            ],
            [
              -111.750633820225,
              40.2992118042593
            ],
            [
              -111.750364996771,
              40.2992114629566
            ],
            [
              -111.750096173374,
              40.2992111358958
            ],
            [
              -111.74982733045,
              40.2992107749344
            ],
            [
              -111.749485887201,
              40.2992103139961
            ],
            [
              -111.749482465939,
              40.2992104609017
            ],
            [
              -111.749374872694,
              40.2991202944507
            ],
            [
              -111.749249740682,
              40.2990166647505
            ],
            [
              -111.74908904196,
              40.2988835824225
            ],
            [
              -111.748927788138,
              40.2987500318194
            ],
            [
              -111.748763386001,
              40.298613870438
            ],
            [
              -111.748657955835,
              40.298448974522
            ],
            [
              -111.74855266473,
              40.2982843348896
            ],
            [
              -111.748498256104,
              40.2981992466195
            ],
            [
              -111.748403997,
              40.2980518702335
            ],
            [
              -111.748337957836,
              40.2979485974999
            ],
            [
              -111.748340714323,
              40.2979480908847
            ],
            [
              -111.748190630758,
              40.2977133818517
            ],
            [
              -111.748133882979,
              40.2976245868357
            ],
            [
              -111.748077413522,
              40.2975362766432
            ],
            [
              -111.748282183149,
              40.2975222383537
            ],
            [
              -111.748250874081,
              40.2972543026698
            ],
            [
              -111.748103479776,
              40.2972591388207
            ],
            [
              -111.747959691168,
              40.2972608707353
            ],
            [
              -111.747955959103,
              40.2972609155833
            ],
            [
              -111.747901589693,
              40.297261296665
            ],
            [
              -111.747746564525,
              40.2970172425665
            ],
            [
              -111.74837187579,
              40.2969987575338
            ],
            [
              -111.750291703027,
              40.2970277511137
            ],
            [
              -111.750331074361,
              40.2970274740121
            ],
            [
              -111.75171865348,
              40.2970177077225
            ],
            [
              -111.751718242304,
              40.2969058357173
            ],
            [
              -111.751718141418,
              40.2968777468005
            ],
            [
              -111.751717056555,
              40.2965841776825
            ],
            [
              -111.751715916551,
              40.2962775232673
            ],
            [
              -111.7517149997,
              40.2960280625472
            ],
            [
              -111.751714082856,
              40.2957786018075
            ],
            [
              -111.751713146889,
              40.2955242560207
            ],
            [
              -111.751439430606,
              40.2955248446155
            ],
            [
              -111.751140231799,
              40.2955254882582
            ],
            [
              -111.750853182035,
              40.2955261068467
            ],
            [
              -111.750576886315,
              40.2955266989596
            ],
            [
              -111.750310247253,
              40.2955272706274
            ],
            [
              -111.750052320352,
              40.2955278230374
            ],
            [
              -111.749802258743,
              40.2955283580583
            ],
            [
              -111.749486608298,
              40.2955290326459
            ],
            [
              -111.749127909831,
              40.2955297945949
            ],
            [
              -111.748927188915,
              40.2955302216019
            ],
            [
              -111.748669143204,
              40.2955307739128
            ],
            [
              -111.748411104495,
              40.2955313112286
            ],
            [
              -111.748366869649,
              40.2955313917794
            ],
            [
              -111.748366643932,
              40.2954691490661
            ],
            [
              -111.748119444292,
              40.2954709893335
            ],
            [
              -111.748142558867,
              40.2953952360822
            ],
            [
              -111.748173527265,
              40.2952939231018
            ],
            [
              -111.748173457794,
              40.2952939025347
            ],
            [
              -111.748193491365,
              40.2952284285092
            ],
            [
              -111.748303543195,
              40.2950177764044
            ],
            [
              -111.748422494128,
              40.2947901092842
            ],
            [
              -111.748523478349,
              40.2947165553887
            ],
            [
              -111.748833716985,
              40.2944905890884
            ],
            [
              -111.748833741777,
              40.2944906142535
            ],
            [
              -111.748942379543,
              40.2944114867356
            ],
            [
              -111.749084178943,
              40.2943317741404
            ],
            [
              -111.749084217727,
              40.2943317659519
            ],
            [
              -111.749084195291,
              40.2943317416825
            ],
            [
              -111.749321393244,
              40.2941984263952
            ],
            [
              -111.749454897833,
              40.2941233927591
            ],
            [
              -111.749446293919,
              40.294007436634
            ],
            [
              -111.749442604019,
              40.2939576499337
            ],
            [
              -111.74950142895,
              40.2938090164285
            ],
            [
              -111.749552463663,
              40.2936800478919
            ],
            [
              -111.749553441952,
              40.2935982965085
            ],
            [
              -111.749555937615,
              40.2933897119449
            ],
            [
              -111.749555975249,
              40.2933897109639
            ],
            [
              -111.74955956674,
              40.2930896775464
            ],
            [
              -111.749559527917,
              40.2930896749274
            ],
            [
              -111.749564092406,
              40.2927093590309
            ],
            [
              -111.749565803705,
              40.2925663562106
            ],
            [
              -111.749565908334,
              40.2925663424774
            ],
            [
              -111.749942217447,
              40.2925375819893
            ],
            [
              -111.749971733005,
              40.2925500683513
            ],
            [
              -111.750221132352,
              40.2926555100083
            ],
            [
              -111.750357634071,
              40.2928271488514
            ],
            [
              -111.750520776975,
              40.2930322810421
            ],
            [
              -111.750576472804,
              40.2932037686593
            ],
            [
              -111.750576517547,
              40.293203782073
            ],
            [
              -111.750620106064,
              40.2933379830127
            ],
            [
              -111.750624015961,
              40.2934119874278
            ],
            [
              -111.750633183271,
              40.2935849537004
            ],
            [
              -111.750633100666,
              40.293618627909
            ],
            [
              -111.750632869639,
              40.293701739468
            ],
            [
              -111.750632519927,
              40.293826022236
            ],
            [
              -111.750632255343,
              40.2939214987478
            ],
            [
              -111.750708722461,
              40.2939846802629
            ],
            [
              -111.750765094866,
              40.2940312565383
            ],
            [
              -111.750882465499,
              40.2941699039024
            ],
            [
              -111.750882492475,
              40.2941698831297
            ],
            [
              -111.750964137264,
              40.2942663265932
            ],
            [
              -111.751056966813,
              40.2944067512219
            ],
            [
              -111.751056932776,
              40.2944067711092
            ],
            [
              -111.751101924803,
              40.2944748222148
            ],
            [
              -111.751185880419,
              40.2946213226112
            ],
            [
              -111.751269913232,
              40.294786843386
            ],
            [
              -111.751298974577,
              40.2948284372585
            ],
            [
              -111.751298995824,
              40.2948284579276
            ],
            [
              -111.751317164871,
              40.2948544815512
            ],
            [
              -111.751594556568,
              40.2948507186715
            ],
            [
              -111.751676190529,
              40.2948496169579
            ],
            [
              -111.751750077608,
              40.2948743262055
            ],
            [
              -111.751750297828,
              40.2948743995834
            ],
            [
              -111.752209264234,
              40.2950278818465
            ],
            [
              -111.75220928631,
              40.2950278079464
            ],
            [
              -111.752247153499,
              40.2948998425454
            ],
            [
              -111.752283761214,
              40.2947761317672
            ],
            [
              -111.752209775004,
              40.2945680176805
            ],
            [
              -111.752226079708,
              40.2943991233098
            ],
            [
              -111.752136276423,
              40.2942069269914
            ],
            [
              -111.752397551351,
              40.2939870172735
            ],
            [
              -111.752397670075,
              40.2939869981035
            ],
            [
              -111.75268743949,
              40.2939292305175
            ],
            [
              -111.752696471376,
              40.2939566282626
            ],
            [
              -111.752669157773,
              40.293863175694
            ],
            [
              -111.75264852247,
              40.2937891300746
            ],
            [
              -111.752629434564,
              40.293708888302
            ],
            [
              -111.752613215193,
              40.2936407043951
            ],
            [
              -111.752610589139,
              40.2936264529413
            ],
            [
              -111.752595856628,
              40.2935465034548
            ],
            [
              -111.752582252351,
              40.2934726794805
            ],
            [
              -111.752581222496,
              40.293464836231
            ],
            [
              -111.752580583614,
              40.2934612692762
            ],
            [
              -111.752560082128,
              40.2933038429749
            ],
            [
              -111.752560056631,
              40.2933036268764
            ],
            [
              -111.752536604327,
              40.2930798801928
            ],
            [
              -111.752523980907,
              40.2929367696242
            ],
            [
              -111.752523874141,
              40.2929355656989
            ],
            [
              -111.752523421051,
              40.29292719973
            ],
            [
              -111.752517483276,
              40.2928256275437
            ],
            [
              -111.752383105622,
              40.2929516392481
            ],
            [
              -111.752264244254,
              40.2930356861748
            ],
            [
              -111.752218670937,
              40.2930679113267
            ],
            [
              -111.752218605125,
              40.2930679258791
            ],
            [
              -111.752203717976,
              40.2930719928916
            ],
            [
              -111.752203633378,
              40.2930720164909
            ],
            [
              -111.752073149238,
              40.2931076563847
            ],
            [
              -111.751804713445,
              40.2931809737683
            ],
            [
              -111.751640709841,
              40.2931364807176
            ],
            [
              -111.751354568477,
              40.2930588419741
            ],
            [
              -111.751303446109,
              40.2929649260297
            ],
            [
              -111.751303411766,
              40.2929648621581
            ],
            [
              -111.751147436838,
              40.2926783229726
            ],
            [
              -111.751147342789,
              40.2926783348831
            ],
            [
              -111.75114730047,
              40.2926783412786
            ],
            [
              -111.751023298497,
              40.2924505368676
            ],
            [
              -111.751051283959,
              40.2924030003642
            ],
            [
              -111.751093017488,
              40.2923695671502
            ],
            [
              -111.751092989211,
              40.2923695537014
            ],
            [
              -111.751343131432,
              40.2921691320788
            ],
            [
              -111.751343163228,
              40.292169142818
            ],
            [
              -111.751343225583,
              40.2921691480877
            ],
            [
              -111.751487872162,
              40.2920532584543
            ],
            [
              -111.751480386878,
              40.292038142008
            ],
            [
              -111.751381004869,
              40.29183744464
            ],
            [
              -111.751380841349,
              40.2918374350849
            ],
            [
              -111.751002054324,
              40.2916728073924
            ],
            [
              -111.751001533991,
              40.2915455840147
            ],
            [
              -111.750381594256,
              40.2915470694561
            ],
            [
              -111.750294924066,
              40.291550327293
            ],
            [
              -111.750208941581,
              40.2915592891508
            ],
            [
              -111.749946791271,
              40.2915960723714
            ],
            [
              -111.749974525724,
              40.2917120020192
            ],
            [
              -111.749725760139,
              40.2919667570355
            ],
            [
              -111.74969983337,
              40.291993319213
            ],
            [
              -111.74969980757,
              40.2919933399828
            ],
            [
              -111.749631799166,
              40.2920360559196
            ],
            [
              -111.749328139614,
              40.2922268089692
            ],
            [
              -111.74898161554,
              40.292381342374
            ],
            [
              -111.748748292441,
              40.2925896919589
            ],
            [
              -111.74860546915,
              40.2928556389635
            ],
            [
              -111.748426476065,
              40.2930424270819
            ],
            [
              -111.748427969602,
              40.2934541920555
            ],
            [
              -111.748133781135,
              40.2938688163394
            ],
            [
              -111.747905231014,
              40.294108195441
            ],
            [
              -111.747763260092,
              40.2941251368799
            ],
            [
              -111.747660609748,
              40.292039662071
            ],
            [
              -111.74766061329,
              40.2920393405349
            ],
            [
              -111.747659172324,
              40.2916821401236
            ],
            [
              -111.747829850515,
              40.2915280653444
            ],
            [
              -111.7478298934,
              40.2915280530948
            ],
            [
              -111.747828232726,
              40.2911163859475
            ],
            [
              -111.748055698665,
              40.2911158454645
            ],
            [
              -111.748298789514,
              40.2911152740268
            ],
            [
              -111.748557614637,
              40.2911146668009
            ],
            [
              -111.748822209811,
              40.2911140345514
            ],
            [
              -111.749039250479,
              40.2911135067054
            ],
            [
              -111.749093290151,
              40.2911133833695
            ],
            [
              -111.749329395997,
              40.2911128404438
            ],
            [
              -111.749549989792,
              40.2911123157726
            ],
            [
              -111.749550385153,
              40.2911139784113
            ]
          ]
        ]
      },
      "properties": {
        "city_name": "Vineyard",
        "city_slug": "vineyard",
        "confidence": "rest_api",
        "extraction_date": "2026-05-16",
        "extraction_method": "arcgis_rest",
        "future_layer_type": "flu",
        "gp_zone_code": "Medium Density",
        "gp_zone_description": "Medium Density",
        "jurisdiction": "Vineyard City",
        "source_rest_url": "https://services.arcgis.com/QdlehUncXjEmQYtI/arcgis/rest/services/Vineyard_Future_Land_Use_View/FeatureServer/0",
        "acreage": 186.64548726581998
      }
    },
    {
      "type": "Feature",
      "geometry": {
        "type": "Polygon",
        "coordinates": [
          [
            [
              -111.748277100931,
              40.286025872978
            ],
            [
              -111.74808861702,
              40.2861303597991
            ],
            [
              -111.748293835526,
              40.2862466433221
            ],
            [
              -111.748776869203,
              40.2863279530562
            ],
            [
              -111.748776935166,
              40.2863279817362
            ],
            [
              -111.749120756998,
              40.2864702771503
            ],
            [
              -111.749120819457,
              40.286470312142
            ],
            [
              -111.749445504291,
              40.2863887081782
            ],
            [
              -111.749520373445,
              40.2863929181697
            ],
            [
              -111.749806250947,
              40.2864089950782
            ],
            [
              -111.750030878085,
              40.2865484363741
            ],
            [
              -111.750066065635,
              40.2865702808673
            ],
            [
              -111.750391188867,
              40.2865135508717
            ],
            [
              -111.7507228104,
              40.2864898947083
            ],
            [
              -111.751053709909,
              40.28650578905
            ],
            [
              -111.751369603854,
              40.2864895402127
            ],
            [
              -111.752035819804,
              40.2864226602286
            ],
            [
              -111.752370547799,
              40.2863658895786
            ],
            [
              -111.752612300771,
              40.2862692477227
            ],
            [
              -111.753369888025,
              40.2857937482072
            ],
            [
              -111.753576058623,
              40.2856440562259
            ],
            [
              -111.75373547196,
              40.2854828327629
            ],
            [
              -111.753837107675,
              40.2854649674309
            ],
            [
              -111.754085934767,
              40.2855926841625
            ],
            [
              -111.75411913659,
              40.2855364928988
            ],
            [
              -111.754148432747,
              40.285479042019
            ],
            [
              -111.754173725196,
              40.2854205298805
            ],
            [
              -111.753872840875,
              40.2853647752502
            ],
            [
              -111.753810576237,
              40.2853062994657
            ],
            [
              -111.753810549055,
              40.2853062634991
            ],
            [
              -111.753856926228,
              40.2851234799825
            ],
            [
              -111.753835527273,
              40.2848912327616
            ],
            [
              -111.753835517742,
              40.2848911994585
            ],
            [
              -111.753717616903,
              40.2847102373384
            ],
            [
              -111.753729157219,
              40.2846581488184
            ],
            [
              -111.754011086037,
              40.2845352053069
            ],
            [
              -111.754011034062,
              40.2845351432756
            ],
            [
              -111.753874274208,
              40.2843512078572
            ],
            [
              -111.753662961667,
              40.2845326061199
            ],
            [
              -111.753562105607,
              40.2845310337466
            ],
            [
              -111.753392712887,
              40.2843949459048
            ],
            [
              -111.753341126862,
              40.2844360514675
            ],
            [
              -111.753193926855,
              40.2845533515486
            ],
            [
              -111.752896285789,
              40.2846240195836
            ],
            [
              -111.752835134755,
              40.2846113088153
            ],
            [
              -111.752835100638,
              40.2846113052866
            ],
            [
              -111.752511316576,
              40.2845440441727
            ],
            [
              -111.752511241254,
              40.2845440290246
            ],
            [
              -111.75234909134,
              40.2844420871931
            ],
            [
              -111.752349019437,
              40.2844420423163
            ],
            [
              -111.752065187542,
              40.284611957136
            ],
            [
              -111.751899587382,
              40.2847110914957
            ],
            [
              -111.751442854666,
              40.284608862938
            ],
            [
              -111.751442776986,
              40.284608845993
            ],
            [
              -111.751194913029,
              40.2844079227076
            ],
            [
              -111.750942423124,
              40.2844946993118
            ],
            [
              -111.750825598966,
              40.2845348424252
            ],
            [
              -111.750443422212,
              40.2844291291497
            ],
            [
              -111.750443348008,
              40.2844290977864
            ],
            [
              -111.750348469784,
              40.2843731065014
            ],
            [
              -111.750632841629,
              40.284170524776
            ],
            [
              -111.750348442673,
              40.2843730894473
            ],
            [
              -111.750282154265,
              40.2843339788104
            ],
            [
              -111.750173706395,
              40.2842316783952
            ],
            [
              -111.750118700556,
              40.2841657205557
            ],
            [
              -111.750118174925,
              40.2841650903308
            ],
            [
              -111.749866741909,
              40.2841809673629
            ],
            [
              -111.749613975474,
              40.2841969277611
            ],
            [
              -111.749613829681,
              40.2841969370791
            ],
            [
              -111.749400499636,
              40.2841143229438
            ],
            [
              -111.749228843953,
              40.2838750661728
            ],
            [
              -111.749228041368,
              40.2838739474859
            ],
            [
              -111.748997709518,
              40.2840234996473
            ],
            [
              -111.748997457269,
              40.2840236632014
            ],
            [
              -111.748706037761,
              40.2838731166572
            ],
            [
              -111.74870456969,
              40.2838723578396
            ],
            [
              -111.748638534665,
              40.2839379769673
            ],
            [
              -111.748568745479,
              40.2840012767853
            ],
            [
              -111.748511531049,
              40.2840482887006
            ],
            [
              -111.748451283556,
              40.2840930230094
            ],
            [
              -111.748452272679,
              40.2840940206187
            ],
            [
              -111.748452301005,
              40.2840940484783
            ],
            [
              -111.748452973242,
              40.2840936012302
            ],
            [
              -111.74864242836,
              40.2842846188359
            ],
            [
              -111.748666607687,
              40.2843089963881
            ],
            [
              -111.748674493565,
              40.284316947583
            ],
            [
              -111.74852620349,
              40.2845265149204
            ],
            [
              -111.748957290053,
              40.2846338522438
            ],
            [
              -111.748957739033,
              40.2846341034666
            ],
            [
              -111.748958793722,
              40.2846346929406
            ],
            [
              -111.749184360004,
              40.2847608764658
            ],
            [
              -111.749184694522,
              40.2847606974249
            ],
            [
              -111.749184774662,
              40.2847607440873
            ],
            [
              -111.749256422032,
              40.2848008247043
            ],
            [
              -111.749543376471,
              40.2849613449919
            ],
            [
              -111.749955876532,
              40.2851921018432
            ],
            [
              -111.75005475375,
              40.2853700948953
            ],
            [
              -111.749934396483,
              40.28558153963
            ],
            [
              -111.749822701007,
              40.285585899036
            ],
            [
              -111.749570692262,
              40.2855029860917
            ],
            [
              -111.749520738645,
              40.2854513383132
            ],
            [
              -111.749520689071,
              40.2854512888839
            ],
            [
              -111.749501316804,
              40.285468591079
            ],
            [
              -111.7494784748,
              40.2854832005568
            ],
            [
              -111.749452786053,
              40.2854947097949
            ],
            [
              -111.749424965638,
              40.2855028056421
            ],
            [
              -111.749395778342,
              40.2855072631045
            ],
            [
              -111.749366031663,
              40.2855079588704
            ],
            [
              -111.749336544068,
              40.2855048749806
            ],
            [
              -111.749308130866,
              40.2854980952559
            ],
            [
              -111.749281573631,
              40.2854878062632
            ],
            [
              -111.749257607259,
              40.2854742937403
            ],
            [
              -111.749236891687,
              40.2854579291462
            ],
            [
              -111.749220000119,
              40.2854391651834
            ],
            [
              -111.74920739544,
              40.2854185178345
            ],
            [
              -111.749199430186,
              40.2853965582566
            ],
            [
              -111.749196327762,
              40.2853739227279
            ],
            [
              -111.749196324129,
              40.2853738939151
            ],
            [
              -111.749018206921,
              40.2855133780182
            ],
            [
              -111.748644878752,
              40.285367908182
            ],
            [
              -111.748644853964,
              40.2853678830168
            ],
            [
              -111.748354130635,
              40.2853633562064
            ],
            [
              -111.747992414585,
              40.2854196178781
            ],
            [
              -111.74799238163,
              40.2854196107429
            ],
            [
              -111.748002275288,
              40.2854906405036
            ],
            [
              -111.748007951491,
              40.2855619458076
            ],
            [
              -111.748009408502,
              40.2856333753514
            ],
            [
              -111.74801358071,
              40.2857017990886
            ],
            [
              -111.748017842195,
              40.2857484297957
            ],
            [
              -111.74801806026,
              40.285764482379
            ],
            [
              -111.748018287645,
              40.2857811599882
            ],
            [
              -111.748018463854,
              40.285794097339
            ],
            [
              -111.748018566197,
              40.2857928056008
            ],
            [
              -111.748277100931,
              40.286025872978
            ]
          ],
          [
            [
              -111.747844385914,
              40.2859532671917
            ],
            [
              -111.747849543747,
              40.2859395250566
            ],
            [
              -111.74785848974,
              40.2859079349626
            ],
            [
              -111.747844385914,
              40.2859532671917
            ],
            [
              -111.74785928706,
              40.285904672946
            ],
            [
              -111.747860943385,
              40.285899270982
            ],
            [
              -111.747861856319,
              40.285894158801
            ],
            [
              -111.747871638085,
              40.2858393871046
            ],
            [
              -111.747872056487,
              40.2858360619465
            ],
            [
              -111.747875314941,
              40.2857755084603
            ],
            [
              -111.747875334809,
              40.2857751490619
            ],
            [
              -111.747875225689,
              40.2857735938845
            ],
            [
              -111.747870976786,
              40.2857128635925
            ],
            [
              -111.747870489246,
              40.2857074823894
            ],
            [
              -111.747869472875,
              40.2856983088036
            ],
            [
              -111.747868414114,
              40.2856845708531
            ],
            [
              -111.74786734228,
              40.2856727449937
            ],
            [
              -111.747866780014,
              40.2856548378172
            ],
            [
              -111.747866149867,
              40.2856347467272
            ],
            [
              -111.747866080735,
              40.2856325421018
            ],
            [
              -111.747865678651,
              40.2856004008353
            ],
            [
              -111.747865488139,
              40.2855929277104
            ],
            [
              -111.747863584243,
              40.2855503854115
            ],
            [
              -111.747863303986,
              40.2855441112317
            ],
            [
              -111.747862858857,
              40.2855358244664
            ],
            [
              -111.747862040821,
              40.2855255597814
            ],
            [
              -111.747862003227,
              40.2855255706689
            ],
            [
              -111.746817101323,
              40.2857133950263
            ],
            [
              -111.746765082358,
              40.2854976002935
            ],
            [
              -111.746453389217,
              40.2847754488292
            ],
            [
              -111.746340734348,
              40.2844692311882
            ],
            [
              -111.746340767211,
              40.2844692131061
            ],
            [
              -111.746691789631,
              40.2844028612947
            ],
            [
              -111.747036825967,
              40.2843376414866
            ],
            [
              -111.747036847061,
              40.2843376207272
            ],
            [
              -111.747036885859,
              40.2843376179432
            ],
            [
              -111.747051161759,
              40.2843233107606
            ],
            [
              -111.747115790511,
              40.2842585412211
            ],
            [
              -111.747214673853,
              40.2841594341949
            ],
            [
              -111.747266535861,
              40.2841410476667
            ],
            [
              -111.747912371363,
              40.2839120411231
            ],
            [
              -111.748122792564,
              40.2837607645403
            ],
            [
              -111.748165960171,
              40.2837165233156
            ],
            [
              -111.748345451554,
              40.2835329258223
            ],
            [
              -111.74840828255,
              40.283356268005
            ],
            [
              -111.748408321139,
              40.2833562075798
            ],
            [
              -111.748404822098,
              40.2832309121792
            ],
            [
              -111.748404751268,
              40.2832308375765
            ],
            [
              -111.748404705227,
              40.2832307890398
            ],
            [
              -111.748401209198,
              40.2831056719552
            ],
            [
              -111.748417771608,
              40.283075399442
            ],
            [
              -111.748554203599,
              40.2828259588933
            ],
            [
              -111.748581616134,
              40.2828026315373
            ],
            [
              -111.748859704254,
              40.28256599067
            ],
            [
              -111.748859739439,
              40.2825659644764
            ],
            [
              -111.748922239363,
              40.2825285806839
            ],
            [
              -111.748999639575,
              40.2824822847492
            ],
            [
              -111.748999678301,
              40.2824822621505
            ],
            [
              -111.749225571214,
              40.2824599892608
            ],
            [
              -111.749225608891,
              40.2824600017894
            ],
            [
              -111.749225737028,
              40.2824599889069
            ],
            [
              -111.749109991327,
              40.2824225079055
            ],
            [
              -111.749109947639,
              40.282422459364
            ],
            [
              -111.750954151401,
              40.2830196156912
            ],
            [
              -111.751251588437,
              40.2831306604344
            ],
            [
              -111.751539615537,
              40.2831874429317
            ],
            [
              -111.751849943588,
              40.283210927593
            ],
            [
              -111.752174962175,
              40.2831860836298
            ],
            [
              -111.7523908551,
              40.2831394007777
            ],
            [
              -111.752559922552,
              40.2831028492562
            ],
            [
              -111.752851700568,
              40.2830397475181
            ],
            [
              -111.752854607488,
              40.2830419351912
            ],
            [
              -111.753098648185,
              40.283228216167
            ],
            [
              -111.753098701254,
              40.2832282565809
            ],
            [
              -111.753149414883,
              40.283266967085
            ],
            [
              -111.753149443187,
              40.2832669886391
            ],
            [
              -111.753151483396,
              40.283265354053
            ],
            [
              -111.753372828742,
              40.2834319271328
            ],
            [
              -111.753381713722,
              40.2834383492557
            ],
            [
              -111.753381737172,
              40.2834383302913
            ],
            [
              -111.753385754559,
              40.2834412297517
            ],
            [
              -111.7533858595,
              40.2834413042774
            ],
            [
              -111.753608845696,
              40.2836022542321
            ],
            [
              -111.753613784961,
              40.2836098818594
            ],
            [
              -111.753783344913,
              40.2838715051574
            ],
            [
              -111.753555521392,
              40.284055199745
            ],
            [
              -111.753555596727,
              40.284055218495
            ],
            [
              -111.753614195103,
              40.2840697447225
            ],
            [
              -111.753681102063,
              40.2840858533166
            ],
            [
              -111.75374515039,
              40.2841077412034
            ],
            [
              -111.753805491118,
              40.2841351202255
            ],
            [
              -111.753861325564,
              40.2841676255632
            ],
            [
              -111.753911913604,
              40.2842048292249
            ],
            [
              -111.753956586602,
              40.2842462364173
            ],
            [
              -111.753994752162,
              40.2842912999437
            ],
            [
              -111.754251828813,
              40.2846370521249
            ],
            [
              -111.754293167236,
              40.2846994099877
            ],
            [
              -111.754326480141,
              40.2847645232648
            ],
            [
              -111.754351459506,
              40.2848317901038
            ],
            [
              -111.754367871309,
              40.2849005850729
            ],
            [
              -111.75437937341,
              40.2849890715738
            ],
            [
              -111.754379379571,
              40.2849891472143
            ],
            [
              -111.754383059879,
              40.2850779497614
            ],
            [
              -111.754383058984,
              40.2850780254173
            ],
            [
              -111.754378897433,
              40.2851668162211
            ],
            [
              -111.75437889183,
              40.2851668909866
            ],
            [
              -111.754366910406,
              40.2852552647093
            ],
            [
              -111.754366897744,
              40.2852553385895
            ],
            [
              -111.754347149016,
              40.2853428916262
            ],
            [
              -111.75434713046,
              40.2853429619167
            ],
            [
              -111.754319699941,
              40.2854292941921
            ],
            [
              -111.75428469577,
              40.2855140812341
            ],
            [
              -111.754241895673,
              40.2855963787459
            ],
            [
              -111.754191054121,
              40.2856759476825
            ],
            [
              -111.754132463398,
              40.2857523280701
            ],
            [
              -111.754132487029,
              40.2857523577398
            ],
            [
              -111.754663164655,
              40.2861625990484
            ],
            [
              -111.754894783637,
              40.2864007729956
            ],
            [
              -111.755106968895,
              40.2866693405579
            ],
            [
              -111.755106976099,
              40.2866693801704
            ],
            [
              -111.755113812319,
              40.2867091024701
            ],
            [
              -111.755113762992,
              40.2867091205907
            ],
            [
              -111.755161698322,
              40.2869872890656
            ],
            [
              -111.754814934419,
              40.2870090596579
            ],
            [
              -111.754814897153,
              40.2870090619746
            ],
            [
              -111.754746036745,
              40.2870132918888
            ],
            [
              -111.754567436119,
              40.2870242971631
            ],
            [
              -111.754108922765,
              40.2870525139207
            ],
            [
              -111.7541088946,
              40.2870525301936
            ],
            [
              -111.753472936865,
              40.2870916732867
            ],
            [
              -111.75347287572,
              40.2870916761213
            ],
            [
              -111.752957666555,
              40.2871233887906
            ],
            [
              -111.752957650004,
              40.2871233654098
            ],
            [
              -111.752601794905,
              40.2871452565221
            ],
            [
              -111.752499359909,
              40.2871515636532
            ],
            [
              -111.752236489696,
              40.2871677478723
            ],
            [
              -111.751914981887,
              40.287187544371
            ],
            [
              -111.751914998266,
              40.287187520919
            ],
            [
              -111.751593511441,
              40.287207316487
            ],
            [
              -111.751272020832,
              40.2872270922642
            ],
            [
              -111.750950534748,
              40.2872468689475
            ],
            [
              -111.750629041409,
              40.2872666411584
            ],
            [
              -111.750307564383,
              40.2872864214554
            ],
            [
              -111.750170120373,
              40.2872948784442
            ],
            [
              -111.749982470358,
              40.287306418458
            ],
            [
              -111.749643139406,
              40.2873272879866
            ],
            [
              -111.749303794135,
              40.2873481565593
            ],
            [
              -111.748964448654,
              40.2873690232453
            ],
            [
              -111.748625101793,
              40.2873898898483
            ],
            [
              -111.748285762964,
              40.2874107572491
            ],
            [
              -111.748285746584,
              40.2874107807006
            ],
            [
              -111.747946389908,
              40.2874316471527
            ],
            [
              -111.747592744501,
              40.2874533895119
            ],
            [
              -111.747373685211,
              40.2874668580395
            ],
            [
              -111.747086969109,
              40.2874847536557
            ],
            [
              -111.747088734855,
              40.2877254869295
            ],
            [
              -111.74709063334,
              40.2879834518791
            ],
            [
              -111.74709253184,
              40.2882414168079
            ],
            [
              -111.747094432652,
              40.2884993668506
            ],
            [
              -111.747096349947,
              40.2887573177383
            ],
            [
              -111.747096328874,
              40.2887573448021
            ],
            [
              -111.747096294761,
              40.288757343073
            ],
            [
              -111.747098573033,
              40.2890641678244
            ],
            [
              -111.747102128464,
              40.2895470048422
            ],
            [
              -111.747102977464,
              40.2896620428328
            ],
            [
              -111.747104064695,
              40.2898039941713
            ],
            [
              -111.746349541021,
              40.2898482981778
            ],
            [
              -111.746335685206,
              40.2898483084869
            ],
            [
              -111.746321978995,
              40.2898467495623
            ],
            [
              -111.746308724776,
              40.2898436558912
            ],
            [
              -111.746296213291,
              40.289839094409
            ],
            [
              -111.745849782527,
              40.2898620979243
            ],
            [
              -111.745849757926,
              40.2898621249953
            ],
            [
              -111.745842021085,
              40.2898705523659
            ],
            [
              -111.745841992952,
              40.2898705785436
            ],
            [
              -111.745832601063,
              40.2898779538458
            ],
            [
              -111.74583256821,
              40.2898779755303
            ],
            [
              -111.745821760519,
              40.2898841091256
            ],
            [
              -111.745821724118,
              40.2898841254137
            ],
            [
              -111.745809776462,
              40.2898888636122
            ],
            [
              -111.745809738868,
              40.2898888753996
            ],
            [
              -111.745796955412,
              40.2898920923718
            ],
            [
              -111.745796918985,
              40.2898921014549
            ],
            [
              -111.745783626396,
              40.2898937154555
            ],
            [
              -111.74578358996,
              40.2898937218366
            ],
            [
              -111.745501512385,
              40.2899102735176
            ],
            [
              -111.745501437127,
              40.2899102772783
            ],
            [
              -111.745466002223,
              40.2899120305463
            ],
            [
              -111.745442248062,
              40.2899129946148
            ],
            [
              -111.745731808972,
              40.2897530885193
            ],
            [
              -111.745772163485,
              40.2897280639634
            ],
            [
              -111.745884148257,
              40.2895556419192
            ],
            [
              -111.745888134581,
              40.2893270967491
            ],
            [
              -111.745888109963,
              40.289327119317
            ],
            [
              -111.745725131422,
              40.2890775424845
            ],
            [
              -111.745725201777,
              40.2890774837948
            ],
            [
              -111.745725185218,
              40.2890774577111
            ],
            [
              -111.746143224714,
              40.2887279059431
            ],
            [
              -111.746105980152,
              40.288469358059
            ],
            [
              -111.746105972995,
              40.2884693301542
            ],
            [
              -111.746072146165,
              40.2882346060103
            ],
            [
              -111.746072154265,
              40.288234569067
            ],
            [
              -111.746271462843,
              40.2881727450638
            ],
            [
              -111.746131313951,
              40.2878905731889
            ],
            [
              -111.746124972485,
              40.2878778037467
            ],
            [
              -111.746144957565,
              40.2878722046732
            ],
            [
              -111.746232519077,
              40.2877543332784
            ],
            [
              -111.74623037782,
              40.2877462626401
            ],
            [
              -111.746152931656,
              40.2874530432249
            ],
            [
              -111.746114716362,
              40.287188289615
            ],
            [
              -111.746114764571,
              40.2871882868115
            ],
            [
              -111.746114754936,
              40.2871882237869
            ],
            [
              -111.746114707903,
              40.2871882265879
            ],
            [
              -111.746114694847,
              40.2871881932917
            ],
            [
              -111.746109989869,
              40.2871555972729
            ],
            [
              -111.746153905438,
              40.286878690674
            ],
            [
              -111.746153908795,
              40.2868786429329
            ],
            [
              -111.746164494744,
              40.2868119298957
            ],
            [
              -111.746164507454,
              40.286811866824
            ],
            [
              -111.746261422013,
              40.2866894211066
            ],
            [
              -111.746330049987,
              40.2866027355093
            ],
            [
              -111.7463300745,
              40.286602684121
            ],
            [
              -111.746330043864,
              40.2866026679741
            ],
            [
              -111.746379664531,
              40.2865399533873
            ],
            [
              -111.746649144078,
              40.2863917549912
            ],
            [
              -111.746649167697,
              40.2863917819606
            ],
            [
              -111.746709972993,
              40.286358339691
            ],
            [
              -111.746976249874,
              40.2862544967086
            ],
            [
              -111.747017864954,
              40.2862382764026
            ],
            [
              -111.747017929503,
              40.2862382393397
            ],
            [
              -111.747249551065,
              40.2861100760276
            ],
            [
              -111.747304792167,
              40.2860561835356
            ],
            [
              -111.74742671089,
              40.2859372396045
            ],
            [
              -111.747742968557,
              40.2861303333422
            ],
            [
              -111.747743007148,
              40.2861302729174
            ],
            [
              -111.747743063725,
              40.2861303079224
            ],
            [
              -111.747750372099,
              40.2861209806815
            ],
            [
              -111.747757828862,
              40.2861110605029
            ],
            [
              -111.747772284749,
              40.2860918299489
            ],
            [
              -111.747778840133,
              40.2860817675783
            ],
            [
              -111.747787338151,
              40.2860687226625
            ],
            [
              -111.747790909986,
              40.2860632400813
            ],
            [
              -111.747803853509,
              40.2860420754506
            ],
            [
              -111.74780858042,
              40.2860333958406
            ],
            [
              -111.747812730426,
              40.2860251902915
            ],
            [
              -111.747819478569,
              40.2860118491721
            ],
            [
              -111.747839200121,
              40.2859670832385
            ],
            [
              -111.747842322761,
              40.2859599939626
            ],
            [
              -111.747844385914,
              40.2859532671917
            ]
          ]
        ]
      },
      "properties": {
        "city_name": "Vineyard",
        "city_slug": "vineyard",
        "confidence": "rest_api",
        "extraction_date": "2026-05-16",
        "extraction_method": "arcgis_rest",
        "future_layer_type": "flu",
        "gp_zone_code": "Medium Density",
        "gp_zone_description": "Medium Density",
        "jurisdiction": "Vineyard City",
        "source_rest_url": "https://services.arcgis.com/QdlehUncXjEmQYtI/arcgis/rest/services/Vineyard_Future_Land_Use_View/FeatureServer/0",
        "acreage": 55.28553979158868
      }
    },
    {
      "type": "Feature",
      "geometry": {
        "type": "Polygon",
        "coordinates": [
          [
            [
              -111.759414093864,
              40.2999863069921
            ],
            [
              -111.759333020096,
              40.2971092005513
            ],
            [
              -111.759332134142,
              40.2971026134409
            ],
            [
              -111.759329880949,
              40.2970962194006
            ],
            [
              -111.759326319959,
              40.2970901849167
            ],
            [
              -111.759321542333,
              40.2970846655974
            ],
            [
              -111.759315666245,
              40.2970798070836
            ],
            [
              -111.759309211681,
              40.2970759423581
            ],
            [
              -111.759308859155,
              40.2970757233847
            ],
            [
              -111.7593012803,
              40.2970725321308
            ],
            [
              -111.759293133466,
              40.2970703112252
            ],
            [
              -111.759284981304,
              40.297069168396
            ],
            [
              -111.759279212378,
              40.2968797875515
            ],
            [
              -111.759278859608,
              40.2968798144531
            ],
            [
              -111.759278854296,
              40.2968796541511
            ],
            [
              -111.759278852977,
              40.2968796163271
            ],
            [
              -111.759287357694,
              40.2968781960551
            ],
            [
              -111.759295450352,
              40.2968757445644
            ],
            [
              -111.759302920637,
              40.2968723235654
            ],
            [
              -111.759309572465,
              40.2968680253588
            ],
            [
              -111.759315229822,
              40.2968629611139
            ],
            [
              -111.759319746181,
              40.2968572635503
            ],
            [
              -111.759323002131,
              40.2968510824393
            ],
            [
              -111.759324911248,
              40.2968445800879
            ],
            [
              -111.759325425952,
              40.2968379277233
            ],
            [
              -111.759325420641,
              40.2968377674213
            ],
            [
              -111.759316205857,
              40.2965099956489
            ],
            [
              -111.759310859666,
              40.2963198167682
            ],
            [
              -111.759311149016,
              40.2963198161259
            ],
            [
              -111.759307307913,
              40.2961826257248
            ],
            [
              -111.759307003286,
              40.2961826300036
            ],
            [
              -111.759303146933,
              40.2960454459349
            ],
            [
              -111.759299290598,
              40.2959082627607
            ],
            [
              -111.759295434278,
              40.2957710795805
            ],
            [
              -111.759290421217,
              40.2955927451296
            ],
            [
              -111.759290370946,
              40.2955909619745
            ],
            [
              -111.759286102767,
              40.2954391181795
            ],
            [
              -111.759286052411,
              40.2954373125085
            ],
            [
              -111.7592810897,
              40.2952607692995
            ],
            [
              -111.759277233436,
              40.2951235815877
            ],
            [
              -111.759273377208,
              40.2949863992736
            ],
            [
              -111.759273727705,
              40.2949863957938
            ],
            [
              -111.759269872651,
              40.2948492089679
            ],
            [
              -111.759269520945,
              40.2948492034441
            ],
            [
              -111.759265664683,
              40.294712004006
            ],
            [
              -111.759261577378,
              40.294566587635
            ],
            [
              -111.759254197971,
              40.294304042214
            ],
            [
              -111.7592545315,
              40.2943039072783
            ],
            [
              -111.759239376123,
              40.293776858358
            ],
            [
              -111.759231812213,
              40.293507783638
            ],
            [
              -111.759225655053,
              40.2932887372482
            ],
            [
              -111.759219730277,
              40.2930779392933
            ],
            [
              -111.759213020072,
              40.2928392286151
            ],
            [
              -111.759213377608,
              40.2928392233184
            ],
            [
              -111.759213470508,
              40.2928392186091
            ],
            [
              -111.75920915242,
              40.2926855960268
            ],
            [
              -111.759209037164,
              40.2926855980839
            ],
            [
              -111.759168926219,
              40.2912585542469
            ],
            [
              -111.759075161468,
              40.2910706759941
            ],
            [
              -111.759074908603,
              40.2910706774556
            ],
            [
              -111.757439997942,
              40.2910795240936
            ],
            [
              -111.756483249825,
              40.2910847234672
            ],
            [
              -111.756172256307,
              40.2910863696268
            ],
            [
              -111.755048977995,
              40.2910924222168
            ],
            [
              -111.755048773141,
              40.2910945778977
            ],
            [
              -111.754896943553,
              40.2910954001751
            ],
            [
              -111.754641901667,
              40.2910946118037
            ],
            [
              -111.753701047039,
              40.2910996672758
            ],
            [
              -111.753431762152,
              40.2911011173698
            ],
            [
              -111.75278935412,
              40.2911045655994
            ],
            [
              -111.752622313077,
              40.2911049621154
            ],
            [
              -111.752464248394,
              40.2911069700516
            ],
            [
              -111.752464242498,
              40.2911053705262
            ],
            [
              -111.752179076863,
              40.2911060558894
            ],
            [
              -111.752179077929,
              40.291106026166
            ],
            [
              -111.751895662394,
              40.2911067133633
            ],
            [
              -111.751605908677,
              40.2911074117246
            ],
            [
              -111.751345793433,
              40.2911080392892
            ],
            [
              -111.751090133325,
              40.2911086449892
            ],
            [
              -111.750829522881,
              40.2911092616609
            ],
            [
              -111.750568904209,
              40.2911098804706
            ],
            [
              -111.750298684833,
              40.2911105354839
            ],
            [
              -111.750023376319,
              40.291111197163
            ],
            [
              -111.750023758727,
              40.2911128526228
            ],
            [
              -111.749787063709,
              40.2911134157745
            ],
            [
              -111.749550385153,
              40.2911139784113
            ],
            [
              -111.749549989792,
              40.2911123157726
            ],
            [
              -111.749329395997,
              40.2911128404438
            ],
            [
              -111.749093290151,
              40.2911133833695
            ],
            [
              -111.749039250479,
              40.2911135067054
            ],
            [
              -111.748822209811,
              40.2911140345514
            ],
            [
              -111.748557614637,
              40.2911146668009
            ],
            [
              -111.748298789514,
              40.2911152740268
            ],
            [
              -111.748055698665,
              40.2911158454645
            ],
            [
              -111.747828232726,
              40.2911163859475
            ],
            [
              -111.7478298934,
              40.2915280530948
            ],
            [
              -111.747829850515,
              40.2915280653444
            ],
            [
              -111.747659172324,
              40.2916821401236
            ],
            [
              -111.74766061329,
              40.2920393405349
            ],
            [
              -111.747660609748,
              40.292039662071
            ],
            [
              -111.747763260092,
              40.2941251368799
            ],
            [
              -111.747905231014,
              40.294108195441
            ],
            [
              -111.747967405538,
              40.2941367434471
            ],
            [
              -111.748024395156,
              40.2941710548157
            ],
            [
              -111.748075294581,
              40.2942105838881
            ],
            [
              -111.748119292323,
              40.2942547037489
            ],
            [
              -111.748155690701,
              40.2943027124884
            ],
            [
              -111.748183910601,
              40.2943538458
            ],
            [
              -111.748203503288,
              40.2944072922659
            ],
            [
              -111.748214157499,
              40.2944622014471
            ],
            [
              -111.748215703031,
              40.2945177009878
            ],
            [
              -111.748208117844,
              40.2945729083081
            ],
            [
              -111.748191518706,
              40.2946269450343
            ],
            [
              -111.748166173017,
              40.2946789540863
            ],
            [
              -111.748132481199,
              40.2947281078206
            ],
            [
              -111.748090980278,
              40.2947736233343
            ],
            [
              -111.748042329837,
              40.2948147796075
            ],
            [
              -111.747955463341,
              40.294835486006
            ],
            [
              -111.747871479324,
              40.2948622718452
            ],
            [
              -111.747791101467,
              40.2948949041314
            ],
            [
              -111.747715020351,
              40.29493310311
            ],
            [
              -111.747643892275,
              40.2949765395647
            ],
            [
              -111.747578332212,
              40.2950248393363
            ],
            [
              -111.747518902059,
              40.2950775860484
            ],
            [
              -111.747466115353,
              40.2951343247
            ],
            [
              -111.747420427882,
              40.2951945661878
            ],
            [
              -111.747382231816,
              40.2952577927223
            ],
            [
              -111.747351856894,
              40.2953234587257
            ],
            [
              -111.747352184271,
              40.2954147567562
            ],
            [
              -111.747352406195,
              40.2954755530517
            ],
            [
              -111.746828902719,
              40.2954805862922
            ],
            [
              -111.746834305108,
              40.2959286897923
            ],
            [
              -111.746412680587,
              40.2959289197829
            ],
            [
              -111.746269924995,
              40.2955393971078
            ],
            [
              -111.746249848914,
              40.2954846481328
            ],
            [
              -111.746116765434,
              40.2951214908659
            ],
            [
              -111.746146378117,
              40.2951212870693
            ],
            [
              -111.746132159486,
              40.2950815132668
            ],
            [
              -111.746133458011,
              40.2950815105307
            ],
            [
              -111.745970005993,
              40.2946242470602
            ],
            [
              -111.745815538197,
              40.2943074209641
            ],
            [
              -111.745637878573,
              40.293943049096
            ],
            [
              -111.745617516501,
              40.2939427514714
            ],
            [
              -111.74549274766,
              40.2936855109151
            ],
            [
              -111.745491299779,
              40.2936855112562
            ],
            [
              -111.745339237594,
              40.2933721630658
            ],
            [
              -111.745338805965,
              40.2933721711775
            ],
            [
              -111.74521852627,
              40.2933810122469
            ],
            [
              -111.745115306247,
              40.2933814198281
            ],
            [
              -111.74511608766,
              40.2933825259755
            ],
            [
              -111.744526658124,
              40.2933837622688
            ],
            [
              -111.744516860615,
              40.2933837800764
            ],
            [
              -111.743382463159,
              40.2933884917727
            ],
            [
              -111.743382339071,
              40.2933813751746
            ],
            [
              -111.743337043948,
              40.2933815749173
            ],
            [
              -111.743335465764,
              40.2930582043258
            ],
            [
              -111.743410697608,
              40.2930576143706
            ],
            [
              -111.743380111702,
              40.292047226496
            ],
            [
              -111.742410663804,
              40.2912543129104
            ],
            [
              -111.742409301295,
              40.2908693351344
            ],
            [
              -111.741567351101,
              40.2908732301626
            ],
            [
              -111.741559579162,
              40.2903783234851
            ],
            [
              -111.741328938172,
              40.2902190842164
            ],
            [
              -111.740860108858,
              40.2902200492268
            ],
            [
              -111.740852651677,
              40.2898690362528
            ],
            [
              -111.740579758948,
              40.2898716395029
            ],
            [
              -111.740579640164,
              40.2898716406482
            ],
            [
              -111.740133467087,
              40.2898751355149
            ],
            [
              -111.740157941008,
              40.2917083075405
            ],
            [
              -111.74015328711,
              40.2917083441282
            ],
            [
              -111.740127591219,
              40.2897842270022
            ],
            [
              -111.738549506154,
              40.2897965922269
            ],
            [
              -111.73852656325,
              40.2883891632651
            ],
            [
              -111.738523511131,
              40.28820876836
            ],
            [
              -111.738967546648,
              40.2882044860245
            ],
            [
              -111.739181934615,
              40.2883051018497
            ],
            [
              -111.73944703672,
              40.2883092636259
            ],
            [
              -111.739699016819,
              40.2881997214537
            ],
            [
              -111.739889185528,
              40.2880535478259
            ],
            [
              -111.740251337366,
              40.2880355543758
            ],
            [
              -111.740888016422,
              40.287926072391
            ],
            [
              -111.74092053436,
              40.2880274886906
            ],
            [
              -111.74107278352,
              40.2882443561017
            ],
            [
              -111.741257369931,
              40.2884166909525
            ],
            [
              -111.741498726812,
              40.2885518152298
            ],
            [
              -111.741771545518,
              40.2886483561622
            ],
            [
              -111.742337412491,
              40.2886471600592
            ],
            [
              -111.742331888871,
              40.288314213448
            ],
            [
              -111.742582681931,
              40.2883117942922
            ],
            [
              -111.742588228757,
              40.2886466321929
            ],
            [
              -111.743216212018,
              40.2886453019032
            ],
            [
              -111.743300774689,
              40.2886751198417
            ],
            [
              -111.743322789693,
              40.289675182789
            ],
            [
              -111.743333612058,
              40.2896751125093
            ],
            [
              -111.743374201657,
              40.2896753035385
            ],
            [
              -111.743451506908,
              40.2896760664944
            ],
            [
              -111.743529421157,
              40.2896790797317
            ],
            [
              -111.743579801792,
              40.2896815496115
            ],
            [
              -111.743606881223,
              40.2896833565631
            ],
            [
              -111.743684123935,
              40.2896893477163
            ],
            [
              -111.74370779368,
              40.2896914481619
            ],
            [
              -111.743761032859,
              40.2896970516335
            ],
            [
              -111.743836426463,
              40.2897059367019
            ],
            [
              -111.74391408096,
              40.2897172397245
            ],
            [
              -111.743961336448,
              40.2897245929366
            ],
            [
              -111.743990215975,
              40.2897295428791
            ],
            [
              -111.744021689855,
              40.2897351070354
            ],
            [
              -111.744702844732,
              40.2898611776301
            ],
            [
              -111.744731608581,
              40.2898663086604
            ],
            [
              -111.744776513255,
              40.289873677276
            ],
            [
              -111.744851227012,
              40.2898850885115
            ],
            [
              -111.744922971227,
              40.2898939057756
            ],
            [
              -111.74497409252,
              40.2898995221418
            ],
            [
              -111.744996703894,
              40.2899016290492
            ],
            [
              -111.745070653912,
              40.2899076397019
            ],
            [
              -111.745096673818,
              40.2899094548359
            ],
            [
              -111.745144820097,
              40.2899119368351
            ],
            [
              -111.745219325196,
              40.289914970511
            ],
            [
              -111.745293452945,
              40.2899157551307
            ],
            [
              -111.745342865085,
              40.2899157062908
            ],
            [
              -111.745367919594,
              40.2899152753923
            ],
            [
              -111.745442248062,
              40.2899129946148
            ],
            [
              -111.745466002223,
              40.2899120305463
            ],
            [
              -111.74550143712,
              40.2899102754771
            ],
            [
              -111.745501512378,
              40.2899102717163
            ],
            [
              -111.74578358996,
              40.2898937218366
            ],
            [
              -111.745783626396,
              40.2898937154555
            ],
            [
              -111.745796918985,
              40.2898921014549
            ],
            [
              -111.745796955412,
              40.2898920923718
            ],
            [
              -111.745809738868,
              40.2898888753996
            ],
            [
              -111.745809776462,
              40.2898888636122
            ],
            [
              -111.745821724118,
              40.2898841254137
            ],
            [
              -111.745821760519,
              40.2898841091256
            ],
            [
              -111.74583256821,
              40.2898779755303
            ],
            [
              -111.745832601063,
              40.2898779538458
            ],
            [
              -111.745841992952,
              40.2898705785436
            ],
            [
              -111.745842021085,
              40.2898705523659
            ],
            [
              -111.745849757926,
              40.2898621249953
            ],
            [
              -111.745849782527,
              40.2898620979243
            ],
            [
              -111.746296213291,
              40.289839094409
            ],
            [
              -111.746308724776,
              40.2898436558912
            ],
            [
              -111.746321978995,
              40.2898467495623
            ],
            [
              -111.746335685206,
              40.2898483084869
            ],
            [
              -111.746349541021,
              40.2898482981778
            ],
            [
              -111.747104064695,
              40.2898039941713
            ],
            [
              -111.747102977464,
              40.2896620428328
            ],
            [
              -111.747102128464,
              40.2895470048422
            ],
            [
              -111.747098573033,
              40.2890641678244
            ],
            [
              -111.747096294761,
              40.288757343073
            ],
            [
              -111.747096328874,
              40.2887573448021
            ],
            [
              -111.747096349947,
              40.2887573177383
            ],
            [
              -111.747094432652,
              40.2884993668506
            ],
            [
              -111.74709253184,
              40.2882414168079
            ],
            [
              -111.74709063334,
              40.2879834518791
            ],
            [
              -111.747088734855,
              40.2877254869295
            ],
            [
              -111.747086969109,
              40.2874847536557
            ],
            [
              -111.747373685211,
              40.2874668580395
            ],
            [
              -111.747592744501,
              40.2874533895119
            ],
            [
              -111.747946389908,
              40.2874316471527
            ],
            [
              -111.748285746584,
              40.2874107807006
            ],
            [
              -111.748285762964,
              40.2874107572491
            ],
            [
              -111.748625101793,
              40.2873898898483
            ],
            [
              -111.748964448654,
              40.2873690232453
            ],
            [
              -111.749303794135,
              40.2873481565593
            ],
            [
              -111.749643139406,
              40.2873272879866
            ],
            [
              -111.749982470358,
              40.287306418458
            ],
            [
              -111.750170120373,
              40.2872948784442
            ],
            [
              -111.750307564383,
              40.2872864214554
            ],
            [
              -111.750629041409,
              40.2872666411584
            ],
            [
              -111.750950534748,
              40.2872468689475
            ],
            [
              -111.751272020832,
              40.2872270922642
            ],
            [
              -111.751593511441,
              40.287207316487
            ],
            [
              -111.751914998266,
              40.287187520919
            ],
            [
              -111.751914981887,
              40.287187544371
            ],
            [
              -111.752236489696,
              40.2871677478723
            ],
            [
              -111.752499359909,
              40.2871515636532
            ],
            [
              -111.752601794905,
              40.2871452565221
            ],
            [
              -111.752957650004,
              40.2871233654098
            ],
            [
              -111.752957666555,
              40.2871233887906
            ],
            [
              -111.75347287572,
              40.2870916761213
            ],
            [
              -111.753472936865,
              40.2870916732867
            ],
            [
              -111.7541088946,
              40.2870525301936
            ],
            [
              -111.754108922765,
              40.2870525139207
            ],
            [
              -111.754567436119,
              40.2870242971631
            ],
            [
              -111.754746036745,
              40.2870132918888
            ],
            [
              -111.75481489744,
              40.2870090666316
            ],
            [
              -111.754814934419,
              40.2870090596579
            ],
            [
              -111.755161698322,
              40.2869872890656
            ],
            [
              -111.755113762992,
              40.2867091205907
            ],
            [
              -111.755113812319,
              40.2867091024701
            ],
            [
              -111.755124688385,
              40.2867722047196
            ],
            [
              -111.755145204853,
              40.2868912346946
            ],
            [
              -111.755161751044,
              40.2869872349119
            ],
            [
              -111.755718067407,
              40.2869522936903
            ],
            [
              -111.756886643013,
              40.2868799494027
            ],
            [
              -111.758215623233,
              40.2886310514255
            ],
            [
              -111.759053442357,
              40.2897349327609
            ],
            [
              -111.759080850195,
              40.2897796032255
            ],
            [
              -111.75988915997,
              40.2907930085374
            ],
            [
              -111.760057441178,
              40.2910227973252
            ],
            [
              -111.760030760106,
              40.2910654561467
            ],
            [
              -111.760009795842,
              40.2910655694629
            ],
            [
              -111.760283226667,
              40.2914092809405
            ],
            [
              -111.760282904974,
              40.2914094311637
            ],
            [
              -111.760282962279,
              40.2914094999351
            ],
            [
              -111.76050668509,
              40.2916907149148
            ],
            [
              -111.760506705204,
              40.2916907463924
            ],
            [
              -111.760702444111,
              40.2919368114806
            ],
            [
              -111.760702472462,
              40.2919368438403
            ],
            [
              -111.760898223293,
              40.2921828905452
            ],
            [
              -111.760898251665,
              40.2921829283087
            ],
            [
              -111.761093975743,
              40.2924289927423
            ],
            [
              -111.761094007616,
              40.2924290232929
            ],
            [
              -111.761258793717,
              40.292636158845
            ],
            [
              -111.761258809099,
              40.2926361831278
            ],
            [
              -111.761285361722,
              40.2926998665763
            ],
            [
              -111.76141686545,
              40.2930153945725
            ],
            [
              -111.761546697722,
              40.2933268813585
            ],
            [
              -111.761647569333,
              40.2935689214223
            ],
            [
              -111.761653418192,
              40.2936313425133
            ],
            [
              -111.761653438273,
              40.2936313649844
            ],
            [
              -111.761654512216,
              40.293642779096
            ],
            [
              -111.76175048678,
              40.293876753076
            ],
            [
              -111.761786148239,
              40.2939636894219
            ],
            [
              -111.761786209431,
              40.2939636973905
            ],
            [
              -111.761786375297,
              40.2939637033233
            ],
            [
              -111.761802797402,
              40.2940037423084
            ],
            [
              -111.761839447265,
              40.294042139115
            ],
            [
              -111.761850005289,
              40.2942527085505
            ],
            [
              -111.761854012406,
              40.2943372633771
            ],
            [
              -111.761868765007,
              40.2946312406753
            ],
            [
              -111.761868790102,
              40.2946319593298
            ],
            [
              -111.761883054617,
              40.2949160702816
            ],
            [
              -111.761885550252,
              40.2949658304508
            ],
            [
              -111.761872735482,
              40.2950202803517
            ],
            [
              -111.761844654376,
              40.2951109548879
            ],
            [
              -111.761820413458,
              40.2951893045562
            ],
            [
              -111.761801874744,
              40.2952491873257
            ],
            [
              -111.761751451856,
              40.2954120297411
            ],
            [
              -111.761741355575,
              40.2955087612709
            ],
            [
              -111.761706661857,
              40.2958411903992
            ],
            [
              -111.761705413692,
              40.295853144685
            ],
            [
              -111.761747540165,
              40.2961750884336
            ],
            [
              -111.761756726208,
              40.2962454870625
            ],
            [
              -111.761759209074,
              40.2964673369532
            ],
            [
              -111.761760685612,
              40.2965982271937
            ],
            [
              -111.761763008382,
              40.296803726309
            ],
            [
              -111.761763054757,
              40.2968066271648
            ],
            [
              -111.761772589343,
              40.2969463391102
            ],
            [
              -111.761782289354,
              40.2970890065766
            ],
            [
              -111.761803030066,
              40.297393480221
            ],
            [
              -111.761806214548,
              40.297440195099
            ],
            [
              -111.76185166489,
              40.2976675604824
            ],
            [
              -111.761853162561,
              40.2976750225239
            ],
            [
              -111.761864876362,
              40.2979419114996
            ],
            [
              -111.761875434601,
              40.2981821981637
            ],
            [
              -111.761871111112,
              40.2982163083033
            ],
            [
              -111.761836167128,
              40.2984910099394
            ],
            [
              -111.761828441778,
              40.2985517195154
            ],
            [
              -111.761710277385,
              40.2988102848497
            ],
            [
              -111.761715330151,
              40.2988963385827
            ],
            [
              -111.76173054707,
              40.2991553525404
            ],
            [
              -111.761665758791,
              40.2993237505141
            ],
            [
              -111.761656031251,
              40.2993490775498
            ],
            [
              -111.761575519968,
              40.2994693247058
            ],
            [
              -111.761540578943,
              40.2995215093911
            ],
            [
              -111.761621266706,
              40.2995213269148
            ],
            [
              -111.761621277186,
              40.2995212989715
            ],
            [
              -111.761648164529,
              40.2995218664985
            ],
            [
              -111.761698299729,
              40.2995217541967
            ],
            [
              -111.761749704424,
              40.2997469995404
            ],
            [
              -111.761749745587,
              40.299746997647
            ],
            [
              -111.761796220852,
              40.3000264193044
            ],
            [
              -111.761796211686,
              40.3000264832702
            ],
            [
              -111.761779312759,
              40.3001959663744
            ],
            [
              -111.761770208208,
              40.3002870539378
            ],
            [
              -111.761745922423,
              40.3005306711645
            ],
            [
              -111.761718552532,
              40.3008051583513
            ],
            [
              -111.761691179478,
              40.301079644614
            ],
            [
              -111.761671308268,
              40.3012788873368
            ],
            [
              -111.761663812206,
              40.3013541623553
            ],
            [
              -111.761662307666,
              40.3013692397065
            ],
            [
              -111.761714385841,
              40.3016284825178
            ],
            [
              -111.761714352935,
              40.3016284906973
            ],
            [
              -111.761758214604,
              40.3018467332165
            ],
            [
              -111.761776683217,
              40.3019385181859
            ],
            [
              -111.761824603637,
              40.3021770708579
            ],
            [
              -111.761824621485,
              40.3021771239556
            ],
            [
              -111.761824590853,
              40.3021771114153
            ],
            [
              -111.761824566219,
              40.3021771294833
            ],
            [
              -111.761840405368,
              40.3023567631453
            ],
            [
              -111.76184879593,
              40.3024514590224
            ],
            [
              -111.761848799649,
              40.3024515085492
            ],
            [
              -111.761845609318,
              40.3027259049249
            ],
            [
              -111.761845615338,
              40.302725940937
            ],
            [
              -111.761845631896,
              40.3027259643164
            ],
            [
              -111.761897637766,
              40.3029230946193
            ],
            [
              -111.761917944537,
              40.3030001761074
            ],
            [
              -111.76191880367,
              40.3032746291058
            ],
            [
              -111.760953994585,
              40.3032767845777
            ],
            [
              -111.760846460669,
              40.3032770247263
            ],
            [
              -111.760155905725,
              40.3032785627384
            ],
            [
              -111.760063645402,
              40.3032787690539
            ],
            [
              -111.759933014042,
              40.3032790579747
            ],
            [
              -111.759932963456,
              40.3032790571867
            ],
            [
              -111.759256582528,
              40.3034313484871
            ],
            [
              -111.759448182028,
              40.3030050260333
            ],
            [
              -111.75944240377,
              40.301477658813
            ],
            [
              -111.759442442578,
              40.3014776560249
            ],
            [
              -111.759441851914,
              40.3013229862513
            ],
            [
              -111.759440312568,
              40.300921003325
            ],
            [
              -111.759414093864,
              40.2999863069921
            ]
          ]
        ]
      },
      "properties": {
        "city_name": "Vineyard",
        "city_slug": "vineyard",
        "confidence": "rest_api",
        "extraction_date": "2026-05-16",
        "extraction_method": "arcgis_rest",
        "future_layer_type": "flu",
        "gp_zone_code": "Low Density",
        "gp_zone_description": "Low Density",
        "jurisdiction": "Vineyard City",
        "source_rest_url": "https://services.arcgis.com/QdlehUncXjEmQYtI/arcgis/rest/services/Vineyard_Future_Land_Use_View/FeatureServer/0",
        "acreage": 238.10736795320193
      }
    },
    {
      "type": "Feature",
      "geometry": {
        "type": "Polygon",
        "coordinates": [
          [
            [
              -111.749420240975,
              40.2970145942238
            ],
            [
              -111.74837187579,
              40.2969987575338
            ],
            [
              -111.748371671706,
              40.2969817277841
            ],
            [
              -111.748371501369,
              40.2969675169628
            ],
            [
              -111.748367190645,
              40.2966075460845
            ],
            [
              -111.748367080398,
              40.2963776716773
            ],
            [
              -111.748989217835,
              40.2963714135472
            ],
            [
              -111.749887864201,
              40.2963598812033
            ],
            [
              -111.750331074361,
              40.2970274740121
            ],
            [
              -111.750291703027,
              40.2970277511137
            ],
            [
              -111.750030562922,
              40.2970238089538
            ],
            [
              -111.749420240975,
              40.2970145942238
            ]
          ]
        ]
      },
      "properties": {
        "city_name": "Vineyard",
        "city_slug": "vineyard",
        "confidence": "rest_api",
        "extraction_date": "2026-05-16",
        "extraction_method": "arcgis_rest",
        "future_layer_type": "flu",
        "gp_zone_code": "Low Density",
        "gp_zone_description": "Low Density",
        "jurisdiction": "Vineyard City",
        "source_rest_url": "https://services.arcgis.com/QdlehUncXjEmQYtI/arcgis/rest/services/Vineyard_Future_Land_Use_View/FeatureServer/0",
        "acreage": 2.614034670956026
      }
    },
    {
      "type": "Feature",
      "geometry": {
        "type": "Polygon",
        "coordinates": [
          [
            [
              -111.735736909523,
              40.3120680835422
            ],
            [
              -111.73513100388,
              40.3122297893698
            ],
            [
              -111.735101113599,
              40.3120653018177
            ],
            [
              -111.735282796127,
              40.3120660970244
            ],
            [
              -111.733838134043,
              40.3044367017338
            ],
            [
              -111.733837053262,
              40.3042390465948
            ],
            [
              -111.734032727431,
              40.3039003198169
            ],
            [
              -111.733974215545,
              40.2913716634258
            ],
            [
              -111.735559315488,
              40.2934426361195
            ],
            [
              -111.736714011956,
              40.2949514524457
            ],
            [
              -111.736897070483,
              40.2949500158857
            ],
            [
              -111.736922614009,
              40.2949836380828
            ],
            [
              -111.73692262028,
              40.2949840910916
            ],
            [
              -111.736937259665,
              40.2950032234001
            ],
            [
              -111.736935947989,
              40.2950038438992
            ],
            [
              -111.737903631617,
              40.2962707983727
            ],
            [
              -111.737904409186,
              40.2962711606472
            ],
            [
              -111.738528470751,
              40.2970882868347
            ],
            [
              -111.738459904651,
              40.2971529855065
            ],
            [
              -111.73887460809,
              40.2976996193487
            ],
            [
              -111.738974707902,
              40.2976549789081
            ],
            [
              -111.738974733892,
              40.2976550112779
            ],
            [
              -111.739172176129,
              40.2980245138598
            ],
            [
              -111.739172193852,
              40.2980245363395
            ],
            [
              -111.739262209797,
              40.2981431651346
            ],
            [
              -111.739352247337,
              40.2982618253347
            ],
            [
              -111.739442239319,
              40.2983804864556
            ],
            [
              -111.739532260971,
              40.298499133933
            ],
            [
              -111.739595379952,
              40.2985823243481
            ],
            [
              -111.73964528155,
              40.2986480937763
            ],
            [
              -111.739712305214,
              40.298736429567
            ],
            [
              -111.739802327799,
              40.2988550759223
            ],
            [
              -111.739892355427,
              40.2989737293993
            ],
            [
              -111.739982373965,
              40.2990923855236
            ],
            [
              -111.740072397536,
              40.2992110460676
            ],
            [
              -111.740162422552,
              40.2993296939266
            ],
            [
              -111.740252446699,
              40.2994483408136
            ],
            [
              -111.740342471165,
              40.299566989428
            ],
            [
              -111.740370215118,
              40.2996035450844
            ],
            [
              -111.740393105978,
              40.2996338008503
            ],
            [
              -111.743923222091,
              40.3042760414667
            ],
            [
              -111.743946158117,
              40.3043062081416
            ],
            [
              -111.744008346673,
              40.3043451442939
            ],
            [
              -111.744002490913,
              40.3043451997547
            ],
            [
              -111.744002549959,
              40.3043452635766
            ],
            [
              -111.743577452521,
              40.3043493929376
            ],
            [
              -111.743426237886,
              40.3043511446262
            ],
            [
              -111.745118374413,
              40.3065747780915
            ],
            [
              -111.743425409758,
              40.3043511544575
            ],
            [
              -111.739045424438,
              40.3043932690567
            ],
            [
              -111.739045420051,
              40.3043930231919
            ],
            [
              -111.73877403867,
              40.3043956280068
            ],
            [
              -111.738820173112,
              40.3072110722108
            ],
            [
              -111.738826493733,
              40.3073347868431
            ],
            [
              -111.738841379574,
              40.3074580714698
            ],
            [
              -111.738864798885,
              40.3075805803082
            ],
            [
              -111.738896654012,
              40.3077019596034
            ],
            [
              -111.738936885024,
              40.3078218789378
            ],
            [
              -111.738985373107,
              40.3079399909009
            ],
            [
              -111.739041977163,
              40.3080559688404
            ],
            [
              -111.739106539617,
              40.3081694843355
            ],
            [
              -111.739178878214,
              40.3082802180207
            ],
            [
              -111.739258789547,
              40.308387857778
            ],
            [
              -111.739346046701,
              40.3084920996422
            ],
            [
              -111.739440407498,
              40.3085926495856
            ],
            [
              -111.739541602742,
              40.3086892262447
            ],
            [
              -111.739649349141,
              40.3087815563899
            ],
            [
              -111.739763343443,
              40.3088693794414
            ],
            [
              -111.739883262441,
              40.3089524492708
            ],
            [
              -111.740008771196,
              40.3090305305819
            ],
            [
              -111.740919083787,
              40.3095667659399
            ],
            [
              -111.741049441342,
              40.3096480414851
            ],
            [
              -111.741049469631,
              40.3096480567375
            ],
            [
              -111.74117377947,
              40.3097347205112
            ],
            [
              -111.741291667722,
              40.3098265058155
            ],
            [
              -111.741402763975,
              40.3099231279336
            ],
            [
              -111.741506729547,
              40.310024294878
            ],
            [
              -111.741603249217,
              40.3101296966
            ],
            [
              -111.741692028899,
              40.3102390130998
            ],
            [
              -111.741772797981,
              40.3103519108191
            ],
            [
              -111.741845310526,
              40.3104680489422
            ],
            [
              -111.74190934524,
              40.3105870703904
            ],
            [
              -111.741964709046,
              40.3107086144224
            ],
            [
              -111.742011231185,
              40.3108323112428
            ],
            [
              -111.742048770281,
              40.3109577846894
            ],
            [
              -111.742077213167,
              40.3110846513346
            ],
            [
              -111.742128093712,
              40.3113564709728
            ],
            [
              -111.742284820884,
              40.3122256439971
            ],
            [
              -111.742284909611,
              40.312226114845
            ],
            [
              -111.742029035948,
              40.3122541838499
            ],
            [
              -111.74202844387,
              40.3122537671819
            ],
            [
              -111.742026545731,
              40.3122539755578
            ],
            [
              -111.741726147705,
              40.3120426105623
            ],
            [
              -111.741235105436,
              40.3120630989376
            ],
            [
              -111.740741596606,
              40.3120771354829
            ],
            [
              -111.740247843448,
              40.3120846309384
            ],
            [
              -111.739753995511,
              40.3120855831933
            ],
            [
              -111.735736909523,
              40.3120680835422
            ]
          ]
        ]
      },
      "properties": {
        "city_name": "Vineyard",
        "city_slug": "vineyard",
        "confidence": "rest_api",
        "extraction_date": "2026-05-16",
        "extraction_method": "arcgis_rest",
        "future_layer_type": "flu",
        "gp_zone_code": "Residential Mixed Use",
        "gp_zone_description": "Residential Mixed Use",
        "jurisdiction": "Vineyard City",
        "source_rest_url": "https://services.arcgis.com/QdlehUncXjEmQYtI/arcgis/rest/services/Vineyard_Future_Land_Use_View/FeatureServer/0",
        "acreage": 250.67314581536505
      }
    },
    {
      "type": "Feature",
      "geometry": {
        "type": "Polygon",
        "coordinates": [
          [
            [
              -111.754445047611,
              40.3334481802873
            ],
            [
              -111.753536095582,
              40.3334585503013
            ],
            [
              -111.753485237873,
              40.331030453937
            ],
            [
              -111.753490700714,
              40.3310304573994
            ],
            [
              -111.753461208689,
              40.3296092566963
            ],
            [
              -111.753461252104,
              40.3296092223781
            ],
            [
              -111.753486924683,
              40.3308456113998
            ],
            [
              -111.75346137212,
              40.3296085817701
            ],
            [
              -111.753461197281,
              40.3296087181444
            ],
            [
              -111.753364730411,
              40.3296841497149
            ],
            [
              -111.753364745259,
              40.3296846639423
            ],
            [
              -111.753371276723,
              40.3299991604958
            ],
            [
              -111.753371292548,
              40.3299996206833
            ],
            [
              -111.753345748084,
              40.3300318762723
            ],
            [
              -111.753314564811,
              40.3300610837376
            ],
            [
              -111.75325728519,
              40.3301076353328
            ],
            [
              -111.753223832388,
              40.3301385985149
            ],
            [
              -111.753195837028,
              40.3301725867873
            ],
            [
              -111.753173764238,
              40.3302090398551
            ],
            [
              -111.753157974259,
              40.3302473562215
            ],
            [
              -111.753148728375,
              40.3302869057829
            ],
            [
              -111.753146187342,
              40.3303269226573
            ],
            [
              -111.753146185405,
              40.3303270352402
            ],
            [
              -111.753154338626,
              40.3307194569935
            ],
            [
              -111.753080053442,
              40.3307775139396
            ],
            [
              -111.750194611551,
              40.3307886700321
            ],
            [
              -111.750193970076,
              40.3307892847339
            ],
            [
              -111.750193892406,
              40.3307892849002
            ],
            [
              -111.750194530364,
              40.3307886738084
            ],
            [
              -111.750782670443,
              40.3302254943469
            ],
            [
              -111.750781851959,
              40.330002082325
            ],
            [
              -111.750681083041,
              40.3296312507915
            ],
            [
              -111.750680974776,
              40.3296312510237
            ],
            [
              -111.75068096166,
              40.3296312042191
            ],
            [
              -111.750430202365,
              40.3296317382053
            ],
            [
              -111.7502973106,
              40.3298238236865
            ],
            [
              -111.750031728423,
              40.3299670005605
            ],
            [
              -111.749857821356,
              40.3299858191749
            ],
            [
              -111.749522856557,
              40.3299450175803
            ],
            [
              -111.74940560389,
              40.3299307316938
            ],
            [
              -111.749057694862,
              40.3298249453406
            ],
            [
              -111.749057624176,
              40.3298249238761
            ],
            [
              -111.74865167247,
              40.3294900137108
            ],
            [
              -111.748512504535,
              40.3291708311246
            ],
            [
              -111.748638403777,
              40.3288856959289
            ],
            [
              -111.748482571414,
              40.3288488565559
            ],
            [
              -111.748241575482,
              40.32891467517
            ],
            [
              -111.747824930504,
              40.3294642852114
            ],
            [
              -111.747672831648,
              40.3295674154137
            ],
            [
              -111.747568698324,
              40.3296700844676
            ],
            [
              -111.7472279294,
              40.3296900162463
            ],
            [
              -111.746894942623,
              40.3296492993055
            ],
            [
              -111.746894756368,
              40.3296492105367
            ],
            [
              -111.746807900718,
              40.329608578355
            ],
            [
              -111.746499374381,
              40.3296119746058
            ],
            [
              -111.746345011979,
              40.3296606584813
            ],
            [
              -111.746345386399,
              40.3297647011232
            ],
            [
              -111.746246536813,
              40.3297662324629
            ],
            [
              -111.743783760235,
              40.3297895467953
            ],
            [
              -111.743730745073,
              40.3297442350195
            ],
            [
              -111.743698230275,
              40.3297165508253
            ],
            [
              -111.743698019636,
              40.3297165530658
            ],
            [
              -111.743697833134,
              40.3297163940433
            ],
            [
              -111.743670552708,
              40.3296953005408
            ],
            [
              -111.743643416943,
              40.3296758314659
            ],
            [
              -111.74361236772,
              40.3296601603911
            ],
            [
              -111.743578298654,
              40.3296487375669
            ],
            [
              -111.74354219473,
              40.3296418950717
            ],
            [
              -111.743505098108,
              40.3296398288706
            ],
            [
              -111.743468079882,
              40.3296425988752
            ],
            [
              -111.743401197055,
              40.3296520687081
            ],
            [
              -111.743069432649,
              40.3296990434293
            ],
            [
              -111.742900794449,
              40.3296993850328
            ],
            [
              -111.741678333278,
              40.3297019103273
            ],
            [
              -111.741678249824,
              40.3297019384195
            ],
            [
              -111.741482605385,
              40.3297023428255
            ],
            [
              -111.741436156644,
              40.3297045867903
            ],
            [
              -111.741433580731,
              40.3297049514627
            ],
            [
              -111.741390393628,
              40.3297110703844
            ],
            [
              -111.74134597383,
              40.3297216994859
            ],
            [
              -111.741179224656,
              40.329770227385
            ],
            [
              -111.741179222949,
              40.3297697428499
            ],
            [
              -111.741176720099,
              40.3297704712202
            ],
            [
              -111.741176246333,
              40.3297706090935
            ],
            [
              -111.741176246793,
              40.3297707396839
            ],
            [
              -111.741091397914,
              40.3297954325806
            ],
            [
              -111.741092061547,
              40.3297954086959
            ],
            [
              -111.741091688868,
              40.329795513037
            ],
            [
              -111.740526955391,
              40.3298155466263
            ],
            [
              -111.739331992428,
              40.3298371219473
            ],
            [
              -111.739493661217,
              40.3299152860209
            ],
            [
              -111.739500951312,
              40.329915222448
            ],
            [
              -111.739542114949,
              40.329933415458
            ],
            [
              -111.7391945018,
              40.32993553239
            ],
            [
              -111.739112717348,
              40.3262802251033
            ],
            [
              -111.739103771938,
              40.3262802821326
            ],
            [
              -111.737976645891,
              40.3262879288925
            ],
            [
              -111.737960310689,
              40.3262017078844
            ],
            [
              -111.738830332916,
              40.3261959136133
            ],
            [
              -111.739196376302,
              40.3261958881921
            ],
            [
              -111.743886050685,
              40.3261645299175
            ],
            [
              -111.743917033374,
              40.3261606339738
            ],
            [
              -111.74394705297,
              40.3261542822114
            ],
            [
              -111.74397518183,
              40.3261440508695
            ],
            [
              -111.744000573798,
              40.3261302488312
            ],
            [
              -111.744022461938,
              40.3261132910889
            ],
            [
              -111.74404018557,
              40.3260936896818
            ],
            [
              -111.744053209038,
              40.3260720374447
            ],
            [
              -111.744061113754,
              40.3260490863791
            ],
            [
              -111.744061136932,
              40.3260489863607
            ],
            [
              -111.744063615672,
              40.326026359145
            ],
            [
              -111.744060590421,
              40.3260264005875
            ],
            [
              -111.744058745063,
              40.3255959246034
            ],
            [
              -111.743899836547,
              40.3255962005175
            ],
            [
              -111.74310554323,
              40.325597855524
            ],
            [
              -111.743105531068,
              40.3255967504755
            ],
            [
              -111.743105529501,
              40.3255966406018
            ],
            [
              -111.741615042728,
              40.3255997316414
            ],
            [
              -111.741615046583,
              40.3255994902644
            ],
            [
              -111.739962107037,
              40.3256028959752
            ],
            [
              -111.739962103768,
              40.325602634799
            ],
            [
              -111.739956587793,
              40.3251183571977
            ],
            [
              -111.739953781326,
              40.3251183629601
            ],
            [
              -111.739953181201,
              40.3251183641923
            ],
            [
              -111.738826582899,
              40.3251206719643
            ],
            [
              -111.738826582925,
              40.3251223660506
            ],
            [
              -111.737937516459,
              40.3251241966967
            ],
            [
              -111.737939619831,
              40.3251223281086
            ],
            [
              -111.738821055229,
              40.3243396300894
            ],
            [
              -111.739004570316,
              40.3240396483075
            ],
            [
              -111.739066203428,
              40.3237915352767
            ],
            [
              -111.739043095955,
              40.323499528579
            ],
            [
              -111.739233627611,
              40.3234792680605
            ],
            [
              -111.739200586872,
              40.3232899176374
            ],
            [
              -111.739128692481,
              40.322918110349
            ],
            [
              -111.738507668107,
              40.3211554078384
            ],
            [
              -111.738366716652,
              40.320755322224
            ],
            [
              -111.738335649705,
              40.3206671398683
            ],
            [
              -111.740450585952,
              40.3204246512528
            ],
            [
              -111.743483497689,
              40.3200990439126
            ],
            [
              -111.743483490482,
              40.3200990024985
            ],
            [
              -111.743330192524,
              40.3179621098459
            ],
            [
              -111.751704413094,
              40.3179059252095
            ],
            [
              -111.75295684744,
              40.3178974710479
            ],
            [
              -111.753250974949,
              40.317895484811
            ],
            [
              -111.753456478392,
              40.3178940953818
            ],
            [
              -111.754056185497,
              40.3187786674776
            ],
            [
              -111.754109663992,
              40.3189118493757
            ],
            [
              -111.754160194053,
              40.3190256884599
            ],
            [
              -111.754218436007,
              40.3191373483217
            ],
            [
              -111.754237668055,
              40.3191712954642
            ],
            [
              -111.754934612423,
              40.3200706655864
            ],
            [
              -111.756166235142,
              40.321887146029
            ],
            [
              -111.756223566735,
              40.321978832578
            ],
            [
              -111.756273038794,
              40.3220731634766
            ],
            [
              -111.756273263139,
              40.3220736853512
            ],
            [
              -111.756624643061,
              40.3225626545194
            ],
            [
              -111.759031492288,
              40.3261120224596
            ],
            [
              -111.759031684092,
              40.3261120211338
            ],
            [
              -111.759058764981,
              40.3261519626316
            ],
            [
              -111.759415237039,
              40.3261492238255
            ],
            [
              -111.759527281617,
              40.3262491315284
            ],
            [
              -111.761473958475,
              40.3291196502109
            ],
            [
              -111.76165632238,
              40.3293815695143
            ],
            [
              -111.761843383054,
              40.3296397782032
            ],
            [
              -111.761671838308,
              40.3297149327159
            ],
            [
              -111.761987594425,
              40.3301579044651
            ],
            [
              -111.762573760226,
              40.3308311706606
            ],
            [
              -111.762680912327,
              40.330969475548
            ],
            [
              -111.762801141827,
              40.3311191357864
            ],
            [
              -111.762925469961,
              40.3312670574659
            ],
            [
              -111.763052491987,
              40.3314133392021
            ],
            [
              -111.763183493816,
              40.3315578826241
            ],
            [
              -111.763453206237,
              40.3318411524816
            ],
            [
              -111.760115550789,
              40.3330566656518
            ],
            [
              -111.76011368294,
              40.333383350444
            ],
            [
              -111.754445047611,
              40.3334481802873
            ]
          ]
        ]
      },
      "properties": {
        "city_name": "Vineyard",
        "city_slug": "vineyard",
        "confidence": "rest_api",
        "extraction_date": "2026-05-16",
        "extraction_method": "arcgis_rest",
        "future_layer_type": "flu",
        "gp_zone_code": "Vineyard Commerce Center",
        "gp_zone_description": "Vineyard Commerce Center",
        "jurisdiction": "Vineyard City",
        "source_rest_url": "https://services.arcgis.com/QdlehUncXjEmQYtI/arcgis/rest/services/Vineyard_Future_Land_Use_View/FeatureServer/0",
        "acreage": 559.8437757454465
      }
    },
    {
      "type": "Feature",
      "geometry": {
        "type": "Polygon",
        "coordinates": [
          [
            [
              -111.755610844059,
              40.3040246171225
            ],
            [
              -111.755610271795,
              40.3039674261074
            ],
            [
              -111.755609680009,
              40.3039626783419
            ],
            [
              -111.755608024176,
              40.3039580806089
            ],
            [
              -111.755605355401,
              40.3039537723954
            ],
            [
              -111.7556017518,
              40.3039498814209
            ],
            [
              -111.755597324398,
              40.3039465272271
            ],
            [
              -111.755592205322,
              40.3039438103963
            ],
            [
              -111.755586548977,
              40.303941811648
            ],
            [
              -111.755580527342,
              40.3039405927498
            ],
            [
              -111.755574872382,
              40.3039402259526
            ],
            [
              -111.755574320536,
              40.3039401902337
            ],
            [
              -111.755355950803,
              40.3039406371191
            ],
            [
              -111.755209206134,
              40.3039442351939
            ],
            [
              -111.755062972457,
              40.3039542751278
            ],
            [
              -111.754917733095,
              40.3039707243454
            ],
            [
              -111.754773965409,
              40.3039935286717
            ],
            [
              -111.75397467006,
              40.3041391476113
            ],
            [
              -111.753969266191,
              40.3041405103146
            ],
            [
              -111.753964234182,
              40.3041425422833
            ],
            [
              -111.753959713809,
              40.3041451864734
            ],
            [
              -111.753955830672,
              40.3041483696606
            ],
            [
              -111.75395269384,
              40.3041520024445
            ],
            [
              -111.753950388817,
              40.3041559846687
            ],
            [
              -111.753948982244,
              40.30416020541
            ],
            [
              -111.753948511325,
              40.3041645457035
            ],
            [
              -111.753948999138,
              40.3041688848136
            ],
            [
              -111.753949011179,
              40.3041689595403
            ],
            [
              -111.753978145035,
              40.3043161332687
            ],
            [
              -111.753978158249,
              40.3043162070923
            ],
            [
              -111.754000875237,
              40.3044640432168
            ],
            [
              -111.754002827037,
              40.3044907383594
            ],
            [
              -111.754002039199,
              40.3045174682785
            ],
            [
              -111.753983224703,
              40.3047367377455
            ],
            [
              -111.753982731494,
              40.3047582226127
            ],
            [
              -111.753982847595,
              40.3047632001809
            ],
            [
              -111.753982847705,
              40.3047632299017
            ],
            [
              -111.753985464031,
              40.3048761613888
            ],
            [
              -111.753985116088,
              40.3049003379431
            ],
            [
              -111.753985342165,
              40.3049140334378
            ],
            [
              -111.75398456216,
              40.3049387549157
            ],
            [
              -111.753983765203,
              40.3049941124962
            ],
            [
              -111.753981357169,
              40.3050404239785
            ],
            [
              -111.753980433031,
              40.3050697381163
            ],
            [
              -111.753978706483,
              40.3050914084917
            ],
            [
              -111.753973813452,
              40.3051528173468
            ],
            [
              -111.75396804706,
              40.3052251996572
            ],
            [
              -111.753964393162,
              40.3052537334713
            ],
            [
              -111.753963637372,
              40.3052618318396
            ],
            [
              -111.753959317079,
              40.305293386937
            ],
            [
              -111.753948199888,
              40.305380207275
            ],
            [
              -111.753944777822,
              40.3053995684978
            ],
            [
              -111.753943176592,
              40.3054112604428
            ],
            [
              -111.75394315906,
              40.3054116081267
            ],
            [
              -111.753943227086,
              40.3054112360158
            ],
            [
              -111.753942998614,
              40.3054159261283
            ],
            [
              -111.753943818157,
              40.3054205770367
            ],
            [
              -111.753945660506,
              40.3054250527995
            ],
            [
              -111.753948471068,
              40.3054292238439
            ],
            [
              -111.753952169392,
              40.3054329669572
            ],
            [
              -111.753956646843,
              40.3054361724979
            ],
            [
              -111.753961772496,
              40.3054387470843
            ],
            [
              -111.753967395495,
              40.3054406153906
            ],
            [
              -111.753973352122,
              40.3054417237347
            ],
            [
              -111.754125644149,
              40.3054596223614
            ],
            [
              -111.754564255178,
              40.3054861675263
            ],
            [
              -111.75565230373,
              40.3055396248578
            ],
            [
              -111.755661096771,
              40.3055395011423
            ],
            [
              -111.755669695244,
              40.3055383078954
            ],
            [
              -111.755669748114,
              40.305538289767
            ],
            [
              -111.755677967307,
              40.3055360219891
            ],
            [
              -111.755678020177,
              40.3055360038607
            ],
            [
              -111.755685646294,
              40.3055327439777
            ],
            [
              -111.755685694431,
              40.3055327186546
            ],
            [
              -111.755692525449,
              40.3055285508681
            ],
            [
              -111.75569256886,
              40.3055285201515
            ],
            [
              -111.755698422853,
              40.3055235556381
            ],
            [
              -111.755703167225,
              40.3055178847519
            ],
            [
              -111.755706648599,
              40.3055117023661
            ],
            [
              -111.755708767578,
              40.3055051681112
            ],
            [
              -111.755709469508,
              40.3054984523273
            ],
            [
              -111.755708410939,
              40.3051970123826
            ],
            [
              -111.755705600484,
              40.3043971096478
            ],
            [
              -111.755702690351,
              40.304352743426
            ],
            [
              -111.755694359857,
              40.3043087817447
            ],
            [
              -111.755680682215,
              40.3042656117165
            ],
            [
              -111.755661778844,
              40.3042236140434
            ],
            [
              -111.755639992726,
              40.3041754479061
            ],
            [
              -111.755624158732,
              40.3041259384995
            ],
            [
              -111.755614413738,
              40.304075516031
            ],
            [
              -111.755610844059,
              40.3040246171225
            ]
          ],
          [
            [
              -111.748103479776,
              40.2972591388207
            ],
            [
              -111.748250874081,
              40.2972543026698
            ],
            [
              -111.748282183149,
              40.2975222383537
            ],
            [
              -111.748077413522,
              40.2975362766432
            ],
            [
              -111.7479016086,
              40.2972613209422
            ],
            [
              -111.747955983885,
              40.2972609380466
            ],
            [
              -111.747959691168,
              40.2972608707353
            ],
            [
              -111.748103479776,
              40.2972591388207
            ]
          ],
          [
            [
              -111.747002431523,
              40.3090504129803
            ],
            [
              -111.745118374413,
              40.3065747780915
            ],
            [
              -111.745418596424,
              40.3064207568638
            ],
            [
              -111.745536111148,
              40.3063604690329
            ],
            [
              -111.745538013953,
              40.3063596418523
            ],
            [
              -111.745538151378,
              40.3063595821215
            ],
            [
              -111.745614046298,
              40.3063265998033
            ],
            [
              -111.745876315565,
              40.3062125724672
            ],
            [
              -111.745912216158,
              40.3061969618308
            ],
            [
              -111.745912121584,
              40.3061968332389
            ],
            [
              -111.746021216297,
              40.3061493958044
            ],
            [
              -111.746021312047,
              40.3061495243938
            ],
            [
              -111.74612768985,
              40.3061032688111
            ],
            [
              -111.746258524949,
              40.3060894394309
            ],
            [
              -111.746407663559,
              40.3060736484429
            ],
            [
              -111.746556795136,
              40.3060578833976
            ],
            [
              -111.746705935959,
              40.3060420911232
            ],
            [
              -111.74685506387,
              40.3060263257045
            ],
            [
              -111.747004196395,
              40.3060105537809
            ],
            [
              -111.747153357019,
              40.3059947635946
            ],
            [
              -111.747302482322,
              40.3059789841001
            ],
            [
              -111.747508750284,
              40.3059571589843
            ],
            [
              -111.747483235054,
              40.3044138306697
            ],
            [
              -111.747483598364,
              40.3044137785638
            ],
            [
              -111.747483580562,
              40.3044137353709
            ],
            [
              -111.747483092931,
              40.3044096592206
            ],
            [
              -111.747481781056,
              40.3044056910915
            ],
            [
              -111.747479720901,
              40.3044020181551
            ],
            [
              -111.747479662953,
              40.304401933618
            ],
            [
              -111.747476876859,
              40.304398553125
            ],
            [
              -111.747473347227,
              40.3043954777216
            ],
            [
              -111.747473211634,
              40.3043953915477
            ],
            [
              -111.747026270889,
              40.3043925754723
            ],
            [
              -111.746920165348,
              40.3043937013157
            ],
            [
              -111.746880513729,
              40.3043931123382
            ],
            [
              -111.746794492152,
              40.3043919062053
            ],
            [
              -111.746793019,
              40.3043918120485
            ],
            [
              -111.74679158493,
              40.3043917907607
            ],
            [
              -111.746754801755,
              40.3043893691895
            ],
            [
              -111.746669289503,
              40.3043839036775
            ],
            [
              -111.746665917819,
              40.3043835181187
            ],
            [
              -111.74662398655,
              40.3043787224892
            ],
            [
              -111.746540076042,
              40.3043688719028
            ],
            [
              -111.746493378129,
              40.3043611294944
            ],
            [
              -111.746416078766,
              40.3043479874524
            ],
            [
              -111.746364044733,
              40.3043366077671
            ],
            [
              -111.74630143156,
              40.3043229141104
            ],
            [
              -111.746108991873,
              40.3043248381346
            ],
            [
              -111.745534041275,
              40.3043304195976
            ],
            [
              -111.744002549959,
              40.3043452635766
            ],
            [
              -111.744002490913,
              40.3043451997547
            ],
            [
              -111.744008346673,
              40.3043451442939
            ],
            [
              -111.743946158117,
              40.3043062081416
            ],
            [
              -111.743923222091,
              40.3042760414667
            ],
            [
              -111.740393105978,
              40.2996338008503
            ],
            [
              -111.74054974149,
              40.2996334784192
            ],
            [
              -111.740549955586,
              40.2996334815809
            ],
            [
              -111.740555316964,
              40.2996310991608
            ],
            [
              -111.740698675816,
              40.2996308020673
            ],
            [
              -111.740805192475,
              40.299630582549
            ],
            [
              -111.740806965122,
              40.2996329196534
            ],
            [
              -111.741038723613,
              40.2996324416876
            ],
            [
              -111.741534202443,
              40.299631429105
            ],
            [
              -111.741713424829,
              40.2996310579609
            ],
            [
              -111.741892655386,
              40.2996306694129
            ],
            [
              -111.742174865631,
              40.2996300964226
            ],
            [
              -111.742174899724,
              40.2996300909481
            ],
            [
              -111.742327664108,
              40.2996297795619
            ],
            [
              -111.742455179543,
              40.2996294789526
            ],
            [
              -111.74336871558,
              40.2996275712657
            ],
            [
              -111.743460045251,
              40.2996273656537
            ],
            [
              -111.743459805493,
              40.2995599227648
            ],
            [
              -111.743459281298,
              40.2994078357865
            ],
            [
              -111.743459282369,
              40.2994078060632
            ],
            [
              -111.743458713794,
              40.2992541538609
            ],
            [
              -111.743458709525,
              40.2992541110895
            ],
            [
              -111.743458143458,
              40.2990933875127
            ],
            [
              -111.743458177567,
              40.2990933865411
            ],
            [
              -111.743457656204,
              40.2989467267813
            ],
            [
              -111.743457441875,
              40.2988890827704
            ],
            [
              -111.743457105026,
              40.298801274833
            ],
            [
              -111.743456587965,
              40.2986558237075
            ],
            [
              -111.743456070899,
              40.2985103707741
            ],
            [
              -111.743455564441,
              40.2983649232158
            ],
            [
              -111.743455356595,
              40.2983011602427
            ],
            [
              -111.743455047396,
              40.2982194747723
            ],
            [
              -111.743455081504,
              40.2982194738006
            ],
            [
              -111.743454566811,
              40.2980740244448
            ],
            [
              -111.74345425302,
              40.2979903845924
            ],
            [
              -111.743454060866,
              40.2979376535017
            ],
            [
              -111.743453902007,
              40.297895612021
            ],
            [
              -111.743452433655,
              40.2975983601818
            ],
            [
              -111.743451073946,
              40.297215853617
            ],
            [
              -111.743451073817,
              40.2972158175918
            ],
            [
              -111.743451070546,
              40.2972148971457
            ],
            [
              -111.743451473988,
              40.2972148945036
            ],
            [
              -111.743451469097,
              40.2972141803072
            ],
            [
              -111.743451216145,
              40.2971426899236
            ],
            [
              -111.743450222227,
              40.297142691995
            ],
            [
              -111.743449047519,
              40.2970752897294
            ],
            [
              -111.743450844804,
              40.2970752859838
            ],
            [
              -111.743519009891,
              40.2970748088657
            ],
            [
              -111.743519000376,
              40.29707444863
            ],
            [
              -111.743516330644,
              40.2969729855154
            ],
            [
              -111.743962900279,
              40.2969727715393
            ],
            [
              -111.743962900626,
              40.2969728688077
            ],
            [
              -111.744168401247,
              40.2969727546725
            ],
            [
              -111.744167764677,
              40.2970225108997
            ],
            [
              -111.746538369094,
              40.2970241073649
            ],
            [
              -111.746730920721,
              40.2972688907746
            ],
            [
              -111.74673159663,
              40.2972697503578
            ],
            [
              -111.746786791759,
              40.2972693644737
            ],
            [
              -111.746850855555,
              40.2972689156916
            ],
            [
              -111.746851485306,
              40.2972710011412
            ],
            [
              -111.746851390034,
              40.2972710022431
            ],
            [
              -111.746948526742,
              40.2975923088039
            ],
            [
              -111.746964714226,
              40.2976457788332
            ],
            [
              -111.747018466848,
              40.2978235791693
            ],
            [
              -111.747071331724,
              40.2979984587763
            ],
            [
              -111.747071284752,
              40.2979984804909
            ],
            [
              -111.747123948556,
              40.2981726525884
            ],
            [
              -111.747176561409,
              40.2983466473351
            ],
            [
              -111.747176591923,
              40.2983466283571
            ],
            [
              -111.747229238046,
              40.2985208044794
            ],
            [
              -111.747281876183,
              40.2986949751822
            ],
            [
              -111.747281907903,
              40.2986949643073
            ],
            [
              -111.747334548058,
              40.2988691309201
            ],
            [
              -111.747387182028,
              40.2990433024669
            ],
            [
              -111.747439824497,
              40.2992174730623
            ],
            [
              -111.747492460718,
              40.299391630579
            ],
            [
              -111.747492493621,
              40.2993916215029
            ],
            [
              -111.747545134837,
              40.2995657852807
            ],
            [
              -111.747597769872,
              40.2997399548931
            ],
            [
              -111.747630605349,
              40.2998486017849
            ],
            [
              -111.747650411069,
              40.2999141280623
            ],
            [
              -111.747682130467,
              40.300019050009
            ],
            [
              -111.747703054144,
              40.3000882584145
            ],
            [
              -111.747703110544,
              40.3000882411828
            ],
            [
              -111.747755753408,
              40.300262401674
            ],
            [
              -111.747755712876,
              40.3002624157199
            ],
            [
              -111.747823750027,
              40.3004873858906
            ],
            [
              -111.747823708834,
              40.3004873796735
            ],
            [
              -111.74792701724,
              40.3008291282117
            ],
            [
              -111.747927025576,
              40.3008291561138
            ],
            [
              -111.747947927401,
              40.3009383276107
            ],
            [
              -111.747947962648,
              40.3009383158276
            ],
            [
              -111.748048447713,
              40.3012387336308
            ],
            [
              -111.748048415988,
              40.3012387436051
            ],
            [
              -111.748113594513,
              40.3014335869736
            ],
            [
              -111.748149901951,
              40.301542123168
            ],
            [
              -111.74816701456,
              40.3015932772647
            ],
            [
              -111.748220390644,
              40.3017527775827
            ],
            [
              -111.748220411893,
              40.3017527982523
            ],
            [
              -111.748273759976,
              40.3019122936444
            ],
            [
              -111.748327108363,
              40.3020718043148
            ],
            [
              -111.748327131958,
              40.3020718231781
            ],
            [
              -111.748380462881,
              40.3022313153907
            ],
            [
              -111.74843383182,
              40.3023908417149
            ],
            [
              -111.74848720387,
              40.3025503463852
            ],
            [
              -111.748523763116,
              40.3026597104785
            ],
            [
              -111.748540542126,
              40.3027098709097
            ],
            [
              -111.7485405739,
              40.3027098744446
            ],
            [
              -111.748593927054,
              40.3028693835946
            ],
            [
              -111.748708480761,
              40.3032118367874
            ],
            [
              -111.748708446627,
              40.3032118314563
            ],
            [
              -111.748729257361,
              40.3032740040746
            ],
            [
              -111.748729911481,
              40.3032740233966
            ],
            [
              -111.748772359791,
              40.303400891344
            ],
            [
              -111.748822200927,
              40.3035499019029
            ],
            [
              -111.748825232587,
              40.3037328742965
            ],
            [
              -111.748830164995,
              40.3040310260067
            ],
            [
              -111.748831840638,
              40.3041318478539
            ],
            [
              -111.748831829064,
              40.3041319001155
            ],
            [
              -111.748932371343,
              40.3041308276196
            ],
            [
              -111.750580402552,
              40.3041133139308
            ],
            [
              -111.753426445763,
              40.3040034854049
            ],
            [
              -111.75325910739,
              40.3034682302942
            ],
            [
              -111.753146574408,
              40.3015131881265
            ],
            [
              -111.750813853425,
              40.3015182457808
            ],
            [
              -111.750571755675,
              40.3016022877511
            ],
            [
              -111.75026151081,
              40.3016969964725
            ],
            [
              -111.75008213587,
              40.3017031365713
            ],
            [
              -111.749870124379,
              40.3017103927456
            ],
            [
              -111.749825195182,
              40.3016427969011
            ],
            [
              -111.749749382544,
              40.3014273562207
            ],
            [
              -111.749666590749,
              40.3011920785329
            ],
            [
              -111.749667584139,
              40.3011928833814
            ],
            [
              -111.749565201506,
              40.300986342248
            ],
            [
              -111.749494335012,
              40.3007849457005
            ],
            [
              -111.749423453694,
              40.3005835630897
            ],
            [
              -111.749352593917,
              40.3003821668684
            ],
            [
              -111.749281739271,
              40.3001807732833
            ],
            [
              -111.749234164114,
              40.2999611839203
            ],
            [
              -111.749234192877,
              40.2999611685481
            ],
            [
              -111.749160732647,
              40.2997524177055
            ],
            [
              -111.749160556571,
              40.2997046680403
            ],
            [
              -111.74915906325,
              40.2992935649423
            ],
            [
              -111.749303812336,
              40.2992181374746
            ],
            [
              -111.749482465939,
              40.2992104609017
            ],
            [
              -111.749485887201,
              40.2992103139961
            ],
            [
              -111.74982733045,
              40.2992107749344
            ],
            [
              -111.750096173374,
              40.2992111358958
            ],
            [
              -111.750364996771,
              40.2992114629566
            ],
            [
              -111.750633820225,
              40.2992118042593
            ],
            [
              -111.750633819167,
              40.2992118366846
            ],
            [
              -111.750902630875,
              40.2992121809964
            ],
            [
              -111.751171429623,
              40.2992125184131
            ],
            [
              -111.751171461415,
              40.2992125273511
            ],
            [
              -111.751440291978,
              40.299212878491
            ],
            [
              -111.751709116615,
              40.299213216416
            ],
            [
              -111.75197793889,
              40.299213550125
            ],
            [
              -111.751977939023,
              40.2992135861503
            ],
            [
              -111.752246761313,
              40.2992139228431
            ],
            [
              -111.752515513024,
              40.2992142572687
            ],
            [
              -111.752515583593,
              40.2992142553149
            ],
            [
              -111.752785552829,
              40.2992146090033
            ],
            [
              -111.753075917683,
              40.2992149899359
            ],
            [
              -111.753075589395,
              40.2992168711803
            ],
            [
              -111.753117724848,
              40.2992168546439
            ],
            [
              -111.75311820436,
              40.2992724392142
            ],
            [
              -111.753118206857,
              40.2992740693645
            ],
            [
              -111.753118212188,
              40.299274238673
            ],
            [
              -111.753128584367,
              40.2995405395035
            ],
            [
              -111.753494188449,
              40.2995397260139
            ],
            [
              -111.753494493104,
              40.2995397253528
            ],
            [
              -111.753590999427,
              40.2995395032887
            ],
            [
              -111.755161565974,
              40.2995360023016
            ],
            [
              -111.755395727101,
              40.2995354734917
            ],
            [
              -111.75562755927,
              40.2995349682221
            ],
            [
              -111.755854193429,
              40.2995344621688
            ],
            [
              -111.756076061293,
              40.2995339598194
            ],
            [
              -111.756297930333,
              40.2995334579467
            ],
            [
              -111.756297930441,
              40.2995334867668
            ],
            [
              -111.759401206709,
              40.2995264641498
            ],
            [
              -111.759406372058,
              40.2997110016372
            ],
            [
              -111.759440312568,
              40.300921003325
            ],
            [
              -111.759441851914,
              40.3013229862513
            ],
            [
              -111.759442442578,
              40.3014776560249
            ],
            [
              -111.75944240377,
              40.301477658813
            ],
            [
              -111.759448182028,
              40.3030050260333
            ],
            [
              -111.759256582528,
              40.3034313484871
            ],
            [
              -111.759932963456,
              40.3032790571867
            ],
            [
              -111.759933014042,
              40.3032790579747
            ],
            [
              -111.760063645399,
              40.3032787681532
            ],
            [
              -111.760101501798,
              40.303348839941
            ],
            [
              -111.760146840381,
              40.3034162579875
            ],
            [
              -111.760199347657,
              40.3034805555514
            ],
            [
              -111.760258659619,
              40.3035412849168
            ],
            [
              -111.760324364134,
              40.3035980263942
            ],
            [
              -111.760396006814,
              40.3036503865064
            ],
            [
              -111.76047308985,
              40.3036980015947
            ],
            [
              -111.760555079097,
              40.3037405423056
            ],
            [
              -111.760641407597,
              40.303777714485
            ],
            [
              -111.760731475581,
              40.303809258277
            ],
            [
              -111.76080111304,
              40.3038124901386
            ],
            [
              -111.760844565753,
              40.3038166018069
            ],
            [
              -111.760917773148,
              40.3038240703326
            ],
            [
              -111.76092853278,
              40.3038251675956
            ],
            [
              -111.760966931394,
              40.3038313151394
            ],
            [
              -111.761033271484,
              40.3038419358529
            ],
            [
              -111.761083618351,
              40.3038520816099
            ],
            [
              -111.761147060884,
              40.3038660374903
            ],
            [
              -111.761196813325,
              40.3038788540167
            ],
            [
              -111.761258755443,
              40.3038963517955
            ],
            [
              -111.761282111369,
              40.3039029489689
            ],
            [
              -111.76130669941,
              40.3039115166785
            ],
            [
              -111.761378385706,
              40.3039364958092
            ],
            [
              -111.76139392493,
              40.3039419107994
            ],
            [
              -111.761392988555,
              40.3039419128945
            ],
            [
              -111.761393095754,
              40.3039419522826
            ],
            [
              -111.761079691021,
              40.3039426278664
            ],
            [
              -111.761079687334,
              40.3039425864453
            ],
            [
              -111.760151118982,
              40.3039445840208
            ],
            [
              -111.760151081332,
              40.3039445823033
            ],
            [
              -111.759335436799,
              40.3039463308884
            ],
            [
              -111.759298172327,
              40.3039464090996
            ],
            [
              -111.758962749786,
              40.3039471278707
            ],
            [
              -111.758962428632,
              40.3039471258807
            ],
            [
              -111.758816969241,
              40.3039474410142
            ],
            [
              -111.758813506307,
              40.3039335068194
            ],
            [
              -111.758813298093,
              40.3039335072807
            ],
            [
              -111.758548211976,
              40.3039340645175
            ],
            [
              -111.758542587954,
              40.3039344183054
            ],
            [
              -111.758537105278,
              40.3039354436556
            ],
            [
              -111.758531901485,
              40.3039371150461
            ],
            [
              -111.758527103466,
              40.3039393907667
            ],
            [
              -111.758522832173,
              40.3039422147103
            ],
            [
              -111.758519192036,
              40.3039455163962
            ],
            [
              -111.758516310758,
              40.3039491577443
            ],
            [
              -111.758516273329,
              40.3039492145672
            ],
            [
              -111.75851418842,
              40.3039531603698
            ],
            [
              -111.758514149818,
              40.303953218096
            ],
            [
              -111.758512871705,
              40.303957426
            ],
            [
              -111.758512473864,
              40.3039617274237
            ],
            [
              -111.75831173542,
              40.3039618769318
            ],
            [
              -111.758311734056,
              40.3039618273997
            ],
            [
              -111.758311170503,
              40.3039571291201
            ],
            [
              -111.758311156179,
              40.3039570742129
            ],
            [
              -111.758309524824,
              40.3039524647554
            ],
            [
              -111.758306866422,
              40.303948144872
            ],
            [
              -111.758303268513,
              40.3039442440609
            ],
            [
              -111.758298842117,
              40.3039408800599
            ],
            [
              -111.758293719375,
              40.3039381552497
            ],
            [
              -111.758288058229,
              40.3039361521394
            ],
            [
              -111.758282028302,
              40.3039349306967
            ],
            [
              -111.758275821524,
              40.3039345400324
            ],
            [
              -111.758275735827,
              40.3039345870549
            ],
            [
              -111.758134832275,
              40.3039897652992
            ],
            [
              -111.758134794628,
              40.3039897644816
            ],
            [
              -111.757871332787,
              40.303990304885
            ],
            [
              -111.75760790515,
              40.3039908698365
            ],
            [
              -111.757607870995,
              40.3039908591042
            ],
            [
              -111.757486032664,
              40.3039911231947
            ],
            [
              -111.757485997404,
              40.3039911313781
            ],
            [
              -111.757222534416,
              40.3039916811284
            ],
            [
              -111.756959107871,
              40.3039922248005
            ],
            [
              -111.756959541026,
              40.3041239627646
            ],
            [
              -111.757223002165,
              40.3041234118113
            ],
            [
              -111.757219908892,
              40.3043359005615
            ],
            [
              -111.757175521218,
              40.3043550638703
            ],
            [
              -111.757134085388,
              40.3043893612771
            ],
            [
              -111.757119432203,
              40.3044099496704
            ],
            [
              -111.757104199921,
              40.3044552068877
            ],
            [
              -111.757075242528,
              40.3047071815189
            ],
            [
              -111.757065338812,
              40.3048231765467
            ],
            [
              -111.75706197537,
              40.3049393904438
            ],
            [
              -111.757065164365,
              40.3050556070311
            ],
            [
              -111.757065169209,
              40.3050556439466
            ],
            [
              -111.757074890904,
              40.3051716110887
            ],
            [
              -111.757074894572,
              40.3051716480068
            ],
            [
              -111.757103243189,
              40.3054217249227
            ],
            [
              -111.757103246857,
              40.3054217618408
            ],
            [
              -111.75712162352,
              40.3055496775815
            ],
            [
              -111.757121630717,
              40.3055497144918
            ],
            [
              -111.757148429473,
              40.3056767551819
            ],
            [
              -111.757148437849,
              40.3056767929902
            ],
            [
              -111.757267446773,
              40.3061688532612
            ],
            [
              -111.757267456326,
              40.306168891067
            ],
            [
              -111.757321607742,
              40.3063775438911
            ],
            [
              -111.757321618472,
              40.3063775816942
            ],
            [
              -111.757485633289,
              40.3069690826505
            ],
            [
              -111.757485644018,
              40.3069691204536
            ],
            [
              -111.757508351246,
              40.3070629977828
            ],
            [
              -111.757508363223,
              40.3070630544965
            ],
            [
              -111.757523826952,
              40.3071577727679
            ],
            [
              -111.757523861078,
              40.3071577753946
            ],
            [
              -111.757523845976,
              40.3071578263138
            ],
            [
              -111.757531674812,
              40.3072397241894
            ],
            [
              -111.757534704542,
              40.3073217988085
            ],
            [
              -111.757535157426,
              40.3074368991355
            ],
            [
              -111.757535854592,
              40.3074433479561
            ],
            [
              -111.757537860509,
              40.3074496353799
            ],
            [
              -111.757541128706,
              40.3074556047984
            ],
            [
              -111.75754557746,
              40.3074611095879
            ],
            [
              -111.757551096846,
              40.3074660121933
            ],
            [
              -111.757557553477,
              40.3074701922233
            ],
            [
              -111.75756478226,
              40.3074735455679
            ],
            [
              -111.757572609959,
              40.3074759915514
            ],
            [
              -111.757580842231,
              40.3074774684585
            ],
            [
              -111.75758919424,
              40.3074779381895
            ],
            [
              -111.75757836421,
              40.3076315259594
            ],
            [
              -111.757578326568,
              40.3076315269431
            ],
            [
              -111.757569672433,
              40.3076320575836
            ],
            [
              -111.757561242272,
              40.3076336468779
            ],
            [
              -111.757553255914,
              40.3076362520117
            ],
            [
              -111.75754592134,
              40.3076398076807
            ],
            [
              -111.757539427597,
              40.3076442189015
            ],
            [
              -111.757533944839,
              40.3076493718189
            ],
            [
              -111.75752961609,
              40.3076551337245
            ],
            [
              -111.757526552538,
              40.3076613521656
            ],
            [
              -111.757524835932,
              40.3076678675495
            ],
            [
              -111.757515038535,
              40.3077200747112
            ],
            [
              -111.757502555253,
              40.3077719455492
            ],
            [
              -111.757502665876,
              40.307771956113
            ],
            [
              -111.757502656607,
              40.3077719939602
            ],
            [
              -111.757502617772,
              40.3077719904432
            ],
            [
              -111.757453937383,
              40.3079491312812
            ],
            [
              -111.757453930467,
              40.3079491691232
            ],
            [
              -111.757257519557,
              40.3079175238069
            ],
            [
              -111.757257471726,
              40.3079176310879
            ],
            [
              -111.757256495875,
              40.307917473824
            ],
            [
              -111.757255991185,
              40.3079187259189
            ],
            [
              -111.757255234451,
              40.3079199011141
            ],
            [
              -111.757254243203,
              40.3079209687493
            ],
            [
              -111.757253042051,
              40.3079219035526
            ],
            [
              -111.757251663841,
              40.3079226802337
            ],
            [
              -111.757250141437,
              40.3079232789063
            ],
            [
              -111.757248514788,
              40.3079236859729
            ],
            [
              -111.757246823848,
              40.3079238896373
            ],
            [
              -111.757245837991,
              40.3079238873048
            ],
            [
              -111.757244446797,
              40.3079237129426
            ],
            [
              -111.757119258178,
              40.307898318582
            ],
            [
              -111.756995525615,
              40.3078690409439
            ],
            [
              -111.756833790604,
              40.3078283645098
            ],
            [
              -111.756833777491,
              40.3078283186062
            ],
            [
              -111.756005729051,
              40.3076200625579
            ],
            [
              -111.755912715112,
              40.3075974072845
            ],
            [
              -111.755818770146,
              40.3075771271521
            ],
            [
              -111.755817170938,
              40.3075766920439
            ],
            [
              -111.755815680436,
              40.3075760693653
            ],
            [
              -111.755814338696,
              40.3075752743394
            ],
            [
              -111.755813176383,
              40.3075743276137
            ],
            [
              -111.755812222989,
              40.3075732516397
            ],
            [
              -111.755811503329,
              40.3075720751832
            ],
            [
              -111.755811036328,
              40.3075708261226
            ],
            [
              -111.755810831517,
              40.3075695359593
            ],
            [
              -111.755810894897,
              40.307568237103
            ],
            [
              -111.755811225417,
              40.3075669628797
            ],
            [
              -111.755765769467,
              40.3075587378174
            ],
            [
              -111.755194006216,
              40.3074904256503
            ],
            [
              -111.755135465112,
              40.3074860052912
            ],
            [
              -111.755120261467,
              40.3074848577571
            ],
            [
              -111.755101605192,
              40.3074840708092
            ],
            [
              -111.754978192108,
              40.3074788652442
            ],
            [
              -111.754940856993,
              40.3074778641539
            ],
            [
              -111.754901140562,
              40.3074767988981
            ],
            [
              -111.754901106466,
              40.3074768043764
            ],
            [
              -111.754817723864,
              40.3074767530017
            ],
            [
              -111.754795808745,
              40.3074765549235
            ],
            [
              -111.754788337962,
              40.3074767351316
            ],
            [
              -111.754762624855,
              40.3074767191526
            ],
            [
              -111.754646584801,
              40.3074801504728
            ],
            [
              -111.754633534749,
              40.3074804653179
            ],
            [
              -111.754630962462,
              40.307480612324
            ],
            [
              -111.754624242309,
              40.307480812501
            ],
            [
              -111.754624208193,
              40.3074808125753
            ],
            [
              -111.754472546205,
              40.3074896603224
            ],
            [
              -111.754344596089,
              40.3074991281292
            ],
            [
              -111.754344559634,
              40.3074991318111
            ],
            [
              -111.754290750732,
              40.3075031054641
            ],
            [
              -111.754255385797,
              40.3075039182511
            ],
            [
              -111.754009695363,
              40.3074971043783
            ],
            [
              -111.753977673401,
              40.3074962184184
            ],
            [
              -111.753918122117,
              40.3074975871338
            ],
            [
              -111.753766087714,
              40.3075088286639
            ],
            [
              -111.753766053611,
              40.3075088323405
            ],
            [
              -111.753647111103,
              40.3075176304593
            ],
            [
              -111.753627680744,
              40.3075190650247
            ],
            [
              -111.753622019992,
              40.3075191169412
            ],
            [
              -111.753616425993,
              40.3075184518061
            ],
            [
              -111.753611054098,
              40.3075170863943
            ],
            [
              -111.753606050324,
              40.3075150591162
            ],
            [
              -111.753601554873,
              40.307512425507
            ],
            [
              -111.75359769036,
              40.3075092582521
            ],
            [
              -111.753594564168,
              40.3075056453808
            ],
            [
              -111.753592331211,
              40.307501804511
            ],
            [
              -111.753592262539,
              40.3075016857761
            ],
            [
              -111.753590848232,
              40.3074974891793
            ],
            [
              -111.75317022234,
              40.3075793280678
            ],
            [
              -111.753167263628,
              40.3075818715711
            ],
            [
              -111.753163798719,
              40.3075840063818
            ],
            [
              -111.753163769358,
              40.307584019955
            ],
            [
              -111.75315990272,
              40.3075856828021
            ],
            [
              -111.75315571305,
              40.3075868401915
            ],
            [
              -111.75315132607,
              40.3075874504214
            ],
            [
              -111.753149970024,
              40.3075875506283
            ],
            [
              -111.753149638272,
              40.3075875504466
            ],
            [
              -111.75312070737,
              40.3075896981018
            ],
            [
              -111.753175190119,
              40.3074418018656
            ],
            [
              -111.753178949893,
              40.3073170565019
            ],
            [
              -111.75318187431,
              40.3072899680327
            ],
            [
              -111.75318755245,
              40.3072631248732
            ],
            [
              -111.753245664565,
              40.3070479350846
            ],
            [
              -111.753249913636,
              40.3070272220465
            ],
            [
              -111.753264230193,
              40.3069326458123
            ],
            [
              -111.753282172562,
              40.3068384291726
            ],
            [
              -111.753521280966,
              40.3056467016317
            ],
            [
              -111.75325544673,
              40.3056481148802
            ],
            [
              -111.753100344087,
              40.3056496227249
            ],
            [
              -111.752912047217,
              40.3056514435971
            ],
            [
              -111.752731531931,
              40.3056532027514
            ],
            [
              -111.752549854405,
              40.3056549731454
            ],
            [
              -111.752368175681,
              40.3056567401072
            ],
            [
              -111.752368173464,
              40.3056567770381
            ],
            [
              -111.752186473553,
              40.3056585428624
            ],
            [
              -111.752095404197,
              40.3056594256917
            ],
            [
              -111.752095352416,
              40.3056594203996
            ],
            [
              -111.75200479483,
              40.3056603146629
            ],
            [
              -111.751823112609,
              40.3056620969961
            ],
            [
              -111.751751420062,
              40.3056627936878
            ],
            [
              -111.751649016607,
              40.305663794258
            ],
            [
              -111.751648891914,
              40.3056637954272
            ],
            [
              -111.751660633786,
              40.305766955176
            ],
            [
              -111.751660644552,
              40.3057670037871
            ],
            [
              -111.751660650656,
              40.3057670641166
            ],
            [
              -111.751683076776,
              40.3059640606879
            ],
            [
              -111.751709464079,
              40.3061956538658
            ],
            [
              -111.751728914225,
              40.3063664212733
            ],
            [
              -111.751747955581,
              40.3065334852319
            ],
            [
              -111.751767000497,
              40.3067005325092
            ],
            [
              -111.751786031413,
              40.3068675861095
            ],
            [
              -111.751792254526,
              40.306922267441
            ],
            [
              -111.751792221557,
              40.3069222594064
            ],
            [
              -111.751806754438,
              40.3070497662902
            ],
            [
              -111.751811258549,
              40.3070893323416
            ],
            [
              -111.751830297411,
              40.3072564084133
            ],
            [
              -111.751849337551,
              40.3074234871723
            ],
            [
              -111.751868380671,
              40.3075905510527
            ],
            [
              -111.751868346568,
              40.3075905547287
            ],
            [
              -111.751888695629,
              40.3077691358179
            ],
            [
              -111.751892460347,
              40.3077685377846
            ],
            [
              -111.751888705351,
              40.3077692204567
            ],
            [
              -111.751888755205,
              40.3077696607603
            ],
            [
              -111.751784854272,
              40.307785626037
            ],
            [
              -111.751753724197,
              40.3077905700645
            ],
            [
              -111.751749014677,
              40.307791133203
            ],
            [
              -111.751586723815,
              40.3078105510544
            ],
            [
              -111.75158499236,
              40.3078106178273
            ],
            [
              -111.751583270708,
              40.3078104711284
            ],
            [
              -111.75158160122,
              40.3078101135683
            ],
            [
              -111.751580028638,
              40.3078095549577
            ],
            [
              -111.751578594191,
              40.3078088105186
            ],
            [
              -111.751577335594,
              40.3078078990831
            ],
            [
              -111.751576284694,
              40.3078068430986
            ],
            [
              -111.751575468658,
              40.3078056722276
            ],
            [
              -111.751574909946,
              40.3078044161427
            ],
            [
              -111.751574646399,
              40.3078031279
            ],
            [
              -111.751574600535,
              40.307803132502
            ],
            [
              -111.751374849351,
              40.3078182635305
            ],
            [
              -111.751374866492,
              40.307819568065
            ],
            [
              -111.751374607155,
              40.3078208677904
            ],
            [
              -111.75137408352,
              40.3078221153974
            ],
            [
              -111.751373309009,
              40.3078232824868
            ],
            [
              -111.751372299991,
              40.3078243411038
            ],
            [
              -111.75137108931,
              40.3078252650593
            ],
            [
              -111.751369694519,
              40.3078260290977
            ],
            [
              -111.751368162605,
              40.3078266142045
            ],
            [
              -111.751366529985,
              40.3078270058912
            ],
            [
              -111.751364836578,
              40.3078271824566
            ],
            [
              -111.751275846846,
              40.3078310160535
            ],
            [
              -111.751186737823,
              40.3078324784643
            ],
            [
              -111.751065570081,
              40.3078336512496
            ],
            [
              -111.750850459711,
              40.3078357398523
            ],
            [
              -111.750634843517,
              40.3078378426536
            ],
            [
              -111.750419300218,
              40.3078399367949
            ],
            [
              -111.750203685148,
              40.3078420315929
            ],
            [
              -111.749988095966,
              40.3078441313415
            ],
            [
              -111.749763953191,
              40.3078462931091
            ],
            [
              -111.749547608714,
              40.3078483918581
            ],
            [
              -111.749539769551,
              40.3078482203687
            ],
            [
              -111.749443463703,
              40.3078459762936
            ],
            [
              -111.749439969415,
              40.307845894591
            ],
            [
              -111.749422539643,
              40.3078443295707
            ],
            [
              -111.749359250867,
              40.3078393481522
            ],
            [
              -111.749343843828,
              40.3078372609373
            ],
            [
              -111.749333017155,
              40.30783628884
            ],
            [
              -111.749310804037,
              40.3078327859353
            ],
            [
              -111.74927011723,
              40.3078272752967
            ],
            [
              -111.749166519552,
              40.308078400846
            ],
            [
              -111.749166167854,
              40.3080784160062
            ],
            [
              -111.749165660752,
              40.3080829256711
            ],
            [
              -111.749205459457,
              40.3080881023031
            ],
            [
              -111.749189310881,
              40.3081551044294
            ],
            [
              -111.749179095825,
              40.308213272169
            ],
            [
              -111.749176448184,
              40.3082719290244
            ],
            [
              -111.749176973075,
              40.308300110602
            ],
            [
              -111.749176423804,
              40.3083066107617
            ],
            [
              -111.749174541095,
              40.3083129633591
            ],
            [
              -111.749171372597,
              40.3083190079793
            ],
            [
              -111.749166997762,
              40.308324594947
            ],
            [
              -111.749161525484,
              40.3083295826303
            ],
            [
              -111.749155094132,
              40.3083338473467
            ],
            [
              -111.749147863307,
              40.3083372806795
            ],
            [
              -111.749140016227,
              40.3083397984787
            ],
            [
              -111.749131747943,
              40.3083413354824
            ],
            [
              -111.749123268905,
              40.3083418552165
            ],
            [
              -111.748838685012,
              40.3083420599947
            ],
            [
              -111.748838640295,
              40.3083420564874
            ],
            [
              -111.748759189516,
              40.3083452518134
            ],
            [
              -111.74868059083,
              40.308354701088
            ],
            [
              -111.748603685005,
              40.3083703043547
            ],
            [
              -111.748529291397,
              40.3083918959579
            ],
            [
              -111.748458202071,
              40.3084192454565
            ],
            [
              -111.747627746387,
              40.3087809457911
            ],
            [
              -111.747631466776,
              40.3087856311183
            ],
            [
              -111.747002431523,
              40.3090504129803
            ]
          ]
        ]
      },
      "properties": {
        "city_name": "Vineyard",
        "city_slug": "vineyard",
        "confidence": "rest_api",
        "extraction_date": "2026-05-16",
        "extraction_method": "arcgis_rest",
        "future_layer_type": "flu",
        "gp_zone_code": "Low & Medium Density",
        "gp_zone_description": "Low & Medium Density",
        "jurisdiction": "Vineyard City",
        "source_rest_url": "https://services.arcgis.com/QdlehUncXjEmQYtI/arcgis/rest/services/Vineyard_Future_Land_Use_View/FeatureServer/0",
        "acreage": 259.3019479088807
      }
    }
  ]
}