id,jurisdiction,body,meeting_date,title,item_type,confidence,signal_type,description,location,acres,units,developer,zoning_from,zoning_to,status_enum,growth_score,notes,url,agenda_text,source,scraped_at
pmn_1057025_item0,American Fork,Planning Commission,2026-02-18,Adoption and Amendment of Design Standards and Public Improvement Specifications,nan,0.9,INFRASTRUCTURE,"American Fork City Planning Commission will consider proposed amendment and adoption of Design Standards and Public Improvement Specifications applicable to development within the city. The proposal includes removing existing engineering standards from the Municipal Code and adopting new standards by reference, aligned with Utah APWA Standard Specifications while establishing uniform city-specific design criteria.",American Fork City,,,,,,PROPOSED,25,Infrastructure/code modernization effort. Affects all future development in American Fork City.,https://www.utah.gov/pmn/sitemap/notice/1057025.html,,pmn,2026-06-01T13:46:15.662475Z
pmn_1057025_item1,American Fork,Planning Commission,2026-02-18,Jasper Lot Land Use Map Amendment at 570 E Main Street,nan,0.9,GENERAL_PLAN_AMENDMENT,"Public hearing, review, and recommendation on an application for a Land Use Map Amendment (Jasper Lot) located at 570 E Main Street, American Fork City. The amendment covers approximately 0.26 acres currently designated as Residential High Density and will change to General Commercial Land Use Designation.","570 E Main Street, American Fork City",0.26,,,Residential High Density,General Commercial,PROPOSED,55,Small commercial conversion opportunity on Main Street. Change from residential to general commercial suggests retail/office potential.,https://www.utah.gov/pmn/sitemap/notice/1057025.html,,pmn,2026-06-01T13:46:15.662475Z
pmn_1060999_item0,American Fork,Planning Commission,2026-03-02,Walton Lot Amended Final Plat at 794 W 1000 N Circle,nan,0.9,NEW_SUBDIVISION,Review and action on an Amended Final Plat application for Walton Lot to allow construction of a single-family home on one of the lots. The application will clean up a prior subdivision and ensure all lots meet underlying zone requirements.,"794 W 1000 N Circle, American Fork City",2.38,1,,R1-12000 and RA-1,,PROPOSED,25,Amended plat for lot cleanup and compliance with zone requirements. Single-family residential development.,https://www.utah.gov/pmn/sitemap/notice/1060999.html,,pmn,2026-06-01T13:46:15.662472Z
pmn_1061929,American Fork,Planning Commission,2026-03-04,Planning Commission Agenda - Meeting Canceled,nan,nan,,,,,,,,,PROPOSED,,,https://www.utah.gov/pmn/sitemap/notice/1061929.html,"CANCELED - AMERICAN FORK CITY
PLANNING COMMISSION AGENDA
________________________________________
Regular Session - CANCELED
March 04, 2026
Wednesday 6:30 PM

American Fork City Hall
31 North Church Street
American Fork City, UT 84003
https://www.americanfork.gov/AgendaCenter
________________________________________Planning Commission Members
 
Christine Anderson, Chair
Chris Christiansen, Vice Chair   
Geoff Dupaix
Rod Martin
David Bird
Harold Dudley
Claire Oldham 

 
Notice is hereby given that the American Fork City Planning Commission regular session on March 4, 2026, has been canceled. 

Dated this 24th day of February 2026
Patrick O'Brien
Development Services Director
*The order of agenda items may change at the discretion of the Planning Commission Chair",pmn,2026-06-01T13:46:15.662469Z
pmn_1064079_item0,American Fork,Planning Commission,2026-03-18,Chipman and Stake Center Annexation with PR-3.0 zoning,nan,0.9,ANNEXATION,"Property currently within Utah County Territory is proposing to annex into American Fork City. The recommended zoning designation upon annexation is PR-3.0 (Planned Residential Zone). Public hearing, review, and recommendation on the proposed zoning for this future annexation.","approximately 100 W 700 S, American Fork City",24,,,,PR-3.0,PROPOSED,72,"24-acre annexation with planned residential zoning. Public hearing scheduled for March 18, 2026 at 6:30 PM at American Fork City Hall.",https://www.utah.gov/pmn/sitemap/notice/1064079.html,,pmn,2026-06-01T13:46:15.662466Z
pmn_1069503,American Fork,Planning Commission,2026-04-08,Planning Commission Agenda - Canceled,nan,nan,,,,,,,,,PROPOSED,,,https://www.utah.gov/pmn/sitemap/notice/1069503.html,"AMERICAN FORK CITY
PLANNING COMMISSION AGENDA - Canceled
________________________________________

Regular Session- Canceled 
April 8, 2026
Wednesday 6:30 PM

American Fork City Hall
31 North Church Street
American Fork City, UT 84003
https://www.americanfork.gov/AgendaCenter
________________________________________
Planning Commission Members
 
Christine Anderson, Chair
Chris Christiansen, Vice Chair   
Geoff Dupaix
Rod Martin
David Bird
Harold Dudley
Claire Oldham 

 
Notice is hereby given that the American Fork City Planning Commission regular session on April 8, 2026, has been canceled. 

Dated this 30th day of March 2026
Patrick O'Brien
Development Services Director

*The order of agenda items may change at the discretion of the Planning Commission Chair",pmn,2026-06-01T13:46:15.662464Z
pmn_1072501_item0,American Fork,Planning Commission,2026-04-15,"Discussion on proposed amendments to City's Municipal Code, General Plan, and Zoning",nan,0.9,GENERAL_PLAN_AMENDMENT,"Work session to discuss proposed amendments to American Fork City's Municipal Code, General Plan, and Zoning regulations. This is a preliminary discussion item without specific project details provided.",,,,,,,PROPOSED,45,Work session agenda item; specific amendments not detailed in this packet. Likely precedes formal planning commission or city council action on code/plan changes.,https://www.utah.gov/pmn/sitemap/notice/1072501.html,,pmn,2026-06-01T13:46:15.662461Z
pmn_1071687_item0,American Fork,Planning Commission,2026-04-22,Rockport Industrial Commercial Site Plan at 205 W Frontage Rd,nan,0.9,COMMERCIAL_PROJECT,Review and action on a commercial site plan for Rockport Industrial project consisting of approximately 1.43 acres in the Planned Industrial (PI-1) zone.,"205 W Frontage Rd, American Fork City",1.43,,,,PI-1,PROPOSED,35,Planned Industrial zone designation; industrial development opportunity in American Fork.,https://www.utah.gov/pmn/sitemap/notice/1071687.html,,pmn,2026-06-01T13:46:15.662458Z
pmn_1071687_item1,American Fork,Planning Commission,2026-04-22,Lone Automotive Auto Dealership Request for Consideration,nan,0.9,COMMERCIAL_PROJECT,Review and action on a Request for Consideration for Lone Automotive project to operate an auto dealership in the GC-1 General Commercial zoning.,,,,Lone Automotive,,GC-1,PROPOSED,25,Auto dealership use request in General Commercial zone; operational use proposal rather than structural development.,https://www.utah.gov/pmn/sitemap/notice/1071687.html,,pmn,2026-06-01T13:46:15.662458Z
pmn_1071687_item2,American Fork,Planning Commission,2026-04-22,Mira Vista Phase 4 Commercial Site Plan at 530 S 1040 E,nan,0.9,COMMERCIAL_PROJECT,Review and action on a commercial site plan for Mira Vista Phase 4 consisting of approximately 1.05 acres in the R3-7500 zone.,"530 S 1040 E, American Fork City",1.05,,,,R3-7500,PROPOSED,30,Phase 4 of Mira Vista project; residential-zoned commercial site plan proposal.,https://www.utah.gov/pmn/sitemap/notice/1071687.html,,pmn,2026-06-01T13:46:15.662458Z
pmn_1071687_item3,American Fork,Planning Commission,2026-04-22,Climb Concrete Commercial Site Plan at 300 E 1700 S,nan,0.9,COMMERCIAL_PROJECT,Review and action on a commercial site plan for Climb Concrete project consisting of 5 acres in the I-1 Industrial zone.,"300 E 1700 S, American Fork City",5.0,,,,I-1,PROPOSED,45,5-acre industrial development; concrete-related industrial use in I-1 zone; meets LARGE_PROJECT acreage threshold.,https://www.utah.gov/pmn/sitemap/notice/1071687.html,,pmn,2026-06-01T13:46:15.662458Z
pmn_1077169,American Fork,City Council,2026-05-05,05.05.2026 City Council work session agenda,nan,nan,,,,,,,,,PROPOSED,,,https://www.utah.gov/pmn/sitemap/notice/1077169.html,"AMERICAN FORK CITY COUNCIL
MAY 5, 2026
		WORK SESSION AGENDA




*Notice of Electronic Meeting*
One or more City Council members may be physically absent from this meeting but may participate electronically.

Notice is hereby given that the American Fork City Council will hold a work session on Tuesday, May 5, 2026, in the City Administration Conference Room, located at 51 East Main Street, commencing at 4:00 p.m. The agenda shall be as follows:
WORK SESSION
The purpose of the City Work Sessions is to prepare the City Council for upcoming agenda items on future City Council Meetings. The Work Session is not an action item meeting. No one attending the meeting should rely on any discussion or any perceived consensus as action or authorization. These come only from the City Council Meeting.

1.	Legislative update with the state legislative representatives.
2.	Discussion on proposed amendments to the city code.
3.	Adjourn. 

Dated the 1st day of May 2026.

/s/Terilyn Lurker
City Recorder

-	In accordance with the Americans with Disabilities Act, the City of American Fork will make reasonable accommodations to participate in the meeting. Requests for assistance can be made by contacting the City Recorder at 801-763-3000 at least 48 hours in advance of the meeting.
-	The order of agenda items may be changed to accommodate the needs of the City Council, staff, and the public.",pmn,2026-06-01T13:46:15.662243Z
pmn_1074985_item0,American Fork,Planning Commission,2026-05-06,620 South Annexation - 7.03 acres at 6695 West 7300 North,nan,0.9,ANNEXATION,Review and recommendation on a proposed Annexation Agreement for approximately 7.03 acres to be annexed into American Fork City with PF Public Facilities zoning designation.,"6695 West 7300 North, American Fork City",7.03,,,,PF,PROPOSED,55,Public Facilities designation suggests municipal or institutional use. Annexation agreement requires Planning Commission review and recommendation.,https://www.utah.gov/pmn/sitemap/notice/1074985.html,,pmn,2026-06-01T13:46:15.662456Z
pmn_1079261_item0,American Fork,City Council,2026-05-12,Declaration of real property at approximately 1000 North 700 West as surplus and disposal,nan,0.9,DEVELOPER_ACTIVITY,Public hearing to receive comments on the declaration of real property at approximately 1000 North 700 West to be surplus and disposed of by the city,1000 North 700 West,,,,,,PROPOSED,25,City-owned surplus property disposition; potential development opportunity depending on buyer/use,https://www.utah.gov/pmn/sitemap/notice/1079261.html,,pmn,2026-06-01T13:46:15.662240Z
pmn_1079261_item1,American Fork,City Council,2026-05-12,Authorization to release Improvements Construction Guarantee and issue Notice of Acceptance for Ragan Residence public improvements,nan,0.9,INFRASTRUCTURE,"Authorization to release the Improvements Construction Guarantee in the amount of $45,313.44 and issue a Notice of Acceptance for the Ragan Residence construction of public improvements",425 North 900 East,,,,,,APPROVED,15,Completion of public improvements for residential project; final acceptance phase,https://www.utah.gov/pmn/sitemap/notice/1079261.html,,pmn,2026-06-01T13:46:15.662240Z
pmn_1077583_item0,American Fork,City Council,2026-05-12,Chipman/Stake Center Annexation - 24 acres at 515 South 100 West,nan,0.9,ANNEXATION,"Public hearing on petition to annex approximately 24 acres into American Fork City. Petition was filed and accepted by city council on October 22, 2024. A previous public hearing was held on February 25, 2025. City council will decide whether to grant or deny the annexation petition following the May 12 public hearing.","515 South 100 West, American Fork",24,,,,,PROPOSED,72,"Annexation petition certified by city recorder. 30-day protest period already completed. Second public hearing scheduled for May 12, 2025 at 7 p.m. at American Fork City Hall. Petition available for inspection at City Recorder's office or via email contact.",https://www.utah.gov/pmn/sitemap/notice/1077583.html,,pmn,2026-06-01T13:46:15.662300Z
pmn_1074725_item0,American Fork,City Council,2026-05-12,Declaration of surplus real property - portion of parcel 12:055:0117 at 1000 North and 700 West,nan,0.9,,"Public hearing to declare approximately 1,186 square feet at the southeast corner of parcel 12:055:0117 as surplus property for disposal. Property is in Public Facilities Zone and currently open ground.",1000 North and 700 West (southeast corner of parcel),0.027,,,Public Facilities Zone,,PROPOSED,5,"Public hearing rescheduled from August 28th meeting. Small surplus land disposition, not a development opportunity.",https://www.utah.gov/pmn/sitemap/notice/1074725.html,"{""parcel_ids"": [""12:055:0117""]}",pmn,2026-06-01T13:46:15.662235Z
pmn_1080971,American Fork,City Council,2026-05-19,05.19.26 City Council work session agenda,nan,nan,,,,,,,,,PROPOSED,,,https://www.utah.gov/pmn/sitemap/notice/1080971.html,"AMERICAN FORK CITY COUNCIL
MAY 19, 2026
		WORK SESSION AGENDA




*Notice of Electronic Meeting*
One or more City Council members may be physically absent from this meeting but may participate electronically.

Notice is hereby given that the American Fork City Council will hold a work session on Tuesday, May 19, 2026, in the City Administration Conference Room, located at 51 East Main Street, commencing at 4:00 p.m. The agenda shall be as follows:
WORK SESSION
The purpose of the City Work Sessions is to prepare the City Council for upcoming agenda items on future City Council Meetings. The Work Session is not an action item meeting. No one attending the meeting should rely on any discussion or any perceived consensus as action or authorization. These come only from the City Council Meeting.

1.	Presentation by the PARC Tax Advisory Board on the proposed PARC Tax fund allocation recommendations.
2.	Discussion on park strips.
3.	Review of the fiscal year ending June 30, 2027 budget book.

15-minute break

4.	Discussion on external Accessory Dwelling Units (ADUs).
5.	Discussion on the scope of project for the Fitness Center.
6.	Discussion on updates to the General Fee Schedule.
7.	Adjourn. 

Dated the 14th day of May 2026.

/s/Terilyn Lurker
City Recorder

-	In accordance with the Americans with Disabilities Act, the City of American Fork will make reasonable accommodations to participate in the meeting. Requests for assistance can be made by contacting the City Recorder at 801-763-3000 at least 48 hours in advance of the meeting.
-	The order of agenda items may be changed to accommodate the needs of the City Council, staff, and the public.",pmn,2026-06-01T13:46:15.662232Z
pmn_1078299,American Fork,Planning Commission,2026-05-20,Planning Commission Agenda - Canceled,nan,nan,,,,,,,,,PROPOSED,,,https://www.utah.gov/pmn/sitemap/notice/1078299.html,"CANCELED - AMERICAN FORK CITY
PLANNING COMMISSION AGENDA
________________________________________
Regular Session - Canceled
May 20, 2026
Wednesday 6:30 PM

American Fork City Hall
31 North Church Street
American Fork City, UT 84003
https://www.americanfork.gov/AgendaCenter
________________________________________Planning Commission Members
 
Christine Anderson, Chair
Chris Christiansen, Vice Chair   
Geoff Dupaix
Rod Martin
David Bird
Harold Dudley
Claire Oldham 

 
Notice is hereby given that the American Fork City Planning Commission regular session on May 20, 2026, has been canceled.

Dated this 6th day of May 2026
Patrick O'Brien
Development Services Director
*The order of agenda items may change at the discretion of the Planning Commission Chair",pmn,2026-06-01T13:46:15.662452Z
pmn_1082821_item0,American Fork,City Council,2026-05-26,620 South Annexation - 6.816 acres at approximately 700 West 620 South,nan,0.9,ANNEXATION,Public hearing and review of annexation application for 6.816 acres located at approximately 700 West 620 South into American Fork City limits.,700 West 620 South,6.816,,,,,PROPOSED,65,Public hearing conducted; annexation application under review. Location suggests potential commercial or mixed-use development opportunity south of city core.,https://www.utah.gov/pmn/sitemap/notice/1082821.html,,pmn,2026-06-01T13:46:15.662229Z
pmn_1082821_item1,American Fork,City Council,2026-05-26,Chipman/Stake Center Annexation withdrawal,nan,0.9,ANNEXATION,City Council to review and take action on acceptance of withdrawal of application for the Chipman/Stake Center Annexation.,,,,,,,TABLED,0,Applicant withdrew annexation request; formal council action on withdrawal acceptance pending.,https://www.utah.gov/pmn/sitemap/notice/1082821.html,,pmn,2026-06-01T13:46:15.662229Z
pmn_1076037_item0,American Fork,City Council,2026-05-26,"620 South Annexation - 700 West 620 South, American Fork",nan,0.9,ANNEXATION,"American Fork City Council adopted Resolution No. 2026-04-15R indicating intent to annex real property located at approximately 700 West 620 South. Public hearing scheduled for May 26, 2026 at 7:00 p.m. to receive public comment. Annexation pursued without petition in accordance with UCA 10-2-812.","700 West 620 South, American Fork, Utah",,,,,,PROPOSED,45,"Annexation area boundaries described by legal survey. Property owners within proposed annexation area may file written protests by hearing date. Map available at City Recorder's Office, 51 East Main Street.",https://www.utah.gov/pmn/sitemap/notice/1076037.html,,pmn,2026-06-01T13:46:15.662223Z
pmn_1081857,American Fork,City Council,2026-05-26,05.26.26 Public Hearing - FYE2026 Budget amendments,nan,nan,,,,,,,,,PROPOSED,,,https://www.utah.gov/pmn/sitemap/notice/1081857.html,"AMERICAN FORK CITY COUNCIL
MAY 26, 2026
PUBLIC HEARING


	

NOTICE OF PUBLIC HEARING
Notice is hereby given that the American Fork City Council will hold a public hearing in conjunction with a regular session on Tuesday, May 26, 2026, at 7:00 p.m. at the American Fork City Hall, 31 North Church Street. The City Council will receive public comment for the purpose of amending the American Fork City FY 2026 Budget. All interested people are invited to attend.
Dated this 18th day of May 2026

/s/Terilyn Lurker
City Recorder",pmn,2026-06-01T13:46:15.662226Z
pmn_1084457,American Fork,City Council,2026-06-02,06.02.26 City Council work session agenda,nan,nan,,,,,,,,,PROPOSED,,,https://www.utah.gov/pmn/sitemap/notice/1084457.html,"AMERICAN FORK CITY COUNCIL
JUNE 2, 2026
		WORK SESSION AGENDA




*Notice of Electronic Meeting*
One or more City Council members may be physically absent from this meeting but may participate electronically.

Notice is hereby given that the American Fork City Council will hold a work session on Tuesday, June 2, 2026, in the City Administration Conference Room, located at 51 East Main Street, commencing at 4:00 p.m. The agenda shall be as follows:
WORK SESSION
The purpose of the City Work Sessions is to prepare the City Council for upcoming agenda items on future City Council Meetings. The Work Session is not an action item meeting. No one attending the meeting should rely on any discussion or any perceived consensus as action or authorization. These come only from the City Council Meeting.

1.	Presentation of progress on the American Fork Transit Circulator Study and Polycentric City Master Plan.
2.	Report by Dawna Whiting on the American Fork Victim's Assistance Program.
3.	Discussion on Master Plans, Impact Fee Facility Plans, and Impact Fee Analysis for Culinary Water, Parks, Pressurized Irrigation, Public Safety, Sewer, Storm Drain, and Transportation. 
4.	Adjourn.

Dated the 28th day of May 2026.

/s/Terilyn Lurker
City Recorder

-	In accordance with the Americans with Disabilities Act, the City of American Fork will make reasonable accommodations to participate in the meeting. Requests for assistance can be made by contacting the City Recorder at 801-763-3000 at least 48 hours in advance of the meeting.
-	The order of agenda items may be changed to accommodate the needs of the City Council, staff, and the public.",pmn,2026-06-01T13:46:15.662221Z
pmn_1082813_item0,American Fork,Planning Commission,2026-06-03,Land Use Map Amendment for 375 S 860 E from Planned Community to Design Commercial,nan,0.9,GENERAL_PLAN_AMENDMENT,Proposed Land Use Map Amendment (LUMA) to change property designation from Planned Community to Design Commercial land use to promote economic opportunity and development on the east side of American Fork City.,"375 S 860 E, American Fork City",1.96,,,,,PROPOSED,65,Companion zone change also proposed for same parcels. Economic development focus on east side of city.,https://www.utah.gov/pmn/sitemap/notice/1082813.html,"{""parcel_ids"": [""13:059:0130"", ""13:059:0131""]}",pmn,2026-06-01T13:46:15.662448Z
pmn_1082813_item1,American Fork,Planning Commission,2026-06-03,Zone Change for 375 S 860 E from PC/GC-2 to GC-1,nan,0.9,REZONE,Proposed Zone Change to rezone property from PC (Planned Community) and GC-2 zones to GC-1 (General Commercial) zone to support economic development on the east side of American Fork City.,"375 S 860 E, American Fork City",1.96,,,"PC, GC-2",GC-1,PROPOSED,70,Companion LUMA also proposed for same parcels. Commercial rezoning to support economic opportunity.,https://www.utah.gov/pmn/sitemap/notice/1082813.html,"{""parcel_ids"": [""13:059:0130"", ""13:059:0131""]}",pmn,2026-06-01T13:46:15.662448Z
pmn_1082813_item2,American Fork,Planning Commission,2026-06-03,Land Use Map Amendment for Dixie Well (943 S 900 W) from Residential to Institutional,nan,0.9,GENERAL_PLAN_AMENDMENT,"Proposed Land Use Map Amendment to change property designation from Residential Very-Low Density to Institutional Lands, Schools and Public Facilities to accommodate a city culinary well facility.","943 S 900 W, American Fork City",0.78,,,,,PROPOSED,25,Property designated for public utilities infrastructure (culinary well). Changes use from vacant to public facilities.,https://www.utah.gov/pmn/sitemap/notice/1082813.html,,pmn,2026-06-01T13:46:15.662448Z
pmn_1084385,American Fork,City Council,2026-06-09,06.09.26 Public Hearing - FYE2027 City Budget,nan,nan,,,,,,,,,PROPOSED,,,https://www.utah.gov/pmn/sitemap/notice/1084385.html,"NOTICE OF PUBLIC HEARING

Notice is hereby given that the American Fork City Council will hold a public hearing in conjunction with a regular session on Tuesday, June 9, 2026, at 7:00 p.m. at the American Fork City Hall, 31 North Church Street. The City Council will receive public comments regarding the American Fork City FY 2027 Budget (July 1, 2026, to June 30, 2027). 

The fiscal year ending June 30, 2027, tentative budget includes a proposed property tax rate increase. The Property Tax Impact Schedule and the Tentative Budget can be found at www.americanfork.gov/finance.

All interested people are invited to attend.

Dated this 27th day of May, 2026",pmn,2026-06-01T13:46:15.662216Z
pmn_1039851_item0,Bluffdale,City Council & Planning Commission,2025-12-10,Draft Integrated Water and Land Use Element of the Bluffdale General Plan,nan,0.9,GENERAL_PLAN_AMENDMENT,"Public hearing on draft integrated Water and Land Use Element of the Bluffdale General Plan as required by SB 110 (2022) and SB 76 (2023). Planning Commission hearing on December 3, 2025 and City Council hearing on December 10, 2025.","Bluffdale City Hall, 2222 W 14400 S",,,City of Bluffdale,,,PROPOSED,45,"Statutorily required general plan amendment per SB 110 and SB 76. Public comment period open through December 10, 2025. Staff contacts: Caitlyn Tubbs and Dan Tracer.",https://www.utah.gov/pmn/sitemap/notice/1039851.html,,pmn,2026-06-01T13:46:15.663691Z
pmn_1039853_item0,Bluffdale,City Council & Planning Commission,2025-12-10,Gateway Redevelopment Area boundary change to remove city-owned open space parcel,nan,0.9,DEVELOPER_ACTIVITY,"Public hearing before Bluffdale City Redevelopment Agency to receive comment on a proposed boundary change for the Gateway Redevelopment Area. The proposal seeks to remove a portion of a city-owned open space parcel (Parcel 33-09-201-020-0000) from the RDA boundary. The parcel being removed is approximately 0.10 acres located south and east of the South Quarter Corner of Section 4, Township 4 South, Range 1 West. Tax increment financing will apply to remaining project area property.","Bluffdale, Utah (Section 4, Township 4 South, Range 1 West)",0.1,,,,,PROPOSED,25,"RDA boundary adjustment involving removal of small open space parcel. Tax increment revenue implications for Gateway Redevelopment Area. Public hearing scheduled for December 10, 2025 at 6:00 p.m. at Bluffdale City Hall.",https://www.utah.gov/pmn/sitemap/notice/1039853.html,"{""parcel_ids"": [""33-09-201-020-0000""]}",pmn,2026-06-01T13:46:15.663694Z
pmn_1039807_item0,Bluffdale,City Council & Planning Commission,2025-12-10,Text Amendments to Chapter 7.40.030 and related chapters to adopt permitted street trees near power corridors,nan,0.9,GENERAL_PLAN_AMENDMENT,"Proposed text amendments to city code chapters 7.40.030, 11.150.050, 11.160.290, and 12.80.060 to adopt a list of street trees permitted within or abutting power corridors and to address trees near power lines or other utilities' corridors and equipment.",,,,City of Bluffdale,,,PROPOSED,15,"Public comment meeting scheduled for December 10, 2025 at 6:00 p.m. Staff presenter: Ellen Oakman, Associate Planner. This is a regulatory/code amendment focused on utility corridor management and vegetation standards, not a development project.",https://www.utah.gov/pmn/sitemap/notice/1039807.html,,pmn,2026-06-01T13:46:15.663689Z
pmn_1059621_item0,Bluffdale,City Council & Planning Commission,2026-02-25,Ordinance amending Chapter 9.10.020 for adoption of Wildland Urban Interface Building Standards,nan,0.9,GENERAL_PLAN_AMENDMENT,Public hearing for adoption of Wildland Urban Interface (WUI) Building Standards through ordinance amendment to Chapter 9.10.020. This represents a code update to address building standards in wildland-urban interface areas.,,,,City of Bluffdale,,,PROPOSED,25,"Staff presenter: Fred Donaldson. This is a regulatory/code update rather than a specific development proposal. WUI standards typically affect building design, materials, and defensible space requirements in areas at risk of wildfire.",https://www.utah.gov/pmn/sitemap/notice/1059621.html,,pmn,2026-06-01T13:46:15.663686Z
pmn_1065863_item0,Bluffdale,City Council & Planning Commission,2026-03-25,Text Amendment to Bringhurst Station Commercial Sub-Districts diagram to allow non-retail businesses in certain areas,nan,0.9,GENERAL_PLAN_AMENDMENT,"Proposed text amendment to the Bringhurst Station Commercial Sub-Districts diagram to permit non-retail businesses in specified areas. Applicant is Bluffdale Industrial Park, LLC, represented by Joshua F. Hunt, Esq.","Bringhurst Station Commercial Sub-Districts, Bluffdale",,,"Bluffdale Industrial Park, LLC",,,PROPOSED,45,Text amendment application 2026-06. Allows expansion of allowable uses in commercial sub-district to include non-retail businesses. Staff presenter: Caitlyn Tubbs.,https://www.utah.gov/pmn/sitemap/notice/1065863.html,,pmn,2026-06-01T13:46:15.663683Z
pmn_1077009_item0,Bluffdale,City Council & Planning Commission,2026-05-13,Text Amendment to City Code Chapter 11.220 - Gas Station Electronic Display Signs,signage,0.9,,"Proposed text amendment to add provisions for gas station electronic display signs in Chapter 11.220.070.A, allowing electronic display signs for gas stations with a minimum display interval of three seconds. A new definition for 'Gas Station Electronic Display Sign' will be added to Chapter 11.220.030.",,,,Yesco,,,PROPOSED,5,Sign code amendment specific to gas station electronic display signage. Application 2026-10. Staff Presenter: Ellen Oakman.,https://www.utah.gov/pmn/sitemap/notice/1077009.html,,pmn,2026-06-01T13:46:15.663679Z
pmn_1078659_item0,Bluffdale,City Council & Planning Commission,2026-05-27,Text Amendment to Chapter 3.40 and Section 11.180.020 - Seasonal Fireworks Sales Regulations,nan,0.9,,Proposed text amendment to update City regulations on seasonal fireworks sales and to allow outdoor fireworks sales as an allowed temporary use in Bluffdale City Code.,,,,Joee Witter,,,PROPOSED,5,"Application 2026-16. Staff presenter: Caitlyn Tubbs. Public hearing scheduled for May 27, 2026 at 6:00 PM. This is a code amendment for temporary use regulations, not a development project.",https://www.utah.gov/pmn/sitemap/notice/1078659.html,,pmn,2026-06-01T13:46:15.663674Z
pmn_1080797_item0,Draper,Planning Commission,2026-05-28,Bonham Residence Fence Conditional Use Permit Request at 12540 S. 1700 E.,nan,0.9,,Conditional use permit request to construct a six-foot front yard fence and ten-foot rear yard fence at residential property.,"12540 S. 1700 E., Draper",,,,,,PROPOSED,0,"Residential fence CUP; public hearing scheduled for May 28, 2026 at 6:30 p.m. before Planning Commission.",https://www.utah.gov/pmn/sitemap/notice/1080797.html,,pmn,2026-06-01T13:46:15.663829Z
pmn_1080799_item0,Draper,Planning Commission,2026-05-28,Cherry Canyon Block Valve Conditional Use Permit for Enbridge Gas Utah utility substation at 13461 S Highland Drive,nan,0.9,INFRASTRUCTURE,Conditional Use Permit request to permit installation of a new utility substation for Enbridge Gas Utah at 13461 S Highland Drive,"13461 S Highland Drive, Draper, UT",,,Enbridge Gas Utah,,,PROPOSED,25,"Public hearing before Planning Commission scheduled for May 28, 2026 at 6:30 p.m. at Draper City Hall. Infrastructure utility project requiring conditional use permit.",https://www.utah.gov/pmn/sitemap/notice/1080799.html,,pmn,2026-06-01T13:46:15.663827Z
pmn_1080805_item0,Draper,Planning Commission,2026-05-28,Draper-Highland Boundary Adjustment Land Use and Zoning Map Amendment at 16377 S. Suncrest Drive,nan,0.9,GENERAL_PLAN_AMENDMENT,City-initiated request to add land use designation and zoning designations for approximately 0.31 acres of property to Draper City Land Use Map and Zoning Map. The amendment relates to a prior enacted city boundary adjustment between Draper City and Highland City.,"16377 S. Suncrest Drive, Draper, UT",0.31,,,,,PROPOSED,15,City-initiated amendment related to boundary adjustment with Highland City. Small parcel requiring map designation updates.,https://www.utah.gov/pmn/sitemap/notice/1080805.html,,pmn,2026-06-01T13:46:15.663824Z
pmn_1080809_item0,Draper,Planning Commission,2026-05-28,Short-Term Rentals Text Amendment - licensing and permitting requirements,nan,0.9,GENERAL_PLAN_AMENDMENT,City-initiated amendment to Draper City Municipal Code Titles 6 and 9 to require short-term rentals be licensed and permitted and to add associated standards for regulation.,,,,,,,PROPOSED,25,"City-initiated regulatory amendment; public hearing scheduled for May 28, 2026 at 6:30 p.m. before Planning Commission. Contact Todd Taylor for additional information.",https://www.utah.gov/pmn/sitemap/notice/1080809.html,,pmn,2026-06-01T13:46:15.663821Z
pmn_1082759,Draper,City Council,2026-06-02,Notice of Public Hearing: Amendment of the Fiscal Year 2025-26 Budget,nan,nan,,,,,,,,,PROPOSED,,,https://www.utah.gov/pmn/sitemap/notice/1082759.html,"Posted on May 21, 2026, on the Utah Public Notice Website www.utah.gov/pmn/ Draper City Website www.draperutah.gov/news/ and at Draper City Hall, 1020 E. Pioneer Road, Draper, UT

NOTICE OF PUBLIC HEARING: Amendment of the Fiscal Year 2025-26 Budget

Notice is hereby given that Draper City will hold a public hearing before the City Council to consider reopening and amending the Fiscal Year 2025-26 Budget. 

The hearing will be held at Draper City Hall in the City Council Chambers, on June 2, 2026 at 7:00 p.m. The complete notice is posted on the Utah Public Notice Website; www.utah.gov/pmn/, Draper City Website; www.draperutah.gov/news/, and at Draper City Hall. 

To request a copy of the public notice or for additional inquiries contact John Vuyk at (801) 576-6318 or john.vuyk@draperutah.gov

Dated this 21st Day of May, 2026

Attest: Nicole Smedley, City Recorder",pmn,2026-06-01T13:46:15.665030Z
pmn_1082753,Draper,City Council,2026-06-02,Notice of Public Hearing: Executive Municipal Officer Compensation,nan,nan,,,,,,,,,PROPOSED,,,https://www.utah.gov/pmn/sitemap/notice/1082753.html,"Posted on May 21, 2026, on the Utah Public Notice Website www.utah.gov/pmn/ Draper City Website www.draperutah.gov/news/ and at Draper City Hall, 1020 E. Pioneer Road, Draper, UT

NOTICE OF PUBLIC HEARING: Executive Municipal Officer Compensation

Notice is hereby given that the Draper City Council will hold a public hearing to consider and receive public comment regarding a proposed ordinance amending the compensation of the City's executive municipal officers in connection with the Fiscal Year 2026-27 Tentative Budget. 

The hearing will be held at Draper City Hall in the City Council Chambers, on June 2, 2026 at 7:00 p.m. The complete notice is posted on the Utah Public Notice Website; www.utah.gov/pmn/, Draper City Website; www.draperutah.gov/news/, and at Draper City Hall. 
All interested persons are invited to attend and be heard.

To request a copy of the public notice or for additional inquiries contact John Vuyk at (801) 576-6318 or john.vuyk@draperutah.gov

Dated this 21st Day of May, 2026

Attest: Nicole Smedley, City Recorder",pmn,2026-06-01T13:46:15.665025Z
pmn_1082757,Draper,City Council,2026-06-02,Notice of Public Hearing: Fiscal Year 2026-27 Tentative Budget,nan,nan,,,,,,,,,PROPOSED,,,https://www.utah.gov/pmn/sitemap/notice/1082757.html,"Posted on May 21, 2026, on the Utah Public Notice Website www.utah.gov/pmn/ Draper City Website www.draperutah.gov/news/ and at Draper City Hall, 1020 E. Pioneer Road, Draper, UT

NOTICE OF PUBLIC HEARING: Fiscal Year 2026-27 Tentative Budget

Notice is hereby given that the Draper City Council has adopted a Tentative Budget for Fiscal Year 2026-27 and will hold a public hearing to receive public comment regarding the proposed budget.

The hearing will be held at Draper City Hall in the City Council Chambers, on June 2, 2026 at 7:00 p.m. The complete notice is posted on the Utah Public Notice Website; www.utah.gov/pmn/, Draper City Website; www.draperutah.gov/news/, and at Draper City Hall. 

The Tentative Budget is available for public inspection during regular business hours at the Office of the City Recorder located at Draper City Hall and may also be viewed on the City's website; www.draperutah.gov. 

All interested persons are invited to attend and be heard.

To request a copy of the public notice or for additional inquiries contact John Vuyk at (801) 576-6318 or john.vuyk@draperutah.gov

Dated this 21st Day of May, 2026

Attest: Nicole Smedley, City Recorder",pmn,2026-06-01T13:46:15.665027Z
pmn_1082763,Draper,City Council,2026-06-02,Notice of Public Hearing: Municipal Water Rates,nan,nan,,,,,,,,,PROPOSED,,,https://www.utah.gov/pmn/sitemap/notice/1082763.html,"Posted on May 21, 2026, on the Utah Public Notice Website www.utah.gov/pmn/ Draper City Website www.draperutah.gov/news/ and at Draper City Hall, 1020 E. Pioneer Road, Draper, UT

NOTICE OF PUBLIC HEARING: Municipal Water Rates

Notice is hereby given that the Draper City Council will hold a public hearing to consider and receive public comment regarding a proposed ordinance amending the municipal culinary water rates for Draper City.

The hearing will be held at Draper City Hall in the City Council Chambers, on June 2, 2026 at 7:00 p.m. The complete notice is posted on the Utah Public Notice Website; www.utah.gov/pmn/, Draper City Website; www.draperutah.gov/news/, and at Draper City Hall.

All interested persons are invited to attend and be heard.

To request a copy of the public notice or for additional inquiries contact John Vuyk at (801) 576-6318 or john.vuyk@draperutah.gov

Dated this 21st day of May, 2026

Attest: Nicole Smedley, City Recorder",pmn,2026-06-01T13:46:15.665032Z
pmn_1082767,Draper,City Council,2026-06-02,Notice of Public Hearing: Statutory Officer Compensation,nan,nan,,,,,,,,,PROPOSED,,,https://www.utah.gov/pmn/sitemap/notice/1082767.html,"Posted on May 21, 2026, on the Utah Public Notice Website www.utah.gov/pmn/ Draper City Website www.draperutah.gov/news/ and at Draper City Hall, 1020 E. Pioneer Road, Draper, UT

NOTICE OF PUBLIC HEARING: Statutory Officer Compensation

Notice is hereby given that the Draper City Council will hold a public hearing to consider and receive public comment regarding a proposed ordinance amending the compensation for the City's statutory officers in connection with the Fiscal Year 2026-27 Tentative Budget.
 
The hearing will be held at Draper City Hall in the City Council Chambers, on June 2, 2026 at 7:00 p.m. The complete notice is posted on the Utah Public Notice Website; www.utah.gov/pmn/, Draper City Website; www.draperutah.gov/news/, and at Draper City Hall. 
All interested persons are invited to attend and be heard.

To request a copy of the public notice or for additional inquiries contact John Vuyk at (801) 576-6318 or john.vuyk@draperutah.gov

Dated this 21st Day of May, 2026

Attest: Nicole Smedley, City Recorder",pmn,2026-06-01T13:46:15.665036Z
pmn_1084347_item0,Draper,City Council,2026-06-09,Draper-Highland Boundary Adjustment #2 Land Use and Zoning Map Amendment at 16377 S. Suncrest Drive,nan,0.9,GENERAL_PLAN_AMENDMENT,City-initiated land use and zoning map amendment to add designations for approximately 0.31 acres of property related to a prior enacted city boundary adjustment between Draper City and Highland City.,"16377 S. Suncrest Drive, Draper, UT",0.31,,,,,PROPOSED,15,"City-initiated action related to boundary adjustment; small parcel; hearing scheduled for June 9, 2026 at 7:00 p.m.",https://www.utah.gov/pmn/sitemap/notice/1084347.html,,pmn,2026-06-01T13:46:15.665017Z
pmn_1084337_item0,Draper,City Council,2026-06-09,Short-Term Rentals Text Amendment - DCMC Titles 6 and 9,nan,0.9,,"City-initiated amendment to Draper City Municipal Code requiring short-term rentals to be licensed and permitted, with associated operational standards.",,,,,,,PROPOSED,15,"Regulatory/code amendment affecting short-term rental operations citywide. Public hearing scheduled for June 9, 2026 at 7:00 p.m. at Draper City Hall. Contact Todd Taylor (801) 576-6510 for additional information.",https://www.utah.gov/pmn/sitemap/notice/1084337.html,,pmn,2026-06-01T13:46:15.665014Z
pmn_1084351_item0,Draper,City Council,2026-06-09,Nielsen Zoning Map Amendment Request at 12738 S 300 E,nan,0.9,REZONE,Zoning map amendment request to rezone property from RA1 (residential agricultural) to R3 (residential). Public hearing to be held before City Council.,"12738 S 300 E, Draper, UT",,,Nielsen,RA1,R3,PROPOSED,65,"Public hearing scheduled for June 9, 2026 at 7:00 p.m. at Draper City Hall. Change from agricultural to residential zoning indicates potential for residential development. Contact Paul Geilman for additional information.",https://www.utah.gov/pmn/sitemap/notice/1084351.html,,pmn,2026-06-01T13:46:15.665022Z
pmn_1084353_item0,Draper,City Council,2026-06-09,Veranda West Master Area Plan Amendment and Zoning Text Amendment,nan,0.9,GENERAL_PLAN_AMENDMENT,City Council public hearing to consider a Master Area Plan (MAP) Amendment and Zoning Text Amendment to Draper City Municipal Code Chapter 9-14 to modify the Veranda West Master Area Plan,"approximately 13708 South 600 West, Draper, UT",,,,,,PROPOSED,55,"Public hearing scheduled for June 9, 2026 at 7:00 p.m. at Draper City Hall. Contact Todd Taylor at (801) 576-6510 for additional information. Master Area Plan modification suggests potential changes to land use framework for the Veranda West development area.",https://www.utah.gov/pmn/sitemap/notice/1084353.html,,pmn,2026-06-01T13:46:15.665019Z
pmn_1084399_item0,Draper,Planning Commission,2026-06-11,Fox Landing Phase III Plat Amendment Request - add new lot and amend boundaries at 773 W. Osbourne Vista Way,nan,0.9,NEW_SUBDIVISION,Request to add a new lot into the Fox Landing Phase III Plat and to amend the boundaries of adjacent lots to the west and north of the new lot.,"773 W. Osbourne Vista Way, Draper, UT",,,,,,PROPOSED,45,"Public hearing scheduled for June 11, 2026 at 6:30 p.m. before Draper Planning Commission. Plat amendment for existing Fox Landing development.",https://www.utah.gov/pmn/sitemap/notice/1084399.html,,pmn,2026-06-01T13:46:15.663808Z
pmn_1084401_item0,Draper,Planning Commission,2026-06-11,Huber Full Boundary Line Adjustment Request at 11730 S. 700 West,nan,0.9,DEVELOPER_ACTIVITY,Full boundary line adjustment request to split current lot into two lots through adjustment with adjacent property to the west,"11730 S. 700 West, Draper, UT",,,Huber,,,PROPOSED,35,"Public hearing scheduled for Planning Commission on June 11, 2026 at 6:30 p.m. at Draper City Hall. Involves lot split through boundary line adjustment with western adjacent property.",https://www.utah.gov/pmn/sitemap/notice/1084401.html,,pmn,2026-06-01T13:46:15.663811Z
pmn_1084761_item0,Draper,Planning Commission,2026-06-11,Rohr D-ADU Text Amendment Request - Chapter 9-31 Detached Accessory Dwelling Unit Standards,nan,0.9,,Amendment to Draper City Municipal Code Chapter 9-31 to alter the standards under which an existing detached accessory structure may be converted into a Detached Accessory Dwelling Unit (D-ADU). Public hearing before Planning Commission.,,,,Rohr,,,PROPOSED,35,"Text amendment to municipal code affecting D-ADU conversion standards; applicant is Rohr; hearing scheduled for June 11, 2026 at 6:30 p.m. at Draper City Hall",https://www.utah.gov/pmn/sitemap/notice/1084761.html,,pmn,2026-06-01T13:46:15.663816Z
pmn_1084407_item0,Draper,Planning Commission,2026-06-11,Skaggs Farm to Table Site Plan and Conditional Use Requests at 235 E. Kimballs Lane,nan,0.9,COMMERCIAL_PROJECT,Site plan and conditional use permit request to develop property as a garden/farm ancillary to schools at the Skaggs Catholic Center,"235 E. Kimballs Lane, Draper, UT",,,Skaggs Catholic Center,,,PROPOSED,25,"Conditional use permit required; ancillary agricultural use supporting school operations; public hearing scheduled June 11, 2026 at 6:30 PM",https://www.utah.gov/pmn/sitemap/notice/1084407.html,,pmn,2026-06-01T13:46:15.663819Z
pmn_1084763_item0,Draper,Planning Commission,2026-06-11,Steeplechase Phase 2 Amended Subdivision - property line relocation between Lot 44 and Parcel D at 13229 S. Springdale Way,nan,0.9,NEW_SUBDIVISION,"Amendment to the Steeplechase Phase 2 Subdivision to relocate the property line between Lot 44 and Parcel D, including relocation of associated easements, HOA open space, and extension of the buildable area for Lot 44.","13229 S. Springdale Way, Draper, UT",,,,,,PROPOSED,35,Subdivision amendment hearing before Planning Commission. This is a modification to an existing platted subdivision rather than a new development proposal.,https://www.utah.gov/pmn/sitemap/notice/1084763.html,,pmn,2026-06-01T13:46:15.663804Z
pmn_1084405_item0,Draper,Planning Commission,2026-06-11,Johnson I-ADU Deviation Request at 13164 S. City Point Cv.,nan,0.9,DEVELOPER_ACTIVITY,Request for deviation to allow an Accessory Dwelling Unit (I-ADU) within an area currently restricted from I-ADUs. Planning Commission hearing to review the deviation request.,"13164 S. City Point Cv., Draper, UT",,1,Johnson,,,PROPOSED,25,"I-ADU deviation request suggests applicant is seeking to circumvent existing ADU restrictions on the property. Planning Commission hearing scheduled for June 11, 2026 at 6:30 p.m. Public comment will not be taken at the meeting.",https://www.utah.gov/pmn/sitemap/notice/1084405.html,,pmn,2026-06-01T13:46:15.663813Z
pmn_1074857,Draper,City Council,2026-06-16,City Council Agenda - Cancelled,nan,nan,,,,,,,,,PROPOSED,,,https://www.utah.gov/pmn/sitemap/notice/1074857.html,"CITY COUNCIL AGENDA

Tuesday, June 16, 2026, 5:30 PM
1020 E Pioneer Rd,
Draper, Utah 84020
Council Chambers


THE JUNE 16, 2026 CITY COUNCIL MEETING HAS BEEN CANCELLED


Nicole Smedley, CMC, City Recorder
Draper City, State of Utah

I, the City Recorder of Draper City, certify that copies of this agenda for the Draper City
Council meeting to be held June 16, 2026, were posted at Draper City Hall, Draper City
website www.draperutah.gov, and the Utah Public Notice website at www.utah.gov/pmn.",pmn,2026-06-01T13:46:15.665004Z
pmn_1070281_item0,Eagle Mountain,Planning Commission,2026-04-14,Brandon Park Future Land Use Map and Zoning Map amendments,nan,0.9,GENERAL_PLAN_AMENDMENT,Proposed Future Land Use Map and Zoning Map amendments for approximately 216 acres within the Brandon Park development. Public hearing to be held by Planning Commission and City Council.,Brandon Park development area,216,,,,,PROPOSED,75,Large-scale planning amendments; specific zoning designations referenced via QR code in original packet,https://www.utah.gov/pmn/sitemap/notice/1070281.html,,pmn,2026-06-01T13:46:15.664888Z
pmn_1070281_item1,Eagle Mountain,Planning Commission,2026-04-14,Spring Run Plaza Preliminary Plat - six commercial lots,nan,0.9,COMMERCIAL_PROJECT,Preliminary plat for Spring Run Plaza commercial development. First phase creates six lots for commercial development at the northeast corner of Cory B. Wride Memorial Highway and Spring Run Parkway.,northeast corner of Cory B. Wride Memorial Highway and Spring Run Parkway,,,,,,PROPOSED,60,Multi-phase commercial development; first phase identified,https://www.utah.gov/pmn/sitemap/notice/1070281.html,"{""parcel_ids"": [""58:033:0628""]}",pmn,2026-06-01T13:46:15.664888Z
pmn_1070281_item2,Eagle Mountain,Planning Commission,2026-04-14,Sunset Mountain Properties Rezone - Agriculture to Light Manufacturing/Distribution,nan,0.9,REZONE,Proposed Future Land Use Map and Zoning Map amendments for approximately 83 acres near the southeast corner of Pole Canyon Boulevard and 0 St. Rezone from Agriculture to Light Manufacturing/Distribution (LMD) with Regional Technology and Industry Overlay Zone.,southeast corner of Pole Canyon Boulevard and 0 St,83,,Sunset Mountain Properties,Agriculture,Light Manufacturing/Distribution (LMD) with Regional Technology and Industry Overlay Zone,PROPOSED,80,Industrial/manufacturing rezone with overlay zone; significant acreage for light industrial development,https://www.utah.gov/pmn/sitemap/notice/1070281.html,"{""parcel_ids"": [""59:055:0018"", ""59:055:0019""]}",pmn,2026-06-01T13:46:15.664888Z
pmn_1071737_item0,Eagle Mountain,Planning Commission,2026-04-14,Spring Run Plaza Preliminary Plat - six commercial lots at Cory B. Wride Memorial Highway and Spring Run Parkway,nan,0.9,COMMERCIAL_PROJECT,"Preliminary plat approval for Spring Run Plaza, a multi-lot commercial development. First phase creates six lots for commercial development.",Northeast corner of Cory B. Wride Memorial Highway and Spring Run Parkway,,,,,,TABLED,45,"Tabled to April 28, 2026 for further consideration",https://www.utah.gov/pmn/sitemap/notice/1071737.html,"{""parcel_ids"": [""58:033:0628""]}",pmn,2026-06-01T13:46:15.664885Z
pmn_1071737_item1,Eagle Mountain,Planning Commission,2026-04-14,Brandon Park Area - Future Land Use Map and Zoning Map Amendment for approximately 216 acres,nan,0.9,GENERAL_PLAN_AMENDMENT,Amending the Official Zoning Map and Future Land Use Map to assign current zoning designations to properties within the Brandon Park development area. Public hearing required.,"Brandon Park area, Eagle Mountain",216,,,,,PROPOSED,65,Large area (216 acres) requiring zoning and future land use map alignment,https://www.utah.gov/pmn/sitemap/notice/1071737.html,,pmn,2026-06-01T13:46:15.664885Z
pmn_1071737_item2,Eagle Mountain,Planning Commission,2026-04-14,Commercial and Multifamily Design Standards Ordinance Amendment - Chapter 17.72,nan,0.9,,"Amending Chapter 17.72 to permit drive-throughs adjacent to a street in CC and CR zones, and removing structured parking requirement from CN zone. Regulatory update to design standards.",,,,,,,PROPOSED,35,Code amendment enabling drive-through flexibility in commercial zones; affects development feasibility citywide,https://www.utah.gov/pmn/sitemap/notice/1071737.html,,pmn,2026-06-01T13:46:15.664885Z
pmn_1071737_item3,Eagle Mountain,Planning Commission,2026-04-14,Off-Street Parking and Landscaping/Buffering Ordinance Amendment - Chapters 17.55 and 17.60,nan,0.9,,"Amending Chapter 17.55 (Off-Street Parking) and Chapter 17.60 (Landscaping, Buffering, and Fencing) - full text not provided in agenda excerpt.",,,,,,,PROPOSED,30,Code amendments affecting parking and landscaping standards citywide; text truncated in source document,https://www.utah.gov/pmn/sitemap/notice/1071737.html,,pmn,2026-06-01T13:46:15.664885Z
pmn_1073331_item0,Eagle Mountain,Planning Commission,2026-04-28,Spring Run Plaza Master Development Agreement for commercial development on Spring Run Parkway,nan,0.9,COMMERCIAL_PROJECT,"City negotiating master development agreement with Spring Run Parkway Partners II, LP and RCA65, LLC for a commercial development on Spring Run Parkway across from Walmart. Agreement implements master development plan approved December 2, 2025, provides exceptions to Commercial Community zoning requirements, and governs infrastructure improvements.","Spring Run Parkway, across from Walmart",,,"Spring Run Parkway Partners II, LP and RCA65, LLC",Commercial Community,Commercial Community,PROPOSED,65,Master development plan already approved in December 2025. This hearing concerns execution of master development agreement with zoning exceptions and infrastructure provisions.,https://www.utah.gov/pmn/sitemap/notice/1073331.html,,pmn,2026-06-01T13:46:15.664880Z
pmn_1073331_item1,Eagle Mountain,Planning Commission,2026-04-28,EMMC 16.15 Amendment: Concept Plans code revision,nan,0.9,,Ordinance to amend Eagle Mountain Municipal Code Chapter 16.15 regarding Concept Plans procedures and requirements.,,,,,,,PROPOSED,15,Code amendment affecting development review process. Impact depends on specific changes to concept plan procedures.,https://www.utah.gov/pmn/sitemap/notice/1073331.html,,pmn,2026-06-01T13:46:15.664880Z
pmn_1073331_item2,Eagle Mountain,Planning Commission,2026-04-28,EMMC 17.10.030 and 17.25.040 Amendment: Wildland Urban Interface rear setback requirements,nan,0.9,,Proposal to add definition for 'Wildland Urban Interface (WUI) Boundary Lot' and amend Residential Development Standards table to establish rear setback requirements for parcels adjacent to WUI boundary.,,,,,,,PROPOSED,25,Fire/wildland interface safety regulation affecting residential development standards. May impact density and site planning for properties near WUI boundaries.,https://www.utah.gov/pmn/sitemap/notice/1073331.html,,pmn,2026-06-01T13:46:15.664880Z
pmn_1075273_item0,Eagle Mountain,Planning Commission,2026-04-28,Ordinance amending WUI Boundary Lot definitions and residential setback standards,nan,0.9,GENERAL_PLAN_AMENDMENT,Amendment to Eagle Mountain Municipal Code Chapter 17.10.030 and 17.25.040 to add definition for 'Wildland Urban Interface (WUI) Boundary Lot' and establish rear setback requirements for parcels adjacent to WUI boundary as recommended by fire officials.,,,,,,,PROPOSED,15,Fire safety requirement for WUI adjacent properties; affects residential development standards citywide,https://www.utah.gov/pmn/sitemap/notice/1075273.html,,pmn,2026-06-01T13:46:15.664882Z
pmn_1075273_item1,Eagle Mountain,Planning Commission,2026-04-28,Ordinance amending Eagle Mountain Municipal Code Chapter 16.15 Concept Plans,nan,0.9,GENERAL_PLAN_AMENDMENT,Amendment to the Eagle Mountain Municipal Code Chapter 16.15 regarding Concept Plans procedures and requirements.,,,,,,,PROPOSED,10,Procedural update to concept plan review process; specific details not provided in agenda,https://www.utah.gov/pmn/sitemap/notice/1075273.html,,pmn,2026-06-01T13:46:15.664882Z
pmn_1075273_item2,Eagle Mountain,Planning Commission,2026-04-28,Spring Run Plaza Preliminary Plat - six lot commercial development,nan,0.9,NEW_SUBDIVISION,"Preliminary plat for Spring Run Plaza commercial subdivision, first phase creating six commercial lots at northeast corner of Cory B. Wride Memorial Highway and Spring Run Parkway.",northeast corner of Cory B. Wride Memorial Highway and Spring Run Parkway,,,,,,PROPOSED,45,First phase of multi-phase development; master development agreement being approved separately,https://www.utah.gov/pmn/sitemap/notice/1075273.html,"{""parcel_ids"": [""58:033:0628""]}",pmn,2026-06-01T13:46:15.664882Z
pmn_1075273_item3,Eagle Mountain,Planning Commission,2026-04-28,Spring Run Plaza Master Development Agreement approval,nan,0.9,COMMERCIAL_PROJECT,City approval of negotiated Master Development Agreement for Spring Run Plaza commercial development.,northeast corner of Cory B. Wride Memorial Highway and Spring Run Parkway,,,,,,PROPOSED,50,Companion to preliminary plat approval; establishes development framework and City commitments,https://www.utah.gov/pmn/sitemap/notice/1075273.html,"{""parcel_ids"": [""58:033:0628""]}",pmn,2026-06-01T13:46:15.664882Z
pmn_1075893,Eagle Mountain,City Council,2026-04-28,Public Meeting,nan,nan,,,,,,,,,PROPOSED,,,https://www.utah.gov/pmn/sitemap/notice/1075893.html,"EAGLE MOUNTAIN
CITY COUNCIL MEETING

APRIL 28, 2026, 3:00 PM
EAGLE MOUNTAIN CITY COUNCIL CHAMBERS
1650 E STAGECOACH RUN, EAGLE MOUNTAIN, UT 84005
3:00 PM BUDGET WORK SESSION - CITY COUNCIL CHAMBERS

1.	CALL TO ORDER

2.	DISCUSSION OF PROPOSED BUDGET

	2.A.	BUDGET DISCUSSION ITEM

3.	ADJOURNMENT

THE PUBLIC IS INVITED TO PARTICIPATE IN PUBLIC MEETINGS FOR ALL AGENDAS.
In accordance with the Americans with Disabilities Act, Eagle Mountain City will make reasonable accommodations for participation in all Public Meetings and Work Sessions. Please call the City Recorder's Office at least 3 working days prior to the meeting at 801-789-6611. This meeting may be held telephonically to allow a member of the public body to participate. This agenda is subject to change with a minimum 24-hour notice.

CERTIFICATE OF POSTING

The undersigned, duly appointed City Recorder, does hereby certify that the above agenda notice was posted on this 27 day of April, 2026, on the Eagle Mountain City bulletin boards, the Eagle Mountain City website www.eaglemountain.gov, posted to the Utah State public notice website http://www.utah.gov/pmn/index.html, and was emailed to at least one newspaper of general circulation within the jurisdiction of the public body.

Lacie A. Messerly
City Recorder",pmn,2026-06-01T13:46:15.664657Z
pmn_1075503_item0,Eagle Mountain,City Council,2026-05-05,"Parks, Trails and Open Space Master Plan and Impact Fee Facilities Plan update",nan,0.9,INFRASTRUCTURE,"Eagle Mountain City Council to receive public comments on updated Parks, Trails and Open Space Master Plan prepared by MHTN, including comprehensive inventory of existing parks and recreational assets, evaluation of conditions, level of service analysis, and strategic recommendations for parks development and improvements. Associated Impact Fee Facilities Plan (IFFP) also proposed.","Eagle Mountain, Utah",,,MHTN,,,PROPOSED,45,"Community-wide parks and trails planning effort; contact Zac Hilton, Assistant Public Works Director",https://www.utah.gov/pmn/sitemap/notice/1075503.html,,pmn,2026-06-01T13:46:15.664652Z
pmn_1075503_item1,Eagle Mountain,City Council,2026-05-05,Brandon Park Future Land Use Map and Zoning Map amendments,nan,0.9,GENERAL_PLAN_AMENDMENT,Eagle Mountain City Council to conduct public hearings for proposed Future Land Use Map and Zoning Map amendments for approximately 216 acres within the Brandon Park development. Specific zoning and future land use designations proposed for each property.,"Brandon Park development, Eagle Mountain, Utah",216,,,,,PROPOSED,75,"Large area (216 acres) undergoing land use and zoning changes; contact Steven Lehmitz, Planner",https://www.utah.gov/pmn/sitemap/notice/1075503.html,,pmn,2026-06-01T13:46:15.664652Z
pmn_1075503_item2,Eagle Mountain,City Council,2026-05-05,EMMC Chapter 17.72 amendment regarding drive-through locations and structured parking,nan,0.9,,Consideration of amendment to Eagle Mountain Municipal Code Section 17.72 regarding drive-through locations and structured parking regulations.,,,,,,,PROPOSED,30,"Code amendment affecting development standards; contact David Stroud, Senior Planner",https://www.utah.gov/pmn/sitemap/notice/1075503.html,,pmn,2026-06-01T13:46:15.664652Z
pmn_1077095_item0,Eagle Mountain,City Council,2026-05-05,Senior Housing Overlay Zone discussion and policy direction,nan,0.9,GENERAL_PLAN_AMENDMENT,Discussion of Senior Housing Overlay Zone policy with Long Range Planner and Affordable Housing Coordinator to inform future zoning and land use decisions,,,,,,,PROPOSED,35,"Informational item in work session; indicates city is considering overlay zone for senior housing, likely to support affordable housing goals",https://www.utah.gov/pmn/sitemap/notice/1077095.html,,pmn,2026-06-01T13:46:15.664654Z
pmn_1077095_item1,Eagle Mountain,City Council,2026-05-05,Future Land Use Map discussion and update,nan,0.9,GENERAL_PLAN_AMENDMENT,Planning Director presentation and discussion of Future Land Use Map updates and potential amendments,,,,,,,PROPOSED,40,Long-range planning discussion; suggests potential rezones or land use changes under consideration city-wide,https://www.utah.gov/pmn/sitemap/notice/1077095.html,,pmn,2026-06-01T13:46:15.664654Z
pmn_1076475_item0,Eagle Mountain,Planning Commission,2026-05-12,"Overland ARMDA 5th Amendment - Terra Smith's Eagle Mountain, LLC and Smith's Food & Drug Center, Inc.",nan,0.9,DEVELOPER_ACTIVITY,"Amendment to existing Overland ARMDA to add Smith's Food & Drug Center, Inc. as a party to the agreement, request exception to slope requirements for retention basins, and correct clerical error in developer entity name.",,,,"Terra Smith's Eagle Mountain, LLC; Smith's Food & Drug Center, Inc.",,,PROPOSED,45,"City Council pre-approved core amendment on March 25, 2026. Planning Commission hearing required before final execution. Development standard exception sought for retention basin slope requirements.",https://www.utah.gov/pmn/sitemap/notice/1076475.html,,pmn,2026-06-01T13:46:15.664874Z
pmn_1076475_item1,Eagle Mountain,Planning Commission,2026-05-12,EMMC 16.15 - Concept Plans Municipal Code Amendment,nan,0.9,,Amendment to Eagle Mountain Municipal Code Chapter 16.15 regarding Concept Plans procedures and requirements.,,,,,,,PROPOSED,25,Procedural/administrative code amendment. Details not provided in notice.,https://www.utah.gov/pmn/sitemap/notice/1076475.html,,pmn,2026-06-01T13:46:15.664874Z
pmn_1076475_item2,Eagle Mountain,Planning Commission,2026-05-12,EMMC 17.64 - Alternative Energy Overlay Zone Creation,nan,0.9,GENERAL_PLAN_AMENDMENT,Creation of new Alternative Energy Overlay Zone (AEOZ) to allow development of various power generation facilities at approved locations. Zone includes requirements for state and federal entity approvals. Not being applied to any specific property at this time; contemplated for future use on request.,,,,,,AEOZ,PROPOSED,35,Enabling legislation for renewable/alternative energy development. Creates framework for future project applications rather than addressing specific sites.,https://www.utah.gov/pmn/sitemap/notice/1076475.html,,pmn,2026-06-01T13:46:15.664874Z
pmn_1078693_item0,Eagle Mountain,Planning Commission,2026-05-12,Corrigan Farms Rezone,nan,0.9,REZONE,Discussion of rezone proposal for Corrigan Farms property,,,,,,,PROPOSED,65,Work session discussion item; specific zone designations and property details not provided in agenda text,https://www.utah.gov/pmn/sitemap/notice/1078693.html,,pmn,2026-06-01T13:46:15.664877Z
pmn_1078693_item1,Eagle Mountain,Planning Commission,2026-05-12,Deer Run Concept Plan,nan,0.9,LARGE_PROJECT,Discussion of concept plan for Deer Run development,,,,,,,PROPOSED,70,Work session discussion item; project scope and details not provided in agenda text,https://www.utah.gov/pmn/sitemap/notice/1078693.html,,pmn,2026-06-01T13:46:15.664877Z
pmn_1078693_item2,Eagle Mountain,Planning Commission,2026-05-12,Scenic Mountain Area Rezoning of 223 Properties,nan,0.9,REZONE,Discussion of rezoning proposal affecting 223 properties in the Scenic Mountain Area,Scenic Mountain Area,,,,,,PROPOSED,85,Work session discussion item; large-scale rezoning affecting 223 properties; specific zone changes not detailed in agenda text,https://www.utah.gov/pmn/sitemap/notice/1078693.html,,pmn,2026-06-01T13:46:15.664877Z
pmn_1078693_item3,Eagle Mountain,Planning Commission,2026-05-12,Alternative Energy Overlay Zone (AEOZ) Ordinance Amendment,nan,0.9,GENERAL_PLAN_AMENDMENT,Ordinance amending Eagle Mountain Municipal Code Chapter 17.64 to create an Alternative Energy Overlay Zone allowing for development of power generation facilities at approved locations. AEOZ not being applied to any property at this time but available for future use on request.,,,,,,,PROPOSED,40,Overlay zone framework for renewable/alternative energy development; requires state and federal approval; no specific properties identified,https://www.utah.gov/pmn/sitemap/notice/1078693.html,,pmn,2026-06-01T13:46:15.664877Z
pmn_1078693_item4,Eagle Mountain,Planning Commission,2026-05-12,Concept Plans Ordinance Amendment,nan,0.9,GENERAL_PLAN_AMENDMENT,Ordinance amending Eagle Mountain Municipal Code Chapter 16.15 regarding Concept Plans procedures and requirements,,,,,,,PROPOSED,25,Procedural/regulatory amendment; specific changes to concept plan requirements not detailed in agenda text,https://www.utah.gov/pmn/sitemap/notice/1078693.html,,pmn,2026-06-01T13:46:15.664877Z
pmn_1078693_item5,Eagle Mountain,Planning Commission,2026-05-12,Overland 5th Amendment to ARMDA Agreement,nan,0.9,DEVELOPER_ACTIVITY,Ordinance approving the Fifth Amendment to the ARMDA (Area Reinvestment and Management Development Agreement) with Overland,,,,Overland,,,PROPOSED,50,ARMDA amendment suggests ongoing development agreement; agenda text truncated and lacks detail on amendment scope,https://www.utah.gov/pmn/sitemap/notice/1078693.html,,pmn,2026-06-01T13:46:15.664877Z
pmn_1080863_item0,Eagle Mountain,City Council,2026-05-19,Corrigan Farms Rezone,nan,0.9,REZONE,Discussion of rezone proposal for Corrigan Farms project,,,,,,,PROPOSED,65,Work session discussion item; full proposal details not provided in agenda packet,https://www.utah.gov/pmn/sitemap/notice/1080863.html,,pmn,2026-06-01T13:46:15.664649Z
pmn_1080863_item1,Eagle Mountain,City Council,2026-05-19,Deer Run Concept Plan,nan,0.9,LARGE_PROJECT,Discussion of Deer Run concept plan for development,,,,,,,PROPOSED,70,Work session discussion item; full proposal details not provided in agenda packet,https://www.utah.gov/pmn/sitemap/notice/1080863.html,,pmn,2026-06-01T13:46:15.664649Z
pmn_1080863_item2,Eagle Mountain,City Council,2026-05-19,Scenic Mountain Area Rezoning of 223 Properties,nan,0.9,REZONE,Discussion of rezoning for 223 properties in Scenic Mountain area,Scenic Mountain Area,,,,,,PROPOSED,75,Large-scale rezoning affecting 223 properties; work session discussion only,https://www.utah.gov/pmn/sitemap/notice/1080863.html,,pmn,2026-06-01T13:46:15.664649Z
pmn_1080087,Eagle Mountain,City Council,2026-05-20,Public Meeting,nan,nan,,,,,,,,,PROPOSED,,,https://www.utah.gov/pmn/sitemap/notice/1080087.html,"EAGLE MOUNTAIN 
 Library Advisory Board MEETING
 
 May 20th, 2026, 6:30 p.m.
 Eagle Mountain City Library 
 1650 East Stagecoach Run, Eagle Mountain, Utah 84005

1.	Call to Order 
-	Roll Call
2.	Public Comment
3.	Librarian Report
-	Stats
-	Discussion and approval of Use of Library Cameras Policy
-	Discussion and approval of amendment to the Collection Development Policy- regarding AI 
-	Discussion and approval of updated Library Board Bylaws
-	Other 
4.	Member reports
5.	Adjournment

CERTIFICATE OF POSTING
The undersigned, duly appointed City Recorder, does hereby certify that the above agenda notice was posted on this 13 day of May, 2026, on the Eagle Mountain City bulletin boards, the Eagle Mountain City website www.eaglemountain.gov and posted to the Utah State public notice website http://www.utah.gov/pmn/index.html, 

Lacie Messerly, City Recorder",pmn,2026-06-01T13:46:15.664646Z
pmn_1080169_item0,Eagle Mountain,Planning Commission,2026-05-26,Annexation Policy Plan - Eagle Mountain City updated annexation policy identifying seven potential unincorporated Utah County areas,nan,0.9,ANNEXATION,Eagle Mountain City is proposing an updated annexation policy plan that identifies six to seven areas of unincorporated Utah County that the city would potentially consider for annexation. The plan includes a map showing these areas in relation to current city boundaries and establishes criteria and considerations to facilitate analysis and decision-making for future annexation proposals.,unincorporated Utah County areas surrounding Eagle Mountain City,,,,,,PROPOSED,65,"Policy-level annexation planning; identifies target areas for future growth rather than specific development proposals. Contact: Brandon Larsen, Community Development Director (blarsen@eaglemountain.gov). Public hearing scheduled for May 26, 2026 at 6:30 PM.",https://www.utah.gov/pmn/sitemap/notice/1080169.html,,pmn,2026-06-01T13:46:15.664868Z
pmn_1082575_item0,Eagle Mountain,Planning Commission,2026-05-26,Variance approval for Pony Express Business Park,nan,0.9,COMMERCIAL_PROJECT,Planning Commission consideration of a variance request for Pony Express Business Park,,,,,,,PROPOSED,35,Variance type and specific relief requested not detailed in agenda; business park development implies commercial/industrial use,https://www.utah.gov/pmn/sitemap/notice/1082575.html,,pmn,2026-06-01T13:46:15.664871Z
pmn_1083205,Eagle Mountain,City Council,2026-05-26,Public Meeting,nan,nan,,,,,,,,,PROPOSED,,,https://www.utah.gov/pmn/sitemap/notice/1083205.html,"EAGLE MOUNTAIN CITY COUNCIL MEETING 
MAY 26, 2026, 3:00 PM 
EAGLE MOUNTAIN CITY COUNCIL CHAMBERS 
1650 E STAGECOACH RUN, EAGLE MOUNTAIN, UT 84005

3:00 PM BUDGET WORK SESSION - CITY COUNCIL CHAMBERS
A. INFORMATION/STATEMENT - The Mayor intends to state that the tentative budget includes a proposed property tax increase for public safety.
1. CALL TO ORDER
2. DISCUSSION OF PROPOSED BUDGET
2.A. INFORMATION - Property Tax Impact Schedule The City Council will hold a public hearing regarding the proposed property tax increase on August 6, 2026 at 6:00 p.m. Members of the public will have an opportunity to appear and be heard regarding the proposed tax increase. For more information please go to:
https://eaglemountain.gov/truth-in-taxation-property-tax/.
2.B. BUDGET DISCUSSION ITEM
The purpose of this Budget Work Meeting is for the City Council to review, discuss, and ask questions about the tentative budget. The tentative budget can be found online:
https://city-eagle-mountain-ut-cleardoc.cleargov.com/22130/845077/d.  It includes a proposed property tax increase to support public safety. The Truth in Taxation public hearing is scheduled for Thursday, August 6, 2026, at 6:00PM. The final budget for fiscal year 2026-2027 will be adopted on August 18, 2026. An Interim Budget will be adopted on June 16, 2026, and be in effect for the period beginning on July 1, 2026, and ending after August 18, 2026, upon the City Council's adoption of the final budget. A Public Hearing to accept public comment on the Interim Budget will be held at 7:00PM on Tuesday, June 16, 2026.
3.ADJOURNMENT

THE PUBLIC IS INVITED TO PARTICIPATE IN PUBLIC MEETINGS FOR ALL AGENDAS.
In accordance with the Americans with Disabilities Act, Eagle Mountain City will make reasonable accommodations for participation in all Public Meetings and Work Sessions. Please call the City Recorder's Office at least 3 working days prior to the meeting at 801-789-6611. This meeting may be held telephonically",pmn,2026-06-01T13:46:15.664643Z
pmn_1082697_item0,Eagle Mountain,City Council,2026-06-02,Horizon Master Development Plan and Preliminary Plat Approval for 110 single-family detached residential lots on approximately 109 acres,nan,0.9,LARGE_PROJECT,Request for Master Development Plan and Preliminary Plat Approval for a residential development consisting of 110 single-family detached lots with open space on approximately 109 acres located north of Pony Express Parkway and Lone Tree Parkway,"2434 E. Pony Express Parkway, Eagle Mountain, Utah; Section 30, T5S, R1W",109,110,Caden Hazard,,,PROPOSED,85,"Project name is 'Horizon'. Point of contact: Senior Planner Robert Hobbs (rhobbs@eaglemountain.gov). Public hearing scheduled for June 2, 2026 at 7:00 PM.",https://www.utah.gov/pmn/sitemap/notice/1082697.html,"{""parcel_ids"": [""58:040:0378""]}",pmn,2026-06-01T13:46:15.664628Z
pmn_1082269_item0,Eagle Mountain,City Council,2026-06-02,Annexation Policy Plan: Eagle Mountain City updated annexation policy identifying seven potential unincorporated Utah County areas,nan,0.9,ANNEXATION,Eagle Mountain City is proposing an updated annexation policy plan that identifies seven (7) areas of unincorporated Utah County that the city would potentially consider for annexation. The plan includes a map of these areas in relation to current city boundaries and contains criteria and considerations to facilitate analysis and decision-making for future annexation proposals.,unincorporated Utah County (seven designated areas),,,,,,PROPOSED,45,This is a policy-level planning document establishing framework for future annexations rather than a specific development proposal. Contact: Community Development Director blarsen@eaglemountain.gov,https://www.utah.gov/pmn/sitemap/notice/1082269.html,,pmn,2026-06-01T13:46:15.664634Z
pmn_1081649_item0,Eagle Mountain,City Council,2026-06-02,Land Disposal Application - Casey Hansen for approximately 0.01 acres of public property,nan,0.9,,"Public hearing to consider a Land Disposal Application from Casey Hansen to dispose of approximately 0.01 acres of real public property, identified as a portion of Utah County Parcel No 45:326:0109, designated as 'Significant Real Property'.",,0.01,,Casey Hansen,,,PROPOSED,5,This is a municipal land disposal application involving a very small parcel of public property. Low growth impact due to minimal acreage.,https://www.utah.gov/pmn/sitemap/notice/1081649.html,"{""parcel_ids"": [""45:326:0109""]}",pmn,2026-06-01T13:46:15.664637Z
pmn_1084319_item0,Eagle Mountain,City Council,2026-06-02,Scenic Mountain Area Rezoning of 223 Properties,nan,0.9,REZONE,Discussion and information regarding rezoning of 223 properties in the Scenic Mountain Area. This is a large-scale rezoning effort affecting multiple parcels.,Scenic Mountain Area,,,,,,PROPOSED,85,"Large-scale rezoning of 223 properties suggests significant area-wide development potential. As discussion/information item in work session, formal action may follow in future meetings. Recommended for developer monitoring given scale.",https://www.utah.gov/pmn/sitemap/notice/1084319.html,,pmn,2026-06-01T13:46:15.664640Z
pmn_1082967_item0,Eagle Mountain,Planning Commission,2026-06-09,Annexation Policy Plan update for Eagle Mountain City,nan,0.9,ANNEXATION,"Eagle Mountain City is proposing an updated annexation policy plan and seeking feedback from affected entities including special districts, school districts, and municipalities within 1/2 mile of proposed annexation areas. This is a public hearing for affected entities with opportunity for written feedback for 10 days following the meeting.",,,,,,,PROPOSED,55,"Policy-level annexation planning rather than specific project. Contact: Brandon Larsen, Community Development Director (blarsen@eaglemountain.gov). Hearing date: June 9, 2026 at 6:30 PM at Eagle Mountain City Council Chambers, 1650 E. Stagecoach Run.",https://www.utah.gov/pmn/sitemap/notice/1082967.html,,pmn,2026-06-01T13:46:15.664866Z
pmn_1084211_item0,Eagle Mountain,Planning Commission,2026-06-09,Second Amendment to Eagle Quest East Master Development Agreement to extend development benchmarks and expiration,nan,0.9,DEVELOPER_ACTIVITY,Planning Commission recommendation on a proposed second amendment to the Eagle Quest East Master Development Agreement that would extend the initial benchmarks of development and the overall expiration of the Agreement.,North of Sunset Flats development,,,,,,PROPOSED,45,Master Development Agreement amendment extending timelines; indicates ongoing or delayed Eagle Quest East project,https://www.utah.gov/pmn/sitemap/notice/1084211.html,"{""parcel_ids"": [""59:006:0053""]}",pmn,2026-06-01T13:46:15.664861Z
pmn_1084211_item1,Eagle Mountain,Planning Commission,2026-06-09,Senior Housing Overlay Zone establishment and EMMC amendments,nan,0.9,GENERAL_PLAN_AMENDMENT,"Proposal to add definitions, amend the Residential Development Standards table, and enact EMMC 17.55 to establish a Senior Housing Overlay Zone and associated standards for senior housing development.",,,,,,,PROPOSED,70,"New overlay zone for senior housing signals city planning for age-restricted residential development; affects EMMC 17.10.030, 17.25.030, and 17.55",https://www.utah.gov/pmn/sitemap/notice/1084211.html,,pmn,2026-06-01T13:46:15.664861Z
pmn_1053641_item0,Erda,Erda Planning Commission,2026-01-27,CUP 2025-120: Agricultural landscape business yard at 655 E Bates Canyon Rd,nan,0.9,DEVELOPER_ACTIVITY,"Michael Jensen requesting conditional use permit to operate a landscape business yard with building and limited supply of nursery stock (trees, shrubs, bark, and associated landscape materials)","655 E Bates Canyon Rd, Erda, UT",,,Michael Jensen,,,PROPOSED,25,Conditional use permit for agricultural/landscaping business; limited commercial intensity,https://www.utah.gov/pmn/sitemap/notice/1053641.html,,pmn,2026-06-01T13:46:15.665942Z
pmn_1053641_item1,Erda,Erda Planning Commission,2026-01-27,CUP 2025-121: Home-based automotive repair business at 2342 W Erda Way,nan,0.9,DEVELOPER_ACTIVITY,Devore Automotive requesting conditional use permit approval for a home-based automotive repair business,"2342 W Erda Way, Erda, UT",,,Devore Automotive,,,PROPOSED,15,Home-based business conditional use permit; limited commercial activity,https://www.utah.gov/pmn/sitemap/notice/1053641.html,"{""parcel_ids"": [""13-001-0-0002""]}",pmn,2026-06-01T13:46:15.665942Z
pmn_1057383,Erda,Erda Planning Commission,2026-02-10,**CANCELED*** Erda Planning Commission Meeting,nan,nan,,,,,,,,,PROPOSED,,,https://www.utah.gov/pmn/sitemap/notice/1057383.html,"****CANCELED***** Notice is hereby given that the Planning Commission's Scheduled Meeting on Tuesday February 10th, 2026 has been canceled. The Planning Commission will hold their next regularly scheduled meeting on Tuesday February 24th, 2026 at 7:00pm. At the Erda City Office, Erda Fire Station, 2163 W. Erda Way, Erda UT.",pmn,2026-06-01T13:46:15.665940Z
pmn_1055539,Erda,Erda Planning Commission,2026-02-10,Erda Planning Commission Meeting Dates 2026,nan,nan,,,,,,,,,PROPOSED,,,https://www.utah.gov/pmn/sitemap/notice/1055539.html,"Erda Planning Commission 2026 Meeting dates

Meetings will be held the 2nd and 4th Tuesdays of the month. All meetings will be held at 7:00 pm at the Erda City Office/Fire Station at 2163 W Erda Way, Erda, UT

January 13
January 27
February 10
February 24
March 10
March 24
April 14
April 28
May 12
May 26  (Cancelled due to Holiday)
June 9
June 23
July 14
July 28 
August 11
August 25
September 08
September 22
October 13
October 27
November 10 
November 24 (Cancelled due to Holiday)
December 08
December 22 (Cancelled due to Holiday)",pmn,2026-06-01T13:46:15.665937Z
pmn_1061791_item0,Erda,Erda Planning Commission,2026-02-24,Oquirrh Point Phase 1 Preliminary Plat (2nd Amendment) - 851 lots,nan,0.9,NEW_SUBDIVISION,"Second amendment to Oquirrh Point Phase 1 preliminary plat. Original plat of 887 lots was approved January 14, 2025 with 851 lots approved on November 18, 2025. Amendment addresses right-of-way dedication for Erda Way, which requires 84 ft right of way per transportation plan (originally designed as 60 ft). Lots 1-9 reduced in size from 15,000 sq ft to 14,400 sq ft as a result of required right-of-way dedication.","Erda Way corridor, Erda, UT",,851,,,,PROPOSED,78,This is a second amendment indicating the subdivision has undergone prior approvals. The primary change is compliance with transportation corridor standards requiring wider right-of-way. Erda Way is identified as a major transportation corridor. Minor lot size adjustments (600 sq ft reduction per lot) affect only 9 lots.,https://www.utah.gov/pmn/sitemap/notice/1061791.html,,pmn,2026-06-01T13:46:15.665934Z
pmn_1065005_item0,Erda,Erda Planning Commission,2026-03-10,CUP 2026-25: Cottage Business at 3944 Spiral Springs Rd,nan,0.9,DEVELOPER_ACTIVITY,Applicant Cindy Toone is seeking a Conditional Use Permit (CUP) to operate a cottage business at the subject property.,"3944 Spiral Springs Rd, Erda, UT",,,Cindy Toone,,,PROPOSED,15,"Cottage business CUP application; low-intensity residential use case. Planning Commission public hearing scheduled for March 10, 2026.",https://www.utah.gov/pmn/sitemap/notice/1065005.html,,pmn,2026-06-01T13:46:15.665932Z
pmn_1065007,Erda,Erda City Council,2026-03-12,Erda City Council Meeting,nan,nan,,,,,,,,,PROPOSED,,,https://www.utah.gov/pmn/sitemap/notice/1065007.html,"Notice is hereby given that the Erda City Council will hold a meeting on Thursday, March 12, 2026 at 7:00pm. The meeting will be held at the Erda City Fire Station/Office, located at 2163 West Erda Way, Erda, Utah

You may join in person or via Google Meet link: https://meet.google.com/ved-qaob-bax
Or dial:  (US) +1 443-712-7922  PIN:  228 169 532 #


Call to Order
Roll Call
Pledge
Public Comment
Approve meeting minutes from 2-12-26
Treasurer Report
Sheriff's Report
NTFD Report
Consideration of Resolution 26-01 Appointment of a Proxy to Salt Lake Airport Advisory Board
Presentation on State Regulations regarding the process and handling of Disconnect Applications
Discussion on Transportation Impact Fee
Council Representative Reports
Adjournment 


**All handouts for this meeting can be found on the city's website erda.gov under the calendar section**

Board may elect to go into a closed session which will not be open to the public pursuant to Utah Code Ann. §52-4-205(1).


Pursuant to the Americans with Disabilities Act, Individuals needing special accommodations should contact Larry Kimpel at 435-354-9216",pmn,2026-06-01T13:46:15.665776Z
pmn_1068037,Erda,Erda Planning Commission,2026-03-24,**CANCELED*** Erda Planning Commission Meeting,nan,nan,,,,,,,,,PROPOSED,,,https://www.utah.gov/pmn/sitemap/notice/1068037.html,"****CANCELED*****Notice is hereby given that the Planning Commission's Scheduled Meeting on Tuesday March 24th, 2026 has been canceled. The Planning Commission will hold their next regularly scheduled meeting on Tuesday April 14th, 2026 at 7:00pm. At the Erda City Office, Erda Fire Station, 2163 W. Erda Way, Erda UT.",pmn,2026-06-01T13:46:15.665929Z
pmn_1069171,Erda,Erda City Council,2026-03-27,Erda City Council Emergency Meeting,nan,nan,,,,,,,,,PROPOSED,,,https://www.utah.gov/pmn/sitemap/notice/1069171.html,"Notice is hereby given that the Erda City Council will hold an emergency meeting on Friday March 27th, 2026 at 6:30 PM hold a closed session pursuant to Utah Code §52-4-205(1) for a strategy session to discuss imminent litigation requiring immediate council direction. The meeting will be held at the Erda City Fire Station/Office, located at 2163 West Erda Way, Erda, Utah


Call to Order
Roll Call
Motion and Vote to Enter Closed Session (reason: imminent litigation requiring immediate council direction)
Conduct Closed Session
Adjournment 


**All handouts for this meeting can be found on the city's website erda.gov under the calendar section**

Board may elect to go into a closed session which will not be open to the public pursuant to Utah Code Ann. §52-4-205(1).
**Format and Verbiage to be used when going into a closed session
'I move that we temporarily recess the Council meeting to go into a closed meeting for a strategy session to discuss pending or reasonably imminent litigation.'
 
The motion needs a second and a roll call vote.
 
The Chair then makes this statement:   'The motion passes and the Council will go into closed meeting for a strategy session to discuss pending or reasonably imminent litigation that will be held in this room.'


Pursuant to the Americans with Disabilities Act, Individuals needing special accommodations should contact Larry Kimpel at 435-354-9216",pmn,2026-06-01T13:46:15.665774Z
pmn_1068537_item0,Erda,Erda City Council,2026-03-27,Resolution 26-05 Supporting America 250 Utah and Recognizing and approving the Erda Utah250 Community Committee,nan,0.9,,City council consideration of a resolution supporting America 250 Utah initiative and approving the Erda Utah250 Community Committee,,,,,,,PROPOSED,10,"Commemorative/community initiative, minimal development impact",https://www.utah.gov/pmn/sitemap/notice/1068537.html,,pmn,2026-06-01T13:46:15.665769Z
pmn_1068537_item1,Erda,Erda City Council,2026-03-27,Ordinance 26-03 directing City of Erda be removed as a party to the lawsuit,nan,0.9,,City council consideration of an ordinance directing the City of Erda to be removed as a party to an existing lawsuit,,,,,,,PROPOSED,0,Legal/administrative matter with no development implications,https://www.utah.gov/pmn/sitemap/notice/1068537.html,,pmn,2026-06-01T13:46:15.665769Z
pmn_1068537_item2,Erda,Erda City Council,2026-03-27,Letter of Support for the Utah Nuclear Lifecycle Innovation Campus (NLIC),nan,0.9,LARGE_PROJECT,City council consideration of a letter of support for the Utah Nuclear Lifecycle Innovation Campus (NLIC),,,,,,,PROPOSED,75,Major industrial/innovation project; letter of support suggests regional significance and potential economic development opportunity,https://www.utah.gov/pmn/sitemap/notice/1068537.html,,pmn,2026-06-01T13:46:15.665769Z
pmn_1068537_item3,Erda,Erda City Council,2026-03-27,Boys Home in Bronzewood Circle,nan,0.9,DEVELOPER_ACTIVITY,City council discussion regarding Boys Home facility in Bronzewood Circle area,"Bronzewood Circle, Erda",,,,,,PROPOSED,20,Institutional use; minimal detail provided in agenda; may involve conditional use permit or zoning considerations,https://www.utah.gov/pmn/sitemap/notice/1068537.html,,pmn,2026-06-01T13:46:15.665769Z
pmn_1068039,Erda,Erda City Council,2026-03-27,Erda City Council Meeting  **DATE CHANGE**,nan,nan,,,,,,,,,PROPOSED,,,https://www.utah.gov/pmn/sitemap/notice/1068039.html,"UPDATE
***NOTICE OF DATE CHANGE***
To accommodate the conflict in schedule at the Erda City Fire Station on the regularly scheduled City Council Meeting time, the City Council has chosen to meet on the FRIDAY March 27th, 2026 at 7pm.",pmn,2026-06-01T13:46:15.665771Z
pmn_1070977,Erda,Erda City Council,2026-04-09,**CANCELED*** Erda City Council Meeting,nan,nan,,,,,,,,,PROPOSED,,,https://www.utah.gov/pmn/sitemap/notice/1070977.html,"****CANCELED*****

Notice is hereby given that the Erda City Council's Scheduled Meeting on Thursday April 9th, 2026 has been canceled. The City Council will hold their next regularly scheduled meeting on Thursday April 23rd 2026 at 7:00pm. At the Erda City Office, Erda Fire Station, 2163 W. Erda Way, Erda UT",pmn,2026-06-01T13:46:15.665766Z
pmn_1072573_item0,Erda,Erda Planning Commission,2026-04-15,Copper Cove Preliminary Plat Phase 1 - 45 lot residential subdivision,nan,0.9,NEW_SUBDIVISION,"Preliminary plat approval request for Copper Cove Phase 1 containing 45 residential lots ranging in size from 5,800 to 10,000 square feet per lot, located at the northeast corner of the development.","Northeast corner of Copper Cove development, Erda, UT",,45,Derald Anderson,,,PROPOSED,72,Phase 1 of larger Copper Cove development. Lot sizes indicate single-family residential product. Preliminary plat stage suggests early approval process.,https://www.utah.gov/pmn/sitemap/notice/1072573.html,,pmn,2026-06-01T13:46:15.665926Z
pmn_1074875,Erda,Erda City Council,2026-04-24,Erda City Council Meeting,nan,nan,,,,,,,,,PROPOSED,,,https://www.utah.gov/pmn/sitemap/notice/1074875.html,"Notice is hereby given that the Erda City Council will hold a meeting on Friday, April 24, 2026 at 12:00pm. The meeting will be held at the Erda City Fire Station/Office, located at 2163 West Erda Way, Erda, Utah

You may join in person or via Google Meet link: https://meet.google.com/vcv-qhyp-ajq
Or dial:  (US) +1 929-324-2862  PIN:  234 845 955 #

Call to Order
Roll Call
Pledge
Public Comment
Approve meeting minutes from 3-27-26
Treasurer Report
Sheriff's Report
NTFD Report
NTFD Mitigation Specialist Presentation
Consideration of Resolution 26-06 Approving Interlocal Cooperative Agreement with Tooele County for Dispatch Services
UDOT Letter of Support for Trail Network Study
Discussion of involvement in Lawsuits
Council Representative Reports
CLOSED SESSION- Per Utah Code Ann. §52-4-205(1)(c)
Adjournment 


**All handouts for this meeting can be found on the city's website erda.gov under the calendar section**

Board may elect to go into a closed session which will not be open to the public pursuant to Utah Code Ann. §52-4-205(1).
**Format and Verbiage to be used when going into a closed session",pmn,2026-06-01T13:46:15.665763Z
pmn_1074883_item0,Erda,Erda Planning Commission,2026-04-28,Copper Cove Preliminary Plat Phase 1 – 45-lot residential subdivision,nan,0.9,NEW_SUBDIVISION,"Derald Anderson requesting preliminary plat approval for Copper Cove Phase 1, a 45-lot residential subdivision located at the northeast corner of the development. Individual lots range from 5,800 to 10,000 square feet.","northeast corner of Copper Cove development, Erda, UT",,45,Derald Anderson,,,PROPOSED,68,Preliminary plat for Phase 1 only; lot sizes suggest standard residential density; full development scope unknown from agenda item.,https://www.utah.gov/pmn/sitemap/notice/1074883.html,,pmn,2026-06-01T13:46:15.665924Z
pmn_1078403,Erda,Erda Planning Commission,2026-05-12,**CANCELED*** Erda Planning Commission Meeting,nan,nan,,,,,,,,,PROPOSED,,,https://www.utah.gov/pmn/sitemap/notice/1078403.html,"****CANCELED*****Notice is hereby given that the Planning Commission's Scheduled Meeting on Tuesday May 12th, 2026 has been canceled. The Planning Commission will hold their next regularly scheduled meeting on Tuesday May 26th, 2026 at 7:00pm. At the Erda City Office, Erda Fire Station, 2163 W. Erda Way, Erda UT.",pmn,2026-06-01T13:46:15.665921Z
pmn_1079709_item0,Erda,Erda City Council,2026-05-14,Ordinance 26-05: Temporary Land Use Regulation for Disconnect Areas,nan,0.9,GENERAL_PLAN_AMENDMENT,"Adoption of temporary land use regulations for disconnect areas within Erda City, pursuant to Utah Code §10-20-504",Erda City (disconnect areas),,,,,,PROPOSED,25,Related to East and West Applications to Disconnect from Erda City; temporary regulation suggests areas in transition or pending disconnection status,https://www.utah.gov/pmn/sitemap/notice/1079709.html,,pmn,2026-06-01T13:46:15.665758Z
pmn_1079709_item1,Erda,Erda City Council,2026-05-14,Ordinance 26-06: Vacating Copper Cove Development Agreement,nan,0.9,DEVELOPER_ACTIVITY,Cancellation or annulment of the Copper Cove Development Agreement,,,,Copper Cove,,,PROPOSED,15,Development agreement termination; suggests project may be defunct or under renegotiation,https://www.utah.gov/pmn/sitemap/notice/1079709.html,,pmn,2026-06-01T13:46:15.665758Z
pmn_1079709_item2,Erda,Erda City Council,2026-05-14,33rd Parkway Connection Infrastructure Project Bid Award,nan,0.9,INFRASTRUCTURE,Selection and award of bid for 33rd Parkway Connection project,"33rd Parkway, Erda City",,,,,,PROPOSED,35,Infrastructure improvement project; indicates road/connectivity expansion in development area,https://www.utah.gov/pmn/sitemap/notice/1079709.html,,pmn,2026-06-01T13:46:15.665758Z
pmn_1075207_item0,Erda,Erda City Council,2026-05-14,Erda City Proposed Disconnection Petitions - Two separate properties,nan,0.9,ANNEXATION,Public hearing to consider two separate petitions for the disconnection of certain real property from the corporate limits of Erda City. This is a reverse annexation or de-annexation process where property owners are petitioning to have their land removed from city jurisdiction.,Erda City (Tooele County),,,,,,PROPOSED,15,"Two separate disconnection petitions under Utah Code Ann. §10-2-501. Petitions available for public inspection at Erda City Fire Station (2163 W Erda Way) and on city website. Public hearing scheduled May 14, 2026 at 7:00 p.m. at Deseret Peak Complex. This represents contraction of city boundaries rather than growth/expansion.",https://www.utah.gov/pmn/sitemap/notice/1075207.html,,pmn,2026-06-01T13:46:15.665760Z
pmn_1083055_item0,Erda,Erda Planning Commission,2026-05-26,Copper Cove Preliminary Plat Phase 1 - 45 residential lots,nan,0.9,NEW_SUBDIVISION,"Preliminary plat approval request for Copper Cove Phase 1 containing 45 residential lots ranging from 5,800 to 10,000 square feet each, located at the northeast corner of the development","Northeast corner of Copper Cove development, Erda",,45,Derald Anderson,,,PROPOSED,68,Phase 1 of larger Copper Cove development. Lot sizes indicate single-family residential product. Developer Derald Anderson seeking preliminary plat approval at Planning Commission level.,https://www.utah.gov/pmn/sitemap/notice/1083055.html,,pmn,2026-06-01T13:46:15.665917Z
pmn_1083489,Erda,Erda City Council,2026-05-28,Erda City Council Meeting,nan,nan,,,,,,,,,PROPOSED,,,https://www.utah.gov/pmn/sitemap/notice/1083489.html,"Notice is hereby given that the Erda City Council will hold a meeting on Thursday, May 28th, 2026 at 7:00pm. The meeting will be held at the Erda City Fire Station/Office, located at 2163 West Erda Way, Erda, Utah

You may join in person or via Google Meet link: https://meet.google.com/nwi-afjy-fqa
Or dial:  (US) +1 732-844-0616  PIN:  256 462 625 #


Call to Order
Roll Call
Pledge
Public Comment
Approve meeting minutes from 5-14-26
Consideration of Ordinance 26-07 Regulating, Preventing, and Banning the Discharge of Fireworks Within Certain Areas of the City
2026-2027 Annual Budget Hearing, Discussion, and Adjuistments
Open Public Hearing
Close Public Hearing
Council Representative Reports
Adjournment 

FOLLOW UP ITEMS:

**All handouts for this meeting can be found on the city's website erda.gov under the calendar section**

Board may elect to go into a closed session which will not be open to the public pursuant to Utah Code Ann. §52-4-205(1).


Pursuant to the Americans with Disabilities Act, Individuals needing special accommodations should contact Erda City Office at either jpoole@erda.gov jstagg@erda.gov or 435-243-5577",pmn,2026-06-01T13:46:15.665749Z
pmn_1081585,Erda,Erda City Council,2026-05-28,Notice of Public Hearing on Adoption of Annual Budget 2026-2027,nan,nan,,,,,,,,,PROPOSED,,,https://www.utah.gov/pmn/sitemap/notice/1081585.html,"ERDA
Notice of Public Hearing Regarding Adoption of Erda City Fiscal Year 2026-2027 Budget 


	Notice is hereby given by Erda City a municipal corporation of the state of Utah, located in Tooele County, of a public meeting to adopt Erda's Fiscal Year 2024-2025 Budget on Thursday May 28th, 2026 beginning at 7:00 p.m.  at the Erda City Offices next to the Fire Station on 2163 W Erda Way, Erda UT, 84074. The geographic area that will be affected by the City's Budget is the entire area of Erda.  Further information regarding the Erda City Annual Budget Fiscal Year 2026-2027 and a copy may be obtained from the City Recorder at the address and telephone number set forth below. Pursuant to the Americans with Disabilities Act, Individuals needing special accommodations should contact Craig Smith at 435-830-2802.

Erda
2163 W. Erda Way
Erda UT, 84074
435-243-5577
jpoole@erda.gov",pmn,2026-06-01T13:46:15.665755Z
web_8989099638218286815,Grantsville,nan,nan,Notice of 2026 Annual Meeting Schedule,other,0.0,,,,,,,,,PROPOSED,,,https://www.grantsvilleut.gov/Document_Center/Government/City%20Council/2026/2026%20Annual%20Meeting%20Schedule%20Notice.pdf?t=202601201257560,"GRANTSVILLE CITY
NOTICE OF ANNUAL MEETING SCHEDULES
The public is hereby given notice in accordance with Utah State Code §52-4-202, Public Notice of
Meetings, that the Grantsville City Council will hold its regular meetings on the first and third
Wednesdays of each month at the Grantsville City Offices, 429 East Main Street, Grantsville, Utah and
electronically via Zoom. The meetings start at 7:00 pm unless otherwise noticed.
The Grantsville City Planning Commission will hold its regular monthly",web,2026-06-01T13:40:04.452727+00:00
web_7047444790186835176_item0,Grantsville,nan,2025-08-21,Appeal of Zoning Administrator denial for three large animals and barn at 1076 Windflower Lane,other,0.9,,Tori McCurdy appealing Zoning Administrator's denial of request to keep three large animals at residential property. Denial based on proposed barn location not meeting required 100-foot setback from adjacent residence.,"1076 Windflower Lane, Grantsville, UT",,,Tori McCurdy,,,PROPOSED,5,Administrative/code compliance matter. Setback variance or conditional use variance may be requested. Low growth impact - residential use variance only.,https://www.grantsvilleut.gov/Document_Center/Department/Community%20&%20Economic%20Development/P%20&%20Z%20Agendas/2025/Revised%20Combined%20Agenda%20and%20Notices.pdf?t=202508211557220,,web,2026-04-23T05:21:59.845714+00:00
web_9093161150499011358_item0,Grantsville,nan,2025-09-04,Conditional Use Permit for Spence Rents equipment rental business at 40 E Main Street,conditional_use,0.9,COMMERCIAL_PROJECT,"Spencer Ostler is seeking a Conditional Use Permit to own and operate Spence Rents, an equipment rental business in the CS (Commercial Service) zone.","40 E Main Street, Grantsville, UT",,,Spencer Ostler,CS,,PROPOSED,35,Equipment rental business requires conditional use permit in CS zone; appears to be an existing commercial location being activated for new use,https://www.grantsvilleut.gov/Document_Center/Department/Community%20&%20Economic%20Development/P%20&%20Z%20Agendas/2025/Combined%20Agenda%20and%20Notices%209-4-25.pdf?t=202508281725270,,web,2026-05-04T13:15:09.104774+00:00
web_5092677360457743482_item0,Grantsville,nan,2025-09-18,"General Plan amendment adding Water Element for supply, planning, and conservation",residential_subdivision,0.9,GENERAL_PLAN_AMENDMENT,"Recommendation of a General Plan amendment to add a Water Element addressing supply, planning, and conservation as required by §10-9a-403.",,,,,,,PROPOSED,35,Procedural general plan amendment required by state statute; affects citywide water policy and future land use planning.,https://www.grantsvilleut.gov/Document_Center/Department/Community%20&%20Economic%20Development/P%20&%20Z%20Agendas/2025/PC%20Agenda%209-18-25.pdf?t=202509111736120,,web,2026-06-01T13:41:17.977335+00:00
web_5092677360457743482_item1,Grantsville,nan,2025-09-18,Harvest Meadows Subdivision plat amendment to modify front yard setbacks,residential_subdivision,0.9,NEW_SUBDIVISION,Recommendation of a proposed plat amendment for Harvest Meadows Subdivision to change the front yard setbacks from 40 feet (text truncated in document).,,,,,,,PROPOSED,45,Setback modification suggests density or site plan reconfiguration; full details incomplete in provided text.,https://www.grantsvilleut.gov/Document_Center/Department/Community%20&%20Economic%20Development/P%20&%20Z%20Agendas/2025/PC%20Agenda%209-18-25.pdf?t=202509111736120,,web,2026-06-01T13:41:17.977335+00:00
web_2589280965552158262_item0,Grantsville,nan,2025-10-02,West Haven PUD subdivision preliminary plat application,residential_subdivision,0.9,NEW_SUBDIVISION,Consideration of preliminary plat application for West Haven PUD subdivision,,,,,,,PROPOSED,65,PUD (Planned Unit Development) designation indicates mixed-use or master-planned component,https://www.grantsvilleut.gov/Document_Center/Department/Community%20&%20Economic%20Development/P%20&%20Z%20Agendas/2025/Revised%20PC%20Agenda%2010-2-25.pdf?t=202509261259510,,web,2026-06-01T13:40:55.761824+00:00
web_2589280965552158262_item1,Grantsville,nan,2025-10-02,Falcon Landing preliminary plat in RM-7 and R-1-12 zoning,residential_subdivision,0.9,NEW_SUBDIVISION,Consideration of preliminary plat for Falcon Landing subdivision located in RM-7 (multi-family residential) and R-1-12 (single-family residential) zones,,,,,,,PROPOSED,70,Mixed zoning designation suggests multi-family and single-family residential components,https://www.grantsvilleut.gov/Document_Center/Department/Community%20&%20Economic%20Development/P%20&%20Z%20Agendas/2025/Revised%20PC%20Agenda%2010-2-25.pdf?t=202509261259510,,web,2026-06-01T13:40:55.761824+00:00
web_2589280965552158262_item2,Grantsville,nan,2025-10-02,Falcon Landing twin home dwelling layout consideration,residential_subdivision,0.9,NEW_SUBDIVISION,Consideration of twin home dwelling layout within Falcon Landing subdivision,,,,,,,PROPOSED,60,Twin home configuration suggests attached residential product type within larger subdivision,https://www.grantsvilleut.gov/Document_Center/Department/Community%20&%20Economic%20Development/P%20&%20Z%20Agendas/2025/Revised%20PC%20Agenda%2010-2-25.pdf?t=202509261259510,,web,2026-06-01T13:40:55.761824+00:00
web_1724475995645019564_item0,Grantsville,nan,2025-10-02,West Haven PUD subdivision preliminary plat application,residential_subdivision,0.9,NEW_SUBDIVISION,Consideration of preliminary plat application for West Haven PUD subdivision,,,,,,,PROPOSED,65,PUD (Planned Unit Development) designation indicates mixed-use or master-planned component,https://www.grantsvilleut.gov/Document_Center/Department/Community%20&%20Economic%20Development/P%20&%20Z%20Agendas/2025/Combined%20Planning%20Commission%20Packet%2010-2-25.pdf?t=202509261301430,,web,2026-06-01T13:41:17.770365+00:00
web_1724475995645019564_item1,Grantsville,nan,2025-10-02,Falcon Landing preliminary plat in RM-7 and R-1-12 zoning,residential_subdivision,0.9,NEW_SUBDIVISION,Consideration of preliminary plat for Falcon Landing subdivision located in RM-7 (multi-family residential) and R-1-12 (single-family residential) zones,,,,,,,PROPOSED,70,Mixed zoning designation suggests multi-family and single-family residential components,https://www.grantsvilleut.gov/Document_Center/Department/Community%20&%20Economic%20Development/P%20&%20Z%20Agendas/2025/Combined%20Planning%20Commission%20Packet%2010-2-25.pdf?t=202509261301430,,web,2026-06-01T13:41:17.770365+00:00
web_1724475995645019564_item2,Grantsville,nan,2025-10-02,Falcon Landing twin home dwelling layout consideration,residential_subdivision,0.9,NEW_SUBDIVISION,Consideration of twin home dwelling layout within Falcon Landing subdivision,,,,,,,PROPOSED,60,Twin home configuration suggests attached residential product type within larger subdivision,https://www.grantsvilleut.gov/Document_Center/Department/Community%20&%20Economic%20Development/P%20&%20Z%20Agendas/2025/Combined%20Planning%20Commission%20Packet%2010-2-25.pdf?t=202509261301430,,web,2026-06-01T13:41:17.770365+00:00
web_5722124238430914941_item0,Grantsville,nan,2025-10-08,West Haven PUD Subdivision preliminary plat application,residential_subdivision,0.9,NEW_SUBDIVISION,Consideration of preliminary plat application for West Haven PUD (Planned Unit Development) subdivision,,,,,,,PROPOSED,60,PUD designation suggests mixed-use or planned community potential; preliminary plat stage indicates early-phase residential development,https://www.grantsvilleut.gov/Document_Center/Department/Community%20&%20Economic%20Development/P%20&%20Z%20Agendas/2025/Planning%20Commission%20Combined%20Packet%2010-8-2025.pdf?t=202510101033140,,web,2026-06-01T13:40:55.523128+00:00
web_4863167145425132073_item0,Grantsville,nan,2025-10-16,West Haven PUD Subdivision preliminary plat application,residential_subdivision,0.9,NEW_SUBDIVISION,Consideration of preliminary plat application for West Haven PUD (Planned Unit Development) subdivision,,,,,,,PROPOSED,60,PUD designation suggests mixed-use or planned community potential; preliminary plat stage indicates early-phase residential development,https://www.grantsvilleut.gov/Document_Center/Department/Community%20&%20Economic%20Development/P%20&%20Z%20Agendas/2025/PC%20Agenda%2010-16-25.pdf?t=202510101032280,,web,2026-06-01T13:40:33.104755+00:00
web_6052492377371062362_item0,Grantsville,nan,2025-11-04,Conditional Use Permit for Cirque Roskelley trapeze and aerial silks training business at 775 S Cedar Road,conditional_use,0.9,DEVELOPER_ACTIVITY,"Scott Roskelley is seeking a conditional use permit to own and operate Cirque Roskelley, a trapeze and aerial silks training facility for performers, at his residence in the R-1-21 zone.","775 S Cedar Road, Grantsville, UT",,,Scott Roskelley,R-1-21,,PROPOSED,15,Residential use permit for specialized training facility. Low growth impact but indicates mixed-use activity in residential zone.,https://www.grantsvilleut.gov/Document_Center/Department/Community%20&%20Economic%20Development/P%20&%20Z%20Agendas/2025/Revised%20PC%20Agenda%2011-4-25.pdf?t=202510241919270,,web,2026-06-01T13:40:32.944057+00:00
web_1303216357073732255_item0,Grantsville,nan,2025-11-18,"Rezone 655 S. Willow Street, 635 S. Willow Street, 387 E. Nygreen Street, 400 E. Heritage Lane, 420 E. Heritage Lane, and parcel #18-049-0-000R from RR-1 to R-1-21",rezone,0.9,REZONE,Proposed rezone of six properties and one parcel from RR-1 (Rural Residential) to R-1-21 (Single-Family Residential) zoning designation,"655 S. Willow Street, 635 S. Willow Street, 387 E. Nygreen Street, 400 E. Heritage Lane, 420 E. Heritage Lane, Grantsville, UT",,,,RR-1,R-1-21,PROPOSED,65,Multiple addresses included in single rezone petition; transition from rural residential to single-family residential zoning suggests potential for increased density residential development,https://www.grantsvilleut.gov/Document_Center/Department/Community%20&%20Economic%20Development/P%20&%20Z%20Agendas/2025/Revised%20PC%20Agenda%2011-18-25.pdf?t=202511141108290,"{""parcel_ids"": [""18-049-0-000R""]}",web,2026-06-01T13:40:32.607812+00:00
web_8309060705426346817,Grantsville,nan,2025-11-18,Agenda,other,0.0,,,,,,,,,PROPOSED,,,https://www.grantsvilleut.gov/Document_Center/Department/Community%20&%20Economic%20Development/P%20&%20Z%20Agendas/2025/PC%20Training%20Agenda%2011-18-2025.pdf?t=202511141040470,"PUBLIC NOTICE
The Grantsville City Council and Planning Commission will hold a Joint Work Meeting at 6:00 pm on Tuesday,
November 18, 2025 at 429 East Main Street, Grantsville, UT 84029. The agenda is as follows:
ROLL CALL
AGENDA
1. Training with the Property Rights Ombudsman.
2. Adjourn.
Shelby Moore
Zoning Administrator
Scan QR code
Grantsville City Community & Economic Development
to join Zoom
meeting.
Join Zoom Meeting
https://us02web.zoom.us/j/84449308949
Meeting ID: 844 4930 8949
In compli",web,2026-06-01T13:40:32.754105+00:00
web_8279273600883419672_item0,Grantsville,nan,2025-12-02,Conditional use permit for home-based dumpster rental and storage business at 334 S Banister Lane,conditional_use,0.9,COMMERCIAL_PROJECT,Russell Wallis is requesting a conditional use permit to own and operate a home-based business for storage and rental of three 16'x7' roll-off dumpsters and one trailer unit on residential property,"334 S Banister Lane, Grantsville, UT",,,Russell Wallis,RR-1,,PROPOSED,25,Home-based business use in rural residential zone; involves commercial equipment storage and rental operations,https://www.grantsvilleut.gov/Document_Center/Department/Community%20&%20Economic%20Development/P%20&%20Z%20Agendas/2025/Revised%20PC%20Agenda%2012-2-25.pdf?t=202511261537120,,web,2026-06-01T13:40:31.050525+00:00
web_4799940166415777071_item0,Grantsville,nan,2025-12-02,Conditional use permit for home-based dumpster rental and storage business at 334 S Banister Lane,conditional_use,0.9,COMMERCIAL_PROJECT,Russell Wallis is requesting a conditional use permit to own and operate a home-based business for storage and rental of three 16'x7' roll-off dumpsters and one trailer unit on residential property,"334 S Banister Lane, Grantsville, UT",,,Russell Wallis,RR-1,,PROPOSED,25,Home-based business use in rural residential zone; involves commercial equipment storage and rental operations,https://www.grantsvilleut.gov/Document_Center/Department/Community%20&%20Economic%20Development/P%20&%20Z%20Agendas/2025/Combined%20Planning%20Commission%20Packet%2012-2-25.pdf?t=202511261537370,,web,2026-06-01T13:40:32.272873+00:00
web_254844348667030687_item0,Grantsville,nan,2025-12-16,Rezone 587 E Main Street from C-D to RM-15,rezone,0.9,REZONE,Proposed rezone of property at 587 E Main Street from Commercial Development District (C-D) to Multiple Residential District (RM-15) zoning designation,"587 E Main Street, Grantsville, UT",,,,C-D,RM-15,PROPOSED,45,Commercial-to-residential conversion; commercial property being repurposed for residential use,https://www.grantsvilleut.gov/Document_Center/Department/Community%20&%20Economic%20Development/P%20&%20Z%20Agendas/2025/PC%20Agenda%2012-16-25.pdf?t=202512041718380,,web,2026-06-01T13:40:30.802108+00:00
web_254844348667030687_item1,Grantsville,nan,2025-12-16,Rezone 15 N Center Street and 9 N Center Street,rezone,0.9,REZONE,Proposed rezone for properties at 15 N Center Street and 9 N Center Street (zoning designation and proposed zone not fully specified in agenda text),"15 N Center Street and 9 N Center Street, Grantsville, UT",,,,,,PROPOSED,35,Agenda text incomplete; full rezone details not provided in excerpt,https://www.grantsvilleut.gov/Document_Center/Department/Community%20&%20Economic%20Development/P%20&%20Z%20Agendas/2025/PC%20Agenda%2012-16-25.pdf?t=202512041718380,,web,2026-06-01T13:40:30.802108+00:00
web_407594268410851138_item0,Grantsville,nan,2026-01-06,Cloward Court Subdivision Master Development Agreement at 713 E Main Street,residential_subdivision,0.9,NEW_SUBDIVISION,Consideration of the proposed Master Development Agreement for Cloward Court Subdivision,"713 E Main Street, Grantsville, UT",,,,,,PROPOSED,65,Master Development Agreement stage; associated with Access and Maintenance Easement Agreement approval,https://www.grantsvilleut.gov/Document_Center/Department/Community%20&%20Economic%20Development/P%20&%20Z%20Agendas/2026/PC%20Agenda%201-6-26.pdf?t=202512181847470,,web,2026-06-01T13:40:30.581387+00:00
web_407594268410851138_item1,Grantsville,nan,2026-01-06,Cloward Court Subdivision Access and Maintenance Easement Agreement at 713 E Main Street,residential_subdivision,0.9,NEW_SUBDIVISION,Consideration of the proposed Access and Maintenance Easement Agreement for Cloward Court Subdivision,"713 E Main Street, Grantsville, UT",,,,,,PROPOSED,60,Easement agreement for subdivision access and maintenance; companion to Master Development Agreement,https://www.grantsvilleut.gov/Document_Center/Department/Community%20&%20Economic%20Development/P%20&%20Z%20Agendas/2026/PC%20Agenda%201-6-26.pdf?t=202512181847470,,web,2026-06-01T13:40:30.581387+00:00
web_3663477451631652966_item0,Grantsville,nan,2026-01-20,General Plan Amendment for Apple Street Townhomes Subdivision - Single-Family to Mixed-Use Density,general_plan_amendment,0.9,GENERAL_PLAN_AMENDMENT,Proposed General Plan Amendment to change land use designation from Single-Family Density to Mixed-Use Density for four parcels associated with the Apple Street Townhomes Subdivision project.,"Apple Street, Grantsville, UT",,,,,,PROPOSED,65,Future land use map change enabling mixed-use development on previously single-family designated parcels. Typical precursor to rezoning and/or subdivision approval for townhome project.,https://www.grantsvilleut.gov/Document_Center/Department/Community%20&%20Economic%20Development/P%20&%20Z%20Agendas/2026/Updated%20Agenda%201-20-2026.pdf?t=202601091411410,"{""parcel_ids"": [""01-066-0-0006"", ""23-001-0-00A"", ""01-112-0-0012"", ""01-112-0-0011""]}",web,2026-06-01T13:40:30.366853+00:00
web_254100934842207585,Grantsville,nan,2026-01-26,Agenda,other,0.0,,,,,,,,,PROPOSED,,,https://www.grantsvilleut.gov/Document_Center/Government/City%20Council/2026/01.26.2026/01.26%20Special%20Meeting%20Agenda.pdf?t=202601231853540,"PUBLIC NOTICE:
The Grantsville City Council will hold a Special Meeting on Monday, January 26, 2026 in person at
429 East Main Street, Grantsville UT 84029 and electronically via Zoom at 6:00 pm.
The agenda is as follows:
ROLL CALL
AGENDA:
1. Closed Session – (Imminent Litigation, Real Estate Negotiations, or Personnel)
2. Consideration of approving Resolution 2026-11 authorizing the city attorney, with the approval of the city
manager and mayor, to take any reasonable legal action necessary to ",web,2026-05-04T13:14:17.974962+00:00
web_5750931266038861471_item0,Grantsville,nan,2026-01-26,Resolution 2026-11: Authorization to enforce annexation of Six Mile Ranch into Grantsville City,annexation,0.9,ANNEXATION,City Council consideration of resolution authorizing the city attorney to take legal action necessary to enforce the annexation of Six Mile Ranch into Grantsville City,Six Mile Ranch,,,,,,PROPOSED,65,"This is an enforcement action related to a pending annexation, indicating potential dispute or delay in completing the annexation process. Developer should monitor for any barriers to annexation completion.",https://www.grantsvilleut.gov/Document_Center/Government/City%20Council/2026/01.26.2026/01.26%20Agenda%20Packet.pdf?t=202601231854040,,web,2026-04-27T13:09:33.286047+00:00
web_6327303943033369441,Grantsville,nan,2026-01-30,Agenda,other,0.0,,,,,,,,,PROPOSED,,,https://www.grantsvilleut.gov/Document_Center/Government/City%20Council/2026/01.30.2026/01.30.2026%20Site%20Visit%20Notice.pdf?t=202601281624080,"Public Notice of Site Visit / Traveling Tour
PUBLIC NOTICE IS HEREBY GIVEN that members of the Grantsville City Council will
participate in a site visit on Friday, January 30, 2026, from 10:00 a.m. to 2:00 p.m.
at Burt Brothers Motorpark / Utah Motorsports Campus, located at 512 Sheep
Ln, Tooele, UT 84074, pursuant to Utah Code § 52-4-203(7).
A quorum of the City Council will be present. The site visit will consist of a traveling
tour to view various locations. No public business will be conduct",web,2026-05-04T13:14:17.808893+00:00
web_5646947543408196025_item0,Grantsville,nan,2026-02-03,Proposed new use allowing Micro-Entrepreneurship within the RM-7 zoning designation,general_plan_amendment,0.9,GENERAL_PLAN_AMENDMENT,"Consideration of a proposed new use allowing Micro-Entrepreneurship within the RM-7 zoning designation, which would permit small business operations in residential areas.",,,,,RM-7,,PROPOSED,35,This is a use-type expansion within existing zoning rather than a rezone. Micro-entrepreneurship typically includes home-based businesses or small flex operations.,https://www.grantsvilleut.gov/Document_Center/Department/Community%20&%20Economic%20Development/P%20&%20Z%20Agendas/2026/Amended%20PC%20Agenda%202-3-26..pdf?t=202601291627340,,web,2026-06-01T13:40:30.138261+00:00
web_5646947543408196025_item1,Grantsville,nan,2026-02-03,"General Plan Amendment for parcels 01-131-0-0002, 01-130-0-0009, 01-130-0-0008, 01-130-0-0016, 01-130-0-0014 to change land use designation",general_plan_amendment,0.9,GENERAL_PLAN_AMENDMENT,Consideration of a proposed General Plan Amendment affecting five parcels to change their future land use designation. Specific new designation not provided in agenda text.,,,,,,,PROPOSED,45,Agenda text appears truncated; specific new land use designation not stated. Five-parcel consolidation suggests potential larger development project.,https://www.grantsvilleut.gov/Document_Center/Department/Community%20&%20Economic%20Development/P%20&%20Z%20Agendas/2026/Amended%20PC%20Agenda%202-3-26..pdf?t=202601291627340,"{""parcel_ids"": [""01-131-0-0002"", ""01-130-0-0009"", ""01-130-0-0008"", ""01-130-0-0016"", ""01-130-0-0014""]}",web,2026-06-01T13:40:30.138261+00:00
web_4099470093838229760,Grantsville,nan,2026-02-04,Agenda,other,0.0,,,,,,,,,PROPOSED,,,https://www.grantsvilleut.gov/Document_Center/Government/City%20Council/2026/02.04.2026/02.04.2026%20Agenda%20AMENDED.pdf?t=202602041900340,"PUBLIC NOTICE:
The Grantsville City Council will hold a Regular Meeting on Wednesday, February 4, 2026 in person at
429 East Main Street, Grantsville UT 84029 and electronically via Zoom at 7:00 pm.
The agenda is as follows:
ROLL CALL
AGENDA (amended 2/3/2026 5:30 pm):
1. Public Comment
2. Summary Action Items
a. Approval of Minutes from the January 22, 2026 City Council Regular Meeting and January
26, 2026 Special Meeting
b. Approval of Bills
3. Consideration of approving Resolution 2026-02 aut",web,2026-05-04T13:14:13.368710+00:00
web_8893867784119074461,Grantsville,nan,2026-02-04,Minutes,other,0.0,,,,,,,,,PROPOSED,,,https://www.grantsvilleut.gov/Document_Center/Government/City%20Council/2026/02.04.2026/02.04.2026%20City%20Council%20Meeting%20Minutes%20FINAL.pdf?t=202603241811430,"MINUTES OF THE BUSINESS MEETING OF THE GRANTSVILLE CITY COUNCIL,
HELD ON FEBRUARY 4TH, 2026 AT THE GRANTSVILLE CITY HALL, LOCATED AT
429 EAST MAIN STREET, GRANTSVILLE, UTAH AND ELECTRONICALLY VIA
ZOOM. THE MEETING BEGAN AT 7:00 P.M.
Mayor and Council Members Present:
Mayor Hammond Brittany Skinner
Rhett Butler Jake Thomas
Derek Dalton Jeff Williams
Council Members Excused: none.
Appointed Officers and Employees Present:
Michael Resare, City Manager Fire Chief Jason Remick
Alicia Fairbourne, City",web,2026-05-04T13:14:17.687673+00:00
web_7189546898345246917,Grantsville,nan,2026-02-04,Packet,other,0.0,,,,,,,,,PROPOSED,,,https://www.grantsvilleut.gov/Document_Center/Government/City%20Council/2026/02.04.2026/02.04.2026%20Council%20Meeting%20Packet%20v5.pdf?t=202602041901140,"February 4, 2026
City Council Meeting
Information Packet
Agenda Item # 1
Public Comment
Agenda Item # 2
Summary Action Items
a. Approval of Minutes from the
January 22, 2026 City Council
Regular Meeting and January
26, 2026 Special Meeting
b. Approval of Bills
MINUTES OF THE BUSINESS MEETING OF THE GRANTSVILLE CITY COUNCIL,
HELD ON JANUARY 22nd, 2026 AT THE GRANTSVILLE CITY HALL, LOCATED AT
429 EAST MAIN STREET, GRANTSVILLE, UTAH AND ELECTRONICALLY VIA
ZOOM. THE MEETING BEGAN AT 6:00 P.M.
Mayor ",web,2026-05-04T13:14:15.924883+00:00
pmn_1057723_item0,Grantsville,Grantsville City Planning Commission,2026-02-17,Appeal of Zoning Administrator's denial of large animal keeping at 565 S. McKay Circle,nan,0.9,,Courtny Rossow is appealing the Zoning Administrator's denial of a request to keep one large animal at the property. The denial was based on the property's failure to meet the required open space standard for the R-1-21 zoning district.,565 S. McKay Circle,,,Courtny Rossow,R-1-21,,PROPOSED,5,This is a variance/conditional use appeal rather than a development project. Applicant seeking exception to open space standards.,https://www.utah.gov/pmn/sitemap/notice/1057723.html,,pmn,2026-06-01T13:46:15.663024Z
pmn_1057723_item1,Grantsville,Grantsville City Planning Commission,2026-02-17,Conditional Use Permit for home-based farm stand and cottage food products business at 10 W Clark Street,nan,0.9,DEVELOPER_ACTIVITY,Vickie Lake and Kathleen Hunt are requesting a Conditional Use Permit to operate a home-based micro-entrepreneurship business consisting of a farm stand and the sale of cottage food products and non-food craft goods at 10 W Clark Street in the RM-7 zoning district.,10 W Clark Street,,,Vickie Lake and Kathleen Hunt,RM-7,,PROPOSED,15,Home-based business conditional use permit; small-scale agricultural/craft retail operation.,https://www.utah.gov/pmn/sitemap/notice/1057723.html,,pmn,2026-06-01T13:46:15.663024Z
web_5189160122601209722,Grantsville,nan,2026-02-18,Agenda,other,0.0,,,,,,,,,PROPOSED,,,https://www.grantsvilleut.gov/Document_Center/Government/City%20Council/2026/02.18.2026/02.18.2026%20City%20Council%20Meeting%20Agenda.pdf?t=202602132011090,"PUBLIC NOTICE:
The Grantsville City Council will hold a Regular Meeting and Public Hearing on Wednesday, February 18,
2026 in person at 429 East Main Street, Grantsville UT 84029 and electronically via Zoom beginning at 7:00
pm.
The agenda is as follows:
ROLL CALL
AGENDA:
1. Public Comment
2. Summary Action Items
a. Approval of Minutes from the February 4, 2026 City Council Regular Meeting
b. Approval of Bills
3. Presentation from the Tooele Technical College introducing the 2026 Student of the ",web,2026-05-04T13:14:10.146978+00:00
web_4810200641743476316,Grantsville,nan,2026-02-18,Minutes,other,0.0,,,,,,,,,PROPOSED,,,https://www.grantsvilleut.gov/Document_Center/Government/City%20Council/2026/02.18.2026/02.18.2026%20City%20Council%20Regular%20Meeting%20Minutes%20DRAFT.pdf?t=202603241810530,"MINUTES OF THE BUSINESS MEETING OF THE GRANTSVILLE CITY COUNCIL,
HELD ON FEBRUARY 18TH, 2026 AT THE GRANTSVILLE CITY HALL, LOCATED AT
429 EAST MAIN STREET, GRANTSVILLE, UTAH AND ELECTRONICALLY VIA
ZOOM. THE MEETING BEGAN AT 7:00 P.M.
Mayor and Council Members Present:
Mayor Hammond Jake Thomas
Derek Dalton Jeff Williams
Brittany Skinner
Council Members Excused: Rhett Butler
Appointed Officers and Employees Present:
Michael Resare, City Manager Christy Montierth, Public Works Director
Alicia Fair",web,2026-05-04T13:14:13.050927+00:00
web_5159906090578955243,Grantsville,nan,2026-02-18,Packet,other,0.0,,,,,,,,,PROPOSED,,,https://www.grantsvilleut.gov/Document_Center/Government/City%20Council/2026/02.18.2026/02.18.2026%20Packet.pdf?t=202602132011160,"February 18, 2026
City Council Meeting
Information Packet
Agenda Item # 1
Public Comment
Agenda Item # 2
Summary Action Items
a. Approval of Minutes from the
February 4, 2026 City Council
Regular Meeting
b. Approval of the Bills
MINUTES OF THE BUSINESS MEETING OF THE GRANTSVILLE CITY COUNCIL,
HELD ON FEBRUARY 4TH, 2026 AT THE GRANTSVILLE CITY HALL, LOCATED AT
429 EAST MAIN STREET, GRANTSVILLE, UTAH AND ELECTRONICALLY VIA
ZOOM. THE MEETING BEGAN AT 7:00 P.M.
Mayor and Council Members Present:
May",web,2026-05-04T13:14:11.764332+00:00
web_1835845419027795839_item0,Grantsville,nan,2026-03-03,Rezone Parcel 01-066-0-0030 from A-10 Agricultural to C-S Shopping Commercial at 519 W Main Street,commercial,0.9,REZONE,Proposed rezone of agricultural land to shopping commercial district. Located at approximately 519 W Main Street in Grantsville.,"519 W Main Street, Grantsville, UT",,,,A-10,C-S,PROPOSED,65,Agricultural to commercial conversion represents significant land use shift for this Main Street corridor property. Actual development proposal not detailed in agenda text provided.,https://www.grantsvilleut.gov/Document_Center/Department/Community%20&%20Economic%20Development/P%20&%20Z%20Agendas/2026/PC%20Agenda%203-3-26.pdf?t=202602191903290,"{""parcel_ids"": [""01-066-0-0030""]}",web,2026-06-01T13:40:29.940725+00:00
pmn_1061015_item0,Grantsville,Grantsville City Planning Commission,2026-03-03,Rezone Parcel 01-066-0-0030 from A-10 (Agricultural) to C-S (Shopping Commercial District) at 519 W Main Street,nan,0.9,REZONE,"Consideration of a proposed rezone of Parcel 01-066-0-0030 from A-10 (Agricultural) to Shopping Commercial District (C-S), located at approximately 519 W Main Street in Grantsville.","519 W Main Street, Grantsville, UT",,,,A-10,C-S,PROPOSED,65,Agricultural land proposed for conversion to commercial use; typical signal of commercial development activity in area.,https://www.utah.gov/pmn/sitemap/notice/1061015.html,"{""parcel_ids"": [""01-066-0-0030""]}",pmn,2026-06-01T13:46:15.663019Z
pmn_1061015_item1,Grantsville,Grantsville City Planning Commission,2026-03-03,"Proposed amendments to Grantsville City Land Use and Management Code Chapters 2, 4, 6, 7, 8, 9, 14, 15, 16, 20, and 21",nan,0.9,GENERAL_PLAN_AMENDMENT,Consideration of proposed amendments to the Grantsville City Land Use and Management Code affecting multiple chapters related to zoning regulations and land use management.,,,,,,,PROPOSED,45,Broad-based code amendments suggest comprehensive zoning/planning update; may reflect strategic development policy shift.,https://www.utah.gov/pmn/sitemap/notice/1061015.html,,pmn,2026-06-01T13:46:15.663019Z
pmn_1061015_item2,Grantsville,Grantsville City Planning Commission,2026-03-03,Proposed Grantsville City Annexation Policy Plan,nan,0.9,ANNEXATION,"Consideration of the proposed Grantsville City Annexation Policy Plan, establishing framework for future annexations.",,,,,,,PROPOSED,55,Annexation policy adoption signals city growth planning and potential expansion of city boundaries; relevant for long-term development opportunities in surrounding unincorporated areas.,https://www.utah.gov/pmn/sitemap/notice/1061015.html,,pmn,2026-06-01T13:46:15.663019Z
web_8878504550421341084_item0,Grantsville,nan,2026-03-04,Ordinance 2026-13 - Rezone for real property (location incomplete in document),rezone,0.9,REZONE,"City Council consideration of Ordinance 2026-13 to approve a rezone for certain real property. The specific location, current zoning, and proposed zoning are not fully specified in the provided agenda text.",,,,,,,PROPOSED,45,Agenda item text appears incomplete - address and zoning details are cut off in the document provided. Full agenda packet needed for complete analysis.,https://www.grantsvilleut.gov/Document_Center/Government/City%20Council/2026/03.04.2026/03.04.2026%20City%20Council%20Meeting%20Agenda.pdf?t=202602271855040,,web,2026-05-11T17:14:59.025237+00:00
web_1127285961850623236_item0,Grantsville,nan,2026-03-04,Rezone 519 W Main Street from A-10 Agricultural to C-S Shopping Commercial District,commercial,0.9,REZONE,City Council consideration of ordinance to rezone approximately 519 W Main Street from A-10 (Agricultural) zoning designation to C-S (Shopping Commercial District) zoning designation,"519 W Main Street, Grantsville",,,,A-10,C-S,PROPOSED,65,Commercial rezone from agricultural land on main street corridor suggests commercial development opportunity in Grantsville downtown/central area,https://www.grantsvilleut.gov/Document_Center/Government/City%20Council/2026/03.04.2026/03.04.2026%20City%20Council%20Meeting%20Materials.pdf?t=202603041633320,,web,2026-05-04T13:14:09.952663+00:00
web_7848163240405557171_item0,Grantsville,nan,2026-03-17,Concept presentation and discussion for Residential District (R-1-21) development,residential_subdivision,0.9,DEVELOPER_ACTIVITY,Planning Commission presentation and discussion of a proposed concept in Residential District (R-1-21) zoning,,,,,R-1-21,,PROPOSED,35,Early-stage concept presentation; limited details provided in agenda,https://www.grantsvilleut.gov/Document_Center/Department/Community%20&%20Economic%20Development/P%20&%20Z%20Agendas/2026/Revised%20Agenda%203-17-26.pdf?t=202603061720210,,web,2026-06-01T13:40:29.734256+00:00
web_7848163240405557171_item1,Grantsville,nan,2026-03-17,Mack Canyon Subdivision Master Development Agreement presentation and discussion,residential_subdivision,0.9,NEW_SUBDIVISION,Planning Commission presentation and discussion of proposed Master Development Agreement for Mack Canyon Subdivision,"Mack Canyon Road area, Grantsville, UT",,,,,,PROPOSED,50,Agenda text appears truncated; full project details not provided in packet excerpt,https://www.grantsvilleut.gov/Document_Center/Department/Community%20&%20Economic%20Development/P%20&%20Z%20Agendas/2026/Revised%20Agenda%203-17-26.pdf?t=202603061720210,,web,2026-06-01T13:40:29.734256+00:00
pmn_1064203_item0,Grantsville,Grantsville City Planning Commission,2026-03-17,Proposed concept discussion in Residential District (R-1-21),nan,0.9,,Presentation and discussion of a proposed concept in Residential District (R-1-21). Limited details provided in agenda.,,,,,R-1-21,,PROPOSED,20,Vague agenda item with no location or developer identified; early-stage concept discussion only,https://www.utah.gov/pmn/sitemap/notice/1064203.html,,pmn,2026-06-01T13:46:15.663016Z
pmn_1064203_item1,Grantsville,Grantsville City Planning Commission,2026-03-17,Mack Canyon Subdivision Master Development Agreement near Mack Canyon Road and SR-138,nan,0.9,NEW_SUBDIVISION,Presentation and discussion of a proposed Master Development Agreement for Mack Canyon Subdivision.,Near Mack Canyon Road and SR-138,,,,,,PROPOSED,65,Master Development Agreement stage; rezoning items also on agenda for same project (items 3),https://www.utah.gov/pmn/sitemap/notice/1064203.html,,pmn,2026-06-01T13:46:15.663016Z
pmn_1064203_item2,Grantsville,Grantsville City Planning Commission,2026-03-17,"Mack Canyon Subdivision rezone from R-1-21 to R-1-12 (parcels 01-065-0-0074, 01-065-0-0014)",nan,0.9,REZONE,Proposed rezone of two parcels from R-1-21 to R-1-12 for the Mack Canyon Subdivision located near Mack Canyon Road and SR-138.,Near Mack Canyon Road and SR-138,,,,R-1-21,R-1-12,PROPOSED,70,Rezone to higher density residential zone (R-1-12 is smaller lot size than R-1-21); part of Mack Canyon Subdivision project,https://www.utah.gov/pmn/sitemap/notice/1064203.html,"{""parcel_ids"": [""01-065-0-0074"", ""01-065-0-0014""]}",pmn,2026-06-01T13:46:15.663016Z
pmn_1064203_item3,Grantsville,Grantsville City Planning Commission,2026-03-17,Wellstone Subdivision rezone from R-1-21 to R-1-12 (four parcels near Pear Street and Quirk Street),nan,0.9,REZONE,Proposed rezone of four parcels from R-1-21 to R-1-12 for the Wellstone Subdivision located near Pear Street and Quirk Street.,Near Pear Street and Quirk Street,,,,R-1-21,R-1-12,PROPOSED,70,Rezone to higher density residential zone; four-parcel project; separate from Mack Canyon Subdivision,https://www.utah.gov/pmn/sitemap/notice/1064203.html,"{""parcel_ids"": [""01-071-0-0012"", ""01-074-0-0012"", ""01-074-0-0010"", ""11-010-0-0002""]}",pmn,2026-06-01T13:46:15.663016Z
pmn_1064203_item4,Grantsville,Grantsville City Planning Commission,2026-03-17,Dave Christensen single lot development and private lane at 417 E Durfee Street,nan,0.9,DEVELOPER_ACTIVITY,Consideration of a proposed single lot development and private lane for Dave Christensen at approximately 417 E Durfee Street. Public hearing included.,Approximately 417 E Durfee Street,,1,Dave Christensen,,,PROPOSED,25,Single lot subdivision with private lane; small infill or lot split development,https://www.utah.gov/pmn/sitemap/notice/1064203.html,,pmn,2026-06-01T13:46:15.663016Z
pmn_1064203_item5,Grantsville,Grantsville City Planning Commission,2026-03-17,"Proposed amendments to Grantsville City Land Use and Management Code, Chapter 2",nan,0.9,GENERAL_PLAN_AMENDMENT,Consideration of proposed amendments to Chapter 2 of the Grantsville City Land Use and Management Code. Public hearing included. Specific amendment details not provided in agenda.,,,,,,,PROPOSED,40,Code amendment to Chapter 2; details not specified in agenda packet,https://www.utah.gov/pmn/sitemap/notice/1064203.html,,pmn,2026-06-01T13:46:15.663016Z
pmn_1064203_item6,Grantsville,Grantsville City Planning Commission,2026-03-17,"Proposed amendments to Grantsville City Land Use and Management Code, Chapters 4, 6, 7, 8, 9, 14, 15, 16, 20, and 21",nan,0.9,GENERAL_PLAN_AMENDMENT,"Consideration of proposed amendments to multiple chapters (4, 6, 7, 8, 9, 14, 15, 16, 20, and 21) of the Grantsville City Land Use and Management Code. Public hearing included. Specific amendment details not provided in agenda.",,,,,,,PROPOSED,45,Comprehensive code amendments across ten chapters; likely significant policy changes; details not specified in agenda packet,https://www.utah.gov/pmn/sitemap/notice/1064203.html,,pmn,2026-06-01T13:46:15.663016Z
web_3660870067411155438,Grantsville,nan,2026-03-24,Agenda,other,0.0,,,,,,,,,PROPOSED,,,https://www.grantsvilleut.gov/Document_Center/Department/Community%20&%20Economic%20Development/P%20&%20Z%20Agendas/2026/2026.03.24%20-%20PC%20Agenda.pdf?t=202603201417570,"PUBLIC NOTICE
The Grantsville City Planning Commission will hold a training session with staff at 6:30 p.m. on
Tuesday, March 24, 2026 at 429 East Main Street, Grantsville, UT 84029. The agenda is as follows:
ROLL CALL
AGENDA
1. Training Topics
2. Questions and Discussion
3. Adjourn
Shelby Moore
Zoning Administrator
Scan QR code
Grantsville City Community & Economic Development
to join Zoom
meeting.
Join Zoom Meeting
Join Zoom Meeting: https://us02web.zoom.us/j/4358843411
By Phone, Dial: 1-253-2",web,2026-06-01T13:40:29.460022+00:00
pmn_1067817,Grantsville,Grantsville City Planning Commission,2026-03-24,"Planning Commission Training Meeting March 24, 2026",nan,nan,,,,,,,,,PROPOSED,,,https://www.utah.gov/pmn/sitemap/notice/1067817.html,"PUBLIC NOTICE
The Grantsville City Planning Commission will hold a training session with staff at 6:30 p.m. on Tuesday, March 24, 2026 at 429 East Main Street, Grantsville, UT 84029. The agenda is as follows:
ROLL CALL

AGENDA

1.	Training Topics
2.	Questions and Discussion
3.	Adjourn










 
Shelby Moore
Zoning Administrator
Grantsville City Community & Economic Development

Join Zoom Meeting
Join Zoom Meeting: https://us02web.zoom.us/j/4358843411 By Phone, Dial: 1-253-215-8782
Meeting ID: 435 884 3411
 


Scan QR code to join Zoom meeting.",pmn,2026-06-01T13:46:15.663013Z
web_4234457065725310466,Grantsville,nan,2026-03-25,Agenda,other,0.0,,,,,,,,,PROPOSED,,,https://www.grantsvilleut.gov/Document_Center/Government/City%20Council/2026/03.25.2026/03.25.2026%20City%20Council%20Meeting%20Agenda.pdf?t=202603241807210,"PUBLIC NOTICE:
The Grantsville City Council will hold a Regular Meeting and Public Hearing on Wednesday, March 25, 2026
in person at 429 East Main Street, Grantsville UT 84029 and electronically via Zoom beginning at 7:00 p.m.
The agenda is as follows:
ROLL CALL
AGENDA:
1. Public Comment
2. Summary Action Items
a. Approval of Minutes from the February 18, 2026 City Council Regular Meeting
b. Approval of Minutes from the March 4, 2026 City Council Regular Meeting
c. Approval of bills
3. Presentat",web,2026-05-25T16:36:12.935992+00:00
web_1068182628266287238,Grantsville,nan,2026-03-25,Minutes,other,0.0,,,,,,,,,PROPOSED,,,https://www.grantsvilleut.gov/Document_Center/Government/City%20Council/2026/03.25.2026/03.25.2026%20City%20Council%20Minutes%20FINAL.pdf?t=202605042246380,"MINUTES OF THE BUSINESS MEETING OF THE GRANTSVILLE CITY COUNCIL,
HELD ON MARCH 25, 2026 AT THE GRANTSVILLE CITY HALL, LOCATED AT 429
EAST MAIN STREET, GRANTSVILLE, UTAH AND ELECTRONICALLY VIA ZOOM.
THE MEETING BEGAN AT 7:00 P.M.
Mayor and Council Members Present:
Mayor Hammond Brittany Skinner
Rhett Butler Jake Thomas
Derek Dalton Jeff Williams
Council Members Excused: none.
Appointed Officers and Employees Present:
Michael Resare, City Manager Fire Chief Jason Remick
Alicia Fairbourne, City Rec",web,2026-05-11T17:14:58.753159+00:00
web_7583996639448905951,Grantsville,nan,2026-03-25,Packet,other,0.0,,,,,,,,,PROPOSED,,,https://www.grantsvilleut.gov/Document_Center/Government/City%20Council/2026/03.25.2026/03.25.2026%20Agenda%20Packet.pdf?t=202603241807430,"March 25, 2026
City Council Meeting
Information Packet
Agenda Item # 1
Public Comment
Agenda Item # 2
Summary Action Items
a. Approval of Minutes from the
February 18, 2026 City Council
Regular Meeting
b. Approval of Minutes from the
March 4, 2026 City Council
Regular Meeting
c. Approval of bills
February 18, 2026 City
Council Meeting Minutes
MINUTES OF THE BUSINESS MEETING OF THE GRANTSVILLE CITY COUNCIL,
HELD ON FEBRUARY 18TH, 2026 AT THE GRANTSVILLE CITY HALL, LOCATED AT
429 EAST MAIN STREET,",web,2026-05-25T16:36:14.478799+00:00
web_3510126231556186358,Grantsville,nan,2026-04-01,Agenda,other,0.0,,,,,,,,,PROPOSED,,,https://www.grantsvilleut.gov/Document_Center/Government/City%20Council/2026/04.01.2026/04.01.2026%20Council%20Meeting%20Agenda%20AMENDED.pdf?t=202603311736360,"PUBLIC NOTICE:
The Grantsville City Council will hold a Regular Meeting and Public Hearing on Wednesday, April 1, 2026 in
person at 429 East Main Street, Grantsville UT 84029 and electronically via Zoom beginning at 7:00 pm.
AGENDA AMENDED 3/31/2026 1:40 PM
The agenda is as follows:
ROLL CALL
AGENDA:
1. Public Comment
2. Summary Action Items
a. Approval of Minutes from the March 25, 2026 City Council Regular Meeting
b. Approval of bills
3. Presentation of a Community Enhancement grant for the Gr",web,2026-05-25T16:36:10.450754+00:00
web_1486120910181399845,Grantsville,nan,2026-04-01,Minutes,other,0.0,,,,,,,,,PROPOSED,,,https://www.grantsvilleut.gov/Document_Center/Government/City%20Council/2026/04.01.2026/04.01.2026%20City%20Council%20Meeting%20Minutes%20DRAFT.pdf?t=202605042244340,"MINUTES OF THE BUSINESS MEETING OF THE GRANTSVILLE CITY COUNCIL,
HELD ON APRIL 1, 2026 AT THE GRANTSVILLE CITY HALL, LOCATED AT 429
EAST MAIN STREET, GRANTSVILLE, UTAH AND ELECTRONICALLY VIA ZOOM.
THE MEETING BEGAN AT 7:00 P.M.
Mayor and Council Members Present:
Mayor Hammond Jake Thomas
Rhett Butler Jeff Williams
Derek Dalton
Council Members Excused: Brittany Skinner
Appointed Officers and Employees Present:
Michael Resare, City Manager Bill Cobabe, Comm. Development Director
Alicia Fairbourne,",web,2026-05-25T16:36:12.728000+00:00
web_4140350968747533617_item0,Grantsville,nan,2026-04-01,Resolution 2026-17 - Professional landscape and memorial design services for Veterans Memorial Park,other,0.9,INFRASTRUCTURE,City Council consideration of approving Resolution 2026-17 to award a contract for professional landscape and memorial design services for Veterans Memorial Park to Fritz Custom C (applicant name appears truncated in document).,Veterans Memorial Park,,,Fritz Custom C,,,PROPOSED,15,Parks and recreation infrastructure improvement; memorial park enhancement project,https://www.grantsvilleut.gov/Document_Center/Government/City%20Council/2026/04.01.2026/04.01.2026%20Agenda%20Packet%20AMENDED.pdf?t=202604060016340,,web,2026-05-25T16:36:11.044648+00:00
web_2698137415833386221_item0,Grantsville,nan,2026-04-07,Falcon's Landing Subdivision - concept presentation and discussion,residential_subdivision,0.9,NEW_SUBDIVISION,Presentation and discussion of a proposed concept for Falcon's Landing Subdivision,,,,,,,PROPOSED,45,"Early stage concept presentation; no specific parcel, acreage, or unit count provided",https://www.grantsvilleut.gov/Document_Center/Department/Community%20&%20Economic%20Development/P%20&%20Z%20Agendas/2026/PC%20Agenda%204-7-26%20Updated.pdf?t=202604031047010,,web,2026-06-01T13:40:29.314249+00:00
web_2698137415833386221_item1,Grantsville,nan,2026-04-07,"Conditional Use Permit for BnP Firearms and So Much More, LLC - Patsy Perry",residential_subdivision,0.9,COMMERCIAL_PROJECT,"Public hearing and consideration of a proposed Conditional Use Permit for Patsy Perry to own and operate BnP Firearms and So Much More, LLC",,,,"Patsy Perry / BnP Firearms and So Much More, LLC",,,PROPOSED,25,Firearms retail business conditional use permit; no location or zoning information provided in agenda,https://www.grantsvilleut.gov/Document_Center/Department/Community%20&%20Economic%20Development/P%20&%20Z%20Agendas/2026/PC%20Agenda%204-7-26%20Updated.pdf?t=202604031047010,,web,2026-06-01T13:40:29.314249+00:00
pmn_1068897_item0,Grantsville,Grantsville City Planning Commission,2026-04-07,Falcon's Landing Subdivision concept presentation and discussion,nan,0.9,NEW_SUBDIVISION,Presentation and discussion of a proposed concept for Falcon's Landing Subdivision,,,,,,,PROPOSED,45,"Early stage concept presentation; no details on size, location, or developer provided",https://www.utah.gov/pmn/sitemap/notice/1068897.html,,pmn,2026-06-01T13:46:15.663011Z
pmn_1068897_item1,Grantsville,Grantsville City Planning Commission,2026-04-07,Conditional Use Permit for BnP Firearms and So Much More home-based business at 176 S Hale Street,nan,0.9,,"Consideration of Conditional Use Permit for Patsy Perry to own and operate BnP Firearms and So Much More, LLC, a home-based business involving firearm transfers and related services",176 S Hale Street,,,"Patsy Perry / BnP Firearms and So Much More, LLC",R-1-21,,PROPOSED,10,Home-based business CUP in residential zone; minor development signal,https://www.utah.gov/pmn/sitemap/notice/1068897.html,,pmn,2026-06-01T13:46:15.663011Z
pmn_1068897_item2,Grantsville,Grantsville City Planning Commission,2026-04-07,Conditional Use Permit for Accessory Farm Employee Housing at 587 E Durfee Street,nan,0.9,,Consideration of Conditional Use Permit for Cody Johnson to establish Accessory Farm Employee Housing on agricultural property,587 E Durfee Street,,,Cody Johnson,A-10,,PROPOSED,15,Agricultural accessory housing; modest development indicator,https://www.utah.gov/pmn/sitemap/notice/1068897.html,,pmn,2026-06-01T13:46:15.663011Z
pmn_1068897_item3,Grantsville,Grantsville City Planning Commission,2026-04-07,Master Development Agreement for Mack Canyon Subdivision near Mack Canyon Road and SR-138,nan,0.9,LARGE_PROJECT,Consideration of Master Development Agreement for Mack Canyon Subdivision,approximately near Mack Canyon Road and SR-138,,,,,,PROPOSED,70,Master Development Agreement paired with General Plan Amendment and rezone; significant subdivision development,https://www.utah.gov/pmn/sitemap/notice/1068897.html,"{""parcel_ids"": [""01-065-0-0074"", ""01-065-0-0014""]}",pmn,2026-06-01T13:46:15.663011Z
pmn_1068897_item4,Grantsville,Grantsville City Planning Commission,2026-04-07,General Plan Amendment for Mack Canyon Subdivision parcels to Medium Density Residential,nan,0.9,GENERAL_PLAN_AMENDMENT,"Consideration of General Plan Amendment to change land use designation from Mixed-Use Density, High Single-Family Density Residential, and Low Density Residential to Medium Density Residential for Mack Canyon Subdivision",approximately near Mack Canyon Road and SR-138,,,,,,PROPOSED,75,Upzoning/redesignation to Medium Density Residential; part of coordinated Mack Canyon development entitlements,https://www.utah.gov/pmn/sitemap/notice/1068897.html,"{""parcel_ids"": [""01-065-0-0074"", ""01-065-0-0014""]}",pmn,2026-06-01T13:46:15.663011Z
pmn_1068897_item5,Grantsville,Grantsville City Planning Commission,2026-04-07,Rezone Mack Canyon Subdivision parcels from R-1-21 to R-1-12,nan,0.9,REZONE,"Consideration of rezone of parcels from R-1-21 to R-1-12 for Mack Canyon Subdivision, allowing higher density residential development",approximately near Mack Canyon Road and SR-138,,,,R-1-21,R-1-12,PROPOSED,80,Residential upzone enabling smaller lot sizes (12K sf vs 21K sf); part of coordinated entitlement package with Master Development Agreement and General Plan Amendment,https://www.utah.gov/pmn/sitemap/notice/1068897.html,"{""parcel_ids"": [""01-065-0-0074"", ""01-065-0-0014""]}",pmn,2026-06-01T13:46:15.663011Z
web_3595937421442576141_item0,Grantsville,nan,2026-04-14,Grantsville City Master Transportation Plan presentation and discussion,other,0.9,INFRASTRUCTURE,"Presentation and discussion regarding the Grantsville City Master Transportation Plan, including current conditions and future transportation needs",,,,,,,PROPOSED,35,Master planning effort for city transportation infrastructure; foundational planning activity,https://www.grantsvilleut.gov/Document_Center/Government/City%20Council/2026/04.14.2026/04.14.2026%20Work%20Session%20Agenda.pdf?t=202604131125330,,web,2026-06-01T13:40:26.920580+00:00
web_93811338803025984,Grantsville,nan,2026-04-14,Minutes,other,0.0,,,,,,,,,PROPOSED,,,https://www.grantsvilleut.gov/Document_Center/Government/City%20Council/2026/04.14.2026/04.14.2026%20City%20Council%20and%20Planning%20Commission%20Joint%20Work%20Meeting%20Minutes%20APPROVED.pdf?t=202605071507490,"MINUTES OF THE COMBINED WORK MEETING OF THE GRANTSVILLE CITY
COUNCIL AND GRANTSVILLE CITY PLANNING COMMISSION HELD ON APRIL
14, 2026 AT THE GRANTSVILLE CITY HALL, LOCATED AT 429 EAST MAIN
STREET, GRANTSVILLE, UTAH AND ELECTRONICALLY VIA ZOOM. THE
MEETING BEGAN AT 7:00 P.M.
Mayor and Council Members Present:
Mayor Hammond Derek Dalton
Rhett Butler Brittany Skinner
Jeff Williams joined at 7:15 pm
Council Members Excused: Jake Thomas
Cameron Moulton
Planning Commissioners Present:
Jason Hill
Chair ",web,2026-05-25T16:36:10.231892+00:00
web_4237275619546224033_item0,Grantsville,nan,2026-04-14,Grantsville City Master Transportation Plan - Presentation and Discussion,other,0.9,INFRASTRUCTURE,"Planning Commission and City Council work meeting to discuss the Grantsville City Master Transportation Plan, including current conditions, future transportation needs, and potential improvements. No formal action will be taken at this meeting.","Grantsville, UT",,,,,,PROPOSED,45,This is a work meeting/discussion item with no formal action. Indicates city is in planning phase for transportation infrastructure updates.,https://www.grantsvilleut.gov/Document_Center/Government/City%20Council/2026/04.14.2026/Combined%20Work%20Meeting%20Packet%204-14-26.pdf?t=202604131125430,,web,2026-06-01T13:40:28.561115+00:00
pmn_1071699,Grantsville,Grantsville City Planning Commission,2026-04-14,"Planning Commission Combined Work Meeting April 14th, 2026",nan,nan,,,,,,,,,PROPOSED,,,https://www.utah.gov/pmn/sitemap/notice/1071699.html,"PUBLIC NOTICE
The Grantsville City Planning Commission will hold a Work Meeting with the Grantsville City Council at 7:00 p.m. on Tuesday, April 14, 2026 at 429 East Main Street, Grantsville, UT 84029 and electronically via Zoom. The agenda is as follows:
ROLL CALL

AGENDA

1.	Presentation and Discussion: Discussion regarding the Grantsville City Master Transportation Plan, including current conditions, future transportation needs, and potential improvements. No formal action will be taken.
2.	Presentation and Discussion: Discussion of proposed amendments to the Parks and Transportation Capital Facilities Plans (CFPs), Impact Fee Facilities Plans (IFFPs), and Impact Fee Analyses (IFAs) for Grantsville City. No formal action will be taken. 

3.	Adjourn



 
Shelby Moore
Zoning Administrator
Grantsville City Community & Economic Development

Join Zoom Meeting
Join Zoom Meeting: https://us02web.zoom.us/j/4358843411 By Phone, Dial: 1-253-215-8782
Meeting ID: 435 884 3411",pmn,2026-06-01T13:46:15.663008Z
web_1979198180863143108,Grantsville,nan,2026-04-15,Agenda,other,0.0,,,,,,,,,PROPOSED,,,https://www.grantsvilleut.gov/Document_Center/Government/City%20Council/2026/04.15.2026/04.15.2026%20Council%20Meeting%20Agenda.pdf?t=202604131126580,"PUBLIC NOTICE:
The Grantsville City Council will hold a Regular Meeting and Public Hearing on Wednesday, April 15, 2026 in
person at 429 East Main Street, Grantsville UT 84029 and electronically via Zoom beginning at 7:00 pm.
The agenda is as follows:
ROLL CALL
AGENDA:
1. Public Comment
2. Summary Action Items
a. Approval of Minutes from the April 1, 2026 City Council Regular Meeting
b. Approval of bills
3. Consideration of Resolution 2026-24 approving the appointment of Candy Swallom to the Gra",web,2026-06-01T13:40:22.677124+00:00
web_7919051817675415671,Grantsville,nan,2026-04-15,Minutes,other,0.0,,,,,,,,,PROPOSED,,,https://www.grantsvilleut.gov/Document_Center/Government/City%20Council/2026/04.15.2026/04.15.2026%20City%20Council%20Regular%20Meeting%20and%20Public%20Hearing%20Minutes%20FINAL.pdf?t=202605071507040,"MINUTES OF THE BUSINESS MEETING OF THE GRANTSVILLE CITY COUNCIL,
HELD ON APRIL 15TH, 2026 AT THE GRANTSVILLE CITY HALL, LOCATED AT 429
EAST MAIN STREET, GRANTSVILLE, UTAH AND ELECTRONICALLY VIA ZOOM.
THE MEETING BEGAN AT 7:00 P.M.
Mayor and Council Members Present:
Mayor Hammond Brittany Skinner
Rhett Butler Jake Thomas
Derek Dalton Jeff Williams
Council Members Excused: none.
Appointed Officers and Employees Present:
Michael Resare, City Manager Aspen Clegg, Finance Director
Alicia Fairbourne, ",web,2026-06-01T13:40:26.761251+00:00
web_5079330928387171721,Grantsville,nan,2026-04-15,Packet,other,0.0,,,,,,,,,PROPOSED,,,https://www.grantsvilleut.gov/Document_Center/Government/City%20Council/2026/04.15.2026/04.15.2026%20Agenda%20Packet.pdf?t=202604131127060,"April 15, 2026
City Council Meeting
Information Packet
Agenda Item # 1
Public Comment
Agenda Item # 2
Summary Action Items
a. Approval of Minutes from April 1,
2026 City Council Regular Meeting
b. Approval of the bills
Agenda Item #3
Consideration of Resolution 2026-24
approving the appointment of Candy
Swallom to the Grantsville City Library
Board
GRANTSVILLE CITY
RESOLUTION NO. 2026-24
A RESOLUTION APPROVING THE APPOINTMENT OF CANDY SWALLOM TO
THE GRANTSVILLE CITY LIBRARY BOARD
Be it resolved ",web,2026-05-04T13:14:03.466372+00:00
web_3950386310769966559,Grantsville,nan,2026-04-15,Packet,other,0.0,,,,,,,,,PROPOSED,,,https://www.grantsvilleut.gov/Document_Center/Government/City%20Council/2026/04.15.2026/04.15.2026%20Agenda%20Packet%20w%20public%20comments.pdf?t=202605081504310,"April 15, 2026
City Council Meeting
Information Packet
Agenda Item # 1
Public Comment
Agenda Item # 2
Summary Action Items
a. Approval of Minutes from April 1,
2026 City Council Regular Meeting
b. Approval of the bills
April 14, 2026
To: Grantsville Mayor and City Council,
The citizens of Grantsville voted you in to LEAD and PROTECT
the “citizens” of Grantsville. From last weeks meeting it didn’t
appear so by the frail voices and weak backbones that I / we
witnessed. It appeared that the investo",web,2026-06-01T13:40:24.923604+00:00
pmn_1071703_item0,Grantsville,Grantsville City Planning Commission,2026-04-21,Conditional Use Permit for outdoor RV storage at 519 West Main Street,nan,0.9,COMMERCIAL_PROJECT,Shelton Ross is requesting a Conditional Use Permit to operate outdoor RV storage within the Commercial Shopping (C-S) Zone at 519 West Main Street.,519 West Main Street,,,Shelton Ross,C-S,,PROPOSED,25,Conditional Use Permit required; storage use within existing commercial zone,https://www.utah.gov/pmn/sitemap/notice/1071703.html,"{""parcel_ids"": [""01-066-0-0033""]}",pmn,2026-06-01T13:46:15.663005Z
pmn_1071703_item1,Grantsville,Grantsville City Planning Commission,2026-04-21,Plat amendment for Moody Acres Subdivision at 415 S Worthington Street,nan,0.9,NEW_SUBDIVISION,Consideration of a plat amendment for the Moody Acres Subdivision located at 415 S Worthington Street.,415 S Worthington Street,,,,,,PROPOSED,35,Plat amendment; specific changes not detailed in agenda,https://www.utah.gov/pmn/sitemap/notice/1071703.html,,pmn,2026-06-01T13:46:15.663005Z
pmn_1071703_item2,Grantsville,Grantsville City Planning Commission,2026-04-21,General Plan Amendment for Wellstone Subdivision near Pear Street and Quirk Street,nan,0.9,GENERAL_PLAN_AMENDMENT,Proposed General Plan Amendment to change land use designation from Low Density Residential to High Single-Family Density for four parcels associated with Wellstone Subdivision.,near Pear Street and Quirk Street,,,,,,PROPOSED,65,Future land use map change from Low Density to High Single-Family Density; four-parcel project,https://www.utah.gov/pmn/sitemap/notice/1071703.html,"{""parcel_ids"": [""01-071-0-0012"", ""01-074-0-0012"", ""01-074-0-0010"", ""11-010-0-0002""]}",pmn,2026-06-01T13:46:15.663005Z
pmn_1071703_item3,Grantsville,Grantsville City Planning Commission,2026-04-21,Rezone for Wellstone Subdivision from R-1-21 to R-1-12 near Pear Street and Quirk Street,nan,0.9,REZONE,"Proposed rezone of four parcels from R-1-21 to R-1-12 zoning for the Wellstone Subdivision, allowing higher density single-family development.",near Pear Street and Quirk Street,,,,R-1-21,R-1-12,PROPOSED,70,Rezone to higher density residential; R-1-12 allows smaller lot sizes than R-1-21,https://www.utah.gov/pmn/sitemap/notice/1071703.html,"{""parcel_ids"": [""01-071-0-0012"", ""01-074-0-0012"", ""01-074-0-0010"", ""11-010-0-0002""]}",pmn,2026-06-01T13:46:15.663005Z
pmn_1071703_item4,Grantsville,Grantsville City Planning Commission,2026-04-21,Amendments to Parks and Transportation Capital Facilities Plans and Impact Fee Documents,nan,0.9,INFRASTRUCTURE,"Proposed amendments to the Parks and Transportation Capital Facilities Plans (CFPs), Impact Fee Facilities Plans (IFFPs), and Impact Fee Analyses (IFAs) for Grantsville City.",,,,,,,PROPOSED,40,City-wide infrastructure and impact fee planning updates,https://www.utah.gov/pmn/sitemap/notice/1071703.html,,pmn,2026-06-01T13:46:15.663005Z
web_8336372550885497429,Grantsville,nan,2026-05-01,Agenda,other,0.0,,,,,,,,,PROPOSED,,,https://www.grantsvilleut.gov/Document_Center/Government/City%20Council/2026/05.01.2026/05.01.2026%20Special%20Work%20Meeting%20Agenda.pdf?t=202604301730240,"PUBLIC NOTICE:
The Grantsville City Council will hold a Special Work Session on Friday, May 1, 2026 in person at 429 East
Main Street, Grantsville UT 84029 and electronically via Zoom beginning at 3:25 pm.
Please note: There will be no public comments or action taken by the Council during this meeting.
The agenda is as follows:
ROLL CALL
AGENDA:
1. Training of roles and responsibilities of Legal Department
2. Training of roles and responsibilities of City Recorder and Open Public Meetings Act tr",web,2026-06-01T13:40:20.210900+00:00
web_4872386958922147938,Grantsville,nan,2026-05-01,Minutes,other,0.0,,,,,,,,,PROPOSED,,,https://www.grantsvilleut.gov/Document_Center/Government/City%20Council/2026/05.01.2026/05.01.2026%20City%20Council%20Special%20Work%20Session%20Minutes%20FINAL.pdf?t=202605261915080,"MINUTES OF THE SPECIAL WORK MEETING OF THE GRANTSVILLE CITY
COUNCIL, HELD ON MAY 1ST, 2026 AT GRANTSVILLE CITY HALL, LOCATED AT
429 EAST MAIN STREET, GRANTSVILLE, UTAH AND ELECTRONICALLY VIA
ZOOM. THE MEETING BEGAN AT 3:25 P.M.
Mayor and Council Members Present:
Mayor Hammond Brittany Skinner
Rhett Butler Jake Thomas
Derek Dalton Jeff Williams
Council Members Excused: none.
Appointed Officers and Employees Present:
Michael Resare, City Manager Heidi Jeffries, Human Resources / Treasurer
Alicia F",web,2026-06-01T13:40:22.405826+00:00
web_813360534832952365,Grantsville,nan,2026-05-01,Packet,other,0.0,,,,,,,,,PROPOSED,,,https://www.grantsvilleut.gov/Document_Center/Government/City%20Council/2026/05.01.2026/05.01.2026%20Council%20Work%20Meeting%20Packet.pdf?t=202605071515260,"May 1, 2026
City Council Special
Work Meeting
Information Packet
Agenda Item # 1
Training of roles and responsibilities of
Legal Department
2026 Grantsville City
Effective Municipal Leadership
A Guide to Leadership in
Grantsville
Grantsville City Council Retreat | 2026
1/16 Next
2026
Five-Member Council (Traditional)
Utah's Three
The most common form in Utah. Mayor serves as a voting member of the
Forms of council, participating equally in all decisions with full voting rights on
every matter.
G",web,2026-06-01T13:40:22.055832+00:00
web_7034893964579011038_item0,Grantsville,nan,2026-05-05,Amendment to Grantsville Land Use Ordinance Section 4.5 - Lot Standards and Street Frontage,other,0.9,GENERAL_PLAN_AMENDMENT,Proposed amendments to City ordinance governing lot standards and street frontage requirements. This is a general plan/ordinance modification affecting development standards citywide.,,,,,,,PROPOSED,45,Ordinance amendment affecting lot sizing and street frontage standards will impact future residential and commercial development in Grantsville. Details of specific changes not provided in agenda text.,https://www.grantsvilleut.gov/Document_Center/Department/Community%20&%20Economic%20Development/P%20&%20Z%20Agendas/2026/PC%20Agenda%205-5-26.pdf?t=202604241659560,,web,2026-04-27T13:09:33.738090+00:00
web_7034893964579011038_item1,Grantsville,nan,2026-05-05,Appeal by Teresa Outzs,other,0.9,,Appeal hearing before Planning Commission. Specific nature of appeal not detailed in agenda text.,,,,Teresa Outzs,,,PROPOSED,0,Incomplete agenda item - insufficient detail to classify appeal type or assess development implications.,https://www.grantsvilleut.gov/Document_Center/Department/Community%20&%20Economic%20Development/P%20&%20Z%20Agendas/2026/PC%20Agenda%205-5-26.pdf?t=202604241659560,,web,2026-04-27T13:09:33.738090+00:00
web_4352825218147690199_item0,Grantsville,nan,2026-05-05,Amendment to Grantsville Land Use Ordinance Section 4.5 - Lot Standards and Street Frontage,other,0.9,GENERAL_PLAN_AMENDMENT,Proposed amendments to City ordinance governing lot standards and street frontage requirements. This is a general plan/ordinance modification affecting development standards citywide.,,,,,,,PROPOSED,45,Ordinance amendment affecting lot sizing and street frontage standards will impact future residential and commercial development in Grantsville. Details of specific changes not provided in agenda text.,https://www.grantsvilleut.gov/Document_Center/Department/Community%20&%20Economic%20Development/P%20&%20Z%20Agendas/2026/PC%20Updated%20Agenda%205-5-26.pdf?t=202604291936510,,web,2026-06-01T13:40:29.092871+00:00
web_4352825218147690199_item1,Grantsville,nan,2026-05-05,Appeal by Teresa Outzs,other,0.9,,Appeal hearing before Planning Commission. Specific nature of appeal not detailed in agenda text.,,,,Teresa Outzs,,,PROPOSED,0,Incomplete agenda item - insufficient detail to classify appeal type or assess development implications.,https://www.grantsvilleut.gov/Document_Center/Department/Community%20&%20Economic%20Development/P%20&%20Z%20Agendas/2026/PC%20Updated%20Agenda%205-5-26.pdf?t=202604291936510,,web,2026-06-01T13:40:29.092871+00:00
pmn_1075645_item0,Grantsville,Grantsville City Planning Commission,2026-05-05,Amendment to Grantsville Land Use Ordinance Section 4.5 - Lot Standards and Street Frontage,nan,0.9,GENERAL_PLAN_AMENDMENT,Proposed amendments to ordinance provisions governing lot standards and street frontage requirements,,,,,,,PROPOSED,35,Ordinance amendment - may affect development standards citywide,https://www.utah.gov/pmn/sitemap/notice/1075645.html,,pmn,2026-06-01T13:46:15.663002Z
pmn_1075645_item1,Grantsville,Grantsville City Planning Commission,2026-05-05,Appeal of Zoning Administrator Denial - Kennel Permit and Conditional Use Permit at 176 E Elisabeth Court,nan,0.9,,Teresa Outzs appealing denial of kennel permit for six dogs and conditional use permit for twelve chickens (hens only) based on failure to meet open space requirements in R-1-21 district,176 E Elisabeth Court,,,Teresa Outzs,R-1-21,,PROPOSED,10,Conditional use appeal; non-development activity,https://www.utah.gov/pmn/sitemap/notice/1075645.html,,pmn,2026-06-01T13:46:15.663002Z
pmn_1075645_item2,Grantsville,Grantsville City Planning Commission,2026-05-05,Le Property Mixed Use Concept Discussion at 454 East Main Street,nan,0.9,DEVELOPER_ACTIVITY,Presentation and discussion of proposed concept plan for Le Property in Mixed Use (M-U) zoning designation,454 East Main Street,,,,M-U,,PROPOSED,55,Early stage concept discussion; mixed-use property on main street corridor,https://www.utah.gov/pmn/sitemap/notice/1075645.html,,pmn,2026-06-01T13:46:15.663002Z
pmn_1075645_item3,Grantsville,Grantsville City Planning Commission,2026-05-05,Request for Second Extension of Matthews Meadows Subdivision Phase 2 Plat Approval,nan,0.9,NEW_SUBDIVISION,Request for second extension of previously approved Matthews Meadows Subdivision Phase 2 plat approval,,,,,,,CONTINUED,45,Extension request indicates active subdivision development; Phase 2 implies larger project,https://www.utah.gov/pmn/sitemap/notice/1075645.html,,pmn,2026-06-01T13:46:15.663002Z
web_4790217902840698297,Grantsville,nan,2026-05-06,Agenda,other,0.0,,,,,,,,,PROPOSED,,,https://www.grantsvilleut.gov/Document_Center/Government/City%20Council/2026/05.06.2026/05.06.2026%20City%20Council%20Meeting%20Agenda%20AMENDED%20630.pdf?t=202605052048220,"AMENDED AGENDA 5/5/2026 6:30 PM
PUBLIC NOTICE:
The Grantsville City Council will hold a Regular Meeting and Public Hearing on Wednesday, May 6,
2026 in person at 429 East Main Street, Grantsville UT 84029 and electronically via Zoom beginning
at 7:00 pm.
The agenda is as follows:
ROLL CALL
AGENDA:
1. Public Comment
2. Summary Action Items
a. Approval of Minutes from the April 1, 2026 City Council Regular Meeting
b. Approval of Minutes from the April 14, 2026 City Council and Planning Commission
",web,2026-06-01T13:40:13.996715+00:00
pmn_1077925_item0,Grantsville,Grantsville City Council,2026-05-06,General Plan Amendment for Wellstone Subdivision,nan,0.9,GENERAL_PLAN_AMENDMENT,"Consideration of Ordinance 2026-19 approving a General Plan Amendment for the Wellstone Subdivision. Item continued to May 20, 2026.",,,,,,,CONTINUED,65,"Public hearing item continued to May 20, 2026 meeting",https://www.utah.gov/pmn/sitemap/notice/1077925.html,,pmn,2026-06-01T13:46:15.662823Z
pmn_1077925_item1,Grantsville,Grantsville City Council,2026-05-06,Rezone from R-1-21 to R-1-12 for Wellstone Subdivision,nan,0.9,REZONE,"Consideration of Ordinance 2026-20 approving a rezone from R-1-21 to R-1-12 for the Wellstone subdivision. Item continued to May 20, 2026.",,,,,R-1-21,R-1-12,CONTINUED,70,"Public hearing item continued to May 20, 2026 meeting. Rezone to smaller lot minimum indicates higher density residential development.",https://www.utah.gov/pmn/sitemap/notice/1077925.html,,pmn,2026-06-01T13:46:15.662823Z
pmn_1077925_item2,Grantsville,Grantsville City Council,2026-05-06,Plat amendment to Moody Acres Subdivision at 415 South Worthington Street,nan,0.9,NEW_SUBDIVISION,Consideration of Resolution 2026-30 approving a plat amendment to the Moody Acres Subdivision.,415 South Worthington Street,,,,,,PROPOSED,50,Public hearing item for plat amendment to existing subdivision,https://www.utah.gov/pmn/sitemap/notice/1077925.html,,pmn,2026-06-01T13:46:15.662823Z
pmn_1077925_item3,Grantsville,Grantsville City Council,2026-05-06,Amendments to Capital Facilities Plan and Impact Fee Facilities Plan,nan,0.9,INFRASTRUCTURE,"Public hearing for consideration of amendments to the Capital Facilities Plan, Impact Fee Facilities Plan, and Impact Fee Analysis.",,,,,,,PROPOSED,45,Infrastructure and impact fee planning documents,https://www.utah.gov/pmn/sitemap/notice/1077925.html,,pmn,2026-06-01T13:46:15.662823Z
pmn_1077925_item4,Grantsville,Grantsville City Council,2026-05-06,Land Use and Management Code amendments to multiple chapters,nan,0.9,GENERAL_PLAN_AMENDMENT,"Consideration of Ordinance 2026-18 approving amendments to the Grantsville City Land Use and Management Code Chapters 4, 6, 7, 8, 9, 14, 15, 16, 20, and 21.",,,,,,,PROPOSED,55,Comprehensive land use code amendments affecting multiple chapters,https://www.utah.gov/pmn/sitemap/notice/1077925.html,,pmn,2026-06-01T13:46:15.662823Z
web_1247366240759355646,Grantsville,nan,2026-05-06,Minutes,other,0.0,,,,,,,,,PROPOSED,,,https://www.grantsvilleut.gov/Document_Center/Government/City%20Council/2026/05.06.2026/05.06.2026%20City%20Council%20Meeting%20Minutes%20FINAL.pdf?t=202605261914110,"MINUTES OF THE BUSINESS MEETING OF THE GRANTSVILLE CITY COUNCIL,
HELD ON MAY 6TH, 2026 AT THE GRANTSVILLE CITY HALL, LOCATED AT 429
EAST MAIN STREET, GRANTSVILLE, UTAH AND ELECTRONICALLY VIA ZOOM.
THE MEETING BEGAN AT 7:00 P.M.
Mayor and Council Members Present:
Mayor Hammond Brittany Skinner
Rhett Butler Jake Thomas
Derek Dalton Jeff Williams
Council Members Excused: none.
Appointed Officers and Employees Present:
Michael Resare, City Manager Christy Montierth, Public Works Director
Alicia Fair",web,2026-06-01T13:40:20.023600+00:00
pmn_1075747_item0,Grantsville,Grantsville City Council,2026-05-06,"Land Use and Management Code Amendments to Chapters 4, 6, 7, 8, 9, 14, 15, 16, 20, and 21",nan,0.9,GENERAL_PLAN_AMENDMENT,"Proposed amendments to Grantsville City Land Use and Management Code including revisions to improve organization, clarity, and administration. Changes include updates to definitions, formatting, cross-references, and modifications to development standards, procedures, and approval criteria across multiple chapters.","Grantsville City Hall, 429 E. Main Street, Grantsville, Utah, 84029",,,,,,PROPOSED,35,"Comprehensive code update affecting multiple regulatory chapters. Public hearing scheduled for May 6th, 2026 at 7:00 p.m. Full text will be available 10 days prior to hearing. This is procedural/administrative modernization rather than a specific development project.",https://www.utah.gov/pmn/sitemap/notice/1075747.html,,pmn,2026-06-01T13:46:15.662746Z
pmn_1075745_item0,Grantsville,Grantsville City Council,2026-05-06,"Capital Facilities Plan, Impact Fee Facilities Plan, and Impact Fee Analysis Amendments",nan,0.9,INFRASTRUCTURE,"Public hearing to consider amendments to the City's Capital Facilities Plans (CFPs), Impact Fee Facilities Plans (IFFPs), and Impact Fee Analyses (IFAs). Proposed amendments include updates related to Drinking Water, Public Safety, Parks, Wastewater, Water Rights Acquisition, and Storm Drainage to reflect current and projected infrastructure needs to support growth and development within Grantsville City.","Grantsville City Hall, 429 E. Main Street, Grantsville, Utah 84029",,,,,,PROPOSED,60,"Infrastructure planning to support future growth and development. Transportation-related plans not included but will be considered at future hearing. Public hearing scheduled for May 6, 2026 at 7:00 p.m.",https://www.utah.gov/pmn/sitemap/notice/1075745.html,,pmn,2026-06-01T13:46:15.662749Z
pmn_1075749_item0,Grantsville,Grantsville City Council,2026-05-06,Plat amendment to Moody Acres Subdivision at 415 South Worthington Street,nan,0.9,NEW_SUBDIVISION,Proposed amendment to adjust lot configuration in existing Moody Acres Subdivision to better align with future right-of-way and access improvements without increasing density.,415 South Worthington Street,,,,,,PROPOSED,25,Lot reconfiguration only; no density increase; infrastructure-driven adjustment for right-of-way alignment,https://www.utah.gov/pmn/sitemap/notice/1075749.html,"{""parcel_ids"": [""16-057-0-0002"", ""01-070-0-0096""]}",pmn,2026-06-01T13:46:15.662752Z
pmn_1075749_item1,Grantsville,Grantsville City Council,2026-05-06,General Plan Amendment for Wellington Subdivision - 113 acres near Pear Street and Quirk Street,nan,0.9,GENERAL_PLAN_AMENDMENT,Proposed General Plan Amendment to change land use designation from Low Density Residential to High Single-Family Density for approximately 113 acres to allow increased residential density and subdivision design flexibility.,Near Pear Street and Quirk Street,113,,,Low Density Residential,High Single-Family Density,PROPOSED,72,Large acreage (113 acres) with upzoning intent; paired with rezone application for same parcels; allows design flexibility in future subdivision,https://www.utah.gov/pmn/sitemap/notice/1075749.html,"{""parcel_ids"": [""01-071-0-0012"", ""01-074-0-0012"", ""01-074-0-0010"", ""11-010-0-0002""]}",pmn,2026-06-01T13:46:15.662752Z
pmn_1075749_item2,Grantsville,Grantsville City Council,2026-05-06,Rezone of Wellstone Subdivision from R-1-21 to R-1-12 near Pear Street and Quirk Street,nan,0.9,REZONE,"Proposed rezone of approximately 113 acres from R-1-21 (Single-Family Residential, 21,000 sq ft minimum lot) to R-1-12 (Single-Family Residential, 12,000 sq ft minimum lot) to facilitate increased residential density.",Near Pear Street and Quirk Street,113,,,R-1-21,R-1-12,PROPOSED,75,"Companion to General Plan Amendment for same parcels; reduces minimum lot size by 43% (from 21,000 to 12,000 sq ft); significant density intensification",https://www.utah.gov/pmn/sitemap/notice/1075749.html,"{""parcel_ids"": [""01-071-0-0012"", ""01-074-0-0012"", ""01-074-0-0010"", ""11-010-0-0002""]}",pmn,2026-06-01T13:46:15.662752Z
web_2345620147959649849,Grantsville,nan,2026-05-06,Packet,other,0.0,,,,,,,,,PROPOSED,,,https://www.grantsvilleut.gov/Document_Center/Government/City%20Council/2026/05.06.2026/05.06.2026%20Agenda%20Item%20Packet%20(Full)%20v5.pdf?t=202605062036260,"May 6, 2026
City Council Meeting
Information Packet
Agenda Item # 1
Public Comment
Agenda Item # 2
Summary Action Items
a. Approval of Minutes from April 1,
2026 City Council Regular
Meeting
b. Approval of Minutes from the
April 14, 2026 City Council and
Planning Commission Work
Meeting
c. Approval of Minutes from the
April 15, 2026 City Council
Regular Meeting
d. Approval of bills
Alicia Fairbourne <afairbourne@grantsvilleut.gov>
Public Comment- May 6, 2026 City Council Meeting
1 message
Krysta",web,2026-06-01T13:40:18.488790+00:00
pmn_1079311_item0,Grantsville,Grantsville City Council,2026-05-08,Rezone 519 W Main Street from A-10 (Agricultural) to C-S (Shopping Commercial District),nan,0.9,REZONE,Rezoning of property at 519 W Main Street from A-10 Agricultural to C-S Shopping Commercial District to allow for commercial uses consistent with City General Plan and zoning objectives.,"519 W Main Street, Grantsville",,,,A-10,C-S,APPROVED,65,"Ordinance 2026-13, adopted March 4, 2026. Commercial rezone on Main Street indicates downtown/commercial corridor development interest.",https://www.utah.gov/pmn/sitemap/notice/1079311.html,,pmn,2026-06-01T13:46:15.662744Z
pmn_1079311_item1,Grantsville,Grantsville City Council,2026-05-08,Annexation Policy Plan update establishing 20-year expansion framework,nan,0.9,ANNEXATION,"Adoption of updated Grantsville City Annexation Policy Plan establishing a 20-year framework for future annexations, municipal service planning, infrastructure coordination, and growth management within identified expansion areas.",,,,,,,APPROVED,70,"Ordinance 2026-16, adopted April 15, 2026. Forward-looking policy indicates city planning for significant future growth and expansion opportunities.",https://www.utah.gov/pmn/sitemap/notice/1079311.html,,pmn,2026-06-01T13:46:15.662744Z
pmn_1079311_item2,Grantsville,Grantsville City Council,2026-05-08,"Land Use Code amendments updating definitions, terminology, and development standards",nan,0.9,GENERAL_PLAN_AMENDMENT,"Amendment to Chapter 2 of Grantsville City Land Use and Management Code to update and clarify land use definitions, terminology, and development standards.",,,,,,,APPROVED,45,"Ordinance 2026-17, adopted March 25, 2026. Code clarifications improve development administration but no specific projects affected.",https://www.utah.gov/pmn/sitemap/notice/1079311.html,,pmn,2026-06-01T13:46:15.662744Z
pmn_1079311_item3,Grantsville,Grantsville City Council,2026-05-08,Comprehensive Land Use Code revisions updating development standards and regulations,nan,0.9,GENERAL_PLAN_AMENDMENT,"Amendments to multiple chapters (4, 6, 7, 8, 9, 14, 15, 16, 20, 21) of Grantsville City Land Use and Management Code revising development standards, conditional use procedures, landscaping regulations, driveway requirements, home occupation standards, and related regulations.",,,,,,,APPROVED,50,"Ordinance 2026-18, adopted May 6, 2026. Comprehensive code revisions suggest significant regulatory modernization affecting multiple development types and procedures.",https://www.utah.gov/pmn/sitemap/notice/1079311.html,,pmn,2026-06-01T13:46:15.662744Z
web_4405157442208849848,Grantsville,nan,2026-05-11,Agenda,other,0.0,,,,,,,,,PROPOSED,,,https://www.grantsvilleut.gov/Document_Center/Government/City%20Council/2026/05.11.2026/05.11.2026%20City%20Council%20Special%20Work%20Meeting%20Agenda.pdf?t=202605081937040,"PUBLIC NOTICE:
The Grantsville City Council will hold a Special Work Meeting on Monday, May 11, 2026 in person
at 429 East Main Street, Grantsville UT 84029 and electronically via Zoom beginning at 6:00 pm.
The agenda is as follows:
ROLL CALL
AGENDA:
1. Discussion of the Memorandum of Understanding with the Tooele County School District
2. Presentation and discussion of the FY27 budget (this is a discussion item only. No public comment
or action will be taken.)
a. Presentation of the proposed pr",web,2026-06-01T13:40:11.782219+00:00
pmn_1079295,Grantsville,Grantsville City Council,2026-05-11,Grantsville City Council Special Work Meeting,nan,nan,,,,,,,,,PROPOSED,,,https://www.utah.gov/pmn/sitemap/notice/1079295.html,"PUBLIC NOTICE:

The Grantsville City Council will hold a Special Work Meeting on Monday, May 11, 2026 in person at 429 East Main Street, Grantsville UT 84029 and electronically via Zoom beginning at 6:00 pm. 

The agenda is as follows: 

ROLL CALL 

AGENDA: 
1.	Discussion of the Memorandum of Understanding with the Tooele County School District
2.	Presentation and discussion of the FY27 budget (this is a discussion item only. No public comment or action will be taken.)
     a.	Presentation of the proposed property tax impact schedule
3.	Adjournment


Alicia Fairbourne		
City Recorder",pmn,2026-06-01T13:46:15.662741Z
web_5728347891778420935,Grantsville,nan,2026-05-11,Minutes,other,0.0,,,,,,,,,PROPOSED,,,https://www.grantsvilleut.gov/Document_Center/Government/City%20Council/2026/05.11.2026/05.11.2026%20City%20Council%20Work%20Session%20Minutes%20FINAL.pdf?t=202605261912470,"MINUTES OF THE SPECIAL WORK SESSION OF THE GRANTSVILLE CITY
COUNCIL, HELD ON MAY 11TH, 2026 AT THE GRANTSVILLE CITY HALL,
LOCATED AT 429 EAST MAIN STREET, GRANTSVILLE, UTAH AND
ELECTRONICALLY VIA ZOOM. THE MEETING BEGAN AT 6:00 P.M.
Mayor and Council Members Present:
Mayor Hammond Brittany Skinner
Rhett Butler Jake Thomas
Derek Dalton Jeff Williams
Council Members Excused: none.
Appointed Officers and Employees Present:
Michael Resare, City Manager Bill Cobabe, Comm. Development Director
Alicia ",web,2026-06-01T13:40:13.558908+00:00
web_457645689875325560,Grantsville,nan,2026-05-11,Packet,other,0.0,,,,,,,,,PROPOSED,,,https://www.grantsvilleut.gov/Document_Center/Government/City%20Council/2026/05.11.2026/Property%20Tax%20Impact%20Schedule%2005.06.2026.pdf?t=202605081937140,"GRANTSVILLE CITY CORPORATION
PROPERTY TAX IMPACT SCHEDULE
FISCAL YEAR 2026-2027
Proposed Property Tax Impact Schedule
Grantsville City will consider an increase to its property tax rate from .001368 to .002517, which exceeds the estimated
certified tax rate and is estimated to generate an additional $1,749,701 in property tax revenue. The following
information is intended to provide the City Council and the public with an explanation of how the City's
operations would be affected if the proposed",web,2026-05-25T16:36:00.604556+00:00
web_5942035166411457395,Grantsville,nan,2026-05-11,Packet,other,0.0,,,,,,,,,PROPOSED,,,https://www.grantsvilleut.gov/Document_Center/Government/City%20Council/2026/05.11.2026/Property%20Tax%20Impact%20Schedule%2005.06.2026.pdf?t=202605261916110,"GRANTSVILLE CITY CORPORATION
PROPERTY TAX IMPACT SCHEDULE
FISCAL YEAR 2026-2027
Proposed Property Tax Impact Schedule
Grantsville City will consider an increase to its property tax rate from .001368 to .002517, which exceeds the estimated
certified tax rate and is estimated to generate an additional $1,749,701 in property tax revenue. The following
information is intended to provide the City Council and the public with an explanation of how the City's
operations would be affected if the proposed",web,2026-06-01T13:40:12.012380+00:00
web_4713292942751449636,Grantsville,nan,2026-05-18,Agenda,other,0.0,,,,,,,,,PROPOSED,,,https://www.grantsvilleut.gov/Document_Center/Government/City%20Council/2026/05.18.2026/05.18.2026%20City%20Council%20Meeting%20Agenda.pdf?t=202605152115050,"PUBLIC NOTICE:
The Grantsville City Council will hold a Rescheduled Regular Meeting and Public Hearing on Monday,
May 18, 2026 in person at 429 East Main Street, Grantsville UT 84029 and electronically via Zoom beginning
at 6:30 p.m.
The agenda is as follows:
ROLL CALL
AGENDA:
6:30 p.m. – 7:00 p.m.
1. Closed Session – (Imminent Litigation, Real Estate Negotiations, Personnel)
This portion of the meeting is closed to the public pursuant to the Open and Public Meetings Act,
UCA § 52-4-205
7:00 p.m",web,2026-06-01T13:40:07.873939+00:00
pmn_1081392_item0,Grantsville,Grantsville City Council,2026-05-18,Council Appeal Decision for driveway deviation at 175 N Hatchet Ranch Drive,nan,0.9,,"Council consideration of Resolution 2026-15 approving a driveway deviation for property at 175 N Hatchet Ranch Drive, subject to certain conditions","175 N Hatchet Ranch Drive, Grantsville",,,,,,PROPOSED,10,Appeal decision item; appears to be a variance/deviation request rather than development activity,https://www.utah.gov/pmn/sitemap/notice/1081392.html,,pmn,2026-06-01T13:46:15.662738Z
pmn_1081392_item1,Grantsville,Grantsville City Council,2026-05-18,Townhomes on Willow sidewalk improvements discussion,nan,0.9,INFRASTRUCTURE,Discussion and Council direction regarding sidewalk improvements or installation for Townhomes on Willow project,,,,,,,PROPOSED,15,Infrastructure discussion related to existing or proposed townhome development,https://www.utah.gov/pmn/sitemap/notice/1081392.html,,pmn,2026-06-01T13:46:15.662738Z
pmn_1081392_item2,Grantsville,Grantsville City Council,2026-05-18,General Plan Amendment for Wellstone Subdivision,nan,0.9,GENERAL_PLAN_AMENDMENT,Public hearing and consideration of Ordinance 2026-19 approving a General Plan Amendment for the Wellstone Subdivision,,,,,,,PROPOSED,60,General Plan Amendment paired with rezone; indicates significant land use change for residential subdivision,https://www.utah.gov/pmn/sitemap/notice/1081392.html,,pmn,2026-06-01T13:46:15.662738Z
pmn_1081392_item3,Grantsville,Grantsville City Council,2026-05-18,Rezone from R-1-21 to R-1-12 for Wellstone Subdivision,nan,0.9,REZONE,"Public hearing and consideration of Ordinance 2026-20 approving a rezone from R-1-21 (1 unit per 21,000 sq ft) to R-1-12 (1 unit per 12,000 sq ft) for the Wellstone subdivision, allowing increased density",,,,,R-1-21,R-1-12,PROPOSED,75,"Rezone to increase residential density from 1 unit per 21,000 sq ft to 1 unit per 12,000 sq ft; suggests 75% increase in allowed units",https://www.utah.gov/pmn/sitemap/notice/1081392.html,,pmn,2026-06-01T13:46:15.662738Z
web_4595068493847888271,Grantsville,nan,2026-05-18,Minutes,other,0.0,,,,,,,,,PROPOSED,,,https://www.grantsvilleut.gov/Document_Center/Government/City%20Council/2026/05.18.2026/05.18.2026%20City%20Council%20Meeting%20Minutes%20DRAFT.pdf?t=202605261911490,"MINUTES OF THE RESCHEDULED REGULAR BUSINESS MEETING OF THE
GRANTSVILLE CITY COUNCIL, HELD ON MAY 18, 2026 AT THE GRANTSVILLE
CITY HALL, LOCATED AT 429 EAST MAIN STREET, GRANTSVILLE, UTAH AND
ELECTRONICALLY VIA ZOOM. THE MEETING BEGAN AT 6:30 P.M.
Mayor and Council Members Present:
Mayor Heidi Hammond Brittany Skinner
Rhett Butler Jake Thomas
Derek Dalton excused at 9:24 p.m. Jeff Williams
Council Members Excused: none.
Appointed Officers and Employees Present:
Michael Resare, City Manager via Zo",web,2026-06-01T13:40:11.608659+00:00
web_1183775545798185981,Grantsville,nan,2026-05-18,Packet,other,0.0,,,,,,,,,PROPOSED,,,https://www.grantsvilleut.gov/Document_Center/Government/City%20Council/2026/05.18.2026/05.18.2026%20Council%20Meeting%20Materials%20v1.pdf?t=202605152115170,"May 18, 2026
City Council Meeting
Information Packet
Agenda Item # 1
6:30 p.m. – 7:00 p.m.
Closed Session – (Imminent Litigation,
Real Estate Negotiations, Personnel)
This portion of the meeting is closed to
the public pursuant to the Open and
Public Meetings Act, UCA § 52-4-205
Agenda Item # 2
7:00 p.m.
Public Comment
Agenda Item #3
Summary Action Items
a. Approval of Minutes from the
May 1, 2026 City Council Special
Work Meeting
b. Approval of Minutes from the May 6,
2026 Regular City Council ",web,2026-06-01T13:40:09.831222+00:00
web_4328653849470232677_item0,Grantsville,nan,2026-05-19,Conditional Use Permit for Tinman's Gunworks home-based firearms business,conditional_use,0.9,DEVELOPER_ACTIVITY,"Conditional Use Permit application for Andrew Christiansen to operate Tinman's Gunworks as a home-based business offering firearm repairs, maintenance, restoration, and purchases",,,,Andrew Christiansen,,,PROPOSED,15,"Home-based business conditional use permit; subject to public hearing at May 19, 2026 Planning Commission meeting",https://www.grantsvilleut.gov/Document_Center/Department/Community%20&%20Economic%20Development/P%20&%20Z%20Agendas/2026/PC%20Agenda%205-19-26.pdf?t=202605081535520,,web,2026-06-01T13:40:28.905961+00:00
pmn_1079143_item0,Grantsville,Grantsville City Planning Commission,2026-05-19,Conditional Use Permit for Tinman's Gunworks home-based firearm repair business at 332 West Apple Street,nan,0.9,,"Andrew Christiansen is seeking a Conditional Use Permit to own and operate Tinman's Gunworks, a home-based business providing firearm repairs, maintenance, restoration, purchases and transfers in the RM-7 zone.","332 West Apple Street, Grantsville, UT",,,Andrew Christiansen,RM-7,,PROPOSED,10,Home-based business conditional use permit; firearm-related services,https://www.utah.gov/pmn/sitemap/notice/1079143.html,,pmn,2026-06-01T13:46:15.663000Z
pmn_1079143_item1,Grantsville,Grantsville City Planning Commission,2026-05-19,"Conditional Use Permit for farm stand selling eggs, produce, and sourdough bread at 463 S High Pasture Way",nan,0.9,,"Falysia and Joseph Mangrum are seeking a Conditional Use Permit to own and operate a farm stand for the sale of eggs, produce, and sourdough bread in the R-1-21 zoning district.","463 S High Pasture Way, Grantsville, UT",,,Falysia and Joseph Mangrum,R-1-21,,PROPOSED,15,Agricultural/farm stand conditional use permit in residential zone,https://www.utah.gov/pmn/sitemap/notice/1079143.html,,pmn,2026-06-01T13:46:15.663000Z
pmn_1079143_item2,Grantsville,Grantsville City Planning Commission,2026-05-19,Amendment to Kenneth Fawson Subdivision and Commercial Final Plat Application for Holiday Oil at 794 E Main Street,nan,0.9,COMMERCIAL_PROJECT,Recommendation of a proposed amendment to the Kenneth Fawson Subdivision and a Commercial Final Plat Application for Holiday Oil located in the CG (Commercial General) zone.,"794 E Main Street, Grantsville, UT",,,Holiday Oil,CG,,PROPOSED,35,Commercial plat application; involves amendment to existing subdivision,https://www.utah.gov/pmn/sitemap/notice/1079143.html,,pmn,2026-06-01T13:46:15.663000Z
pmn_1079143_item3,Grantsville,Grantsville City Planning Commission,2026-05-19,Preliminary Plat Application for Presidents Park Townhomes at Nygreen Street and Washington Avenue,nan,0.9,NEW_SUBDIVISION,"Consideration of a Proposed Preliminary Plat Application for Presidents Park Townhomes, a residential townhome development.","Nygreen Street and Washington Avenue, Grantsville, UT",,,Presidents Park Townhomes,,,PROPOSED,55,Residential townhome preliminary plat; unit count and acreage not specified in agenda,https://www.utah.gov/pmn/sitemap/notice/1079143.html,,pmn,2026-06-01T13:46:15.663000Z
pmn_1083189_item0,Grantsville,Grantsville City Planning Commission,2026-05-22,Preliminary Plat Application for Arbon Acres at 500 South and Hale Street,nan,0.9,NEW_SUBDIVISION,Consideration of a proposed preliminary plat application for Arbon Acres residential subdivision,"500 South and Hale Street, Grantsville, UT",,,,,,PROPOSED,60,Preliminary plat stage; final details on unit count and acreage not yet specified in agenda,https://www.utah.gov/pmn/sitemap/notice/1083189.html,,pmn,2026-06-01T13:46:15.662995Z
pmn_1083189_item1,Grantsville,Grantsville City Planning Commission,2026-05-22,Master Development Agreement for Willow Fields Subdivision at Old Lincoln Highway and Champion Drive,nan,0.9,NEW_SUBDIVISION,Recommendation of the proposed Master Development Agreement for Willow Fields Subdivision,"Old Lincoln Highway and Champion Drive, Grantsville, UT",,,,,,PROPOSED,70,Master Development Agreement stage indicates larger or phased project; awaiting planning commission recommendation,https://www.utah.gov/pmn/sitemap/notice/1083189.html,,pmn,2026-06-01T13:46:15.662995Z
pmn_1083189_item2,Grantsville,Grantsville City Planning Commission,2026-05-22,Amendments to Grantsville City Master Transportation Plan,nan,0.9,INFRASTRUCTURE,Recommendation of proposed amendments to the Grantsville City Master Transportation Plan,,,,,,,PROPOSED,50,City-wide transportation infrastructure planning; specific projects or corridors not identified in agenda,https://www.utah.gov/pmn/sitemap/notice/1083189.html,,pmn,2026-06-01T13:46:15.662995Z
web_1042771858087648789,Grantsville,nan,2026-06-03,Agenda,other,0.0,,,,,,,,,PROPOSED,,,https://www.grantsvilleut.gov/Document_Center/Government/City%20Council/2026/06.03.2026/06.03.2026%20Council%20Agenda.pdf?t=202605292018430,"PUBLIC NOTICE:
The Grantsville City Council will hold a Regular Meeting and Public Hearing on Wednesday, June 3, 2026 in
person at 429 East Main Street, Grantsville UT 84029 and electronically via Zoom beginning at 7:00 pm.
The agenda is as follows:
ROLL CALL
AGENDA:
1. Public Comment
2. Summary Action Items
a. Approval of Minutes from the May 18, 2026 City Council Regular Meeting
b. Approval of bills
3. Update from the victim advocate
4. Consideration of Resolution 2026-40 authorizing the addit",web,2026-06-01T13:40:04.776587+00:00
pmn_1084941_item0,Grantsville,Grantsville City Council,2026-06-03,Resolution 2026-40: Solar energy component addition to Wastewater Treatment Plant capital project,nan,0.9,INFRASTRUCTURE,Authorization for addition of solar energy component to Wastewater Treatment Plant capital project and authorization to use bond proceeds for solar development,,,,,,,PROPOSED,30,Infrastructure improvement; municipal utility enhancement,https://www.utah.gov/pmn/sitemap/notice/1084941.html,,pmn,2026-06-01T13:46:15.662723Z
pmn_1084941_item1,Grantsville,Grantsville City Council,2026-06-03,Ordinance 2026-22: General Plan Amendment for Mack Canyon Subdivision,nan,0.9,GENERAL_PLAN_AMENDMENT,"General Plan Amendment for parcels 01-065-0-0074 and 01-065-0-0014 amending future land use map from Mixed-Use Density, High Single-Family Density Residential, and Low Density Residential to Medium Density Residential for the Mack Canyon Subdivision",near Mack Canyon Road and SR-138,,,,,,PROPOSED,65,Future land use map amendment to support residential development; public hearing scheduled,https://www.utah.gov/pmn/sitemap/notice/1084941.html,"{""parcel_ids"": [""01-065-0-0074"", ""01-065-0-0014""]}",pmn,2026-06-01T13:46:15.662723Z
pmn_1084941_item2,Grantsville,Grantsville City Council,2026-06-03,Ordinance 2026-23: Rezone Mack Canyon Subdivision from R-1-21 to R-1-12,nan,0.9,REZONE,"Rezone of parcels 01-065-0-0074 and 01-065-0-0014 from R-1-21 (Single Family Residential, 21,000 sq ft minimum lot size) to R-1-12 (Single Family Residential, 12,000 sq ft minimum lot size) for the Mack Canyon Subdivision",near Mack Canyon Road and SR-138,,,,R-1-21,R-1-12,PROPOSED,70,"Zone change allowing smaller minimum lot sizes (12,000 sq ft vs 21,000 sq ft); enables higher density residential development; public hearing scheduled",https://www.utah.gov/pmn/sitemap/notice/1084941.html,"{""parcel_ids"": [""01-065-0-0074"", ""01-065-0-0014""]}",pmn,2026-06-01T13:46:15.662723Z
pmn_1084941_item3,Grantsville,Grantsville City Council,2026-06-03,Ordinance 2026-24: Master Development Agreement for Mack Canyon Subdivision,nan,0.9,LARGE_PROJECT,Master Development Agreement approval for the Mack Canyon Subdivision residential project,near Mack Canyon Road and SR-138,,,,,,PROPOSED,75,Master development agreement enables coordinated development of multi-parcel residential project; public hearing scheduled,https://www.utah.gov/pmn/sitemap/notice/1084941.html,"{""parcel_ids"": [""01-065-0-0074"", ""01-065-0-0014""]}",pmn,2026-06-01T13:46:15.662723Z
pmn_1084941_item4,Grantsville,Grantsville City Council,2026-06-03,Ordinance 2026-25: Amendment to Land Use Management Code Section 4.5 regarding lot standards and street frontage,nan,0.9,GENERAL_PLAN_AMENDMENT,Amendment to Section 4.5 of Grantsville Land Use Management Code regarding lot standards and street frontage; amending applicability of lot proportion requirement,,,,,,,PROPOSED,50,Code amendment likely supporting Mack Canyon Subdivision development by modifying lot proportion requirements; public hearing scheduled,https://www.utah.gov/pmn/sitemap/notice/1084941.html,,pmn,2026-06-01T13:46:15.662723Z
pmn_1084941_item5,Grantsville,Grantsville City Council,2026-06-03,Resolution 2026-37: Intent to consider property tax increase above certified tax rate,nan,0.9,,Resolution declaring intent to consider an increase in property tax revenue above the certified tax rate,,,,,,,PROPOSED,20,Municipal revenue measure; agenda item text appears incomplete,https://www.utah.gov/pmn/sitemap/notice/1084941.html,,pmn,2026-06-01T13:46:15.662723Z
pmn_1083293,Grantsville,Grantsville City Council,2026-06-03,Notice of Public Hearing - FY27 Tentative Budget,nan,nan,,,,,,,,,PROPOSED,,,https://www.utah.gov/pmn/sitemap/notice/1083293.html,"GRANTSVILLE CITY
NOTICE OF PUBLIC HEARING
FISCAL YEAR 2027 TENTATIVE BUDGET


PUBLIC NOTICE IS HEREBY GIVEN that the Grantsville City Council will hold a Public Hearing on Wednesday, June 3, 2026, at 7:00 p.m. for the purpose of receiving public input regarding the proposed Fiscal Year 2027 Tentative Budget and the adoption of the tentative budget on an interim basis pending final budget adoption. 

The Grantsville City Council will also consider a Resolution declaring the City's intent to consider an increase in property tax revenue above the certified tax rate for Fiscal Year 2027 and establishing the date, time, and place of the future Truth in Taxation public hearing required by Utah Code Section 59-2-919.

The public hearing will be held in person at Grantsville City Hall, located at 429 E. Main Street, Grantsville, Utah, 84029, and electronically via Zoom.

Public comments are welcome and may be provided in person during the meeting, or electronically using the following information:

Meeting URL: https://us02web.zoom.us/j/4358843411
Dial-In: 1-253-215-8782
Meeting ID: 435 884 3411

Written comments may also be submitted to the City Recorder, Alicia Fairbourne, at afairbourne@grantsvilleut.gov. All written comments will be distributed to the City Council and entered into the public record. To ensure consideration, written comments must be received no later than 12:00 p.m. (noon) on the day of the meeting.

Copies of the proposed tentative budget, proposed resolution, and Property Tax Impact Schedule may be reviewed during regular business hours at Grantsville City Hall or online at: https://www.grantsvilleut.gov/transparency/public_notices.php#outer-18sub-382, or on the Utah Public Notice website at https://www.utah.gov/pmn/sitemap/publicbody/1840.html. 


DATED this 22nd day of May, 2026.
Alicia Fairbourne
Grantsville City Recorder",pmn,2026-06-01T13:46:15.662729Z
pmn_1083285_item0,Grantsville,Grantsville City Council,2026-06-03,General Plan Amendment for Mack Canyon Subdivision (parcels 01-065-0-0074 and 01-065-0-0014),nan,0.9,GENERAL_PLAN_AMENDMENT,"Amendment to Future Land Use Map changing parcels from Mixed-Use Density, High Single-Family Density Residential, and Low Density Residential to Medium Density Residential","Mack Canyon Road and SR-138, Grantsville, Utah",,,,,,PROPOSED,65,"Part of Mack Canyon Subdivision project; public hearing scheduled for June 3, 2026",https://www.utah.gov/pmn/sitemap/notice/1083285.html,"{""parcel_ids"": [""01-065-0-0074"", ""01-065-0-0014""]}",pmn,2026-06-01T13:46:15.662735Z
pmn_1083285_item1,Grantsville,Grantsville City Council,2026-06-03,Rezone of Mack Canyon Subdivision parcels from R-1-21 to R-1-12,nan,0.9,REZONE,"Rezone of parcels 01-065-0-0074 and 01-065-0-0014 from R-1-21 (Single-Family Residential, 21,000 sq ft minimum lot) to R-1-12 (Single-Family Residential, 12,000 sq ft minimum lot)","Mack Canyon Road and SR-138, Grantsville, Utah",,,,R-1-21,R-1-12,PROPOSED,72,Allows for higher density single-family development; part of Mack Canyon Subdivision master development,https://www.utah.gov/pmn/sitemap/notice/1083285.html,"{""parcel_ids"": [""01-065-0-0074"", ""01-065-0-0014""]}",pmn,2026-06-01T13:46:15.662735Z
pmn_1083285_item2,Grantsville,Grantsville City Council,2026-06-03,Master Development Agreement for Mack Canyon Subdivision,nan,0.9,LARGE_PROJECT,Approval of Master Development Agreement for the Mack Canyon Subdivision project,"Mack Canyon Road and SR-138, Grantsville, Utah",,,,,,PROPOSED,75,"Master development agreement coordinates general plan amendment and rezone for Mack Canyon Subdivision; public hearing June 3, 2026",https://www.utah.gov/pmn/sitemap/notice/1083285.html,"{""parcel_ids"": [""01-065-0-0074"", ""01-065-0-0014""]}",pmn,2026-06-01T13:46:15.662735Z
pmn_1083289_item0,Grantsville,Grantsville City Council,2026-06-03,Amendment to Section 4.5 of Grantsville Land Use Management Code regarding lot standards and street frontage,nan,0.9,GENERAL_PLAN_AMENDMENT,"Proposed ordinance amendment modifying the lot proportion standard to apply to lots containing 14,000 square feet or less rather than one-half (1/2) acre or less. This adjusts the applicability threshold for lot proportion requirements in the city's land use code.",,,,,,,PROPOSED,35,"Code amendment affecting lot standards citywide. Public hearing scheduled for June 3rd, 2026 at 7:00 p.m. at Grantsville City Hall. Modification lowers the threshold from 0.5 acre to 14,000 sq ft, potentially allowing smaller lot development in certain zones.",https://www.utah.gov/pmn/sitemap/notice/1083289.html,,pmn,2026-06-01T13:46:15.662732Z
web_7950174438535524658,Grantsville,nan,2026-06-03,Packet,other,0.0,,,,,,,,,PROPOSED,,,https://www.grantsvilleut.gov/Document_Center/Government/City%20Council/2026/06.03.2026/06.03.2026%20Packet.pdf?t=202605292018560,"June 3, 2026
City Council Meeting
Information Packet
Agenda Item # 1
Public Comment
Agenda Item #2
Summary Action Items
a. Approval of Minutes from the
May 18, 2026 City Council Regular
Meeting
b. Approval of bills
MINUTES OF THE RESCHEDULED REGULAR BUSINESS MEETING OF THE
GRANTSVILLE CITY COUNCIL, HELD ON MAY 18, 2026 AT THE GRANTSVILLE
CITY HALL, LOCATED AT 429 EAST MAIN STREET, GRANTSVILLE, UTAH AND
ELECTRONICALLY VIA ZOOM. THE MEETING BEGAN AT 6:30 P.M.
Mayor and Council Members Present:
May",web,2026-06-01T13:40:07.612179+00:00
pmn_1050603_item0,Herriman,City Council,2026-01-14,Fiscal Year 2027 and 2028 Budget Discussion: Revenues and Debt Service,nan,0.9,,City Council review and discussion of proposed fiscal year 2027 and 2028 budgets focusing on revenues and debt service obligations.,,,,,,,PROPOSED,0,Finance planning matter; no direct development activity.,https://www.utah.gov/pmn/sitemap/notice/1050603.html,,pmn,2026-06-01T13:46:15.661870Z
pmn_1050603_item1,Herriman,City Council,2026-01-14,Proposed Transportation Master Plan and Impact Fee Analysis,nan,0.9,INFRASTRUCTURE,Discussion of a proposed Transportation Master Plan and associated impact fee analysis by City Engineer.,,,,,,,PROPOSED,25,Infrastructure planning document; indicates future transportation improvements and developer impact fees.,https://www.utah.gov/pmn/sitemap/notice/1050603.html,,pmn,2026-06-01T13:46:15.661870Z
pmn_1050603_item2,Herriman,City Council,2026-01-14,Amendment to Teton Commercial Project Master Development Agreement,nan,0.9,COMMERCIAL_PROJECT,Discussion regarding a proposed amendment to the existing Teton Commercial Project Master Development Agreement.,,,,,,,PROPOSED,45,Modification to existing commercial development agreement; specific details not provided in agenda.,https://www.utah.gov/pmn/sitemap/notice/1050603.html,,pmn,2026-06-01T13:46:15.661870Z
pmn_1050603_item3,Herriman,City Council,2026-01-14,Herriman General Fund Grant Criteria Discussion,nan,0.9,,City Council discussion of criteria for Herriman General Fund grants.,,,,,,,PROPOSED,0,Administrative/fiscal matter; no direct development activity.,https://www.utah.gov/pmn/sitemap/notice/1050603.html,,pmn,2026-06-01T13:46:15.661870Z
pmn_1050603_item4,Herriman,City Council,2026-01-14,Blackridge Reservoir Solutions,nan,0.9,INFRASTRUCTURE,Discussion regarding solutions for Blackridge Reservoir.,,,,,,,PROPOSED,10,Infrastructure/utilities matter; potential impact on future development capacity.,https://www.utah.gov/pmn/sitemap/notice/1050603.html,,pmn,2026-06-01T13:46:15.661870Z
pmn_1050603_item5,Herriman,City Council,2026-01-14,Proposed City Code Amendment: Process for Resident-Initiated Changes,nan,0.9,,Discussion of a proposed amendment to City Code regarding the process for resident-initiated changes.,,,,,,,PROPOSED,0,Procedural/code amendment; affects public engagement process.,https://www.utah.gov/pmn/sitemap/notice/1050603.html,,pmn,2026-06-01T13:46:15.661870Z
pmn_1050603_item6,Herriman,City Council,2026-01-14,Senate Bill 23: First Home Investment Zones (FHIZ) Overview and Discussion,nan,0.9,GENERAL_PLAN_AMENDMENT,City Council overview and discussion of Senate Bill 23 regarding First Home Investment Zones and potential implementation in Herriman.,,,,,,,PROPOSED,60,State legislation creating incentive zones for first-time homebuyer projects; significant development opportunity if adopted.,https://www.utah.gov/pmn/sitemap/notice/1050603.html,,pmn,2026-06-01T13:46:15.661870Z
pmn_1054199,Herriman,City Council,2026-01-28,Regular Session,nan,nan,,,,,,,,,PROPOSED,,,https://www.utah.gov/pmn/sitemap/notice/1054199.html,"CITY COUNCIL AGENDA

Wednesday, January 28, 2026

NOTICE IS HEREBY GIVEN that the Herriman City Council shall assemble for a 
meeting in the City Council Chambers, located at
5355 WEST HERRIMAN MAIN STREET, HERRIMAN, UTAH
 

5:30 PM - WORK MEETING: (Fort Herriman Conference Room)


1.	Council Business
  
1.1.	  
Review of this Evening's Agenda
  
1.2.	  
Future Agenda Items
  
1.3.	  
Council discussion of future citizen recognitions


2.	Administrative Reports
  
2.1.	  
Open and Public Meetings Act training - Todd Sheeran, City Attorney
  
2.2.	  
Annual Review of Strategic Plan - Nathan Cherpeski, City Manager
  
2.3.	  
Discuss Fiscal Year 2027 and 2028 Budgets for the Community Development and Renewal Area, Administrative Services Division, Administration Department, and Legislative Department - Kyle Maurer, Director of Finance and Administrative Services
  
2.4.	  
Review and discuss the selection and appointment process for a new Planning Commission Alternate Member - Michael Maloy, City Planner
  


2.5.	
Discussion Regarding a Proposed Rental Fee Schedule for Athletic Fields and the Herriman Community Center - Wendy Thomas, Assistant City Manager and Trevor Ram, Assistant to the City Manager
  
2.6.
	  
Update on Parks Department Fertilization Program - Anthony Teuscher, Deputy Director of Parks, Recreation and Events
  
2.7.	  
December 2025 City Status Report - Trevor Ram, Assistant to the City Manager
  
2.8.	  
Legislative Update - Todd Sheeran, City Attorney


3.	Adjournment



7:00 PM - GENERAL MEETING:


4.	Call to Order
  
4.1.	  
Invocation/Thought/Reading and Pledge of Allegiance
  
4.2.	  
City Council Comments and Recognitions
  
4.3.	  
Jordan School District presentation Chinese New Year Cultural Activities


5.	Public Comment
Audience members may bring any item within the City's purview to the City Council's attention. Comments will be limited to two minutes. State Law ",pmn,2026-06-01T13:46:15.661866Z
pmn_1057507_item0,Herriman,City Council,2026-02-11,Quarterly Capital Projects Update,nan,0.9,INFRASTRUCTURE,Review and discussion of capital projects status and progress,,,,,,,PROPOSED,25,Presented by City Engineer Bryce Terry; typical quarterly infrastructure review,https://www.utah.gov/pmn/sitemap/notice/1057507.html,,pmn,2026-06-01T13:46:15.661864Z
pmn_1057507_item1,Herriman,City Council,2026-02-11,Discussion of Betterments and City Signage for Mountain View Corridor Freeway Intersections,nan,0.9,INFRASTRUCTURE,Discussion regarding betterments and signage improvements at Mountain View Corridor freeway intersections,Mountain View Corridor Freeway Intersections,,,,,,PROPOSED,30,"Presented by Blake Thomas, Community Development Director; involves intersection improvements and wayfinding signage",https://www.utah.gov/pmn/sitemap/notice/1057507.html,,pmn,2026-06-01T13:46:15.661864Z
pmn_1060869_item0,Herriman,City Council,2026-02-25,"Easement or revocable encroachment permit for multi-tenant sign at Mountain Point Retail development, 3512 W Maradona Drive",nan,0.9,DEVELOPER_ACTIVITY,Review and discussion of a request for an easement or revocable encroachment permit to facilitate construction of a multi-tenant sign for the Mountain Point Retail development. This is a supporting infrastructure request for an existing or planned retail development.,"3512 W Maradona Drive, Herriman",,,,,,PROPOSED,25,Multi-tenant sign construction for Mountain Point Retail development. Requires easement or revocable encroachment permit approval. This suggests an active or planned retail project in the area.,https://www.utah.gov/pmn/sitemap/notice/1060869.html,,pmn,2026-06-01T13:46:15.661861Z
pmn_1061017_item0,Herriman,Planning Commission,2026-03-04,2026 Transportation Master Plan Update adoption recommendation,nan,0.9,INFRASTRUCTURE,"Review and recommend adoption of the 2026 Transportation Master Plan Update, an element of the Herriman City General Plan. The update addresses projected population growth from 65,000 residents in 2025 to 115,000 by 2050 and ensures an efficient, connected, and sustainable transportation network. The plan was developed by Wall Consultant Group (WCG) and incorporates information from the City's General Plan (Herriman NEXT), regional transportation plans, and community input from surveys and public events.","Herriman, Utah",,,Herriman City,,,PROPOSED,75,City file G2025-157. This is a master planning infrastructure item driven by significant projected population growth (77% increase over 25 years). Indicates strong development pipeline expected in Herriman.,https://www.utah.gov/pmn/sitemap/notice/1061017.html,,pmn,2026-06-01T13:46:15.661524Z
pmn_1064063_item0,Herriman,City Council,2026-03-11,Panorama Development off-site Juniper Crest landscaping improvement plans discussion,nan,0.9,DEVELOPER_ACTIVITY,City Council discussion regarding Panorama Development's off-site landscaping improvement plans for Juniper Crest project,,,,Panorama Development,,,CONTINUED,35,Work meeting discussion item; landscaping improvements appear to be off-site mitigation or amenity related to Panorama Development project,https://www.utah.gov/pmn/sitemap/notice/1064063.html,,pmn,2026-06-01T13:46:15.661858Z
pmn_1064063_item1,Herriman,City Council,2026-03-11,Salt Lake Community College Property Purchase Agreement,nan,0.9,LARGE_PROJECT,City Council consideration of property purchase agreement with Salt Lake Community College,,,,Salt Lake Community College,,,PROPOSED,50,Work meeting discussion item; significant institutional land acquisition or development opportunity for Herriman; presenter is Assistant City Manager Wendy Thomas and Public Works Director Justun Edwards,https://www.utah.gov/pmn/sitemap/notice/1064063.html,,pmn,2026-06-01T13:46:15.661858Z
pmn_1064159_item0,Herriman,Planning Commission,2026-03-18,POD 7 preliminary plat approval in South Hills ARMDA with 108 residential units at 15590 S Mountain View Corridor,nan,0.9,NEW_SUBDIVISION,Preliminary approval of a subdivision plat for POD 7 within the South Hills Amended & Restated Master Planned Development Agreement. The plat contains 108 residential dwelling units on approximately 19.9 acres in the R-2-10 Multifamily Residential Zone.,"15590 S Mountain View Corridor, Herriman, Utah",19.9,108,"Leif Smith, Wasatch Commercial",R-2-10,,PROPOSED,72,Part of larger South Hills ARMDA. Multifamily development at scale. City File No: S2025-145,https://www.utah.gov/pmn/sitemap/notice/1064159.html,,pmn,2026-06-01T13:46:15.661513Z
pmn_1064165_item0,Herriman,Planning Commission,2026-03-18,POD 17 preliminary subdivision plat for South Hills ARMDA with 205 residential dwelling units at 15590 S Mountain View Corridor Highway,nan,0.9,NEW_SUBDIVISION,Review and consideration of approval for a preliminary subdivision plat for POD 17 within the South Hills Amended & Restated Master Planned Development Agreement (ARMDA). The plat contains 205 residential dwelling units on approximately 35.79 acres in the R-20-43 Multi-family Residential Zone.,"15590 S Mountain View Corridor Highway, Herriman, Utah",35.79,205,"Leif Smith, Wasatch Commercial",R-20-43,,PROPOSED,78,This is a preliminary plat approval within an existing master planned development (South Hills ARMDA). Multi-family residential project with 205 units on 35.79 acres. City File No: S2025-143,https://www.utah.gov/pmn/sitemap/notice/1064165.html,,pmn,2026-06-01T13:46:15.661516Z
pmn_1064161_item0,Herriman,Planning Commission,2026-03-18,POD 16 South Hills ARMDA preliminary subdivision plat for 69 residential units at 15590 S Mountain View Corridor Highway,nan,0.9,NEW_SUBDIVISION,Review and consideration of approval for a preliminary subdivision plat for POD 16 within the South Hills Amended & Restated Master Planned Development Agreement (ARMDA). The plat contains 69 residential dwelling units on approximately 10.275 acres in the R-20-43 Multifamily Residential Zone.,"15590 S Mountain View Corridor Highway, Herriman, Utah",10.275,69,"Leif Smith, Wasatch Commercial (property owner)",R-20-43,,PROPOSED,72,"Part of existing South Hills ARMDA master planned development. Public hearing scheduled for March 18, 2026. City File No: S2025-144.",https://www.utah.gov/pmn/sitemap/notice/1064161.html,,pmn,2026-06-01T13:46:15.661519Z
pmn_1065867_item0,Herriman,Planning Commission,2026-03-18,South Hills POD 7 - 108-unit residential subdivision at 15590 S Mountain View Corridor,nan,0.9,NEW_SUBDIVISION,Preliminary approval of subdivision plat for POD 7 in South Hills Amended & Restated Master Planned Development Agreement containing 108 residential dwelling units in R-2-10 Multifamily Residential Zone,"15590 S Mountain View Corridor, Herriman",51.37,108,"Leif Smith, Wasatch Commercial",R-2-10,,PROPOSED,78,Part of South Hills ARMDA; City File No. S2025-145; public hearing conducted,https://www.utah.gov/pmn/sitemap/notice/1065867.html,,pmn,2026-06-01T13:46:15.661522Z
pmn_1067623,Herriman,City Council,2026-03-25,Regular Session,nan,nan,,,,,,,,,PROPOSED,,,https://www.utah.gov/pmn/sitemap/notice/1067623.html,"CITY COUNCIL AGENDA

Wednesday, March 25, 2026

NOTICE IS HEREBY GIVEN that the Herriman City Council shall assemble for a 
meeting in the City Council Chambers, located at
5355 WEST HERRIMAN MAIN STREET, HERRIMAN, UTAH
 

5:30 PM - WORK MEETING: (Fort Herriman Conference Room)


1.	Council Business
  
1.1.	  
Review of this Evening's Agenda
  
1.2.	  
Future Agenda Items
  
1.3.	  
Council discussion of future citizen recognitions


2.	Administrative Reports
  
2.1.	  
Discussion of the department requested fiscal year 2027 and 2028 budgets for Public Safety (Police, Animal Services, Community Services, Emergency Management, and Crossing Guards) - Kyle Maurer, Director of Finance and Administrative Services
  
2.2.	  
City Status Report: February 2026 - Trevor Ram, Assistant to the City Manager


3.	Adjournment



7:00 PM - GENERAL MEETING:


4.	Call to Order
  
4.1.	  
Invocation/Thought/Reading and Pledge of Allegiance
  
4.2.	  
City Council Comments and Recognitions


5.	Public Comment
Audience members may bring any item within the City's purview to the City Council's attention. Comments will be limited to two minutes. State Law prohibits the Council from acting on items that do not appear on the agenda. Public comments for this meeting will also be conducted electronically. Any person interested in addressing the Council may submit a comment by emailing recorder@herriman.gov or by visiting Herriman.gov/agendas-and-minutes, where there is a link to fill out an online public comment form. Your statement will be incorporated into the public record.



6.	City Council Reports
  
6.1.	  
Councilmember Jared Henderson
  
6.2.	  
Councilmember Teddy Hodges
  
6.3.	  
Councilmember Matt Basham
  
6.4.	  
Councilmember Terrah Anderson


7.	Mayor Report


8.	Reports, Presentations and Appointments 
  
8.1.	  
UFA 2025 Annual Report - Division Chief Anthony Widdison


9.	Public Hearing
  
9.1",pmn,2026-06-01T13:46:15.661855Z
pmn_1068943_item0,Herriman,Planning Commission,2026-04-01,Conditional Use Permit for Nickelmania at 3585 W Maradona Drive,nan,0.9,COMMERCIAL_PROJECT,"Review and consideration of a Conditional Use Permit for Nickelmania, an entertainment/commercial use in an existing C-2 Commercial Zone property. Applicant is Guilford Rand of Architectural Coalition.",3585 W Maradona Drive,2.37,,"Guilford Rand, Architectural Coalition",C-2 Commercial,,PROPOSED,35,Conditional Use Permit indicates non-standard commercial use requiring special approval within existing commercial zone. File No: C2025-138,https://www.utah.gov/pmn/sitemap/notice/1068943.html,,pmn,2026-06-01T13:46:15.661510Z
pmn_1068943_item1,Herriman,Planning Commission,2026-04-01,General Plan Future Land Use Map amendment from C2 Commercial to Mixed-Use Zone 'Neighborhood Two' at 15101 Mountain View Corridor Highway,nan,0.9,GENERAL_PLAN_AMENDMENT,Request to amend the General Plan Future Land Use Map from C2 Commercial to Mixed-Use Zone 'Neighborhood Two' for approximately 15.47 acres. This is a legislative item being recommended to City Council. Applicant is Edge Homes.,15101 Mountain View Corridor Highway,15.47,,Edge Homes,C2 Commercial,Mixed-Use Zone 'Neighborhood Two',PROPOSED,72,General Plan amendment suggests potential for residential mixed-use development. Edge Homes involvement indicates residential component likely. File No: G2026-031. Recommendation goes to City Council for decision at next available meeting.,https://www.utah.gov/pmn/sitemap/notice/1068943.html,,pmn,2026-06-01T13:46:15.661510Z
pmn_1070259,Herriman,City Council,2026-04-08,Regular Session,nan,nan,,,,,,,,,PROPOSED,,,https://www.utah.gov/pmn/sitemap/notice/1070259.html,"CITY COUNCIL AGENDA

Wednesday, April 08, 2026

NOTICE IS HEREBY GIVEN that the Herriman City Council shall assemble for a 
meeting in the City Council Chambers, located at
5355 WEST HERRIMAN MAIN STREET, HERRIMAN, UTAH

5:30 PM - WORK MEETING: (Fort Herriman Conference Room)
1.	Council Business
1.1.	Review of this Evening's Agenda
1.2.	Future Agenda Items
1.3.	Council discussion of future citizen recognitions

2.	Closed Session
The Herriman City Council may temporarily recess the City Council work meeting to convene in a closed session to discuss the character, professional competence, or physical or mental health of an individual, pending or reasonable imminent litigation, and the purchase, exchange, or lease of real property, as provided by Utah Code Annotated §52-4-205

3.	Administrative Reports
3.1.	Additional Items for the City's Strategic Plan
3.2.	Discussion of the proposed Capital Improvement Plan (CIP) for fiscal years 2027 to 2036 - Kyle Maurer, Director of Finance and Administrative Services

4.	Adjournment

7:00 PM - GENERAL MEETING:

5.	Call to Order
5.1.	Invocation/Thought/Reading and Pledge of Allegiance
5.2.	City Council Comments and Recognitions

6.	Public Comment
Audience members may bring any item within the City's purview to the City Council's attention. Comments will be limited to two minutes. State Law prohibits the Council from acting on items that do not appear on the agenda. Public comments for this meeting will also be conducted electronically. Any person interested in addressing the Council may submit a comment by emailing recorder@herriman.gov or by visiting Herriman.gov/agendas-and-minutes, where there is a link to fill out an online public comment form. Your statement will be incorporated into the public record.

7.	City Council Reports
7.1.	Councilmember Jared Henderson
7.2.	Councilmember Teddy Hodges
7.3.	Councilmember Matt Basham
7.4.	Councilmember Terrah Anderson

8.	Mayor Report

9.	Consent ",pmn,2026-06-01T13:46:15.661852Z
pmn_1071977_item0,Herriman,Planning Commission,2026-04-15,"Conditional Use Permit for SMPL MFG, LLC - low-intensity manufacturing at 15897 S Axia Drive",nan,0.9,COMMERCIAL_PROJECT,"Low-intensity product formulation, packaging, and fulfillment operation conducted entirely within an enclosed building. Conditional Use Permit review and consideration for approval.",15897 S Axia Drive,18.08,,"Judy Bodell, Axia Partners, LLC",M-1 Manufacturing Zone,,PROPOSED,45,File No: C2026-044. Low-intensity manufacturing use within enclosed building suggests light industrial/flex-type operation. Approximately 18 acres.,https://www.utah.gov/pmn/sitemap/notice/1071977.html,,pmn,2026-06-01T13:46:15.661507Z
pmn_1071977_item1,Herriman,Planning Commission,2026-04-15,Conditional Use Permit for DIME Beauty - direct-to-consumer cosmetics and skincare manufacturing,nan,0.9,COMMERCIAL_PROJECT,"Conditional Use Permit review for DIME Beauty, a direct-to-consumer company offering skincare, cosmetics, and fragrances manufacturing and warehousing operation.",,,,,,,PROPOSED,40,"Agenda item text appears truncated ('to manufacture, war...'). Details on location, parcel ID, and zoning not provided in visible text.",https://www.utah.gov/pmn/sitemap/notice/1071977.html,,pmn,2026-06-01T13:46:15.661507Z
pmn_1073489,Herriman,City Council,2026-04-22,Cancellation Notice,nan,nan,,,,,,,,,PROPOSED,,,https://www.utah.gov/pmn/sitemap/notice/1073489.html,"City Council Agenda 

Wednesday, April 22, 2026


NOTICE IS HEREBY GIVEN that the 
Herriman City Council Meeting scheduled for Wednesday, April 22, 2026, has been CANCELLED 


Please plan to join us for the next City Council meeting 
scheduled for Wednesday, May 13, 2026",pmn,2026-06-01T13:46:15.661849Z
pmn_1076839_item0,Herriman,Planning Commission,2026-05-06,Conditional Use Permit for 7-11 Convenience Store and Gas Station at 11833 S Teton Falls Lane,nan,0.9,COMMERCIAL_PROJECT,Review and approval of a Conditional Use Permit for a 7-11 convenience store and gas station in the C-2 Commercial Zone,11833 S Teton Falls Lane,1.56,,"TerraForm Companies, LLC",C-2,,PROPOSED,35,File No: C2026-041. Applicant agent: Elliott Smith. Conditional use permit required for this use type in C-2 zone.,https://www.utah.gov/pmn/sitemap/notice/1076839.html,,pmn,2026-06-01T13:46:15.661504Z
pmn_1076839_item1,Herriman,Planning Commission,2026-05-06,Conditional Use Permit for Transmission Lines and Utility Poles Relocation at Redwood Road and Porter Rockwell,nan,0.9,INFRASTRUCTURE,Review and approval of a Conditional Use Permit to relocate existing transmission lines and four transmission utility poles,Redwood Road and Porter Rockwell,60,,Rocky Mountain Power,,,PROPOSED,25,File No: C2026-051. Applicant agent: Brad Knoles. Utility infrastructure relocation requiring conditional use permit.,https://www.utah.gov/pmn/sitemap/notice/1076839.html,,pmn,2026-06-01T13:46:15.661504Z
pmn_1076839_item2,Herriman,Planning Commission,2026-05-06,"Conditional Use Permit for Brazilian Jiu-Jitsu Gym (Personal Instruction Service) at 14352 S Via Molvero Way, Suite D",nan,0.9,COMMERCIAL_PROJECT,Review and approval of a Conditional Use Permit for a personal instruction service (Brazilian Jiu-Jitsu gym) in the MU-2 Mixed Use Zone,"14352 S Via Molvero Way, Suite D",,,Bruno Lopes,MU-2,,PROPOSED,20,Located in MU-2 Mixed Use Zone. Applicant: Bruno Lopes. Agenda item text appears truncated.,https://www.utah.gov/pmn/sitemap/notice/1076839.html,,pmn,2026-06-01T13:46:15.661504Z
pmn_1078749,Herriman,City Council,2026-05-13,Regular Session,nan,nan,,,,,,,,,PROPOSED,,,https://www.utah.gov/pmn/sitemap/notice/1078749.html,"CITY COUNCIL AGENDA

Wednesday, May 13, 2026

NOTICE IS HEREBY GIVEN that the Herriman City Council shall assemble for a 
meeting in the City Council Chambers, located at
5355 WEST HERRIMAN MAIN STREET, HERRIMAN, UTAH
 

5:30 PM - WORK MEETING: (Fort Herriman Conference Room)


1.	Council Business
  
1.1.	  
Review of this Evening's Agenda
  
1.2.	  
Future Agenda Items
  
1.3.	  
Council discussion of future citizen recognitions


2.	Administrative Reports
  
2.1.	  
City Status Report: March 2026 - Trevor Ram, Assistant to the City Manager
  
2.2.	  
2026 Drought Monitoring and Conservation Efforts - Justun Edwards, Public Works Director
  
2.3.	  
Quarterly Capital Project Report - Bryce Terry, City Engineer
  
2.4.	  
Discussion of proposed Community Development budgets for fiscal years 2027 and 2028; discussion of proposed personnel and compensation changes


3.	Adjournment



7:00 PM (or as soon as possible thereafter) - GENERAL MEETING:


4.	Call to Order
  
4.1.	  
Invocation/Thought/Reading and Pledge of Allegiance
  

4.2.	  
City Council Comments and Recognitions


5.	Public Comment
Audience members may bring any item within the City's purview to the City Council's attention. Comments will be limited to two minutes. State Law prohibits the Council from acting on items that do not appear on the agenda. Public comments for this meeting will also be conducted electronically. Any person interested in addressing the Council may submit a comment by emailing recorder@herriman.gov or by visiting Herriman.gov/agendas-and-minutes, where there is a link to fill out an online public comment form. Your statement will be incorporated into the public record.


6.	City Council Reports
  
6.1.	  
Councilmember Jared Henderson
  
6.2.	  
Councilmember Teddy Hodges
  
6.3.	  
Councilmember Matt Basham
  
6.4.	  
Councilmember Terrah Anderson


7.	Mayor Report


8.	Consent Agenda
  
8.1.	  
Appr",pmn,2026-06-01T13:46:15.661846Z
pmn_1080795_item0,Herriman,Planning Commission,2026-05-20,Preliminary Subdivision Plat amendment to create one residential lot at 7411 W Hi Country Road,nan,0.9,NEW_SUBDIVISION,Request to approve a Preliminary Subdivision Plat to amend Lot 1 of Ivie's Place Subdivision to create one new residential lot in the A-1-10 Agricultural Zone with a zoning condition restricting density to two lots per acre.,"7411 W Hi Country Road, Herriman, Utah",0.311,1,Rodger Duke,A-1-10,,PROPOSED,15,Small lot subdivision in agricultural zone with density restriction already applied. City File No: S2025-071,https://www.utah.gov/pmn/sitemap/notice/1080795.html,,pmn,2026-06-01T13:46:15.661501Z
pmn_1080795_item1,Herriman,Planning Commission,2026-05-20,"Conditional Use Permit for 500,000-gallon water tank at 15506 S Spring Canyon Drive",nan,0.9,INFRASTRUCTURE,Request to approve a Conditional Use Permit to construct a one-half-million-gallon water tank for the City of Herriman in Water Zone 9 to provide culinary water supply for undeveloped portions of The Cove at Herriman Springs residential planned unit development.,"15506 S Spring Canyon Drive, Herriman, Utah",,,City of Herriman,,,PROPOSED,45,Infrastructure support for The Cove at Herriman Springs PUD; enables future residential development by providing water capacity,https://www.utah.gov/pmn/sitemap/notice/1080795.html,,pmn,2026-06-01T13:46:15.661501Z
pmn_1082927_item0,Herriman,City Council,2026-05-27,Mixed-use development agreement for 17.95 acre project at 3700 West 15000 South,nan,0.9,LARGE_PROJECT,Discussion and potential approval of a new development agreement for a proposed 17.95 acre mixed-use development located at approximately 3700 West 15000 South in Herriman,"3700 West 15000 South, Herriman, Utah",17.95,,,,,PROPOSED,75,"Mixed-use development; project details to be discussed by Blake Thomas, Community Development Director; development agreement stage suggests project is advancing toward approval",https://www.utah.gov/pmn/sitemap/notice/1082927.html,,pmn,2026-06-01T13:46:15.661839Z
pmn_1084213_item0,Herriman,Planning Commission,2026-06-03,Conditional Use Permit for Daycare/Preschool Center at 14702 Marketplace Drive,nan,0.9,COMMERCIAL_PROJECT,Review and approval of a Conditional Use Permit for a commercial daycare/preschool center in an existing C-2 Commercial Zone property.,"14702 Marketplace Drive, Herriman, Utah",1.74,,"Alex Dahlstrom, Academy Market Holdings, LLC",C-2,,PROPOSED,35,Administrative item review based on ordinance standards. Conditional use permit required for daycare/preschool in commercial zone. File No: C2026-070,https://www.utah.gov/pmn/sitemap/notice/1084213.html,,pmn,2026-06-01T13:46:15.661495Z
pmn_1084213_item1,Herriman,Planning Commission,2026-06-03,Preliminary Subdivision Amendment for Mountain View Plaza Subdivision at 5117 W Miller Crossing Drive,nan,0.9,NEW_SUBDIVISION,Review and approval of a Preliminary Subdivision Amendment for Mountain View Plaza commercial subdivision in C-2 Commercial Zone.,"5117 W Miller Crossing Drive, Herriman, Utah",6.0,,"Aaron Osmond, Mountain View Plaza, LLC",C-2,,PROPOSED,45,Administrative item review based on ordinance standards. Preliminary subdivision amendment indicates modification to existing approved plat. File No: S2026-056,https://www.utah.gov/pmn/sitemap/notice/1084213.html,,pmn,2026-06-01T13:46:15.661495Z
pmn_1069707_item0,Lehi,Planning Commission,2026-04-02,Environmental Sensitive Area (ESA) chapter development code amendment,nan,0.9,GENERAL_PLAN_AMENDMENT,Discussion about creating a new Environmental Sensitive Area (ESA) chapter in the city's Development Code to regulate development in environmentally sensitive areas,,,,,,,PROPOSED,25,This is a code amendment discussion in early stages. ESA regulations typically affect developable land availability and constraints on future projects.,https://www.utah.gov/pmn/sitemap/notice/1069707.html,,pmn,2026-06-01T13:46:15.663526Z
pmn_1069707_item1,Lehi,Planning Commission,2026-04-02,Sign regulation review and flexibility for multi-tenant projects,signage,0.9,,Presentation of existing pylon sign statistics and discussion of existing sign regulations that allow flexibility for multi-tenant projects,,,,,,,PROPOSED,15,Sign code discussion focused on pylon signs in multi-tenant contexts. This may indicate upcoming sign code amendments to provide greater flexibility.,https://www.utah.gov/pmn/sitemap/notice/1069707.html,,pmn,2026-06-01T13:46:15.663526Z
pmn_1071149_item0,Lehi,Planning Commission,2026-04-14,Spring Meadow Villas (PUD) - 72-lot single family residential project at 1630 South 500 East,nan,0.9,NEW_SUBDIVISION,"Public hearing and recommendation on Windy City Development LLC's request for review of Spring Meadow Villas PUD Concept, a 72-lot single family residential development.","1630 South 500 East, Lehi",,72,Windy City Development LLC,,,PROPOSED,70,PUD concept review stage; 72 single family lots represents substantial residential growth,https://www.utah.gov/pmn/sitemap/notice/1071149.html,,pmn,2026-06-01T13:46:15.663523Z
pmn_1071149_item1,Lehi,Planning Commission,2026-04-14,Development Code Amendment - Table of Uses and Chapter 12 conditional to permitted uses conversion,nan,0.9,GENERAL_PLAN_AMENDMENT,Lehi City's request to amend Development Code Table of Uses and Chapter 12 to convert conditional uses to permitted uses based on preexisting supplementary requirements.,,,,Lehi City,,,PROPOSED,45,Code amendment to streamline permitting by converting conditional uses to permitted uses; impacts development efficiency citywide,https://www.utah.gov/pmn/sitemap/notice/1071149.html,,pmn,2026-06-01T13:46:15.663523Z
pmn_1071149_item2,Lehi,Planning Commission,2026-04-14,Development Code Amendment - Chapter 12 buffering and screening requirements for residential homes in non-residential zones,nan,0.9,GENERAL_PLAN_AMENDMENT,Lehi City's request to amend Chapter 12 to require buffering and screening requirements for existing residential homes in non-residential zones.,,,,Lehi City,,,PROPOSED,35,Protective overlay code amendment for residential properties in non-residential zones; affects compatibility standards,https://www.utah.gov/pmn/sitemap/notice/1071149.html,,pmn,2026-06-01T13:46:15.663523Z
pmn_1071149_item3,Lehi,Planning Commission,2026-04-14,Development Code Amendment - Flex Commercial Building use in Table 05.030-B and Chapter 39,nan,0.9,MINIFLEX_OPPORTUNITY,X Development's request for approval of a Development Code Amendment adding a Flex Commercial Building use to Table 05.030-B and Chapter 39.,,,,X Development,,,PROPOSED,60,Code amendment to add flex commercial building use classification; signals developer interest in flex/light industrial space,https://www.utah.gov/pmn/sitemap/notice/1071149.html,,pmn,2026-06-01T13:46:15.663523Z
pmn_1071149_item4,Lehi,Planning Commission,2026-04-14,General Plan Amendment - 7.1 acres at 2424 West 900 North from VLDRA to VLDR,nan,0.9,GENERAL_PLAN_AMENDMENT,Terry Bishop's request for a General Plan Amendment on 7.1 acres changing the designation from Very-Low Density Residential Agriculture (VLDRA) to Very-Low Density Residential (VLDR).,"2424 West 900 North, Lehi",7.1,,Terry Bishop,VLDRA,VLDR,PROPOSED,55,7.1-acre parcel transitioning from agricultural to residential; enables future residential development,https://www.utah.gov/pmn/sitemap/notice/1071149.html,,pmn,2026-06-01T13:46:15.663523Z
pmn_1071149_item5,Lehi,Planning Commission,2026-04-14,General Plan Amendment - 2.8 acres at 41 East 900 North from LDR to Mixed-Use,nan,0.9,GENERAL_PLAN_AMENDMENT,Georgetown Development's request for a General Plan Amendment on 2.8 acres changing the designation from Low Density Residential (LDR) to Mixed-Use (MU).,"41 East 900 North, Lehi",2.8,,Georgetown Development,LDR,MU,PROPOSED,75,Mixed-use conversion on 2.8 acres; higher-value land use change from residential-only to mixed-use allows commercial/residential integration,https://www.utah.gov/pmn/sitemap/notice/1071149.html,,pmn,2026-06-01T13:46:15.663523Z
pmn_1074945_item0,Lehi,Planning Commission,2026-04-23,Golden West Advertising pylon sign conditional use for Smith's at 3808 West Hardman Way,signage,0.9,,Request for conditional use approval for a pylon sign for Smith's retail location,3808 West Hardman Way,,,Golden West Advertising,,,TABLED,5,"Tabled from March 12, 2026 meeting",https://www.utah.gov/pmn/sitemap/notice/1074945.html,,pmn,2026-06-01T13:46:15.663517Z
pmn_1074945_item1,Lehi,Planning Commission,2026-04-23,Holden Rockwell conditional use approval for Skull Valley Plat B Flag Lot at 208 East 200 South,nan,0.9,NEW_SUBDIVISION,Request for conditional use approval for a flag lot in Skull Valley Plat B subdivision,208 East 200 South,,,Holden Rockwell,,,PROPOSED,25,Flag lot conditional use within existing subdivision plat,https://www.utah.gov/pmn/sitemap/notice/1074945.html,,pmn,2026-06-01T13:46:15.663517Z
pmn_1074945_item2,Lehi,Planning Commission,2026-04-23,Perry Homes Bull River Road preliminary subdivision with 3 single family lots at 425 West Bull River Road,nan,0.9,NEW_SUBDIVISION,Preliminary subdivision approval request for 3 single family residential lots in R-1-10 zone,425 West Bull River Road,,3,Perry Homes,R-1-10,,PROPOSED,30,3-lot residential subdivision in existing single-family zone,https://www.utah.gov/pmn/sitemap/notice/1074945.html,,pmn,2026-06-01T13:46:15.663517Z
pmn_1074945_item3,Lehi,Planning Commission,2026-04-23,Perry Commercial Traverse Mountain Area Plan amendment concept to redistribute units from West Canyon to Timpanogos Highway area,nan,0.9,GENERAL_PLAN_AMENDMENT,"Concept review for amendment to Traverse Mountain Area Plan, moving residential units out of West Canyon and adding them to locations near Timpanogos Highway",Traverse Mountain area,,,Perry Commercial,,,PROPOSED,65,Area plan amendment indicating unit redistribution strategy within Traverse Mountain development,https://www.utah.gov/pmn/sitemap/notice/1074945.html,,pmn,2026-06-01T13:46:15.663517Z
pmn_1074945_item4,Lehi,Planning Commission,2026-04-23,Mike Greene zone change from A-1 to R-1-22 on 1.57 acres at 2001 West 1500 North,nan,0.9,REZONE,Request for zone change from Agricultural (A-1) to Residential (R-1-22) on 1.57 acres,2001 West 1500 North,1.57,,Mike Greene,A-1,R-1-22,PROPOSED,50,Agricultural to residential zoning conversion; relatively small acreage,https://www.utah.gov/pmn/sitemap/notice/1074945.html,,pmn,2026-06-01T13:46:15.663517Z
pmn_1074945_item5,Lehi,Planning Commission,2026-04-23,Jeffrey White conditional use approval for detached ADU conversion at 1420 North 4200 West,nan,0.9,DEVELOPER_ACTIVITY,Request for conditional use approval to convert existing accessory building into detached accessory dwelling unit (ADU),1420 North 4200 West,,1,Jeffrey White,,,PROPOSED,15,ADU conversion of existing accessory structure; limited development activity,https://www.utah.gov/pmn/sitemap/notice/1074945.html,,pmn,2026-06-01T13:46:15.663517Z
pmn_1074945_item6,Lehi,Planning Commission,2026-04-23,Symphony Development preliminary subdivision review for Heritage Meadows 14-lot residential development update,nan,0.9,NEW_SUBDIVISION,Preliminary subdivision review of updated Heritage Meadows development plan as 14-lot residential subdivision,,,14,Symphony Development,,,PROPOSED,45,Update to existing Heritage Meadows subdivision; 14-lot residential development,https://www.utah.gov/pmn/sitemap/notice/1074945.html,,pmn,2026-06-01T13:46:15.663517Z
pmn_1071783_item0,Lehi,Planning Commission,2026-04-26,"Golden West Advertising conditional use for pylon sign at Smith's, 3808 West Hardman Way",signage,0.9,,Conditional use approval for a pylon sign for Smith's retail location,3808 West Hardman Way,,,Golden West Advertising,,,TABLED,5,Tabled from March 12th meeting,https://www.utah.gov/pmn/sitemap/notice/1071783.html,,pmn,2026-06-01T13:46:15.663514Z
pmn_1071783_item1,Lehi,Planning Commission,2026-04-26,Dan Beavers LifeTime Fitness Site Plan exception for EIFS/Stucco requirement at 240 East Traverse Terrace Drive,nan,0.9,COMMERCIAL_PROJECT,Site plan exception request to exceed the 40% maximum EIFS/Stucco requirement for LifeTime Fitness,240 East Traverse Terrace Drive,,,Dan Beavers,,,TABLED,30,Tabled from March 26th meeting; material composition exception for commercial fitness facility,https://www.utah.gov/pmn/sitemap/notice/1071783.html,,pmn,2026-06-01T13:46:15.663514Z
pmn_1071783_item2,Lehi,Planning Commission,2026-04-26,Greene Zone Change from A-1 to R-1-22 on 1.57 acres at 2001 West 1500 North,nan,0.9,REZONE,Zone change request from Agricultural A-1 to Residential R-1-22 on 1.57 acres,2001 West 1500 North,1.57,,Mike Greene,A-1,R-1-22,PROPOSED,50,Agricultural land conversion to residential zoning; single-family orientation,https://www.utah.gov/pmn/sitemap/notice/1071783.html,,pmn,2026-06-01T13:46:15.663514Z
pmn_1071783_item3,Lehi,Planning Commission,2026-04-26,Jeffrey White conditional use for ADU conversion at 1420 North 4200 West,nan,0.9,DEVELOPER_ACTIVITY,Conditional use approval for conversion of existing accessory building into detached accessory dwelling unit (ADU),1420 North 4200 West,,1,Jeffrey White,,,PROPOSED,15,ADU infill opportunity; conversion rather than new construction,https://www.utah.gov/pmn/sitemap/notice/1071783.html,,pmn,2026-06-01T13:46:15.663514Z
pmn_1071783_item4,Lehi,Planning Commission,2026-04-26,Perry Commercial amendment to Traverse Mountain Area Plan relocating units from West Canyon to Timpanogos Highway corridor,nan,0.9,GENERAL_PLAN_AMENDMENT,Concept review for amendment to Traverse Mountain Area Plan moving residential units out of West Canyon area and reallocating to locations near Timpanogos Highway,Traverse Mountain Area,,,Perry Commercial,,,PROPOSED,75,Master-planned area refinement; unit redistribution strategy within larger development framework,https://www.utah.gov/pmn/sitemap/notice/1071783.html,,pmn,2026-06-01T13:46:15.663514Z
pmn_1071783_item5,Lehi,Planning Commission,2026-04-26,"Symphony Development preliminary subdivision approval for Heritage Meadows update, 14-lot residential development at 1250 West 800 North",nan,0.9,NEW_SUBDIVISION,Preliminary subdivision approval for updated Heritage Meadows plat with 14 residential lots,1250 West 800 North,,14,Symphony Development,,,PROPOSED,60,Update to existing subdivision; 14-unit residential development,https://www.utah.gov/pmn/sitemap/notice/1071783.html,,pmn,2026-06-01T13:46:15.663514Z
pmn_1071783_item6,Lehi,Planning Commission,2026-04-26,Holden Rockwell conditional use for Skull Valley Plat B Flag Lot at 208 East 200 South,nan,0.9,DEVELOPER_ACTIVITY,Conditional use approval for flag lot configuration in Skull Valley Plat B subdivision,208 East 200 South,,,Holden Rockwell,,,PROPOSED,20,Flag lot access variance; non-standard lot configuration,https://www.utah.gov/pmn/sitemap/notice/1071783.html,,pmn,2026-06-01T13:46:15.663514Z
pmn_1068827_item0,Lehi,City Council,2026-04-28,Cedar Hollow Holdings annexation of approximately 15.31 acres at 400 S. Center Street,nan,0.9,ANNEXATION,"Public hearing on Lehi City Council's intent to annex approximately 15.31 acres of real property owned by Gary Cooper. The city council passed Resolution #2026-10 on March 10, 2026 approving the intent to annex. Public hearing scheduled for April 28, 2026 at 7:00 p.m. to receive public comment. Annexation will proceed unless written protests are filed by owners of property within the annexation area covering a majority of total private land area and equal to at least 1/2 the assessed value of all private property within the proposed annexation area.","400 S. Center Street, Lehi, Utah",15.31,,Gary Cooper,,,PROPOSED,72,"Public hearing pending April 28, 2026. Annexation will proceed unless majority protests filed. Resolution #2026-10 already approved by city council on March 10, 2026.",https://www.utah.gov/pmn/sitemap/notice/1068827.html,,pmn,2026-06-01T13:46:15.663327Z
pmn_1078335_item0,Lehi,Planning Commission,2026-05-07,Discussion of creating an Environmental Sensitive Area (ESA) chapter in the Development Code,nan,0.9,GENERAL_PLAN_AMENDMENT,Planning Commission discussion regarding the creation of a new Environmental Sensitive Area (ESA) chapter to be added to the city's Development Code. This appears to be a code amendment or policy development initiative.,,,,,,,PROPOSED,25,Environmental protection ordinance development; likely to affect future land use designations and development constraints in sensitive areas,https://www.utah.gov/pmn/sitemap/notice/1078335.html,,pmn,2026-06-01T13:46:15.663511Z
pmn_1078137,Lehi,City Council,2026-05-11,Lehi City Council Work Session Agenda,nan,nan,,,,,,,,,PROPOSED,,,https://www.utah.gov/pmn/sitemap/notice/1078137.html,"Lehi City Council Meeting
Agenda
May 11, 2026
12:00 PM - Lehi Civic Center, Council Chambers (131 N. 100 E., Lehi, Utah)
I. Lunch, Welcome and Opening Comment
II. Discussion Items
A. Discussion of the Electric Cost of Service and Rate Design Study Lehi Draft Report May 4.pdf
B. Continue with Budget Review Discussions
1. Power Department
2. Fiber Department
3. Development Services (Building Inspections)
4. Economic Development
5. Streets
6. Engineering
7. Water/PI/Sewer/Drainage
8. Fleet
9. Recreation
10. Non-Departmental
C. Discuss any Revisions to the Budget
III. Adjournment",pmn,2026-06-01T13:46:15.663375Z
pmn_1078575_item0,Lehi,City Council,2026-05-12,Development Code Amendment for Temporary Construction Fencing Requirements,nan,0.9,,Discussion of a development code amendment to establish fencing requirements for temporary construction activities,,,,,,,PROPOSED,15,Working discussion item; procedural code amendment related to construction management standards,https://www.utah.gov/pmn/sitemap/notice/1078575.html,,pmn,2026-06-01T13:46:15.663321Z
pmn_1078575_item1,Lehi,City Council,2026-05-12,Spring Meadows Subdivision Density in Lieu Discussion,nan,0.9,NEW_SUBDIVISION,Discussion of proposed density in lieu provisions for the Spring Meadows Subdivision,,,,,,,PROPOSED,65,Working discussion item on residential subdivision density; specific density figures and acreage not provided in agenda,https://www.utah.gov/pmn/sitemap/notice/1078575.html,,pmn,2026-06-01T13:46:15.663321Z
pmn_1078575_item2,Lehi,City Council,2026-05-12,Public Hearing for Sale of 4 Acres at 535 South Mill Pond Drive,nan,0.9,DEVELOPER_ACTIVITY,Public hearing to accept comments regarding the sale of 4 acres of real property owned by the city,"535 South Mill Pond Drive, Lehi",4,,,,,PROPOSED,55,City-initiated real property disposition; likely to be acquired by developer; no development specifics provided in agenda,https://www.utah.gov/pmn/sitemap/notice/1078575.html,,pmn,2026-06-01T13:46:15.663321Z
pmn_1076371_item0,Lehi,City Council,2026-05-12,Adoption of Lehi City FY2027 Budget and Consolidated Fee Schedule,nan,0.9,,Public hearing and adoption of the Lehi City fiscal year 2027 budget and consolidated fee schedule,"Lehi City Council Chambers, 131 N 100 E, Lehi, Utah",,,,,,PROPOSED,0,Procedural budget and fee adoption item; public comment invited,https://www.utah.gov/pmn/sitemap/notice/1076371.html,,pmn,2026-06-01T13:46:15.663316Z
pmn_1076379_item0,Lehi,City Council,2026-05-12,Disposition of 4-acre real property at 535 South Mill Pond Drive,nan,0.9,DEVELOPER_ACTIVITY,Public hearing to consider the sale of approximately 4 acres of city-owned real property located at 535 South Mill Pond Drive. The city council will accept public comments on the proposed disposition.,"535 South Mill Pond Drive, Lehi",4,,,,,PROPOSED,35,"City-initiated property disposition. Actual development potential and use depend on future buyer/developer plans. Public hearing scheduled for May 12, 2026 at 7:00 p.m.",https://www.utah.gov/pmn/sitemap/notice/1076379.html,,pmn,2026-06-01T13:46:15.663318Z
pmn_1080311_item0,Lehi,Planning Commission,2026-05-14,Symphony Development preliminary subdivision review of Heritage Meadows update to 15-lot residential development,nan,0.9,NEW_SUBDIVISION,"Preliminary subdivision review for an updated Heritage Meadows residential development consisting of 15 lots with density in lieu for connectivity. Previously tabled from April 23, 2026 meeting.","1250 West 800 North, Lehi, UT",,15,Symphony Development,,,CONTINUED,65,Density in lieu for connectivity indicates possible incentive for improved street/trail connections. Tabled from previous meeting suggests design revisions or staff concerns addressed.,https://www.utah.gov/pmn/sitemap/notice/1080311.html,,pmn,2026-06-01T13:46:15.663506Z
pmn_1080311_item1,Lehi,Planning Commission,2026-05-14,"Michael Southwick preliminary subdivision approval of Southwick Estates Plat A, 2-lot residential development",nan,0.9,NEW_SUBDIVISION,"Preliminary subdivision approval request for Southwick Estates Plat A, a 2-lot residential development.","477 North 200 West, Lehi, UT",,2,Michael Southwick,,,PROPOSED,25,Small infill subdivision opportunity.,https://www.utah.gov/pmn/sitemap/notice/1080311.html,,pmn,2026-06-01T13:46:15.663506Z
pmn_1080311_item2,Lehi,Planning Commission,2026-05-14,"Gardner plat amendment to View 21 East, splitting one lot into two",nan,0.9,NEW_SUBDIVISION,Plat amendment to View 21 East Plat Amendment to split one existing lot into two lots.,"3543 West 1940 North, Lehi, UT",,,Gardner,,,PROPOSED,30,Lot split/subdivision opportunity in established area.,https://www.utah.gov/pmn/sitemap/notice/1080311.html,,pmn,2026-06-01T13:46:15.663506Z
pmn_1080311_item3,Lehi,Planning Commission,2026-05-14,"Grow Development plat amendment to Gardner Point Phase 1 Parcel H, adding one lot",nan,0.9,NEW_SUBDIVISION,Plat amendment to Gardner Point Phase 1 Parcel H Plat Amendment to add an additional lot to the development.,"3625 West 1500 North, Lehi, UT",,,Grow Development,,,PROPOSED,35,Expansion of existing Gardner Point phase development.,https://www.utah.gov/pmn/sitemap/notice/1080311.html,,pmn,2026-06-01T13:46:15.663506Z
pmn_1076755_item0,Lehi,Planning Commission,2026-05-14,Heritage Meadows preliminary subdivision review update - 15-lot residential development with density in lieu for connectivity,nan,0.9,NEW_SUBDIVISION,"Symphony Development requesting preliminary subdivision review of an update to Heritage Meadows, a 15-lot residential development. Application includes density in lieu provisions for connectivity improvements.",1250 West 800 North,,15,Symphony Development,,,PROPOSED,65,Density in lieu for connectivity suggests developer is providing off-site improvements instead of meeting some on-site density requirement. Preliminary review stage.,https://www.utah.gov/pmn/sitemap/notice/1076755.html,,pmn,2026-06-01T13:46:15.663509Z
pmn_1076755_item1,Lehi,Planning Commission,2026-05-14,Southwick Estates Plat A - 2-lot residential subdivision,nan,0.9,NEW_SUBDIVISION,"Michael Southwick requesting preliminary subdivision approval for Southwick Estates Plat A, a 2-lot residential development.",477 North 200 West,,2,Michael Southwick,,,PROPOSED,25,Small 2-lot subdivision. Preliminary approval stage.,https://www.utah.gov/pmn/sitemap/notice/1076755.html,,pmn,2026-06-01T13:46:15.663509Z
pmn_1076755_item2,Lehi,Planning Commission,2026-05-14,View 21 East Plat Amendment - split one lot into two,nan,0.9,NEW_SUBDIVISION,Gardner requesting plat amendment to View 21 East to split one lot into two.,1940 North 3600 West,,,Gardner,,,PROPOSED,20,Lot split/replat. Existing plat amendment rather than new subdivision.,https://www.utah.gov/pmn/sitemap/notice/1076755.html,,pmn,2026-06-01T13:46:15.663509Z
pmn_1076755_item3,Lehi,Planning Commission,2026-05-14,Gardner Point Phase 1 Parcel H Plat Amendment - adding one additional lot,nan,0.9,NEW_SUBDIVISION,Grow Development requesting plat amendment to Gardner Point Phase 1 Parcel H to add an additional lot.,3625 West 1500 North,,,Grow Development,,,PROPOSED,30,Phase 1 of Gardner Point indicates phased development. Plat amendment adds density to existing phase.,https://www.utah.gov/pmn/sitemap/notice/1076755.html,,pmn,2026-06-01T13:46:15.663509Z
pmn_1082307,Lehi,City Council,2026-05-20,Lehi City Notice of Intent to Prepare an Impact Fee Facilities Plan and Analysis,nan,nan,,,,,,,,,PROPOSED,,,https://www.utah.gov/pmn/sitemap/notice/1082307.html,"LEHI CITY PUBLIC NOTICE

IMPACT FEE FACILITIES PLAN AND ANALYSIS

Notice is hereby given that Lehi City intends to prepare an Impact Fee Facilities Plan and Impact Fee Analysis for the provision of PUBLIC SAFETY in Lehi City.


Dated this 20th day of May, 2026.


CITY OF LEHI, UTAH

	/s/ Teisha Wilson	
City Recorder",pmn,2026-06-01T13:46:15.663313Z
pmn_1082291_item0,Lehi,City Council,2026-05-26,FrontRunner 2X Presentation and Update,nan,0.9,INFRASTRUCTURE,Presentation and update on FrontRunner 2X project,,,,,,,PROPOSED,45,Transit/infrastructure presentation; likely commuter rail expansion project,https://www.utah.gov/pmn/sitemap/notice/1082291.html,,pmn,2026-06-01T13:46:15.663310Z
pmn_1082291_item1,Lehi,City Council,2026-05-26,"Parks, Trails and Trees Committee Discussion on Proposed Code Amendments",nan,0.9,,"Working discussion of proposed code amendments related to parks, trails and trees",,,,,,,PROPOSED,25,Code amendment discussion; likely impacts development standards for landscaping/open space,https://www.utah.gov/pmn/sitemap/notice/1082291.html,,pmn,2026-06-01T13:46:15.663310Z
pmn_1082291_item2,Lehi,City Council,2026-05-26,Electric Cost of Service and Rate Design Study - Power Department,nan,0.9,INFRASTRUCTURE,Discussion of electric cost of service and rate design study by Power Department,,,,,,,PROPOSED,15,Utility infrastructure discussion; may affect development feasibility and costs,https://www.utah.gov/pmn/sitemap/notice/1082291.html,,pmn,2026-06-01T13:46:15.663310Z
pmn_1082291_item3,Lehi,City Council,2026-05-26,Life Safety Signage Ordinance Discussion - Fire Department,nan,0.9,,Working discussion of life safety signage ordinance by Fire Department,,,,,,,PROPOSED,10,Code discussion for safety signage requirements; not a sign permit application,https://www.utah.gov/pmn/sitemap/notice/1082291.html,,pmn,2026-06-01T13:46:15.663310Z
pmn_1082291_item4,Lehi,City Council,2026-05-26,Neighborhood Exchange Structures Ordinance Discussion - Parks and Facilities Department,nan,0.9,,Working discussion of neighborhood exchange structures ordinance with development standards review,,,,,,,PROPOSED,20,Code amendment discussion; may impact small commercial or community structures,https://www.utah.gov/pmn/sitemap/notice/1082291.html,,pmn,2026-06-01T13:46:15.663310Z
pmn_1082291_item5,Lehi,City Council,2026-05-26,Budget Amendment for Current Fiscal Year (2025-2026) - Budget Adjustment #5,nan,0.9,,Discussion of budget adjustment for current fiscal year 2025-2026,,,,,,,PROPOSED,5,Administrative budget matter; may contain capital project funding,https://www.utah.gov/pmn/sitemap/notice/1082291.html,,pmn,2026-06-01T13:46:15.663310Z
pmn_1082291_item6,Lehi,City Council,2026-05-26,Approval of Agreement with Wilson and Company for Engineering Services for Pony Express Parkway,nan,0.9,INFRASTRUCTURE,Consideration of Resolution #2026-36 approving engineering services agreement with Wilson and Company for Pony Express Parkway,Pony Express Parkway,,,Wilson and Company,,,PROPOSED,35,Road/parkway infrastructure project in Lehi; engineering services contract approval,https://www.utah.gov/pmn/sitemap/notice/1082291.html,,pmn,2026-06-01T13:46:15.663310Z
pmn_1082295,Lehi,City Council,2026-05-26,Public Hearing Notice for Executive Municipal Officers Compensation Increases,nan,nan,,,,,,,,,PROPOSED,,,https://www.utah.gov/pmn/sitemap/notice/1082295.html,"PUBLIC NOTICE

LEHI CITY 
PUBLIC HEARING


Notice is hereby given that the Lehi City Council will conduct a public hearing on Tuesday, May 26, 2026, which begins at 7:00 p.m. at the Lehi City Council Chambers located at 131 N 100 E, Lehi, Utah, for the purpose of receiving input regarding the FY2027 Executive Municipal Officers Compensation Increases. Public comment is invited.",pmn,2026-06-01T13:46:15.663307Z
pmn_1083851_item0,Lehi,Planning Commission,2026-05-27,Bishop Development Agreement review to increase lots from current to 13 in 7-acre subdivision at 2424 West 900 North,nan,0.9,NEW_SUBDIVISION,Public hearing and consideration of Terry Bishop's request to modify an existing development agreement to increase the number of lots in a subdivision to 13 lots on a 7-acre parcel. This is a subdivision lot count increase requiring planning commission review.,"2424 West 900 North, Lehi, UT",7,13,Terry Bishop,,,PROPOSED,65,"Development agreement modification indicates existing approved project being expanded. 13 lots on 7 acres suggests approximately 0.54 acres per lot, moderate density residential.",https://www.utah.gov/pmn/sitemap/notice/1083851.html,,pmn,2026-06-01T13:46:15.663503Z
pmn_1083851_item1,Lehi,Planning Commission,2026-05-27,Amendment to Chapter 35 Community Forestry Development Code regarding migratory bird protection and public tree planting list,nan,0.9,GENERAL_PLAN_AMENDMENT,Public hearing and recommendation of Lehi City's request to amend Chapter 35 of the Development Code regarding Community Forestry. Amendments add requirements for trees affected by migratory birds and clarify the City's recommended public tree planting list.,,,,,,,PROPOSED,15,Code amendment with environmental/conservation focus. May impact tree removal/preservation requirements in future developments.,https://www.utah.gov/pmn/sitemap/notice/1083851.html,,pmn,2026-06-01T13:46:15.663503Z
pmn_1083851_item2,Lehi,Planning Commission,2026-05-27,Amendment to Chapter 26 Accessory Uses Development Code to update Detached Accessory Dwelling Unit (DADU) requirements per 2026 State Legislation,nan,0.9,GENERAL_PLAN_AMENDMENT,Public hearing and recommendation of Lehi City's request to amend Chapter 26 of the Development Code regarding Accessory Uses. Amendment updates requirements for Detached Accessory Dwelling Units (DADUs) to comply with 2026 State Legislation.,,,,,,,PROPOSED,35,State-mandated code update to enable/clarify DADU development standards. May increase allowable density in residential zones and facilitate secondary unit construction.,https://www.utah.gov/pmn/sitemap/notice/1083851.html,,pmn,2026-06-01T13:46:15.663503Z
pmn_1080695_item0,Lehi,Planning Commission,2026-05-28,Bishop Development Agreement review to increase subdivision lots to 13 on 7-acre parcel at 2424 West 900 North,nan,0.9,NEW_SUBDIVISION,Terry Bishop requests review of Bishop Development Agreement to increase the number of lots in a subdivision from current number to 13 lots on a 7-acre parcel.,2424 West 900 North,7,13,Terry Bishop,,,PROPOSED,72,"Residential subdivision expansion; existing development agreement being modified for increased density. Public hearing scheduled May 28, 2026.",https://www.utah.gov/pmn/sitemap/notice/1080695.html,,pmn,2026-06-01T13:46:15.663501Z
pmn_1080695_item1,Lehi,Planning Commission,2026-05-28,Lehi City Development Code Chapter 35 amendment - Urban Forestry requirements for migratory bird protection and public tree planting list,nan,0.9,GENERAL_PLAN_AMENDMENT,Lehi City requests review of amendments to Development Code Chapter 35 (Urban Forestry) to add requirements for trees affected by migratory birds and clarify the City's recommended public tree planting list.,,,,,,,PROPOSED,25,"Municipal code amendment affecting urban forestry standards city-wide; environmental and sustainability focus. Public hearing scheduled May 28, 2026.",https://www.utah.gov/pmn/sitemap/notice/1080695.html,,pmn,2026-06-01T13:46:15.663501Z
pmn_1080695_item2,Lehi,Planning Commission,2026-05-28,Lehi City Development Code Chapter 26 amendment - Detached Accessory Dwelling Unit (DADU) requirements to comply with 2026 State Legislation,nan,0.9,GENERAL_PLAN_AMENDMENT,Lehi City requests review of amendments to Chapter 26 (Accessory Uses) to update requirements for Detached Accessory Dwelling Units (DADUs) to align with 2026 State Legislation.,,,,,,,PROPOSED,45,"State-mandated code update to enable ADU development; increases housing supply flexibility. Public hearing scheduled May 28, 2026.",https://www.utah.gov/pmn/sitemap/notice/1080695.html,,pmn,2026-06-01T13:46:15.663501Z
pmn_1082329,Lehi,City Council,2026-06-09,Lehi City Notice of Public Hearing FY 2026 Budget Amendment,nan,nan,,,,,,,,,PROPOSED,,,https://www.utah.gov/pmn/sitemap/notice/1082329.html,"LEHI CITY NOTICE OF PUBLIC HEARING

 FY2026 BUDGET AMENDMENT
 

Notice is hereby given that the Lehi City Council will conduct a public hearing on Tuesday, June 9, 2026, which begins at 7:00 p.m., at the Lehi City Council Chambers located at 131 N. 100 E., Lehi, Utah, for the purpose of receiving input regarding an amendment to the Lehi City FY2026 Budget.

Dated this 20th day of May, 2026.",pmn,2026-06-01T13:46:15.663304Z
pmn_1082333,Lehi,City Council,2026-06-09,Lehi City Notice of Public Hearing- Fee Schedule Amendment Power,nan,nan,,,,,,,,,PROPOSED,,,https://www.utah.gov/pmn/sitemap/notice/1082333.html,"LEHI CITY NOTICE OF PUBLIC HEARING
FEE SCHEDULE AMENDMENT 

Notice is hereby given that the Lehi City Council will conduct a public hearing on Tuesday, June 9, 2026, which begins at 7:00 p.m., in the Council Chambers at 153 N 100 E, Lehi, UT  84043, for the purpose of receiving input from the public regarding and amendment to the Lehi City FY2027 Consolidated Fee Schedule for Power Fees.

Dated this 20th day of May, 2026.",pmn,2026-06-01T13:46:15.663300Z
pmn_1084221_item0,Lehi,Planning Commission,2026-06-11,"Prestwich Zone Change – 1.09 acres at 2004 North 900 West, RA-1 to R-2",nan,0.9,REZONE,TN Contracting LLC requesting zone change from RA-1 (Agricultural Residential) to R-2 (Residential) for 1.09-acre parcel,"2004 North 900 West, Lehi",1.09,,TN Contracting LLC,RA-1,R-2,PROPOSED,55,Small residential rezone; likely enabling single-family or duplex development on agricultural land,https://www.utah.gov/pmn/sitemap/notice/1084221.html,,pmn,2026-06-01T13:46:15.663497Z
pmn_1084221_item1,Lehi,Planning Commission,2026-06-11,Conditional Use Approval – Two Pylon Signs for The Collective at 1050 West Sunrise Way,signage,0.9,,Trademark Visual requesting conditional use approval for two pylon signs with exception for greater height and sign area at The Collective commercial development,"1050 West Sunrise Way, Lehi",,,Trademark Visual,,,PROPOSED,15,Sign-only application; requesting height and area variances for commercial signage,https://www.utah.gov/pmn/sitemap/notice/1084221.html,,pmn,2026-06-01T13:46:15.663497Z
pmn_1084221_item2,Lehi,Planning Commission,2026-06-11,Cortese Preliminary Subdivision – 8-lot residential development at 1450 West 1220 North,nan,0.9,NEW_SUBDIVISION,"Grow Development requesting approval of Cortese Preliminary Subdivision, an 8-lot residential plat in R-1-22 zone","1450 West 1220 North, Lehi",,8,Grow Development,,,PROPOSED,45,Preliminary plat approval for small residential subdivision; low-density zoning,https://www.utah.gov/pmn/sitemap/notice/1084221.html,,pmn,2026-06-01T13:46:15.663497Z
pmn_1084221_item3,Lehi,Planning Commission,2026-06-11,"Walker Zone Change – 2.58 acres at 915 West State Street, R-1-8 to C-H",nan,0.9,REZONE,Deborah Walker requesting zone change from R-1-8 (low-density residential) to C-H (Heavy Commercial) for 2.58-acre parcel,"915 West State Street, Lehi",2.58,,Deborah Walker,R-1-8,C-H,PROPOSED,70,"Significant commercial rezone on State Street corridor; potential for auto sales, light industrial, or heavy commercial uses",https://www.utah.gov/pmn/sitemap/notice/1084221.html,,pmn,2026-06-01T13:46:15.663497Z
pmn_1084221_item4,Lehi,Planning Commission,2026-06-11,Development Code Amendment – Automobile Sales Regulations (Table 05.030-B and Section 12.130),nan,0.9,GENERAL_PLAN_AMENDMENT,Lehi City requesting review of Development Code Amendment updating regulations for Automobile Sales businesses in Table 05.030-B and Section 12.130,,,,,,,PROPOSED,35,Code amendment to clarify/modify auto sales use regulations; likely responding to Walker rezone or industry changes,https://www.utah.gov/pmn/sitemap/notice/1084221.html,,pmn,2026-06-01T13:46:15.663497Z
pmn_1084221_item5,Lehi,Planning Commission,2026-06-11,"Development Code Amendment – Neighborhood Exchange Structure Use (Chapter 12, 39, Tables 05.030A, 05.030B)",nan,0.9,GENERAL_PLAN_AMENDMENT,Lehi City requesting review of Development Code Amendment adding Neighborhood Exchange Structure as a permitted use across multiple code sections and use tables,,,,,,,PROPOSED,40,"New use category codification; likely small-scale community/commercial structure type (e.g., community exchange, tool library, small retail kiosk)",https://www.utah.gov/pmn/sitemap/notice/1084221.html,,pmn,2026-06-01T13:46:15.663497Z
pmn_1064189_item0,Saratoga Springs,City of Saratoga Springs Planning Commission,2026-03-12,Beacon Pointe Village Plan 8 - Porter Haven at Ensign Drive and Mountain View Corridor,nan,0.9,LARGE_PROJECT,Master planned community phase (Plan 8) for Beacon Pointe Village. Public hearing and Planning Commission recommendation to City Council.,"Ensign Drive and Mountain View Corridor, Saratoga Springs",,,Ryan Bull,,,PROPOSED,75,Part of larger Beacon Pointe Village development. Senior Planner: Gina Grandpre.,https://www.utah.gov/pmn/sitemap/notice/1064189.html,,pmn,2026-06-01T13:46:15.663184Z
pmn_1064189_item1,Saratoga Springs,City of Saratoga Springs Planning Commission,2026-03-12,Title 19 Land Development Code Amendment - Chapter 19.19 Open Space Amenities,nan,0.9,GENERAL_PLAN_AMENDMENT,City-initiated code amendment to allow broader range of amenities permitted within open space areas citywide.,,,,,,,PROPOSED,40,Citywide amendment expanding open space flexibility. Senior Planner: Gina Grandpre.,https://www.utah.gov/pmn/sitemap/notice/1064189.html,,pmn,2026-06-01T13:46:15.663184Z
pmn_1064189_item2,Saratoga Springs,City of Saratoga Springs Planning Commission,2026-03-12,Title 19 Land Development Code Amendment - Chapter 19.16 Site and Architectural Design Standards,nan,0.9,GENERAL_PLAN_AMENDMENT,City-initiated code amendment to allow exceptions for building buffer requirements at building corners and loading bays.,,,,,,,PROPOSED,35,Citywide amendment relaxing buffer standards for site design flexibility. Senior Planner: Austin Roy.,https://www.utah.gov/pmn/sitemap/notice/1064189.html,,pmn,2026-06-01T13:46:15.663184Z
pmn_1066116_item0,Saratoga Springs,City of Saratoga Springs Planning Commission,2026-03-26,Lighthouse Cove Concept Plan and Rezone from Agricultural/Rural Residential to R1-10 at 4200 South Schooner Drive,nan,0.9,REZONE,Concept plan and rezone request for Lighthouse Cove development from Agricultural and Rural Residential zoning to R1-10 (single-family residential). Applicant is Lynsi Neve.,"4200 South Schooner Drive, Saratoga Springs",,,Lynsi Neve,"Agricultural, Rural Residential",R1-10,PROPOSED,65,"Concept plan approval required before detailed development. R1-10 zoning typically allows single-family residential development with 10,000 sq ft minimum lot sizes.",https://www.utah.gov/pmn/sitemap/notice/1066116.html,,pmn,2026-06-01T13:46:15.663181Z
pmn_1066116_item1,Saratoga Springs,City of Saratoga Springs Planning Commission,2026-03-26,"Amendment to Title 19 Chapter 19.16 - Site and Architectural Design Standards for Office Warehouse, Heavy Commercial, and Light Industrial buildings",nan,0.9,GENERAL_PLAN_AMENDMENT,"City-initiated code amendment to allow architectural and design exceptions for Office Warehouse, Heavy Commercial, and Light Industrial/Industrial zoned buildings if they are no wider than 200 feet and no larger than 15,000 square feet. Applies citywide.",,,,,,,PROPOSED,45,"Code amendment reduces design review requirements for smaller commercial/industrial buildings. May facilitate flex space and light industrial development under 15,000 sq ft.",https://www.utah.gov/pmn/sitemap/notice/1066116.html,,pmn,2026-06-01T13:46:15.663181Z
pmn_1066116_item2,Saratoga Springs,City of Saratoga Springs Planning Commission,2026-03-26,Amendment to Title 19 Chapter 19.02 - Add Definition for Loading Bays,nan,0.9,GENERAL_PLAN_AMENDMENT,City-initiated code amendment to add a formal definition for loading bays in the Land Development Code definitions chapter. Applies citywide.,,,,,,,PROPOSED,20,Clarifies code language for industrial and commercial development. Procedurally minor but may streamline approvals for projects with loading requirements.,https://www.utah.gov/pmn/sitemap/notice/1066116.html,,pmn,2026-06-01T13:46:15.663181Z
pmn_1067635_item0,Saratoga Springs,City of Saratoga Springs Planning Commission,2026-03-26,North Lake Meadows Phase 2 Preliminary Plat at 145 North 1700 West,nan,0.9,NEW_SUBDIVISION,Preliminary plat approval for Phase 2 of North Lake Meadows residential subdivision,145 North 1700 West,,,Keaton Morton,,,PROPOSED,65,Phase 2 of larger subdivision; preliminary plat stage indicates active development pipeline,https://www.utah.gov/pmn/sitemap/notice/1067635.html,,pmn,2026-06-01T13:46:15.663179Z
pmn_1067635_item1,Saratoga Springs,City of Saratoga Springs Planning Commission,2026-03-26,The Hub Lot 5 Site Plan at 2438 North Stagecoach Drive,nan,0.9,COMMERCIAL_PROJECT,Site plan approval for Lot 5 of The Hub commercial development,2438 North Stagecoach Drive,,,Michael McIntire,,,PROPOSED,70,Part of larger Hub development; site plan phase indicates near-term construction potential,https://www.utah.gov/pmn/sitemap/notice/1067635.html,,pmn,2026-06-01T13:46:15.663179Z
pmn_1067635_item2,Saratoga Springs,City of Saratoga Springs Planning Commission,2026-03-26,Lighthouse Cove Concept Plan and Rezone from Agricultural/Rural Residential to R1-10 at 4200 South Schooner Drive,nan,0.9,REZONE,Concept plan and rezone application for residential development from Agricultural and Rural Residential zones to R1-10 (single-family residential),approximately 4200 South Schooner Drive,,,Lynsi Neve,"Agricultural, Rural Residential",R1-10,PROPOSED,85,Concept plan stage; significant land use conversion from agricultural to residential; public hearing suggests material project,https://www.utah.gov/pmn/sitemap/notice/1067635.html,,pmn,2026-06-01T13:46:15.663179Z
pmn_1067635_item3,Saratoga Springs,City of Saratoga Springs Planning Commission,2026-03-26,Title 19 Land Development Code Amendment - Chapter 19.02 Definitions (Loading Bays),nan,0.9,GENERAL_PLAN_AMENDMENT,City-initiated code amendment to add definition for loading bays in land development code,,,,,,,PROPOSED,40,Definitions amendment; supports industrial and commercial development clarity,https://www.utah.gov/pmn/sitemap/notice/1067635.html,,pmn,2026-06-01T13:46:15.663179Z
pmn_1067635_item4,Saratoga Springs,City of Saratoga Springs Planning Commission,2026-03-26,Title 19 Land Development Code Amendment - Chapter 19.16 Site and Architectural Design Standards (Office Warehouse Exceptions),nan,0.9,GENERAL_PLAN_AMENDMENT,"City-initiated code amendment allowing architecture and design exceptions for Office Warehouse, Heavy Commercial, and Light Industrial/Industrial zoned buildings up to 200 ft. width and 15,000 sq ft",,,,,,,PROPOSED,55,"Relaxes design standards for smaller industrial/commercial flex space; facilitates miniflex/light industrial development up to 15,000 sq ft",https://www.utah.gov/pmn/sitemap/notice/1067635.html,,pmn,2026-06-01T13:46:15.663179Z
pmn_1070005_item0,Saratoga Springs,City of Saratoga Springs Planning Commission,2026-04-16,Amendment to Title 19 Land Development Code Chapter 19.04 - Increase Maximum Building Footprint Size in Neighborhood Commercial Zone,nan,0.9,GENERAL_PLAN_AMENDMENT,"Proposed amendment to increase the Maximum Building Footprint Size in the Neighborhood Commercial Zone from 15,000 square feet to 60,000 square feet. This is a city-wide zoning code change initiated by developer Mike Williamson.",City-wide,,,Mike Williamson,,,PROPOSED,72,"Developer-initiated code amendment that would allow significantly larger commercial buildings (4x increase in footprint) in Neighborhood Commercial zones. This could enable larger-format retail, office, or mixed-use projects in commercial areas.",https://www.utah.gov/pmn/sitemap/notice/1070005.html,,pmn,2026-06-01T13:46:15.663176Z
pmn_1072019_item0,Saratoga Springs,City of Saratoga Springs Planning Commission,2026-04-16,"Amendment to Title 19 Land Development Code Chapter 19.04 - Increase Maximum Building Footprint Size in Neighborhood Commercial Zone from 15,000 to 60,000 square feet",nan,0.9,GENERAL_PLAN_AMENDMENT,"City-wide code amendment to allow larger buildings in the Neighborhood Commercial Zone by increasing the maximum building footprint size from 15,000 square feet to 60,000 square feet. Developer-initiated amendment by applicant Mike Williamson.",City-wide,,,Mike Williamson,Neighborhood Commercial Zone,Neighborhood Commercial Zone (modified),PROPOSED,65,This is a developer-initiated code change that would allow significantly larger commercial buildings (4x increase in footprint). Could signal multiple large commercial projects in pipeline. Austin Roy is Senior Planner assigned.,https://www.utah.gov/pmn/sitemap/notice/1072019.html,,pmn,2026-06-01T13:46:15.663173Z
pmn_1072019_item1,Saratoga Springs,City of Saratoga Springs Planning Commission,2026-04-16,Redwood Sports Harvest Point B Site Plan at 2113 North Hillcrest Road,nan,0.9,COMMERCIAL_PROJECT,Site plan approval for Redwood Sports Harvest Point B commercial project.,2113 North Hillcrest Road,,,Redwood Sports,,,PROPOSED,50,"Applicant is Nathan Brown. Planner II Kendal Black assigned. No public hearing phase indicated for this item, suggesting it may be a routine site plan review.",https://www.utah.gov/pmn/sitemap/notice/1072019.html,,pmn,2026-06-01T13:46:15.663173Z
pmn_1074423,Saratoga Springs,City of Saratoga Springs City Council,2026-04-22,City Council Workshop,nan,nan,,,,,,,,,PROPOSED,,,https://www.utah.gov/pmn/sitemap/notice/1074423.html,"CITY OF SARATOGA SPRINGS CITY COUNCIL WORKSHOP AGENDA
April 22, 2026 - 2:00 p.m.
St. George City Hall
61 S. Main St., St. George, UT 84770

WORKSHOP MEETING


1.	Welcome
2.	Future Studies and Projects 
3.	Capital Project Updates
4.	ULA - Inlet Park Master Planning Cont. from 4-14-26 CC Meeting
5.	City Goal Update
6.	Topics for Future Policies and Discussions 

Adjournment",pmn,2026-06-01T13:46:15.662074Z
pmn_1075421_item0,Saratoga Springs,City of Saratoga Springs Planning Commission,2026-04-30,Mt. Saratoga Veterinary Clinic Site Plan at 30 North Mt. Saratoga Boulevard,nan,0.9,COMMERCIAL_PROJECT,Site plan review for Mt. Saratoga Veterinary Clinic commercial project,30 North Mt. Saratoga Boulevard,,,Daniel Harris,,,PROPOSED,35,Veterinary clinic commercial development; senior planner Kendal Black,https://www.utah.gov/pmn/sitemap/notice/1075421.html,,pmn,2026-06-01T13:46:15.663168Z
pmn_1075421_item1,Saratoga Springs,City of Saratoga Springs Planning Commission,2026-04-30,Westport Business Park Lot 4 Site Plan at 2078 North Stagecoach Drive,nan,0.9,COMMERCIAL_PROJECT,Site plan review for Westport Business Park Lot 4,2078 North Stagecoach Drive,,,Larry Lindstrom and Mark Johnson,,,PROPOSED,40,Business park lot development; senior planner Kendal Black,https://www.utah.gov/pmn/sitemap/notice/1075421.html,,pmn,2026-06-01T13:46:15.663168Z
pmn_1075421_item2,Saratoga Springs,City of Saratoga Springs Planning Commission,2026-04-30,Riders Station Site Plan and Preliminary Plat at 1193 West Fairfield Road,nan,0.9,LARGE_PROJECT,Site plan and preliminary plat approval for Riders Station development,1193 West Fairfield Road,,,Adam Hurd of BlackSpire Capital Group,,,PROPOSED,65,Mixed site plan and preliminary plat submission indicates significant development; senior planner Austin Roy,https://www.utah.gov/pmn/sitemap/notice/1075421.html,,pmn,2026-06-01T13:46:15.663168Z
pmn_1075421_item3,Saratoga Springs,City of Saratoga Springs Planning Commission,2026-04-30,Amendment to Title 18 Building Construction Code Chapters 18.05 - Grading and Land Use Regulations,nan,0.9,GENERAL_PLAN_AMENDMENT,City-initiated amendment to building construction code regarding grading standards and incorporation into land use regulations,,,,,,,PROPOSED,25,Citywide code amendment affecting grading standards; engineer Ken Knight,https://www.utah.gov/pmn/sitemap/notice/1075421.html,,pmn,2026-06-01T13:46:15.663168Z
pmn_1073749_item0,Saratoga Springs,City of Saratoga Springs Planning Commission,2026-04-30,Amendments to Title 18 Building and Construction Code Chapter 18.05 - Grading,nan,0.9,INFRASTRUCTURE,City-initiated amendment to grading code allowing steeper slopes for final cuts and fills to align with other code sections and Standard Technical Specifications & Drawings. Will define maximum slopes in grading setbacks citywide.,,,,,,,PROPOSED,15,City-initiated code amendment affecting grading standards citywide. Intended to harmonize slope regulations across different code chapters and align with technical specifications.,https://www.utah.gov/pmn/sitemap/notice/1073749.html,,pmn,2026-06-01T13:46:15.663171Z
pmn_1077383_item0,Saratoga Springs,City of Saratoga Springs City Council,2026-05-05,"Franchise Agreement between Forged Fiber 37, LLC and the City of Saratoga Springs",nan,0.9,INFRASTRUCTURE,"City Council approval of a franchise agreement with Forged Fiber 37, LLC, likely for fiber optic or telecommunications infrastructure installation and operation within city limits.",,,,"Forged Fiber 37, LLC",,,PROPOSED,35,Consent item; franchise agreements typically involve utility or telecom infrastructure expansion that may support future development.,https://www.utah.gov/pmn/sitemap/notice/1077383.html,,pmn,2026-06-01T13:46:15.662072Z
pmn_1078515_item0,Saratoga Springs,City of Saratoga Springs City Council,2026-05-05,Village Plan 8 for the Beacon Pointe Community approval,nan,0.9,LARGE_PROJECT,City Council approved Village Plan 8 for the Beacon Pointe Community via Ordinance 26-19,,,,,,,APPROVED,65,Village plan approval indicates significant residential or mixed-use development. Beacon Pointe appears to be a multi-phase community in Saratoga Springs.,https://www.utah.gov/pmn/sitemap/notice/1078515.html,,pmn,2026-06-01T13:46:15.662069Z
pmn_1077243_item0,Saratoga Springs,City of Saratoga Springs Planning Commission,2026-05-14,Amendment to Title 19 Land Development Code Chapter 19.09.11 - Drive-thru Requirements,nan,0.9,,Proposed amendment to remove the requirement that a three-foot raised median or planter be required between a drive-thru lane and the parking area. This is a code modification affecting drive-thru design standards citywide.,Citywide,,,Meghana Chachra,,,PROPOSED,25,"Developer-initiated code amendment. This change would reduce design requirements for drive-thru facilities, potentially enabling easier conversion or development of drive-thru uses.",https://www.utah.gov/pmn/sitemap/notice/1077243.html,,pmn,2026-06-01T13:46:15.663165Z
pmn_1078867_item0,Saratoga Springs,City of Saratoga Springs Planning Commission,2026-05-14,Mt. Saratoga Veterinary Clinic Preliminary Plat at 30 North Mt. Saratoga Blvd,nan,0.9,NEW_SUBDIVISION,Preliminary plat approval for Mt. Saratoga Veterinary Clinic,30 North Mt. Saratoga Blvd,,,Daniel Harris,,,PROPOSED,25,Veterinary clinic development; preliminary plat stage,https://www.utah.gov/pmn/sitemap/notice/1078867.html,,pmn,2026-06-01T13:46:15.663163Z
pmn_1078867_item1,Saratoga Springs,City of Saratoga Springs Planning Commission,2026-05-14,Winco Foods Site Plan at 353 West Lake Drive,nan,0.9,COMMERCIAL_PROJECT,Site plan approval for Winco Foods grocery store,353 West Lake Drive,,,WPI,,,PROPOSED,65,Major grocery retailer; applicant is WPI (Lee Lizama),https://www.utah.gov/pmn/sitemap/notice/1078867.html,,pmn,2026-06-01T13:46:15.663163Z
pmn_1078867_item2,Saratoga Springs,City of Saratoga Springs Planning Commission,2026-05-14,McDonald's at Jacob Ranch Marketplace Site Plan at 1900 South Redwood Road,nan,0.9,COMMERCIAL_PROJECT,Site plan approval for McDonald's fast food restaurant at Jacob Ranch Marketplace,1900 South Redwood Road,,,McDonald's,,,PROPOSED,35,Quick service restaurant; part of Jacob Ranch Marketplace development,https://www.utah.gov/pmn/sitemap/notice/1078867.html,,pmn,2026-06-01T13:46:15.663163Z
pmn_1078867_item3,Saratoga Springs,City of Saratoga Springs Planning Commission,2026-05-14,Amendment to Title 19 Land Development Code Chapter 19.09.11 - Drive-thru Requirements,nan,0.9,GENERAL_PLAN_AMENDMENT,Code amendment to remove the drive-thru landscape median requirement citywide,,,,Meghana Chachra,,,PROPOSED,45,Developer-initiated code amendment; likely tied to McDonald's or other drive-thru commercial projects; eliminates landscape median requirement for drive-thru facilities,https://www.utah.gov/pmn/sitemap/notice/1078867.html,,pmn,2026-06-01T13:46:15.663163Z
pmn_1081112_item0,Saratoga Springs,City of Saratoga Springs City Council,2026-05-19,Addendum to Corridor Agreement with UDOT for SR-68 South Signals,nan,0.9,INFRASTRUCTURE,Amendment to existing corridor agreement with Utah Department of Transportation for traffic signals on SR-68 South. This is infrastructure coordination with state transportation agency.,SR-68 South,,,,,,PROPOSED,25,Resolution R26-24. Infrastructure item affecting state highway corridor.,https://www.utah.gov/pmn/sitemap/notice/1081112.html,,pmn,2026-06-01T13:46:15.662064Z
pmn_1081112_item1,Saratoga Springs,City of Saratoga Springs City Council,2026-05-19,Amendments to Title 18 of the City Code for Building and Fire codes,nan,0.9,,Updates to city code provisions governing building and fire code standards. Regulatory/administrative update to municipal code.,,,,,,,PROPOSED,15,Ordinance 26-22. Procedural code update; may affect development standards citywide.,https://www.utah.gov/pmn/sitemap/notice/1081112.html,,pmn,2026-06-01T13:46:15.662064Z
pmn_1081112_item2,Saratoga Springs,City of Saratoga Springs City Council,2026-05-19,Right of Way Purchase and Sales Agreement with FFSL for Saratoga Road and Pony Express Parkway Widening,nan,0.9,INFRASTRUCTURE,"Purchase of right of way from Fire, Forestry, and State Lands for widening of Saratoga Road and Pony Express Parkway. Road widening/expansion project requiring property acquisition.",Saratoga Road and Pony Express Parkway,,,,,,PROPOSED,45,Resolution R26-25. Part of roadway expansion project; indicates growth corridor investment.,https://www.utah.gov/pmn/sitemap/notice/1081112.html,,pmn,2026-06-01T13:46:15.662064Z
pmn_1081112_item3,Saratoga Springs,City of Saratoga Springs City Council,2026-05-19,Wilson Property Right of Way Purchase and Sales Agreement for Saratoga Road and Pony Express Parkway Widening,nan,0.9,INFRASTRUCTURE,Purchase of right of way from Wilson Property for Saratoga Road and Pony Express Parkway widening project. Private property acquisition for road expansion.,Saratoga Road and Pony Express Parkway,,,,,,PROPOSED,45,Resolution R26-26. Continuation of major roadway widening project; indicates significant infrastructure investment in growth area.,https://www.utah.gov/pmn/sitemap/notice/1081112.html,,pmn,2026-06-01T13:46:15.662064Z
pmn_1081112_item4,Saratoga Springs,City of Saratoga Springs City Council,2026-05-19,"Debris Basin Purchase Agreement with SCP Fox Hollow, LLC",nan,0.9,INFRASTRUCTURE,"Purchase of debris basin (water/drainage management infrastructure) from SCP Fox Hollow, LLC. Stormwater management facility acquisition.",,,,"SCP Fox Hollow, LLC",,,PROPOSED,35,Resolution R26-27. Infrastructure purchase suggests preceding or concurrent development by SCP Fox Hollow in area.,https://www.utah.gov/pmn/sitemap/notice/1081112.html,,pmn,2026-06-01T13:46:15.662064Z
pmn_1078547,Saratoga Springs,City of Saratoga Springs City Council,2026-05-19,City Council Public Hearing - Notice of Tentative Budget,nan,nan,,,,,,,,,PROPOSED,,,https://www.utah.gov/pmn/sitemap/notice/1078547.html,"Notice of Public Hearing


Notice is hereby given that the City of Saratoga Springs City Council will conduct a public hearing to receive comments on the City of Saratoga Springs Tentative Budget for Fiscal Year 2026-2027.

The hearing will be held on Tuesday, May 19, 2026 at 6:00 p.m. in the Council Chambers at the City of Saratoga Springs City Offices located at 319 So. Saratoga Road, Saratoga Springs, Utah, 84045.

Comments and questions may be submitted to comments@saratogasprings-ut.gov.   
Questions and comments may be directed to the Finance Dept. 801-766-9793.",pmn,2026-06-01T13:46:15.662066Z
pmn_1082421,Saratoga Springs,City of Saratoga Springs City Council,2026-05-20,Notice of Ordinance,nan,nan,,,,,,,,,PROPOSED,,,https://www.utah.gov/pmn/sitemap/notice/1082421.html,"NOTICE OF ADOPTION OF ORDINANCE

Notice is hereby given that the City Council of the City of Saratoga Springs, Utah, at their meeting of May 19, 2026, passed and adopted the following Ordinances:

-	Ordinance 26-22 (05-19-26) Adopting Amendments to the Building Code and Fire Code of City of Saratoga Springs.
-	Ordinance 26-23 (05-19-26) Adopting Amendments to the City of Saratoga Springs Land Development Code.

Copies of these Ordinances are on file in the office of the City of Saratoga Springs City Recorder and are available for review during business hours.",pmn,2026-06-01T13:46:15.662061Z
pmn_1082847_item0,Saratoga Springs,City of Saratoga Springs Planning Commission,2026-05-28,Site Plan approval for Westport Business Park Lot 5 at 2056 N. Stagecoach Drive,nan,0.9,COMMERCIAL_PROJECT,Site plan review and approval for Westport Business Park Lot 5. Applicants Larry Lindstrom and Mark Johnson are seeking planning commission recommendation or approval.,"2056 N. Stagecoach Drive, Saratoga Springs, UT",,,Larry Lindstrom and Mark Johnson,,,PROPOSED,45,Westport Business Park suggests commercial/industrial development. Site plan stage indicates project is in design phase. Senior Planner Kendal Black is staff contact.,https://www.utah.gov/pmn/sitemap/notice/1082847.html,,pmn,2026-06-01T13:46:15.663159Z
pmn_1084489,Saratoga Springs,City of Saratoga Springs City Council,2026-06-02,City Council Meeting,nan,nan,,,,,,,,,PROPOSED,,,https://www.utah.gov/pmn/sitemap/notice/1084489.html,"CITY COUNCIL MEETING AGENDA
CITY OF SARATOGA SPRINGS
Tuesday, June 2, 2026 @ 6:00 pm
City of Saratoga Springs Council Chambers
319 South Saratoga Road, Saratoga Springs, UT 84045

POLICY MEETING

CALL TO ORDER

1.	Roll Call. 
2.	Moment of Reflection. 
3.	Pledge of Allegiance. 
4.	Public Input - This time has been set aside for the public to express ideas, concerns, and comments for subject matter not listed as public hearing on the agenda. Limit of 3 minutes per speaker, unused time may not be given to another. Time for Public Input is limited to no more than 15 minutes total. 

REPORTS

1.	Mayor.
2.	City Council.
3.	Administration.
4.	Department Updates: Public Works/Engineering, Community Development, Finance.

CONSENT ITEMS
	The Council may approve these items without discussion or public comment and may remove an item to the Business Items for discussion and consideration.

1.	Approval of Minutes: May 19, 2026.

BUDGET FY 2026-27
	The Council may discuss (without public comment) and may approve the following items:

1.	Presentation from a budget officer or executive officer of a property tax impact schedule as a separate document from other budget documents.

PUBLIC HEARINGS
The Council will accept public comment and may approve the following items:

1.	Compensation Increase for Defined Executive Municipal Officers.
2.	Consideration of Ordinance 26-26 (06-02-26). An ordinance of the Council of the City of Saratoga Springs, adopting an Interim Budget, which includes a proposed property tax rate increase for Fiscal Year 2026-2027, a compensation schedule for appointed and elected municipal officers, and a compensation increase for defined executive municipal officers, and will be in effect from July 1, 2026, until the date before September 1, 2026, on which the City will adopt a final budget, subject to the requirements of Utah Code Subsection 59-2-919.
3.	Budget Amendment #5 for Fiscal Year 2025-2026. Resolution R26-31 (06-02-",pmn,2026-06-01T13:46:15.662048Z
pmn_1082945,Saratoga Springs,City of Saratoga Springs City Council,2026-06-02,City Council Public Hearing - Interim Budget for FY 26-27,nan,nan,,,,,,,,,PROPOSED,,,https://www.utah.gov/pmn/sitemap/notice/1082945.html,"Notice of Public Hearing



Notice is hereby given that the City of Saratoga Springs City Council will conduct a public hearing to receive comments on the City of Saratoga Springs Interim Budget for Fiscal Year 2026-2027. The interim budget includes a property tax rate increase for Fiscal Year 2026-2027 as an option if the tax rate increase is approved. The interim budget will be in effect from July 1, 2026, to August 11, 2026, the date when the Final Budget for Fiscal Year 2026-2027 is adopted. The Final Budget will officially adopt the property tax rate increase if approved by the City Council after a public hearing.

The public hearing on the interim budget will be held on Tuesday, June 2, 2026 at 6:00 p.m. in the Council Chambers at the City of Saratoga Springs City Offices located 1307 N. Commerce Drive Suite 200, Saratoga Springs, Utah. 

Comments and questions may be submitted to comments@saratogasprings-ut.gov and directed to the Finance Dept. 801-766-9793.",pmn,2026-06-01T13:46:15.662052Z
pmn_1082909,Saratoga Springs,City of Saratoga Springs City Council,2026-06-02,City Council Public Hearing - Notice of compensation Schedule public hearing,nan,nan,,,,,,,,,PROPOSED,,,https://www.utah.gov/pmn/sitemap/notice/1082909.html,"Notice of Public Hearing

Notice is hereby given that the City of Saratoga Springs City Council will conduct a public hearing to receive comments on the City of Saratoga Springs compensation schedule for municipal appointed, statutory, and elected officers, as well as municipal executive officers as defined in Utah Code § 10-3-818(2), for Fiscal Year 2026-2027.

The public hearing on the compensation schedule will be held on Tuesday, June 2, 2026 at 6:00 p.m. in the Council Chambers at the City of Saratoga Springs City Offices located 1307 N. Commerce Drive Suite 200, Saratoga Springs, Utah. 

Comments and questions may be submitted to comments@saratogasprings-ut.gov  and directed to the Finance Dept. 801-766-9793.",pmn,2026-06-01T13:46:15.662056Z
pmn_1082645,Saratoga Springs,City of Saratoga Springs City Council,2026-06-02,City Council Public Hearing - Public Hearing on Budget Amendment FY 25-26,nan,nan,,,,,,,,,PROPOSED,,,https://www.utah.gov/pmn/sitemap/notice/1082645.html,"Notice of Public Hearing

Notice is hereby given that the City of Saratoga Springs City Council will conduct a public hearing to receive comments on Budget Amendments for the Fiscal Year 2025-2026 Budget.

The public hearing will be held during City Council meeting on Tuesday, June 2, 2026, at 6:00 p.m. in the City of Saratoga Springs Council Chambers located at 319 South Saratoga Road, Saratoga Springs, Utah. 

Questions may be directed to the City Finance Dept. 801-766-9793.
Public Comments may be submitted to comments@saratogasprings-ut.gov",pmn,2026-06-01T13:46:15.662058Z
pmn_1067391,South Jordan,Planning Commission,2026-03-24,Notice of Meeting Cancellation,nan,nan,,,,,,,,,PROPOSED,,,https://www.utah.gov/pmn/sitemap/notice/1067391.html,"NOTICE OF MEETING CANCELLATION


The regularly scheduled South Jordan City Planning Commission meeting for March 24, 2026 has been cancelled.

The next regularly scheduled meeting will be Tuesday, April 14, 2026 at 6:30 PM.",pmn,2026-06-01T13:46:15.661271Z
pmn_1071937,South Jordan,Planning Commission,2026-04-14,Amended Planning Commission Agenda,nan,nan,,,,,,,,,PROPOSED,,,https://www.utah.gov/pmn/sitemap/notice/1071937.html,"CITY OF SOUTH JORDAN	 
AMENEDED PLANNING COMMISSION MEETING AGENDA 	
CITY HALL	
TUESDAY, APRIL 14, 2026 at 6:30 PM	
Notice is hereby given that the South Jordan Planning Commission will hold a meeting at 6:30 p.m. on Tuesday, April 14, 2026. The meeting will be conducted in person in the City Council Chambers, located at 1600 W. Towne Center Drive, South Jordan, Utah, and virtually via Zoom phone and video conferencing. Persons with disabilities requesting assistance should contact the City Recorder at least 24 hours prior to the meeting. Times listed are approximate and may be accelerated or delayed.
In addition to in-person attendance, individuals may join via phone or video using Zoom. Please note that attendees joining virtually or by phone may not comment during public comment or a public hearing; to comment, individuals must attend in person.  
If the meeting is disrupted in any way deemed inappropriate by the City, the City reserves the right to immediately remove the individual(s) from the meeting and, if necessary, end virtual access to the meeting. Reasons for removal or ending virtual access include, but are not limited to, posting offensive pictures or remarks, making disrespectful statements or actions, and other actions deemed inappropriate.
To ensure that comments are received, please submit them in writing to City Planner, Greg Schindler at gschindler@sjc.utah.gov by 3:00 p.m. on the day of the meeting.
Instructions on how to join virtually are provided below.
Join South Jordan Planning Commission Electronic Meeting: 
-           Join on any device that has internet capability.
-           Zoom link, Meeting ID and Password will be provided 24 hours prior to meeting start time. 
-           Zoom instructions are posted https://www.sjc.utah.gov/254/Planning-Commission
THE MEETING WILL BEGIN AT 6:30 P.M. AND THE AGENDA IS AS FOLLOWS:

A.	WELCOME AND ROLL CALL - Commission Chair Nathan Gedge
B.	MOTION TO APPROVE AGENDA
C.	APPROVAL OF MI",pmn,2026-06-01T13:46:15.661256Z
pmn_1069903_item0,South Jordan,Planning Commission,2026-04-14,Brewer Rezone at 10981 S Temple Dr,nan,0.9,REZONE,Rezone application for property at 10981 S Temple Dr. Applicant is Zerin Dixon Brewer. Existing zone and proposed zone not specified in notice.,"10981 S Temple Dr, South Jordan",,,Zerin Dixon Brewer,,,PROPOSED,45,"Case number PLZBA202600031. Public hearing scheduled for April 14, 2026 at South Jordan City Hall. Zoning details not provided in notice; applicant should review application materials for current and proposed zones.",https://www.utah.gov/pmn/sitemap/notice/1069903.html,,pmn,2026-06-01T13:46:15.661261Z
pmn_1069903_item1,South Jordan,Planning Commission,2026-04-14,Text Amendment to City Code §17.16.010 and §17.18.030.010 (General Use Regulations),nan,0.9,GENERAL_PLAN_AMENDMENT,Text amendment to South Jordan City Code sections 17.16.010 (Planning Commission) and 17.18.030.010 (General Use Regulations). Ordinance number 2026-11. Specific changes not detailed in notice.,,,,,,,PROPOSED,30,City-initiated code amendment. Details of proposed text changes not included in this notice. Review full ordinance materials for substantive changes to planning and use regulations.,https://www.utah.gov/pmn/sitemap/notice/1069903.html,,pmn,2026-06-01T13:46:15.661261Z
pmn_1071741,South Jordan,Planning Commission,2026-04-14,Planning Commission Agenda,nan,nan,,,,,,,,,PROPOSED,,,https://www.utah.gov/pmn/sitemap/notice/1071741.html,"CITY OF SOUTH JORDAN	 
PLANNING COMMISSION MEETING AGENDA 	
CITY HALL	
TUESDAY, APRIL 14, 2026 at 6:30 PM	
Notice is hereby given that the South Jordan Planning Commission will hold a meeting at 6:30 p.m. on Tuesday, April 14, 2026. The meeting will be conducted in person in the City Council Chambers, located at 1600 W. Towne Center Drive, South Jordan, Utah, and virtually via Zoom phone and video conferencing. Persons with disabilities requesting assistance should contact the City Recorder at least 24 hours prior to the meeting. Times listed are approximate and may be accelerated or delayed.
In addition to in-person attendance, individuals may join via phone or video using Zoom. Please note that attendees joining virtually or by phone may not comment during public comment or a public hearing; to comment, individuals must attend in person.  
If the meeting is disrupted in any way deemed inappropriate by the City, the City reserves the right to immediately remove the individual(s) from the meeting and, if necessary, end virtual access to the meeting. Reasons for removal or ending virtual access include, but are not limited to, posting offensive pictures or remarks, making disrespectful statements or actions, and other actions deemed inappropriate.
To ensure that comments are received, please submit them in writing to City Planner, Greg Schindler at gschindler@sjc.utah.gov by 3:00 p.m. on the day of the meeting.
Instructions on how to join virtually are provided below.
Join South Jordan Planning Commission Electronic Meeting: 
-           Join on any device that has internet capability.
-           Zoom link, Meeting ID and Password will be provided 24 hours prior to meeting start time. 
-           Zoom instructions are posted https://www.sjc.utah.gov/254/Planning-Commission 
THE MEETING WILL BEGIN AT 6:30 P.M. AND THE AGENDA IS AS FOLLOWS:

A.	WELCOME AND ROLL CALL - Commission Chair Michele Hollist
B.	MOTION TO APPROVE AGENDA
C.	WELCOME AND ROLL CA",pmn,2026-06-01T13:46:15.661266Z
pmn_1073525_item0,South Jordan,Planning Commission,2026-04-28,Weller Detached Accessory Building Conditional Use Permit at 10672 S Bison Creek Cv.,nan,0.9,,Conditional Use Permit application for a detached accessory building at the Weller property,"10672 S Bison Creek Cv., South Jordan",,,"Mark Watson / NorthFace Construction, Inc.",,,PROPOSED,15,Case number PLCUP202500164. Conditional use permit for accessory building; minor development activity.,https://www.utah.gov/pmn/sitemap/notice/1073525.html,,pmn,2026-06-01T13:46:15.661251Z
pmn_1073525_item1,South Jordan,Planning Commission,2026-04-28,Allan Boldt Event Center Site Plan at 1188 W 10400 S,nan,0.9,COMMERCIAL_PROJECT,Site Plan review for Allan Boldt Event Center commercial facility,"1188 W 10400 S, South Jordan",,,Nichols Naylor Architects,,,PROPOSED,60,Case number PLSPR202500109. Event center development requiring site plan approval.,https://www.utah.gov/pmn/sitemap/notice/1073525.html,,pmn,2026-06-01T13:46:15.661251Z
pmn_1073525_item2,South Jordan,Planning Commission,2026-04-28,Allan Boldt Event Center Conditional Use Permit at 1188 W 10400 S,nan,0.9,COMMERCIAL_PROJECT,Conditional Use Permit for Allan Boldt Event Center,"1188 W 10400 S, South Jordan",,,Nichols Naylor Architects,,,PROPOSED,60,Case number PLCUP202600015. Companion CUP application with site plan review for same event center project.,https://www.utah.gov/pmn/sitemap/notice/1073525.html,,pmn,2026-06-01T13:46:15.661251Z
pmn_1073525_item3,South Jordan,Planning Commission,2026-04-28,The Reserve Rezone at 9633 S Temple Dr,nan,0.9,REZONE,Rezone application for The Reserve property,"9633 S Temple Dr, South Jordan",,,Derek Rindlisbacher,,,PROPOSED,75,Case number PLZBA202600048. Zone change application; potential significant development opportunity pending rezone approval.,https://www.utah.gov/pmn/sitemap/notice/1073525.html,,pmn,2026-06-01T13:46:15.661251Z
pmn_1075399,South Jordan,Planning Commission,2026-04-28,Planning Commission Agenda,nan,nan,,,,,,,,,PROPOSED,,,https://www.utah.gov/pmn/sitemap/notice/1075399.html,"CITY OF SOUTH JORDAN	 
PLANNING COMMISSION MEETING AGENDA 	
SOUTH JORDAN CITY HALL - COUNCIL CHAMBERS	
TUESDAY, APRIL 28, 2026 at 6:30 PM	
Notice is hereby given that the South Jordan Planning Commission will hold a meeting at 6:30 p.m. on Tuesday, April 28, 2025. The meeting will be conducted in person in the City Council Chambers, located at 1600 W. Towne Center Drive, South Jordan, Utah, and virtually via Zoom phone and video conferencing. Persons with disabilities requesting assistance should contact the City Recorder at least 24 hours prior to the meeting. Times listed are approximate and may be accelerated or delayed.
In addition to in-person attendance, individuals may join via phone or video using Zoom. Please note that attendees joining virtually or by phone may not comment during public comment or a public hearing; to comment, individuals must attend in person.  
If the meeting is disrupted in any way deemed inappropriate by the City, the City reserves the right to immediately remove the individual(s) from the meeting and, if necessary, end virtual access to the meeting. Reasons for removal or ending virtual access include, but are not limited to, posting offensive pictures or remarks, making disrespectful statements or actions, and other actions deemed inappropriate.
To ensure that comments are received, please submit them in writing to City Planner, Greg Schindler at gschindler@sjc.utah.gov by 3:00 p.m. on the day of the meeting. 
Instructions on how to join virtually are provided below.
Join South Jordan Planning Commission Electronic Meeting: 
-           Join on any device that has internet capability.
-           Zoom link, Meeting ID and Password will be provided 24 hours prior to meeting start time. 
-           Zoom instructions are posted https://www.sjc.utah.gov/254/Planning-Commission 
THE MEETING WILL BEGIN AT 6:30 P.M. AND THE AGENDA IS AS FOLLOWS:  
A.	WELCOME AND ROLL CALL - Commission Chair Nathan Gedge
B.	MOTION TO APPROVE ",pmn,2026-06-01T13:46:15.661246Z
pmn_1077539,South Jordan,City Council,2026-05-05,Notice of Potential Quorum,nan,nan,,,,,,,,,PROPOSED,,,https://www.utah.gov/pmn/sitemap/notice/1077539.html,"PUBLIC NOTICE Notice of Potential Quorum

South Jordan City
Mayor & City Council Members
may Attend the Following Event:

South Valley Chamber Small Business 
Glenmoor Golf Club
9800 Monroe St #806, Sandy, UT 84070
Tuesday, May 5, 2026
11:30 a.m. - 1:00 p.m.
NOTE:   'No Motions or Actions will be taken by the South Jordan Council Members attending this Event.'



CERTIFICATE OF POSTING
STATE OF UTAH		)
			: §
COUNTY OF SALT LAKE	)
	
I, Anna Crookston, the duly appointed City Recorder of South Jordan City, Utah, certify that the foregoing City Council Notice was emailed to at least one newspaper of general circulation within the geographic jurisdiction of the public body. The notice was also posted at the principal office of the public body and also posted on the Utah State Public Notice Website http://www.utah.gov/pmn/index.html and on South Jordan City's website at www.sjc.utah.gov.  Dated and posted 4th Day of May, 2026.",pmn,2026-06-01T13:46:15.660928Z
pmn_1077547,South Jordan,City Council,2026-05-08,Notice of Potential Quorum,nan,nan,,,,,,,,,PROPOSED,,,https://www.utah.gov/pmn/sitemap/notice/1077547.html,"PUBLIC NOTICE
Notice of Potential Quorum

South Jordan City
Mayor & City Council Members
may Attend the Following Event:

USU Talmage Arena Ribbon Cutting
2100 West 11400 South
South Jordan, UT 84095
Friday, May 8, 2026
4:00 - 5:00 p.m.
NOTE:   'No Motions or Actions will be taken by the South Jordan Council Members attending this Event.'



CERTIFICATE OF POSTING
STATE OF UTAH		)
			: §
COUNTY OF SALT LAKE	)
	
I, Anna Crookston, the duly appointed City Recorder of South Jordan City, Utah, certify that the foregoing City Council Notice was emailed to at least one newspaper of general circulation within the geographic jurisdiction of the public body. The notice was also posted at the principal office of the public body and also posted on the Utah State Public Notice Website http://www.utah.gov/pmn/index.html and on South Jordan City's website at www.sjc.utah.gov.  Dated and posted 4th Day of May, 2026.",pmn,2026-06-01T13:46:15.660921Z
pmn_1077051,South Jordan,Planning Commission,2026-05-12,Notice of Meeting Cancellation,nan,nan,,,,,,,,,PROPOSED,,,https://www.utah.gov/pmn/sitemap/notice/1077051.html,"NOTICE OF MEETING CANCELLATION


The regularly scheduled South Jordan City Planning Commission meeting for May 12, 2026 has been cancelled.

The next regularly scheduled meeting will be Tuesday, May 26, 2026 at 6:30 PM.",pmn,2026-06-01T13:46:15.661240Z
pmn_1081423,South Jordan,City Council,2026-05-19,City Council Meeting,nan,nan,,,,,,,,,PROPOSED,,,https://www.utah.gov/pmn/sitemap/notice/1081423.html,"CITY OF SOUTH JORDAN CITY COUNCIL MEETING AGENDA CITY COUNCIL CHAMBERS	TUESDAY, MAY 19, 2026 at 6:30 p.m.	

Notice is hereby given that the South Jordan City Council will hold a City Council meeting at 6:30 p.m. on Tuesday, May 19, 2026. The meeting will be conducted in person in the City Council Chambers, located at 1600 W. Towne Center Drive, South Jordan, Utah, and virtually via Zoom phone and video conferencing. Persons with disabilities requesting assistance should contact the City Recorder at least 24 hours prior to the meeting. The agenda may be amended, and an executive session may be held at the end of the meeting. Times listed are approximate and may be accelerated or delayed.

In addition to in-person attendance, the City intends to provide virtual access via Zoom for phone and video conferencing; however, virtual access is not guaranteed and may be limited by technical issues or connectivity constraints. Individuals may join via phone or video, using Zoom. In the event the Meeting is disrupted in any way that the City in its sole discretion deems inappropriate, the City reserves the right to immediately remove the individual(s) from the Meeting and, if needed, end virtual access to the Meeting. Reasons for removing an individual or ending virtual access to the Meeting include, but are not limited to, the posting of offensive pictures, remarks, or making offensive statements, disrespectful statements or actions, and any other action deemed inappropriate. 

Please note that attendees joining virtually or by phone may not comment during public comment or a public hearing; to comment, individuals must attend in person or submit written comments prior to the meeting. To ensure comments are received, please submit them in writing to City Recorder Anna Crookston at acrookston@sjc.utah.gov by 3:00 p.m. on the day of the meeting. 

The ability to participate virtually depends on the individual's internet connection. Instructions on how to join virtually a",pmn,2026-06-01T13:46:15.660803Z
pmn_1078949_item0,South Jordan,City Council,2026-05-19,Ordinance 2026-11: Text amendments to Planning Commission removal criteria and General Use Regulations,nan,0.9,,Text amendments to revise criteria for removal of planning commissioners and to allow text amendments for new and unlisted uses to go directly to city council without planning commission review.,,,,,,,PROPOSED,15,Procedural/administrative ordinance affecting development review processes,https://www.utah.gov/pmn/sitemap/notice/1078949.html,,pmn,2026-06-01T13:46:15.660808Z
pmn_1078949_item1,South Jordan,City Council,2026-05-19,Zoning Ordinance 2026-04-z: Rezone 10981 S Temple Drive from A-1 to R-2.5 (Brewer rezone),nan,0.9,REZONE,Rezoning of property at 10981 S Temple Drive from Agricultural (A-1) to Residential (R-2.5) zoning district. Known as Brewer rezone.,"10981 S Temple Drive, South Jordan",,,,A-1,R-2.5,PROPOSED,65,Agricultural to residential rezone suggests conversion of farmland for residential development,https://www.utah.gov/pmn/sitemap/notice/1078949.html,,pmn,2026-06-01T13:46:15.660808Z
pmn_1078949_item2,South Jordan,City Council,2026-05-19,Zoning Ordinance 2026-05-z: Rezone 9633 S Temple Drive from A-5 to R-2.5 (The Reserve Residential Rezone),nan,0.9,REZONE,Rezoning of property at 9633 S Temple Drive from Agricultural (A-5) to Residential (R-2.5) zoning district. Known as The Reserve Residential Rezone.,"9633 S Temple Drive, South Jordan",,,,A-5,R-2.5,PROPOSED,70,Agricultural to residential rezone; named project 'The Reserve' suggests master-planned residential community,https://www.utah.gov/pmn/sitemap/notice/1078949.html,,pmn,2026-06-01T13:46:15.660808Z
pmn_1082727_item0,South Jordan,City Council,2026-05-21,Ordinance 2026-11 amending Planning Commission and General Use Regulations chapters to comply with state legislation,nan,0.9,,Adoption of ordinance amending Chapters 17.16.010 (Planning Commission) and 17.18.030.010 (General Use Regulations) of South Jordan City Municipal Code to comply with changes in state legislation,,,,,,,APPROVED,0,Procedural/compliance ordinance approved 05-19-2026 by 5-0 vote,https://www.utah.gov/pmn/sitemap/notice/1082727.html,,pmn,2026-06-01T13:46:15.660797Z
pmn_1082727_item1,South Jordan,City Council,2026-05-21,Rezone 10981 S Temple Drive from A-1 Agriculture to R-2.5 Single Family Residential,nan,0.9,REZONE,Rezoning of property at 10981 S Temple Drive from A-1 (Agriculture) to R-2.5 (Single Family Residential) zone,"10981 S Temple Drive, South Jordan, UT",,,Zerin Dixon Brewer,A-1,R-2.5,APPROVED,55,Approved 05-19-2026 by 5-0 vote. Agricultural land converted to single family residential zoning.,https://www.utah.gov/pmn/sitemap/notice/1082727.html,,pmn,2026-06-01T13:46:15.660797Z
pmn_1082603,South Jordan,City Council,2026-05-25,Notice of Potential Quorum,nan,nan,,,,,,,,,PROPOSED,,,https://www.utah.gov/pmn/sitemap/notice/1082603.html,"PUBLIC NOTICE
Notice of Potential Quorum

South Jordan City
Mayor & City Council Members
may Attend the Following Event:

Memorial Day Program
South Jordan City Cemetery 
10630 South 1055 West 
South Jordan, UT 84095
Monday, May 25, 2026
11:30 a.m. to 12:30 p.m.
NOTE:   'No Motions or Actions will be taken by the South Jordan Council Members attending this Event.'


CERTIFICATE OF POSTING
STATE OF UTAH		)
			: §
COUNTY OF SALT LAKE	)
	
I, Anna Crookston, the duly appointed City Recorder of South Jordan City, Utah, certify that the foregoing City Council Notice was emailed to at least one newspaper of general circulation within the geographic jurisdiction of the public body. The notice was also posted at the principal office of the public body and also posted on the Utah State Public Notice Website http://www.utah.gov/pmn/index.html and on South Jordan City's website at www.sjc.utah.gov.  Dated and posted 20th Day of May, 2026.",pmn,2026-06-01T13:46:15.660791Z
pmn_1080751_item0,South Jordan,Planning Commission,2026-05-26,Veendendaal Garage Conditional Use Permit at 11739 S 1220 W,nan,0.9,DEVELOPER_ACTIVITY,Conditional Use Permit application for a garage use at the specified address. Applicant Chip Galloway is seeking approval for this conditional use.,"11739 S 1220 W, South Jordan",,,Chip Galloway,,,PROPOSED,15,Conditional Use Permit application (PLCUP202600078). Garage use typically requires CUP in residential zones. Low growth impact.,https://www.utah.gov/pmn/sitemap/notice/1080751.html,,pmn,2026-06-01T13:46:15.661235Z
pmn_1080751_item1,South Jordan,Planning Commission,2026-05-26,Ordinance 2026-15 - Water Share Exactions Municipal Code Amendment,nan,0.9,INFRASTRUCTURE,City of South Jordan proposing amendment to Section 16.04.320 of Municipal Code regarding water share exactions. This involves modifications to development impact fees or requirements related to water shares.,,,,City of South Jordan,,,PROPOSED,45,Code amendment affecting infrastructure exaction requirements city-wide. Water share exactions are standard development impact fees in Utah and affect project feasibility and costs.,https://www.utah.gov/pmn/sitemap/notice/1080751.html,,pmn,2026-06-01T13:46:15.661235Z
pmn_1083033,South Jordan,Planning Commission,2026-05-26,South Jordan Planning Commission Meeting,nan,nan,,,,,,,,,PROPOSED,,,https://www.utah.gov/pmn/sitemap/notice/1083033.html,"Planning Commission Meeting CITY OF SOUTH JORDAN PLANNING COMMISSION MEETING AGENDA
CITY HALL
TUESDAY, MAY 26, 2026 at 6:30 PM

Notice is hereby given that the South Jordan Planning Commission will hold a meeting at 6:30 p.m. on Tuesday, May 26, 2026. The meeting will be conducted in person in the City Council Chambers, located at 1600 W. Towne Center Drive, South Jordan, Utah, and virtually via Zoom phone and video conferencing. Persons with disabilities requesting assistance should contact the City Recorder at least 24 hours prior to the meeting. Times listed are approximate and may be accelerated or delayed.

In addition to in-person attendance, individuals may join via phone or video using Zoom. Please note that attendees joining virtually or by phone may not comment during public comment or a public hearing; to comment, individuals must attend in person. If the meeting is disrupted in any way deemed inappropriate by the City, the City reserves the right to immediately remove the individual(s) from the meeting and, if necessary, end virtual access to the meeting. Reasons for removal or ending virtual access include, but are not limited to, posting offensive
pictures or remarks, making disrespectful statements or actions, and other actions deemed inappropriate.

To ensure that comments are received, please submit them in writing to City Planner, Greg Schindler at gschindler@sjc.utah.gov by 3:00 p.m. on the day of the meeting.

Instructions on how to join virtually are provided below.
Join South Jordan Planning Commission Electronic Meeting:
- Join on any device that has internet capability.
- Zoom link, Meeting ID and Password will be provided 24 hours prior to meeting start time.
- Zoom instructions are posted https://www.sjc.utah.gov/254/Planning-Commission

THE MEETING WILL BEGIN AT 6:30 P.M. AND THE AGENDA IS AS FOLLOWS:
A. WELCOME AND ROLL CALL - Commission Chair Nathan Gedge
B. MOTION TO APPROVE AGENDA
C. APPROVAL OF THE MINUTES
C.1. Ap",pmn,2026-06-01T13:46:15.661230Z
pmn_1083841,South Jordan,City Council,2026-05-29,Notice of Potential Quorum,nan,nan,,,,,,,,,PROPOSED,,,https://www.utah.gov/pmn/sitemap/notice/1083841.html,"PUBLIC NOTICE
Notice of Potential Quorum

South Jordan City
Mayor & City Council Members
may Attend the Following Event:

SoJo Baseball Closing Ceremony
South Jordan City Park Baseball Complex 
11000 S. Redwood Road
South Jordan, UT 84095
Friday, May 29, 2026
6:00 to 8:30 p.m.

NOTE:   'No Motions or Actions will be taken by the South Jordan Council Members attending this Event.'

CERTIFICATE OF POSTING
STATE OF UTAH		)
			: §
COUNTY OF SALT LAKE	)
	
I, Anna Crookston, the duly appointed City Recorder of South Jordan City, Utah, certify that the foregoing City Council Notice was emailed to at least one newspaper of general circulation within the geographic jurisdiction of the public body. The notice was also posted at the principal office of the public body and also posted on the Utah State Public Notice Website http://www.utah.gov/pmn/index.html and on South Jordan City's website at www.sjc.utah.gov.  Dated and posted 27th Day of May, 2026.",pmn,2026-06-01T13:46:15.660785Z
pmn_1084255,South Jordan,City Council,2026-06-02,"City Council Study Meeting scheduled for June 2, 2026, at 4:30 p.m. has been CANCELED",nan,nan,,,,,,,,,PROPOSED,,,https://www.utah.gov/pmn/sitemap/notice/1084255.html,"CITY OF SOUTH JORDAN CITY COUNCIL STUDY MEETING

NOTICE IS HEREBY GIVEN, the City Council Study Meeting scheduled for June 2, 2026, at 4:30 p.m. has been CANCELED.

The next City Council Study Meeting is scheduled for June 16, 2026.

I, Anna Crookston, the duly appointed City Recorder of South Jordan City, Utah, certify that the foregoing City Council Notice was emailed to at least one newspaper of general circulation within the geographic jurisdiction of the public body. The agenda was also posted at the principal office of the public body and also posted on the Utah State Public Notice Website http://www.utah.gov/pmn/index.html and on South Jordan City's website at www.sjc.utah.gov. Published and posted May 28, 2026.",pmn,2026-06-01T13:46:15.660776Z
pmn_1084955,South Jordan,City Council,2026-06-02,Combined City Council & Redevelopment Agency Meeting,nan,nan,,,,,,,,,PROPOSED,,,https://www.utah.gov/pmn/sitemap/notice/1084955.html,"CITY OF SOUTH JORDAN	 
COMBINED CITY COUNCIL & 
REDEVELOPMENT AGENCY MEETING AGENDA 	
CITY COUNCIL CHAMBERS	
TUESDAY, JUNE 02, 2026 at 6:30 p.m.	
Notice is hereby given that the South Jordan City Council will hold a Combined City Council and Redevelopment Agency meeting at 6:30 p.m. on Tuesday, June 2, 2026. The meeting will be conducted in person in the City Council Chambers, located at 1600 W. Towne Center Drive, South Jordan, Utah, and virtually via Zoom phone and video conferencing. Persons with disabilities requesting assistance should contact the City Recorder at least 24 hours prior to the meeting. The agenda may be amended, and an executive session may be held at the end of the meeting. Times listed are approximate and may be accelerated or delayed.
In addition to in-person attendance, the City intends to provide virtual access via Zoom for phone and video conferencing; however, virtual access is not guaranteed and may be limited by technical issues or connectivity constraints. Individuals may join via phone or video, using Zoom. In the event the Meeting is disrupted in any way that the City in its sole discretion deems inappropriate, the City reserves the right to immediately remove the individual(s) from the Meeting and, if needed, end virtual access to the Meeting. Reasons for removing an individual or ending virtual access to the Meeting include, but are not limited to, the posting of offensive pictures, remarks, or making offensive statements, disrespectful statements or actions, and any other action deemed inappropriate. 
Please note that attendees joining virtually or by phone may not comment during public comment or a public hearing; to comment, individuals must attend in person or submit written comments prior to the meeting. To ensure comments are received, please submit them in writing to City Recorder Anna Crookston at acrookston@sjc.utah.gov by 3:00 p.m. on the day of the meeting. 
The ability to participate virtually depends on the indi",pmn,2026-06-01T13:46:15.660732Z
pmn_1082983_item0,South Jordan,City Council,2026-06-02,"Ordinance 2026-15, Amending 16.04.320 Water Shares Required",nan,0.9,INFRASTRUCTURE,"Amendment to municipal code regarding water share requirements, likely related to development impact fees or water availability for new projects",,,,,,,PROPOSED,35,Procedural/policy item affecting development infrastructure requirements,https://www.utah.gov/pmn/sitemap/notice/1082983.html,,pmn,2026-06-01T13:46:15.660747Z
pmn_1082983_item1,South Jordan,City Council,2026-06-02,The Reserve Residential Rezone at 9633 S Temple Dr,nan,0.9,REZONE,Residential rezone application for The Reserve development project,"9633 S Temple Drive, South Jordan, Utah",,,Derek Rindlisbacher,,,PROPOSED,72,"Residential development rezone; applicant Derek Rindlisbacher; project name 'The Reserve'; public hearing scheduled for June 2, 2026",https://www.utah.gov/pmn/sitemap/notice/1082983.html,,pmn,2026-06-01T13:46:15.660747Z
pmn_1082981,South Jordan,City Council,2026-06-02,Notice of Public Hearing,nan,nan,,,,,,,,,PROPOSED,,,https://www.utah.gov/pmn/sitemap/notice/1082981.html,"CITY OF SOUTH JORDAN
NOTICE OF PUBLIC HEARING
Notice is hereby given that the South Jordan City Council will hold a public hearing on Tuesday, June 2, 2026 at 6:30 p.m., to receive comment regarding the Budget of South Jordan City for fiscal year 2026-2027. 
The hearing will be held in the City Council Chambers at South Jordan City Hall, 1600 West Towne Center Drive and also electronically via Zoom.us phone and video conferencing. Citizens of South Jordan City are invited to offer oral comments and questions during the hearing regarding the Budget. Written statements may be submitted prior to the hearing date to the Recorder's Office. Copies of the Budget will be available beginning May 22, 2026, between the hours of 8:00 am and 5:00 pm, Monday through Thursday, and 8:00 am to 12:00 pm on Friday at the Recorder's Office, 1600 West Towne Center Drive and online at www.sjc.utah.gov. 

All those who desire to attend the meeting electronically, please visit www.sjc.utah.gov/241/City-Council for further instructions.",pmn,2026-06-01T13:46:15.660754Z
pmn_1082979,South Jordan,City Council,2026-06-02,Notice of Public Hearing,nan,nan,,,,,,,,,PROPOSED,,,https://www.utah.gov/pmn/sitemap/notice/1082979.html,"CITY OF SOUTH JORDAN
NOTICE OF PUBLIC HEARING
Notice is hereby given that the South Jordan City Council will hold a public hearing on Tuesday, June 2, 2026 at 6:30 p.m., to receive comment regarding the proposed compensation increases for specific City Officers. 
The hearing will be held in the City Council Chambers at South Jordan City Hall, 1600 West Towne Center Drive and also electronically via Zoom.us phone and video conferencing. Citizens of South Jordan City are invited to offer oral comments and questions during the hearing regarding the Budget. Written statements may be submitted prior to the hearing date to the Recorder's Office. Information regarding the increases will be available beginning May 22, 2026, between the hours of 8:00 am and 5:00 pm, Monday through Thursday, and 8:00 am to 12:00 pm on Friday at the Recorder's Office, 1600 West Towne Center Drive and online at www.sjc.utah.gov. 

All those who desire to attend the meeting electronically, please visit www.sjc.utah.gov/241/City-Council for further instructions.",pmn,2026-06-01T13:46:15.660770Z
pmn_1084671,South Jordan,Planning Commission,2026-06-09,Notice of Meeting Cancellation,nan,nan,,,,,,,,,PROPOSED,,,https://www.utah.gov/pmn/sitemap/notice/1084671.html,"NOTICE OF MEETING CANCELLATION


The regularly scheduled South Jordan City Planning Commission meeting for June 9, 2026 has been cancelled.

The next regularly scheduled meeting will be Tuesday, June 23, 2026 at 6:30 PM.",pmn,2026-06-01T13:46:15.661221Z
pmn_1042125_item0,Spanish Fork,Planning Commission,2025-12-03,Giles Zone Change from R-1-6 to R-3 with Infill Overlay for duplex at 32 North 200 East,nan,0.9,REZONE,Zone change proposal to convert R-1-6 (single-family residential) to R-3 (multi-family residential) with Infill Overlay designation to enable duplex development,"32 North 200 East, Spanish Fork, Utah",,2,,R-1-6,R-3 with Infill Overlay,PROPOSED,65,Infill overlay suggests city is targeting redevelopment/densification in existing neighborhoods rather than greenfield expansion,https://www.utah.gov/pmn/sitemap/notice/1042125.html,,pmn,2026-06-01T13:46:15.665183Z
pmn_1042125_item1,Spanish Fork,Planning Commission,2025-12-03,Swenson Property Zone Change from R-R Rural Residential to I-1 Light Industrial at 1730 West SR-77,nan,0.9,REZONE,Zone change proposal to convert Rural Residential zoning to Light Industrial to facilitate industrial development,"1730 West SR-77, Spanish Fork, Utah",,,,R-R Rural Residential,I-1 Light Industrial,PROPOSED,75,Highway-adjacent light industrial zone change; potential flex space or contractor opportunity; conversion from rural to industrial use,https://www.utah.gov/pmn/sitemap/notice/1042125.html,,pmn,2026-06-01T13:46:15.665183Z
pmn_1042125_item2,Spanish Fork,Planning Commission,2025-12-03,Water Use & Conservation Element of the General Plan Amendment,nan,0.9,GENERAL_PLAN_AMENDMENT,General Plan amendment addressing water use and conservation policies and standards for future development,,,,,,,PROPOSED,30,Policy-level amendment affecting development standards citywide; likely to impact project feasibility and infrastructure requirements,https://www.utah.gov/pmn/sitemap/notice/1042125.html,,pmn,2026-06-01T13:46:15.665183Z
pmn_1056677_item0,Spanish Fork,Planning Commission,2026-02-04,Chicken Processing Facility Conditional Use Permit at 3500 North 1150 West,nan,0.9,COMMERCIAL_PROJECT,Request for Conditional Use Permit to allow a chicken processing facility to operate at the specified location,3500 North 1150 West,,,,,,PROPOSED,35,Agricultural/industrial use; conditional use permit indicates property may not be currently zoned for this use,https://www.utah.gov/pmn/sitemap/notice/1056677.html,,pmn,2026-06-01T13:46:15.665180Z
pmn_1056677_item1,Spanish Fork,Planning Commission,2026-02-04,Let Them Grow Montessori Preschool Enhancement Overlay Zone Change at 75 West 300 North,nan,0.9,REZONE,Zone change to apply Development Enhancement Overlay to accommodate a preschool facility,75 West 300 North,,,Let Them Grow Montessori Preschool,,Development Enhancement Overlay,PROPOSED,25,Educational/institutional use; overlay zone application suggests conditional development requirements,https://www.utah.gov/pmn/sitemap/notice/1056677.html,,pmn,2026-06-01T13:46:15.665180Z
pmn_1056677_item2,Spanish Fork,Planning Commission,2026-02-04,Title 15 Amendment - Old Dominion Fencing Requirements,nan,0.9,GENERAL_PLAN_AMENDMENT,Proposed amendment to City's fencing requirements code,,,,,,,PROPOSED,10,Code amendment affecting fencing standards; likely responds to specific development or neighborhood concern,https://www.utah.gov/pmn/sitemap/notice/1056677.html,,pmn,2026-06-01T13:46:15.665180Z
pmn_1056677_item3,Spanish Fork,Planning Commission,2026-02-04,Title 15 Amendment - Temporary Storage Yard Fencing Requirements,nan,0.9,GENERAL_PLAN_AMENDMENT,Proposed amendment to City's fencing requirements for outdoor storage yards,,,,,,,PROPOSED,15,Code amendment affecting outdoor storage screening; may facilitate industrial/flex space development,https://www.utah.gov/pmn/sitemap/notice/1056677.html,,pmn,2026-06-01T13:46:15.665180Z
pmn_1056677_item4,Spanish Fork,Planning Commission,2026-02-04,General Plan Update - Land Use Element Amendment,nan,0.9,GENERAL_PLAN_AMENDMENT,Updated Land Use Element of the General Plan (full text truncated in agenda),,,,,,,PROPOSED,50,Comprehensive general plan update; foundational document affecting all future development,https://www.utah.gov/pmn/sitemap/notice/1056677.html,,pmn,2026-06-01T13:46:15.665180Z
pmn_1062915_item0,Spanish Fork,Planning Commission,2026-03-04,Tietjen Subdivision - Preliminary Plat approval for 11-lot residential subdivision,nan,0.9,NEW_SUBDIVISION,Approval of a Preliminary Plat for a standard residential subdivision with 11 lots,2850 East 700 South,,11,,,,PROPOSED,35,Standard residential subdivision; relatively small project,https://www.utah.gov/pmn/sitemap/notice/1062915.html,,pmn,2026-06-01T13:46:15.665177Z
pmn_1062915_item1,Spanish Fork,Planning Commission,2026-03-04,The Villas at Annie's Acres Subdivision - Amended Preliminary Plat with MPD Overlay for 111 units,nan,0.9,LARGE_PROJECT,Amended approval for a Preliminary Plat with Master Planned Development Overlay for 111 residential units,1172 South Bradford Lane,,111,,,,PROPOSED,75,Large residential project with MPD overlay; amended preliminary plat indicates prior approvals being modified,https://www.utah.gov/pmn/sitemap/notice/1062915.html,,pmn,2026-06-01T13:46:15.665177Z
pmn_1062915_item2,Spanish Fork,Planning Commission,2026-03-04,The Villas at Annie's Acres Zone Change - R-R to R-1-6 with MPD Overlay,nan,0.9,REZONE,Zoning change from R-R (Rural Residential) to R-1-6 (Residential) with Master Planned Development Overlay to accommodate residential subdivision,1172 South Bradford Lane,,,,R-R,R-1-6,PROPOSED,70,Rezoning tied to Villas at Annie's Acres subdivision project; upzoning from rural to urban residential,https://www.utah.gov/pmn/sitemap/notice/1062915.html,,pmn,2026-06-01T13:46:15.665177Z
pmn_1067637_item0,Spanish Fork,City Council,2026-03-24,Stockman Flats Public Infrastructure District (PID) review and discussion,nan,0.9,INFRASTRUCTURE,"Work session discussion of Stockman Flats Public Infrastructure District, likely related to infrastructure planning or utility improvements for the Stockman Flats area",,,,,,,PROPOSED,35,PID formation typically precedes infrastructure development; details on scope and project area not provided in agenda excerpt,https://www.utah.gov/pmn/sitemap/notice/1067637.html,,pmn,2026-06-01T13:46:15.664093Z
pmn_1063127_item0,Spanish Fork,City Council,2026-03-24,Disposition of 4.849 acres of City Property at 1300 S Main Street,nan,0.9,DEVELOPER_ACTIVITY,"City Council public hearing and consideration of disposition (sale or transfer) of approximately 4.849 acres of City-owned property located at 1300 S Main Street, Spanish Fork.","1300 S Main Street, Spanish Fork, Utah",4.849,,,,,PROPOSED,60,City property disposition typically precedes development activity. Contact Tyler Jacobson (801.804.4508) for details on intended use and buyer qualifications.,https://www.utah.gov/pmn/sitemap/notice/1063127.html,"{""parcel_ids"": [""25:028:0111""]}",pmn,2026-06-01T13:46:15.664090Z
pmn_1069033_item0,Spanish Fork,Planning Commission,2026-04-01,Andy Ridge Subdivision Preliminary Plat - 418 West Quail Run Road,nan,0.9,NEW_SUBDIVISION,Preliminary Plat approval for a standard subdivision with six single-family residential lots,"418 West Quail Run Road, Spanish Fork, Utah",,6,,,,PROPOSED,45,Six-lot residential subdivision; zoning change also being considered separately,https://www.utah.gov/pmn/sitemap/notice/1069033.html,,pmn,2026-06-01T13:46:15.665174Z
pmn_1069033_item1,Spanish Fork,Planning Commission,2026-04-01,Andy Ridge Zone Change from R-R to R-1-12 - 418 West Quail Run Road,nan,0.9,REZONE,Zone change from Rural Residential (R-R) to R-1-12 to allow development of a standard subdivision with six residential lots,"418 West Quail Run Road, Spanish Fork, Utah",,6,,R-R,R-1-12,PROPOSED,55,Public hearing item; paired with preliminary plat approval for same project,https://www.utah.gov/pmn/sitemap/notice/1069033.html,,pmn,2026-06-01T13:46:15.665174Z
pmn_1069033_item2,Spanish Fork,Planning Commission,2026-04-01,Hales 2-Lot Infill Zone Change - 208 North 600 East,nan,0.9,REZONE,Zone change to apply Infill Overlay to R-1-6 Zone to allow development of two single-family residences with modified setbacks,"208 North 600 East, Spanish Fork, Utah",,2,,R-1-6,R-1-6 with Infill Overlay,PROPOSED,35,Public hearing item; infill project with modified setbacks to accommodate two lots on existing property,https://www.utah.gov/pmn/sitemap/notice/1069033.html,,pmn,2026-06-01T13:46:15.665174Z
pmn_1069033_item3,Spanish Fork,Planning Commission,2026-04-01,Title 15 Amendments,nan,0.9,,Various modifications to Title 15 (municipal code),,,,,,,PROPOSED,20,Public hearing item; specific amendments not detailed in agenda text provided,https://www.utah.gov/pmn/sitemap/notice/1069033.html,,pmn,2026-06-01T13:46:15.665174Z
pmn_1070257,Spanish Fork,City Council,2026-04-07,Spanish Fork City Council,nan,nan,,,,,,,,,PROPOSED,,,https://www.utah.gov/pmn/sitemap/notice/1070257.html,"Tuesday, April 7, 2026
Spanish Fork City Council Meeting
CITY COUNCIL AGENDA
PUBLIC NOTICE is hereby given that the City Council of Spanish Fork, Utah, will hold a public meeting on April 7, 2026 in the Council Chambers, located on the second floor of Library Hall, 80 South Main Street.

-A Work Session Meeting will begin at 4:30 pm in the Explorer Room.
-City Council Meeting will begin at 6:00 pm in the Council Chambers.

Notice is hereby given that:
-In the event of an absence of a quorum, agenda items will be continued to the next regularly scheduled meeting.
-By motion of the Spanish Fork City Council, pursuant to Title 52, Chapter 4 of the Utah Code, the City Council may vote to hold a closed meeting for any of the purposes identified in that Chapter.
- Electronic Participation: Members of the City Council and City Staff may participate by phone, zoom, or other electronic means.

SPANISH FORK CITY does not discriminate on the basis of race, color, national origin, sex, religion, age or disability in the employment or the provision of services. The public is invited to participate in all Spanish Fork City Council Meetings located at 80 South Main Street, Utah 84660. If you need special accommodation to participate in the meeting, please contact the City Manager's Office at 801-804-4530

1. 4:30 pm WORK MEETING - No formal actions are taken in a work session.
A. Budget
B. Report on Research Trip

2. 6:00pm CITY COUNCIL MEETING
3. CALL TO ORDER, PLEDGE, OPENING CEREMONY, RECOGNITIONS
A. Prayer & Motivational Message
B. Pledge, led by invitation
C. Ceremonial Oath of Office
D. Follow-up to Previous Comments

4. PUBLIC COMMENTS: In order to be considerate of everyone attending the meeting and to more closely follow the published agenda times, public comment will be limited to three minutes per person - A spokesperson who has been asked by a group to summarize their concerns will be allowed five minutes to speak - Comments which cannot be ma",pmn,2026-06-01T13:46:15.664084Z
pmn_1068225_item0,Spanish Fork,City Council,2026-04-07,Disposition of up to 1.8 acres of City Property at 1172 South Bradford Lane,nan,0.9,DEVELOPER_ACTIVITY,"City Council public hearing regarding the disposition (sale or transfer) of approximately 1.8 acres of City-owned property located at 1172 South Bradford Lane, Spanish Fork. This is a portion of Utah County Parcel #27:041:0035.","1172 South Bradford Lane, Spanish Fork, Utah",1.8,,,,,PROPOSED,35,City property disposition - potential development opportunity depending on buyer/intended use. Contact Travis Warren at 801.804.4557 or twarren@spanishfork.gov for details.,https://www.utah.gov/pmn/sitemap/notice/1068225.html,"{""parcel_ids"": [""27:041:0035""]}",pmn,2026-06-01T13:46:15.664087Z
pmn_1073721,Spanish Fork,City Council,2026-04-21,Spanish Fork City Council,nan,nan,,,,,,,,,PROPOSED,,,https://www.utah.gov/pmn/sitemap/notice/1073721.html,"Tuesday, April 21, 2026
Spanish Fork City Council Meeting

CITY COUNCIL AGENDA
PUBLIC NOTICE is hereby given that the City Council of Spanish Fork, Utah, will hold a public meeting on April 21, 2026 in the Council Chambers, located on the second floor of Library Hall, 80 South Main Street.

-A Work Session Meeting will begin at 4:30 pm in the Explorer Room.
-City Council Meeting will begin at 6:00 pm in the Council Chambers.

Notice is hereby given that:
-In the event of an absence of a quorum, agenda items will be continued to the next regularly scheduled meeting.
-By motion of the Spanish Fork City Council, pursuant to Title 52, Chapter 4 of the Utah Code, the City Council may vote to hold a closed meeting for any of the purposes identified in that Chapter.
- Electronic Participation: Members of the City Council and City Staff may participate by phone, zoom, or other electronic means.

SPANISH FORK CITY does not discriminate on the basis of race, color, national origin, sex, religion, age or disability in the employment or the provision of services. The public is invited to participate in all Spanish Fork City Council Meetings located at 80 South Main Street, Utah 84660. If you need special accommodation to participate in the meeting, please contact the City Manager's Office at 801-804-4530

1. 4:30 pm WORK MEETING - No formal actions are taken in a work session.
A. Budget
B. Self-generation Power Projects

2. 6:00pm CITY COUNCIL MEETING
3. CALL TO ORDER, PLEDGE, OPENING CEREMONY, RECOGNITIONS
A. Prayer & Motivational Message
B. Pledge, led by invitation

4. PUBLIC COMMENTS: In order to be considerate of everyone attending the meeting and to more closely follow the published agenda times, public comment will be limited to three minutes per person - A spokesperson who has been asked by a group to summarize their concerns will be allowed five minutes to speak - Comments which cannot be made within these limits should be submitted in writing.",pmn,2026-06-01T13:46:15.664081Z
pmn_1077015,Spanish Fork,City Council,2026-05-05,Spanish Fork City Council and Redevelopment Agency & Local Building Authority,nan,nan,,,,,,,,,PROPOSED,,,https://www.utah.gov/pmn/sitemap/notice/1077015.html,"Tuesday, May 5, 2026
Spanish Fork City Council, Local Building Authority, and Redevelopment Agency Meeting

CITY COUNCIL AGENDA
PUBLIC NOTICE is hereby given that the City Council, Local Building Authority, and Redevelopment Agency of Spanish Fork, Utah, will hold a public meeting on May 5, 2026 in the Council Chambers, located on the second floor of Library Hall, 80 South Main Street.

-A Work Session Meeting will begin at 4:30 pm in the Explorer Room.
-City Council Meeting will begin at 6:00 pm in the Council Chambers.
Notice is hereby given that:
-In the event of an absence of a quorum, agenda items will be continued to the next regularly scheduled meeting.
-By motion of the Spanish Fork City Council, pursuant to Title 52, Chapter 4 of the Utah Code, the City Council may vote to hold a closed meeting for any of the purposes identified in that Chapter.
- Electronic Participation: Members of the City Council and City Staff may participate by phone, zoom, or other electronic means.

SPANISH FORK CITY does not discriminate on the basis of race, color, national origin, sex, religion, age or disability in the employment or the provision of services. The public is invited to participate in all Spanish Fork City Council Meetings located at 80 South Main Street, Utah 84660. If you need special accommodation to participate in the meeting, please contact the City Manager's Office at 801-804-4530
1. 4:30 pm WORK MEETING - No formal actions are taken in a work session.
A. Resident Satisfaction Survey Results
B. Budget

2. 6:00pm CITY COUNCIL MEETING
3. CALL TO ORDER, PLEDGE, OPENING CEREMONY, RECOGNITIONS
A. Prayer & Motivational Message
B. Pledge, led by invitation
C. Recognitions

4. PUBLIC COMMENTS: In order to be considerate of everyone attending the meeting and to more closely follow the published agenda times, public comment will be limited to three minutes per person - A spokesperson who has been asked by a group to summarize their concerns will",pmn,2026-06-01T13:46:15.664078Z
pmn_1076953_item0,Spanish Fork,Planning Commission,2026-05-06,Thomas Multi-Family Concept Review,nan,0.9,LARGE_PROJECT,Work session concept review for a multi-family residential development project,,,,Thomas,,,PROPOSED,65,Early stage concept review in work session; no formal action taken,https://www.utah.gov/pmn/sitemap/notice/1076953.html,,pmn,2026-06-01T13:46:15.665171Z
pmn_1076953_item1,Spanish Fork,Planning Commission,2026-05-06,Station 61 - Argyle Substation Zone Change at 137 West Center Street,nan,0.9,REZONE,Zone change from R-O and R-1-6 to P-F (Public Facilities) to accommodate development of a new City Fire Station and power substation,"137 West Center Street, Spanish Fork",,,,"R-O, R-1-6",P-F,PROPOSED,30,Municipal infrastructure project; public hearing scheduled,https://www.utah.gov/pmn/sitemap/notice/1076953.html,,pmn,2026-06-01T13:46:15.665171Z
pmn_1076953_item2,Spanish Fork,Planning Commission,2026-05-06,Arrowhead Commercial Zone Change at 450 West 1675 South,nan,0.9,REZONE,Zone change from R-1-12 (residential) to C-2 General Commercial for commercial development,"450 West 1675 South, Spanish Fork",,,Arrowhead Commercial,R-1-12,C-2,PROPOSED,75,Residential-to-commercial conversion; public hearing scheduled,https://www.utah.gov/pmn/sitemap/notice/1076953.html,,pmn,2026-06-01T13:46:15.665171Z
pmn_1076953_item3,Spanish Fork,Planning Commission,2026-05-06,Maverik Convenience Store Signage Plan at 1399 North Main Street,signage,0.9,,Approval of signage plan for a Maverik convenience store location,"1399 North Main Street, Spanish Fork",,,Maverik,,,PROPOSED,10,Signage-only approval for existing or approved commercial use,https://www.utah.gov/pmn/sitemap/notice/1076953.html,,pmn,2026-06-01T13:46:15.665171Z
pmn_1076953_item4,Spanish Fork,Planning Commission,2026-05-06,Doug Smith Project Signage Plan for Auto Dealership at 200 East 2940 North,signage,0.9,,Approval of signage plan for a proposed auto dealership,"200 East 2940 North, Spanish Fork",,,Doug Smith,,,PROPOSED,15,Signage-only approval for proposed auto dealership use,https://www.utah.gov/pmn/sitemap/notice/1076953.html,,pmn,2026-06-01T13:46:15.665171Z
pmn_1079665_item0,Spanish Fork,Planning Commission,2026-05-12,Heritage Community concept presentation,nan,0.9,DEVELOPER_ACTIVITY,Concept presentation of Heritage Community project to City Council and Planning Commission in joint work session,,,,Heritage Community,,,PROPOSED,45,Work session format; no formal action taken. Early-stage concept presentation indicates developer activity in Spanish Fork.,https://www.utah.gov/pmn/sitemap/notice/1079665.html,,pmn,2026-06-01T13:46:15.665169Z
pmn_1080923,Spanish Fork,City Council,2026-05-19,Spanish Fork City Council,nan,nan,,,,,,,,,PROPOSED,,,https://www.utah.gov/pmn/sitemap/notice/1080923.html,"Tuesday, May 19, 2026
Spanish Fork City Council Meeting
CITY COUNCIL AGENDA

PUBLIC NOTICE is hereby given that the City Council of Spanish Fork, Utah, will hold a public meeting on May 19, 2026 in the Council Chambers, located on the second floor of Library Hall, 80 South Main Street.

-A Work Session Meeting will begin at 5:00 pm in the Explorer Room.
-City Council Meeting will begin at 6:00 pm in the Council Chambers.

Notice is hereby given that:
-In the event of an absence of a quorum, agenda items will be continued to the next regularly scheduled meeting.
-By motion of the Spanish Fork City Council, pursuant to Title 52, Chapter 4 of the Utah Code, the City Council may vote to hold a closed meeting for any of the purposes identified in that Chapter.
- Electronic Participation: Members of the City Council and City Staff may participate by phone, zoom, or other electronic means.

SPANISH FORK CITY does not discriminate on the basis of race, color, national origin, sex, religion, age or disability in the employment or the provision of services. The public is invited to participate in all Spanish Fork City Council Meetings located at 80 South Main Street, Utah 84660. If you need special accommodation to participate in the meeting, please contact the City Manager's Office at 801-804-4530

1. 5:00 pm WORK MEETING
A. Budget Document

B. Adjourn to a Closed Meeting
2. ADJOURN TO CLOSED MEETING If Needed-The Spanish Fork City Council may temporarily recess the regular meeting and convene in a closed session to discuss (a) discussion of the character, professional competence, or physical or mental health of an individual (b) strategy sessions to discuss collective bargaining, (c) strategy sessions to discuss pending or reasonably imminent litigation, (d) strategy sessions to discuss the purchase, exchange, or lease of real property, including any form of a water right or water shares, or to discuss a proposed development agreement, project proposal, ",pmn,2026-06-01T13:46:15.664075Z
pmn_1083409,Spanish Fork,City Council,2026-06-02,Spanish Fork City Council Notice of the Fiscal Year 2027 Budget Public Hearing,nan,nan,,,,,,,,,PROPOSED,,,https://www.utah.gov/pmn/sitemap/notice/1083409.html,"NOTICE OF THE FISCAL YEAR 2027 BUDGET PUBLIC HEARING  
A Public Hearing for the Spanish Fork City Fiscal Year 2027 Budget will be held before the Spanish Fork City Council on June 2nd, 2026 at 6:00 P.M. This hearing is to receive public comment for the following items:
 1) The proposed Budget for Fiscal Year 2027
Revenues, expenditures, and transfers for all funds;
Donations in the form of cash and fee waivers;
All fees and utility rates schedule; 
This will be held in the Spanish Fork City Council Chambers at 6 pm located at 80 S Main Street, Spanish Fork, Utah. All interested residents are invited to attend.
If you need special accommodation to participate in the meeting please contact the City Manager's office, 801-804-4530.
This was published on the Utah Public Notice Website, the City Website, and posted at the Parks and Recreation, Library Hall, and City Hall buildings by the City Recorder on 05-26-2026",pmn,2026-06-01T13:46:15.664072Z
pmn_1083411,Spanish Fork,City Council,2026-06-02,Spanish Fork City Council Notice to Spanish Fork City Utility Customers 2027,nan,nan,,,,,,,,,PROPOSED,,,https://www.utah.gov/pmn/sitemap/notice/1083411.html,"NOTICE TO SPANISH FORK CITY UTILITY CUSTOMERS

State law requires that the City provide an annual disclosure on funds transferred from a utility enterprise fund to any other fund. The City has budgeted the following transfers. 

The City of Spanish Fork has budgeted for the transfer from each utility fund to the general fund as a dividend to Spanish Fork taxpayers. This dividend is the result of the rate payers' investment in the City's utility infrastructure. These funds are used each year to help cover costs of important city services like police, fire, library, senior center, parks and recreation, and other city functions. The utility transfer helps keep property taxes low in Spanish Fork. If City utility services were provided by private utility vendors, these dividends would instead be paid to the private investor-owners. Because Spanish Fork residents are the investor-owners, these dividends are used to offset what otherwise would be a significant increase in property tax rates. These transfers are of funds which cannot be defined as a reasonable allocation of costs between funds. These amounts will not be repaid. 

The amounts of the transfers are as follows:	Dollar Amount          	% of Expenditures 
From the Power Fund to the General Fund	$ 1,310,000	  3.3 % From the Water Fund to the General Fund 	$ 352,000		2.6 % 
From the Sewer Fund to the General Fund	$ 152,000	0.9 %
From the Solid Waste Fund to the General Fund 	$ 50,000 	 1.3 % 
From the Broadband Fund to the General Fund 	$ 633,171 	  5.7 % 

Spanish Fork City also has a debt obligation that the Power Fund is helping make payments on. The funds are to pay for the Justice Center (Police/Court Building). This transfer is for funds which cannot be defined as a reasonable allocation of costs between funds. These amounts will not be repaid. 

The amount of this transfer is as follows:        	Dollar Amount	 % of Expenditures 
From the Power Fund to the Debt Service Fund 	$ 679,503 	1.7 %
",pmn,2026-06-01T13:46:15.664069Z
pmn_1084333,Spanish Fork,City Council,2026-06-02,Spanish Fork City Council and Redevelopment Agency & Local Building Authority,nan,nan,,,,,,,,,PROPOSED,,,https://www.utah.gov/pmn/sitemap/notice/1084333.html,"Tuesday, June 2, 2026
Spanish Fork City Council, Local Building Authority, and Redevelopment Agency Meeting

CITY COUNCIL AGENDA
PUBLIC NOTICE is hereby given that the City Council, Local Building Authority, and Redevelopment Agency of Spanish Fork, Utah, will hold a public meeting on June 2, 2026 in the Council Chambers, located on the second floor of Library Hall, 80 South Main Street.
-A Work Session Meeting will begin at 4:30 pm in the Explorer Room.
-City Council Meeting will begin at 6:00 pm in the Council Chambers.

Notice is hereby given that:
-In the event of an absence of a quorum, agenda items will be continued to the next regularly scheduled meeting.
-By motion of the Spanish Fork City Council, pursuant to Title 52, Chapter 4 of the Utah Code, the City Council may vote to hold a closed meeting for any of the purposes identified in that Chapter.
- Electronic Participation: Members of the City Council and City Staff may participate by phone, zoom, or other electronic means.

SPANISH FORK CITY does not discriminate on the basis of race, color, national origin, sex, religion, age or disability in the employment or the provision of services. The public is invited to participate in all Spanish Fork City Council Meetings located at 80 South Main Street, Utah 84660. If you need special accommodation to participate in the meeting, please contact the City Manager's Office at 801-804-4530

1. 4:30 pm WORK MEETING - No formal actions are taken in a work session.
A. Fiscal Year 2026 Revision 2 Work Session
B. Review of LBA Parameters Resolution and Process

2. 6:00pm CITY COUNCIL MEETING
3. CALL TO ORDER, PLEDGE, OPENING CEREMONY, RECOGNITIONS
A. Prayer & Motivational Message
B. Pledge, led by invitation
C. Recognitions

4. PUBLIC COMMENTS: In order to be considerate of everyone attending the meeting and to more closely follow the published agenda times, public comment will be limited to three minutes per person - A spokesperson who has been ",pmn,2026-06-01T13:46:15.664064Z
pmn_1084041_item0,Spanish Fork,Planning Commission,2026-06-03,Title 15 Flood Damage Prevention Ordinance Updates,nan,0.9,,Public hearing and consideration of updates to the city's flood plain ordinance to align with current effective FIRM/FIS flood maps and standards.,,,,,,,PROPOSED,15,Regulatory update affecting flood-prone development areas; may impact project feasibility in flood plains,https://www.utah.gov/pmn/sitemap/notice/1084041.html,,pmn,2026-06-01T13:46:15.665164Z
pmn_1084041_item1,Spanish Fork,Planning Commission,2026-06-03,Construction Standards Revision (26.01),nan,0.9,,Public hearing and consideration of various updates being made to the City's Construction Standards.,,,,,,,PROPOSED,20,Broad construction standards revision; specifics of updates not detailed in agenda packet,https://www.utah.gov/pmn/sitemap/notice/1084041.html,,pmn,2026-06-01T13:46:15.665164Z
pmn_1069087_item0,Tooele,City Council,2026-04-01,Ordinance 2025-32 - Recreational Vehicle Parking Code Amendment,nan,0.9,,Public hearing and motion on ordinance amending Tooele City Code Section 7-9-2 regarding the parking of recreational vehicles,,,,,,,PROPOSED,0,"Municipal code amendment, regulatory in nature. Presented by Adrian Day, Police Chief.",https://www.utah.gov/pmn/sitemap/notice/1069087.html,,pmn,2026-06-01T13:46:15.665357Z
pmn_1069087_item1,Tooele,City Council,2026-04-01,Ordinance 2026-07 - Water Rights Exactions Code Amendment,nan,0.9,,Public hearing and motion on ordinance amending Tooele City Code Section 7-26-3 regarding water rights exactions,,,,,,,PROPOSED,0,Municipal code amendment affecting development requirements for water rights dedications.,https://www.utah.gov/pmn/sitemap/notice/1069087.html,,pmn,2026-06-01T13:46:15.665357Z
pmn_1069081_item0,Tooele,City Council,2026-04-01,Discussion on Compass Point CSD (3100 N),nan,0.9,DEVELOPER_ACTIVITY,Work meeting discussion on Compass Point Community Services District development at 3100 N,"3100 N, Tooele",,,,,,PROPOSED,45,Presented by Community Development Director and City Planner; nature of development not specified in agenda but warrants monitoring for future formal applications,https://www.utah.gov/pmn/sitemap/notice/1069081.html,,pmn,2026-06-01T13:46:15.665359Z
pmn_1069081_item1,Tooele,City Council,2026-04-01,"Resolution 2026-17 - Change Order No. 3 for 2025 Tooele City Wells Project with Hydro Resources Rocky Mountain, Inc.",nan,0.9,INFRASTRUCTURE,"City Council consideration of Change Order No. 3 for the 2025 Tooele City Wells drilling project with Hydro Resources Rocky Mountain, Inc.",,,,"Hydro Resources Rocky Mountain, Inc.",,,PROPOSED,25,Third change order to wells drilling project; relates to municipal water infrastructure; presented by Public Works Director,https://www.utah.gov/pmn/sitemap/notice/1069081.html,,pmn,2026-06-01T13:46:15.665359Z
pmn_1072277_item0,Tooele,City Council,2026-04-15,Ordinance 2026-09: Amendment to Tooele City Code Section 6-5b-6 Regarding Potentially Dangerous and Dangerous Dogs and Cats,nan,0.9,,City council consideration of ordinance amending municipal code provisions related to dangerous dog and cat regulations,,,,,,,PROPOSED,0,This is a municipal code amendment unrelated to real estate development,https://www.utah.gov/pmn/sitemap/notice/1072277.html,,pmn,2026-06-01T13:46:15.665351Z
pmn_1072259,Tooele,City Council,2026-04-15,Tooele City Council Work Meeting,nan,nan,,,,,,,,,PROPOSED,,,https://www.utah.gov/pmn/sitemap/notice/1072259.html,"PUBLIC NOTICE

Notice is hereby given that the Tooele City Council and the Redevelopment Agency (RDA) of Tooele City will meet in a Work Meeting on Wednesday, April 15, 2026 at 5:30 p.m.  The meeting will be held in the Tooele City Hall Council Chambers, located at 90 North Main Street, Tooele, Utah. The complete public notice is posted on the Utah Public Notice Website www.utah.gov, the Tooele City Website www.tooelecity.gov, and at Tooele City Hall. To request a copy of the public notice or for additional inquiries please contact Shilo Baker, City Recorder at (435)843-2111 or shilob@tooelecity.gov.

Tooele City public meetings may be recorded and transcribed for documentation and quality assurance purposes.  By attending this meeting, you consent to being recorded.  If you do not consent, we encourage you to join the City Council meeting electronically by visiting the Tooele City YouTube Channel, at https://www.youtube.com/@tooelecity or by going to YouTube.com and searching 'Tooele City Channel'.

AGENDA

1.	Open City Council Meeting
2.	Roll Call
3.	Mayor's Report
4.	Council Members' Report 
5.	Discussion Items
a.	A discussion on Fees for Repeated False Residential or Business Alarms
Presented by Adrian Day, Chief of Police
b.	A discussion of Reorganization of Enforcement Provisions for Violations of Tooele City Code Titles 4, 5, 7, and 8
Presented by Matthew Johnson, City Attorney
6.	Closed Meeting
~ Litigation, Property Acquisition, and/or Personnel
7.	Adjourn

__________________________
Shilo Baker, Tooele City Recorder

Pursuant to the Americans with Disabilities Act, individuals needing special accommodations should notify Shilo Baker, Tooele City Recorder, at 435-843-2111 or shilob@Tooelecity.gov, prior to the meeting.",pmn,2026-06-01T13:46:15.665354Z
pmn_1072133_item0,Tooele,Planning Commission,2026-04-22,Text amendment to Tooele City Code 7-14-11 regarding landscaping and water conservation in residential development,nan,0.9,GENERAL_PLAN_AMENDMENT,Proposed text amendment to City Code Section 7-14-11 (Landscaping and Water Conservation with New Development) to modify regulations on the use of sod in residential landscaping and associated irrigation systems.,,,,,,,PROPOSED,25,This is a code text amendment affecting landscaping and water conservation standards for residential development city-wide. Likely intended to restrict sod use and/or modify irrigation requirements as part of water conservation efforts.,https://www.utah.gov/pmn/sitemap/notice/1072133.html,,pmn,2026-06-01T13:46:15.665517Z
pmn_1072157_item0,Tooele,Planning Commission,2026-04-22,Conditional Use Permit for Home Day Care at 1664 N Ashlin Court,nan,0.9,,Conditional Use Permit request by Jessica Howard to authorize home day care use at a single-family residential property in R1-7 zoning district,"1664 N Ashlin Court, Tooele, Utah",0.17,,Jessica Howard,R1-7,,PROPOSED,5,"Home Daycare is a permitted conditional use in R1-7 per Tooele City Code Section 7-2-19. Public hearing scheduled for April 22, 2026.",https://www.utah.gov/pmn/sitemap/notice/1072157.html,,pmn,2026-06-01T13:46:15.665520Z
pmn_1074319_item0,Tooele,Planning Commission,2026-04-22,Conditional Use Permit for Child Care and Preschool at 1664 N Ashlin Court,nan,0.9,,Public hearing and decision on a conditional use permit request by Jessica Howard to authorize operation of a child care and preschool facility serving 8 to 16 children at a residential property in the R1-7 zoning district.,1664 N Ashlin Court,0.17,,Jessica Howard,R1-7,,PROPOSED,15,Conditional use permit for child care facility in single-family residential zone; requires public hearing,https://www.utah.gov/pmn/sitemap/notice/1074319.html,,pmn,2026-06-01T13:46:15.665514Z
pmn_1074319_item1,Tooele,Planning Commission,2026-04-22,Text Amendment to Tooele City Code 7-14-11 regarding Landscaping and Water Conservation,nan,0.9,GENERAL_PLAN_AMENDMENT,"Public hearing and recommendation on proposed text amendment to city code section 7-14-11 addressing landscaping and water conservation requirements for new development, specifically regarding sod use in residential landscaping and irrigation system standards.",,,,,,,PROPOSED,25,City-wide code amendment affecting development standards for residential landscaping and water conservation practices,https://www.utah.gov/pmn/sitemap/notice/1074319.html,,pmn,2026-06-01T13:46:15.665514Z
pmn_1077305_item0,Tooele,City Council,2026-05-06,Ordinance 2026-11: Amendment to Section 7-14-11 regarding landscaping and water conservation in residential development,nan,0.9,,"Public hearing and motion on ordinance amending landscaping and water conservation requirements for new residential development, specifically addressing the use of sod in residential landscaping and associated irrigation systems.",,,,,,,PROPOSED,15,This is a development code amendment affecting landscaping standards for all new residential projects in Tooele City. May impact project costs and design requirements for residential developers.,https://www.utah.gov/pmn/sitemap/notice/1077305.html,,pmn,2026-06-01T13:46:15.665346Z
pmn_1077301_item0,Tooele,City Council,2026-05-06,Text Amendment to Tooele City Code Title 7 Chapter 4 regarding Off-Street Parking Requirements for Automobile Related Commercial Uses,nan,0.9,,Discussion of proposed text amendment to establish specific parking and storage standards for automobile related commercial uses in Tooele City Code,,,,,,,PROPOSED,15,Code amendment discussion; impacts parking requirements for auto-related commercial development,https://www.utah.gov/pmn/sitemap/notice/1077301.html,,pmn,2026-06-01T13:46:15.665348Z
pmn_1077301_item1,Tooele,City Council,2026-05-06,Text Amendment to Tooele City Code 7-14-11 regarding Landscaping and Water Conservation with New Development,nan,0.9,,Discussion of proposed text amendment regarding use of sod in residential landscaping and irrigation systems associated with residential landscaping,,,,,,,PROPOSED,10,Code amendment discussion; impacts landscaping and water conservation standards for residential development,https://www.utah.gov/pmn/sitemap/notice/1077301.html,,pmn,2026-06-01T13:46:15.665348Z
pmn_1077323_item0,Tooele,Planning Commission,2026-05-13,Text amendment to Tooele City Code 7-11a-17 regarding fencing exceptions for multi-family residential projects adjacent to single-family residential developments,nan,0.9,GENERAL_PLAN_AMENDMENT,Proposed text amendment to Design Standards: Walls and Fences code section to create an exception to current fencing requirements when a new multi-family residential project is constructed adjacent to an existing single-family residential development where fencing has already been installed.,,,,,,,PROPOSED,35,Code text amendment that could facilitate multi-family development approval processes by allowing flexibility on fencing standards in mixed-density contexts. Indicates city interest in streamlining multi-family projects adjacent to existing single-family neighborhoods.,https://www.utah.gov/pmn/sitemap/notice/1077323.html,,pmn,2026-06-01T13:46:15.665512Z
pmn_1077325_item0,Tooele,Planning Commission,2026-05-13,Text amendment to Tooele City Code Title 7 Chapter 4 regarding off-street parking requirements for automobile-related commercial uses,nan,0.9,,Public hearing on a proposed text amendment to establish specific parking and storage standards for automobile-related commercial uses in the city code.,,,,,,,PROPOSED,15,"This is a code text amendment affecting parking requirements citywide for a specific use category, not a site-specific development project.",https://www.utah.gov/pmn/sitemap/notice/1077325.html,,pmn,2026-06-01T13:46:15.665509Z
pmn_1079517_item0,Tooele,Planning Commission,2026-05-13,Text amendment to Tooele City Code Title 7 Chapter 4 regarding off-street parking requirements for automobile-related commercial uses,nan,0.9,,Proposed text amendment to establish specific parking and storage standards for automobile-related commercial uses in the city code,,,,,,,PROPOSED,25,Code amendment affecting parking standards for auto-related commercial development; may impact future commercial projects,https://www.utah.gov/pmn/sitemap/notice/1079517.html,,pmn,2026-06-01T13:46:15.665507Z
pmn_1079517_item1,Tooele,Planning Commission,2026-05-13,Text amendment to Tooele City Code 7-11a-17 regarding fencing exceptions for multi-family residential projects adjacent to single-family developments,nan,0.9,,Proposed text amendment to allow exceptions to fencing requirements when new multi-family residential projects are constructed adjacent to existing single-family residential development where fencing has already been installed,,,,,,,PROPOSED,35,Code amendment that may facilitate multi-family residential development by providing flexibility on design standards,https://www.utah.gov/pmn/sitemap/notice/1079517.html,,pmn,2026-06-01T13:46:15.665507Z
pmn_1081210,Tooele,City Council,2026-05-20,City Council Business Meeting Cancelled,nan,nan,,,,,,,,,PROPOSED,,,https://www.utah.gov/pmn/sitemap/notice/1081210.html,"PUBLIC NOTICE

Notice is Hereby Given that the Tooele City Council Work and Business Meetings Scheduled for Wednesday, May 20, 2026, have been Cancelled. The Next Regularly Scheduled City Council Meeting will be held on Wednesday, June 3, 2026. 


___________________________
Shilo Baker
Tooele City Recorder",pmn,2026-06-01T13:46:15.665340Z
pmn_1081208,Tooele,City Council,2026-05-20,City Council Work Meeting Cancelled,nan,nan,,,,,,,,,PROPOSED,,,https://www.utah.gov/pmn/sitemap/notice/1081208.html,"PUBLIC NOTICE

Notice is Hereby Given that the Tooele City Council Work and Business Meetings Scheduled for Wednesday, May 20, 2026, have been Cancelled. The Next Regularly Scheduled City Council Meeting will be held on Wednesday, June 3, 2026. 



___________________________
Shilo Baker
Tooele City Recorder",pmn,2026-06-01T13:46:15.665342Z
pmn_1081232_item0,Tooele,Planning Commission,2026-05-27,"Text amendment to Tooele City Code Title 7, Chapter 25 regarding political signs in public rights-of-way",signage,0.9,,"Public hearing on proposed text amendment to regulate the display, removal, and compliance of political signs in public rights-of-way as required by Utah Code Title 20A, Chapter 17",,,,,,,PROPOSED,0,Code text amendment only; no development project associated. Compliance measure for state law requirements.,https://www.utah.gov/pmn/sitemap/notice/1081232.html,,pmn,2026-06-01T13:46:15.665504Z
pmn_1081240_item0,Tooele,Planning Commission,2026-05-27,Text amendment to Tooele City Code 7-16b-6 regarding minimum landscaping requirements in heavy industrial sections of Tooele City Business Park,nan,0.9,GENERAL_PLAN_AMENDMENT,"Proposed text amendment to landscaping standards code, specifically modifying minimum landscaping requirements applicable to heavy industrial sections within the Tooele City Business Park",Tooele City Business Park,,,,,,PROPOSED,25,Code amendment affecting landscaping standards for heavy industrial zoning. This is a regulatory change with potential impact on development feasibility and aesthetics in the Business Park.,https://www.utah.gov/pmn/sitemap/notice/1081240.html,,pmn,2026-06-01T13:46:15.665501Z
pmn_1083449_item0,Tooele,Planning Commission,2026-05-27,Text amendment to Tooele City Code 7-16b-6 regarding landscaping standards in heavy industrial sections of Tooele City Business Park,nan,0.9,GENERAL_PLAN_AMENDMENT,Proposed text amendment to modify minimum landscaping requirements in the heavy industrial sections of the Tooele City Business Park,Tooele City Business Park,,,,,,PROPOSED,25,Code text amendment affecting industrial park landscaping standards; may reduce development friction for industrial users,https://www.utah.gov/pmn/sitemap/notice/1083449.html,,pmn,2026-06-01T13:46:15.665499Z
pmn_1083449_item1,Tooele,Planning Commission,2026-05-27,"Text amendment to Tooele City Code Title 7, Chapter 25 regarding political signs in public rights-of-way",signage,0.9,,"Proposed text amendment to establish regulations for political signs in public rights-of-way, including display, removal, and compliance with Utah Code Title 20A, Chapter 17",,,,,,,PROPOSED,0,Regulatory code amendment for political signage compliance; not a development opportunity,https://www.utah.gov/pmn/sitemap/notice/1083449.html,,pmn,2026-06-01T13:46:15.665499Z
pmn_1084581_item0,Tooele,City Council,2026-06-03,Ordinance 2026-12: Amendment to Design Standards for Walls and Fences in Multi-Family Residential Projects,nan,0.9,,Public hearing and motion on ordinance amending Section 7-11a-17 (Design Standards: Walls and Fences) to add an exception to current fencing requirements when a new multi-family residential project is constructed adjacent to existing fencing.,,,,,,,PROPOSED,25,"This is a code/standards amendment that could facilitate multi-family development by relaxing fencing requirements. Presented by Anna Anglin, City Planner.",https://www.utah.gov/pmn/sitemap/notice/1084581.html,,pmn,2026-06-01T13:46:15.665332Z
pmn_1084579_item0,Tooele,City Council,2026-06-03,Text Amendment to Tooele City Code 7-11a-17 regarding fencing exceptions for multi-family residential projects adjacent to single-family developments,nan,0.9,,"Discussion on a proposed text amendment to design standards for walls and fences, specifically regarding exceptions to current fencing requirements when new multi-family residential projects are constructed adjacent to existing single-family residential developments where fencing has already been installed",,,,,,,PROPOSED,25,Code amendment discussion; may facilitate multi-family development in transition zones between residential areas,https://www.utah.gov/pmn/sitemap/notice/1084579.html,,pmn,2026-06-01T13:46:15.665337Z
pmn_1084579_item1,Tooele,City Council,2026-06-03,Amendments to Tooele City Code 7-16a-3 regarding Residential Special Districts minimum land requirements for commercial special districts,nan,0.9,,"Discussion on proposed amendments to Residential Special Districts eligibility and size requirements, specifically regarding the minimum land requirements necessary to qualify for a commercial special district",,,,,,,PROPOSED,30,Code amendment discussion; may affect eligibility thresholds for special district designations and commercial development opportunities,https://www.utah.gov/pmn/sitemap/notice/1084579.html,,pmn,2026-06-01T13:46:15.665337Z
pmn_1084857_item0,Tooele,Planning Commission,2026-06-10,Partial vacation of nine-foot strip of public right-of-way along James Way,nan,0.9,INFRASTRUCTURE,"Tooele City has initiated a petition to vacate a nine-foot strip of public right-of-way along the northern portion of James Way, extending approximately 1,982 linear feet between Industrial Loop intersection and Lodestone Way intersection. This would reduce the existing right-of-way width from 85 feet to 76 feet.","James Way, between Industrial Loop intersection and Lodestone Way intersection, Tooele",,,,,,PROPOSED,15,"Right-of-way vacation represents approximately 1,982 linear feet of street frontage being removed from public dedication. This may indicate preparation for private development or industrial consolidation in the area.",https://www.utah.gov/pmn/sitemap/notice/1084857.html,,pmn,2026-06-01T13:46:15.665494Z
pmn_1044705,Vineyard,Planning Commission,2025-12-17,Planning Commission Meeting Cancelation,nan,nan,,,,,,,,,PROPOSED,,,https://www.utah.gov/pmn/sitemap/notice/1044705.html,"CANCELLATION OF REGULAR MEETING
OF THE VINEYARD PLANNING COMMISSION,
Wednesday, December 17, 2025, 6:00 p.m.
CANCELATION NOTICE

PUBLIC NOTICE is hereby given that the Vineyard City Planning Commission's regularly scheduled meeting for December 17th, 2025, has been canceled. 
 
The foregoing CANCELATION notice was posted on the Utah Public Notice Website and Vineyard Website, posted at the Vineyard City Offices and City Hall, and delivered electronically to city staff and each member of the Planning Commission.


CANCELATION NOTICING COMPLETED ON: December 10th, 2025.

NOTICED BY:   /s/ Madison Reed
                          Madison Reed, Planning Technician",pmn,2026-06-01T13:46:15.664414Z
pmn_1048525_item0,Vineyard,Planning Commission,2026-01-07,Greenline Block 4 Site Plan Amendment - Retail Village,nan,0.9,COMMERCIAL_PROJECT,"Bronson Tatton with Flagborough is requesting approval of a site plan amendment for The Greenline Block 4, a retail village development.",,,,Flagborough,,,PROPOSED,65,Site plan amendment suggests modifications to previously approved retail development. Contact: Bronson Tatton with Flagborough.,https://www.utah.gov/pmn/sitemap/notice/1048525.html,,pmn,2026-06-01T13:46:15.664412Z
pmn_1052447,Vineyard,Planning Commission,2026-01-21,Planning Commission Meeting Cancelation,nan,nan,,,,,,,,,PROPOSED,,,https://www.utah.gov/pmn/sitemap/notice/1052447.html,"CANCELATION OF REGULAR MEETING
OF THE VINEYARD PLANNING COMMISSION,
Wednesday, January 21, 2026, 6:00 p.m.
CANCELATION NOTICE

PUBLIC NOTICE is hereby given that the Vineyard City Planning Commission's regularly scheduled meeting for January 21, 2026, has been canceled. 
 
The foregoing CANCELATION notice was posted on the Utah Public Notice Website and Vineyard Website, posted at the Vineyard City Offices and City Hall, and delivered electronically to city staff and each member of the Planning Commission.


CANCELATION NOTICING COMPLETED ON: January 15, 2026.

NOTICED BY:   /s/ Madison Reed
                          Madison Reed, Planning Technician",pmn,2026-06-01T13:46:15.664409Z
pmn_1055711,Vineyard,Planning Commission,2026-02-04,Planning Commission Meeting Cancelation,nan,nan,,,,,,,,,PROPOSED,,,https://www.utah.gov/pmn/sitemap/notice/1055711.html,"CANCELATION OF REGULAR MEETING
OF THE VINEYARD PLANNING COMMISSION,
Wednesday, February 4, 2026, 6:00 p.m.
CANCELATION NOTICE

PUBLIC NOTICE is hereby given that the Vineyard City Planning Commission's regularly scheduled meeting for February 4, 2026, has been canceled. 
 
The foregoing CANCELATION notice was posted on the Utah Public Notice Website and Vineyard Website, posted at the Vineyard City Offices and City Hall, and delivered electronically to city staff and each member of the Planning Commission.


CANCELATION NOTICING COMPLETED ON: January 29, 2026.

NOTICED BY:   /s/ Madison Reed
                          Madison Reed, Planning Technician",pmn,2026-06-01T13:46:15.664406Z
pmn_1059381,Vineyard,Planning Commission,2026-02-18,Planning Commission Meeting Cancelation,nan,nan,,,,,,,,,PROPOSED,,,https://www.utah.gov/pmn/sitemap/notice/1059381.html,"CANCELATION OF REGULAR MEETING
OF THE VINEYARD PLANNING COMMISSION,
Wednesday, February 18, 2026, 6:00 p.m.
CANCELATION NOTICE

PUBLIC NOTICE is hereby given that the Vineyard City Planning Commission's regularly scheduled meeting for February 18, 2026, has been canceled. 
 
The foregoing CANCELATION notice was posted on the Utah Public Notice Website and Vineyard Website, posted at the Vineyard City Offices and City Hall, and delivered electronically to city staff and each member of the Planning Commission.


CANCELATION NOTICING COMPLETED ON: February 12, 2026.

NOTICED BY:   /s/ Madison Reed
                          Madison Reed, Planning Technician",pmn,2026-06-01T13:46:15.664404Z
pmn_1062551_item0,Vineyard,Planning Commission,2026-03-04,The Forge Development Agreement Amendment - Public Hearing,nan,0.9,DEVELOPER_ACTIVITY,Public hearing for amendment to existing development agreement for The Forge project. Applicant has requested continuance to March 18th (Planning Commission) and March 24th (City Council).,,,,The Forge,,,CONTINUED,45,Development agreement amendment - specific scope of amendment not detailed in agenda text,https://www.utah.gov/pmn/sitemap/notice/1062551.html,,pmn,2026-06-01T13:46:15.664401Z
pmn_1062551_item1,Vineyard,Planning Commission,2026-03-04,Intermountain Health Development Agreement - Public Hearing,nan,0.9,COMMERCIAL_PROJECT,Public hearing for Intermountain Health development agreement. Applicant has requested continuance to March 18th (Planning Commission) and March 24th (City Council).,,,,Intermountain Health,,,CONTINUED,55,Healthcare-related development; full details not provided in agenda,https://www.utah.gov/pmn/sitemap/notice/1062551.html,,pmn,2026-06-01T13:46:15.664401Z
pmn_1062551_item2,Vineyard,Planning Commission,2026-03-04,Holdaway Fields Development Agreement Amendment - Public Hearing,nan,0.9,DEVELOPER_ACTIVITY,Public hearing for proposed amendment to existing development agreement for Holdaway Fields project.,,,,Holdaway Fields,,,PROPOSED,50,Development agreement amendment for established project; agenda text incomplete,https://www.utah.gov/pmn/sitemap/notice/1062551.html,,pmn,2026-06-01T13:46:15.664401Z
pmn_1065873_item0,Vineyard,Planning Commission,2026-03-18,The Forge Development Agreement Amendment,nan,0.9,DEVELOPER_ACTIVITY,Public hearing on a Development Agreement Amendment for The Forge Development submitted by Dakota Pacific Real Estate.,,,,Dakota Pacific Real Estate,,,PROPOSED,50,Jason Head representing Dakota Pacific Real Estate. Development Agreement Amendment indicates modifications to an existing approved development.,https://www.utah.gov/pmn/sitemap/notice/1065873.html,,pmn,2026-06-01T13:46:15.664398Z
pmn_1065873_item1,Vineyard,Planning Commission,2026-03-18,Intermountain Health Development Agreement within The Forge development,nan,0.9,COMMERCIAL_PROJECT,Public hearing on a Development Agreement for Intermountain Health property located within The Forge development. Represented by Kirton McConkie Law.,The Forge development,,,Intermountain Health,,,PROPOSED,65,Ryan Wallace and Lauren Malner with Kirton McConkie Law representing Intermountain Health. Healthcare development within master-planned community.,https://www.utah.gov/pmn/sitemap/notice/1065873.html,,pmn,2026-06-01T13:46:15.664398Z
pmn_1065873_item2,Vineyard,Planning Commission,2026-03-18,Utah City Wellness Center and Resort Pool Phase 2 Site Plan Amendment,nan,0.9,LARGE_PROJECT,"Site plan amendment application for Phase 2 of Utah City Wellness Center and Resort Pool. Amendment updates building elevations for the wellness center (west side). Proposed wellness building height is 44 feet with materials including stone, painted Tuscon plaster, architectural concrete, and slate shingles.",,,,Flagborough,,,PROPOSED,70,Bronson Tatton representing Flagborough. Phase 2 development with hospitality/wellness focus. Site plan amendment indicates design modifications to previously approved plans.,https://www.utah.gov/pmn/sitemap/notice/1065873.html,,pmn,2026-06-01T13:46:15.664398Z
pmn_1069031,Vineyard,Planning Commission,2026-04-01,4.1.2026 Planning Commission Cancelation Notice,nan,nan,,,,,,,,,PROPOSED,,,https://www.utah.gov/pmn/sitemap/notice/1069031.html,"CANCELATION OF REGULAR MEETING
OF THE VINEYARD PLANNING COMMISSION,
Wednesday, April 1, 2026, 7:00 p.m.
CANCELATION NOTICE

PUBLIC NOTICE is hereby given that the Vineyard City Planning Commission's regularly scheduled meeting for April 1, 2026, has been canceled. 
 
The foregoing CANCELATION notice was posted on the Utah Public Notice Website and Vineyard Website, posted at the Vineyard City Offices and City Hall, and delivered electronically to city staff and each member of the Planning Commission.


CANCELLATION NOTICING COMPLETED ON: March 27, 2026

NOTICED BY:   /s/ Rachel Stevens
                          Rachel Stevens, Planner",pmn,2026-06-01T13:46:15.664395Z
pmn_1072331_item0,Vineyard,City Council,2026-04-14,Safety Improvement and Compromise for 400 S and Geneva Road to Main Street,nan,0.9,INFRASTRUCTURE,Work session to discuss safety improvements and compromise solution for intersection/corridor connecting 400 S and Geneva Road to Main Street,"400 S and Geneva Road to Main Street, Vineyard, UT",,,,,,PROPOSED,35,Infrastructure safety improvement project in work session; specific improvements and budget not detailed in agenda,https://www.utah.gov/pmn/sitemap/notice/1072331.html,,pmn,2026-06-01T13:46:15.664264Z
pmn_1072331_item1,Vineyard,City Council,2026-04-14,Resolution 2026-23: Complete Land Use Application and Applicant Vesting Control Policy,nan,0.9,,Adoption of new city policy establishing standards for complete land use applications and applicant vesting controls to ensure applications meet completeness requirements before processing begins,,,,,,,PROPOSED,55,Procedural policy adoption affecting all future development applications in Vineyard; part of SB-284 resolution pack,https://www.utah.gov/pmn/sitemap/notice/1072331.html,,pmn,2026-06-01T13:46:15.664264Z
pmn_1072331_item2,Vineyard,City Council,2026-04-14,"Resolution 2026-24: Mandatory Development Agreement Policy for Large-scale, Master-planned, and Phased Projects",nan,0.9,,"Adoption of policy requiring development agreements for large-scale, master-planned, and phased development projects to ensure coordination and infrastructure delivery",,,,,,,PROPOSED,60,Policy adoption will affect future large master-planned developments; part of SB-284 resolution pack,https://www.utah.gov/pmn/sitemap/notice/1072331.html,,pmn,2026-06-01T13:46:15.664264Z
pmn_1072331_item3,Vineyard,City Council,2026-04-14,"Resolution 2026-25: Infrastructure Phasing, Public Improvement Sequencing, and Certificate-of-Occupancy Policy",nan,0.9,INFRASTRUCTURE,"Adoption of policy establishing infrastructure phasing requirements and public improvement sequencing standards, tying certificate-of-occupancy issuance and reimbursement rights to objective milestones",,,,,,,PROPOSED,65,Policy establishes objective standards for infrastructure delivery sequencing in large projects; part of SB-284 resolution pack,https://www.utah.gov/pmn/sitemap/notice/1072331.html,,pmn,2026-06-01T13:46:15.664264Z
pmn_1072331_item4,Vineyard,City Council,2026-04-14,Resolution 2026-26: Utility Capacity Verification and Water Service Findings Policy,nan,0.9,INFRASTRUCTURE,Adoption of policy establishing utility capacity verification standards and water service findings requirements to ensure adequate infrastructure before development approval,,,,,,,PROPOSED,60,Policy adoption addresses water availability and utility capacity review standards for future development applications; part of SB-284 resolution pack,https://www.utah.gov/pmn/sitemap/notice/1072331.html,,pmn,2026-06-01T13:46:15.664264Z
pmn_1072331_item5,Vineyard,City Council,2026-04-14,Resolution 2026-27: Independent Appeal Authority,nan,0.9,,Adoption of resolution establishing an independent appeal authority (agenda item text incomplete),,,,,,,PROPOSED,50,Item appears incomplete in agenda packet; likely related to SB-284 resolution pack establishing procedural review authority,https://www.utah.gov/pmn/sitemap/notice/1072331.html,,pmn,2026-06-01T13:46:15.664264Z
pmn_1072411,Vineyard,Planning Commission,2026-04-15,CANCELED Planning Commission Meeting,nan,nan,,,,,,,,,PROPOSED,,,https://www.utah.gov/pmn/sitemap/notice/1072411.html,"CANCELATION OF REGULAR MEETING
OF THE VINEYARD PLANNING COMMISSION,
Wednesday, April 15, 2026, 7:00 p.m.
CANCELATION NOTICE

PUBLIC NOTICE is hereby given that the Vineyard City Planning Commission's regularly scheduled meeting for April 15, 2026, has been canceled. 
 
The foregoing CANCELATION notice was posted on the Utah Public Notice Website and Vineyard Website, posted at the Vineyard City Offices and City Hall, and delivered electronically to city staff and each member of the Planning Commission.


CANCELLATION NOTICING COMPLETED ON: April 13, 2026

NOTICED BY:   /s/ Rachel Stevens
                          Rachel Stevens, Planner",pmn,2026-06-01T13:46:15.664393Z
pmn_1073861_item0,Vineyard,City Council,2026-04-21,Resolution RDA-2026-02 Hiring Up To Three Advisors For The RDA Board,nan,0.9,DEVELOPER_ACTIVITY,Resolution to authorize the hiring of up to three advisors for the Redevelopment Agency (RDA) Board,,,,,,,PROPOSED,15,RDA board expansion may signal increased development activity anticipated in Vineyard,https://www.utah.gov/pmn/sitemap/notice/1073861.html,,pmn,2026-06-01T13:46:15.664261Z
pmn_1073861_item1,Vineyard,City Council,2026-04-21,Discuss SB-284 and Resolution Pack,nan,0.9,,Work session discussion of SB-284 (state legislation) and associated resolution pack,,,,,,,PROPOSED,20,SB-284 context not provided in agenda; may relate to development or land use policy,https://www.utah.gov/pmn/sitemap/notice/1073861.html,,pmn,2026-06-01T13:46:15.664261Z
pmn_1075401,Vineyard,City Council,2026-04-28,City Council Meeting,nan,nan,,,,,,,,,PROPOSED,,,https://www.utah.gov/pmn/sitemap/notice/1075401.html,"NOTICE OF A REGULAR
CITY COUNCIL MEETING
APRIL 28, 2026, AT 4 PM
_______________________

PUBLIC NOTICE is hereby given that the Vineyard City Council will hold a regularly scheduled City Council meeting on Tuesday, April 28, 2026, at 4:00 PM, in the City Council Chambers at City Hall, 125 South Main Street, Vineyard, UT. This meeting can also be viewed on our live stream page.

AGENDA

Presiding Mayor Zack Stratton

1.	 CALL TO ORDER

2.	CLOSED SESSION
The Mayor and City Council pursuant to Utah Code 52-4-205 may vote to go into a closed session for the purpose of discussing an individual's character, professional competence, or physical or mental health.

3.	INVOCATION OR INSPIRATIONAL THOUGHT AND PLEDGE OF ALLEGIANCE  (By Invitation) 

4.	PUBLIC HEARING FOR CHANGES TO THE CONSOLIDATED FEE SCHEDULE
        4.1	Consolidated Fee Schedule

5.	WORK SESSION
         5.1 Organizational Structure
         5.2 Budget Update
         5.3 Purchase Policy Draft Review

6.	PUBLIC COMMENTS

7.	RECOGNITION / AWARDS
        7.1	Stephanie Mecham
        7.2  Cache Hancey
        7.3  Chris Jackson
        7.4  Chris Thomas, Clint Roundy, and Tyson Gerbach

8.	CONSENT ITEMS
        8.1Approval of March 10, 2026, City Council Meeting Minutes
        8.2	Approval of March 17, 2026, City Council Meeting Minutes
        8.3	Approval of March 24, 2026, City Council Meeting Minutes
        8.4	Approval of the April 14, 2026, City Council Meeting Minutes
        8.5	Update to Concession Code

9.	BUSINESS ITEMS
        9.1	Approve the Updated Consolidated Fee Schedule

10.	 ADJOURNMENT",pmn,2026-06-01T13:46:15.664258Z
pmn_1072523,Vineyard,City Council,2026-04-28,Public Hearing for the Consolidated Fee Schedule,nan,nan,,,,,,,,,PROPOSED,,,https://www.utah.gov/pmn/sitemap/notice/1072523.html,"PUBLIC NOTICE OF PUBLIC HEARING
VINEYARD CITY COUNCIL

Notice is hereby given that the Vineyard City Council will hold a Public Hearing on Tuesday, April 28, 2026, at 6:00 p.m., at Vineyard City Hall, 125 South Main Street, Vineyard, Utah.

The purpose of the Public Hearing is to receive public comment regarding proposed amendments to the Vineyard City Consolidated Fee Schedule, including updates and modifications to fees associated with:
-	Parks and Recreation programs and services
-	Vineyard Days events and activities
-	Library services

All interested persons are invited to attend the hearing and provide comment. Written comments may also be submitted to the City Recorder prior to the meeting at robinr@vineyardutah.gov

In compliance with the Americans with Disabilities Act, individuals needing special accommodations (including auxiliary communicative aids and services) should notify the City Recorder at least three (3) business days prior to the hearing. 801-226-1929

I, the undersigned City Recorder for Vineyard, Utah, hereby certify that the foregoing Public Notice as posted at the Vineyard City Office, on the Vineyard City website, and on the Utah Public Notice Website.

Published this 13 day of April 2026.
Robin Bond, Vineyard City Recorder",pmn,2026-06-01T13:46:15.664256Z
pmn_1077209_item0,Vineyard,City Council,2026-05-05,Vineyard City's Floodplain Regulation Update for National Flood Insurance Program Compliance,nan,0.9,INFRASTRUCTURE,Vineyard City is proposing updates to its floodplain management regulations to maintain compliance with the National Flood Insurance Program (NFIP) following updated flood hazard determinations issued by the Federal Emergency Management Agency (FEMA).,Vineyard City,,,,,,PROPOSED,15,Regulatory compliance update for flood management; primarily administrative in nature,https://www.utah.gov/pmn/sitemap/notice/1077209.html,,pmn,2026-06-01T13:46:15.664253Z
pmn_1077143_item0,Vineyard,Planning Commission,2026-05-06,Conditional Use and Site Plan Application for Tire Auto Body Shop and Retail at 430 S Geneva Road,nan,0.9,COMMERCIAL_PROJECT,"Approval of a site plan for a two-building commercial development including a tire/auto body shop, general retail space, restaurant, parking, landscaping, and related site improvements in the Regional Commercial Zone.","430 S Geneva Road, Vineyard, UT",,,Guilford Rand,Regional Commercial Zone,,PROPOSED,45,"Multi-use commercial development with mixed uses (retail, food service, auto services). Site plan stage indicates project is relatively advanced in approval process.",https://www.utah.gov/pmn/sitemap/notice/1077143.html,,pmn,2026-06-01T13:46:15.664388Z
pmn_1077143_item1,Vineyard,Planning Commission,2026-05-06,Site Plan Amendment: Utah City Wellness Center and Resort Pool Phase 2,nan,0.9,COMMERCIAL_PROJECT,"Approval of a site plan amendment to update building elevations and landscaping for Phase 2 of the Utah City Wellness Center and Resort Pool, with no other changes to the previously approved site plan.",,,,Flagborough,,,PROPOSED,55,Amendment to previously approved project. Phase 2 indicates ongoing major development. Changes are limited to aesthetic updates (elevations and landscaping).,https://www.utah.gov/pmn/sitemap/notice/1077143.html,,pmn,2026-06-01T13:46:15.664388Z
pmn_1078885,Vineyard,City Council,2026-05-12,City Council Meeting,nan,nan,,,,,,,,,PROPOSED,,,https://www.utah.gov/pmn/sitemap/notice/1078885.html,"Page 1 of 2; May 12, 2026, City Council Agenda
NOTICE OF TWO PUBLIC HEARINGS HELD DURING THE REGULAR CITY COUNCIL MEETING
May 12, 2026, at 6:00 PM
________________
PUBLIC NOTICE is hereby given that the Vineyard City Council will hold two Public Hearings and a regularly scheduled City Council meeting on Tuesday, May 12, 2026, at 6:00 PM, in the City Council Chambers at City Hall, 125 South Main Street, Vineyard, UT. This meeting can also be viewed on our live stream page.

AGENDA

Presiding Mayor Zack Stratton

1. CALL TO ORDER

2. PLEDGE OF ALLEGIANCE AND INVOCATION

3. RECOGNITIONS, AWARDS, OR PROCLAMATIONS
    3.1. Hunter Campbell and Tony Tienda, Environmental Utilities Operators The City recognizes Hunter Campbell and Tyson Tienda, Water Operator 1, for earning their Grade 2 Water Operator Certification. This certification reflects expertise in water systems and qualifies them to operate, treat, and distribute water in large, complex municipal systems.

3.2. Blaine Nielson, Public Works Technician The city recognizes Blaine Nielson, Public Works Technician, for receiving his ISA (International Society of Arboriculture) Arborist certification. This certificate reflects his continued professional growth and recognizes his level of knowledge and skill in the art and science of arboriculture, encompassing areas such as tree biology, diagnosis, maintenance, and safety.

4. CONFLICT OF INTEREST DISCLOSURE

5. PUBLIC HEARING FOR THE CONSOLIDATED FEE SCHEDULE
    5.1. Consolidated Fee Schedule

6. PUBLIC HEARING FOR THE TENTATIVE 2026-2027 FISCAL YEAR BUDGET
    6.1. Tentative 2026-2027 Fiscal Year Budget

7. CONSENT ITEMS
     7.1. Approval of the April 28, 2026, City Council Meeting Minutes
     7.2. Approval of the May 5, 2026, City Council Work Meeting Minutes
     7.3. Approval of Central Utah Water Conservancy District (CUWCD) CWP Water Supply Agreement and Takedown Schedule

8. PUBLIC COMMENTS (3 MINUTES)
'Public Comments' is def",pmn,2026-06-01T13:46:15.664250Z
pmn_1077157,Vineyard,City Council,2026-05-12,NOTICE OF PUBLIC HEARING FOR TENTATIVE FISCAL YEAR 2026-2027 BUDGET,nan,nan,,,,,,,,,PROPOSED,,,https://www.utah.gov/pmn/sitemap/notice/1077157.html,"VINEYARD CITY COUNCIL
VINEYARD RDA BOARD
NOTICE OF PUBLIC HEARING FOR TENATIVE FISCAL YEAR 2026-2027 BUDGET

Notice is hereby given that the Vineyard Redevelopment Agency (RDA) will hold a public hearing on Tuesday, May 12, 2026, starting at 6:00 PM in the City Council Chambers at 125 South Main Street, Vineyard, Utah, to hear public comment regarding the RDA Tentative Fiscal Year 2026-2027 Budget. 

Vineyard City Council will hold a public hearing on Tuesday, May 12, 2026, starting at 6:00 PM or as soon thereafter as possible, following the Redevelopment Agency Board Meeting, in the City Council Chambers at 125 South Main Street, Vineyard, Utah, to hear public comment regarding the Tentative Fiscal Year 2026-2027 Budget. 

Any person who has an interest in these matters may attend and be heard during the public hearings. Written comments and requests for copies of materials can be emailed to robinr@vineyardutah.gov prior to the meeting. The related budget documents can be found on our website at www.vineyardutah.gov/government/budget.php#outer-366

Robin Bond
Vineyard City Recorder",pmn,2026-06-01T13:46:15.664248Z
pmn_1080985_item0,Vineyard,City Council,2026-05-19,Cadence Homes discussion,nan,0.9,DEVELOPER_ACTIVITY,City Council work session discussion regarding Cadence Homes developer activity in Vineyard City,,,,Cadence Homes,,,PROPOSED,45,"Agenda item title only; minimal details provided in work session notice. Cadence Homes is a major regional homebuilder. Monitor for follow-up items in future agendas for specific project proposals, rezones, or subdivisions.",https://www.utah.gov/pmn/sitemap/notice/1080985.html,,pmn,2026-06-01T13:46:15.664245Z
pmn_1083107_item0,Vineyard,City Council,2026-05-26,"$694,500 Utah Outdoor Recreation Grant for All-Wheels Concrete Skate Park",nan,0.9,INFRASTRUCTURE,"Vineyard City has been awarded a $694,500 Utah Outdoor Recreation Grant for the All-Wheels Concrete Skate Park project.",,,,,,,APPROVED,20,Infrastructure improvement for parks and recreation; grant funding secured,https://www.utah.gov/pmn/sitemap/notice/1083107.html,,pmn,2026-06-01T13:46:15.664242Z
pmn_1083107_item1,Vineyard,City Council,2026-05-26,Cosmo at the Park - Special Event Fee Waiver,nan,0.9,,Special Event Fee Waiver Request for Cosmo at the Park event.,,,,,,,PROPOSED,0,Administrative fee waiver request; minimal development significance,https://www.utah.gov/pmn/sitemap/notice/1083107.html,,pmn,2026-06-01T13:46:15.664242Z
pmn_1083079_item0,Vineyard,City Council,2026-06-09,Holdaway Fields Development Agreement Amendment,nan,0.9,LARGE_PROJECT,"Amendment to existing development agreement for Holdaway Fields to align with current build strategy and implementation schedule. Proposal introduces phasing plan, park dedication timing, amenities, and lot frontage standards. Staff recommends impact fees be assessed at building permit application rather than locked in at agreement execution.",,,,Holdaway Fields developer,,,PROPOSED,72,"Development Agreement amendment rather than new approval. Staff recommendation emphasizes impact fee timing to avoid negative fiscal impacts on other residents. Phasing and amenity dedication timing being revised. Public hearing scheduled for June 9, 2026.",https://www.utah.gov/pmn/sitemap/notice/1083079.html,,pmn,2026-06-01T13:46:15.664237Z
