id,jurisdiction,body,meeting_date,title,item_type,confidence,url,agenda_text,source,scraped_at
pmn_1074985,American Fork,Planning Commission,2026-05-06,"Planning Commission Public Notice, Agenda, Amended Packet and Minutes",,,https://www.utah.gov/pmn/sitemap/notice/1074985.html,"NOTICE OF PUBLIC HEARINGS________________________________________
Notice is hereby given that the American Fork City Planning Commission will hold a Public Hearing on May 6, 2026, in the City Hall, located at 31 N. Church Street, commencing at 6:30 PM. 
The public and each affected entity is invited to provide information and comment for American Fork City to consider in the process of the proposed items.

-	Notice of public hearings and public meetings to consider general plan modifications.

o	Review and recommendation on a proposed Annexation Agreement, known as 620 South Annexation, located at approximately 6695 West 7300 North, American Fork City. On approximately 7.03 acres, the property will be annexed into American Fork City and be given the PF Public Facilities zoning designation.

Shortly before the public hearing, supporting documentation is posted on the city website at www.americanfork.gov or available by contacting the City Recorder at 801.763.3000.


Regular Session
May 6, 2026
Wednesday 6:30 PM

American Fork City Hall
31 North Church Street
American Fork City, UT 84003
https://www.americanfork.gov/AgendaCenter
________________________________________Planning Commission Members
 
Christine Anderson, Chair
Chris Christiansen, Vice Chair   
Geoff Dupaix
Rod Martin
David Bird
Harold Dudley
Claire Oldham 

 
Notice is hereby given that the American Fork City Planning Commission will meet in regular session on May 6, 2026, at the American Fork City Hall, 31 North Church Street commencing at 6:30 PM. The agenda shall be as follows:

1.	Regular Session
a.	Pledge of Allegiance
b.	Roll Call

2.	Public Comments
a.	Up to a 20-minute public comment period to receive public comments. Each speaker is limited to two minutes.

3.	Common Consent Agenda (Common Consent is that class of Commission action that requires no further discussion or which is routine in nature. All items on the Common Consent Agenda are adopted by a singl",pmn,2026-10-05T16:59:19.071854Z
pmn_1077583,American Fork,City Council,2026-05-12,05.12.26 Public Hearing - Chipman/Stake Center Annexation,,,https://www.utah.gov/pmn/sitemap/notice/1077583.html,"Public Hearing Notice - Chipman/Stake Center Annexation
Notice is hereby given that a petition for annexation was filed with American Fork City. The petition, which was accepted by the city council on October 22, 2024, covers approximately 24 acres consisting of property located at approximately 515 South 100 West.  The city recorder certified the petition, and the legislative body provided notice according to Utah Code 10-2-406. A 30-day period was allowed to give property owners and affected entities the opportunity to submit written protests. A public hearing was previously held on February 25, 2025.
A public hearing will be held on Tuesday, May 12, at 7 p.m. at the American Fork City Hall (31 N. Church Street) to allow the public to comment on the Chipman/Stake Center Annexation. After the public hearing, American Fork City may choose to deny or grant the petition and annex the area described in the petition. 
The complete annexation petition is available for inspection and copying at the American Fork City Recorder's office (51 E. Main Street, American Fork) or by emailing tlurker@americanfork.gov
Dated this 30th day of April 2026.
/s/ Terilyn Lurker, City Recorder",pmn,2026-10-05T16:59:19.071587Z
pmn_1078299,American Fork,Planning Commission,2026-05-20,Planning Commission Agenda - Canceled,,,https://www.utah.gov/pmn/sitemap/notice/1078299.html,"CANCELED - AMERICAN FORK CITY
PLANNING COMMISSION AGENDA
________________________________________
Regular Session - Canceled
May 20, 2026
Wednesday 6:30 PM

American Fork City Hall
31 North Church Street
American Fork City, UT 84003
https://www.americanfork.gov/AgendaCenter
________________________________________Planning Commission Members
 
Christine Anderson, Chair
Chris Christiansen, Vice Chair   
Geoff Dupaix
Rod Martin
David Bird
Harold Dudley
Claire Oldham 

 
Notice is hereby given that the American Fork City Planning Commission regular session on May 20, 2026, has been canceled.

Dated this 6th day of May 2026
Patrick O'Brien
Development Services Director
*The order of agenda items may change at the discretion of the Planning Commission Chair",pmn,2026-10-05T16:59:19.071851Z
pmn_1082813,American Fork,Planning Commission,2026-06-03,"Planning Commission Amended Public Notice Letter, Agenda, and Amended Packet",,,https://www.utah.gov/pmn/sitemap/notice/1082813.html,"NOTICE OF PUBLIC HEARINGS
________________________________________

Notice is hereby given that the American Fork City Planning Commission will hold a Public Hearing on June 3, 2026, in the City Hall, located at 31 N. Church Street, commencing at 6:30 PM. 
The public and each affected entity is invited to provide information and comment for American Fork City to consider in the process of the proposed items.

-	Notice of public hearings and public meetings to consider general plan modifications.

o	Public hearing, review, and recommendation on a proposed Land Use Map Amendment, known as 13:059:0130 & 13:059:0131 - LUMA, located at approximately 375 S 860 E, American Fork City. Consisting of 1.96 acres, the property proposes to change from the Planned Community land use designation to the Design Commercial land use designation.

 	Description: The proposed Land Use Map Amendment promotes economic opportunity and economic development on the east side of American Fork City.

o	Public hearing, review, and recommendation on a proposed Zone Change, known as 13:059:0130 & 13:059:0131 - Zone Change, located at approximately 375 S 860 E, American Fork City. Consisting of 1.96 acres, the property proposes to change from the PC and GC-2 Zones to the GC-1 Zone. 

 	Description: The proposed Zone Change promotes economic opportunity and economic development on the east side of American Fork City.

o	Public hearing, review, and recommendation on a proposed Land Use Map Amendment, known as Dixie Well (943 S 900 W) - LUMA, located at approximately 943 S 900 W, American Fork City. Consisting of 0.78 acres, the property proposes to change from the Residential Very-Low Density land use designation to the Institutional Lands, Schools and Public Facilities land use designation.

 	Description: The property in question will have a city culinary well drilled on the property. This will change the property's use from vacant to public facilities. This allows for proper prop",pmn,2026-10-05T16:59:19.071847Z
pmn_1087445,American Fork,Planning Commission,2026-06-17,Planning Commission Agenda - Canceled,,,https://www.utah.gov/pmn/sitemap/notice/1087445.html,"AMERICAN FORK CITY
PLANNING COMMISSION AGENDA - CANCELED
________________________________________

Regular Session - Canceled
June 17, 2026
Wednesday 6:30 PM

American Fork City Hall
31 North Church Street
American Fork City, UT 84003
https://www.americanfork.gov/AgendaCenter

Planning Commission Members 
Christine Anderson, Chair
Chris Christiansen, Vice Chair   
Geoff Dupaix
Rod Martin
David Bird
Harold Dudley
Claire Oldham 

Notice is hereby given that the American Fork City Planning Commission regular session on June 17, 2026, has been canceled. 

Dated this 9th day of June 2026
Patrick O'Brien
Development Services Director

*The order of agenda items may change at the discretion of the Planning Commission Chair",pmn,2026-10-05T16:59:19.071844Z
pmn_1091707,American Fork,Planning Commission,2026-07-08,"Planning Commission Public Notice, Agenda, Packet and Minutes",,,https://www.utah.gov/pmn/sitemap/notice/1091707.html,"NOTICE OF PUBLIC HEARINGS

Notice is hereby given that the American Fork City Planning Commission will hold a Public Hearing on July 8, 2026, in the City Hall, located at 31 N. Church Street, commencing at 6:30 PM. 
The public and each affected entity is invited to provide information and comment for American Fork City to consider in the process of the proposed items.
-	Notice of public hearings and public meetings on adoption or modification of land use regulation.

o	Public hearing, review, and recommendation on a proposed Code Text Amendment, known as Floodplain Management, of the American Fork City Municipal Code. Amending Section 15.16, the Code Text Amendment plans to amend the code related to Floodplain Management. 

 	Description: The proposed amendment seeks to amend the municipal code to ensure compliance with updated and revised FEMA maps and regulations. 

o	Public hearing on a proposed Code Text Amendment, known as Easements, of the American Fork City Municipal Code. Amending Section 15.01.110, the Code Text Amendment plans to clarify the required conveyance documents for easements.

 	Description: The amendment establishes what document type must be used to convey easements, requiring conveyance on a plat when a plat is required, and a graphical exhibit tied to the Utah County Surveyor's monument system when a plat is not required.


o	Public hearing, review, and recommendation on a proposed Code Text Amendment, known as AF014-Natural Gas Regulator Station, of the American Fork City Municipal Code. Amending Section 17.4.601 PF Public Facilities Zone, the Code Text Amendment proposes Natural Gas Regulator Stations as a Conditional Use within the zone.

 	Description: The Code Text Amendment looks to permit Natural Gas Regulator Stations within the PF Zone as a Conditional Use due to increase growth within American Fork City.


o	Public hearing, review, and recommendation on a proposed Code Text Amendment, known as 'N' Definitions, of",pmn,2026-10-05T16:59:19.071841Z
pmn_1097205,American Fork,Planning Commission,2026-08-05,Planning Commission Meeting - Canceled,,,https://www.utah.gov/pmn/sitemap/notice/1097205.html,"Notice is hereby given that the American Fork City Planning Commission session on August 5, 2026, has been canceled. All agenda items will be carried over to the August 19, 2026, Planning Commission meeting. 


AMERICAN FORK CITY
AMENDED PLANNING COMMISSION AGENDA
________________________________________
Regular Session
August 5, 2026
Wednesday 6:30 PM

American Fork City Hall
31 North Church Street
American Fork City, UT 84003
https://www.americanfork.gov/AgendaCenter

Planning Commission Members

Christine Anderson, Chair
Chris Christiansen, Vice Chair   
Geoff Dupaix
Rod Martin
David Bird
Harold Dudley
Claire Oldham

Notice is hereby given that the American Fork City Planning Commission session on August 5, 2026, has been canceled. All agenda items will be carried over to the August 19, 2026, Planning Commission meeting. 

1.	Regular Session
a.	Pledge of Allegiance
b.	Roll Call

2.	Public Comments
a.	Up to a 20-minute public comment period to receive public comments. Each speaker is limited to two minutes.

3.	Common Consent Agenda (Common Consent is that class of Commission action that requires no further discussion or which is routine in nature. All items on the Common Consent Agenda are adopted by a single motion unless removed from the Common Consent Agenda).
a.	Approval of the July 8, 2026, Planning Commission minutes

4.	Action Items (Action Items is that class of Commission action that requires further discussion on Site Plans and proposed zoning designation for annexing areas. The Planning Commission will have authority to approve Site Plans for final action and provide recommendations for the zone of annexing property.)
a.	Review and action on a proposed Request for Consideration for a project known as Lone Automotive located at 105 S 700 E Unit E. The applicants for this project request to operate an Auto Dealership in the GC-1 General Commercial Zoning.  
b.	Review and recommendation on a proposed Request for Cons",pmn,2026-10-05T16:59:19.071837Z
pmn_1098461,American Fork,Planning Commission,2026-08-19,"Planning Commission Agenda, Public Notice Letters, Packet and Minutes",,,https://www.utah.gov/pmn/sitemap/notice/1098461.html,"AMERICAN FORK CITY
PLANNING COMMISSION AGENDA
________________________________________
Regular Session
August 19, 2026
Wednesday 6:30 PM

American Fork City Hall
31 North Church Street
American Fork City, UT 84003
https://www.americanfork.gov/AgendaCenter
________________________________________Planning Commission Members
 
Christine Anderson, Chair
Chris Christiansen, Vice Chair   
Geoff Dupaix
Rod Martin
David Bird
Harold Dudley
Claire Oldham 

 
Notice is hereby given that the American Fork City Planning Commission will meet in regular session on August 19, 2026, at the American Fork City Hall, 31 North Church Street commencing at 6:30 PM. The agenda shall be as follows:

1.	Regular Session
a.	Pledge of Allegiance
b.	Roll Call

2.	Public Comments
a.	Up to a 20-minute public comment period to receive public comments. Each speaker is limited to two minutes.

3.	Common Consent Agenda (Common Consent is that class of Commission action that requires no further discussion or which is routine in nature. All items on the Common Consent Agenda are adopted by a single motion unless removed from the Common Consent Agenda).
a.	Approval of the July 8, 2026, Planning Commission minutes

4.	Public Hearings (Public Hearings is that class of Commission action that requires further discussion on General Plan changes, Zone changes, and Code Text Amendments that alter the land use characteristics of American Fork City. Public Hearing items will have the chance for the public to speak upon.)
a.	Public hearing on a proposed zone for an annexation, known as Chipman and Stake Center #2 Annexation, located at approximately 100 W 700 S, American Fork City. Consisting of approximately 24 acres, the property is proposed to be annexed into American Fork City and is proposed to receive the PR-3.0 zoning designation.
b.	Public hearing on an update to the American Fork General Plan to update all sections to establish an updated vision for growth and developme",pmn,2026-10-05T16:59:19.071833Z
pmn_1103557,American Fork,City Council,2026-08-25,08.25.26 City Council agenda,,,https://www.utah.gov/pmn/sitemap/notice/1103557.html,"AMERICAN FORK CITY COUNCIL
AUGUST 25, 2026
		MEETING AGENDA




*Notice of Electronic Meeting*
One or more City Council members may be physically absent from this meeting but may participate electronically.

Notice is hereby given that the American Fork City Council will hold a regular session on Tuesday, August 25, 2026, in City Hall, located at 31 North Church Street, commencing at 7:00 p.m. The agenda shall be as follows:

REGULAR SESSION
1.	Pledge of Allegiance; Invocation by Council Member Taylor; roll call. 
2.	Twenty-minute public comment period - limited to two minutes per person. 
3.	City Administrator's Report 
4.	Council Reports 
5.	Mayor's Report 
COMMON CONSENT AGENDA
 (Common Consent is that class of Council action that requires no further discussion or which is routine in nature.  All items on the Common Consent Agenda are adopted by a single motion unless removed from the Common Consent Agenda.)
1.	Approval of the July 14, 2026, city council minutes. 
2.	Approval of the July 28, 2026, city council minutes. 
3.	Approval of the August 4, 2026, work session minutes. 
4.	Approval of the August 11, 2026, public hearing minutes. 
5.	Approval of a Reimbursement Agreement with Bridge Haven for Bridges at Fox Hollow Plat B. 
6.	Approval of a Reimbursement Agreement with Deborah and Maurice Navarro for 247 East 700 North. 
7.	Ratification of city payments (July 22, 2026, to August 18, 2026) and approval of purchase requests over $50,000. 
ACTION ITEMS
1.	Review and action on a resolution setting the 2026 Tax Rate for Fiscal Year Ending June 30, 2027.
2.	Review and action on a resolution adopting the fiscal year ending June 30, 2027, city budgets.
3.	Review and action on the CDBG Subrecipient Agreement for American Fork City Culinary Waterline Improvements - CDBG 11 King Street.
4.	Review and action on a pioneering agreement with AFEW1 LLC for system improvements association with the Edgewater and the Yard subdivisions. 
5.	Revie",pmn,2026-10-05T16:59:19.071512Z
pmn_1104657,American Fork,City Council,2026-09-01,09.01.26 Work Session - canceled,,,https://www.utah.gov/pmn/sitemap/notice/1104657.html,"Notice is hereby given that the American Fork City Council work session scheduled for Tuesday, September 1, 2026, in the City Administration Conference Room, located at 51 East Main, has been canceled.",pmn,2026-10-05T16:59:19.071508Z
pmn_1103269,American Fork,Planning Commission,2026-09-02,"Planning Commission Public Notice, Agenda, and Packet",,,https://www.utah.gov/pmn/sitemap/notice/1103269.html,"NOTICE OF PUBLIC HEARINGS________________________________________
Notice is hereby given that the American Fork City Planning Commission will hold a Public Hearing on September 2, 2026, in the City Hall, located at 31 N. Church Street, commencing at 6:30 PM. 
The public and each affected entity is invited to provide information and comment for American Fork City to consider in the process of the proposed items.

-	Notice of public hearings and public meetings on adoption or modification of land use regulation.

o	Public hearing, review, and recommendation on a proposed Code Text Amendment, known as Park Strips and Trees, of the American Fork City Municipal Code. Amending Chapter 12.16, the Code Text Amendment plans to repeal the existing chapter 12.16 of the American Fork City Code and replace it with the new Chapter 12.16 to provide codification, repeal of conflicting provisions, severability, and an effective date for an updated park strips and trees ordinance.      

 	Description: Providing a new and rewritten Chapter 12.16 of the American Fork City Code to provide regulations regarding park strips and trees. This code will provide information regarding planting trees within park strips and repeal conflicting provisions of the City code. 

Shortly before the public hearing, supporting documentation is posted on the city website at www.americanfork.gov or available by contacting the City Recorder at 801.763.3000.",pmn,2026-10-05T16:59:19.071830Z
pmn_1106591,American Fork,City Council,2026-09-08,09.08.26 City Council agenda,,,https://www.utah.gov/pmn/sitemap/notice/1106591.html,"AMERICAN FORK CITY COUNCIL SEPTEMBER 8, 2026 
REGULAR SESSION AGENDA


*Notice of Electronic Meeting*
One or more City Council members may be physically absent from this meeting but may participate
electronically.
The American Fork City Council will meet in a regular session on September 8, 2026, in the American Fork City Hall, 31 North Church Street, commencing at 7:00 PM. The agenda shall be as follows:

PUBLIC HEARING
1.	Receiving public comments on the disposition of real property at 700 South 100 West.
2.	Receiving public comment on the Chipman/Stake Center Annexation, located in the vicinity of 510 South 100 West and consisting of approximately 24 acres.

REGULAR SESSION
1.	Pledge of Allegiance; Invocation; roll call.
2.	Twenty-minute public comment period - limited to two minutes per person.
3.	City Administrator's report.
4.	Council reports.
5.	Mayor's report.

COMMON CONSENT AGENDA
(Common Consent is that class of Council action that requires no further discussion or which is routine in nature.  All items on the Common Consent Agenda are adopted by a single motion unless removed from the Common Consent Agenda.)
1.	Approval of the August 11, 2026, corrected truth in taxation public hearing minutes. 
2.	Approval of the August 18, 2026, work session minutes.
3.	Approval of the August 25, 2026, city council minutes.
4.	Consideration regarding authorization to release the Improvements Construction Guarantee in the amount of $41,020.00 and issue a Notice of Acceptance for the Roderick Catalyst Lot 7 construction of public improvements located at 68 East 1600 South.
5.	Approval of a Class A Beer License for Rancho Markets located at 702 East State Street.
6.	Acceptance of a waterline easement for the National GMC Addition Commercial Site plat at 629 East 1000 South.
7.	Ratification of city payments (August 25, 2026, to September 1, 2026) and approval of purchase requests over $50,000.

ACTION ITEMS
1.	Review and action on a water ban",pmn,2026-10-05T16:59:19.071504Z
pmn_1104279,American Fork,City Council,2026-09-08,09.08.26 Public Hearing - Chipman/Stake Center Annexation,,,https://www.utah.gov/pmn/sitemap/notice/1104279.html,"Public Hearing Notice - Chipman/Stake Center Annexation
Notice is hereby given that a petition for annexation was filed with American Fork City. The petition, which was accepted by the city council on July 28, 2026, covers approximately 24 acres consisting of property located at 510 South 100 West. The city recorder certified the petition, and the legislative body provided notice according to Utah Code 10-2-807. A 30-day period was allowed to give property owners and affected entities the opportunity to submit written protests.
A public hearing will be held on Tuesday, September 8, 2026, at 7 p.m. at the American Fork City Hall (31 N. Church Street) to allow the public to comment on the Chipman/Stake Center Annexation. After the public hearing, American Fork City may choose to deny or grant the petition and annex the area described in the petition. 
The complete annexation petition is available for inspection and copying at the American Fork City Recorder's office (51 E. Main Street, American Fork) or by emailing tlurker@americanfork.gov
Dated this 25th day of August.
/s/ Terilyn Lurker, City Recorder",pmn,2026-10-05T16:59:19.071496Z
pmn_1104277,American Fork,City Council,2026-09-08,09.08.26 Public Hearing - Disposition of Real Property,,,https://www.utah.gov/pmn/sitemap/notice/1104277.html,"NOTICE OF PUBLIC HEARING
Notice is hereby given that the American Fork City Council will hold a public hearing in conjunction with a regular session on Tuesday, September 8, 2026, at 7:00 p.m. at the American Fork City Hall, 31 North Church Street. The City Council will receive public comments regarding the disposition of the following parcels:
Parcel Number 13:050:0262 containing 5.524 acres at approximately 700 South 100 West. It is currently located in Utah County, but when annexed into the city it will be located in the PR-3.0 zone. The property is currently being used for grazing.
Parcel Number 13:066:0024 containing 0.940 acres at approximately 730 South 100 West. It is currently located in Utah County, but when annexed into the city it will be located in the PR-3.0 zone. The property is currently being used for grazing.
Parcel Number 13:050:0263 containing 0.0247 acres at approximately 700 South 25 West. It is currently located in Utah County, but when annexed into the city it will be located in the PR-3.0 zone. The property is currently being used for grazing.
For questions or more information, please contact tlurker@americanfork.gov
Dated this 25th day of August 2026.

/s/Terilyn Lurker
City Recorder",pmn,2026-10-05T16:59:19.071500Z
pmn_1107981,American Fork,City Council,2026-09-15,09.15.26 City Council Work Session - canceled,,,https://www.utah.gov/pmn/sitemap/notice/1107981.html,"AMERICAN FORK CITY COUNCIL
SEPTEMBER 15, 2026 
 
 
WORK SESSION AGENDA -CANCELED 




*Notice of Electronic Meeting*
One or more City Council members may be physically absent from this meeting but may
participate electronically.

Notice is hereby given that the American Fork City Council work session regularly scheduled for
Tuesday, September 16, 2026, in the City Administration Conference Room, located at 51 East
Main Street, commencing at 4:00 p.m. has been canceled.

Dated the 10th day of September 2026. 

/s/Terilyn Lurker
City Recorder









- In accordance with the Americans with Disabilities Act, the City of American Fork will make reasonable
accommodations to participate in the meeting. Requests for assistance can be made by contacting the City
Recorder at 801-763-3000 at least 48 hours in advance of the meeting. 
- The order of agenda items may be changed to accommodate the needs of the City Council, staff, and the
public.",pmn,2026-10-05T16:59:19.071493Z
pmn_1106291,American Fork,Planning Commission,2026-09-16,"Planning Commission Public Notice, Agenda and Packet",,,https://www.utah.gov/pmn/sitemap/notice/1106291.html,"AMERICAN FORK CITY
PLANNING COMMISSION AGENDA
________________________________________
Regular Session
September 16, 2026
Wednesday 6:30 PM

American Fork City Hall
31 North Church Street
American Fork City, UT 84003
https://www.americanfork.gov/AgendaCenter
Planning Commission Members
 
Christine Anderson, Chair
Chris Christiansen, Vice Chair   
Geoff Dupaix
Rod Martin
David Bird
Harold Dudley
Claire Oldham 

 
Notice is hereby given that the American Fork City Planning Commission will meet in regular session on September 16, 2026, at the American Fork City Hall, 31 North Church Street commencing at 6:30 PM. The agenda shall be as follows:

1.	Regular Session
a.	Pledge of Allegiance
b.	Roll Call

2.	Public Comments
a.	Up to a 20-minute public comment period to receive public comments. Each speaker is limited to two minutes.

3.	Common Consent Agenda (Common Consent is that class of Commission action that requires no further discussion or which is routine in nature. All items on the Common Consent Agenda are adopted by a single motion unless removed from the Common Consent Agenda).
a.	Approval of the September 2, 2026, Planning Commission minutes

4.	Public Hearings (Public Hearings is that class of Commission action that requires further discussion on General Plan changes, Zone changes, and Code Text Amendments that alter the land use characteristics of American Fork City. Public Hearing items will have the chance for the public to speak upon.)
a.	Public hearing on a proposed Code Text Amendment, known as 'A' Definitions of the American Fork City Municipal Code. Amending Section 17.12.201, the Code Text Amendment provides definitions for accessory buildings, accessory dwellings, and accessory structures.
b.	Public hearing on a proposed Code Text Amendment, known as 'D' Definitions of the American Fork City Municipal Code. Amending Section 17.12.204, the Code Text Amendment provides a definition for detached accessory dwelling uni",pmn,2026-10-05T16:59:19.071826Z
pmn_1109955,American Fork,City Council,2026-09-22,09.22.26 City Council agenda - AMENDED,,,https://www.utah.gov/pmn/sitemap/notice/1109955.html,"AMERICAN FORK CITY COUNCIL SEPTEMBER 22, 2026 
REGULAR SESSION AGENDA
*AMENDED*





*Notice of Electronic Meeting*

One or more City Council members may be physically absent from this meeting but may participate
electronically.


The American Fork City Council will meet in a regular session on September 22, 2026, in the American Fork City Hall, 31 North Church Street, commencing at 7:00 PM. The agenda shall be as follows:

PUBLIC HEARING
1.	Receiving public comments on amendments to the fiscal year ending June 30, 2026, city budgets.

REGULAR SESSION
1.	Pledge of Allegiance; Invocation by Council Member Holley; roll call.
2.	Twenty-minute public comment period. Members of the public may address the Council for up to two minutes each. The Council will listen to all comments but will not discuss or respond to matters raised during the public comment period.
3.	City Administrator's report.
4.	Council reports.
5.	Mayor's report.

COMMON CONSENT AGENDA

(Common Consent is that class of Council action that requires no further discussion or which is routine in nature. All items on the Common Consent Agenda are adopted by a single motion unless removed from the Common Consent Agenda.)

1.	Consideration regarding authorization to release the Improvements Durability Retainer of $3,574,043.30 for Fenn Farms located at 350 South 700 West.
2.	Approval of a Class A beer license for Solrise II UT-8 LLC located at 21 North 1020 West.
3.	Approval of a Class A beer license for Solrise II UT-10 LLC located at 585 East State Road.

4.	Ratification of city payments (September 2, to September 15, 2026) and approval of purchase requests over $50,000.

ACTION ITEMS

1.	Review and action on a resolution approving amendments to the fiscal year ending June 30, 2026, city budget.
2.	Review and action on a water banking agreement with Deer Park Development LLC for water rights in the amount of 42.112 acre-feet.
3.	Review and action on an ordinance amendi",pmn,2026-10-05T16:59:19.071485Z
pmn_1108527,American Fork,City Council,2026-09-22,09.22.26 Public Hearing - FYE 2026 Budget amendments,,,https://www.utah.gov/pmn/sitemap/notice/1108527.html,"AMERICAN FORK CITY COUNCIL
SEPTEMBER 22, 2026
PUBLIC HEARING


	

NOTICE OF PUBLIC HEARING
Notice is hereby given that the American Fork City Council will hold a public hearing in conjunction with a regular session on Tuesday, September 22, 2026, at 7:00 p.m. at the American Fork City Hall, 31 North Church Street. The City Council will receive public comments for the purpose of amending the American Fork City FY 2026 Budget. All interested people are invited to attend.
Dated this 14th day of September 2026

/s/Terilyn Lurker
City Recorder",pmn,2026-10-05T16:59:19.071489Z
pmn_1110797,American Fork,City Council,2026-09-22,Ordinance No. 2026-09-22,,,https://www.utah.gov/pmn/sitemap/notice/1110797.html,"Notice of Ordinance Adoption

Notice is hereby given that on September 22, 2026, the American Fork City Council adopted Ordinance No. 2026-09-22 which approved amendments to Chapter 12.12.030 titled Sidewalks and Frontage - Cleaning by Property Owner. This clarifies the owner or occupant of a property is responsible for maintaining the entire frontage of the property, including front, side, and rear yard. The ordinance is available for public inspection during normal business hours (Monday through Thursday 7 a.m. to 6 p.m.)

Dated this 23rd day of September 2026

/s/Terilyn Lurker
City Recorder",pmn,2026-10-05T16:59:19.071481Z
pmn_1112677,American Fork,City Council,2026-10-06,10.06.26 City Council work session - canceled,,,https://www.utah.gov/pmn/sitemap/notice/1112677.html,"AMERICAN FORK CITY COUNCIL
OCTOBER 6, 2026
		WORK SESSION AGENDA -CANCELED




*Notice of Electronic Meeting*
One or more City Council members may be physically absent from this meeting but may participate electronically.

Notice is hereby given that the American Fork City Council work session regularly scheduled for Tuesday, October 6, 2026, in the City Administration Conference Room, located at 51 East Main Street, commencing at 4:00 p.m. has been canceled.

Dated the 1st day of October 2026.

/s/Terilyn Lurker
City Recorder",pmn,2026-10-05T16:59:19.071475Z
pmn_1110767,American Fork,Planning Commission,2026-10-07,"Planning Commission Public Notice, Agenda and Packet",,,https://www.utah.gov/pmn/sitemap/notice/1110767.html,"________________________________________
NOTICE OF PUBLIC HEARINGS________________________________________
Notice is hereby given that the American Fork City Planning Commission will hold a Public Hearing on October 7, 2026, in the City Hall, located at 31 N. Church Street, commencing at 6:30 PM. 
The public and each affected entity is invited to provide information and comment for American Fork City to consider in the process of the proposed items.

-	Notice of public hearings and public meetings on adoption or modification of land use regulation.

o	Public hearing, review, and recommendation on a proposed Code Text Amendment, known as Sploot Veterinary Clinic, of the American Fork City Municipal Code. Amending Section 17.7.602 Planned Shopping Center Projects, the Code Text Amendment plans to propose Veterinary Clinics as a permitted use with the SC-1 Zone.  

 	Description: The Code Text Amendment proposes Veterinary Clinics as a permitted use within the SC-1 Zone. The Veterinary Clinics proposed in the SC-1 Zone would only have small animal care only, no outside runs, and no overnight boarding.

o	Public hearing, review, and recommendation on a proposed Code Text Amendment, known as American Fork Hillcrest 2. 3. 6 Wards, of the American Fork City Municipal Code. Amending Section 17.21.020 Landscaping Requirements, the Code Text Amendment plans to increase the lawn areas for Institutional Uses (churches, schools, etc.).
 	Description: The Code Text Amendment proposes to increase the lawn areas for Institutional Uses (churches, schools, etc.) to 33 percent of the Total Landscaped Area from 20 percent of the Total Landscaped Area.

o	Public hearing, review, and recommendation on a proposed Code Text Amendment, known as Performance Guarantee, of the American Fork City Municipal Code. Amending Section 17.9, the Code Text Amendment clarifies improvements, public or private, required to be included in the performance guarantee that applicants provide to t",pmn,2026-10-05T16:59:19.071819Z
pmn_1091553,Bluffdale,City Council & Planning Commission,2026-07-08,Notice of Public Hearing,,,https://www.utah.gov/pmn/sitemap/notice/1091553.html,"NOTICE OF PUBLIC HEARING

Notice is hereby given that a public hearing will be held before the Bluffdale City Council on Wednesday, July 8, 2026, at Bluffdale City Hall, 2222 West 14400 South, which will begin at 6:00 p.m., or as soon thereafter as possible for the purpose of receiving public comment on proposed Text Amendments as follows:
1.	Consolidate Chapters 11.80.010 (R-1-43 Residential Zone) and 11.80.020 (R-1-10 Residential Zone) into a new Chapter 11.80.010 ('Single-Family Residential Zones'), outlining lot and building requirements for all existing single-family zones and creating the R2 ('half-acre') and R3 ('third-acre') zones;
2.	Relocated Chapter 11.80.040 (R-1-87 Residential Zone) into Chapter 11.70 (Agricultural Zone) and renaming that zone to A-2);
3.	Amending Chapter 11.350.030 of the Bluffdale City Code to incorporate new R2 and R3 Zones and their respective uses and large animal rights;
4.	Modifying the lot standards (width, frontage, setbacks, and coverage) in the R-1-10 (Renamed as R4) Zone;
5.	Amending Chapter 11.290 of the Bluffdale City Code to note Development Agreements may be required as part of a Zone Map Amendment request under certain circumstances;
6.	Amend assorted sections of the Bluffdale City Code to update code titles and related references; and
7.	Updating the legend and zone labels on the Official Zoning Map to reflect those same changes.
City of Bluffdale, Applicant. Caitlyn Tubbs, Staff Contact.
In addition to attendance at the City Council meeting, if you have any comments or concerns, there are several additional ways to participate: 
1.	View meeting on the City's website at www.bluffdale.gov.
2.	Email your comments to councilmeetingcomment@bluffdale.gov for the City Council and include 'Residential Zones Text Amendment' in the subject line of the email.
3.	Mailed written comments will also be accepted. Please mail to the following:
City of Bluffdale Planning Department
c/o Caitlyn Tubbs, Planning Manager
2",pmn,2026-10-05T16:59:19.073434Z
pmn_1091947,Bluffdale,City Council & Planning Commission,2026-07-08,Notice of Public Hearing,,,https://www.utah.gov/pmn/sitemap/notice/1091947.html,"NOTICE OF PUBLIC HEARING

Notice is hereby given that a public hearing will be held before the Bluffdale City Council on Wednesday, July 8, 2026, at Bluffdale City Hall, 2222 W 14400 S, which will begin at 6:00 p.m., or as soon thereafter as possible for the purpose of receiving public comment on the following:

-	A request to amend the General Plan Map for approximately 1.90 acres at 13942 South 2700 West (lined in yellow) from Very Low Density Residential to Commercial and to amend the Zoning Map for the same property from R-1-43 Residential to General Commercial;
         
General Plan					Zoning Map

-	A request for a Development Agreement to develop four (4) flex buildings on approximately 3.914 acres at 13918 South 2700 West, 13942 South 2700 West, and 13937 South 2950 West (outlined in yellow), also reducing glazing and brick percentages and allowing construction sales and service, general and limited manufacturing, printing services, temporary job trailers and offices, and wholesale and warehousing as permitted uses within the project. 
 
 
In addition to attendance at the City Council meeting, if you have any comments or concerns, there are several additional ways to participate:
1.	View meeting on the City's website at www.bluffdale.gov.
2.	Email your comments to councilmeetingcomment@bluffdale.gov for the Planning Commission and include '2950 Flex' in the subject line of the email.
3.	Mailed written comments will also be accepted. Please mail to the following: 
City of Bluffdale Planning Department
c/o Caitlyn Tubbs, Planning Manager
2222 West 14400 South 
Bluffdale, Utah 84065

For further information, please contact Caitlyn Tubbs at ctubbs@bluffdale.gov or 801-849-9466.

In compliance with the Americans with Disabilities Act, individuals needing assistance or other services for this meeting should contact Bluffdale City Hall at least 24 hours in advance of such meeting at 801.254.2200. TTY 7-1-1. The City website is located at www.",pmn,2026-10-05T16:59:19.073438Z
pmn_1094485,Bluffdale,City Council & Planning Commission,2026-07-22,Notice of Public Hearing,,,https://www.utah.gov/pmn/sitemap/notice/1094485.html,"Notice is hereby given that a public meeting will be held before the Bluffdale City Council on Wednesday July 22, 2026, at Bluffdale City Hall, 2222 W 14400 S, which will begin at 6:00 p.m., or as soon thereafter as possible for the purpose of receiving public comment on proposed Text Amendments to update the City Code as follows: 
-	Chapter 3.100 - to create a new chapter establishing definitions, permitted locations, inspections, local contact requirements, fees, registration provisions, and compliance standards for short-term rentals. 
-	Chapter 11.20.020 - to add a general definition for 'Short-Term Rental' within the zoning code definitions section. 
-	Chapters 11.350.020 and 11.350.030 - to amend the Residential and Nonresidential Zones use tables to allow short-term rentals within residential zoning districts and prohibit them within commercial and industrial zoning districts. 
-	Chapter 11.110.070.090 - to amend the Mixed Use Land Use Requirements table to allow short-term rentals, in accordance with BCC 3.100, as a permitted use. 
-	Chapter 11.110.100.040 - to amend the SD-X Bringhurst Station Project Zone standards to allow short-term rentals, in accordance with BCC 3.100, as a permitted use. 
-	Chapter 11.110.090.040 - to amend the Development Standards and Design Guidelines to allow short-term rentals, in accordance with BCC 3.100, as a permitted use.
City of Bluffdale, Applicant.  Ellen Oakman, Staff Presenter (Application 2026-02).

In addition to attendance at the City Council, if you have any comments or concerns, there are several additional ways to participate:
1.	View meeting on the City's website at www.bluffdale.gov.
2.	Email your comments to councilmeetingcomment@bluffdale.gov for the City Council and include 'STR Text Amendment' in the subject line of the email.
3.	Mailed written comments will also be accepted. Please mail to the following: 
City of Bluffdale Planning Department
c/o Ellen Oakman, Associate Planner
2222 West 1440",pmn,2026-10-05T16:59:19.073424Z
pmn_1094493,Bluffdale,City Council & Planning Commission,2026-07-22,Notice of Public Hearing,,,https://www.utah.gov/pmn/sitemap/notice/1094493.html,"NOTICE OF PUBLIC HEARING

Notice is hereby given that a public meeting will be held before the Bluffdale City Council on Wednesday, July 22, 2026, at Bluffdale City Hall, 2222 W 14400 S, which will begin at 6:00 p.m., or as soon thereafter as possible for the purpose of receiving public comment on proposed Text Amendments as follows:
1.	Enacting Section 11.160.320 Placement and Usage of Accessory Storage Containers to allow for placement and use of storage containers (e.g. shipping containers, Conex containers, enclosed truck trailers, freight containers, etc.) within the City of Bluffdale and limiting the number and locations of such within residential and non-residential zones. 
City of Bluffdale, Applicant. Caitlyn Tubbs, Staff Contact. (Application 2025-23)

In addition to attendance at the City Council meeting, if you have any comments or concerns, there are several additional ways to participate: 
1.	View meeting on the City's website at www.bluffdale.gov.
2.	Email your comments to councilmeetingcomment@bluffdale.gov for the City Council and include 'Storage Containers' in the subject line of the email.
3.	Mailed written comments will also be accepted. Please mail to the following:
City of Bluffdale Planning Department
c/o Caitlyn Tubbs, Planning Manager
2222 West 14400 South
Bluffdale, UT 84065

For further information, please contact Caitlyn Tubbs at ctubbs@bluffdale.gov or 801-849-9466.
In compliance with the Americans with Disabilities Act, individuals needing assistance or other services for this meeting should contact Bluffdale City Hall at least 24 hours in advance of such meeting at 801-254-2200. TTY 7-1-1. The City website is located at www.bluffdale.gov.",pmn,2026-10-05T16:59:19.073427Z
pmn_1094495,Bluffdale,City Council & Planning Commission,2026-07-22,Notice of Public Hearing,,,https://www.utah.gov/pmn/sitemap/notice/1094495.html,"NOTICE OF PUBLIC HEARING

Notice is hereby given that a public meeting will be held before the Bluffdale City Council on Wednesday, July 22, 2026, at Bluffdale City Hall, 2222 W 14400 S, which will begin at 6:00 p.m., or as soon thereafter as possible for the purpose of receiving public comment on proposed Text Amendments as follows:
1.	Amending Chapter 11.20 of the Bluffdale City Code to adopt definitions of 'fulfillment center' and 'medical transportation establishment' and amending Section 11.350.020 of the Bluffdale City Code to permit these new uses within certain non-residential zones.
City of Bluffdale, Applicant. Caitlyn Tubbs, Staff Contact. (Application 2026-18)

In addition to attendance at the City Council meeting, if you have any comments or concerns, there are several additional ways to participate: 
1.	View meeting on the City's website at www.bluffdale.gov.
2.	Email your comments to councilmeetingcomment@bluffdale.gov for the City Council and include 'New Land Uses' in the subject line of the email.
3.	Mailed written comments will also be accepted. Please mail to the following:
City of Bluffdale Planning Department
c/o Caitlyn Tubbs, Planning Manager
2222 West 14400 South
Bluffdale, UT 84065

For further information, please contact Caitlyn Tubbs at ctubbs@bluffdale.gov or 801-849-9466.
In compliance with the Americans with Disabilities Act, individuals needing assistance or other services for this meeting should contact Bluffdale City Hall at least 24 hours in advance of such meeting at 801-254-2200. TTY 7-1-1. The City website is located at www.bluffdale.gov.",pmn,2026-10-05T16:59:19.073431Z
pmn_1101441,Bluffdale,City Council & Planning Commission,2026-08-26,Street Vacation for 1690 W,,,https://www.utah.gov/pmn/sitemap/notice/1101441.html,"Notice is hereby given that a public hearing will be held before the Bluffdale City Council on Wednesday, August 26, 2026, at Bluffdale City Hall, 2222 W 14400 S, which will begin at 6:00 p.m., or as soon thereafter as possible, for the purpose of receiving public comment on a request to vacate a portion of public right-of-way at approximately 14471 South 1690 West. The Applicant requests the City Council consider vacating approximately 1,396.51 square feet (0.032 acres) of the 1690 West public street right-of-way. Court and Kimberly Dymock, Applicant. (Application 2026-09). 
In addition to attendance at the City Council meeting, if you have any comments or concerns, there are several additional ways to participate:
1.	View meeting on the City's website at www.bluffdale.gov.
2.	Email your comments to councilmeetingcomment@bluffdale.gov for the City Council and include 'Street Vacation' in the subject line of the email.
3.	Mailed written comments will also be accepted. Please mail to the following: 
City of Bluffdale Planning Department
c/o Ellen Oakman, Associate Planner
2222 West 14400 South 
Bluffdale, Utah 84065",pmn,2026-10-05T16:59:19.073420Z
pmn_1104903,Bluffdale,City Council & Planning Commission,2026-09-09,Notice of Public Hearing,,,https://www.utah.gov/pmn/sitemap/notice/1104903.html,"Notice is hereby given that a public hearing will be held before the Bluffdale City Council on Wednesday, September 9, 2026, at Bluffdale City Hall, 2222 W 14400 S, which will begin at 6:00 p.m., or as soon thereafter as possible for the purpose of receiving public comment on a request to amend the Zoning Map for approximately 2.01 acres at 14433 South 2200 West from R1 Residential to R2 Residential;

In addition to attendance at the City Council meeting, if you have any comments or concerns, there are several additional ways to participate:
1.	View meeting on the City's website at www.bluffdale.gov.
2.	Email your comments to councilmeetingcomment@bluffdale.gov for the City Council and include '2200 West Zoning' in the subject line of the email.
3.	Mailed written comments will also be accepted. Please mail to the following: 
City of Bluffdale Planning Department
c/o Caitlyn Tubbs, Planning Manager
2222 West 14400 South 
Bluffdale, Utah 84065

For further information, please contact Caitlyn Tubbs at ctubbs@bluffdale.gov or 801-849-9466.",pmn,2026-10-05T16:59:19.073416Z
pmn_1106119,Bluffdale,City Council & Planning Commission,2026-09-23,Notice of Public Hearing,,,https://www.utah.gov/pmn/sitemap/notice/1106119.html,"NOTICE OF PUBLIC HEARING

Notice is hereby given that the Bluffdale Planning Commission will hold a public hearing on Wednesday, September 16, 2026, at Bluffdale City Hall, 2222 W 14400 S, which will begin at 6:00 PM or as soon thereafter as possible and the Bluffdale City Council will hold a public hearing on Wednesday September 23, 2026, at Bluffdale City Hall, 2222 W 14400 S, which will begin at 6:00 PM or as soon thereafter as possible for the purpose of receiving public comment on a Transportation Master Plan amendment.

In addition to attendance at the Planning Commission and City Council meetings, if you have any comments or concerns, there are several additional ways to participate:
1.	View meeting on the City's website at www.bluffdale.gov.
2.	Email your comments to planningmeetingcomment@bluffdale.gov and councilmeetingcomment@bluffdale.gov and include 'Transportation Master Plan Amendment' in the subject line of the email. Please send your email before 4:00 PM on Wednesday, September 16, 2026, to ensure delivery to the Planning Commission and before 4:00 PM on Wednesday, September 23, 2026, to ensure delivery to the Council.
3.	Mailed written comments will also be accepted. Please mail to the following: 
City of Bluffdale Engineering Department
c/o Addison Mitton, Assistant City Engineer
2222 West 14400 South 
Bluffdale, Utah 84065

For further information, please contact Addison Mitton at amitton@bluffdale.com or 801-849-9427.

In compliance with the Americans with Disabilities Act, individuals needing assistance or other services for these meetings should contact Bluffdale City Hall at least 24 hours in advance of such meeting at (801)-254-2200. TTY 7-1-1. The City website is located at www.bluffdale.gov.",pmn,2026-10-05T16:59:19.073403Z
pmn_1106121,Bluffdale,City Council & Planning Commission,2026-09-23,Notice of Public Hearing,,,https://www.utah.gov/pmn/sitemap/notice/1106121.html,"NOTICE OF PUBLIC HEARING

Notice is hereby given that the Bluffdale Planning Commission will hold a public hearing on Wednesday, September 16, 2026, at Bluffdale City Hall, 2222 W 14400 S, which will begin at 6:00 PM or as soon thereafter as possible and the Bluffdale City Council will hold a public hearing on Wednesday September 23, 2026, at Bluffdale City Hall, 2222 W 14400 S, which will begin at 6:00 PM or as soon thereafter as possible for the purpose of receiving public comment on updates to Roadway Standard Cross Sections.

In addition to attendance at the Planning Commission and City Council meetings, if you have any comments or concerns, there are several additional ways to participate:
1.	View meeting on the City's website at www.bluffdale.gov.
2.	Email your comments to planningmeetingcomment@bluffdale.gov and councilmeetingcomment@bluffdale.gov and include 'Road Standards' in the subject line of the email. Please send your email before 4:00 PM on Wednesday, September 16, 2026, to ensure delivery to the Planning Commission and before 4:00 PM on Wednesday, September 23, 2026, to ensure delivery to the Council.
3.	Mailed written comments will also be accepted. Please mail to the following: 
City of Bluffdale Engineering Department
c/o Addison Mitton, Assistant City Engineer
2222 West 14400 South 
Bluffdale, Utah 84065

For further information, please contact Addison Mitton at amitton@bluffdale.com or 801-849-9427.

In compliance with the Americans with Disabilities Act, individuals needing assistance or other services for these meetings should contact Bluffdale City Hall at least 24 hours in advance of such meeting at (801)-254-2200. TTY 7-1-1. The City website is located at www.bluffdale.gov.",pmn,2026-10-05T16:59:19.073409Z
pmn_1106211,Bluffdale,City Council & Planning Commission,2026-09-23,Notice of Public Hearing,,,https://www.utah.gov/pmn/sitemap/notice/1106211.html,"NOTICE OF PUBLIC HEARING

Notice is hereby given that a public hearing will be held before the Bluffdale City Planning Commission on Wednesday, September 16, 2026, at Bluffdale City Hall, 2222 W 14400 S, which will begin at 6:00 p.m., or as soon thereafter as possible and before the Bluffdale City Council on Wednesday, September 23, 2026, at Bluffdale City Hall, 2222 West 14400 South, which will begin at 6:00 p.m., or as soon thereafter as possible for the purpose of receiving public comment on the following:

-	A request to amend the General Plan Map for approximately 2.09 acres at 14553 South 3400 West (outlined in yellow) from Very Low Density Residential to Low Density Residential and to amend the Zoning Map for the same property from R1 Residential to R2 Residential;

        

In addition to attendance at the Planning Commission and City Council meetings, if you have any comments or concerns, there are several additional ways to participate:
1.	View meeting on the City's website at www.bluffdale.gov.
2.	Email your comments to planningmeetingcomment@bluffdale.gov for the Planning Commission and include 'Day Rezone' in the subject line of the email.
3.	Email your comments to councilmeetingcomment@bluffdale.gov for the City Council and include 'Day Rezone' in the subject line of the email.
4.	Mailed written comments will also be accepted. Please mail to the following: 
City of Bluffdale Planning Department
c/o Caitlyn Tubbs, Planning Manager
2222 West 14400 South 
Bluffdale, Utah 84065

For further information, please contact Caitlyn Tubbs at ctubbs@bluffdale.gov or 801-849-9466.

In compliance with the Americans with Disabilities Act, individuals needing assistance or other services for this meeting should contact Bluffdale City Hall at least 24 hours in advance of such meeting at 801.254.2200. TTY 7-1-1. The City website is located at www.bluffdale.gov.",pmn,2026-10-05T16:59:19.073413Z
pmn_1105037,Draper,City Council,2026-09-01,City Council Agenda,,,https://www.utah.gov/pmn/sitemap/notice/1105037.html,"CITY COUNCIL AGENDA
Tuesday, September 1, 2026, 6:30 PM
1020 E. Pioneer Rd.
Draper, Utah 84020

AMENDED AGENDA - ADDING ITEM 4.E

6:30 PM STUDY SESSION (ADMINISTRATIVE CONFERENCE ROOM)

        CLOSED MEETING, IF NECESSARY - TO BE ANNOUNCED IN MOTION
        The Draper City Council may temporarily recess the meeting and convene in a closed meeting as provided by UCA § 52-4-205.

        Council/Manager Reports

7:00 PM BUSINESS SESSION

1.	Call to Order

2.	Pledge of Allegiance

3.	Public Comments
To be considerate of everyone attending the meeting, public comments will be restricted to items that are not listed on this or a future agenda and limited to three minutes per person.                                                 Comments which cannot be made within these limits should be submitted in writing to the City Recorder prior to noon the day before the meeting. Comments pertaining to an item on the agenda should not be given at this time but should be held until that item is called.

4.	Consent Items

        4.a  Approve the August 12, 2026 and August 18, 2026 City Council Meeting Minutes

        4.b  Approve Resolution #26-40
        A resolution reappointing Geneva Woodmansee as a member of the Draper City Parks, Trails, and Recreation Committee. Staff: Kellie Challburg.

        4.c  Approve Resolution #26-41
        A resolution appointing Laura Fidler as a regular member of the Draper City Planning Commission. Staff: Kellie Challburg.

        4.d  Approve Resolution #26-42
        A resolution appointing Drew Martinez as an alternate member of the Draper City Planning Commission. Staff: Kellie Challburg.

       4.e  Approve Resolution #26-43
       A resolution authorizing the Mayor to execute a Quit Claim Deed for certain real property located in the Suncrest Development. Staff report by Traci Gundersen.

5.	Items for Council Consideration
 
        5.a Action Item: Approve Ordinance #1737
        An ordinanc",pmn,2026-10-05T16:59:19.075189Z
pmn_1104411,Draper,City Council,2026-09-01,Tree Committee,,,https://www.utah.gov/pmn/sitemap/notice/1104411.html,"TREE COMMITTEE AGENDA

Tuesday, September 1, 2026, 8:00 AM
1020 East Pioneer Road Draper, Utah 84020 
Administration Conference Room

1.	Welcome and Roll Call

2.	Approval of Previous Meeting Minutes 2.a Minutes from May 5, 2026

3.	Wheadon Farm Park Donation

4.	Tree Committee Duties

4.a Plan for Inventory of Existing Trees

4.b Plans for various public areas such as:

Entrances to the city - city council has expressed desire to potentially enlist the Tree committee and allocate budget here

City parks -

     potential planting project for splash pad
     private citizen donor planting for Wheadon Park Main transportation corridors and others

Recommend goals and policies to the city council regarding tree culture for Draper City


4.c Policies for planting of trees for beautification, noise dampening, visual screening, weather protection, erosion control

4.d Recommendations to city council on public relations matters, including, but not limited to Arbor Day, cleanup days, home beautification contests and other tree related city activities

4.e Street Tree Guide
 
4.f  Recommendations to city if desired:

Make recommendations on arboricultural specifications and standards of practices for all trees and shrubbery on City property, and recommend standards and specifications for the work of any person or organization engaged in the business of working on trees within the city

Make recommendations on the grounds immediately surrounding the trees and shrubbery on public property, as far as it is necessary to assure the proper growth, care and protection of said trees and shrubbery

Make recommendations on the care and treatment of trees and shrubbery, including planting, maintenance, pruning, spraying and removal of trees and shrubbery on city property;

Make recommendations on the identification, marking and preservation of historic or notable trees


4.g Develop standards and specifications regarding the planting of tre",pmn,2026-10-05T16:59:19.075194Z
pmn_1105927,Draper,City Council,2026-09-02,Notice of Ordinance Adoption: Ordinance #1737 - Amending Title 3 Chapter 4 of the Draper Municipal Code regarding Government Records Access and Management,,,https://www.utah.gov/pmn/sitemap/notice/1105927.html,"Posted on September 2, 2026, on the Utah Public Notice Website https://www.utah.gov/pmn/, the Draper City Website https://www.draperutah.gov/ and at City Hall, 1020 E. Pioneer Road, Draper, UT

Notice of Ordinance Adoption - Ordinance #1737

On September 1, 2026, the Draper City Council Adopted Ordinance #1737 amending Title 3 Chapter 4 of the Draper City Municipal Code regarding Government Records Access and Management. The complete ordinance is on file at the Draper City Recorder's Office and available online at https://www.draperutah.gov/

Published this 2nd of September, 2026.

Attest: Nicole Smedley, City Recorder",pmn,2026-10-05T16:59:19.075185Z
pmn_1108263,Draper,City Council,2026-09-15,City Council Agenda,,,https://www.utah.gov/pmn/sitemap/notice/1108263.html,"CITY COUNCIL AGENDA
Tuesday, September 15, 2026, 5:30 PM
1020 E. Pioneer Rd.
Draper, Utah 84020

5:30 PM STUDY SESSION (ADMINISTRATIVE CONFERENCE ROOM)

CLOSED MEETING, IF NECESSARY - TO BE ANNOUNCED IN MOTION
The Draper City Council may temporarily recess the meeting and convene in a closed meeting as provided by UCA § 52-4-205.

Discussion: Draper Days Recap - David and Kellie

Discussion: Willow Creek Update - Scott

Council/Manager Reports

7:00 PM BUSINESS SESSION

1.	Call to Order

2.	Pledge of Allegiance

3.	Public Comments

To be considerate of everyone attending the meeting, public comments will be restricted to items that are not listed on this or a future agenda and limited to three minutes per person. Comments which cannot be made within these limits should be submitted in writing to the City Recorder prior to noon the day before the meeting. Comments pertaining to an item on the agenda should not be given at this time but should be held until that item is called.

4.	Consent Items

4.a Approve the September 1, 2026 City Council Meeting Minutes

4.b Approve Resolution #26-44

A resolution reappointing Alan Taylor as a member of the Draper City Building Board of Appeals. Staff: Kellie Challburg.

5.	Items for Council Consideration
 
5.a Public Hearing: Ordinance #1738

An ordinance approving the Exchange Development Agreement for approximately 2.15 acres of property located at approximately 14068 South 145 East within Draper City. Staff report by Jennifer Jastremsky.

5.b Public Hearing: Resolution #26-46

A resolution amending the adopted budget of Draper City for Fiscal Year 2026-2027. Staff report by John Vuyk.

5.c Action Item: Resolution #26-47

A resolution disposing of surplus personal property in accordance with Draper City municipal code 3-3-150. Staff report by John Vuyk.

6.	Adjournment",pmn,2026-10-05T16:59:19.075182Z
pmn_1106027,Draper,City Council,2026-09-15,Notice of Public Hearing: Amendment of the Draper City Fiscal Year 2026-2027 Budget,,,https://www.utah.gov/pmn/sitemap/notice/1106027.html,"Posted on September 3, 2026, on the Utah Public Notice Website www.utah.gov/pmn/ Draper City Website www.draperutah.gov/news/ and at Draper City Hall, 1020 E. Pioneer Road, Draper, UT

NOTICE OF PUBLIC HEARING: Budget Amendment for Fiscal Year 2026-2027

Notice is hereby given that the Draper City Council will hold a public hearing to consider reopening and amending the Draper City Fiscal Year 2026-2027 Budget.

The hearing will be held at Draper City Hall in the City Council Chambers, on September 15, 2026 at 7:00 p.m. The complete notice is posted on the Utah Public Notice Website; www.utah.gov/pmn/, Draper City Website; www.draperutah.gov/news/, and at Draper City Hall. 

To request a copy of the public notice or for additional inquiries contact John Vuyk at (801) 576-6318 or john.vuyk@draperutah.gov

Dated this 3rd day of September, 2026
Attest: Nicole Smedley, City Recorder",pmn,2026-10-05T16:59:19.075175Z
pmn_1106239,Draper,City Council,2026-09-15,Notice of Public Hearing: Exchange 14068 South 145 East Development Agreement Request,,,https://www.utah.gov/pmn/sitemap/notice/1106239.html,"Posted on September 3, 2026, on the Utah Public Notice Website www.utah.gov/pmn/ Draper City Website www.draperutah.gov/news/ and at Draper City Hall, 1020 E. Pioneer Road, Draper, UT

NOTICE OF PUBLIC HEARING: Exchange 14068 South 145 East Development Agreement Request

Notice is hereby given that Draper City will hold a public hearing before the below bodies 
to consider the above listed request. The property is located at approximately 14068 S. 145 East. The purpose of the request is to modify Draper City Municipal Code Title 9 standards to allow a building up to 60-feet in height and allow alternative architectural and parking standards. The request will allow a building to be built in the existing Exchange at 140th office complex which better aligns with what has already been built in the complex.

-	Planning Commission: September 10, 2026 at 6:30 p.m. 
-	City Council: September 15, 2026 at 7:00 p.m.

Both hearings will be held at Draper City Hall in the City Council Chambers. The complete notice is posted on the Utah Public Notice Website; www.utah.gov/pmn/, Draper City Website; www.draperutah.gov/news/, and at Draper City Hall. 

To request a copy of the public notice or for additional inquiries contact Jennifer Jastremsky at Draper City offices, jennifer.jastremsky@draperutah.gov & 801-576-6328.

Dated this 3rd Day of September, 2026

Attest: Nicole Smedley, City Recorder",pmn,2026-10-05T16:59:19.075178Z
pmn_1109251,Draper,City Council,2026-09-16,Notice of Ordinance Adoption: Ordinance #1738 approving the Exchange 14068 South 145 East Development Agreement for approximately 2.15 acres of property,,,https://www.utah.gov/pmn/sitemap/notice/1109251.html,"Posted on September 16, 2026, on the Utah Public Notice Website https://www.utah.gov/pmn/, the Draper City Website https://www.draperutah.gov/ and at City Hall, 1020 E. Pioneer Road, Draper, UT

Notice of Ordinance Adoption - Ordinance #1738

On September 15, 2026, the Draper City Council Adopted Ordinance #1738 approving the Exchange 14068 South 145 East Development Agreement for approximately 2.15 acres of property located at approximately 14068 South 145 East within Draper City. The complete ordinance is on file at the Draper City Recorder's Office and available online at https://www.draperutah.gov/

Published this 16th Day of September, 2026.

Attest: Nicole Smedley, City Recorder",pmn,2026-10-05T16:59:19.075171Z
pmn_1107761,Draper,Planning Commission,2026-09-24,Notice of Public Hearing: Academy Plaza Site Plan Request,,,https://www.utah.gov/pmn/sitemap/notice/1107761.html,"Posted on September 10, 2026, on the Utah Public Notice Website www.utah.gov/pmn/ Draper City Website www.draperutah.gov/news/ and at Draper City Hall, 1020 E. Pioneer Road, Draper, UT

NOTICE OF PUBLIC HEARING: Academy Plaza Site Plan Request

Notice is hereby given that Draper City will hold a public hearing before the Planning Commission to consider the above listed request. The purpose of the request is to receive approval of a site plan for the development of office/warehouse and vertical mixed use buildings.  

The hearing will be held at Draper City Hall in the City Council Chambers, on September 24, 2026 at 6:30 p.m.  The complete notice is posted on the Utah Public Notice Website; www.utah.gov/pmn/, Draper City Website; www.draperutah.gov/news/, and at Draper City Hall. 

To request a copy of the public notice or for additional inquiries contact Todd Taylor at (801) 576-6510 or todd.taylor@draperutah.gov. 

Dated this 10th Day of September, 2026

Attest: Nicole Smedley, City Recorder",pmn,2026-10-05T16:59:19.073630Z
pmn_1104611,Draper,Planning Commission,2026-09-24,Notice of Public Hearing: Bangerter Crossroads Site Plan Request,,,https://www.utah.gov/pmn/sitemap/notice/1104611.html,"Posted on September 2, 2026, on the Utah Public Notice Website www.utah.gov/pmn/ Draper City Website www.draperutah.gov/news/ and at Draper City Hall, 1020 E. Pioneer Road, Draper, UT

NOTICE OF PUBLIC HEARING: Bangerter Crossroads Site Plan Request

Notice is hereby given that Draper City will hold a public hearing before the Planning Commission to consider the above listed request. The property is located at approximately 13782 S. 300 E. The purpose of the request is for approval of phase 1 of a commercial site plan for development of the currently vacant site.

The hearing will be held at Draper City Hall in the City Council Chambers, on September 24, 2026 at 6:30 p.m.  The complete notice is posted on the Utah Public Notice Website; www.utah.gov/pmn/, Draper City Website; www.draperutah.gov/news/, and at Draper City Hall. 

To request a copy of the public notice or for additional inquiries contact Todd A. Draper at (801) 576-6335 or todd.draper@draperutah.gov.  

Dated this 2nd Day of September, 2026.

Attest: Nicole Smedley, City Recorder",pmn,2026-10-05T16:59:19.073623Z
pmn_1107763,Draper,Planning Commission,2026-09-24,Notice of Public Hearing: Grange Plat Amendment Request,,,https://www.utah.gov/pmn/sitemap/notice/1107763.html,"Posted on September 10, 2026 on the Utah Public Notice Website www.utah.gov/pmn/ Draper City Website www.draperutah.gov/news/ and at Draper City Hall, 1020 E. Pioneer Road, Draper, UT

NOTICE OF PUBLIC MEETING: Grange Plat Amendment Request

Notice is hereby given that Draper City will hold a public meeting before the Planning Commission to consider the above listed request.  The property is located at approximately 603 E. 12000 South.  The purpose of the request is to amend the Grange Subdivision Plat and combine the two lots into one lot.

The hearing will be held at Draper City Hall in the City Council Chambers, on September 24, 2026, at 6:30 p.m. The complete notice is posted on the Utah Public Notice Website; www.utah.gov/pmn/, Draper City Website; www.draperutah.gov/news/, and at Draper City Hall. 

To request a copy of the public notice or for additional inquiries contact Maryann DeHaven at (801) 576-6391 or maryann.dehaven@draperutah.gov. 

Public comment on the proposal will not be taken at the meeting, but the meeting is open to the public for attendance.

Dated this 10th Day of September, 2026

Attest: Nicole Smedley, City Recorder",pmn,2026-10-05T16:59:19.073633Z
pmn_1107759,Draper,Planning Commission,2026-09-24,Notice of Public Hearing: Rivian KMAC-CSD Zoning Text Amendment Request,,,https://www.utah.gov/pmn/sitemap/notice/1107759.html,"Posted on September 10, 2026, on the Utah Public Notice Website www.utah.gov/pmn/ Draper City Website www.draperutah.gov/news/ and at Draper City Hall, 1020 E. Pioneer Road, Draper, UT

NOTICE OF PUBLIC HEARING: Rivian KMAC-CSD Zoning Text Amendment Request

Notice is hereby given that Draper City will hold a public hearing before the Planning Commission to consider the above listed request. The property is located at approximately 11601 S Lone Peak Pkwy. The purpose of the request is for a zoning text amendment regarding signage within the Karl Malone Auto Center Commercial Special District.  

The hearing will be held at Draper City Hall in the City Council Chambers, on September 24, 2026 at 6:30 p.m.  The complete notice is posted on the Utah Public Notice Website; www.utah.gov/pmn/, Draper City Website; www.draperutah.gov/news/, and at Draper City Hall. 

To request a copy of the public notice or for additional inquiries contact Todd Draper at (801) 576-6335 or todd.draper@draperutah.gov. 

Dated this 10th Day of September, 2026

Attest: Nicole Smedley, City Recorder",pmn,2026-10-05T16:59:19.073626Z
pmn_1110033,Draper,Planning Commission,2026-09-24,Planning Commission Agenda,,,https://www.utah.gov/pmn/sitemap/notice/1110033.html,"PLANNING COMMISSION AGENDA

Thursday, September 24, 2026, 6:30 PM 
1020 East Pioneer Road
Draper, UT 84020 Council Chambers

6:30 PM BUSINESS MEETING

1.	Items for Commission Consideration

1.a	Action Item: Selection of a new Draper City Planning Commission Vice-Chair

1.b	Action Item: Approve Planning Commission Meeting Minutes for August 27, 2026 (Administrative Action)
Approval of Planning Commission Meeting Minutes for August 27, 2026.

1.c	Public Hearing: Rivian KMAC-CSD Text Amendment (Legislative Item) On the request of Logan Johnson, representing Wright Development Group and Smith Payne Lone Peak, LLC. for a zoning text amendment to the KMAC-CSD zone. Known as application 2026-0169-TA. Staff Contact: Todd Draper, (801) 576-6335, todd.draper@draperutah.gov.

1.d	Public Meeting: The Grange Plat Amendment Request (Administrative Item)
On the request of Steven Gomm, property owner, a Subdivision Plat Amendment Request for approximately 0.99 acres located at 603 E. 12000 South. Known as application 2026-0009-SUB. Staff contact: Maryann DeHaven, (801) 576-6391, maryann.dehaven@drapertutah.gov.

1.e	Public Hearing: Academy Plaza Site Plan Request (Administrative Action)
On the request of Joe Johnsen of J Development, representing Dumar, LLC, a request for approval of a Site Plan for development of office/warehouse and vertical mixed-use buildings on approximately 7.69 acres located at approximately 421 West 13490 South, known as Application No.: 2026-0085-SP. Staff contact: Todd Taylor, (801) 576-6510, todd.taylor@draperutah.gov.

1.f	Public Hearing: Fratto Subdivision Plat Amendment Request (Administrative Item)
On the request of Troy Dana, a subdivision Plat Amendment for 2.03 acres located at approximately 791 E. 12200 S. Known as Application 2026-0100-SUB. Staff Contact: Nick Whittaker, 801-576-6522, Nick.Whittaker@draperutah.gov.

1.g	Public Hearing: Bangerter Crossroads Site Plan Request (Administrative Item)
On the request of Troy ",pmn,2026-10-05T16:59:19.073637Z
pmn_1112499,Draper,City Council,2026-10-06,City Council Agenda,,,https://www.utah.gov/pmn/sitemap/notice/1112499.html,"CITY COUNCIL AGENDA
Tuesday, October 6, 2026, 5:30 PM
1020 E. Pioneer Rd.
Draper, Utah 84020

5:30 PM STUDY SESSION (ADMINISTRATIVE CONFERENCE ROOM)

CLOSED MEETING, IF NECESSARY - TO BE ANNOUNCED IN MOTION
The Draper City Council may temporarily recess the meeting and convene in a closed meeting as provided by UCA § 52-4-205.

Quarterly Financial Update - John

Discussion: Fleet Policy - Scott

Council/Manager Reports

7:00 PM BUSINESS SESSION

1.	Call to Order

2.	Pledge of Allegiance

3.	Recognition: Communications Director, Linda Peterson by Rachael Van Cleave of the Utah Public Information Officer Association

4.	Oaths of Office: Police Department Master Officers

5.	Oaths of Office: Fire Department

6.	Public Comments

To be considerate of everyone attending the meeting, public comments will be restricted to items that are not listed on this or a future agenda and limited to three minutes per person. Comments which cannot be made within these limits should be submitted in writing to the City Recorder prior to noon the day before the meeting. Comments pertaining to an item on the agenda should not be given at this time but should be held until that item is called.

7.	Consent Items

7.a Approve the minutes of the September 15, 2026 City Council Meeting
 
7.b Approve Resolution #26-45
A resolution appointing Bryn Johnson and Emily Barton as members of the Draper City Audit Committee and appointing Councilmember Tasha Lowery as Chairperson. Staff: Kellie Challburg.

8.	Items for Council Consideration

8.a Public Hearing: Ordinance #1739
An ordinance amending the Official Zoning Map of Draper City for approximately 1.35 acres located at approximately 960 E. New Hope Dr. Otherwise known as the Snow Zoning Map Amendment Request. Staff Report by Nick Whittaker.

8.b Public Hearing: Ordinance #1740
An ordinance of Draper City amending the Text of the Land Use and Development Code of the Draper City Municipal Code relating t",pmn,2026-10-05T16:59:19.075167Z
pmn_1110935,Draper,City Council,2026-10-06,Notice of Public Hearing: Rivian KMAC-CSD Zoning Text Amendment Request,,,https://www.utah.gov/pmn/sitemap/notice/1110935.html,"Posted on September 24, 2026, on the Utah Public Notice Website www.utah.gov/pmn/ Draper City Website www.draperutah.gov/news/ and at Draper City Hall, 1020 E. Pioneer Road, Draper, UT

NOTICE OF PUBLIC HEARING: Rivian KMAC-CSD Zoning Text Amendment Request

Notice is hereby given that Draper City will hold a public hearing before the City Council to consider the above listed request. The property is located at approximately 11601 S Lone Peak Pkwy. The purpose of the request is for a zoning text amendment regarding signage within the Karl Malone Auto Center Commercial Special District.  

The hearing will be held at Draper City Hall in the City Council Chambers, on October 6, 2026 at 7:00 p.m.  The complete notice is posted on the Utah Public Notice Website; www.utah.gov/pmn/, Draper City Website; www.draperutah.gov/news/, and at Draper City Hall. 

To request a copy of the public notice or for additional inquiries contact Todd Draper at (801) 576-6335 or todd.draper@draperutah.gov. 

Dated this 24th Day of September, 2026

Attest: Nicole Smedley, City Recorder",pmn,2026-10-05T16:59:19.075163Z
pmn_1111063,Draper,City Council,2026-10-06,Notice of Public Hearing: Snow Zoning Map Amendment Request,,,https://www.utah.gov/pmn/sitemap/notice/1111063.html,"Posted on September 24, 2026, on the Utah Public Notice Website www.utah.gov/pmn/ Draper City Website www.draperutah.gov/news/ and at Draper City Hall, 1020 E. Pioneer Road, Draper, UT

NOTICE OF PUBLIC HEARING: Snow Zoning Map Amendment Request

Notice is hereby given that Draper City will hold a public hearing before the Draper City Council to consider the above listed request. The property is located at approximately 960 E. New Hope Dr. The purpose of the request is to change the zoning designation from RA1 (Residential agricultural, 40,000 ft2 min. lot size) to RA2 (Residential agricultural, 20,000 ft2 min. lot size)

The hearing will be held at Draper City Hall in the City Council Chambers, on October 6, 2026, at 7:00 p.m. The complete notice is posted on the Utah Public Notice Website; www.utah.gov/pmn/, Draper City Website; www.draperutah.gov/news/, and at Draper City Hall. 

To request a copy of the public notice or for additional inquiries contact Nick Whittaker, MCMP at (801) 576-6522 or nick.whittaker@draperutah.gov. 

Dated this 24th Day of September, 2026

Attest: Nicole Smedley, City Recorder",pmn,2026-10-05T16:59:19.075158Z
pmn_1110903,Draper,Planning Commission,2026-10-08,"Notice of Public Hearing: 136 Center CSD, Text Amendment Request",,,https://www.utah.gov/pmn/sitemap/notice/1110903.html,"Posted on September 24, 2026, on the Utah Public Notice Website www.utah.gov/pmn/ Draper City Website www.draperutah.gov/news/ and at Draper City Hall, 1020 E. Pioneer Road, Draper, UT

NOTICE OF PUBLIC HEARING: 136 Center CSD, Text Amendment Request

Notice is hereby given that Draper City will hold a public hearing before the Planning Commission to consider the above listed request. The property is located at approximately 13697 S. 200 W. The purpose of the request is to amend DCMC 9-18-010, article L. 136 Center Commercial Special District.

The hearing will be held at Draper City Hall in the City Council Chambers, on October 8, 2026, at 6:30 p.m. The complete notice is posted on the Utah Public Notice Website; www.utah.gov/pmn/, Draper City Website; www.draperutah.gov/news/, and at Draper City Hall. 

To request a copy of the public notice or for additional inquiries contact Nick Whittaker at (801) 576-6522 or Nick.Whittaker@draperutah.gov 

Dated this 24th Day of September, 2026

Attest: Nicole Smedley, City Recorder",pmn,2026-10-05T16:59:19.073616Z
pmn_1110905,Draper,Planning Commission,2026-10-08,Notice of Public Hearing: Draper TOD Fourth Amended Plat Request,,,https://www.utah.gov/pmn/sitemap/notice/1110905.html,"Posted on September 24, 2026 on the Utah Public Notice Website www.utah.gov/pmn/ Draper City Website www.draperutah.gov/news/ and at Draper City Hall, 1020 E. Pioneer Road, Draper, UT

NOTICE OF PUBLIC HEARING: Draper TOD Fourth Amended Plat Request

Notice is hereby given that Draper City will hold a public hearing before the Planning Commission to consider the above listed request. The property is located at approximately 593 W. Vista Station Blvd. The purpose of the request is to reconfigure four lots within the Draper TOD Second Amended Plat to support future development of the individual properties for multiple-family residential use.

The hearing will be held at Draper City Hall in the City Council Chambers, on October 8, 2026 at 6:30 p.m.  The complete notice is posted on the Utah Public Notice Website; www.utah.gov/pmn/, Draper City Website; www.draperutah.gov/news/, and at Draper City Hall. 

To request a copy of the public notice or for additional inquiries contact Todd A. Draper at (801) 576-6335 or todd.draper@draperutah.gov 

Dated this 24th Day of September, 2026

Attest: Nicole Smedley, City Recorder",pmn,2026-10-05T16:59:19.073613Z
pmn_1110909,Draper,Planning Commission,2026-10-08,Notice of Public Hearing: Pony Express Center Parking Deviation Request,,,https://www.utah.gov/pmn/sitemap/notice/1110909.html,"Posted on September 24, 2026, on the Utah Public Notice Website www.utah.gov/pmn/ Draper City Website www.draperutah.gov/news/ and at Draper City Hall, 1020 E. Pioneer Road, Draper, UT

NOTICE OF PUBLIC HEARING: Pony Express Center Parking Deviation Request

Notice is hereby given that Draper City will hold a public hearing before the Planning Commission to consider the above listed request. The property is located at approximately 12896 S. Pony Express Rd. The purpose of the request is for a parking reduction to a commercial business center. 

The hearing will be held at Draper City Hall in the City Council Chambers, on October 8, 2026 at 6:30 p.m.  The complete notice is posted on the Utah Public Notice Website; www.utah.gov/pmn/, Draper City Website; www.draperutah.gov/news/, and at Draper City Hall. 

To request a copy of the public notice or for additional inquiries contact Todd Draper at (801) 576-6335 or todd.draper@draperutah.gov. 

Dated this 24th Day of September, 2026

Attest: Nicole Smedley, City Recorder",pmn,2026-10-05T16:59:19.073609Z
pmn_1110901,Draper,Planning Commission,2026-10-08,Notice of Public Hearing: The Audio Wizard AV Home Occupation Conditional Use Permit Request,,,https://www.utah.gov/pmn/sitemap/notice/1110901.html,"Posted on September 24, 2026, on the Utah Public Notice Website www.utah.gov/pmn/ Draper City Website www.draperutah.gov/news/ and at Draper City Hall, 1020 E. Pioneer Road, Draper, UT

NOTICE OF PUBLIC HEARING: The Audio Wizard AV Home Occupation Conditional Use Permit Request

Notice is hereby given that Draper City will hold a public hearing before the Planning Commission to consider the above listed request. The property is located at approximately 386 W. Redberry Rd. The purpose of the request is to operate a home office that provides home and business technology system installations. 

The hearing will be held at Draper City Hall in the City Council Chambers, on October 8, 2026, at 6:30 p.m. The complete notice is posted on the Utah Public Notice Website; www.utah.gov/pmn/, Draper City Website; www.draperutah.gov/news/, and at Draper City Hall. 

To request a copy of the public notice or for additional inquiries contact Nick Whittaker at (801) 576-6522 or Nick.Whittaker@draperutah.gov 

Dated this 24th Day of September, 2026

Attest: Nicole Smedley, City Recorder",pmn,2026-10-05T16:59:19.073620Z
pmn_1110911,Draper,Planning Commission,2026-10-08,Notice of Public Hearing: The Duffin Zoning Map And Land Use Map Amendment Request,,,https://www.utah.gov/pmn/sitemap/notice/1110911.html,"Posted on September 24, 2026, on the Utah Public Notice Website www.utah.gov/pmn/ Draper City Website www.draperutah.gov/news/ and at Draper City Hall, 1020 E. Pioneer Road, Draper, UT

NOTICE OF PUBLIC HEARING: The Duffin Zoning Map And Land Use Map Amendment Request

Notice is hereby given that Draper City will hold a public hearing before the Planning Commission to consider the above listed request. The property is located at approximately 267 W. 11915 S. The purpose of the request is to Change the current zoning designation from R3 (Single-family residential) to CBP (Business/manufacturing park) and change the existing land use designation from Residential Medium Density to Business & Light Manufacturing.

The hearing will be held at Draper City Hall in the City Council Chambers, on October 8, 2026, at 6:30 p.m. The complete notice is posted on the Utah Public Notice Website; www.utah.gov/pmn/, Draper City Website; www.draperutah.gov/news/, and at Draper City Hall. 

To request a copy of the public notice or for additional inquiries contact Nick Whittaker at (801) 576-6522 or Nick.Whittaker@draperutah.gov 

Dated this 24th Day of September, 2026

Attest: Nicole Smedley, City Recorder",pmn,2026-10-05T16:59:19.073604Z
pmn_1095765,Eagle Mountain,Planning Commission,2026-07-28,07.28.2026 PCPH Notice,,,https://www.utah.gov/pmn/sitemap/notice/1095765.html,"EAGLE MOUNTAIN CITY 
NOTICE OF PUBLIC HEARINGS 

The Eagle Mountain Planning Commission will hold public hearings on July 28, 2026, at 6:30 
p.m., or as soon thereafter as business allows, in the Eagle Mountain City Council 
Chambers, located at 1650 E. Stagecoach Run, Eagle Mountain, Utah 84005.  The Planning 
Commission will receive public comments concerning the following items: 

Transportation Master Plan and Impact Fee Facilities Plan (IFFP) Update: The hearing is 
for adoption of an update to the Transportation Master Plan and Impact Fee Facilities Plan 
(IFFP) The City's Transportation Master Plan is intended to identify the needed 
transportation infrastructure needed to provide adequate service for the City's residents 
and businesses. This comprehensive transportation plan that must be developed and 
regularly maintained to combat the potential congestion caused by projected growth. This 
plan must incorporate the goals of the city of Eagle Mountain regarding the transportation 
systems within our jurisdiction and those regional facilities maintained by UDOT, UTA, Utah 
County, and neighboring communities. EMC Point of Contact: Assistant City Engineer, David 
Salazar: dsalazar@eaglemountain.gov. 

Pinnacles Master Development Plan/Master Development Agreement Zone Change: A 
request by Andy Flamm for Master Development Plan and Agreement Amendment (with an 
associated Rezone and Future Land Use Map Amendment) to change the identification and 
zoning of two parcels of land (County Assessor Acct./Serial #s 59:034:0192 & 59:034:0193) 
6.04 acres and 5.24 acres respectively, from Commercial Neighborhood to Agriculture and 
the future land use setting/category from Neighborhood Residential 1 to Ag. EMC Point of 
Contact: Senior Planner, Robert Hobbs, rhobbs@eaglemountain.gov. 

Pole Canyon Lot Split PLGA-26-9: A proposed lot split for 2333 N O St., Utah County 
Parcel Number 59:055:0011, that will create two lots of approximately te",pmn,2026-10-05T16:59:19.074953Z
pmn_1098383,Eagle Mountain,Planning Commission,2026-08-11,Pinnacles Rezone,,,https://www.utah.gov/pmn/sitemap/notice/1098383.html,"EAGLE MOUNTAIN CITY 

NOTICE OF PUBLIC HEARINGS 

The Eagle Mountain Planning Commission will hold a public hearing on August 11, 2026, at 
6:30 p.m., or as soon thereafter as business allows, in the Eagle Mountain City Council 
Chambers, located at 1650 E. Stagecoach Run, Eagle Mountain, Utah 84005.  The Planning 
Commission will receive public comments concerning the following items: 

Pinnacles Master Development Plan/Master Development Agreement Zone Change: A 
request by Andy Flamm for Master Development Plan and Agreement Amendment (with an 
associated Rezone and Future Land Use Map Amendment) to change the identification and 
zoning of one parcel of land (County Assessor Acct./Serial #s 59:034:0191) 2.48 acres, from 
Commercial Neighborhood to Agriculture and the future land use setting/category from 
Neighborhood Residential 1 to Ag. (The property was to be rezoned simultaneously with 
parcels 59:034:0192 & 59:034:0193 but was inadvertently overlooked.) EMC Point of 
Contact: Senior Planner, Robert Hobbs: rhobbs@eaglemountain.gov. 

Materials for the public hearing items may be viewed within three days of the meeting on the city 
website and at the Eagle Mountain City Recorder's Office, 1650 E Stagecoach Run, Eagle Mountain, 
UT, during normal business hours, Monday through Friday, 7:30 AM to 5:30 PM. If you need special 
accommodation to participate in the meeting, please call the City Recorder's Office at 801.789.6611.  
Open portions of the meeting can be viewed at www.eaglemountain.gov. 

THE PUBLIC IS INVITED TO PARTICIPATE IN ALL PUBLIC MEETINGS.",pmn,2026-10-05T16:59:19.074945Z
pmn_1099815,Eagle Mountain,Planning Commission,2026-08-11,Planning Commission Public Meeting,,,https://www.utah.gov/pmn/sitemap/notice/1099815.html,"EAGLE MOUNTAIN 
PLANNING COMMISSION MEETING 
AUGUST 11, 2026, 5:30 PM 
EAGLE MOUNTAIN CITY COUNCIL CHAMBERS 
1650 EAST STAGECOACH RUN, EAGLE MOUNTAIN, UTAH 84005 
5:30 PM - PLANNING COMMISSION WORK SESSION 
1. 
DISCUSSION ITEMS 
1.A. TRAINING - Site Plans 
1.B. AGENDA REVIEW 
6:30 PM PLANNING COMMISSION POLICY SESSION 
2. 
3. 
4. 
5. 
6. 
7. 
8. 
9. 
CALL TO ORDER 
PLEDGE OF ALLEGIANCE 
DECLARATION OF CONFLICTS OF INTEREST 
MINUTES 
5.A. July 28, 2026 Planning Commission Minutes 
STATUS REPORT 
ACTION AND ADVISORY ITEMS 
7.A. PUBLIC HEARING / ACTION ITEM - An Ordinance of Eagle Mountain City, Utah, 
Rezoning Certain Lands Known as Pinnacles and Approving the Pinnacles Master 
Development Plan/Master Development Agreement Amendment. 
BACKGROUND: (Presented by Senior Planner, Robert Hobbs)  A request by Andy 
Flamm for Master Development Plan and Agreement Amendment (with an associated 
Rezone and Future Land Use Map Amendment) to change the identification and zoning 
of one parcel of land (County Assessor Acct./Serial #s 59:034:0191) 2.48 acres, from 
Commercial Neighborhood to Agriculture and the future land use setting/category from 
Neighborhood Residential 1 to Ag. (The property was to be rezoned simultaneously with 
parcels 59:034:0192 & 59:034:0193 but was inadvertently overlooked.)  
DISCUSSION ITEMS 
AGENDA REVIEW 
10. NEXT SCHEDULED MEETING 
11. ADJOURNMENT 
THE PUBLIC IS INVITED TO PARTICIPATE IN PUBLIC MEETINGS FOR ALL AGENDAS. 
In accordance with the Americans with Disabilities Act, Eagle Mountain City will make reasonable 
accommodations for participation in all Public Meetings and Work Sessions. Please call the City 
Recorder's Office at least 3 working days prior to the meeting at 801-789-6611. This meeting may be 
held telephonically to allow a member of the public body to participate. This agenda is subject to 
change with a minimum 24-hour notice.",pmn,2026-10-05T16:59:19.074949Z
pmn_1101871,Eagle Mountain,Planning Commission,2026-08-25,"PCPH 8.25.2026 Retaining Walls, Gateway, Spring Run Plaza Preliminary Plat Lot 1 and 2",,,https://www.utah.gov/pmn/sitemap/notice/1101871.html,"EAGLE MOUNTAIN CITY 
NOTICE OF PUBLIC HEARINGS 

The Eagle Mountain Planning Commission will hold public hearings on August 25, 2026, at 
6:30 p.m., or as soon thereafter as business allows, in the Eagle Mountain City Council 
Chambers, located at 1650 E. Stagecoach Run, Eagle Mountain, Utah 84005.  The Planning 
Commission will receive public comments concerning the following items: 
Gateway Park Plat 3 - Preliminary Plat: Planning Commission review of the proposed 

Gateway Park Plat 3 Preliminary Plat, intended for industrial and business park development. 
The project is located on Parcel Nos. 58:033:0384, 58:033:0413, and part of 58.033:0386. 
The general location of the project is north of Cory B Wride Memorial Highway and west of 
Mt Airey Drive. EMC Staff Point of Contact: Planner, Steven Lehmitz: 
slehmitz@eaglemountain.gov. 

Spring Run Plaza Lot 1: Planning Commission review of a proposed multi-tenant 
commercial building site plan on Lot 1 of the Spring Run Plaza development. The property is 
generally located on the northeast corner of Spring Run Parkway and Cory B Wride Memorial 
Highway, east of Walmart. EMC Staff Point of Contact: Planner, Steven Lehmitz: 
slehmitz@eaglemountain.gov. 

Spring Run Plaza Lot 2: Planning Commission review of a proposed multi-tenant 
commercial building site plan on Lot 2 of the Spring Run Plaza development. The property is 
generally located on the northeast corner of Spring Run Parkway and Cory B Wride Memorial 
Highway, east of Walmart. EMC Staff Point of Contact: Planner, Steven Lehmitz: 
slehmitz@eaglemountain.gov. 

Eagle Mountain Municipal Code Amendments:  

EMMC 17.60.130 - Retaining Wall Construction Standards Code Amendment: 
Consideration of an amendment to Eagle Mountain Municipal Code Chapter 17.60.130. This 
amendment adds detailed design requirements for retaining walls, and includes 
clarification on building permit requirements, field inspections, and allowable retaining ",pmn,2026-10-05T16:59:19.074938Z
pmn_1103349,Eagle Mountain,Planning Commission,2026-08-25,Planning Commission Public Meeting,,,https://www.utah.gov/pmn/sitemap/notice/1103349.html,"EAGLE MOUNTAIN 
PLANNING COMMISSION MEETING 
AUGUST 25, 2026, 5:30 PM 
EAGLE MOUNTAIN CITY COUNCIL CHAMBERS 
1650 EAST STAGECOACH RUN, EAGLE MOUNTAIN, UTAH 84005 
5:30 PM - PLANNING COMMISSION WORK SESSION 
1. 
DISCUSSION ITEMS 
1.A. TRAINING - Rules of Order and Procedure 
1.B. AGENDA REVIEW 
6:30 PM PLANNING COMMISSION POLICY SESSION 
2. 
3. 
4. 
5. 
6. 
7. 
8. 
9. 
CALL TO ORDER 
PLEDGE OF ALLEGIANCE 
DECLARATION OF CONFLICTS OF INTEREST 
MINUTES 
5.A. August 11, 2026 Planning Commission Minutes 
STATUS REPORT 
ACTION AND ADVISORY ITEMS 
7.A. ACTION ITEM - A Resolution of Eagle Mountain City, Utah, Approving the Second 
Amendment to the Brylee Farms Phase B Development Agreement. 
BACKGROUND: (Presented by Planner, Steven Lehmitz) 
7.B. PRELIMINARY PLAT - Gateway Park Phase 3 
7.C. SITE PLAN - Spring Run Plaza Lot 1 
7.D. SITE PLAN - Spring Run Plaza Lot 2 
7.E. PUBLIC HEARING / ACTION ITEM - An Ordinance of Eagle Mountain City, Utah, 
Amending the Eagle Mountain Municipal Code 17.60.130 Retaining Wall Construction 
Standards. 
BACKGROUND: (Presented by City Engineer, Vince Hogge) Consideration of an 
amendment to Eagle Mountain Municipal Code Chapter 17.60.130. This amendment 
adds detailed design requirements for retaining walls, and includes clarification on 
building permit requirements, field inspections, and allowable retaining wall locations. 
DISCUSSION ITEMS 
AGENDA REVIEW 
10. NEXT SCHEDULED MEETING 
11. ADJOURNMENT 
THE PUBLIC IS INVITED TO PARTICIPATE IN PUBLIC MEETINGS FOR ALL AGENDAS. 
In accordance with the Americans with Disabilities Act, Eagle Mountain City will make reasonable 
accommodations for participation in all Public Meetings and Work Sessions. Please call the City 
Recorder's Office at least 3 working days prior to the meeting at 801-789-6611. This meeting may be 
held telephonically to allow a member of the public body to participate. This agenda is subject to 
change with a minimum 24-hou",pmn,2026-10-05T16:59:19.074942Z
pmn_1104469,Eagle Mountain,Planning Commission,2026-09-08,"09.08.2026 PCPH Culinary Master Plan, Wastewater Master Plan",,,https://www.utah.gov/pmn/sitemap/notice/1104469.html,"EAGLE MOUNTAIN CITY 
NOTICE OF PUBLIC HEARINGS 

The Eagle Mountain Planning Commission will hold public hearings on September 8, 2026, 
at 6:30 p.m., or as soon thereafter as business allows, in the Eagle Mountain City Council 
Chambers, located at 1650 E. Stagecoach Run, Eagle Mountain, Utah 84005.  The Planning 
Commission will receive public comments concerning the following items: 

Culinary Water IFFP: Consideration of an update to the Culinary Water IFFP. This update 
adds the Spring Run/Talons Cove area to the IFFP which adds improvements needed to the 
culinary water system to handle water demand from this area.  The IFFP also includes 
updated cost estimates adding the projects for the Spring Run/Talons Cove area and 
updating costs for future projects based on the rising costs of current construction projects. 
EMC Staff Point of Contact: City Engineer, Vince Hogge: vhogge@eaglemountain.gov. 

Wastewater Master Plan and IFFP: Consideration of an update to the Wastewater Master 
Plan and the Wastewater IFFP. This update adds the Spring Run/Talons Cove area to the 
Master Plan and IFFP which adds improvements needed to the wastewater system to handle 
sewer flows from this area.  The IFFP also includes updated cost estimates adding the 
projects for the Spring Run/Talons Cove area and updating costs for future projects based 
on the rising costs of current construction projects. EMC Staff Point of Contact: City 
Engineer, Vince Hogge: vhogge@eaglemountain.gov. 

Materials for the public hearing items may be viewed within three days of the meeting on the city 
website and at the Eagle Mountain City Recorder's Office, 1650 E Stagecoach Run, Eagle Mountain, 
UT, during normal business hours, Monday through Friday, 7:30 AM to 5:30 PM. If you need special 
accommodation to participate in the meeting, please call the City Recorder's Office at 801.789.6611.  
Open portions of the meeting can be viewed at www.eaglemountain.gov. 

THE PU",pmn,2026-10-05T16:59:19.074930Z
pmn_1106171,Eagle Mountain,Planning Commission,2026-09-08,Planning Commission Public Meeting,,,https://www.utah.gov/pmn/sitemap/notice/1106171.html,"EAGLE MOUNTAIN
PLANNING COMMISSION MEETING

SEPTEMBER 8, 2026, 5:30 PM
EAGLE MOUNTAIN CITY COUNCIL CHAMBERS
1650 EAST STAGECOACH RUN, EAGLE MOUNTAIN, UTAH 84005
5:30 PM - PLANNING COMMISSION WORK SESSION

1.	DISCUSSION ITEMS

	1.A.	TRAINING - Ethics

	1.B.	DISCUSSION - Agenda Review


6:30 PM PLANNING COMMISSION POLICY SESSION

2.	CALL TO ORDER

3.	PLEDGE OF ALLEGIANCE

4.	DECLARATION OF CONFLICTS OF INTEREST

5.	MINUTES

	5.A.	August 25, 2026 Planning Commission Minutes

6.	STATUS REPORT

7.	ACTION AND ADVISORY ITEMS

	7.A.	PUBLIC HEARING / ACTION ITEM - An ordinance of Eagle Mountain City, Utah updating the Culinary Water Impact Fee Facility Plan (IFFP).

BACKGROUND: (Presented by City Engineer, Vince Hogge) Consideration of an update to the Culinary Water IFFP. This update adds the Spring Run/Talons Cove area to the IFFP which adds improvements needed to the culinary water system to handle water demand from this area.  The IFFP also includes updated cost estimates adding the projects for the Spring Run/Talons Cove area and updating costs for future projects based on the rising costs of current construction projects.

	7.B.	PUBLIC HEARING / ACTION ITEM - An ordinance of Eagle Mountain City, Utah updating the Wastewater Master Plan and the Wastewater Impact Fee Facility Plan (IFFP).

BACKGROUND: (Presented by City Engineer, Vince Hogge) Consideration of an update to the Wastewater Master Plan and the Wastewater IFFP. This update adds the Spring Run/Talons Cove area to the Master Plan and IFFP which adds improvements needed to the wastewater system to handle sewer flows from this area.  The IFFP also includes updated cost estimates adding the projects for the Spring Run/Talons Cove area and updating costs for future projects based on the rising costs of current construction projects.

8.	DISCUSSION ITEMS

	8.A.	'Agricultural Rural Large-Lot Zone' / Alternatively, the 'Cedar Pass Ranch Historical Zone'

9.	AGENDA REVIEW

1",pmn,2026-10-05T16:59:19.074934Z
pmn_1106439,Eagle Mountain,City Council,2026-09-15,Public Hearing,,,https://www.utah.gov/pmn/sitemap/notice/1106439.html,"EAGLE MOUNTAIN CITY COUNCIL
NOTICE OF PUBLIC HEARINGS

The Eagle Mountain City Council will hold public hearings on September 15, 2026, at 7:00 PM or as soon thereafter as business allows, in the Eagle Mountain City Council Chambers, 1650 E Stagecoach Run, Eagle Mountain, Utah 84005.  The City Council will receive public comments concerning the following items:

Budget Amendment:

Amendment #1 to the Fiscal Year 2026-2027 Budget: The proposed budget amendment includes changes to the General Fund, Capital Project Fund, Special Revenue Funds, and Enterprise Funds. EMC Point of Contact: Budget Manager, Terrence Dela Peña: tdelapena@eaglemountian.gov.

THE PUBLIC IS INVITED TO PARTICIPATE IN ALL CITY COUNCIL MEETINGS.

Materials for public hearing items may be viewed within three days of the meeting on the city website and at the Eagle Mountain City Recorder's Office, 1650 E Stagecoach Run, Eagle Mountain, UT, during normal business hours, Monday through Friday, 7:30 AM to 5:30 PM. If you need special accommodation to participate in the meeting, please call the City Recorder's Office at 801.789.6611.  Open portions of the meeting can be viewed at www.eaglemountain.gov. 

Certificate of Posting
The undersigned, duly appointed City Recorder, does hereby certify that the above public hearing notice was posted on this 4th day of September, 2026, on the Eagle Mountain City bulletin boards, the Eagle Mountain City website, www.eaglemountain.gov, and posted to the Utah State public notice website http://www.utah.gov/pmn/index.html.

Lacie A. Messerly, City Recorder",pmn,2026-10-05T16:59:19.074663Z
pmn_1107793,Eagle Mountain,City Council,2026-09-15,Public Meeting,,,https://www.utah.gov/pmn/sitemap/notice/1107793.html,"EAGLE MOUNTAIN
CITY COUNCIL MEETING - AMENDED AGENDA

SEPTEMBER 15, 2026, 4:00 PM
EAGLE MOUNTAIN CITY COUNCIL CHAMBERS
1650 E STAGECOACH RUN, EAGLE MOUNTAIN, UT 84005

4:00 PM WORK SESSION - CITY COUNCIL CHAMBERS

1.	DISCUSSION AND INFORMATION ITEMS
	This is an opportunity to provide information to the City Council. These items are for information only and do not require action by the City Council.

	1.A.	DISCUSSION - Code for Transmission Lines, Utah Code Requirements
(anticipated time 15 minutes)

	1.B.	DISCUSSION - RV Parking Code Amendment
(anticipated time 15 minutes)

	1.C.	DISCUSSION - Project Recommendations (Community Services Board)
(anticipated time 20 minutes)

2.	CITY MANAGER INFORMATION ITEMS
	This is an opportunity for the City Manager to provide information to the City Council. 

3.	AGENDA REVIEW
	The City Council will review items on the Consent Agenda and Policy Session Agenda.

4.	ADJOURN TO A CLOSED SESSION
	The City Council will adjourn into a Closed Session for the purpose of discussion of pending or reasonably imminent litigation; the character, professional competence, or physical or mental health of an individual; the purchase, lease, sale, or exchange of real property; a proposed development agreement, project proposal, or financing proposal related to the development of land owned by the state or a political subdivision; and/or the deployment of security personnel, devices, or systems, pursuant to Section 52-4-205(1) of the Utah Code, Annotated.

7:00 PM POLICY SESSION - CITY COUNCIL CHAMBERS

5.	CALL TO ORDER

6.	PLEDGE OF ALLEGIANCE

7.	INFORMATION ITEMS/UPCOMING EVENTS



8.	INTRODUCTION/RECOGNITION 

	8.A.	INTRODUCTION - Utah County Sheriff's Office Deputy


9.	PROCLAMATIONS

	9.A.	PROCLAMATION - A Proclamation of Eagle Mountain City, Utah, Proclaiming Eagle Mountain City as a JustServe City

10.	PUBLIC COMMENTS
	Time has been set aside for the public to express their ideas, concerns, a",pmn,2026-10-05T16:59:19.074667Z
pmn_1108025,Eagle Mountain,City Council,2026-09-16,Notice of Quorum,,,https://www.utah.gov/pmn/sitemap/notice/1108025.html,"EAGLE MOUNTAIN CITY
NOTICE OF POSSIBLE QUORUM

Notice is hereby given that a quorum of the Eagle Mountain City Council may be present on Wednesday, September 16, 2026, from 6:30 PM to 8:30 PM at City Hall, (1650 E. Stagecoach Run, Eagle Mountain, Utah). The City is hosting Class 1 of 6 of the Citizen's Academy, with the general topic of Budget and Administration. City Councilmembers may attend for informational purposes only. No official City business will be conducted, and no formal discussion or decisions will take place.  

CERTIFICATE OF POSTING
The undersigned, duly appointed City Recorder, does hereby certify that the above notice of quorum was posted on this 11th day of September, 2026, on the Eagle Mountain City bulletin boards, the Eagle Mountain City website www.eaglemountain.gov, and posted to the Utah State Public Notice website http://www.utah.gov/pmn/index.html
Lacie A. Messerly, City Recorder",pmn,2026-10-05T16:59:19.074659Z
pmn_1107541,Eagle Mountain,Planning Commission,2026-09-22,PCPH Corrigan Development Agreement and RTI Rezone,,,https://www.utah.gov/pmn/sitemap/notice/1107541.html,"EAGLE MOUNTAIN CITY
NOTICE OF PUBLIC HEARINGS
The Eagle Mountain Planning Commission will hold public hearings on September 22, 2026, at 6:30 p.m., or as soon thereafter as business allows, in the Eagle Mountain City Council Chambers, located at 1650 E. Stagecoach Run, Eagle Mountain, Utah 84005.  The Planning Commission will receive public comments concerning the following items:

Eagle Mountain Municipal Code Amendments: 
 

EMMC Titles 16 and 17: This proposal adds a plat notation requirement for wildland urban interface (WUI) lots to EMMC 16.25.040 and corresponding definitions to 17.10.030. It also amends EMMC 17.60.040 to permit removal of vegetation from WUI lots, as required by Utah Code § 10-20-619(6) (amended by 2026 HB 215). EMC Staff Point of Contact: Elizabeth Fewkes, efewkes@eaglemountain.gov.

EMMC 9.10 and 17.47: An Ordinance of Eagle Mountain City, Utah, Amending the Eagle Mountain Municipal Code Section 9.10 and 17.47 Regarding Archery Use Within the City. EMC Staff Point of Contact: Natalie Winterton, nwinterton@eaglemountain.gov.

Materials for the public hearing items may be viewed within three days of the meeting on the city website and at the Eagle Mountain City Recorder's Office, 1650 E Stagecoach Run, Eagle Mountain, UT, during normal business hours, Monday through Friday, 7:30 AM to 5:30 PM. If you need special accommodation to participate in the meeting, please call the City Recorder's Office at 801.789.6611.  Open portions of the meeting can be viewed at www.eaglemountain.gov.
THE PUBLIC IS INVITED TO PARTICIPATE IN ALL PUBLIC MEETINGS.",pmn,2026-10-05T16:59:19.074922Z
pmn_1109515,Eagle Mountain,Planning Commission,2026-09-22,Planning Commission Public Meeting,,,https://www.utah.gov/pmn/sitemap/notice/1109515.html,"EAGLE MOUNTAIN
PLANNING COMMISSION MEETING

SEPTEMBER 22, 2026, 5:30 PM
EAGLE MOUNTAIN CITY COUNCIL CHAMBERS
1650 EAST STAGECOACH RUN, EAGLE MOUNTAIN, UTAH 84005
5:30 PM - PLANNING COMMISSION WORK SESSION

1.	DISCUSSION ITEMS

	1.A.	DISCUSSION / TRAINING - Sports and Recreation Planning

	1.B.	AGENDA REVIEW

6:30 PM PLANNING COMMISSION POLICY SESSION

2.	CALL TO ORDER

3.	PLEDGE OF ALLEGIANCE

4.	DECLARATION OF CONFLICTS OF INTEREST

5.	MINUTES

	5.A.	September 8, 2026 Planning Commission Minutes

6.	STATUS REPORT

7.	ACTION AND ADVISORY ITEMS

	7.A.	PUBLIC HEARING / ACTION ITEM - An Ordinance of Eagle Mountain City, Utah, amending Eagle Mountain Municipal Code Section 16.25.040 Application, 17.10.030 Definitions, and 17.60.040 General Landscape Provisions. 

BACKGROUND: (Presented by Long Range Planner, Elizabeth Fewkes) A proposal to identify wildland urban interface (WUI) lots on final plats, permit vegetation removal allowances required by Utah Code, and add associated definitions.

	7.B.	PUBLIC HEARING / ACTION ITEM - An Ordinance of Eagle Mountain City, Utah, Amending the Eagle Mountain Municipal Code Section 9.10 and 17.47 Regarding Archery Use Within the City.

BACKGROUND: (Presented by Natalie Winterton) An Ordinance of Eagle Mountain City, Utah, Amending the Eagle Mountain Municipal Code Section 9.10 and 17.47 Regarding Archery Use Within the City. 

	7.C.	PUBLIC HEARING / ACTION ITEM - An Ordinance of Eagle Mountain City, Utah, Rezoning Certain Lands Known as Corrigan Farms.

BACKGROUND: (Presented by Senior Planner, David Stroud) Corrigan Farms LLC is looking to rezone parcel number 59:068:0006 to add the RTI overlay zone to the property to allow it to develop a data center project with a natural gas powerplant.

	7.D.	Corrigan Farms Development Agreement

8.	DISCUSSION ITEMS

9.	AGENDA REVIEW

10.	NEXT SCHEDULED MEETING

11.	ADJOURNMENT

 

THE PUBLIC IS INVITED TO PARTICIPATE IN PUBLIC MEETINGS FOR ",pmn,2026-10-05T16:59:19.074926Z
pmn_1109789,Eagle Mountain,City Council,2026-09-23,Notice of Quorum,,,https://www.utah.gov/pmn/sitemap/notice/1109789.html,"EAGLE MOUNTAIN CITY
NOTICE OF POSSIBLE QUORUM

Notice is hereby given that a quorum of the Eagle Mountain City Council may be present on Wednesday, September 23, 2026, from 6:30 PM to 8:30 PM at Fire Station 253, (1208  Mid Valley Rd, Eagle Mountain, Utah). The City is hosting Class 2 of 6 of the Citizen's Academy, with the general topic of Public Safety. City Councilmembers may attend for informational purposes only. No official City business will be conducted, and no formal discussion or decisions will take place.  

CERTIFICATE OF POSTING
The undersigned, duly appointed City Recorder, does hereby certify that the above notice of quorum was posted on this 18th day of September, 2026, on the Eagle Mountain City bulletin boards, the Eagle Mountain City website www.eaglemountain.gov, and posted to the Utah State Public Notice website http://www.utah.gov/pmn/index.html
 Lacie A. Messerly, City Recorder",pmn,2026-10-05T16:59:19.074656Z
pmn_1110619,Eagle Mountain,City Council,2026-09-24,Public Meeting,,,https://www.utah.gov/pmn/sitemap/notice/1110619.html,"EAGLE MOUNTAIN
CITY COUNCIL MEETING

SEPTEMBER 24, 2026, 5:00 PM
EAGLE MOUNTAIN CITY COUNCIL CHAMBERS
1650 E STAGECOACH RUN, EAGLE MOUNTAIN, UT 84005

5:00 PM STRATEGIC PLANNING SESSION - CITY COUNCIL CHAMBERS

1.	WELCOME

2.	DISCUSSION AND INFORMATION ITEMS

	2.A.	DISCUSSION ONLY/NO ACTION - Strategic Planning Discussion

The purpose of this planning session is to begin crafting a new Vision for Eagle Mountain City that will shape the City's long-term direction, and to discuss the focus areas and priorities that will support that Vision. This is discussion only and no action will be taken.

3.	ADJOURNMENT

THE PUBLIC IS INVITED TO PARTICIPATE IN PUBLIC MEETINGS FOR ALL AGENDAS.
In accordance with the Americans with Disabilities Act, Eagle Mountain City will make reasonable accommodations for participation in all Public Meetings and Work Sessions. Please call the City Recorder's Office at least 3 working days prior to the meeting at 801-789-6611. This meeting may be held telephonically to allow a member of the public body to participate. This agenda is subject to change with a minimum 24-hour notice.

CERTIFICATE OF POSTING

The undersigned, duly appointed City Recorder, does hereby certify that the above agenda notice was posted on this 23 day of September, 2026, on the Eagle Mountain City bulletin boards, the Eagle Mountain City website www.eaglemountain.gov, posted to the Utah State public notice website http://www.utah.gov/pmn/index.html.

Lacie A. Messerly
City Recorder",pmn,2026-10-05T16:59:19.074652Z
pmn_1111405,Eagle Mountain,City Council,2026-09-29,Public Meeting,,,https://www.utah.gov/pmn/sitemap/notice/1111405.html,"EAGLE MOUNTAIN
CITY COUNCIL MEETING

SEPTEMBER 29, 2026, 3:00 PM
EAGLE MOUNTAIN CITY COUNCIL CHAMBERS
1650 E STAGECOACH RUN, EAGLE MOUNTAIN, UT 84005

3:00 PM PROJECTS PLANNING SESSION - CITY COUNCIL CHAMBERS

1.	WELCOME

2.	DISCUSSION AND INFORMATION ITEMS

	2.A.	DISCUSSION ONLY/NO ACTION - City Hall Feasibility Study and Capital Projects Discussion

MHTN Architects will present an overview of the City Hall feasibility study. Staff and the City Council will also discuss long-term General Fund capital project needs, with a focus on parks, recreation, and transportation. This is discussion only and no action will be taken.

3.	ADJOURNMENT

THE PUBLIC IS INVITED TO PARTICIPATE IN PUBLIC MEETINGS FOR ALL AGENDAS.
In accordance with the Americans with Disabilities Act, Eagle Mountain City will make reasonable accommodations for participation in all Public Meetings and Work Sessions. Please call the City Recorder's Office at least 3 working days prior to the meeting at 801-789-6611. This meeting may be held telephonically to allow a member of the public body to participate. This agenda is subject to change with a minimum 24-hour notice.

CERTIFICATE OF POSTING

The undersigned, duly appointed City Recorder, does hereby certify that the above agenda notice was posted on this 28 day of September, 2026, on the Eagle Mountain City bulletin boards, the Eagle Mountain City website www.eaglemountain.gov, posted to the Utah State public notice website http://www.utah.gov/pmn/index.html.

Lacie A. Messerly
City Recorder",pmn,2026-10-05T16:59:19.074649Z
pmn_1109791,Eagle Mountain,City Council,2026-09-30,Notice of Quorum,,,https://www.utah.gov/pmn/sitemap/notice/1109791.html,"EAGLE MOUNTAIN CITY
NOTICE OF POSSIBLE QUORUM

Notice is hereby given that a quorum of the Eagle Mountain City Council may be present on Wednesday, September 30, 2026, from 6:30 PM to 8:30 PM at City Hall, (1650 E. Stagecoach Run, Eagle Mountain, Utah). The City is hosting Class 3 of 6 of the Citizen's Academy, with the general topic of How the City Grows. City Councilmembers may attend for informational purposes only. No official City business will be conducted, and no formal discussion or decisions will take place.  

CERTIFICATE OF POSTING
The undersigned, duly appointed City Recorder, does hereby certify that the above notice of quorum was posted on this 18th day of September, 2026, on the Eagle Mountain City bulletin boards, the Eagle Mountain City website www.eaglemountain.gov, and posted to the Utah State Public Notice website http://www.utah.gov/pmn/index.html
Lacie A. Messerly, City Recorder",pmn,2026-10-05T16:59:19.074645Z
pmn_1111131,Eagle Mountain,City Council,2026-10-06,Public Hearing,,,https://www.utah.gov/pmn/sitemap/notice/1111131.html,"EAGLE MOUNTAIN CITY COUNCIL
NOTICE OF PUBLIC HEARINGS


The Eagle Mountain City Council will hold public hearings on October 6, 2026, at 7:00 PM or as soon thereafter as business allows, in the Eagle Mountain City Council Chambers, 1650 E Stagecoach Run, Eagle Mountain, Utah 84005.  The City Council will receive public comments concerning the following items:

Corrigan Farms RTI Rezone: 

-	Corrigan Farms RTI Rezone: Corrigan Farms LLC requests parcel number 59:068:0006 be rezoned to the RTI overlay zone to potentially develop a data center project with a natural gas powerplant. 
EMC Point of Contact: Senior Planner, David Stroud dstroud@eaglemountain.gov.  

Impact Fee Facilities Plan (IFFP):

-	Culinary Water IFFP: Consideration of an update to the Culinary Water IFFP. This update adds the Spring Run/Talons Cove area to the IFFP which adds improvements needed to the culinary water system to handle water demands from this area. The IFFP also includes updated cost estimates adding the projects for the Spring Run/Talons Cove area and updating costs for future projects based on the rising costs of current construction projects. 
EMC Point of Contact: City Engineer, Vince Hogge vhogge@eaglemountian.gov. 

Wastewater Master Plan and Impact Fee Facilities Plan (IFFP):

-	Wastewater Master Plan and Impact Fee Facilities Plan (IFFP): Consideration of an update to the Wastewater Master Plan and the Wastewater IFFP. This update adds the Spring Run/Talons Cove area to the Master Plan and IFFP which adds improvements needed to the wastewater system to handle sewer flows from this area. The IFFP also includes updated cost estimates adding the projects for the Spring Run/Talons Cove area and updating costs for future projects based on the rising costs of current construction projects. 
EMC Point of Contact: City Engineer, Vince Hogge vhogge@eaglemountain.gov.

Amendments to Eagle Mountain Municipal Code: 

-	EMMC 9.10 and 17.47 - Archery Use Within the Cit",pmn,2026-10-05T16:59:19.074638Z
pmn_1112235,Eagle Mountain,City Council,2026-10-06,Public Meeting,,,https://www.utah.gov/pmn/sitemap/notice/1112235.html,"EAGLE MOUNTAIN
CITY COUNCIL MEETING

OCTOBER 6, 2026, 4:00 PM
EAGLE MOUNTAIN CITY COUNCIL CHAMBERS
1650 E STAGECOACH RUN, EAGLE MOUNTAIN, UT 84005

4:00 PM WORK SESSION - CITY COUNCIL CHAMBERS

1. DISCUSSION AND INFORMATION ITEMS
This is an opportunity to provide information to the City Council. These items are for information
only and do not require action by the City Council.
1.A. DISCUSSION - RV Parking Code Amendment
(anticipated time 20 minutes)
1.B. DISCUSSION - Overview of UFA/UFSA
(anticipated time 30 minutes)
1.C. DISCUSSION - Chaplain Services
(anticipated time 10 minutes)
1.D. PRESENTATION - Investment Portfolio Update
(anticipated time 15 minutes)

2. CITY MANAGER INFORMATION ITEMS
This is an opportunity for the City Manager to provide information to the City Council.

3. AGENDA REVIEW
The City Council will review items on the Consent Agenda and Policy Session Agenda.

4. ADJOURN TO A CLOSED SESSION
The City Council will adjourn into a Closed Session for the purpose of discussion of pending or
reasonably imminent litigation; the character, professional competence, or physical or mental health
of an individual; the purchase, lease, sale, or exchange of real property; a proposed development
agreement, project proposal, or financing proposal related to the development of land owned by
the state or a political subdivision; and/or the deployment of security personnel, devices, or
systems, pursuant to Section 52-4-205(1) of the Utah Code, Annotated.

7:00 PM POLICY SESSION - CITY COUNCIL CHAMBERS

5. CALL TO ORDER
6. PLEDGE OF ALLEGIANCE
7. INFORMATION ITEMS/UPCOMING EVENTS
8. PUBLIC COMMENTS
Time has been set aside for the public to express their ideas, concerns, and comments.
(Please limit your comments to three minutes each.)

9. CITY COUNCIL/MAYOR ITEMS
Time has been set aside for the City Council and Mayor to make comments.
CONSENT AGENDA

10. BOND RELEASES
10.A. Firefly NPA 8 Phase A, Plat 9 - Into Warrant",pmn,2026-10-05T16:59:19.074641Z
pmn_1111135,Eagle Mountain,City Council,2026-10-07,Notice of Quorum,,,https://www.utah.gov/pmn/sitemap/notice/1111135.html,"EAGLE MOUNTAIN CITY
NOTICE OF POSSIBLE QUORUM

Notice is hereby given that a quorum of the Eagle Mountain City Council may be present on Wednesday, October 7, 2026, from 6:30 PM to 8:30 PM at City Hall, (1650 E. Stagecoach Run, Eagle Mountain, Utah). The City is hosting Class 4 of 6 of the Citizen's Academy, with the general topic of Parks, Cemetery, and Streets. City Councilmembers may attend for informational purposes only. No official City business will be conducted, and no formal discussion or decisions will take place.  

CERTIFICATE OF POSTING
The undersigned, duly appointed City Recorder, does hereby certify that the above notice of quorum was posted on this 25th day of September, 2026, on the Eagle Mountain City bulletin boards, the Eagle Mountain City website www.eaglemountain.gov, and posted to the Utah State Public Notice website http://www.utah.gov/pmn/index.html
Lacie A. Messerly, City Recorder",pmn,2026-10-05T16:59:19.074631Z
pmn_1112107,Eagle Mountain,Planning Commission,2026-10-13,"PCPH 10.13.2026 Oak Hollow and Parkway Crossroads Rezone, UCCU Site Plan, Transmission Lines in Agricultural Zones, Artificial turf and Landscaping",,,https://www.utah.gov/pmn/sitemap/notice/1112107.html,"EAGLE MOUNTAIN CITY
NOTICE OF PUBLIC HEARINGS
The Eagle Mountain Planning Commission will hold public hearings on October 13, 2026, at 6:30 p.m., or as soon thereafter as business allows, in the Eagle Mountain City Council Chambers, located at 1650 E. Stagecoach Run, Eagle Mountain, Utah 84005.  The Planning Commission will receive public comments concerning the following items:
Oak Hollow and Parkway Crossroads Rezone: The Eagle Mountain Planning Commission will conduct public hearings for proposed Future Land Use Map and Zoning Map amendments. These properties are located within the Oak Hollow development and Parkway Crossroads area. Approximately 41 acres of land are included in this proposal. The properties in question, along with the specific zoning and future land use designations proposed for each property, including a map, can be found by scanning the QR code provided on this notice. EMC Point of Contact: Mickie Mills, mmills@eaglemountain.gov.
 
					
UCCU Site Plan: Planning Commission review of a proposed commercial building site plan on Lot 1 of The District at Eagle Mountain Town Center Subdivision, Phase A. The property is generally located just south of E. Trailhead Rd., between N. Pony Express Pkwy. and N. 1620 E St. EMC Point of Contact: Mickie Mills, mmills@eaglemountain.gov.
Eagle Mountain Municipal Code Amendments:
Transmission Lines in Agricultural Zone: An Ordinance of Eagle Mountain City, Utah, amending Eagle Mountain Municipal Code Chapter 17.20 Power Transmission Lines. A proposal to make power transmission lines either a special or permitted use in the Agricultural Zone. EMC Point of Contact: Bradon Larsen, blarsen@eaglemountain.gov.
EMMC 17.60.085 - Artificial Turf: Adopting EMMC 17.60.085 regarding standards for the use and installation of artificial turf. EMC Point of Contact: David Stroud, dstroud@eaglemountain.gov.
EMMC 17.60.100 - Landscaping: Amending EMMC 17.60.100 regarding installation of rear yard landscaping. EMC Point",pmn,2026-10-05T16:59:19.074916Z
pmn_1078403,Erda,Erda Planning Commission,2026-05-12,**CANCELED*** Erda Planning Commission Meeting,,,https://www.utah.gov/pmn/sitemap/notice/1078403.html,"****CANCELED*****Notice is hereby given that the Planning Commission's Scheduled Meeting on Tuesday May 12th, 2026 has been canceled. The Planning Commission will hold their next regularly scheduled meeting on Tuesday May 26th, 2026 at 7:00pm. At the Erda City Office, Erda Fire Station, 2163 W. Erda Way, Erda UT.",pmn,2026-10-05T16:59:19.076588Z
pmn_1083055,Erda,Erda Planning Commission,2026-05-26,Erda City Planning Commission Meeting,,,https://www.utah.gov/pmn/sitemap/notice/1083055.html,"Notice is hereby given that the Erda Planning Commission will hold their regular meeting on Tuesday, May 26, 2026 at 7:00pm. The meeting will be held at the Erda City Office, next to the Fire Station located at 2163 W Erda Way, Erda, UT 84074


Google Meet joining info  Video call link: https://meet.google.com/jqv-fdki-usz
Or dial:  (US) +1 415-842-4796  PIN:  200 192 426 #



Call to Order
Roll Call
Pledge and Prayer 
Approve Minutes from 4-28-26
Public Comment (3 minute limit per comment)
Training by Staff
Copper Cove Preliminary Plat Phase 1: Derald Anderson is requesting a preliminary plat approval for Copper Cove phase 1. The plat contains 45 lots at the north east corner of the development. Lots range in size from 5800 sq ft to 10000 sq ft.
Comments from Commissioners
Adjournment 


Pursuant to the Americans with Disabilities Act, Individuals needing special accommodations should contact Erda City Office at either jpoole@erda.gov jstagg@erda.gov or 435-243-5577",pmn,2026-10-05T16:59:19.076584Z
pmn_1086245,Erda,Erda Planning Commission,2026-06-09,**CANCELED*** Erda Planning Commission Meeting,,,https://www.utah.gov/pmn/sitemap/notice/1086245.html,"****CANCELED*****Notice is hereby given that the Planning Commission's Scheduled Meeting on Tuesday June 9th, 2026 has been canceled. The Planning Commission will hold their next regularly scheduled meeting on Tuesday June 23rd, 2026 at 7:00pm. At the Erda City Office, Erda Fire Station, 2163 W. Erda Way, Erda UT.",pmn,2026-10-05T16:59:19.076581Z
pmn_1087341,Erda,Erda City Council,2026-06-11,Erda City Council Meeting,,,https://www.utah.gov/pmn/sitemap/notice/1087341.html,"Notice is hereby given that the Erda City Council will hold a meeting on Thursday, June 11, 2026 at 7:00pm. The meeting will be held at the Erda City Fire Station/Office, located at 2163 West Erda Way, Erda, Utah

You may join in person or via Google Meet link: https://meet.google.com/uke-ijxe-xdh
Or dial:  (US) +1 224-475-1428  PIN:  380 176 012 #


Call to Order
Roll Call
Pledge
Public Comment
Approve meeting minutes from 5-28-26
Treasurer Report
Sheriff's Report
NTFD Report and Wildfire agreement
Consideration of Ordinance 26-08 Adopting the 2026-2027 Budget and Certified Tax Rate
Consideration of Resolution 26-08 A Resolution Providing for Year-End Amendments to the 2025-2026 Fiscal Year Budget
Open Public Hearing
Close Public Hearing
Discussion and review of East Disconnect Application, tentative decision,  and direction to City Attorney.
Discussion and review of West Disconnect Application, tentative decision,  and direction to City Attorney.
Presentation from UC3 Representative Sarah Davenport-Smith
Council Representative Reports
Adjournment 

FOLLOW UP ITEMS:

1-Renewal of Interlocal agreement with Tooele County -Sheldon and Clyde

**All handouts for this meeting can be found on the city's website erda.gov under the calendar section**

Board may elect to go into a closed session which will not be open to the public pursuant to Utah Code Ann. §52-4-205(1).

Pursuant to the Americans with Disabilities Act, Individuals needing special accommodations should contact Erda City Office at either jpoole@erda.gov jstagg@erda.gov or 435-243-5577",pmn,2026-10-05T16:59:19.076403Z
pmn_1091045,Erda,Erda Planning Commission,2026-06-23,Erda City Planning Commission Meeting,,,https://www.utah.gov/pmn/sitemap/notice/1091045.html,"Notice is hereby given that the Erda Planning Commission will hold their regular meeting on Tuesday,June 23rd, 2026 at 7:00pm. The meeting will be held at the Erda City Office, next to the Fire Station located at 2163 W Erda Way, Erda, UT 84074


Google Meet joining info: https://meet.google.com/chb-sksv-qqb
Or dial:  (US) +1 208-820-4769  PIN:  417 885 311 #



Call to Order
Roll Call
Pledge and Prayer 
Approve Minutes from 4-28-26 and 5-26-26
Public Comment (3 minute limit per comment)
Consideration of Conditional Use Permit 2026-76 Ashley Morrill owner of 'The Ugly Duckling Baking & Co' The Ugly Duckling Baking & Co. is a small, home-based food operation run under Utah's home consumption and Homemade Food Act.
Open Public Hearing
Close Public Hearing
Consideration of Conditional Use Permit 2026-102 Tynley Bean is seeking to have small group art lessons up to 8 people at a time.
Open Public Hearing
Close Public Hearing
Comments from Commissioners
Adjournment 


Pursuant to the Americans with Disabilities Act, Individuals needing special accommodations should contact Erda City Office at either jpoole@erda.gov jstagg@erda.gov or 435-243-5577",pmn,2026-10-05T16:59:19.076577Z
pmn_1091049,Erda,Erda City Council,2026-06-25,Erda City Council Meeting,,,https://www.utah.gov/pmn/sitemap/notice/1091049.html,"Notice is hereby given that the Erda City Council will hold a meeting on Thursday, June 25th, 2026 at 7:00pm. The meeting will be held at the Erda City Fire Station/Office, located at 2163 West Erda Way, Erda, Utah

You may join in person or via Google Meet link: https://meet.google.com/upo-sdep-nfg
Or dial:  (US) +1 252-397-0206  PIN:  965 712 722 #



Call to Order
Roll Call
Pledge
Public Comment
Approve meeting minutes from 6-11-26
Consideration of Ordinance 26-09 Denying Petition for Certain Property known as the East Disconnect
Consideration of Ordinance 26-10 Denying Petition for Certain Property known as the West Disconnect
Consideration of Resolution 26-10 Approving a 2026-2027 Interlocal Agreement with Tooele County for Road, Law Enforcement, Land Use Inspections and Approvals, and Solid Waste Services
Council Representative Reports
Adjournment 

FOLLOW UP ITEMS:

**All handouts for this meeting can be found on the city's website erda.gov under the calendar section**

Board may elect to go into a closed session which will not be open to the public pursuant to Utah Code Ann. §52-4-205(1)a.


Pursuant to the Americans with Disabilities Act, Individuals needing special accommodations should contact Erda City Office at either jpoole@erda.gov jstagg@erda.gov or 435-243-5577",pmn,2026-10-05T16:59:19.076400Z
pmn_1093601,Erda,Erda City Council,2026-07-09,Erda City Council Meeting,,,https://www.utah.gov/pmn/sitemap/notice/1093601.html,"Notice is hereby given that the Erda City Council will hold a meeting on Thursday, July 9, 2026 at 7:00pm. The meeting will be held at the Erda City Fire Station/Office, located at 2163 West Erda Way, Erda, Utah

You may join in person or via Google Meet link: https://meet.google.com/zas-aheq-itv
Or dial:  (US) +1 260-233-2131  PIN:  839 738 650 #


Call to Order
Roll Call
Pledge
Public Comment
Approve meeting minutes from 6-25-26
Treasurer Report
Sheriff's Report
NTFD Report
Consideration of Echo Plat 5 Park Plan Approval
Council Representative Reports
Adjournment 

FOLLOW UP ITEMS:

**All handouts for this meeting can be found on the city's website erda.gov under the calendar section**

Board may elect to go into a closed session which will not be open to the public pursuant to Utah Code Ann. §52-4-205(1).",pmn,2026-10-05T16:59:19.076396Z
pmn_1093923,Erda,Erda Planning Commission,2026-07-14,**CANCELED*** Erda City Planning Commission Meeting,,,https://www.utah.gov/pmn/sitemap/notice/1093923.html,"NOTICE OF MEETING CANCELLATION

PUBLIC NOTICE IS HEREBY GIVEN that the regular meeting of the Erda City Planning Commission, previously scheduled for:

Date: July 14, 2026
Time: 7:00 PM
Location: 2163 W. Erda Way, Erda, UT Erda City Offices/Fire Station

has been CANCELLED.

The meeting has been canceled because the only agenda item scheduled for consideration has been postponed. No Planning Commission business will be conducted.

This notice is posted in accordance with the Utah Open and Public Meetings Act.",pmn,2026-10-05T16:59:19.076574Z
pmn_1097749,Erda,Erda Planning Commission,2026-07-28,**CANCELED*** Erda City Planning Commission Meeting,,,https://www.utah.gov/pmn/sitemap/notice/1097749.html,"****CANCELED*****Notice is hereby given that the Planning Commission's Scheduled Meeting on Tuesday July 28th, 2026 has been canceled. The Planning Commission will hold their next regularly scheduled meeting on Tuesday August 11th, 2026 at 7:00pm. At the Erda City Office, Erda Fire Station, 2163 W. Erda Way, Erda UT.",pmn,2026-10-05T16:59:19.076570Z
pmn_1100667,Erda,Erda Planning Commission,2026-08-11,Erda City Planning Commission Meeting,,,https://www.utah.gov/pmn/sitemap/notice/1100667.html,"Notice is hereby given that the Erda Planning Commission will hold their regular meeting on Tuesday,August 11th, 2026 at 7:00pm. The meeting will be held at the Erda City Office, next to the Fire Station located at 2163 W Erda Way, Erda, UT 84074


Google Meet joining info:  Google Meet joining info:   https://meet.google.com/sbi-jixa-gac

Or dial:  (US) +1 337-339-9927  PIN:  181 732 824 #


Call to Order
Roll Call
Pledge and Prayer 
Approve Minutes from 6-23-26
Public Comment (3 minute limit per comment)
Consideration of Conditional Use Permit for Parcel # 08-049-0-0001 address 4125 Palmer Rd, for Allred Minor Subdivision private road.
Open Public Hearing
Close Public Hearing
Comments from Commissioners
Adjournment 


Pursuant to the Americans with Disabilities Act, Individuals needing special accommodations should contact Erda City Office at either jpoole@erda.gov jstagg@erda.gov or 435-243-5577",pmn,2026-10-05T16:59:19.076567Z
pmn_1101875,Erda,Erda City Council,2026-08-13,**CANCELED*** Erda City Council Meeting,,,https://www.utah.gov/pmn/sitemap/notice/1101875.html,"**PUBLIC NOTICE - CITY COUNCIL MEETING CANCELED**

Due to the **Tornado Warning** and out of concern for the safety of our residents, staff, and City Council members, **today's City Council meeting has been canceled**.

The meeting will be **rescheduled for a future date**, which will be announced as soon as possible.

Please stay safe, remain weather-aware, and follow all emergency alerts and guidance from local authorities.

Thank you for your understanding.

**City of Erda**",pmn,2026-10-05T16:59:19.076386Z
pmn_1100891,Erda,Erda City Council,2026-08-13,Erda City Council Meeting,,,https://www.utah.gov/pmn/sitemap/notice/1100891.html,"Notice is hereby given that the Erda City Council will hold a meeting on Thursday, August 13, 2026 at 7:00pm. The meeting will be held at the Erda City Fire Station/Office, located at 2163 West Erda Way, Erda, Utah

You may join in person or via Google Meet link: https://meet.google.com/hoq-iufc-osz
Or dial:  (US) +1 916-750-3005  PIN:  523 721 951 #


Call to Order
Roll Call
Pledge
Public Comment
Approve meeting minutes from 7-9-26
Treasurer Report
Sheriff's Report
NTFD Report
Consideration of Disconnect request of Parcel #01-441-0-0001
Discussion and Direction on Water Wise Standards
Council Representative Reports
A CLOSED SESSION  Will be held which will not be open to the public pursuant to Utah Code Ann. §52-4-205(1)(c).
Adjournment 



A CLOSED SESSION  Will be held which will not be open to the public pursuant to Utah Code Ann. §52-4-205(1)(c).


**All handouts for this meeting can be found on the city's website erda.gov under the calendar section**








Pursuant to the Americans with Disabilities Act, Individuals needing special accommodations should contact Erda City Office at either jpoole@erda.gov jstagg@erda.gov or 435-243-5577",pmn,2026-10-05T16:59:19.076389Z
pmn_1096777,Erda,Erda City Council,2026-08-13,Notice of Public Hearing on Request to Disconnect from Erda City,,,https://www.utah.gov/pmn/sitemap/notice/1096777.html,"NOTICE OF PUBLIC HEARING
ERDA CITY
PROPOSED DISCONNECTION PETITION
NOTICE IS HEREBY GIVEN as required by Utah Code Ann. §10-2-501 that the Erda City Council will hold a public hearing to consider a petition for the disconnection of certain real property (Parcel # 01-441-0-0001) from the corporate limits of Erda City.
The public hearing will be held on August 13, 2026, at 7:00 p.m., at the Erda City Offices/Fire Station, 2163 W. Erda Way, Erda, UT, 84074.
In the public hearing, any person may speak and submit documents regarding the disconnection proposal.
Written comments/documents may be submitted to:
Jennifer Poole, Erda City Recorder
jpoole@erda.gov
(435) 243-5577
A copy of the disconnection petition is available for public inspection during regular business hours at the Erda City Fire Station, 2163 W Erda Way, Erda, Utah 84074 and on the Erda City Website at erda.gov 
DATED this 20th day of July, 2026.
/s/ Jennifer Poole
Erda City Recorder",pmn,2026-10-05T16:59:19.076393Z
pmn_1102641,Erda,Erda City Council,2026-08-19,Erda City Council Meeting (Rescheduled from 8-13-26),,,https://www.utah.gov/pmn/sitemap/notice/1102641.html,"Notice is hereby given that the Erda City Council will hold a meeting on Wednesday, August 19, 2026 at 7:00pm. The meeting will be held at the Erda City Fire Station/Office, located at 2163 West Erda Way, Erda, Utah

You may join in person or via Google Meet link: https://meet.google.com/hoq-iufc-osz
Or dial:  (US) +1 916-750-3005  PIN:  523 721 951 #


Call to Order
Roll Call
Pledge
Public Comment
Approve meeting minutes from 7-9-26
Treasurer Report
Sheriff's Report
NTFD Report
Consideration of Disconnect request of Parcel #01-441-0-0001
Discussion and Direction on Water Wise Standards
Council Representative Reports
A CLOSED SESSION  Will be held which will not be open to the public pursuant to Utah Code Ann. §52-4-205(1)(c).
Adjournment 



A CLOSED SESSION  Will be held which will not be open to the public pursuant to Utah Code Ann. §52-4-205(1)(c).


**All handouts for this meeting can be found on the city's website erda.gov under the calendar section**








Pursuant to the Americans with Disabilities Act, Individuals needing special accommodations should contact Erda City Office at either jpoole@erda.gov jstagg@erda.gov or 435-243-5577",pmn,2026-10-05T16:59:19.076382Z
pmn_1104057,Erda,Erda Planning Commission,2026-08-25,Erda City Planning Commission Meeting,,,https://www.utah.gov/pmn/sitemap/notice/1104057.html,"Notice is hereby given that the Erda Planning Commission will hold their regular meeting on Tuesday, August 25, 2026 at 7:00pm. The meeting will be held at the Erda City Office, next to the Fire Station located at 2163 W Erda Way, Erda, UT 84074


Google Meet joining info:https://meet.google.com/tqf-tdff-drz
Or dial:  (US) +1 318-373-3175  PIN:  902 912 189 #


Call to Order
Roll Call
Pledge and Prayer 
Approve Minutes from 8-11-26
Public Comment (3 minute limit per comment)
Consideration of Oquirrh Point Amended Community Structure Plan
Consideration of Oquirrh Point Amended Phase 1 Project Plan
Comments from Commissioners
Adjournment 


**All handouts associated with this meeting can be found on the city's website erda.gov under City Government**
Pursuant to the Americans with Disabilities Act, Individuals needing special accommodations should contact Erda City Office at either jpoole@erda.gov jstagg@erda.gov or 435-243-5577",pmn,2026-10-05T16:59:19.076563Z
pmn_1103531,Erda,Erda City Council,2026-08-27,**CANCELED*** Erda City Council Meeting,,,https://www.utah.gov/pmn/sitemap/notice/1103531.html,"****CANCELED*****

Notice is hereby given that the Erda City Council's Scheduled Meeting on Thursday August 27th, 2026 has been canceled. The City Council will hold their next regularly scheduled meeting on Thursday September 10th 2026 at 7:00pm. At the Erda City Office, Erda Fire Station, 2163 W. Erda Way, Erda UT",pmn,2026-10-05T16:59:19.076377Z
pmn_1106885,Erda,Erda Planning Commission,2026-09-08,**CANCELED*** Erda Planning Commission Meeting,,,https://www.utah.gov/pmn/sitemap/notice/1106885.html,"****CANCELED*****Notice is hereby given that the Planning Commission's Scheduled Meeting on Tuesday September 8th, 2026 has been canceled. The Planning Commission will hold their next regularly scheduled meeting on Tuesday September 22nd, 2026 at 7:00pm. At the Erda City Office, Erda Fire Station, 2163 W. Erda Way, Erda UT.",pmn,2026-10-05T16:59:19.076560Z
pmn_1106863,Erda,Erda City Council,2026-09-10,Erda City Council Meeting,,,https://www.utah.gov/pmn/sitemap/notice/1106863.html,"Notice is hereby given that the Erda City Council will hold a meeting on Thursday, September 10, 2026 at 7:00pm. The meeting will be held at the Erda City Fire Station/Office, located at 2163 West Erda Way, Erda, Utah

You may join in person or via Google Meet link: https://meet.google.com/oiq-kand-tmj
Or dial:  (US) +1 405-646-0103  PIN:  448 708 729 #



Call to Order
Roll Call
Pledge
Public Comment
Approve meeting minutes from 8-19-26
Treasurer Report
Sheriff's Report
NTFD Report
Consideration of Ordinance 26-11 Denying Petition of Disconnect for Parcel # 01-441-0-0001
Consideration of Resolution 26-11 Approving Amendments to Oquirrh Point Community Structure Plan
Council Representative Reports
Adjournment 






FOLLOW UP ITEMS:
John on Enbridge Gas agreement
Create an Audit form to audit businesses
Rabbit Lane
Road Assessment Plan


**All handouts for this meeting can be found on the city's website erda.gov under the calendar section**

Board may elect to go into a closed session which will not be open to the public pursuant to Utah Code Ann. §52-4-205(1).


Pursuant to the Americans with Disabilities Act, Individuals needing special accommodations should contact Erda City Office at either jpoole@erda.gov jstagg@erda.gov or 435-243-5577",pmn,2026-10-05T16:59:19.076374Z
pmn_1110125,Erda,Erda Planning Commission,2026-09-22,Erda City Planning Commission Meeting,,,https://www.utah.gov/pmn/sitemap/notice/1110125.html,"Notice is hereby given that the Erda Planning Commission will hold their regular meeting on Tuesday, September 22, 2026 at 7:00pm. The meeting will be held at the Erda City Office, next to the Fire Station located at 2163 W Erda Way, Erda, UT 84074


Google Meet joining info: https://meet.google.com/nnn-ionq-fuo
Or dial:  (US) +1 904-580-8957  PIN:  227 152 488 #



Call to Order
Roll Call
Pledge and Prayer 
Approve Minutes from 8-25-26
Public Comment (3 minute limit per comment)
Consideration of Conditional Use Permit for a Private road for 
Parcel #01-422-0-0013 Warr Minor Subdivision
Open Public Hearing
Close Public Hearing
Comments from Commissioners
Adjournment 


Pursuant to the Americans with Disabilities Act, Individuals needing special accommodations should contact Erda City Office at either jpoole@erda.gov jstagg@erda.gov or 435-243-5577",pmn,2026-10-05T16:59:19.076555Z
pmn_1110595,Erda,Erda City Council,2026-09-24,**CANCELED*** Erda City Council Meeting,,,https://www.utah.gov/pmn/sitemap/notice/1110595.html,"****CANCELED*****

Notice is hereby given that the Erda City Council's Scheduled Meeting on Thursday September 24th, 2026 has been canceled. The City Council will hold their next regularly scheduled meeting on Thursday October 8th 2026 at 7:00pm. At the Erda City Office, Erda Fire Station, 2163 W. Erda Way, Erda UT",pmn,2026-10-05T16:59:19.076367Z
web_6584217612085422284,Grantsville,,,Minutes,residential_subdivision,0.5,https://www.grantsvilleut.gov/Document_Center/Department/Community%20&%20Economic%20Development/Minutes/2026/2026.06.02%20-%20PC%20Regular%20Minutes.pdf?t=202606171754350,"Action Items:
Agenda Item Description Action
Item
#1 Recommendation of a Proposed Preliminary Plat Approved
Application for Arbon Acres, located
approximately at 500 South and Hale Street.
#2 Consideration of the proposed Master Approved
Development Agreement for Willow Fields
Subdivision located approximately at Old Lincoln
Highway and Campion Drive.
#3 Recommendation of the proposed amendments to Approved
the Grantsville City Master Transportation Plan.
#4 Approval of the minutes from the May ",web,2026-07-06T12:04:36.647812+00:00
web_6860413050363342240,Grantsville,,,Minutes,residential_subdivision,0.5,https://www.grantsvilleut.gov/Document_Center/Department/Community%20&%20Economic%20Development/Minutes/2026/2026.06.02%20-%20PC%20Regular%20Minutes.pdf?t=202607021830310,"Action Items:
Agenda Item Description Action
Item
#1 Recommendation of a Proposed Preliminary Plat Approved
Application for Arbon Acres, located
approximately at 500 South and Hale Street.
#2 Consideration of the proposed Master Approved
Development Agreement for Willow Fields
Subdivision located approximately at Old Lincoln
Highway and Campion Drive.
#3 Recommendation of the proposed amendments to Approved
the Grantsville City Master Transportation Plan.
#4 Approval of the minutes from the May ",web,2026-10-05T16:54:24.843412+00:00
web_7569634597848006834,Grantsville,,,Minutes,residential_subdivision,0.5,https://www.grantsvilleut.gov/Document_Center/Department/Community%20&%20Economic%20Development/Minutes/2026/2026.07.07%20-%20Planning%20Commission%20Regular%20Meeting%20Minutes.pdf?t=202607221220220,"Action Items:
Agenda
Item Description Action
Item
Consideration of a proposed Final Plat for the West
#1 Bench Subdivision, located at 169 North Taylor Road, in Approved
the R-1-21 Zone.
Consideration of a request for a Plat Extension Approval
#2 Approved
for the Wells Crossing Phase 7 Subdivision.
Recommendation of a proposed Master Development
#3 Agreement for Falcons Landing Subdivision located Approved
approximately on Booth Street and Wild Rose Drive.
Recommendation of a proposed Planned Un",web,2026-08-03T11:21:21.845311+00:00
web_3456076590925244695,Grantsville,,,Minutes,conditional_use,0.25,https://www.grantsvilleut.gov/Document_Center/Department/Community%20&%20Economic%20Development/Minutes/2026/07.21.26-%20PC%20Regular%20Minutes.pdf?t=202608071049440,"Action Summary:
Agenda
Item Description Action
Item
Consideration of a proposed Conditional Use Permit
for Lauren Trista Favor to keep up to seven (7)
#1 horses and a Kennel Permit to keep up to four (4) Approved
dogs on the residential property located at 947 East
Durfee Street, in the R-1-21 Zone.
Consideration of a proposed Conditional Use Permit
for Gabriel Laura Castaneda to keep up to one (1)
#2 Approved
horse on the residential property located at 249 W
Cowdery Drive, in the R-1-21 Zone.
",web,2026-10-05T16:54:19.982357+00:00
web_4623604128756679400,Grantsville,,,Minutes,residential_subdivision,0.5,https://www.grantsvilleut.gov/Document_Center/Department/Community%20&%20Economic%20Development/Minutes/2026/2026.07.07%20-%20Planning%20Commission%20Regular%20Meeting%20Minutes.pdf?t=202608071051300,"Action Items:
Agenda
Item Description Action
Item
Consideration of a proposed Final Plat for the West
#1 Bench Subdivision, located at 169 North Taylor Road, in Approved
the R-1-21 Zone.
Consideration of a request for a Plat Extension Approval
#2 Approved
for the Wells Crossing Phase 7 Subdivision.
Recommendation of a proposed Master Development
#3 Agreement for Falcons Landing Subdivision located Approved
approximately on Booth Street and Wild Rose Drive.
Recommendation of a proposed Planned Un",web,2026-08-17T08:41:44.159016+00:00
web_6628434660558279275,Grantsville,,,Minutes,residential_subdivision,0.5,https://www.grantsvilleut.gov/Document_Center/Department/Community%20&%20Economic%20Development/Minutes/2026/2026.07.07%20-%20Planning%20Commission%20Regular%20Meeting%20Minutes.pdf?t=202608141815190,"Action Items:
Agenda
Item Description Action
Item
Consideration of a proposed Final Plat for the West
#1 Bench Subdivision, located at 169 North Taylor Road, in Approved
the R-1-21 Zone.
Consideration of a request for a Plat Extension Approval
#2 Approved
for the Wells Crossing Phase 7 Subdivision.
Recommendation of a proposed Master Development
#3 Agreement for Falcons Landing Subdivision located Approved
approximately on Booth Street and Wild Rose Drive.
Recommendation of a proposed Planned Un",web,2026-10-05T16:54:21.882983+00:00
web_3968012963933597536,Grantsville,,,Notice of 2026 Annual Meeting Schedule,other,0.0,https://www.grantsvilleut.gov/Document_Center/Government/City%20Council/2026/2026%20Annual%20Meeting%20Schedule%20Notice.pdf?t=202601201257560,"GRANTSVILLE CITY
NOTICE OF ANNUAL MEETING SCHEDULES
The public is hereby given notice in accordance with Utah State Code §52-4-202, Public Notice of
Meetings, that the Grantsville City Council will hold its regular meetings on the first and third
Wednesdays of each month at the Grantsville City Offices, 429 East Main Street, Grantsville, Utah and
electronically via Zoom. The meetings start at 7:00 pm unless otherwise noticed.
The Grantsville City Planning Commission will hold its regular monthly",web,2026-10-05T16:53:50.512611+00:00
web_6560871926460867672,Grantsville,,2025-08-21,Agenda,other,0.0,https://www.grantsvilleut.gov/Document_Center/Department/Community%20&%20Economic%20Development/P%20&%20Z%20Agendas/2025/Revised%20Combined%20Agenda%20and%20Notices.pdf?t=202508211557220,"PUBLIC NOTICE
The Grantsville City Planning Commission will hold a Regular Meeting at 7:00 p.m. on Thursday, August 21,
2025 at 429 East Main Street, Grantsville, UT 84029. The agenda is as follows:
ROLL CALL
PUBLIC HEARING
a) Consideration of an appeal by Tori McCurdy of the Zoning Administrator’s denial of a request to keep
three large animals at 1076 Windflower Lane, due to the proposed barn location does not meeting the
required 100-foot setback from an adjacent residence.
b) Consideration o",web,2026-04-23T05:21:59.845714+00:00
web_2260330428714940506,Grantsville,,2025-09-04,Agenda,conditional_use,0.25,https://www.grantsvilleut.gov/Document_Center/Department/Community%20&%20Economic%20Development/P%20&%20Z%20Agendas/2025/Combined%20Agenda%20and%20Notices%209-4-25.pdf?t=202508281725270,"PUBLIC NOTICE
The Grantsville City Planning Commission will hold a Regular Meeting at 7:00 p.m. on Thursday, September 4,
2025 at 429 East Main Street, Grantsville, UT 84029. The agenda is as follows:
ROLL CALL
PLEDGE OF ALLEGENCE
PUBLIC HEARING
a) Consideration of a proposed Conditional Use Permit for Spencer Ostler to own and operate Spence
Rents, an equipment rental business located at 40 E Main Street in the CS zone.
AGENDA
1. Consideration of a proposed Conditional Use Permit for Spencer Os",web,2026-05-04T13:15:09.104774+00:00
web_5180916798404399853,Grantsville,,2025-09-18,Agenda,residential_subdivision,0.33,https://www.grantsvilleut.gov/Document_Center/Department/Community%20&%20Economic%20Development/P%20&%20Z%20Agendas/2025/PC%20Agenda%209-18-25.pdf?t=202509111736120,"PUBLIC NOTICE
The Grantsville City Planning Commission will hold a Regular Meeting at 7:00 p.m. on Thursday, September
18, 2025 at 429 East Main Street, Grantsville, UT 84029. The agenda is as follows:
ROLL CALL
PUBLIC HEARING
a) Recommendation of a General Plan amendment, adding a Water Element addressing supply, planning,
and conservation as required by §10-9a-403.
b) Recommendation of the proposed plat amendment for Harvest Meadows Subdivision to change the front
yard setbacks from a 40’ foot",web,2026-06-01T13:41:17.977335+00:00
web_5347933068161053482,Grantsville,,2025-10-02,Agenda,residential_subdivision,0.5,https://www.grantsvilleut.gov/Document_Center/Department/Community%20&%20Economic%20Development/P%20&%20Z%20Agendas/2025/Revised%20PC%20Agenda%2010-2-25.pdf?t=202509261259510,"PUBLIC NOTICE
The Grantsville City Planning Commission will hold a Regular Meeting at 7:00 p.m. on Thursday, October 2, 2025 at 429
East Main Street, Grantsville, UT 84029. The agenda is as follows:
ROLL CALL
PUBLIC HEARING
a) Consideration of the Proposed Preliminary Plat Application for West Haven PUD subdivision.
b) Consideration of the preliminary plat for Falcon Landing located in the RM-7 and R-1-12 zoning.
c) Consideration of the twin home dwelling layout located in Falcon Landing Subdivi",web,2026-06-22T13:35:16.450984+00:00
web_7312850181068264572,Grantsville,,2025-10-02,Packet,residential_subdivision,0.5,https://www.grantsvilleut.gov/Document_Center/Department/Community%20&%20Economic%20Development/P%20&%20Z%20Agendas/2025/Combined%20Planning%20Commission%20Packet%2010-2-25.pdf?t=202509261301430,"PUBLIC NOTICE
The Grantsville City Planning Commission will hold a Regular Meeting at 7:00 p.m. on Thursday, October 2, 2025 at 429
East Main Street, Grantsville, UT 84029. The agenda is as follows:
ROLL CALL
PUBLIC HEARING
a) Consideration of the Proposed Preliminary Plat Application for West Haven PUD subdivision.
b) Consideration of the preliminary plat for Falcon Landing located in the RM-7 and R-1-12 zoning.
c) Consideration of the twin home dwelling layout located in Falcon Landing Subdivi",web,2026-06-15T13:55:32.903705+00:00
web_1422726237491740815,Grantsville,,2025-10-08,Packet,residential_subdivision,0.5,https://www.grantsvilleut.gov/Document_Center/Department/Community%20&%20Economic%20Development/P%20&%20Z%20Agendas/2025/Planning%20Commission%20Combined%20Packet%2010-8-2025.pdf?t=202510101033140,"PUBLIC NOTICE
The Grantsville City Planning Commission will hold a Regular Meeting at 7:00 p.m. on Thursday, October 16,
2025 at 429 East Main Street, Grantsville, UT 84029. The agenda is as follows:
ROLL CALL
PUBLIC HEARING
AGENDA
1. Consideration of the Proposed Preliminary Plat Application for West Haven PUD Subdivision.
2. Approval of minutes from the September 4, 2025, and the September 18, 2025 Planning Commission
Regular Meetings.
3. Report from City Staff.
4. Open Forum for Planning Comm",web,2026-07-06T12:04:58.543810+00:00
web_3892059438173200646,Grantsville,,2025-10-16,Agenda,residential_subdivision,0.5,https://www.grantsvilleut.gov/Document_Center/Department/Community%20&%20Economic%20Development/P%20&%20Z%20Agendas/2025/PC%20Agenda%2010-16-25.pdf?t=202510101032280,"PUBLIC NOTICE
The Grantsville City Planning Commission will hold a Regular Meeting at 7:00 p.m. on Thursday, October 16,
2025 at 429 East Main Street, Grantsville, UT 84029. The agenda is as follows:
ROLL CALL
PUBLIC HEARING
AGENDA
1. Consideration of the Proposed Preliminary Plat Application for West Haven PUD Subdivision.
2. Approval of minutes from the September 4, 2025, and the September 18, 2025 Planning Commission
Regular Meetings.
3. Report from City Staff.
4. Open Forum for Planning Comm",web,2026-07-06T12:04:40.715309+00:00
web_362338572239666104,Grantsville,,2025-11-04,Agenda,conditional_use,0.25,https://www.grantsvilleut.gov/Document_Center/Department/Community%20&%20Economic%20Development/P%20&%20Z%20Agendas/2025/Revised%20PC%20Agenda%2011-4-25.pdf?t=202510241919270,"PUBLIC NOTICE
The Grantsville City Planning Commission will hold a Regular Meeting at 7:00 p.m. on Tuesday, November 4,
2025 at 429 East Main Street, Grantsville, UT 84029. The agenda is as follows:
ROLL CALL
PUBLIC HEARING
a) Proposed conditional use permit for Scott Roskelley to own and operate Cirque Roskelley at his
residence located at 775 S Cedar Road in the R-1-21 zone. The business will provide trapeze and aerial
silks training for performers.
b) Consideration of a proposed amendment to ",web,2026-07-20T10:51:16.630306+00:00
web_8040092752446275285,Grantsville,,2025-11-18,Agenda,rezone,0.2,https://www.grantsvilleut.gov/Document_Center/Department/Community%20&%20Economic%20Development/P%20&%20Z%20Agendas/2025/Revised%20PC%20Agenda%2011-18-25.pdf?t=202511141108290,"PUBLIC NOTICE
The Grantsville City Planning Commission will hold a Regular Meeting at 7:00 p.m. on Tuesday, November 18,
2025 at 429 East Main Street, Grantsville, UT 84029. The agenda is as follows:
ROLL CALL
PUBLIC HEARING
a) Consideration of a proposed rezone for 655 S. Willow Street, 635 S. Willow Street, 387 E. Nygreen
Street, 400 E. Heritage Lane, 420 E. Heritage Lane, and parcel #18-049-0-000R, from the RR-1 (Rural
Residential) zoning designation to the R-1-21 (Single-Family Residential) ",web,2026-08-17T08:41:51.359506+00:00
web_8373464603619561799,Grantsville,,2025-11-18,Agenda,other,0.0,https://www.grantsvilleut.gov/Document_Center/Department/Community%20&%20Economic%20Development/P%20&%20Z%20Agendas/2025/PC%20Training%20Agenda%2011-18-2025.pdf?t=202511141040470,"PUBLIC NOTICE
The Grantsville City Council and Planning Commission will hold a Joint Work Meeting at 6:00 pm on Tuesday,
November 18, 2025 at 429 East Main Street, Grantsville, UT 84029. The agenda is as follows:
ROLL CALL
AGENDA
1. Training with the Property Rights Ombudsman.
2. Adjourn.
Shelby Moore
Zoning Administrator
Scan QR code
Grantsville City Community & Economic Development
to join Zoom
meeting.
Join Zoom Meeting
https://us02web.zoom.us/j/84449308949
Meeting ID: 844 4930 8949
In compli",web,2026-08-03T11:21:28.973296+00:00
web_3560191526998394408,Grantsville,,2025-12-02,Agenda,conditional_use,0.25,https://www.grantsvilleut.gov/Document_Center/Department/Community%20&%20Economic%20Development/P%20&%20Z%20Agendas/2025/Revised%20PC%20Agenda%2012-2-25.pdf?t=202511261537120,"PUBLIC NOTICE
The Grantsville City Planning Commission will hold a Regular Meeting at 7:00 p.m. on Tuesday, December 2, 2025 at
429 East Main Street, Grantsville, UT 84029. The agenda is as follows:
ROLL CALL
PUBLIC HEARING
a) Proposed conditional use permit for Russell Wallis to own and operate a home-based business for the storage and rental of
three 16’x7’ roll-off dumpsters and one trailer unit, located at 334 S Banister Lane in the RR-1 zone.
b) Consideration of a proposed amendment to the ",web,2026-08-31T15:52:09.495252+00:00
web_1669291735761460338,Grantsville,,2025-12-02,Packet,conditional_use,0.25,https://www.grantsvilleut.gov/Document_Center/Department/Community%20&%20Economic%20Development/P%20&%20Z%20Agendas/2025/Combined%20Planning%20Commission%20Packet%2012-2-25.pdf?t=202511261537370,"PUBLIC NOTICE
The Grantsville City Planning Commission will hold a Regular Meeting at 7:00 p.m. on Tuesday, December 2, 2025 at
429 East Main Street, Grantsville, UT 84029. The agenda is as follows:
ROLL CALL
PUBLIC HEARING
a) Proposed conditional use permit for Russell Wallis to own and operate a home-based business for the storage and rental of
three 16’x7’ roll-off dumpsters and one trailer unit, located at 334 S Banister Lane in the RR-1 zone.
b) Consideration of a proposed amendment to the ",web,2026-08-17T08:41:51.180463+00:00
web_3671313100837176118,Grantsville,,2025-12-16,Agenda,rezone,0.2,https://www.grantsvilleut.gov/Document_Center/Department/Community%20&%20Economic%20Development/P%20&%20Z%20Agendas/2025/PC%20Agenda%2012-16-25.pdf?t=202512041718380,"PUBLIC NOTICE
The Grantsville City Planning Commission will hold a Regular Meeting at 7:00 p.m. on Tuesday, December 16,
2025 at 429 East Main Street, Grantsville, UT 84029. The agenda is as follows:
ROLL CALL
PUBLIC HEARING
a) Consideration of a proposed rezone for 587 E Main Street, in the C-D (Commercial Development
District) zoning designation, to RM-15 (Multiple residential District) zoning designation.
b) Consideration of a proposed rezone for 15 N Center Street and 9 N Center Street, in t",web,2026-08-31T15:52:09.310149+00:00
web_9014496208051677135,Grantsville,,2026-01-06,Agenda,residential_subdivision,0.17,https://www.grantsvilleut.gov/Document_Center/Department/Community%20&%20Economic%20Development/P%20&%20Z%20Agendas/2026/PC%20Agenda%201-6-26.pdf?t=202512181847470,"PUBLIC NOTICE
The Grantsville City Planning Commission will hold a Regular Meeting at 7:00 p.m. on Tuesday, January 6,
2026 at 429 East Main Street, Grantsville, UT 84029. The agenda is as follows:
ROLL CALL
PUBLIC HEARING
a) Consideration of the proposed Master Development Agreement for Cloward Court Subdivision located
at 713 E Main Street.
b) Consideration of the proposed Access and Maintenance Easement Agreement for Cloward Court
Subdivision located at 713 E Main Street.
c) Proposed conditio",web,2026-09-21T14:51:43.315591+00:00
web_6846628408703801529,Grantsville,,2026-01-20,Agenda,general_plan_amendment,0.4,https://www.grantsvilleut.gov/Document_Center/Department/Community%20&%20Economic%20Development/P%20&%20Z%20Agendas/2026/Updated%20Agenda%201-20-2026.pdf?t=202601091411410,"PUBLIC NOTICE
The Grantsville City Planning Commission will hold a Regular Meeting at 7:00 p.m. on Tuesday, January 20,
2026 at 429 East Main Street, Grantsville, UT 84029. The agenda is as follows:
ROLL CALL
PUBLIC HEARING
a) Consideration of a proposed General Plan Amendment for parcels 01-066-0-0006, 23-001-0-00A, 01-
112-0-0012, and 01-112-0-0011 to change the land use designation from Single-Family Density to
Mixed-Use Density for the Apple Street Townhomes Subdivision, located at approxima",web,2026-09-28T16:28:49.456166+00:00
web_6554531597418189502,Grantsville,,2026-01-26,Agenda,other,0.0,https://www.grantsvilleut.gov/Document_Center/Government/City%20Council/2026/01.26.2026/01.26%20Special%20Meeting%20Agenda.pdf?t=202601231853540,"PUBLIC NOTICE:
The Grantsville City Council will hold a Special Meeting on Monday, January 26, 2026 in person at
429 East Main Street, Grantsville UT 84029 and electronically via Zoom at 6:00 pm.
The agenda is as follows:
ROLL CALL
AGENDA:
1. Closed Session – (Imminent Litigation, Real Estate Negotiations, or Personnel)
2. Consideration of approving Resolution 2026-11 authorizing the city attorney, with the approval of the city
manager and mayor, to take any reasonable legal action necessary to ",web,2026-05-04T13:14:17.974962+00:00
web_2968334341653963953,Grantsville,,2026-01-26,Packet,annexation,0.5,https://www.grantsvilleut.gov/Document_Center/Government/City%20Council/2026/01.26.2026/01.26%20Agenda%20Packet.pdf?t=202601231854040,"January 26, 2026
City Council Special Meeting
Information Packet
Agenda Item # 1
Closed Session – (Imminent Litigation,
Real Estate Negotiations, or Personnel)
Agenda Item # 2
Consideration of approving Resolution
2026-11 authorizing the city attorney,
with the approval of the city manager and
mayor, to take any reasonable legal
action necessary to enforce the
annexation of the Six Mile Ranch into
Grantsville City
GRANTSVILLE CITY
RESOLUTION NO. 2026-11
A RESOLUTION AUTHORIZING THE CITY ATTORNEY",web,2026-04-27T13:09:33.286047+00:00
web_1839642723955122367,Grantsville,,2026-01-30,Agenda,other,0.0,https://www.grantsvilleut.gov/Document_Center/Government/City%20Council/2026/01.30.2026/01.30.2026%20Site%20Visit%20Notice.pdf?t=202601281624080,"Public Notice of Site Visit / Traveling Tour
PUBLIC NOTICE IS HEREBY GIVEN that members of the Grantsville City Council will
participate in a site visit on Friday, January 30, 2026, from 10:00 a.m. to 2:00 p.m.
at Burt Brothers Motorpark / Utah Motorsports Campus, located at 512 Sheep
Ln, Tooele, UT 84074, pursuant to Utah Code § 52-4-203(7).
A quorum of the City Council will be present. The site visit will consist of a traveling
tour to view various locations. No public business will be conduct",web,2026-05-04T13:14:17.808893+00:00
web_1507684858495914432,Grantsville,,2026-02-03,Agenda,general_plan_amendment,0.4,https://www.grantsvilleut.gov/Document_Center/Department/Community%20&%20Economic%20Development/P%20&%20Z%20Agendas/2026/Amended%20PC%20Agenda%202-3-26..pdf?t=202601291627340,"PUBLIC NOTICE
The Grantsville City Planning Commission will hold a Regular Meeting at 7:00 p.m. on Tuesday, February 3,
2026 at 429 East Main Street, Grantsville, UT 84029. The agenda is as follows:
ROLL CALL
PUBLIC HEARING
a) Consideration of a proposed new use allowing Micro-Entrepreneurship within the RM-7 zoning designation.
b) Consideration of a proposed General Plan Amendment for parcels 01-131-0-0002, 01-130-0-0009, 01-130-0-
0008, 01-130-0-0016, and 01-130-0-0014 to change the land use d",web,2026-10-05T16:54:26.281804+00:00
web_5210050949584475187,Grantsville,,2026-02-04,Agenda,other,0.0,https://www.grantsvilleut.gov/Document_Center/Government/City%20Council/2026/02.04.2026/02.04.2026%20Agenda%20AMENDED.pdf?t=202602041900340,"PUBLIC NOTICE:
The Grantsville City Council will hold a Regular Meeting on Wednesday, February 4, 2026 in person at
429 East Main Street, Grantsville UT 84029 and electronically via Zoom at 7:00 pm.
The agenda is as follows:
ROLL CALL
AGENDA (amended 2/3/2026 5:30 pm):
1. Public Comment
2. Summary Action Items
a. Approval of Minutes from the January 22, 2026 City Council Regular Meeting and January
26, 2026 Special Meeting
b. Approval of Bills
3. Consideration of approving Resolution 2026-02 aut",web,2026-05-04T13:14:13.368710+00:00
web_2116856869847311435,Grantsville,,2026-02-04,Minutes,other,0.0,https://www.grantsvilleut.gov/Document_Center/Government/City%20Council/2026/02.04.2026/02.04.2026%20City%20Council%20Meeting%20Minutes%20FINAL.pdf?t=202603241811430,"MINUTES OF THE BUSINESS MEETING OF THE GRANTSVILLE CITY COUNCIL,
HELD ON FEBRUARY 4TH, 2026 AT THE GRANTSVILLE CITY HALL, LOCATED AT
429 EAST MAIN STREET, GRANTSVILLE, UTAH AND ELECTRONICALLY VIA
ZOOM. THE MEETING BEGAN AT 7:00 P.M.
Mayor and Council Members Present:
Mayor Hammond Brittany Skinner
Rhett Butler Jake Thomas
Derek Dalton Jeff Williams
Council Members Excused: none.
Appointed Officers and Employees Present:
Michael Resare, City Manager Fire Chief Jason Remick
Alicia Fairbourne, City",web,2026-05-04T13:14:17.687673+00:00
web_4601871784316266964,Grantsville,,2026-02-04,Packet,other,0.0,https://www.grantsvilleut.gov/Document_Center/Government/City%20Council/2026/02.04.2026/02.04.2026%20Council%20Meeting%20Packet%20v5.pdf?t=202602041901140,"February 4, 2026
City Council Meeting
Information Packet
Agenda Item # 1
Public Comment
Agenda Item # 2
Summary Action Items
a. Approval of Minutes from the
January 22, 2026 City Council
Regular Meeting and January
26, 2026 Special Meeting
b. Approval of Bills
MINUTES OF THE BUSINESS MEETING OF THE GRANTSVILLE CITY COUNCIL,
HELD ON JANUARY 22nd, 2026 AT THE GRANTSVILLE CITY HALL, LOCATED AT
429 EAST MAIN STREET, GRANTSVILLE, UTAH AND ELECTRONICALLY VIA
ZOOM. THE MEETING BEGAN AT 6:00 P.M.
Mayor ",web,2026-05-04T13:14:15.924883+00:00
web_8895294634296294715,Grantsville,,2026-02-18,Agenda,other,0.0,https://www.grantsvilleut.gov/Document_Center/Government/City%20Council/2026/02.18.2026/02.18.2026%20City%20Council%20Meeting%20Agenda.pdf?t=202602132011090,"PUBLIC NOTICE:
The Grantsville City Council will hold a Regular Meeting and Public Hearing on Wednesday, February 18,
2026 in person at 429 East Main Street, Grantsville UT 84029 and electronically via Zoom beginning at 7:00
pm.
The agenda is as follows:
ROLL CALL
AGENDA:
1. Public Comment
2. Summary Action Items
a. Approval of Minutes from the February 4, 2026 City Council Regular Meeting
b. Approval of Bills
3. Presentation from the Tooele Technical College introducing the 2026 Student of the ",web,2026-05-04T13:14:10.146978+00:00
web_3756233975106239835,Grantsville,,2026-02-18,Minutes,other,0.0,https://www.grantsvilleut.gov/Document_Center/Government/City%20Council/2026/02.18.2026/02.18.2026%20City%20Council%20Regular%20Meeting%20Minutes%20DRAFT.pdf?t=202603241810530,"MINUTES OF THE BUSINESS MEETING OF THE GRANTSVILLE CITY COUNCIL,
HELD ON FEBRUARY 18TH, 2026 AT THE GRANTSVILLE CITY HALL, LOCATED AT
429 EAST MAIN STREET, GRANTSVILLE, UTAH AND ELECTRONICALLY VIA
ZOOM. THE MEETING BEGAN AT 7:00 P.M.
Mayor and Council Members Present:
Mayor Hammond Jake Thomas
Derek Dalton Jeff Williams
Brittany Skinner
Council Members Excused: Rhett Butler
Appointed Officers and Employees Present:
Michael Resare, City Manager Christy Montierth, Public Works Director
Alicia Fair",web,2026-05-04T13:14:13.050927+00:00
web_3248182831581913079,Grantsville,,2026-02-18,Packet,other,0.0,https://www.grantsvilleut.gov/Document_Center/Government/City%20Council/2026/02.18.2026/02.18.2026%20Packet.pdf?t=202602132011160,"February 18, 2026
City Council Meeting
Information Packet
Agenda Item # 1
Public Comment
Agenda Item # 2
Summary Action Items
a. Approval of Minutes from the
February 4, 2026 City Council
Regular Meeting
b. Approval of the Bills
MINUTES OF THE BUSINESS MEETING OF THE GRANTSVILLE CITY COUNCIL,
HELD ON FEBRUARY 4TH, 2026 AT THE GRANTSVILLE CITY HALL, LOCATED AT
429 EAST MAIN STREET, GRANTSVILLE, UTAH AND ELECTRONICALLY VIA
ZOOM. THE MEETING BEGAN AT 7:00 P.M.
Mayor and Council Members Present:
May",web,2026-05-04T13:14:11.764332+00:00
web_9207579962186272291,Grantsville,,2026-03-03,Agenda,commercial,0.25,https://www.grantsvilleut.gov/Document_Center/Department/Community%20&%20Economic%20Development/P%20&%20Z%20Agendas/2026/PC%20Agenda%203-3-26.pdf?t=202602191903290,"PUBLIC NOTICE
The Grantsville City Planning Commission will hold a Regular Meeting at 7:00 p.m. on Tuesday, March 3,
2026 at 429 East Main Street, Grantsville, UT 84029. The agenda is as follows:
ROLL CALL
AGENDA
1. Presentation, Public Hearing, Discussion, and Consideration: Consideration of a proposed rezone of Parcel
01-066-0-0030 from A-10 (Agricultural) to the Shopping Commercial District (C-S), located at
approximately 519 W Main Street.
2. Presentation, Public Hearing, Discussion, and Con",web,2026-10-05T16:54:26.061974+00:00
web_3503017087566264868,Grantsville,,2026-03-04,Agenda,rezone,0.2,https://www.grantsvilleut.gov/Document_Center/Government/City%20Council/2026/03.04.2026/03.04.2026%20City%20Council%20Meeting%20Agenda.pdf?t=202602271855040,"PUBLIC NOTICE:
The Grantsville City Council will hold a Regular Meeting on Wednesday, March 4, 2026 in person at 429 East
Main Street, Grantsville UT 84029 and electronically via Zoom beginning at 7:00 pm.
The agenda is as follows:
ROLL CALL
AGENDA:
1. Public Comment
2. Summary Action Items
a. Approval of Minutes from the February 18, 2026 City Council Regular Meeting
b. Approval of Bills
3. Consideration of Ordinance 2026-13 approving a rezone for certain real property located at
approximately ",web,2026-05-11T17:14:59.025237+00:00
web_5229703670376813494,Grantsville,,2026-03-04,Packet,commercial,0.25,https://www.grantsvilleut.gov/Document_Center/Government/City%20Council/2026/03.04.2026/03.04.2026%20City%20Council%20Meeting%20Materials.pdf?t=202603041633320,"March 4, 2026
City Council Meeting
Information Packet
Agenda Item # 1
Public Comment
Agenda Item # 2
Summary Action Items
a. Approval of Minutes from
02/18/2026 City Council Regular
Meeting
b. Approval of the Bills
Agenda Item #3
Consideration of Ordinance 2026-13
approving a rezone for certain real
property located at approximately 519 W
Main Street from the A-10 (Agricultural)
zoning designation to the C-S (Shopping
Commercial District) zoning designation
GRANTSVILLE CITY
ORDINANCE NO. 2026-13",web,2026-05-04T13:14:09.952663+00:00
web_3028900104060531351,Grantsville,,2026-03-17,Agenda,residential_subdivision,0.17,https://www.grantsvilleut.gov/Document_Center/Department/Community%20&%20Economic%20Development/P%20&%20Z%20Agendas/2026/Revised%20Agenda%203-17-26.pdf?t=202603061720210,"PUBLIC NOTICE
The Grantsville City Planning Commission will hold a Regular Meeting at 7:00 p.m. on Tuesday, March 17,
2026 at 429 East Main Street, Grantsville, UT 84029. The agenda is as follows:
ROLL CALL
PLEDGE OF ALLEGIANCE
AGENDA
1. Presentation and Discussion: Discussion of a proposed concept in Residential District (R-1-21).
2. Presentation, and Discussion: Discussion of the proposed Master Development Agreement for Mack
Canyon Subdivision located approximately near Mack Canyon Road and S",web,2026-10-05T16:54:25.884082+00:00
web_3458479420038882320,Grantsville,,2026-03-24,Agenda,other,0.0,https://www.grantsvilleut.gov/Document_Center/Department/Community%20&%20Economic%20Development/P%20&%20Z%20Agendas/2026/2026.03.24%20-%20PC%20Agenda.pdf?t=202603201417570,"PUBLIC NOTICE
The Grantsville City Planning Commission will hold a training session with staff at 6:30 p.m. on
Tuesday, March 24, 2026 at 429 East Main Street, Grantsville, UT 84029. The agenda is as follows:
ROLL CALL
AGENDA
1. Training Topics
2. Questions and Discussion
3. Adjourn
Shelby Moore
Zoning Administrator
Scan QR code
Grantsville City Community & Economic Development
to join Zoom
meeting.
Join Zoom Meeting
Join Zoom Meeting: https://us02web.zoom.us/j/4358843411
By Phone, Dial: 1-253-2",web,2026-10-05T16:54:25.712916+00:00
web_4208771244486561350,Grantsville,,2026-03-25,Agenda,other,0.0,https://www.grantsvilleut.gov/Document_Center/Government/City%20Council/2026/03.25.2026/03.25.2026%20City%20Council%20Meeting%20Agenda.pdf?t=202603241807210,"PUBLIC NOTICE:
The Grantsville City Council will hold a Regular Meeting and Public Hearing on Wednesday, March 25, 2026
in person at 429 East Main Street, Grantsville UT 84029 and electronically via Zoom beginning at 7:00 p.m.
The agenda is as follows:
ROLL CALL
AGENDA:
1. Public Comment
2. Summary Action Items
a. Approval of Minutes from the February 18, 2026 City Council Regular Meeting
b. Approval of Minutes from the March 4, 2026 City Council Regular Meeting
c. Approval of bills
3. Presentat",web,2026-05-25T16:36:12.935992+00:00
web_8191013163214584465,Grantsville,,2026-03-25,Minutes,other,0.0,https://www.grantsvilleut.gov/Document_Center/Government/City%20Council/2026/03.25.2026/03.25.2026%20City%20Council%20Minutes%20FINAL.pdf?t=202605042246380,"MINUTES OF THE BUSINESS MEETING OF THE GRANTSVILLE CITY COUNCIL,
HELD ON MARCH 25, 2026 AT THE GRANTSVILLE CITY HALL, LOCATED AT 429
EAST MAIN STREET, GRANTSVILLE, UTAH AND ELECTRONICALLY VIA ZOOM.
THE MEETING BEGAN AT 7:00 P.M.
Mayor and Council Members Present:
Mayor Hammond Brittany Skinner
Rhett Butler Jake Thomas
Derek Dalton Jeff Williams
Council Members Excused: none.
Appointed Officers and Employees Present:
Michael Resare, City Manager Fire Chief Jason Remick
Alicia Fairbourne, City Rec",web,2026-05-11T17:14:58.753159+00:00
web_7412798115838827398,Grantsville,,2026-03-25,Packet,other,0.0,https://www.grantsvilleut.gov/Document_Center/Government/City%20Council/2026/03.25.2026/03.25.2026%20Agenda%20Packet.pdf?t=202603241807430,"March 25, 2026
City Council Meeting
Information Packet
Agenda Item # 1
Public Comment
Agenda Item # 2
Summary Action Items
a. Approval of Minutes from the
February 18, 2026 City Council
Regular Meeting
b. Approval of Minutes from the
March 4, 2026 City Council
Regular Meeting
c. Approval of bills
February 18, 2026 City
Council Meeting Minutes
MINUTES OF THE BUSINESS MEETING OF THE GRANTSVILLE CITY COUNCIL,
HELD ON FEBRUARY 18TH, 2026 AT THE GRANTSVILLE CITY HALL, LOCATED AT
429 EAST MAIN STREET,",web,2026-05-25T16:36:14.478799+00:00
web_6616154504379284370,Grantsville,,2026-04-01,Agenda,other,0.0,https://www.grantsvilleut.gov/Document_Center/Government/City%20Council/2026/04.01.2026/04.01.2026%20Council%20Meeting%20Agenda%20AMENDED.pdf?t=202603311736360,"PUBLIC NOTICE:
The Grantsville City Council will hold a Regular Meeting and Public Hearing on Wednesday, April 1, 2026 in
person at 429 East Main Street, Grantsville UT 84029 and electronically via Zoom beginning at 7:00 pm.
AGENDA AMENDED 3/31/2026 1:40 PM
The agenda is as follows:
ROLL CALL
AGENDA:
1. Public Comment
2. Summary Action Items
a. Approval of Minutes from the March 25, 2026 City Council Regular Meeting
b. Approval of bills
3. Presentation of a Community Enhancement grant for the Gr",web,2026-05-25T16:36:10.450754+00:00
web_8708260807737972640,Grantsville,,2026-04-01,Minutes,other,0.0,https://www.grantsvilleut.gov/Document_Center/Government/City%20Council/2026/04.01.2026/04.01.2026%20City%20Council%20Meeting%20Minutes%20DRAFT.pdf?t=202605042244340,"MINUTES OF THE BUSINESS MEETING OF THE GRANTSVILLE CITY COUNCIL,
HELD ON APRIL 1, 2026 AT THE GRANTSVILLE CITY HALL, LOCATED AT 429
EAST MAIN STREET, GRANTSVILLE, UTAH AND ELECTRONICALLY VIA ZOOM.
THE MEETING BEGAN AT 7:00 P.M.
Mayor and Council Members Present:
Mayor Hammond Jake Thomas
Rhett Butler Jeff Williams
Derek Dalton
Council Members Excused: Brittany Skinner
Appointed Officers and Employees Present:
Michael Resare, City Manager Bill Cobabe, Comm. Development Director
Alicia Fairbourne,",web,2026-05-25T16:36:12.728000+00:00
web_8912847686349788387,Grantsville,,2026-04-01,Packet,other,0.0,https://www.grantsvilleut.gov/Document_Center/Government/City%20Council/2026/04.01.2026/04.01.2026%20Agenda%20Packet%20AMENDED.pdf?t=202604060016340,"April 1, 2026
City Council Meeting
Information Packet
Agenda Item # 1
Public Comment
Agenda Item # 2
Summary Action Items
a. Approval of Minutes from
03/25/2026 City Council Regular
Meeting
b. Approval of the bills
Agenda Item #3
Presentation of a Community
Enhancement grant for the Grantsville
Fire Department
Agenda Item # 4
Consideration of approving Resolution
2026-17 awarding the contract for
professional landscape and memorial
design services for the Veterans
Memorial Park to Fritz Custom C",web,2026-05-25T16:36:11.044648+00:00
web_3000825772820542551,Grantsville,,2026-04-07,Agenda,residential_subdivision,0.17,https://www.grantsvilleut.gov/Document_Center/Department/Community%20&%20Economic%20Development/P%20&%20Z%20Agendas/2026/PC%20Agenda%204-7-26%20Updated.pdf?t=202604031047010,"PUBLIC NOTICE
The Grantsville City Planning Commission will hold a Regular Meeting at 7:00 p.m. on Tuesday, April 7, 2026
at 429 East Main Street, Grantsville, UT 84029. The agenda is as follows:
ROLL CALL
AGENDA
1. Presentation and Discussion: Discussion of a proposed concept for Falcon’s Landing Subdivision.
2. Presentation, Public Hearing, Discussion, and Consideration: Consideration of a proposed Conditional Use
Permit for Patsy Perry, to own and operate BnP Firearms and So Much More, LLC a ",web,2026-10-05T16:54:25.586867+00:00
web_986662633016399451,Grantsville,,2026-04-14,Agenda,other,0.0,https://www.grantsvilleut.gov/Document_Center/Government/City%20Council/2026/04.14.2026/04.14.2026%20Work%20Session%20Agenda.pdf?t=202604131125330,"PUBLIC NOTICE
PUBLIC NOTICE IS HEREBY GIVEN that the Grantsville City Council and Grantsville City Planning
Commission will hold a combined Work Meeting on Tuesday, April 14, 2026 in person at 429 East Main
Street, Grantsville, UT 84029 and electronically via Zoom beginning at 7:00 pm.
The agenda is as follows:
ROLL CALL
AGENDA ITEMS
1. Presentation and Discussion: Discussion regarding the Grantsville City Master Transportation
Plan, including current conditions, future transportation needs, and",web,2026-06-15T13:54:52.289469+00:00
web_8386931962366225593,Grantsville,,2026-04-14,Minutes,other,0.0,https://www.grantsvilleut.gov/Document_Center/Government/City%20Council/2026/04.14.2026/04.14.2026%20City%20Council%20and%20Planning%20Commission%20Joint%20Work%20Meeting%20Minutes%20APPROVED.pdf?t=202605071507490,"MINUTES OF THE COMBINED WORK MEETING OF THE GRANTSVILLE CITY
COUNCIL AND GRANTSVILLE CITY PLANNING COMMISSION HELD ON APRIL
14, 2026 AT THE GRANTSVILLE CITY HALL, LOCATED AT 429 EAST MAIN
STREET, GRANTSVILLE, UTAH AND ELECTRONICALLY VIA ZOOM. THE
MEETING BEGAN AT 7:00 P.M.
Mayor and Council Members Present:
Mayor Hammond Derek Dalton
Rhett Butler Brittany Skinner
Jeff Williams joined at 7:15 pm
Council Members Excused: Jake Thomas
Cameron Moulton
Planning Commissioners Present:
Jason Hill
Chair ",web,2026-05-25T16:36:10.231892+00:00
web_4960733170172010530,Grantsville,,2026-04-14,Packet,other,0.0,https://www.grantsvilleut.gov/Document_Center/Government/City%20Council/2026/04.14.2026/Combined%20Work%20Meeting%20Packet%204-14-26.pdf?t=202604131125430,"PUBLIC NOTICE
The Grantsville City Planning Commission will hold a Work Meeting with the Grantsville City Council at
7:00 p.m. on Tuesday, April 14, 2026 at 429 East Main Street, Grantsville, UT 84029 and electronically via
Zoom. The agenda is as follows:
ROLL CALL
AGENDA
1. Presentation and Discussion: Discussion regarding the Grantsville City Master Transportation Plan,
including current conditions, future transportation needs, and potential improvements. No formal action
will be taken.
2. Pre",web,2026-06-15T13:54:53.598714+00:00
web_8123471158083707309,Grantsville,,2026-04-15,Agenda,other,0.0,https://www.grantsvilleut.gov/Document_Center/Government/City%20Council/2026/04.15.2026/04.15.2026%20Council%20Meeting%20Agenda.pdf?t=202604131126580,"PUBLIC NOTICE:
The Grantsville City Council will hold a Regular Meeting and Public Hearing on Wednesday, April 15, 2026 in
person at 429 East Main Street, Grantsville UT 84029 and electronically via Zoom beginning at 7:00 pm.
The agenda is as follows:
ROLL CALL
AGENDA:
1. Public Comment
2. Summary Action Items
a. Approval of Minutes from the April 1, 2026 City Council Regular Meeting
b. Approval of bills
3. Consideration of Resolution 2026-24 approving the appointment of Candy Swallom to the Gra",web,2026-07-06T12:04:34.172118+00:00
web_8204226344623203519,Grantsville,,2026-04-15,Minutes,other,0.0,https://www.grantsvilleut.gov/Document_Center/Government/City%20Council/2026/04.15.2026/04.15.2026%20City%20Council%20Regular%20Meeting%20and%20Public%20Hearing%20Minutes%20FINAL.pdf?t=202605071507040,"MINUTES OF THE BUSINESS MEETING OF THE GRANTSVILLE CITY COUNCIL,
HELD ON APRIL 15TH, 2026 AT THE GRANTSVILLE CITY HALL, LOCATED AT 429
EAST MAIN STREET, GRANTSVILLE, UTAH AND ELECTRONICALLY VIA ZOOM.
THE MEETING BEGAN AT 7:00 P.M.
Mayor and Council Members Present:
Mayor Hammond Brittany Skinner
Rhett Butler Jake Thomas
Derek Dalton Jeff Williams
Council Members Excused: none.
Appointed Officers and Employees Present:
Michael Resare, City Manager Aspen Clegg, Finance Director
Alicia Fairbourne, ",web,2026-06-29T12:32:44.707035+00:00
web_3399063267750623894,Grantsville,,2026-04-15,Packet,other,0.0,https://www.grantsvilleut.gov/Document_Center/Government/City%20Council/2026/04.15.2026/04.15.2026%20Agenda%20Packet.pdf?t=202604131127060,"April 15, 2026
City Council Meeting
Information Packet
Agenda Item # 1
Public Comment
Agenda Item # 2
Summary Action Items
a. Approval of Minutes from April 1,
2026 City Council Regular Meeting
b. Approval of the bills
Agenda Item #3
Consideration of Resolution 2026-24
approving the appointment of Candy
Swallom to the Grantsville City Library
Board
GRANTSVILLE CITY
RESOLUTION NO. 2026-24
A RESOLUTION APPROVING THE APPOINTMENT OF CANDY SWALLOM TO
THE GRANTSVILLE CITY LIBRARY BOARD
Be it resolved ",web,2026-05-04T13:14:03.466372+00:00
web_6130745593904667625,Grantsville,,2026-04-15,Packet,other,0.0,https://www.grantsvilleut.gov/Document_Center/Government/City%20Council/2026/04.15.2026/04.15.2026%20Agenda%20Packet%20w%20public%20comments.pdf?t=202605081504310,"April 15, 2026
City Council Meeting
Information Packet
Agenda Item # 1
Public Comment
Agenda Item # 2
Summary Action Items
a. Approval of Minutes from April 1,
2026 City Council Regular Meeting
b. Approval of the bills
April 14, 2026
To: Grantsville Mayor and City Council,
The citizens of Grantsville voted you in to LEAD and PROTECT
the “citizens” of Grantsville. From last weeks meeting it didn’t
appear so by the frail voices and weak backbones that I / we
witnessed. It appeared that the investo",web,2026-06-29T12:32:43.061164+00:00
web_5399046481073762530,Grantsville,,2026-05-01,Agenda,other,0.0,https://www.grantsvilleut.gov/Document_Center/Government/City%20Council/2026/05.01.2026/05.01.2026%20Special%20Work%20Meeting%20Agenda.pdf?t=202604301730240,"PUBLIC NOTICE:
The Grantsville City Council will hold a Special Work Session on Friday, May 1, 2026 in person at 429 East
Main Street, Grantsville UT 84029 and electronically via Zoom beginning at 3:25 pm.
Please note: There will be no public comments or action taken by the Council during this meeting.
The agenda is as follows:
ROLL CALL
AGENDA:
1. Training of roles and responsibilities of Legal Department
2. Training of roles and responsibilities of City Recorder and Open Public Meetings Act tr",web,2026-08-03T11:21:19.361034+00:00
web_7328816184929853473,Grantsville,,2026-05-01,Minutes,other,0.0,https://www.grantsvilleut.gov/Document_Center/Government/City%20Council/2026/05.01.2026/05.01.2026%20City%20Council%20Special%20Work%20Session%20Minutes%20FINAL.pdf?t=202605261915080,"MINUTES OF THE SPECIAL WORK MEETING OF THE GRANTSVILLE CITY
COUNCIL, HELD ON MAY 1ST, 2026 AT GRANTSVILLE CITY HALL, LOCATED AT
429 EAST MAIN STREET, GRANTSVILLE, UTAH AND ELECTRONICALLY VIA
ZOOM. THE MEETING BEGAN AT 3:25 P.M.
Mayor and Council Members Present:
Mayor Hammond Brittany Skinner
Rhett Butler Jake Thomas
Derek Dalton Jeff Williams
Council Members Excused: none.
Appointed Officers and Employees Present:
Michael Resare, City Manager Heidi Jeffries, Human Resources / Treasurer
Alicia F",web,2026-07-06T12:04:33.962120+00:00
web_8830003557073310615,Grantsville,,2026-05-01,Packet,other,0.0,https://www.grantsvilleut.gov/Document_Center/Government/City%20Council/2026/05.01.2026/05.01.2026%20Council%20Work%20Meeting%20Packet.pdf?t=202605071515260,"May 1, 2026
City Council Special
Work Meeting
Information Packet
Agenda Item # 1
Training of roles and responsibilities of
Legal Department
2026 Grantsville City
Effective Municipal Leadership
A Guide to Leadership in
Grantsville
Grantsville City Council Retreat | 2026
1/16 Next
2026
Five-Member Council (Traditional)
Utah's Three
The most common form in Utah. Mayor serves as a voting member of the
Forms of council, participating equally in all decisions with full voting rights on
every matter.
G",web,2026-07-20T10:51:08.587936+00:00
web_6262101748880700426,Grantsville,,2026-05-05,Agenda,other,0.0,https://www.grantsvilleut.gov/Document_Center/Department/Community%20&%20Economic%20Development/P%20&%20Z%20Agendas/2026/PC%20Agenda%205-5-26.pdf?t=202604241659560,"PUBLIC NOTICE
The Grantsville City Planning Commission will hold a Regular Meeting at 7:00 p.m. on Tuesday, May 5, 2026
at 429 East Main Street, Grantsville, UT 84029. The agenda is as follows:
ROLL CALL
AGENDA
1. Presentation, Public Hearing, Discussion, and Consideration: Consideration of proposed amendments to
Grantsville Land Use Ordinance Section 4.5, Lot Standards and Street Frontage.
2. Presentation, Public Hearing, Discussion, and Consideration: Consideration of an appeal by Teresa Outzs",web,2026-04-27T13:09:33.738090+00:00
web_844526847788600593,Grantsville,,2026-05-05,Agenda,other,0.0,https://www.grantsvilleut.gov/Document_Center/Department/Community%20&%20Economic%20Development/P%20&%20Z%20Agendas/2026/PC%20Updated%20Agenda%205-5-26.pdf?t=202604291936510,"PUBLIC NOTICE
The Grantsville City Planning Commission will hold a Regular Meeting at 7:00 p.m. on Tuesday, May 5, 2026
at 429 East Main Street, Grantsville, UT 84029. The agenda is as follows:
ROLL CALL
AGENDA
1. Presentation, Public Hearing, Discussion, and Consideration: Consideration of proposed amendments to
Grantsville Land Use Ordinance Section 4.5, Lot Standards and Street Frontage.
2. Presentation, Public Hearing, Discussion, and Consideration: Consideration of an appeal by Teresa Outzs",web,2026-10-05T16:54:25.413164+00:00
web_2855445805999505181,Grantsville,,2026-05-06,Agenda,other,0.0,https://www.grantsvilleut.gov/Document_Center/Government/City%20Council/2026/05.06.2026/05.06.2026%20City%20Council%20Meeting%20Agenda%20AMENDED%20630.pdf?t=202605052048220,"AMENDED AGENDA 5/5/2026 6:30 PM
PUBLIC NOTICE:
The Grantsville City Council will hold a Regular Meeting and Public Hearing on Wednesday, May 6,
2026 in person at 429 East Main Street, Grantsville UT 84029 and electronically via Zoom beginning
at 7:00 pm.
The agenda is as follows:
ROLL CALL
AGENDA:
1. Public Comment
2. Summary Action Items
a. Approval of Minutes from the April 1, 2026 City Council Regular Meeting
b. Approval of Minutes from the April 14, 2026 City Council and Planning Commission
",web,2026-08-10T09:18:53.693564+00:00
pmn_1077925,Grantsville,Grantsville City Council,2026-05-06,Grantsville City Council Regular Meeting and Public Hearing,,,https://www.utah.gov/pmn/sitemap/notice/1077925.html,"PUBLIC NOTICE:

The Grantsville City Council will hold a Regular Meeting and Public Hearing on Wednesday, May 6, 2026 in person at 429 East Main Street, Grantsville UT 84029 and electronically via Zoom beginning at 7:00 pm. 

The agenda is as follows: 
ROLL CALL 
AGENDA: 
1.	Public Comment
2.	Summary Action Items
a.	Approval of Minutes from the April 1, 2026 City Council Regular Meeting
b.	Approval of Minutes from the April 14, 2026 City Council and Planning Commission Work Meeting
c.	Approval of Minutes from the April 15, 2026 City Council Regular Meeting
d.	Approval of bills
3.	Introduction of Officer John Pittman and Administration of the Oath of Office
4.	Consideration of Resolution 2026-27 approving the 2026-2027 dispatch agreement
5.	Consideration of Resolution 2026-29 approving the advance order of 100th anniversary badges and patches for the Grantsville Fire Department
6.	Discussion of a utility assistance program
7.	Public Hearing Item: Consideration of Ordinance 2026-19 approving a General Plan Amendment for the Wellstone Subdivision (this item will not be discussed and will be continued to the May 20, 2026 City Council Meeting)
8.	Public Hearing Item: Consideration of Ordinance 2026-20 approving a rezone from R-1-21 to R-1-12 for the Wellstone subdivision (this item will not be discussed and will be continued to the May 20, 2026 City Council Meeting)
9.	Public Hearing Item: Consideration of Resolution 2026-30 approving a plat amendment to the Moody Acres Subdivision, located at approximately 415 South Worthington Street
10.	Public Hearing Item: Consideration of approving amendments to the Capital Facilities Plan, Impact Fee Facilities Plan, and Impact Fee Analysis
11.	Public Hearing Item: Consideration of Ordinance 2026-18 approving amendments to the Grantsville City Land Use and Management Code Chapters 4, 6, 7, 8, 9, 14, 15, 16, 20, and 21
12.	Presentation and consideration of Resolution 2026-36 tentatively adopting the Budget Offi",pmn,2026-10-05T16:59:19.072189Z
web_1302696773173431851,Grantsville,,2026-05-06,Minutes,other,0.0,https://www.grantsvilleut.gov/Document_Center/Government/City%20Council/2026/05.06.2026/05.06.2026%20City%20Council%20Meeting%20Minutes%20FINAL.pdf?t=202605261914110,"MINUTES OF THE BUSINESS MEETING OF THE GRANTSVILLE CITY COUNCIL,
HELD ON MAY 6TH, 2026 AT THE GRANTSVILLE CITY HALL, LOCATED AT 429
EAST MAIN STREET, GRANTSVILLE, UTAH AND ELECTRONICALLY VIA ZOOM.
THE MEETING BEGAN AT 7:00 P.M.
Mayor and Council Members Present:
Mayor Hammond Brittany Skinner
Rhett Butler Jake Thomas
Derek Dalton Jeff Williams
Council Members Excused: none.
Appointed Officers and Employees Present:
Michael Resare, City Manager Christy Montierth, Public Works Director
Alicia Fair",web,2026-08-03T11:21:19.178543+00:00
web_3440706888202653107,Grantsville,,2026-05-06,Packet,other,0.0,https://www.grantsvilleut.gov/Document_Center/Government/City%20Council/2026/05.06.2026/05.06.2026%20Agenda%20Item%20Packet%20(Full)%20v5.pdf?t=202605062036260,"May 6, 2026
City Council Meeting
Information Packet
Agenda Item # 1
Public Comment
Agenda Item # 2
Summary Action Items
a. Approval of Minutes from April 1,
2026 City Council Regular
Meeting
b. Approval of Minutes from the
April 14, 2026 City Council and
Planning Commission Work
Meeting
c. Approval of Minutes from the
April 15, 2026 City Council
Regular Meeting
d. Approval of bills
Alicia Fairbourne <afairbourne@grantsvilleut.gov>
Public Comment- May 6, 2026 City Council Meeting
1 message
Krysta",web,2026-08-10T09:18:56.787712+00:00
web_6936445199552569887,Grantsville,,2026-05-11,Agenda,other,0.0,https://www.grantsvilleut.gov/Document_Center/Government/City%20Council/2026/05.11.2026/05.11.2026%20City%20Council%20Special%20Work%20Meeting%20Agenda.pdf?t=202605081937040,"PUBLIC NOTICE:
The Grantsville City Council will hold a Special Work Meeting on Monday, May 11, 2026 in person
at 429 East Main Street, Grantsville UT 84029 and electronically via Zoom beginning at 6:00 pm.
The agenda is as follows:
ROLL CALL
AGENDA:
1. Discussion of the Memorandum of Understanding with the Tooele County School District
2. Presentation and discussion of the FY27 budget (this is a discussion item only. No public comment
or action will be taken.)
a. Presentation of the proposed pr",web,2026-08-24T08:45:59.939580+00:00
web_4365344628389450727,Grantsville,,2026-05-11,Minutes,other,0.0,https://www.grantsvilleut.gov/Document_Center/Government/City%20Council/2026/05.11.2026/05.11.2026%20City%20Council%20Work%20Session%20Minutes%20FINAL.pdf?t=202605261912470,"MINUTES OF THE SPECIAL WORK SESSION OF THE GRANTSVILLE CITY
COUNCIL, HELD ON MAY 11TH, 2026 AT THE GRANTSVILLE CITY HALL,
LOCATED AT 429 EAST MAIN STREET, GRANTSVILLE, UTAH AND
ELECTRONICALLY VIA ZOOM. THE MEETING BEGAN AT 6:00 P.M.
Mayor and Council Members Present:
Mayor Hammond Brittany Skinner
Rhett Butler Jake Thomas
Derek Dalton Jeff Williams
Council Members Excused: none.
Appointed Officers and Employees Present:
Michael Resare, City Manager Bill Cobabe, Comm. Development Director
Alicia ",web,2026-08-24T08:46:01.680878+00:00
web_4635891940929061319,Grantsville,,2026-05-11,Packet,other,0.0,https://www.grantsvilleut.gov/Document_Center/Government/City%20Council/2026/05.11.2026/Property%20Tax%20Impact%20Schedule%2005.06.2026.pdf?t=202605081937140,"GRANTSVILLE CITY CORPORATION
PROPERTY TAX IMPACT SCHEDULE
FISCAL YEAR 2026-2027
Proposed Property Tax Impact Schedule
Grantsville City will consider an increase to its property tax rate from .001368 to .002517, which exceeds the estimated
certified tax rate and is estimated to generate an additional $1,749,701 in property tax revenue. The following
information is intended to provide the City Council and the public with an explanation of how the City's
operations would be affected if the proposed",web,2026-05-25T16:36:00.604556+00:00
web_4987798856727774937,Grantsville,,2026-05-11,Packet,other,0.0,https://www.grantsvilleut.gov/Document_Center/Government/City%20Council/2026/05.11.2026/Property%20Tax%20Impact%20Schedule%2005.06.2026.pdf?t=202605261916110,"GRANTSVILLE CITY CORPORATION
PROPERTY TAX IMPACT SCHEDULE
FISCAL YEAR 2026-2027
Proposed Property Tax Impact Schedule
Grantsville City will consider an increase to its property tax rate from .001368 to .002517, which exceeds the estimated
certified tax rate and is estimated to generate an additional $1,749,701 in property tax revenue. The following
information is intended to provide the City Council and the public with an explanation of how the City's
operations would be affected if the proposed",web,2026-08-24T08:46:00.213510+00:00
web_2459890327797059605,Grantsville,,2026-05-18,Agenda,other,0.0,https://www.grantsvilleut.gov/Document_Center/Government/City%20Council/2026/05.18.2026/05.18.2026%20City%20Council%20Meeting%20Agenda.pdf?t=202605152115050,"PUBLIC NOTICE:
The Grantsville City Council will hold a Rescheduled Regular Meeting and Public Hearing on Monday,
May 18, 2026 in person at 429 East Main Street, Grantsville UT 84029 and electronically via Zoom beginning
at 6:30 p.m.
The agenda is as follows:
ROLL CALL
AGENDA:
6:30 p.m. – 7:00 p.m.
1. Closed Session – (Imminent Litigation, Real Estate Negotiations, Personnel)
This portion of the meeting is closed to the public pursuant to the Open and Public Meetings Act,
UCA § 52-4-205
7:00 p.m",web,2026-09-14T14:45:13.115191+00:00
web_4420382962317012943,Grantsville,,2026-05-18,Minutes,other,0.0,https://www.grantsvilleut.gov/Document_Center/Government/City%20Council/2026/05.18.2026/05.18.2026%20City%20Council%20Meeting%20Minutes%20DRAFT.pdf?t=202605261911490,"MINUTES OF THE RESCHEDULED REGULAR BUSINESS MEETING OF THE
GRANTSVILLE CITY COUNCIL, HELD ON MAY 18, 2026 AT THE GRANTSVILLE
CITY HALL, LOCATED AT 429 EAST MAIN STREET, GRANTSVILLE, UTAH AND
ELECTRONICALLY VIA ZOOM. THE MEETING BEGAN AT 6:30 P.M.
Mayor and Council Members Present:
Mayor Heidi Hammond Brittany Skinner
Rhett Butler Jake Thomas
Derek Dalton excused at 9:24 p.m. Jeff Williams
Council Members Excused: none.
Appointed Officers and Employees Present:
Michael Resare, City Manager via Zo",web,2026-06-29T12:32:32.144005+00:00
web_8343096229197976087,Grantsville,,2026-05-18,Minutes,other,0.0,https://www.grantsvilleut.gov/Document_Center/Government/City%20Council/2026/05.18.2026/05.18.2026%20City%20Council%20Meeting%20Minutes%20FINAL.pdf?t=202607011438300,"MINUTES OF THE RESCHEDULED REGULAR BUSINESS MEETING OF THE
GRANTSVILLE CITY COUNCIL, HELD ON MAY 18, 2026 AT THE GRANTSVILLE
CITY HALL, LOCATED AT 429 EAST MAIN STREET, GRANTSVILLE, UTAH AND
ELECTRONICALLY VIA ZOOM. THE MEETING BEGAN AT 6:30 P.M.
Mayor and Council Members Present:
Mayor Heidi Hammond Brittany Skinner
Rhett Butler Jake Thomas
Derek Dalton excused at 9:24 p.m. Jeff Williams
Council Members Excused: none.
Appointed Officers and Employees Present:
Michael Resare, City Manager via Zo",web,2026-08-24T08:45:59.634008+00:00
web_3525891264847196255,Grantsville,,2026-05-18,Packet,other,0.0,https://www.grantsvilleut.gov/Document_Center/Government/City%20Council/2026/05.18.2026/05.18.2026%20Council%20Meeting%20Materials%20v1.pdf?t=202605152115170,"May 18, 2026
City Council Meeting
Information Packet
Agenda Item # 1
6:30 p.m. – 7:00 p.m.
Closed Session – (Imminent Litigation,
Real Estate Negotiations, Personnel)
This portion of the meeting is closed to
the public pursuant to the Open and
Public Meetings Act, UCA § 52-4-205
Agenda Item # 2
7:00 p.m.
Public Comment
Agenda Item #3
Summary Action Items
a. Approval of Minutes from the
May 1, 2026 City Council Special
Work Meeting
b. Approval of Minutes from the May 6,
2026 Regular City Council ",web,2026-09-14T14:45:15.057876+00:00
web_8851491721802957275,Grantsville,,2026-05-19,Agenda,conditional_use,0.25,https://www.grantsvilleut.gov/Document_Center/Department/Community%20&%20Economic%20Development/P%20&%20Z%20Agendas/2026/PC%20Agenda%205-19-26.pdf?t=202605081535520,"PUBLIC NOTICE
The Grantsville City Planning Commission will hold a Regular Meeting at 7:00 p.m. on Tuesday, May 19, 2026
at 429 East Main Street, Grantsville, UT 84029. The agenda is as follows:
ROLL CALL
AGENDA
1. Presentation, Public Hearing, Discussion, and Consideration: Consideration of a proposed Conditional Use
Permit for Andrew Christiansen to own and operate Tinman’s Gunworks, a home-based business that
includes services such as firearm repairs, maintenance, restoration, purchases and t",web,2026-10-05T16:54:25.161063+00:00
pmn_1083189,Grantsville,Grantsville City Planning Commission,2026-05-22,"Planning Commission Regular Meeting June 2, 2026",,,https://www.utah.gov/pmn/sitemap/notice/1083189.html,"PUBLIC NOTICE
The Grantsville City Planning Commission will hold a Regular Meeting at 7:00 p.m. on Tuesday, June 2, 2026 at 429 East Main Street, Grantsville, UT 84029. The agenda is as follows:
ROLL CALL
AGENDA
1.	Presentation, Public Hearing, Discussion, and Consideration: Consideration of a Proposed Preliminary Plat Application for Arbon Acres, located approximately at 500 South and Hale Street.
2.Presentation, Public Hearing, Discussion, and Recommendation: Recommendation of the proposed Master Development Agreement for Willow Fields Subdivision located approximately at Old Lincoln Highway and Champion Drive.
3.Presentation, Public Hearing, Discussion, and Recommendation: Recommendation of the proposed amendments to the Grantsville City Master Transportation Plan.
4.	Approval of the minutes from the May 19, 2026 Planning Commission regular meeting.
5.	Report from City Staff.
6.	Open Forum for Planning Commissioners.
7.	Report from City Council.
8.	Adjourn. 


Shelby Moore
Zoning Administrator 
Grantsville City Community & Economic Development

Join Zoom Meeting
Join Zoom Meeting: https://us02web.zoom.us/j/4358843411
By Phone, Dial: 1-253-215-8782
Meeting ID: 435 884 3411",pmn,2026-10-05T16:59:19.072513Z
web_2835015906627860541,Grantsville,,2026-06-03,Agenda,other,0.0,https://www.grantsvilleut.gov/Document_Center/Government/City%20Council/2026/06.03.2026/06.03.2026%20Council%20Agenda.pdf?t=202605292018430,"PUBLIC NOTICE:
The Grantsville City Council will hold a Regular Meeting and Public Hearing on Wednesday, June 3, 2026 in
person at 429 East Main Street, Grantsville UT 84029 and electronically via Zoom beginning at 7:00 pm.
The agenda is as follows:
ROLL CALL
AGENDA:
1. Public Comment
2. Summary Action Items
a. Approval of Minutes from the May 18, 2026 City Council Regular Meeting
b. Approval of bills
3. Update from the victim advocate
4. Consideration of Resolution 2026-40 authorizing the addit",web,2026-09-28T16:28:36.322414+00:00
web_3874871395088478353,Grantsville,,2026-06-03,Minutes,other,0.0,https://www.grantsvilleut.gov/Document_Center/Government/City%20Council/2026/06.03.2026/06.03.2026%20City%20Council%20Regular%20Meeting%20Minutes%20APPROVED.pdf?t=202607011423530,"MINUTES OF THE REGULAR BUSINESS MEETING OF THE GRANTSVILLE CITY
COUNCIL, HELD ON JUNE 3, 2026 AT THE GRANTSVILLE CITY HALL, LOCATED
AT 429 EAST MAIN STREET, GRANTSVILLE, UTAH AND ELECTRONICALLY VIA
ZOOM. THE MEETING BEGAN AT 7:00 P.M.
Mayor and Council Members Present:
D
Mayor Heidi Hammond Brittany Skinner
Rhett Butler Jake Thomas
Derek Dalton Jeff Williams
Council Members Excused: none. E
Appointed Officers and Employees Present:
Michael Resare, City Manager Bill Cobabe, Community Development ",web,2026-09-28T16:28:39.160913+00:00
web_6409572233158616529,Grantsville,,2026-06-03,Packet,other,0.0,https://www.grantsvilleut.gov/Document_Center/Government/City%20Council/2026/06.03.2026/06.03.2026%20Packet.pdf?t=202605292018560,"June 3, 2026
City Council Meeting
Information Packet
Agenda Item # 1
Public Comment
Agenda Item #2
Summary Action Items
a. Approval of Minutes from the
May 18, 2026 City Council Regular
Meeting
b. Approval of bills
MINUTES OF THE RESCHEDULED REGULAR BUSINESS MEETING OF THE
GRANTSVILLE CITY COUNCIL, HELD ON MAY 18, 2026 AT THE GRANTSVILLE
CITY HALL, LOCATED AT 429 EAST MAIN STREET, GRANTSVILLE, UTAH AND
ELECTRONICALLY VIA ZOOM. THE MEETING BEGAN AT 6:30 P.M.
Mayor and Council Members Present:
May",web,2026-06-01T13:40:07.612179+00:00
web_3983422721033890973,Grantsville,,2026-06-03,Packet,other,0.0,https://www.grantsvilleut.gov/Document_Center/Government/City%20Council/2026/06.03.2026/06.03.2026%20Packet%20v3.1.pdf?t=202606031802500,"June 3, 2026
City Council Meeting
Information Packet
Agenda Item # 1
Public Comment
Agenda Item #2
Summary Action Items
a. Approval of Minutes from the
May 18, 2026 City Council Regular
Meeting
b. Approval of bills
MINUTES OF THE RESCHEDULED REGULAR BUSINESS MEETING OF THE
GRANTSVILLE CITY COUNCIL, HELD ON MAY 18, 2026 AT THE GRANTSVILLE
CITY HALL, LOCATED AT 429 EAST MAIN STREET, GRANTSVILLE, UTAH AND
ELECTRONICALLY VIA ZOOM. THE MEETING BEGAN AT 6:30 P.M.
Mayor and Council Members Present:
May",web,2026-09-28T16:28:37.984321+00:00
web_8467740124330961612,Grantsville,,2026-06-16,Agenda,other,0.0,https://www.grantsvilleut.gov/Document_Center/Department/Community%20&%20Economic%20Development/P%20&%20Z%20Agendas/2026/PC%20Agenda%206-16-26.pdf?t=202606051503230,"PUBLIC NOTICE
The Grantsville City Planning Commission will hold a Regular Meeting at 7:00 p.m. on Tuesday, June 16, 2026
at 429 East Main Street, Grantsville, UT 84029. The agenda is as follows:
ROLL CALL
AGENDA
1. Presentation, Public Hearing, Discussion, and Recommendation: Recommendation of a proposed Hold
Harmless Agreement for the property located at 641 S Maxwell Drive, in the R-1-21 zone.
2. Presentation, Public Hearing, Discussion, and Recommendation: Recommendation of the Sun Sage Terr",web,2026-06-08T12:28:26.491429+00:00
web_8274759045726956825,Grantsville,,2026-06-16,Agenda,other,0.0,https://www.grantsvilleut.gov/Document_Center/Department/Community%20&%20Economic%20Development/P%20&%20Z%20Agendas/2026/PC%20Agenda%206-16-26.pdf?t=202606051506280,"PUBLIC NOTICE
The Grantsville City Planning Commission will hold a Regular Meeting at 7:00 p.m. on Tuesday, June 16, 2026
at 429 East Main Street, Grantsville, UT 84029. The agenda is as follows:
ROLL CALL
AGENDA
1. Presentation, Public Hearing, Discussion, and Recommendation: Recommendation of a proposed Hold
Harmless Agreement for the property located at 641 S Maxwell Drive, in the R-1-21 zone.
2. Presentation, Public Hearing, Discussion, and Recommendation: Recommendation of the Sun Sage Terr",web,2026-06-15T13:54:53.901135+00:00
web_6909458764200698691,Grantsville,,2026-06-16,Agenda,other,0.0,https://www.grantsvilleut.gov/Document_Center/Department/Community%20&%20Economic%20Development/P%20&%20Z%20Agendas/2026/PC%20Agenda%206-16-26%20Updated.pdf?t=202606160925300,"PUBLIC NOTICE
The Grantsville City Planning Commission will hold a Regular Meeting at 7:00 p.m. on Tuesday, June 16, 2026
at 429 East Main Street, Grantsville, UT 84029. The agenda is as follows:
ROLL CALL
AGENDA
1. Presentation, Public Hearing, Discussion, and Recommendation: Recommendation of a proposed Hold
Harmless Agreement for the property located at 641 S Maxwell Drive, in the R-1-21 zone.
2. Presentation, Public Hearing, Discussion, and Recommendation: Recommendation of the Sun Sage Terr",web,2026-10-05T16:54:22.231701+00:00
web_3465664800179802379,Grantsville,,2026-06-16,Minutes,other,0.0,https://www.grantsvilleut.gov/Document_Center/Department/Community%20&%20Economic%20Development/Minutes/2026/06-16-2026%20PC%20Regular%20Meeting%20Minutes.pdf?t=202607101053450,"Action Summary:
Agenda
Item Description Action
Item
Recommendation of a proposed Hold Harmless
#1 Agreement for the property located at 641 S Approved
Maxwell Drive, in the R-1-21 zone.
Recommendation of the Sun Sage Terrace MDA
#2 and Lot layout for phases 3-6 located in the R-1-21 Approved
zoning at approximately 1161 West Main St.
Approval of the minutes from the June 2, 2026
#6 Approved
Planning Commission regular meetings.
MINUTES OF THE GRANTSVILLE CITY PLANNING COMMISSION, HELD ON
JUNE 16",web,2026-10-05T16:54:23.316693+00:00
pmn_1086735,Grantsville,Grantsville City Planning Commission,2026-06-16,"Planning Commission Regular Meeting June 16, 2026",,,https://www.utah.gov/pmn/sitemap/notice/1086735.html,"PUBLIC NOTICE
The Grantsville City Planning Commission will hold a Regular Meeting at 7:00 p.m. on Tuesday, June 16, 2026 at 429 East Main Street, Grantsville, UT 84029. The agenda is as follows:
ROLL CALL
AGENDA
1.Presentation, Public Hearing, Discussion, and Recommendation: Recommendation of a proposed Hold Harmless Agreement for the property located at 641 S Maxwell Drive, in the R-1-21 zone.2.Presentation, Public Hearing, Discussion, and Recommendation: Recommendation of the Sun Sage Terrace Master Development Agreement (MDA) and Lot layout for phases 3-6 located in the R-1-21 zoning at approximately 1161 West Main St.3.Presentation and Discussion: Discussion of the proposed Alington Plat PUD for parcels 01-059-0-0040 and1-059-0-0039 located in the MU zoning district, located at approximately 948 East and SR-138.4.Presentation and Discussion: Discussion of a proposed General Plan Amendment for parcels 01-059-0-0041, 01-059-0-0001, 01-059-0-0028, 01-059-0-0017, and 01-059-0-0027, amending the land use designation from Rural Residential 1 and High Single-Family Residential to High Single-Family Residential for the Origin Subdivision, located approximately at 800 East Main Street.5.Presentation and Discussion: Discussion of a proposed Rezone for parcels 01-059-0-0041, 01-059-0-0001,1-059-0-0028, 01-059-0-0017, and 01-059-0-0027, from RR-1, RM-7, to RM-15 for the Origin Subdivision, located approximately at 800 East Main Street6.Approval of the minutes from the June 2, 2026 Planning Commission Regular Meeting.7.Report from City Staff.8.Open Forum for Planning Commissioners.9.Report from City Council.10.Adjourn.
Shelby Moore
Zoning Administrator
Grantsville City Community & Economic Development

Join Zoom Meeting
Join Zoom Meeting: https://us02web.zoom.us/j/4358843411 By Phone, Dial: 1-253-215-8782
Meeting ID: 435 884 3411
 

Scan QR code to join Zoom meeting.",pmn,2026-10-05T16:59:19.072507Z
web_4359796921371105386,Grantsville,,2026-06-17,Agenda,other,0.0,https://www.grantsvilleut.gov/Document_Center/Government/City%20Council/2026/06.17.2026/06.17.2026%20City%20Council%20Agenda%20AMENDED.pdf?t=202606161834340,"PUBLIC NOTICE:
The Grantsville City Council will hold a Regular Meeting and Public Hearing on Wednesday, June 17, 2026 in person
at 429 East Main Street, Grantsville UT 84029 and electronically via Zoom beginning at 7:00 pm.
AMENDED AGENDA 6/16/2026 3:55 P.M.
The agenda is as follows:
ROLL CALL
AGENDA:
1. Public Comment
2. Summary Action Items
a. Approval of Minutes from the June 3, 2026 City Council Regular Meeting
b. Approval of bills
3. Recognition of the Rodeo Committee
4. Discussion and Cou",web,2026-10-05T16:54:12.971748+00:00
web_5211474227357683093,Grantsville,,2026-06-17,Minutes,other,0.0,https://www.grantsvilleut.gov/Document_Center/Government/City%20Council/2026/06.17.2026/06.17.2026%20City%20Council%20Regular%20Meeting%20Minutes%20APPROVED.pdf?t=202607211513570,"MINUTES OF THE REGULAR BUSINESS MEETING OF THE GRANTSVILLE CITY
COUNCIL, HELD ON JUNE 17, 2026 AT THE GRANTSVILLE CITY HALL, LOCATED
AT 429 EAST MAIN STREET, GRANTSVILLE, UTAH AND ELECTRONICALLY VIA
ZOOM. THE MEETING BEGAN AT 7:00 P.M.
Mayor and Council Members Present:
Mayor Heidi Hammond Jake Thomas
Derek Dalton Jeff Williams
Brittany Skinner
Council Members Excused: Rhett Butler
Appointed Officers and Employees Present:
Michael Resare, City Manager Aspen Clegg, Finance Director
Alicia Fairbou",web,2026-08-10T09:18:43.145881+00:00
web_729272154311744021,Grantsville,,2026-06-17,Minutes,other,0.0,https://www.grantsvilleut.gov/Document_Center/Government/City%20Council/2026/06.17.2026/06.17.2026%20City%20Council%20Regular%20Meeting%20Minutes%20APPROVED.pdf?t=202608071205420,"MINUTES OF THE REGULAR BUSINESS MEETING OF THE GRANTSVILLE CITY
COUNCIL, HELD ON JUNE 17, 2026 AT THE GRANTSVILLE CITY HALL, LOCATED
AT 429 EAST MAIN STREET, GRANTSVILLE, UTAH AND ELECTRONICALLY VIA
ZOOM. THE MEETING BEGAN AT 7:00 P.M.
Mayor and Council Members Present:
Mayor Heidi Hammond Jake Thomas
Derek Dalton Jeff Williams
Brittany Skinner
Council Members Excused: Rhett Butler
Appointed Officers and Employees Present:
Michael Resare, City Manager Aspen Clegg, Finance Director
Alicia Fairbou",web,2026-10-05T16:54:15.517966+00:00
web_2410310319495921610,Grantsville,,2026-06-17,Packet,other,0.0,https://www.grantsvilleut.gov/Document_Center/Government/City%20Council/2026/06.17.2026/06.17.2026%20Meeting%20Materials%20v2.pdf?t=202606161834480,"June 17, 2026
City Council Meeting
Information Packet
Agenda Item # 1
Public Comment
Agenda Item #2
Summary Action Items
a. Approval of Minutes from the
June 3, 2026 City Council Regular
Meeting
b. Approval of bills
Agenda Item #3
Recognition of the Rodeo Committee
Agenda Item # 4
Discussion and Council direction on
Battle of the Broncs during the Honey
Harvest Festival
Agenda Item # 5
Presentation from the Division of Water
Resources regarding a waterwise
landscape incentive program, and
Counci",web,2026-10-05T16:54:14.174534+00:00
web_1443038372127706147,Grantsville,,2026-07-01,Packet,other,0.0,https://www.grantsvilleut.gov/Document_Center/Government/City%20Council/2026/07.01.2026/PUBLIC%20NOTICE%20OF%20CITY%20COUNCIL%20MEETING%20CANCELLATION.pdf?t=202606292134030,"PUBLIC NOTICE OF CITY COUNCIL MEETING CANCELLATION
PUBLIC NOTICE IS HEREBY GIVEN that the Regular Meeting of the Grantsville City Council that was to be
held on Wednesday, July 1, 2026 has been cancelled.
The next regularly scheduled meeting will be held on July 15, 2026 at 7:00 PM at Grantsville City Hall,
located at 429 E. Main St., Grantsville City, UT as well as electronically via Zoom.
Alicia Fairbourne
Grantsville City Recorder
Published and posted 6/29/2026
In accordance with the Utah Ope",web,2026-10-05T16:54:12.772487+00:00
web_5879957305654839735,Grantsville,,2026-07-07,Agenda,residential_subdivision,0.5,https://www.grantsvilleut.gov/Document_Center/Department/Community%20&%20Economic%20Development/P%20&%20Z%20Agendas/2026/2026.07.07%20-%20Agenda.pdf?t=202606251637020,"PUBLIC NOTICE
The Grantsville City Planning Commission will hold a Regular Meeting at 7:00 p.m. on Tuesday, July 7, 2026
at 429 East Main Street, Grantsville, UT 84029. The agenda is as follows:
ROLL CALL
AGENDA
1. Presentation, Public Hearing, Discussion, and Consideration: Consideration of a proposed Final Plat for the
West Bench Subdivision, located at 169 North Taylor Road, in the R-1-21 Zone.
2. Presentation, Public Hearing, Discussion, and Consideration: Consideration of a request for a Pl",web,2026-06-29T12:32:45.223689+00:00
web_3483779888376479818,Grantsville,,2026-07-07,Agenda,residential_subdivision,0.5,https://www.grantsvilleut.gov/Document_Center/Department/Community%20&%20Economic%20Development/P%20&%20Z%20Agendas/2026/2026.07.07%20-%20Agenda.pdf?t=202607010914420,"PUBLIC NOTICE
The Grantsville City Planning Commission will hold a Regular Meeting at 7:00 p.m. on Tuesday, July 7, 2026
at 429 East Main Street, Grantsville, UT 84029. The agenda is as follows:
ROLL CALL
AGENDA
1. Presentation, Public Hearing, Discussion, and Consideration: Consideration of a proposed Final Plat for the
West Bench Subdivision, located at 169 North Taylor Road, in the R-1-21 Zone.
2. Presentation, Public Hearing, Discussion, and Consideration: Consideration of a request for a Pl",web,2026-10-05T16:54:20.329212+00:00
web_5067586115930152917,Grantsville,,2026-07-07,Minutes,other,0.0,https://www.grantsvilleut.gov/Document_Center/Department/Community%20&%20Economic%20Development/Minutes/2026/2026.08.04%20-%20PC%20Regular%20Meeting%20Minutes.pdf?t=202608191532010,"Action Summary:
Agenda
Item Description Action
Item
Recommendation of a proposed amendment to Chapter 15 of the
#1 Grantsville Land Use Ordinance to add the R-1-21 Zone as a zoning Approved
designation for Micro-Entrepreneurship.
Recommendation of the proposed amendments to Chapters 2, 6, and
#2 DApproved
7 of the Grantsville Land Use Ordinance.
Approval of the minutes from the July 7, 2026 Planning
#3 Approved
Commission Regular Meeting.
E
MINUTES OF THE GRANTSVILLE CITY PLANNING COMMISSION, HE",web,2026-10-05T16:54:18.325194+00:00
pmn_1091743,Grantsville,Grantsville City Planning Commission,2026-07-07,"Planning Commission Regular Meeting July 7, 2026",,,https://www.utah.gov/pmn/sitemap/notice/1091743.html,"PUBLIC NOTICE
The Grantsville City Planning Commission will hold a Regular Meeting at 7:00 p.m. on Tuesday, July 7, 2026 at 429 East Main Street, Grantsville, UT 84029. The agenda is as follows:
ROLL CALL
AGENDA
1.	Presentation, Public Hearing, Discussion, and Consideration: Consideration of a proposed Final Plat for the West Bench Subdivision, located at 169 North Taylor Road, in the R-1-21 Zone.
2.	Presentation, Public Hearing, Discussion, and Consideration: Consideration of a request for a Plat Extension Approval for the Wells Crossing Phase 7 Subdivision.
3.	Presentation, Public Hearing, Discussion, and Recommendation: Recommendation of a propose Master Developemnet Agreement for Falcons Landing Subdivision located approximately on Booth Street and Wild Rose Drive.
4.	Presentation, Public Hearing, Discussion, and Recommendation: Recommendation of a proposed Planned Unit Development (PUD) for the Alington Subdivision on Parcels 01-059-0-0040 and 01-059-0-0039, located in the Mixed Use (MU) Zone, approximately at 948 East and SR-138.
5.	Presentation, Public Hearing, Discussion, and Recommendation: Recommendation of a proposed Master Development Agreement for the Alington Subdivision on Parcels 01-059-0-0040 and 01-059-0-0039, located in the Mixed Use (MU) Zone, approximately at 948 East and SR-138.
6.	Approval of the minutes from the June 16, 2026 Planning Commission Regular Meeting.
7.	Report from City Staff.
8.	Open Forum for Planning Commissioners.
9.	Report from City Council.
10.	Adjourn. 
Shelby Moore
Zoning Administrator 
Grantsville City Community & Economic Development

Join Zoom Meeting
Join Zoom Meeting: https://us02web.zoom.us/j/4358843411
By Phone, Dial: 1-253-215-8782
Meeting ID: 435 884 3411",pmn,2026-10-05T16:59:19.072504Z
web_2782635123107046060,Grantsville,,2026-07-15,Agenda,other,0.0,https://www.grantsvilleut.gov/Document_Center/Government/City%20Council/2026/07.15.2026/07.15.2026%20City%20Council%20Meeting%20Agenda.pdf?t=202607101853210,"PUBLIC NOTICE:
The Grantsville City Council will hold a Regular Meeting and Public Hearing on Wednesday, July 15, 2026 in
person at 429 East Main Street, Grantsville UT 84029 and electronically via Zoom beginning at 7:00 pm.
The agenda is as follows:
ROLL CALL
AGENDA:
1. Public Comment
2. Summary Action Items
a. Approval of Minutes from the June 17, 2026 City Council Regular Meeting
b. Approval of bills
3. Presentation of the Grantsville City Youth Council Scholarship Awards
4. Presentation of g",web,2026-07-13T10:59:59.747925+00:00
web_2264066345984447444,Grantsville,,2026-07-15,Agenda,other,0.0,https://www.grantsvilleut.gov/Document_Center/Government/City%20Council/2026/07.15.2026/07.15.2026%20City%20Council%20Meeting%20Agenda%20AMENDED.pdf?t=202607131811310,"PUBLIC NOTICE:
The Grantsville City Council will hold a Regular Meeting and Public Hearing on Wednesday, July 15, 2026 in
person at 429 East Main Street, Grantsville UT 84029 and electronically via Zoom beginning at 7:00 pm.
AMENDED AGENDA: 7/13/2026 3:15 PM
The agenda is as follows:
ROLL CALL
AGENDA:
1. Public Comment
2. Summary Action Items
a. Approval of Minutes from the June 17, 2026 City Council Regular Meeting
b. Approval of bills
3. Presentation of the Grantsville City Youth Council Schol",web,2026-10-05T16:54:10.051836+00:00
web_7006420595229313817,Grantsville,,2026-07-15,Minutes,other,0.0,https://www.grantsvilleut.gov/Document_Center/Government/City%20Council/2026/07.15.2026/07.15.2026%20City%20Council%20Regular%20Meeting%20Minutes%20FINAL.pdf?t=202608271917460,"MINUTES OF THE REGULAR BUSINESS MEETING OF THE GRANTSVILLE CITY
COUNCIL, HELD ON JULY 15, 2026 AT THE GRANTSVILLE CITY HALL, LOCATED
AT 429 EAST MAIN STREET, GRANTSVILLE, UTAH AND ELECTRONICALLY VIA
ZOOM. THE MEETING BEGAN AT 7:00 P.M.
Mayor and Council Members Present:
Mayor Heidi Hammond Brittany Skinner
Rhett Butler Jake Thomas
Derek Dalton Jeff Williams
Council Members Excused: none.
Appointed Officers and Employees Present:
Michael Resare, City Manager Fire Chief Jason Remick
Tysen Barker, ",web,2026-10-05T16:54:12.560517+00:00
web_753737650168065117,Grantsville,,2026-07-15,Packet,commercial,0.12,https://www.grantsvilleut.gov/Document_Center/Government/City%20Council/2026/07.15.2026/07.15.2026%20Agenda%20Packet.pdf?t=202607101906500,"July 15, 2026
City Council Meeting
Information Packet
Agenda Item # 1
Public Comment
Agenda Item #2
Summary Action Items
a. Approval of Minutes from the
June 17, 2026 City Council Regular
Meeting
b. Approval of bills
Agenda Item #3
Presentation of the Grantsville City
Youth Council Scholarship Awards
Agenda Item # 4
Presentation of gift
Agenda Item # 5
Introduction of newly appointed officer
Terron Bowen and administration of the
Oath of Office
Agenda Item # 6
Consideration of Resolution 2026-34",web,2026-07-13T11:00:02.035150+00:00
web_4460656759313597422,Grantsville,,2026-07-15,Packet,commercial,0.12,https://www.grantsvilleut.gov/Document_Center/Government/City%20Council/2026/07.15.2026/07.15.2026%20Agenda%20Packet%20AMENDED.pdf?t=202607131812000,"July 15, 2026
City Council Meeting
Information Packet
Agenda Item # 1
Public Comment
Agenda Item #2
Summary Action Items
a. Approval of Minutes from the
June 17, 2026 City Council Regular
Meeting
b. Approval of bills
Agenda Item #3
Presentation of the Grantsville City
Youth Council Scholarship Awards
Agenda Item # 4
Presentation of gift
Agenda Item # 5
Introduction of newly appointed officer
Terron Bowen and administration of the
Oath of Office
Agenda Item # 6
Consideration of Resolution 2026-34",web,2026-10-05T16:54:11.207592+00:00
pmn_1096095,Grantsville,Grantsville City Council,2026-07-16,Notice of Ordinance Adoption,,,https://www.utah.gov/pmn/sitemap/notice/1096095.html,"NOTICE OF ORDINANCE ADOPTION

PUBLIC NOTICE IS HEREBY GIVEN that at the regular Grantsville City Council Meeting held on July 15, 2026, the Grantsville City Council adopted Ordinance 2026-26, which amends Chapter 7 of the Grantsville City Code relating to the City's Cross Connection Control Program by updating definitions, adding a definition for Dual Source Connection, and requiring reduced pressure principle assemblies for dual source connections. The ordinance also requires the removal of any noncompliant dual source connections to protect the public water system from potential contamination.

Complete copies of the adopted ordinances are available for review at the Grantsville City Recorder's office during regular business hours and online through the City's website at https://grantsville.municipalcodeonline.com/book?type=orddoc#name=2026 and the Utah Public Notice Website at https://www.utah.gov/pmn/sitemap/publicbody/1840.html.

Alicia Fairbourne
Grantsville City Recorder

Published and posted on July 16, 2026 in accordance with UCA § 10-3-711",pmn,2026-10-05T16:59:19.072106Z
web_1395567082751376052,Grantsville,,2026-07-21,Agenda,conditional_use,0.25,https://www.grantsvilleut.gov/Document_Center/Department/Community%20&%20Economic%20Development/P%20&%20Z%20Agendas/2026/2026.07.21%20-%20Agenda.pdf?t=202607101100460,"PUBLIC NOTICE
The Grantsville City Planning Commission will hold a Regular Meeting at 7:00 p.m. on Tuesday, July 21, 2026
at 429 East Main Street, Grantsville, UT 84029. The agenda is as follows:
ROLL CALL
AGENDA
1. Presentation, Public Hearing, Discussion, and Consideration: Consideration of a proposed Conditional Use
Permit for Lauren Trista Favor to keep up to seven (7) horses and a Kennel Permit to keep up to four (4)
dogs on the residential property located at 947 East Durfee Street, in the",web,2026-07-13T11:00:31.141427+00:00
web_3310854056578932234,Grantsville,,2026-07-21,Agenda,conditional_use,0.25,https://www.grantsvilleut.gov/Document_Center/Department/Community%20&%20Economic%20Development/P%20&%20Z%20Agendas/2026/2026.07.21%20-%20Agenda.pdf?t=202607101121220,"PUBLIC NOTICE
The Grantsville City Planning Commission will hold a Regular Meeting at 7:00 p.m. on Tuesday, July 21, 2026
at 429 East Main Street, Grantsville, UT 84029. The agenda is as follows:
ROLL CALL
AGENDA
1. Presentation, Public Hearing, Discussion, and Consideration: Consideration of a proposed Conditional Use
Permit for Lauren Trista Favor to keep up to seven (7) horses and a Kennel Permit to keep up to four (4)
dogs on the residential property located at 947 East Durfee Street, in the",web,2026-10-05T16:54:18.565463+00:00
pmn_1094599,Grantsville,Grantsville City Planning Commission,2026-07-21,"Planning Commission Regular Meeting July 21, 2026",,,https://www.utah.gov/pmn/sitemap/notice/1094599.html,"CERTIFICATE OF POSTING: This agenda was posted on the Grantsville City Hall Notice Boards, the State Public Notice website at
www.utah.gov/pmn/index.html, and the Grantsville City website at www.grantsvilleut.gov. Notification was sent to the Tooele
Transcript Bulletin.
PUBLIC NOTICE
The Grantsville City Planning Commission will hold a Regular Meeting at 7:00 p.m. on Tuesday, July 21, 2026 at 429 East Main Street, Grantsville, UT 84029. The agenda is as follows:
ROLL CALL
AGENDA
1.Presentation, Public Hearing, Discussion, and Consideration: Consideration of a proposed Conditional Use Permit for Lauren Trista Favor to keep up to seven (7) horses and a Kennel Permit to keep up to four (4) dogs on the residential property located at 947 East Durfee Street, in the R-1-21 Zone.2.Presentation, Public Hearing, Discussion, and Consideration: Consideration of a proposed Conditional Use Permit for Gabriel Laura Castaneda to keep up to one (1) horses on the residential property located at 249 W Cowdery Drive, in the R-1-21 Zone.3.Presentation, Public Hearing, Discussion, and Recommendation: Recommendation of the adoption of the 2026 APWA Utah Manual of Standard Specifications and Standard Plans as the official Grantsville City Construction Standards, together with any City-specific amendments, revisions, or modifications deemed necessary by the City Engineer and the Community Development Director.4.Presentation and Discussion: Discussion of a proposed use for Advanced Technology and Data Infrastructure Center.5.Presentation and Discussion: Discussion of proposed amendments to Chapters 6, 7, and 9 of the Grantsville Land Use Ordinance.6.Approval of the minutes from the July 7, 2026 Planning Commission Regular Meeting.7.Report from City Staff.8.Open Forum for Planning Commissioners.9.Report from City Council.10.Adjourn.
Shelby Moore
Zoning Administrator
Grantsville City Community & Economic Development Join Zoom Meeting Join Zoom Meeting: https://us02web.zoom.us/j/4358",pmn,2026-10-05T16:59:19.072500Z
pmn_1098955,Grantsville,Grantsville City Council,2026-08-03,Notice of Possible Quorum,,,https://www.utah.gov/pmn/sitemap/notice/1098955.html,"PUBLIC NOTICE
Council of Governments / Growth Summit Dinner
Possible Quorum of City Council Present

PUBLIC NOTICE IS HEREBY GIVEN that the August Council of Governments (COG) meeting will be a Growth Summit Dinner on Monday, August 3, 2026 at 6:00 p.m. at the Tooele Technical College located at 88 S. Tooele Blvd., Tooele, UT. 

Members of the City Council are invited to attend this event, and a quorum of the City Council may be present. No formal meeting would be convened, and no city business will be acted upon during the open house.

Alicia Fairbourne
Grantsville City Recorder

Posted on August 2, 2026 in accordance with the Utah 
Open and Public Meetings Act.",pmn,2026-10-05T16:59:19.072103Z
web_5197370969258522985,Grantsville,,2026-08-04,Minutes,conditional_use,0.25,https://www.grantsvilleut.gov/Document_Center/Department/Community%20&%20Economic%20Development/Minutes/2026/2026.08.18%20-%20PC%20Regular%20Meeting%20Minutes.pdf?t=202609021737250,"Action Summary:
Agenda
Item Description Action
Item
Recommendation of the proposed amendments to
#1 Tabled
Chapters 9 the Grantsville Land Use Ordinance.
Consideration of an Order
to Show Cause regarding the Conditional Use Corrective Compliance period
#3
Permit for Green Wheel Tire Recycling, Approved
D
located at 167 Old Lincoln Highway.
Approval of the minutes from the August 4, 2026
#5 Approved
Planning Commission Regular Meeting. E
MINUTES OF THE GRANTSVILLE CITY PLANNING COMMISSION, HELD O",web,2026-10-05T16:54:17.521262+00:00
pmn_1097333,Grantsville,Grantsville City Planning Commission,2026-08-04,"Planning Commission Regular Meeting  August 4, 2026",,,https://www.utah.gov/pmn/sitemap/notice/1097333.html,"CERTIFICATE OF POSTING: This agenda was posted on the Grantsville City Hall Notice Boards, the State Public Notice website at
www.utah.gov/pmn/index.html, and the Grantsville City website at www.grantsvilleut.gov. Notification was sent to the Tooele
Transcript Bulletin.
PUBLIC NOTICE
The Grantsville City Planning Commission will hold a Regular Meeting at 7:00 p.m. on Tuesday, August 4, 2026 at 429 East Main Street, Grantsville, UT 84029. The agenda is as follows:
ROLL CALL
AGENDA
1. Presentation, Public Hearing, Discussion, and Recommendation: Recommendation of a proposed amendment to Chapter 15 of the Grantsville Land Use Ordinance to add the R-1-21 Zone as a zoning designation for Micro-Entrepreneurship.
2. Presentation, Public Hearing, Discussion, and Recommendation: Recommendation of the proposed amendments to Chapters 2, 6, and 7 of the Grantsville Land Use Ordinance.
3. Approval of the minutes from the July 21, 2026 Planning Commission Regular Meeting.
4. Report from City Staff.
5. Open Forum for Planning Commissioners.
6. Report from City Council.
7. Adjourn.
Shelby Moore
Zoning Administrator
Grantsville City Community & Economic Development
Join Zoom Meeting Join Zoom Meeting: https://us02web.zoom.us/j/4358843411
By Phone, Dial: 1-253-215-8782
Meeting ID: 435 884 3411
Scan QR code to join Zoom meeting.",pmn,2026-10-05T16:59:19.072497Z
web_7414958266119402774,Grantsville,,2026-08-05,Agenda,other,0.0,https://www.grantsvilleut.gov/Document_Center/Government/City%20Council/2026/08.05.2026%20(TNT)/08.05.2026%20Truth%20in%20Taxation%20Public%20Hearing%20Agenda.pdf?t=202608031647010,"PUBLIC NOTICE:
The Grantsville City Council will hold a Truth in Taxation Public Hearing on Wednesday, August 5, 2026
in person at 429 East Main Street, Grantsville UT 84029 and electronically via Zoom beginning at 7:00 pm.
The agenda is as follows:
ROLL CALL
AGENDA:
1. *Public Hearing Item: Consideration of Resolution 2026-59 approving a property tax increase, and
levying the property tax rate for fiscal year 2027
*The public may make oral comments by participating either in-person at Grantsvil",web,2026-10-05T16:54:08.669884+00:00
pmn_1099147,Grantsville,Grantsville City Council,2026-08-05,Grantsville City Council Truth in Taxation Public Hearing Agenda,,,https://www.utah.gov/pmn/sitemap/notice/1099147.html,"PUBLIC NOTICE:

The Grantsville City Council will hold a Truth in Taxation Public Hearing on Wednesday, August 5, 2026 in person at 429 East Main Street, Grantsville UT 84029 and electronically via Zoom beginning at 7:00 pm. 

The agenda is as follows: 

ROLL CALL 

AGENDA: 

1.	*Public Hearing Item: Consideration of Resolution 2026-59 approving a property tax increase, and levying the property tax rate for fiscal year 2027

                 *The public may make oral comments by participating either in-person at Grantsville City Hall or electronically via Zoom (login instructions can be found below or at www.grantsvilleut.gov)
                    Written comments may be submitted to the City Recorder at afairbourne@grantsvilleut.gov before and during the meeting. Written comments will be included in the public record and
                    will not be read aloud.
                 
                   Oral comments will have a three-minute time limit per interested party.

2.	Adjourn


Alicia Fairbourne
Grantsville City Recorder",pmn,2026-10-05T16:59:19.072096Z
web_77384175746503387,Grantsville,,2026-08-05,Minutes,other,0.0,https://www.grantsvilleut.gov/Document_Center/Government/City%20Council/2026/08.05.2026%20(TNT)/08.05.2026%20City%20Council%20Truth%20in%20Taxation%20Public%20Hearing%20Meeting%20Minutes%20FINAL.pdf?t=202608271913350,"MINUTES OF THE TRUTH IN TAXATION PUBLIC HEARING OF THE
GRANTSVILLE CITY COUNCIL, HELD ON AUGUST 5, 2026 AT THE GRANTSVILLE
CITY HALL, LOCATED AT 429 EAST MAIN STREET, GRANTSVILLE, UTAH AND
ELECTRONICALLY VIA ZOOM. THE MEETING BEGAN AT 7:00 P.M.
Mayor and Council Members Present:
Mayor Heidi Hammond Brittany Skinner
Rhett Butler Jake Thomas
Derek Dalton Jeff Williams
Council Members Excused: none.
Appointed Officers and Employees Present:
Michael Resare, City Manager Tysen Barker, City Attorney
A",web,2026-10-05T16:54:09.804469+00:00
pmn_1096961,Grantsville,Grantsville City Council,2026-08-05,Notice of Proposed Tax Increase and Public Hearing,,,https://www.utah.gov/pmn/sitemap/notice/1096961.html,"NOTICE OF PROPOSED TAX INCREASE
GRANTSVILLE CITY

     Grantsville City is proposing to increase its property tax revenue.

     The Grantsville City tax on a 563,000 residence would increase from $438.77 to $460.76, which is $21.99 per year.

     The Grantsville City tax on a 563,000 business would increase from $797.77 to $837.74, which is $39.97 per year.

     If the proposed budget is approved, Grantsville City would receive an additional $110,832 in property tax revenue per year as a result of the tax increase.

     If the proposed budget is approved, Grantsville City would increase its property tax budgeted revenue by 4.98% above last year's property tax budgeted revenue excluding eligible new growth.

     Grantsville City invites all concerned citizens to a public hearing for the purpose of hearing comments regarding the proposed tax increase and to explain the reasons for the proposed tax increase. You have the option to participate in the public hearing in person or virtually.


PUBLIC HEARING

     Date/Time:     Wednesday, August 5, 2026   7:00 PM MST
     Location:        Grantsville City Hall
                              429 East Main Street
                             Grantsville, UT 84029
     
To obtain more information regarding the tax increase, citizens may contact Grantsville City at 435-884-3411 or visit www.grantsvilleut.gov. Instructions for virtual participation in the public hearing will be available at www.grantsvilleut.gov no later than 24 hours before the public hearing is scheduled to begin.",pmn,2026-10-05T16:59:19.072099Z
web_1226141178585698649,Grantsville,,2026-08-05,Packet,other,0.0,https://www.grantsvilleut.gov/Document_Center/Government/City%20Council/2026/08.05.2026%20(TNT)/08.05.2026%20TNT%20Mtg.%20Packet.pdf?t=202608031704400,"August 5, 2026
Truth in Taxation Public
Hearing Information Packet
Agenda Item # 1
Public Hearing Item: Consideration of
Resolution 2026-59 approving a property tax
increase, and levying the property tax rate for
fiscal year 2027
The public may make oral comments by
participating either in-person at Grantsville City
Hall or electronically via Zoom.
Written comments may be submitted to the City
Recorder at afairbourne@grantsvilleut.gov
before and during the meeting. Written
comments will be inclu",web,2026-10-05T16:54:09.218694+00:00
pmn_1100175,Grantsville,Grantsville City Planning Commission,2026-08-18,"Planning Commission Regular Meeting August 18, 2026",,,https://www.utah.gov/pmn/sitemap/notice/1100175.html,"PUBLIC NOTICE 
The Grantsville City Planning Commission will hold a Regular Meeting at 7:00 p.m. on Tuesday, August 18, 2026 at 429 East Main Street, Grantsville, UT 84029. The agenda is as follows: 
ROLL CALL 
AGENDA 
1.	Presentation, Public Hearing, Discussion, and Recommendation: Recommendation of proposed amendments to Chapter 9 of the Grantsville Land Use Ordinance.
2.	Presentation and Discussion: Discussion of a proposed new use for an Animal Encounters Facility within the R-1-21 zoning designation.
3.	Presentation, Public Hearing, Discussion, and Consideration: Consideration of an Order to Show Cause regarding the Conditional Use Permit for Green Wheel Tire Recycling, located at 167 Old Lincoln Highway.
4.	Presentation and Discussion: Discussion of a proposed use for Advanced Technology and Data Infrastructure Center.
5.	Approval of the minutes from the August 4, 2026 Planning Commission Regular Meeting.
6.	Report from City Staff.
7.	Open Forum for Planning Commissioners.
8.	Report from City Council.
9.	Adjourn.

Shelby Moore 
Zoning Administrator  
Grantsville City Community & Economic Development


CERTIFICATE OF POSTING: This agenda was posted on the Grantsville City Hall Notice Boards, the State Public Notice website at www.utah.gov/pmn/index.html, and the Grantsville City website at www.grantsvilleut.gov. Notification was sent to the Tooele",pmn,2026-10-05T16:59:19.072493Z
web_7028829884018313662,Grantsville,,2026-08-19,Agenda,other,0.0,https://www.grantsvilleut.gov/Document_Center/Government/City%20Council/2026/08.19.2026/08.19.2026%20City%20Council%20Meeting%20Agenda.pdf?t=202608141945410,"PUBLIC NOTICE:
The Grantsville City Council will hold a Regular Meeting and Public Hearing on Wednesday, August 19, 2026
in person at 429 East Main Street, Grantsville UT 84029 and electronically via Zoom beginning at 7:00 pm.
The agenda is as follows:
ROLL CALL
AGENDA:
1. Public Comment
2. Summary Action Items
a. Approval of Minutes from the July 15th, 2026 City Council Regular Meeting
b. Approval of Minutes from the August 5th, 2026 Truth in Taxation Public Hearing
c. Approval of bills
3. Cons",web,2026-10-05T16:54:04.731538+00:00
pmn_1102251,Grantsville,Grantsville City Council,2026-08-19,Grantsville City Council Regular Meeting and Public Hearing,,,https://www.utah.gov/pmn/sitemap/notice/1102251.html,"PUBLIC NOTICE:

The Grantsville City Council will hold a Regular Meeting and Public Hearing on Wednesday, August 19, 2026 in person at 429 East Main Street, Grantsville UT 84029 and electronically via Zoom beginning at 7:00 pm. 

The agenda is as follows: 

ROLL CALL 

AGENDA: 
1.	Public Comment
2.	Summary Action Items
     a.	Approval of Minutes from the July 15th, 2026 City Council Regular Meeting
     b.	Approval of Minutes from the August 5th, 2026 Truth in Taxation Public Hearing 
     c.	Approval of bills
3.	Consideration of Resolution 2026-65 appointing Shana Nelson to the Historic Preservation Committee
4.	Consideration of Resolution 2026-61 approving a Memorandum of Understanding with Tooele County School District for the School Resource Officer Services for the 2026-2027 school year
5.	Public Hearing Item: Discussion and consideration of Resolution 2026-60 adopting the Final Fiscal Year 2027 Budget for Grantsville City
6.	Consideration of Resolution 2026-64 Accepting the Rocky Mountain Power Blue Sky Funding Award for the City's solar and battery project and authorizing the City Manager and appropriate City Staff to execute the Award Acceptance Agreement and Related Documents
7.	Consideration of Ordinance 2026-27 approving the Alington Planned Unit Development located at approximately 948 East Main Street (SR-138) within the Mixed-Use Zoning District
8.	Consideration of Resolution 2026-62 Approving a Master Development Agreement for the Alington Flex Homes Planned Unit Development located at approximately 948 East Main Street (SR-138)
9.	Consideration of Ordinance 2026-05 approving a rezone from RM-15, A-10, R-1-12, and CS to RM-15 for the Apple Street Townhomes Subdivision, excluding 1.19 Acres for Commercial Use
10.	Consideration of Resolution 2026-58 accepting Federal Transportation Funding awards, authorizing Staff to execute related agreements, and providing for an effective date
11.	Council Reports
12.	Closed Session - (Imminen",pmn,2026-10-05T16:59:19.072089Z
web_4609781443036300539,Grantsville,,2026-08-19,Minutes,other,0.0,https://www.grantsvilleut.gov/Document_Center/Government/City%20Council/2026/08.19.2026/08.19.2026%20City%20Council%20Meeting%20Minutes%20FINAL.pdf?t=202610022109200,"MINUTES OF THE REGULAR BUSINESS MEETING AND PUBLIC HEARING OF THE
GRANTSVILLE CITY COUNCIL, HELD ON AUGUST 19, 2026 AT GRANTSVILLE
CITY HALL, LOCATED AT 429 EAST MAIN STREET, GRANTSVILLE, UTAH AND
ELECTRONICALLY VIA ZOOM. THE MEETING BEGAN AT 7:00 P.M.
Mayor and Council Members Present:
Mayor Heidi Hammond Brittany Skinner
Rhett Butler Jake Thomas
Derek Dalton Jeff Williams
Council Members Excused: none.
Appointed Officers and Employees Present:
Michael Resare, City Manager Aspen Clegg, Finance ",web,2026-10-05T16:54:08.272969+00:00
pmn_1101455,Grantsville,Grantsville City Council,2026-08-19,Notice of Public Hearing - Fiscal Year 2027 Final Budget,,,https://www.utah.gov/pmn/sitemap/notice/1101455.html,"GRANTSVILLE CITY
NOTICE OF PUBLIC HEARING
FISCAL YEAR 2027 FINAL BUDGET


PUBLIC NOTICE IS HEREBY GIVEN that the Grantsville City Council will hold a public hearing on Wednesday, August 19, 2026, during its regularly scheduled City Council meeting for the purpose of receiving public comment regarding the adoption of the Final Budget for Fiscal Year 2027.

The public hearing will be held at the Grantsville City Council Chambers, 429 East Main Street, Grantsville, Utah, beginning at 7:00 p.m. and electronically via Zoom. 

Public comments are welcome and may be provided in person during the meeting, or electronically using the following information:

Meeting URL: https://us02web.zoom.us/j/4358843411
Dial-In: 1-253-215-8782
Meeting ID: 435 884 3411

Written comments may also be submitted to the City Recorder, Alicia Fairbourne, at afairbourne@grantsvilleut.gov. All written comments will be distributed to the City Council and entered into the public record. To ensure consideration, written comments must be received no later than 12:00 p.m. (noon) on the day of the meeting.

A copy of the proposed budget is available for public inspection at Grantsville City Hall during regular business hours and on the Grantsville City website.

DATED this 12th day of August, 2026.

Alicia Fairbourne
Grantsville City Recorder",pmn,2026-10-05T16:59:19.072092Z
web_4385093743838835778,Grantsville,,2026-08-19,Packet,other,0.0,https://www.grantsvilleut.gov/Document_Center/Government/City%20Council/2026/08.19.2026/08.19.2026%20Packet%20v1.pdf?t=202608141945530,"August 19, 2026
City Council Meeting
Information Packet
Agenda Item # 1
Public Comment
Agenda Item #2
Summary Action Items
a. Approval of Minutes from the
July 15, 2026 City Council Regular
Meeting
b. Approval of Minutes from the August
5, 2026 Truth in Taxation Public
Hearing
c. Approval of bills

Alicia Fairbourne <afairbourne@grantsvilleut.gov>
Public Comment: Opposing Data Center Approvals and Tax Subsidies in Tooele
County / Grantsville Project Area
1 message
Marti Hunt < Wed, Jul 29, 2026 ",web,2026-08-17T08:41:24.952080+00:00
web_6161405412885104103,Grantsville,,2026-08-19,Packet,other,0.0,https://www.grantsvilleut.gov/Document_Center/Government/City%20Council/2026/08.19.2026/08.19.2026%20Packet%20v3.pdf?t=202608191921290,"August 19, 2026
City Council Meeting
Information Packet
Agenda Item # 1
Public Comment
Agenda Item #2
Summary Action Items
a. Approval of Minutes from the
July 15, 2026 City Council Regular
Meeting
b. Approval of Minutes from the August
5, 2026 Truth in Taxation Public
Hearing
c. Approval of bills

Alicia Fairbourne <afairbourne@grantsvilleut.gov>
Public Comment: Opposing Data Center Approvals and Tax Subsidies in Tooele
County / Grantsville Project Area
1 message
Marti Hunt < Wed, Jul 29, 2026 ",web,2026-10-05T16:54:06.902822+00:00
web_1890352492008477842,Grantsville,,2026-09-01,Agenda,residential_subdivision,0.33,https://www.grantsvilleut.gov/Document_Center/Department/Community%20&%20Economic%20Development/P%20&%20Z%20Agendas/2026/2026.09.01%20-%20Agenda.pdf?t=202608211211500,"PUBLIC NOTICE
The Grantsville City Planning Commission will hold a Regular Meeting at 7:00 p.m. on
Tuesday, September 1, 2026 at 429 East Main Street, Grantsville, UT 84029. The agenda is as
follows:
ROLL CALL
AGENDA
1. Presentation, Public Hearing, Discussion and Consideration: Consideration of a request for
a Plat Extension for the Matthews Meadows Phase 2 Subdivision.
2. Presentation, Public Hearing, Discussion and Recommendation: Recommendation of
proposed amendments to Chapters 2, 7, and 15",web,2026-08-24T08:46:02.190724+00:00
web_1690642431292340837,Grantsville,,2026-09-01,Agenda,residential_subdivision,0.33,https://www.grantsvilleut.gov/Document_Center/Department/Community%20&%20Economic%20Development/P%20&%20Z%20Agendas/2026/2026.09.01%20-%20Updated%20Agenda.pdf?t=202608271836480,"PUBLIC NOTICE
The Grantsville City Planning Commission will hold a Regular Meeting at 7:00 p.m. on
Tuesday, September 1, 2026 at 429 East Main Street, Grantsville, UT 84029. The agenda is as
follows:
ROLL CALL
AGENDA
1. Presentation, Public Hearing, Discussion and Consideration: Consideration of a request for
a Plat Extension for the Matthews Meadows Phase 2 Subdivision.
2. Presentation and Discussion: Discussion of a proposed new use for an Animal Encounters
Facility within the Chapters 2, 8, a",web,2026-08-31T15:52:01.388190+00:00
web_1145336441143063951,Grantsville,,2026-09-01,Agenda,residential_subdivision,0.33,https://www.grantsvilleut.gov/Document_Center/Department/Community%20&%20Economic%20Development/P%20&%20Z%20Agendas/2026/2026.09.01%20-%20Updated%20Agenda.pdf?t=202608271838560,"PUBLIC NOTICE
The Grantsville City Planning Commission will hold a Regular Meeting at 7:00 p.m. on
Tuesday, September 1, 2026 at 429 East Main Street, Grantsville, UT 84029. The agenda is as
follows:
ROLL CALL
AGENDA
1. Presentation, Public Hearing, Discussion and Consideration: Consideration of a request for
a Plat Extension for the Matthews Meadows Phase 2 Subdivision.
2. Presentation and Discussion: Discussion of a proposed new use for an Animal Encounters
Facility within the Chapters 2, 8, a",web,2026-10-05T16:54:16.611330+00:00
pmn_1103555,Grantsville,Grantsville City Planning Commission,2026-09-01,"Planning Commission Regular Meeting September 1, 2026",,,https://www.utah.gov/pmn/sitemap/notice/1103555.html,"CERTIFICATE OF POSTING: This agenda was posted on the Grantsville City Hall Notice Boards, the State Public Notice website at
www.utah.gov/pmn/index.html, and the Grantsville City website at www.grantsvilleut.gov. Notification was sent to the Tooele
Transcript Bulletin.
PUBLIC NOTICE
The Grantsville City Planning Commission will hold a Regular Meeting at 7:00 p.m. on
Tuesday, September 1, 2026 at 429 East Main Street, Grantsville, UT 84029. The agenda is as
follows:
ROLL CALL
AGENDA
1. Presentation, Public Hearing, Discussion and Consideration: Consideration of a request for
a Plat Extension for the Matthews Meadows Phase 2 Subdivision.
2. Presentation and Discussion: Discussion of a proposed new use for an Animal Encounters
Facility within the Chapters 2, 8, and 15.
3. Presentation, Public Hearing, Discussion and Recommendation: Recommendation of
proposed amendments to Chapter 9 of the Grantsville Land Use Ordinance.
4. Approval of the minutes from the August 18, 2026 Planning Commission Regular Meeting.
5. Report from City Staff.
6. Open Forum for Planning Commissioners.
7. Report from City Council.
8. Adjourn.
Shelby Moore
Zoning Administrator
Grantsville City Community & Economic Development
Join Zoom Meeting
Join Zoom Meeting: https://us02web.zoom.us/j/4358843411
By Phone, Dial: 1-253-215-8782
Meeting ID: 435 884 3411
Scan QR code
to join Zoom
meeting.",pmn,2026-10-05T16:59:19.072490Z
web_8952801190778924232,Grantsville,,2026-09-02,Agenda,other,0.0,https://www.grantsvilleut.gov/Document_Center/Government/City%20Council/2026/09.02.2026/09.02.2026%20Council%20Meeting%20Agenda.pdf?t=202608282008050,"PUBLIC NOTICE:
The Grantsville City Council will hold a Regular Meeting on Wednesday, September 2, 2026 in person at
429 East Main Street, Grantsville UT 84029 and electronically via Zoom beginning at 7:00 pm.
The agenda is as follows:
ROLL CALL
AGENDA:
1. Public Comment
2. Summary Action Items
a. Approval of Minutes from the August 19, 2026 City Council Regular Meeting
b. Approval of bills
3. Consideration of Resolution 2026-65 appointing Shana Nelson to the Historic Preservation
Committee
4. P",web,2026-08-31T15:51:37.428695+00:00
web_6017621781671861915,Grantsville,,2026-09-02,Agenda,other,0.0,https://www.grantsvilleut.gov/Document_Center/Government/City%20Council/2026/09.02.2026/09.02.2026%20Council%20Meeting%20Agenda%20AMENDED.pdf?t=202608311629040,"PUBLIC NOTICE:
The Grantsville City Council will hold a Regular Meeting on Wednesday, September 2, 2026 in person at
429 East Main Street, Grantsville UT 84029 and electronically via Zoom beginning at 7:00 pm.
The agenda is as follows:
ROLL CALL
AMENDED AGENDA (amended on 8/31/2026 at 2:20 p.m.):
1. Public Comment
2. Summary Action Items
a. Approval of Minutes from the August 19, 2026 City Council Regular Meeting
b. Approval of bills
3. Consideration of Resolution 2026-65 appointing Shana Nelson",web,2026-10-05T16:53:53.190874+00:00
pmn_1105571,Grantsville,Grantsville City Council,2026-09-02,Alington Subdivision Open House - Possible Quorum of City Council Present,,,https://www.utah.gov/pmn/sitemap/notice/1105571.html,"PUBLIC NOTICE

Alington Subdivision Open House
Possible Quorum of City Council Present

PUBLIC NOTICE IS HEREBY GIVEN that an open house regarding the proposed Alington Subdivision will be held on Wednesday, September 2, 2026, from 6:00 p.m. to 7:00 p.m. at Grantsville City Hall, 429 E Main Street, Grantsville, Utah.

The open house is intended to provide an opportunity for residents and the developer to discuss the proposed development. The open house is not a meeting of the Grantsville City Council and will not be conducted or led by the City Council.

Members of the City Council may attend the open house, and a quorum of the City Council may be present. No formal City Council meeting will be convened, and no action or decisions will be taken by the City Council during the open house.

The Grantsville City Council will convene its regularly scheduled meeting at 7:00 p.m. immediately following the open house. The Alington Subdivision is scheduled for consideration during the City Council meeting, at which time the City Council may discuss and take action on the matter in accordance with the posted City Council agenda.

Alicia Fairbourne
Grantsville City Recorder

Posted on September 1, 2026, in accordance with the Utah Open and Public Meetings Act.",pmn,2026-10-05T16:59:19.072085Z
pmn_1105099,Grantsville,Grantsville City Council,2026-09-02,Grantsville City Council Regular Meeting AMENDED AGENDA,,,https://www.utah.gov/pmn/sitemap/notice/1105099.html,"PUBLIC NOTICE:

The Grantsville City Council will hold a Regular Meeting on Wednesday, September 2, 2026 in person at 429 East Main Street, Grantsville UT 84029 and electronically via Zoom beginning at 7:00 pm. 

The agenda is as follows: 

ROLL CALL 

AMENDED AGENDA (amended on 8/31/2026 at 2:20 p.m.): 
1.	Public Comment
2.	Summary Action Items
     a.	Approval of Minutes from the August 19, 2026 City Council Regular Meeting
     b.	Approval of bills
3.	Consideration of Resolution 2026-65 appointing Shana Nelson to the Historic Preservation Committee
4.	Presentation from the Veterans Committee of the Grantsville Veterans Memorial Statue, 1st Model to Grantsville City
5.	Consideration of Ordinance 2026-27 approving the Alington Planned Unit Development located at approximately 948 E Main Street (SR-138)
6.	Consideration of Resolution 2026-62 approving a Master Development Agreement for the Alington Flex Homes Planned Unit Development located at approximately 948 E Main Street (SR-138)
7.	Consideration of Resolution 2026-57 declaring certain personal property surplus and authorizing its sale or disposal
8.	Consideration of Resolution 2026-67 awarding the Durfee Street Widening Project to Black Forest Paving Maintenance, LLC and authorizing the execution of the necessary contract documents
9.     Closed Session - (Imminent Litigation, Real Estate Negotiations, Personnel)
10.	Adjourn

Alicia Fairbourne		
City Recorder",pmn,2026-10-05T16:59:19.072081Z
web_2019966546193213540,Grantsville,,2026-09-02,Packet,other,0.0,https://www.grantsvilleut.gov/Document_Center/Government/City%20Council/2026/09.02.2026/09.02.2026%20Meeting%20Packet%20v1.pdf?t=202608282033360,"September 2, 2026
City Council Meeting
Information Packet
Agenda Item # 1
Public Comment
Agenda Item #2
Summary Action Items
a. Approval of Minutes from the
August 19, 2026 City Council
Regular Meeting
b. Approval of bills
Agenda Item #3
Consideration of Resolution 2026-65
appointing Shana Nelson to the Historic
Preservation Committee
Agenda Item # 4
Presentation from the Veterans
Committee of the Grantsville Veterans
Memorial Statue, 1st Model to Grantsville
City
Agenda Item # 5
Consideration o",web,2026-10-05T16:54:04.372989+00:00
web_6596538265649500693,Grantsville,,2026-09-15,Agenda,residential_subdivision,0.33,https://www.grantsvilleut.gov/Document_Center/Department/Community%20&%20Economic%20Development/P%20&%20Z%20Agendas/2026/2026.09.15%20-%20Amended%20Agenda.pdf?t=202609041334020,"PUBLIC NOTICE
The Grantsville City Planning Commission will hold a Regular Meeting at 7:00 p.m. on
Tuesday, September 15, 2026 at 429 East Main Street, Grantsville, UT 84029. The agenda is as
follows:
ROLL CALL
AGENDA
1. Presentation, Public Hearing, Discussion, and Recommendation: Recommendation for the
second proposed Plat Amendment for Stansbury Shadows Phase 3 Subdivision, located
approximately at 256 S Liberty Landing.
2. Presentation, Public Hearing, Discussion, and Recommendation: Recomme",web,2026-09-07T14:00:21.643334+00:00
web_4095020152146768112,Grantsville,,2026-09-15,Agenda,residential_subdivision,0.33,https://www.grantsvilleut.gov/Document_Center/Department/Community%20&%20Economic%20Development/P%20&%20Z%20Agendas/2026/2026.09.15%20-%20Amended%20Agenda.pdf?t=202609041334370,"PUBLIC NOTICE
The Grantsville City Planning Commission will hold a Regular Meeting at 7:00 p.m. on
Tuesday, September 15, 2026 at 429 East Main Street, Grantsville, UT 84029. The agenda is as
follows:
ROLL CALL
AGENDA
1. Presentation, Public Hearing, Discussion, and Recommendation: Recommendation for the
second proposed Plat Amendment for Stansbury Shadows Phase 3 Subdivision, located
approximately at 256 S Liberty Landing.
2. Presentation, Public Hearing, Discussion, and Recommendation: Recomme",web,2026-09-14T14:45:15.293043+00:00
web_4714776907056136264,Grantsville,,2026-09-15,Agenda,residential_subdivision,0.33,https://www.grantsvilleut.gov/Document_Center/Department/Community%20&%20Economic%20Development/P%20&%20Z%20Agendas/2026/2026.09.15%20-%20Updated%20Amended%20Agenda.pdf?t=202609151304480,"AMENDED AGENDA (amdended on 9/15/2026 at 10:55am)
PUBLIC NOTICE
The Grantsville City Planning Commission will hold a Regular Meeting at 7:00 p.m. on Tuesday,
September 15, 2026 at 429 East Main Street, Grantsville, UT 84029. The agenda is as follows:
ROLL CALL
AGENDA
1. Presentation, Public Hearing, Discussion, and Recommendation: Recommendation for the
second proposed Plat Amendment for Stansbury Shadows Phase 3 Subdivision, located
approximately at 256 S Liberty Landing.
2. Presentation, Publi",web,2026-10-05T16:54:16.354200+00:00
pmn_1106429,Grantsville,Grantsville City Planning Commission,2026-09-15,"CANCELLED DUE TO LACK OF QUORUM - Planning Commission Regular Meeting September 15, 2026",,,https://www.utah.gov/pmn/sitemap/notice/1106429.html,"CERTIFICATE OF POSTING: This agenda was posted on the Grantsville City Hall Notice Boards, the State Public Notice website at
www.utah.gov/pmn/index.html, and the Grantsville City website at www.grantsvilleut.gov. Notification was sent to the Tooele
Transcript Bulletin.
PUBLIC NOTICE The Grantsville City Planning Commission will hold a Regular Meeting at 7:00 p.m. on Tuesday, September 15, 2026 at 429 East Main Street, Grantsville, UT 84029. The agenda is as follows: ROLL CALL AGENDA
1.Presentation, Public Hearing, Discussion, and Recommendation: Recommendation for thesecond proposed Plat Amendment for Stansbury Shadows Phase 3 Subdivision, locatedapproximately at 256 S Liberty Landing.2.Presentation, Public Hearing, Discussion, and Recommendation: Recommendation of the 1stamendment to the Amended and Restated Master Development Agreement (ARMDA) for theHighlands Subdivision.3.Presentation, Public Hearing, Discussion, and Recommendation: Recommendation of theproposed rezone for the property located at 848 N Cooley Street from RR-2.5 to RR-1 for theStorybook Subdivision, resulting in approximately 6.34 acres being zoned RR-1.4.Presentation, Public Hearing, Discussion and Recommendation: Recommendation of theproposed amendments to Chapters 2, 8, and 15 of the Grantsville Land Use Ordinance toestablish a new use for Animal Encounters Facilities.5.Approval of the minutes from the September 1, 2026 Planning Commission Regular Meeting.6.Report from City Staff.7.Open Forum for Planning Commissioners.8.Report from City Council.9.Adjourn.
Shelby Moore
Zoning Administrator
Grantsville City Community & Economic Development Join Zoom Meeting Join Zoom Meeting: https://us02web.zoom.us/j/4358843411
By Phone, Dial: 1-253-215-8782
Meeting ID: 435 884 3411
Scan QR code to join Zoom meeting.
AMENDED AGENDA (amdended on 9/15/2026 at 10:55am)",pmn,2026-10-05T16:59:19.072486Z
web_176021968793120848,Grantsville,,2026-09-16,Agenda,other,0.0,https://www.grantsvilleut.gov/Document_Center/Government/City%20Council/2026/09.16.2026/09.16.2026%20City%20Council%20Agenda.pdf?t=202609142152310,"PUBLIC NOTICE:
The Grantsville City Council will hold a Regular Meeting and Public Hearing on Wednesday,
September 16, 2026 in person at 429 East Main Street, Grantsville UT 84029 and electronically via
Zoom beginning at 7:00 pm.
The agenda is as follows:
ROLL CALL
AGENDA:
1. Public Comment
2. Summary Action Items
a. Approval of Minutes from the August 19, 2026 City Council Regular Meeting
b. Approval of Minutes from the September 2, 2026 City Council Regular Meeting
c. Approval of bills
3. Cons",web,2026-10-05T16:53:51.710316+00:00
pmn_1108779,Grantsville,Grantsville City Council,2026-09-16,Grantsville City Council Regular Meeting,,,https://www.utah.gov/pmn/sitemap/notice/1108779.html,"PUBLIC NOTICE:

The Grantsville City Council will hold a Regular Meeting and Public Hearing on Wednesday, September 16, 2026 in person at 429 East Main Street, Grantsville UT 84029 and electronically via Zoom beginning at 7:00 pm. 

The agenda is as follows: 
ROLL CALL 
AGENDA: 
1.	Public Comment
2.	Summary Action Items
a.	Approval of Minutes from the August 19, 2026 City Council Regular Meeting
b.	Approval of Minutes from the September 2, 2026 City Council Regular Meeting
c.	Approval of bills
3.	Consideration of Ordinance 2026-28 amending Chapter 9 of the Grantsville Land Use Management Code regarding landscaping, waterwise landscaping, irrigation, parkways, park strips, medians, and approved plant materials
4.	Consideration of Ordinance 2026-27 approving the Alington Planned Unit Development located at approximately 948 E Main Street (SR-138)
5.	Consideration of Resolution 2026-62 approving a Master Development Agreement for the Alington Flex Homes Planned Unit Development located at approximately 948 E Main Street (SR-138)
6.	Consideration of Ordinance 2026-29 amending Chapter 15 of the Grantsville Land Use and Management Code to add eligible zoning designations for Micro-Entrepreneurship
7.	Consideration of Ordinance 2026-30 amending Chapters 2, 6, and 7 of the Grantsville Land Use Management Code regarding frontage requirements, residential driveways, and conditional use permit review
8.	Consideration of Resolution 2026-68 adopting the APWA Utah Manual of Standard Specifications and Standard Plans as the official Grantsville City Construction Standards
9.	Council Reports
10.	Adjourn

Alicia Fairbourne		
City Recorder",pmn,2026-10-05T16:59:19.072078Z
web_1923565355471348448,Grantsville,,2026-09-16,Packet,other,0.0,https://www.grantsvilleut.gov/Document_Center/Government/City%20Council/2026/09.16.2026/09.16.2026%20City%20Council%20Meeting%20Packet%20v1.pdf?t=202609142152400,"September 16, 2026
City Council Meeting
Information Packet
Agenda Item # 1
Public Comment
Agenda Item #2
Summary Action Items
a. Approval of Minutes from the
August 19, 2026 City Council Regular
Meeting
b. Approval of Minutes from the
September 2, 2026 City Council
Regular Meeting
b. Approval of bills
August 19, 2026 City Council
Regular Meeting Minutes
(DRAFT)
September 2, 2026 City
Council Regular Meeting
Minutes
(DRAFT)
Agenda Item #3
Consideration of Ordinance 2026-28
amending Chapter 9 of t",web,2026-10-05T16:53:53.018583+00:00
web_6436899371351446122,Grantsville,,2026-09-30,Agenda,other,0.0,https://www.grantsvilleut.gov/Document_Center/Department/Community%20&%20Economic%20Development/P%20&%20Z%20Agendas/2026/2026.09.30%20-%20Open%20House%20Notice.pdf?t=202609281334180,"PUBLIC OPEN HOUSE
PROPOSED DATA CENTER REGULATIONS
Possible Quorum of Planning Commission Present
PUBLIC NOTICE IS HEREBY GIVEN that an open house regarding proposed regulations for
Data Centers within Grantsville City will be held on Wednesday, September 30, 2026, from
6:00 p.m. to 8:00 p.m. at the Grantsville City Police Station, 50 Bowery Street, Grantsville,
Utah.
The open house is intended to provide an opportunity for residents to learn about the proposed
Data Center regulations, ask quest",web,2026-10-05T16:54:16.019247+00:00
pmn_1111421,Grantsville,Grantsville City Planning Commission,2026-09-30,Data Center Open House Possible Quorum of Planning Commission Present,,,https://www.utah.gov/pmn/sitemap/notice/1111421.html,"PUBLIC OPEN HOUSE
PROPOSED DATA CENTER REGULATIONS
Possible Quorum of Planning Commission Present

PUBLIC NOTICE IS HEREBY GIVEN that an open house regarding proposed regulations for Data Centers within Grantsville City will be held on Wednesday, September 30, 2026, from 6:00 p.m. to 8:00 p.m. at the Grantsville City Police Station, 50 Bowery Street, Grantsville, Utah.
The open house is intended to provide an opportunity for residents to learn about the proposed Data Center regulations, ask questions, discuss the proposed regulations with City staff, and provide feedback.
The open house is not a meeting of the Grantsville City Planning Commission or Grantsville City Council and will not be conducted or led by the Planning Commission and/or City Council. Members of the Planning Commission and/or City Council may attend the open house, and a quorum of the Planning Commission and/or City Council may be present. No formal Planning Commission or City Council meeting will be convened, and no action or decisions will be taken by the Planning Commission or City Council during the open house.
The proposed Data Center regulations are anticipated to be presented to the Grantsville City Planning Commission on October 20, 2026, at which time the Planning Commission may discuss the proposed regulations and make a recommendation in accordance with the posted Planning Commission agenda.

Bill Cobabe
Grantsville Community Development Director

Posted on September 22, 2026, in accordance with the 
Utah Open and Public Meetings Act.",pmn,2026-10-05T16:59:19.072482Z
web_3535242343711206224,Grantsville,,2026-10-05,Agenda,other,0.0,https://www.grantsvilleut.gov/Document_Center/Government/City%20Council/2026/10.05.2026/10.05.2026%20City%20Council%20Meeting%20Agenda.pdf?t=202610022041510,"PUBLIC NOTICE:
The Grantsville City Council will hold a rescheduled Regular Meeting on Monday, October 5, 2026 in person at
429 East Main Street, Grantsville UT 84029 and electronically via Zoom beginning at 7:00 pm.
The agenda is as follows:
ROLL CALL
AGENDA:
1. Public Comment
2. Summary Action Items
a. Approval of Minutes from the September 2, 2026 City Council Regular Meeting
b. Approval of Minutes from the September 16, 2026 City Council Regular Meeting
c. Approval of bills
3. Introduction o",web,2026-10-05T16:53:50.725269+00:00
pmn_1112621,Grantsville,Grantsville City Council,2026-10-05,Grantsville City Council Regular Meeting (Rescheduled),,,https://www.utah.gov/pmn/sitemap/notice/1112621.html,"PUBLIC NOTICE:

The Grantsville City Council will hold a rescheduled Regular Meeting on Monday, October 5, 2026 in person at 429 East Main Street, Grantsville UT 84029 and electronically via Zoom beginning at 7:00 pm.

The agenda is as follows:

ROLL CALL

AGENDA:
1. Public Comment
2. Summary Action Items
     a. Approval of Minutes from the September 2, 2026 City Council Regular Meeting
     b. Approval of Minutes from the September 16, 2026 City Council Regular Meeting
     c. Approval of bills
3. Introduction of FKKR, the consultant selected to assist Grantsville City with the General Plan Update, and presentation regarding the General Plan Update process
4. Consideration of Resolution 2026-63 approving an Energy Brokerage & Advisory Services Agreement between Grantsville City Corporation and CIG LLC for the Wastewater Treatment Plant Capital Project
5. Consideration of Ordinance 2026-27 approving the Alington Planned Unit Development (PUD) located at approximately 948 East Main Street (SR-138) within the Mixed Use (MU) Zoning District
6. Consideration of Resolution 2026-62 approving a Master Development Agreement for the Alington Flex Homes Planned Unit Development located at approximately 948 East Main Street (SR-138)
7. Consideration of Ordinance 2026-28 amending Chapter 9 of the Grantsville Land Use Development Code regarding landscaping, waterwise landscaping, irrigation, parkways, park strips, medians, and approved plant materials
8. Consideration of Resolution 2026-69 approving the renaming of Parkview Drive within Sun Sage Terrace Phase 2 to McIntosh Drive
9. Adjourn


Alicia Fairbourne
City Recorder


CERTIFICATE OF POSTING: This agenda was posted on the Grantsville City Hall Notice Boards, the State Public Notice website at www.utah.gov/pmn/index.html, and the Grantsville City website at www.grantsvilleut.gov.",pmn,2026-10-05T16:59:19.072072Z
web_8130910393628909480,Grantsville,,2026-10-05,Packet,other,0.0,https://www.grantsvilleut.gov/Document_Center/Government/City%20Council/2026/10.05.2026/10.05.2026%20Packet%20v2.pdf?t=202610022103170,"October 5, 2026
City Council Meeting
Information Packet
Agenda Item # 1
Public Comment
Agenda Item #2
Summary Action Items
a. Approval of Minutes from the
September 2, 2026 City Council
Regular Meeting
b. Approval of Minutes from the
September 16, 2026 City Council
Regular Meeting
c. Approval of bills
September 2, 2026
City Council Regular
Meeting Minutes
(DRAFT)
September 16, 2026
City Council Regular
Meeting Minutes
(DRAFT)
Agenda Item #3
Introduction of FKKR, the consultant
selected to assist",web,2026-10-05T16:53:51.509519+00:00
web_1566922691567658249,Grantsville,,2026-10-06,Agenda,residential_subdivision,0.17,https://www.grantsvilleut.gov/Document_Center/Department/Community%20&%20Economic%20Development/P%20&%20Z%20Agendas/2026/2026.10.06%20-%20PC%20Agenda.pdf?t=202609241217300,"PUBLIC NOTICE
The Grantsville City Planning Commission will hold a Regular Meeting at 7:00 p.m. on Tuesday, October 6,
2026 at 429 East Main Street, Grantsville, UT 84029. The agenda is as follows:
ROLL CALL
AGENDA
1. Presentation, Public Hearing, Discussion, and Recommendation: Recommendation of a proposed Master
Development Agreement with VT Grantsville Land Co, LLC, for the Deseret Subdivision.
2. Presentation, Public Hearing, Discussion, and Recommendation: Recommendation of the proposed
ame",web,2026-09-28T16:28:39.503476+00:00
web_373065552651287629,Grantsville,,2026-10-06,Agenda,residential_subdivision,0.17,https://www.grantsvilleut.gov/Document_Center/Department/Community%20&%20Economic%20Development/P%20&%20Z%20Agendas/2026/2026.10.06%20-%20PC%20Agenda.pdf?t=202610021547420,"PUBLIC NOTICE
The Grantsville City Planning Commission will hold a Regular Meeting at 7:00 p.m. on Tuesday, October 6,
2026 at 429 East Main Street, Grantsville, UT 84029. The agenda is as follows:
ROLL CALL
AGENDA
1. Presentation, Public Hearing, Discussion, and Recommendation: Recommendation of a proposed Master
Development Agreement with VT Grantsville Land Co, LLC, for the Deseret Subdivision.
2. Presentation, Public Hearing, Discussion, and Recommendation: Recommendation of the proposed
ame",web,2026-10-05T16:54:15.870534+00:00
pmn_1110919,Grantsville,Grantsville City Planning Commission,2026-10-06,"Planning Commission Regular Meeting October 6, 2026",,,https://www.utah.gov/pmn/sitemap/notice/1110919.html,"CERTIFICATE OF POSTING: This agenda was posted on the Grantsville City Hall Notice Boards, the State Public Notice website at
www.utah.gov/pmn/index.html, and the Grantsville City website at www.grantsvilleut.gov. Notification was sent to the Tooele
Transcript Bulletin.
PUBLIC NOTICE
The Grantsville City Planning Commission will hold a Regular Meeting at 7:00 p.m. on Tuesday, October 6, 2026 at 429 East Main Street, Grantsville, UT 84029. The agenda is as follows:
ROLL CALL
AGENDA
1.Presentation, Public Hearing, Discussion, and Recommendation: Recommendation of a proposed Master Development Agreement with VT Grantsville Land Co, LLC, for the Deseret Subdivision.
2.Presentation, Public Hearing, Discussion, and Recommendation: Recommendation of the proposed amendments to Chapters 2, 8, and 16 of the Grantsville Land Use Ordinance to establish a new use for a Cat Rescue.
3.Presentation, Discussion, and Consideration: Consideration of a request for a Plat Extension for the Matthews Meadows Phase 2 Subdivision.
4.Presentation, Public Hearing, Discussion, and Recommendation: Recommendation for the second proposed Plat Amendment for Stansbury Shadows Phase 3 Subdivision, located approximately at 256 S Liberty Landing.
5.Presentation, Public Hearing, Discussion, and Recommendation: Recommendation of the proposed amendments to Chapters 2, 8, and 15 of the Grantsville Land Use Ordinance to establish a new use for Animal Encounters Facilities.
6.Presentation, Public Hearing, Discussion, and Recommendation: Recommendation of the proposed rezone for the property located at 848 N Cooley Street from RR-2.5 to RR-1 for the Storybook Subdivision, resulting in approximately 6.34 acres being zoned RR-1.
7.Presentation, Public Hearing, Discussion, and Recommendation: Recommendation of the 1st amendment to the Amended and Restated Master Development Agreement (ARMDA) for the Highlands Subdivision.
8.Approval of the minutes from the September 1, 2026 Planning Commission Reg",pmn,2026-10-05T16:59:19.072476Z
pmn_1078749,Herriman,City Council,2026-05-13,Regular Session,,,https://www.utah.gov/pmn/sitemap/notice/1078749.html,"CITY COUNCIL AGENDA

Wednesday, May 13, 2026

NOTICE IS HEREBY GIVEN that the Herriman City Council shall assemble for a 
meeting in the City Council Chambers, located at
5355 WEST HERRIMAN MAIN STREET, HERRIMAN, UTAH
 

5:30 PM - WORK MEETING: (Fort Herriman Conference Room)


1.	Council Business
  
1.1.	  
Review of this Evening's Agenda
  
1.2.	  
Future Agenda Items
  
1.3.	  
Council discussion of future citizen recognitions


2.	Administrative Reports
  
2.1.	  
City Status Report: March 2026 - Trevor Ram, Assistant to the City Manager
  
2.2.	  
2026 Drought Monitoring and Conservation Efforts - Justun Edwards, Public Works Director
  
2.3.	  
Quarterly Capital Project Report - Bryce Terry, City Engineer
  
2.4.	  
Discussion of proposed Community Development budgets for fiscal years 2027 and 2028; discussion of proposed personnel and compensation changes


3.	Adjournment



7:00 PM (or as soon as possible thereafter) - GENERAL MEETING:


4.	Call to Order
  
4.1.	  
Invocation/Thought/Reading and Pledge of Allegiance
  

4.2.	  
City Council Comments and Recognitions


5.	Public Comment
Audience members may bring any item within the City's purview to the City Council's attention. Comments will be limited to two minutes. State Law prohibits the Council from acting on items that do not appear on the agenda. Public comments for this meeting will also be conducted electronically. Any person interested in addressing the Council may submit a comment by emailing recorder@herriman.gov or by visiting Herriman.gov/agendas-and-minutes, where there is a link to fill out an online public comment form. Your statement will be incorporated into the public record.


6.	City Council Reports
  
6.1.	  
Councilmember Jared Henderson
  
6.2.	  
Councilmember Teddy Hodges
  
6.3.	  
Councilmember Matt Basham
  
6.4.	  
Councilmember Terrah Anderson


7.	Mayor Report


8.	Consent Agenda
  
8.1.	  
Appr",pmn,2026-10-05T16:59:19.071047Z
pmn_1080795,Herriman,Planning Commission,2026-05-20,Planning Commission Meeting,,,https://www.utah.gov/pmn/sitemap/notice/1080795.html,"PLANNING COMMISSION AGENDA
Wednesday, May 20, 2026

NOTICE IS HEREBY GIVEN that the Herriman Planning Commission shall assemble for a
meeting in the City Council Chambers, located at
5355 WEST HERRIMAN MAIN STREET, HERRIMAN, UTAH
 
6:00 PM WORK MEETING (Fort Herriman Conference Room)
1.	Commission Business

1.1.	Review of City Council Decisions - Michael Maloy, Planning Director

1.2.	Review of Agenda Items - Planning Staff

1.3.	Review and Discuss Land Development Codes, Standards, Policies, Best Practices, and Potential Amendments to Ensure Compliance with State and City Codes - Michael Maloy, Planning Director

2.	Adjournment

7:00 PM REGULAR PLANNING COMMISSION MEETING (Council Chambers)
3.	Call to Order

3.1.	Invocation, Thought, Reading and/or Pledge of Allegiance

3.2.	Roll Call

3.3.	Conflicts of Interest

3.4.	Approval of Minutes for the April 15, 2026 Planning Commission Meeting

4.	Administrative Items 
Administrative items are reviewed based on standards outlined in the ordinance. Public comment may be taken on relevant and credible evidence regarding the application compliance with the ordinance.

4.1.	Review and consider a request to approve a Preliminary Subdivision Plat to amend Lot 1 of Ivie's Place Subdivision to create one (1) new residential lot located approximately at 7411 W Hi Country Road in the A-1-10 Agricultural Zone with a zoning condition (ZC) that has a density restriction of two (2) lots per one (1) acre. (Public Hearing)
Applicant: Rodger Duke (property owner)
Acres: (+/-)0.311
City File No: S2025-071

4.2.	Review and consider approval of a Conditional Use Permit to construct a one-half-million-gallon water tank for the City of Herriman, in Water Zone 9, at approximately 15506 S Spring Canyon Drive. The primary objective of the proposal is to provide a culinary water supply for undeveloped portions of a residential planned unit development (PUD) known as The Cove at Herriman Springs.
Applicant: Tr",pmn,2026-10-05T16:59:19.070649Z
pmn_1082927,Herriman,City Council,2026-05-27,Regular Session,,,https://www.utah.gov/pmn/sitemap/notice/1082927.html,"CITY COUNCIL AGENDA

Wednesday, May 27, 2026

NOTICE IS HEREBY GIVEN that the Herriman City Council shall assemble for a 
meeting in the City Council Chambers, located at
5355 WEST HERRIMAN MAIN STREET, HERRIMAN, UTAH
 

5:30 PM - WORK MEETING: (Fort Herriman Conference Room)


1.	Council Business
  
1.1.	  
Review of this Evening's Agenda
  
1.2.	  
Future Agenda Items
  
1.3.	  
Council discussion of future citizen recognitions


2.	Administrative Reports
  
2.1.	  
City Status Report - April 2026 - Trevor Ram, Assistant to the City Manager
  
2.2.	  
Discussion regarding a new development agreement for a proposed 17.95 acre mixed-use development located at approximately 3700 West 15000 South - Blake Thomas, Community Development Director
  
2.3.	  
Discussion of the proposed fiscal year 2027 and 2028 City Manager's recommended budget (tentative budget) - Kyle Maurer, Director of Finance and Administrative Services


3.	Adjournment



7:00 PM - GENERAL MEETING:


4.	Call to Order
  
4.1.	  
Invocation/Thought/Reading and Pledge of Allegiance
  

4.2.	  
City Council Comments and Recognitions


5.	Public Comment
Audience members may bring any item within the City's purview to the City Council's attention. Comments will be limited to two minutes. State Law prohibits the Council from acting on items that do not appear on the agenda. Public comments for this meeting will also be conducted electronically. Any person interested in addressing the Council may submit a comment by emailing recorder@herriman.gov or by visiting Herriman.gov/agendas-and-minutes, where there is a link to fill out an online public comment form. Your statement will be incorporated into the public record.


6.	City Council Reports
  
6.1.	  
Councilmember Jared Henderson
  
6.2.	  
Councilmember Teddy Hodges
  
6.3.	  
Councilmember Matt Basham
  
6.4.	  
Councilmember Terrah Anderson


7.	Mayor Report


8.	Reports, Present",pmn,2026-10-05T16:59:19.071042Z
pmn_1084213,Herriman,Planning Commission,2026-06-03,Planning Commission Meeting,,,https://www.utah.gov/pmn/sitemap/notice/1084213.html,"PLANNING COMMISSION AGENDA

Wednesday, June 03, 2026

NOTICE IS HEREBY GIVEN that the Herriman Planning Commission shall assemble for a 
meeting in the City Council Chambers, located at
5355 WEST HERRIMAN MAIN STREET, HERRIMAN, UTAH
 

6:00 PM WORK MEETING (Fort Herriman Conference Room)


1.	Commission Business
  
1.1.	  
Review of City Council Decisions - Michael Maloy, Planning Director
  
1.2.	  
Review of Agenda Items - Planning Staff
  
1.3.	  
Review and Discussion of Land Use Development Standards and Projects in Herriman - Michael Maloy, Planning Director


2.	Adjournment


7:00 PM REGULAR PLANNING COMMISSION MEETING (Council Chambers)
 


3.	Call to Order
  
3.1.	  
Invocation, Thought, Reading and/or Pledge of Allegiance
  
3.2.	  
Roll Call
  
3.3.	  
Conflicts of Interest
  
3.4.	  
Approval of Minutes for the May 06, 2026, Planning Commission Meeting




4.	Administrative Items 
Administrative items are reviewed based on standards outlined in the ordinance. Public comment may be taken on relevant and credible evidence regarding the application compliance with the ordinance.
  
4.1.	  
Review and consider a Conditional Use Permit for a commercial 'Daycare/Preschool Center' located approximately at 14702 Marketplace Drive in the C-2 Commercial Zone.
Applicant: Alex Dahlstrom, Academy Market Holdings, LLC (property owner)
Acres: 1.74
File No: C2026-070
  
4.2.	  
Review and consider a Preliminary Subdivision Amendment for the Mountain View Plaza Subdivision located approximately at 5117 W Miller Crossing Drive in the C-2 Commercial Zone.
Applicant: Aaron Osmond, Mountain View Plaza, LLC (property owner)
Acres: (+/-)6.0
File No: S2026-056
 


5.	Chair and Commission Comments


6.	Future Meetings
  
7.1.	  
Next City Council Meeting: June 10, 2026
  
7.2.	  
Next Planning Commission Meeting: July 1, 2026


7.	Adjournment



In accordance with the Americans with Disabilities Act",pmn,2026-10-05T16:59:19.070646Z
pmn_1087023,Herriman,Planning Commission,2026-06-09,Appeal Authority Agenda,,,https://www.utah.gov/pmn/sitemap/notice/1087023.html,"Review and consider a variance request (City File No. V2026-080) submitted by Dallin Burningham, Fairbanks Homes, property owner, to reduce the minimum rear yard (i.e., building setback) from 20 -0  to 7 -9  to facilitate the construction of a new single-family home at 14171 S Summit Top Lane in the A-1-10 Agricultural Single Family Zone.",pmn,2026-10-05T16:59:19.070642Z
pmn_1086499,Herriman,City Council,2026-06-10,Regular Session,,,https://www.utah.gov/pmn/sitemap/notice/1086499.html,"CITY COUNCIL AGENDA

Wednesday, June 10, 2026

NOTICE IS HEREBY GIVEN that the Herriman City Council shall assemble for a 
meeting in the City Council Chambers, located at
5355 WEST HERRIMAN MAIN STREET, HERRIMAN, UTAH
 

5:30 PM - WORK MEETING: (Fort Herriman Conference Room)


1.	Council Business
  
1.1.	  
Review of this Evening's Agenda
  
1.2.	  
Future Agenda Items
  
1.3.	  
Council discussion of future citizen recognitions


2.	Administrative Reports
  
2.1.	  
City Status Report - May 2025 - Trevor Ram, Assistant to the City Manager


3.	Adjournment



7:00 PM - GENERAL MEETING:


4.	Call to Order
  
4.1.	  
Invocation/Thought/Reading and Pledge of Allegiance
  
4.2.	  
City Council Comments and Recognitions


5.	Public Comment
Audience members may bring any item within the City's purview to the City Council's attention. Comments will be limited to two minutes. State Law prohibits the Council from acting on items that do not appear on the agenda. Public comments for this meeting will also be conducted electronically. Any person interested in addressing the Council may submit a comment by emailing recorder@herriman.gov or by visiting Herriman.gov/agendas-and-minutes, where there is a link to fill out an online public comment form. Your statement will be incorporated into the public record.



6.	City Council Reports
  
6.1.	  
Councilmember Jared Henderson
  
6.2.	  
Councilmember Teddy Hodges
  
6.3.	  
Councilmember Matt Basham
  
6.4.	  
Councilmember Terrah Anderson


7.	Mayor Report


8.	Reports, Presentations and Appointments 
  
8.1.	  
Youth Council Legacy Project Presentation
  
8.2.	  
Fiscal year 2026 Office of the State Auditor's Fraud Risk Assessment - Kyle Maurer, Director of Finance and Administrative Services


9.	Public Hearing
  
9.1.	  
Public Hearing and consideration of an Ordinance fixing the compensation for the City of Herriman Elected Officials - Kyle Ma",pmn,2026-10-05T16:59:19.071038Z
pmn_1089537,Herriman,City Council,2026-06-18,Special Meeting,,,https://www.utah.gov/pmn/sitemap/notice/1089537.html,"SPECIAL CITY COUNCIL AGENDA

Thursday, June 18, 2026

NOTICE IS HEREBY GIVEN that the Herriman City Council shall assemble for a 
meeting in the City Council Chambers, located at
5355 WEST HERRIMAN MAIN STREET, HERRIMAN, UTAH
 


4:00 PM - SPECIAL MEETING:


1.	Call to Order


2.	Discussion and Action Items
  
2.1.	  
Discussion and consideration of an Ordinance adopting the final budget for the City of Herriman for fiscal years 2027 and 2028; adopting a job classification and salary plan; and setting the rate of tax and levying taxes upon all real and personal property within the City of Herriman, Utah - Kyle Maurer, Director of Finance and Administrative Services


3.	Adjournment",pmn,2026-10-05T16:59:19.071034Z
pmn_1090483,Herriman,City Council,2026-06-24,Cancellation Notice,,,https://www.utah.gov/pmn/sitemap/notice/1090483.html,"City Council Agenda 

Wednesday, June 24, 2026


NOTICE IS HEREBY GIVEN that the 
Herriman City Council Meeting scheduled for Wednesday, June 24, 2026, has been CANCELLED 


Please plan to join us for the next City Council meeting 
scheduled for Wednesday, July 8, 2026",pmn,2026-10-05T16:59:19.071031Z
pmn_1091783,Herriman,Planning Commission,2026-07-01,Planning Commision Meeting,,,https://www.utah.gov/pmn/sitemap/notice/1091783.html,"PLANNING COMMISSION AGENDA
Wednesday, July 01, 2026

NOTICE IS HEREBY GIVEN that the Herriman Planning Commission shall assemble for a
meeting in the City Council Chambers, located at
5355 WEST HERRIMAN MAIN STREET, HERRIMAN, UTAH

 6:00 PM WORK MEETING (Fort Herriman Conference Room)
1.	Commission Business

1.1.	Review of City Council Decisions - Michael Maloy, Planning Director

1.2.	Review of Agenda Items - Planning Staff

1.3.	Presentation and Discussion of Herriman City Land Development Code, Standards, Policies, and Potential Amendments - Amanda Hamilton, Planner II

2.	Adjournment
7:00 PM REGULAR PLANNING COMMISSION MEETING (Council Chambers)
3.	Call to Order

3.1.	Invocation, Thought, Reading and/or Pledge of Allegiance

3.2.	Roll Call

3.3.	Conflicts of Interest

3.4.	Approval of Minutes for the May 20, 2026 Planning Commission Meeting
4.	Administrative Items 
Administrative items are reviewed based on standards outlined in the ordinance. Public comment may be taken on relevant and credible evidence regarding the application compliance with the ordinance.
4.1.	Review and consider a Conditional Use Permit Amendment to add one additional commercial building in Copper View Plaza, which is located approximately at 12298 S Herriman Main Street, governed by the Mountainview Master Development Agreement, in the C-2 Commercial Zone.
Applicant: Aaron Osmond (property owner)
Acres: (+/-)0.237
City File No: C2026-074

4.2.	Review and consider a request to extend Planning Commission approval of a Preliminary Subdivision Plat Amendment known as 'Autumn Sky Townhomes Phase 2B Amended' affecting properties located approximately at 12116 S - 12156 S Autumn Day Lane and in the R-2-10 Zone.
Applicant: Jim Allred (authorized agent, property owner)
Acres: (+/-)0.808
File No: S2026-089

4.3.	 Review and consider approval of a Conditional Use Permit Amendment request for 'The Cove at Herriman Springs', a planned unit development (PUD), to p",pmn,2026-10-05T16:59:19.070638Z
pmn_1092697,Herriman,City Council,2026-07-08,Regular Session,,,https://www.utah.gov/pmn/sitemap/notice/1092697.html,"CITY COUNCIL 
AMENDED AGENDA

Wednesday, July 08, 2026
Amended July 7, 2026 @ 3:30 p.m.*

NOTICE IS HEREBY GIVEN that the Herriman City Council shall assemble for a 
meeting in the City Council Chambers, located at
5355 WEST HERRIMAN MAIN STREET, HERRIMAN, UTAH
 

5:30 PM - WORK MEETING: (Fort Herriman Conference Room)


1.	Council Business
  
1.1.	  
Review of this Evening's Agenda
  
1.2.	  
Future Agenda Items
  
1.3.	  
Council discussion of future citizen recognitions


2.	Administrative Reports
  
2.1.	  
Southwest Athletic Complex Project Update - Wendy Thomas, Assistant City Manager
  
2.2.	  
Discussion of the Thomas Butterfield Community Service Scholarship Program - Jackie Nostrom, Deputy Director of Administrative Services


3.	Adjournment



7:00 PM - GENERAL MEETING:


4.	Call to Order
  
4.1.	  
Invocation/Thought/Reading and Pledge of Allegiance
  
4.2.	  
City Council Comments


5.	Public Comment
Audience members may bring any item within the City's purview to the City Council's attention. Comments will be limited to two minutes. State Law prohibits the Council from acting on items that do not appear on the agenda. Public comments for this meeting will also be conducted electronically. Any person interested in addressing the Council may submit a comment by emailing recorder@herriman.gov or by visiting Herriman.gov/agendas-and-minutes, where there is a link to fill out an online public comment form. Your statement will be incorporated into the public record.



6.	City Council Reports
  
6.1.	  
Councilmember Jared Henderson
  
6.2.	  
Councilmember Teddy Hodges
  
6.3.	  
Councilmember Matt Basham
  
6.4.	  
Councilmember Terrah Anderson


7.	Mayor Report


8.	Reports, Presentations and Appointments 
  
8.1.	  
2026-2027 Youth Council Oath of Office
  
8.2.	  
City Council Recognitions - Wendy Thomas, Assistant City Manager
  
8.3.	  
Mountain West Chamber of Commerce",pmn,2026-10-05T16:59:19.071027Z
pmn_1094451,Herriman,Planning Commission,2026-07-15,Planning Commision Meeting,,,https://www.utah.gov/pmn/sitemap/notice/1094451.html,"PLANNING COMMISSION AGENDA
Wednesday, July 15, 2026

NOTICE IS HEREBY GIVEN that the Herriman Planning Commission shall assemble for a
meeting in the City Council Chambers, located at
5355 WEST HERRIMAN MAIN STREET, HERRIMAN, UTAH

6:00 PM WORK MEETING (Fort Herriman Conference Room)
1.	Commission Business

1.1.	Review of City Council Decisions - Michael Maloy, Planning Director

1.2.	Review of Agenda Items - Planning Staff

1.3.	Review and discuss elements of the Herriman City General Plan, the Land Development Code, and adopted Herriman City Standards and Policies to ensure compliance with the Utah Land Use Development and Management Act - Michael Maloy, Planning Director

2.	Adjournment

7:00 PM REGULAR PLANNING COMMISSION MEETING (Council Chambers)
3.	Call to Order

3.1.	Invocation, Thought, Reading and/or Pledge of Allegiance

3.2.	Roll Call

3.3.	Conflicts of Interest

3.4.	Approval of Minutes for the June 03, 2026 Planning Commission Meeting

4.	Administrative Items 
Administrative items are reviewed based on standards outlined in the ordinance. Public comment may be taken on relevant and credible evidence regarding the application compliance with the ordinance.
4.1.	Review and consider a Conditional Use Permit for the Haven Event Center located at approximately 6087 W 11800 South in the C-2 Commercial Zone.
Applicant: Swen Nielsen, Real Estate Essentials (authorized agent)
Acreage: (+/-)1.46 acres
File No: C2026-079

4.2.	Review and consider a Conditional Use Permit for a commercial monument sign at the Life Time Athletic Club located at approximately 4684 W 12600 South in the C-2 Commercial Zone.
Applicant: Skylar Walser, YESCO (authorized agent)
Acreage: (+/-)12.6 acres
File No: C2026-101

5.	Chair and Commission Comments

6.	Future Meetings

6.1.	Next Planning Commission Meeting: August 05, 2026

6.2.	Next City Council Meeting: August 12, 2026

7.	Adjournment

In accordance with the Americans with Disabil",pmn,2026-10-05T16:59:19.070635Z
pmn_1098495,Herriman,Planning Commission,2026-08-05,Planning Commision Meeting,,,https://www.utah.gov/pmn/sitemap/notice/1098495.html,"PLANNING COMMISSION AGENDA
Wednesday, August 05, 2026

NOTICE IS HEREBY GIVEN that the Herriman Planning Commission shall assemble for a
meeting in the City Council Chambers, located at
5355 WEST HERRIMAN MAIN STREET, HERRIMAN, UTAH 

6:00 PM WORK MEETING (Fort Herriman Conference Room)
1.	Commission Business

1.1.	Annual Election of Planning Commission Chair and Vice-Chair for One-Year Term

1.2.	Review of City Council Decisions - Michael Maloy, Planning Director

1.3.	Review of Agenda Items - Planning Staff

1.4.	Review and discuss pending amendments to the Herriman Land Development Code (Title 10) to ensure compliance with Utah Code and implementation of the Herriman City General Plan - Michael Maloy, AICP, Planning Director

2.	Adjournment

7:00 PM REGULAR PLANNING COMMISSION MEETING (Council Chambers)
3.	Call to Order

3.1.	Invocation, Thought, Reading and/or Pledge of Allegiance

3.2.	Roll Call

3.3.	Conflicts of Interest

3.4.	Approval of Minutes for the July 01, 2026 Planning Commission Meeting
https://herrimancity-meeting-files-pc.s3.us-west-1.amazonaws.com/2026-8-5/Item+3.4+-+2026_07_01+PC+Minutes+Draft.pdf

4.	Administrative Items 
Administrative items are reviewed based on standards outlined in the ordinance. Public comment may be taken on relevant and credible evidence regarding the application compliance with the ordinance.

4.1.	Review and consider approval of a Conditional Use Permit for a 'Conference and Reception Center' (i.e., Haven Event Center) at 6087 W 11800 South in the C-2 Commercial Zone.
Applicant: Swen Nielsen, Real Estate Essentials (authorized agent)
Acreage: (+/-)1.46 (5,824 sf lease)
File No: C2026-079
https://herrimancity-meeting-files-pc.s3.us-west-1.amazonaws.com/2026-8-5/Item+4.1+-+Staff+Report.pdf

4.2.	 Review and consider approval of a Conditional Use Permit for a 'Medical Service' (i.e., Intermountain Health Bingham Canyon Clinic) located at 5121 W Denali Park Drive in the C-2 Commercia",pmn,2026-10-05T16:59:19.070631Z
pmn_1099915,Herriman,City Council,2026-08-11,Regular Session,,,https://www.utah.gov/pmn/sitemap/notice/1099915.html,"CITY COUNCIL AGENDA

Tuesday, August 11, 2026

NOTICE IS HEREBY GIVEN that the Herriman City Council shall assemble for a 
meeting in the City Council Chambers, located at
5355 WEST HERRIMAN MAIN STREET, HERRIMAN, UTAH
 

5:30 PM - WORK MEETING: (Fort Herriman Conference Room)


1.	Council Business
  
1.1.	  
Review of this Evening's Agenda
  
1.2.	  
Future Agenda Items
  
1.3.	  
Council discussion of future citizen recognitions


2.	Administrative Reports
  
2.1.	  
Paid Parental Leave Benefits Discussion - Travis Dunn, Human Resources Manager
  
2.2.	  
City Status Report - June 2026 - Trevor Ram, Assistant to the City Manager
  
2.3.	  
Quarterly Capital Projects Update - Bryce Terry, City Engineer


3.	Adjournment



7:00 PM - GENERAL MEETING:


4.	Call to Order
  
4.1.	  
Invocation/Thought/Reading and Pledge of Allegiance
  
4.2.	  
City Council Comments and Recognitions


5.	Public Comment
Audience members may bring any item within the City's purview to the City Council's attention. Comments will be limited to two minutes. State Law prohibits the Council from acting on items that do not appear on the agenda. Public comments for this meeting will also be conducted electronically. Any person interested in addressing the Council may submit a comment by emailing recorder@herriman.gov or by visiting Herriman.gov/agendas-and-minutes, where there is a link to fill out an online public comment form. Your statement will be incorporated into the public record.



6.	City Council Reports
  
6.1.	  
Councilmember Jared Henderson
  
6.2.	  
Councilmember Teddy Hodges
  
6.3.	  
Councilmember Matt Basham
  
6.4.	  
Councilmember Terrah Anderson


7.	Mayor Report


8.	Reports, Presentations and Appointments 
  
8.1.	  
2026 Parade Grand Marshal Recognition
  
8.2.	  
City Council Recognitions 
Herriman High School DECA - Winners of the DECA 2026 International Career Development Conference  ",pmn,2026-10-05T16:59:19.071023Z
pmn_1101649,Herriman,Planning Commission,2026-08-19,Planning Commision Meeting,,,https://www.utah.gov/pmn/sitemap/notice/1101649.html,"PLANNING COMMISSION AGENDA
Wednesday, August 19, 2026

NOTICE IS HEREBY GIVEN that the Herriman Planning Commission shall assemble for a
meeting in the City Council Chambers, located at
5355 WEST HERRIMAN MAIN STREET, HERRIMAN, UTAH 

6:00 PM WORK MEETING (Fort Herriman Conference Room)
1.	Commission Business

1.1.	Review of City Council Decisions - Michael Maloy, Planning Director

1.2.	Review of Agenda Items - Planning Staff

1.3.	Review and discuss Herriman City Land Use Development Standards and adopted policies for compliance with the Land Use Development & Management Act in the Utah Code - Michael Maloy, Planning Director

2.	Adjournment
7:00 PM REGULAR PLANNING COMMISSION MEETING (Council Chambers)
3.	Call to Order

3.1.	Invocation, Thought, Reading and/or Pledge of Allegiance

3.2.	Roll Call

3.3.	Conflicts of Interest

3.4.	Approval of Minutes for the July 15, 2026 Planning Commission Meeting

4.	Administrative Items 
Administrative items are reviewed based on standards outlined in the ordinance. Public comment may be taken on relevant and credible evidence regarding the application compliance with the ordinance.
4.1.	Review and consider approval of a Consider Use Permit for a home occupation daycare at 4511 W Watchmen Way in an R-2-10 Residential Medium Density Zone.
Applicant: Laura Reyes, Alanna Daycare (authorized agent)
Acres: (+/-)0.07
City File No: C2026-106

4.2.	Review and consider approval of a Preliminary Plat for a 5-lot Subdivision at approximately 12650 S 6000 West in the A-1-10 Agricultural Single-Family Zone. (Public Hearing)
Applicant: Bruce Bowles (property owner, authorized agent)
Acres: (+/-)1.37 
City File No: S2026-023

4.3.	Review and consider approval of a 10-lot Preliminary Subdivision Plat known as Beau Meadows, located approximately at 6515 W Rose Canyon Road in the A-1-10 Agricultural Single-Family Zone. (Public Hearing)
Applicant: Brett Lovell (property owner)
Acres: (+/-)5.0
City File ",pmn,2026-10-05T16:59:19.070627Z
pmn_1103331,Herriman,City Council,2026-08-26,Regular Session,,,https://www.utah.gov/pmn/sitemap/notice/1103331.html,"CITY COUNCIL AGENDA

Wednesday, August 26, 2026

NOTICE IS HEREBY GIVEN that the Herriman City Council shall assemble for a 
meeting in the City Council Chambers, located at
5355 WEST HERRIMAN MAIN STREET, HERRIMAN, UTAH
 

5:30 PM - WORK MEETING: (Fort Herriman Conference Room)


1.	Council Business
  
1.1.	  
Review of this Evening's Agenda
  
1.2.	  
Future Agenda Items
  
1.3.	  
Council discussion of future citizen recognitions


2.	Administrative Reports
  
2.1.	  
Discussion and Planning for City Council Retreat - Nathan Cherpeski, City Manager
  
2.2.	  
City Status Report: July 2026 - Trevor Ram, Assistant to the City Manager
  
2.3.	  
Discussion regarding the Field Rental Fee Policy - Wendy Thomas, Assistant City Manager & Trevor Ram, Assistant to the City Manager
  
2.4.	  
Discussion of Field Rental Fees - Wendy Thomas, Assistant City Manager & Trevor Ram, Assistant to the City Manager
  
2.5.	  
Discussion of a proposed City Council Policy and Fee Schedule for the Herriman Community Center located at 13011 S Pioneer Street - Wendy Thomas, Assistant City Manager and Trevor Ram, Assistant to the City Manager
  
2.6.	  
CIP Decision Framework - Trevor Ram, Assistant to the City Manager
  
2.7.	  
Utah Transit Authority Presentation - Chandler Beutler, UTA Government Relations Manager


3.	Adjournment



7:00 PM - GENERAL MEETING:


4.	Call to Order
  
4.1.	  
Invocation/Thought/Reading and Pledge of Allegiance
  
4.2.	  
City Council Comments and Recognitions


5.	Public Comment
Audience members may bring any item within the City's purview to the City Council's attention. Comments will be limited to two minutes. State Law prohibits the Council from acting on items that do not appear on the agenda. Public comments for this meeting will also be conducted electronically. Any person interested in addressing the Council may submit a comment by emailing recorder@herriman.gov or by visiting Herrima",pmn,2026-10-05T16:59:19.071019Z
pmn_1104661,Herriman,Planning Commission,2026-09-02,Planning Commision Meeting,,,https://www.utah.gov/pmn/sitemap/notice/1104661.html,"PLANNING COMMISSION AGENDA
Wednesday, September 02, 2026

NOTICE IS HEREBY GIVEN that the Herriman Planning Commission shall assemble for a 
meeting in the City Council Chambers, located at
5355 WEST HERRIMAN MAIN STREET, HERRIMAN, UTAH
  
6:00 PM WORK MEETING (Fort Herriman Conference Room) 
1.	Commission Business 

1.1.	Review of City Council Decisions - Michael Maloy, Planning Director 

1.2.	Review of Agenda Items - Planning Staff 

1.3.	Review and discuss Herriman City Land Use Development Standards and adopted policies for compliance with the Land Use Development & Management Act in the Utah Code - Michael Maloy, Planning Director 

2.	Adjournment 
7:00 PM REGULAR PLANNING COMMISSION MEETING (Council Chambers) 
3.	Call to Order 

3.1.	Invocation, Thought, Reading and/or Pledge of Allegiance 

3.2.	Roll Call 

3.3.	Conflicts of Interest 

3.4.	Approval of Minutes for the August 05, 2026 Planning Commission Meeting 

4.	Administrative Items  
Administrative items are reviewed based on standards outlined in the ordinance. Public comment may be taken on relevant and credible evidence regarding the application compliance with the ordinance. 
4.1.	Review and consider a Conditional Use Permit for a monument sign for Toscano, located at 12547 Herriman Auto Row, in the C-2 Commercial Zone. 
Applicant: Jeremy Ford (AFP HGP) 
Acres: (+/-)0.840 acres 
File No: C2026-116 

4.2.	Consideration of a Site Plan for a commercial restaurant at 4948 W 12600 South in the C-2 Commercial Zone and Midas Crossing Master Development Agreement. 
Applicant: Fernando Mendoza (property owner) 
Acres: (+/-)0.184 
File No: P2026-121 

5.	Legislative Items  
Legislative items are recommendations to the City Council. Broad public input will be taken and considered on each item. All legislative items recommended at this meeting will be scheduled for a decision at the next available City Council meeting.  
5.1.	Review and consider a recommendation to amen",pmn,2026-10-05T16:59:19.070623Z
pmn_1106317,Herriman,City Council,2026-09-09,Regular Session,,,https://www.utah.gov/pmn/sitemap/notice/1106317.html,"CITY COUNCIL AGENDA

Wednesday, September 09, 2026

NOTICE IS HEREBY GIVEN that the Herriman City Council shall assemble for a 
meeting in the City Council Chambers, located at
5355 WEST HERRIMAN MAIN STREET, HERRIMAN, UTAH
 

5:00 PM - WORK MEETING: (Fort Herriman Conference Room)

1.	Council Business
1.1.	Review of this Evening's Agenda
1.2.	Future Agenda Items
1.3.	Council discussion of future citizen recognitions

2.	Closed Session
The Herriman City Council may temporarily recess the City Council meeting to convene in a closed session to discuss the character, professional competence, or physical or mental health of an individual, pending or reasonable imminent litigation, and the purchase, exchange, or lease of real property, as provided by Utah Code Annotated §52-4-205

3.	Administrative Reports
3.1.	Herriman History Park and Dansie House Discussion - Bryce Terry, Assistant City Engineer and Wendy Thomas, Assistant City Manager
3.2.	Discussion of the City's Secondary Water system and future planning - Trevor Ram, Assistant to the City Manager | Justun Edwards, Director of Public Works

4.	Adjournment

7:00 PM - GENERAL MEETING:


5.	Call to Order
5.1.	Invocation/Thought/Reading and Pledge of Allegiance
5.2.	City Council Comments and Recognitions

6.	Public Comment
Audience members may bring any item within the City's purview to the City Council's attention. Comments will be limited to two minutes. State Law prohibits the Council from acting on items that do not appear on the agenda. Public comments for this meeting will also be conducted electronically. Any person interested in addressing the Council may submit a comment by emailing recorder@herriman.gov or by visiting Herriman.gov/agendas-and-minutes, where there is a link to fill out an online public comment form. Your statement will be incorporated into the public record.

7.	City Council Reports
7.1.	Councilmember Jared Henderson
7.2.	Councilmember Teddy Hodges
7.3.	Co",pmn,2026-10-05T16:59:19.071014Z
pmn_1107799,Herriman,Planning Commission,2026-09-16,Planning Commision Meeting,,,https://www.utah.gov/pmn/sitemap/notice/1107799.html,"PLANNING COMMISSION AGENDA
Wednesday, September 16, 2026

NOTICE IS HEREBY GIVEN that the Herriman Planning Commission shall assemble for a 
meeting in the City Council Chambers, located at
5355 WEST HERRIMAN MAIN STREET, HERRIMAN, UTAH 

6:00 PM WORK MEETING (Fort Herriman Conference Room) 
1.	Commission Business 

1.1.	Review of City Council Decisions  

1.2.	Review of Agenda Items - Planning Staff 

1.3.	Discussion of proposed amendment to Herriman City Code 10-10 relating to Residential Uses

2.	 Adjournment
7:00 PM REGULAR PLANNING COMMISSION MEETING (Council Chambers)
3.	Call to Order

3.1.	Invocation, Thought, Reading and/or Pledge of Allegiance

3.2.	Roll Call

3.3.	Conflicts of Interest

3.4.	Approval of Minutes for the August 19, 2026 Planning Commission Meeting

4.	Administrative Items 
Administrative items are reviewed based on standards outlined in the ordinance. Public comment may be taken on relevant and credible evidence regarding the application compliance with the ordinance.
4.1.	Review and consider a Preliminary Subdivision Plat for one (1) lot located generally at 5175 W Herriman Main Street in the MU-2 Mixed Use Zone and the Herriman Towne Center Master Development Agreement (MDA). (Public Hearing) 
Applicant: HTC Communities LLC (property owner, authorized agent)
Acres: (+/-)6.0 
File No: S2026-120

5.	Chair and Commission Comments

6.	Future Meetings

6.1.	Next City Council Meeting: September 23, 2026

6.2.	Next Joint City Council and Planning Commission Meeting: September 30, 2026

6.3.	Next Planning Commission Meeting: October 07, 2026

7.	Adjournment

In accordance with the Americans with Disabilities Act, Herriman City will make reasonable accommodation for participation in the meeting. Request assistance by contacting Herriman City at (801) 446-5323 and provide at least 48 hours advance notice of the meeting. ELECTRONIC PARTICIPATION: Members of the City Council may participate electronically",pmn,2026-10-05T16:59:19.070619Z
pmn_1109731,Herriman,City Council,2026-09-23,Regular Session,,,https://www.utah.gov/pmn/sitemap/notice/1109731.html,"CITY COUNCIL AGENDA

Wednesday, September 23, 2026
*Amended September 17, 2026 @ 5:40 p.m.

NOTICE IS HEREBY GIVEN that the Herriman City Council shall assemble for a 
meeting in the City Council Chambers, located at
5355 WEST HERRIMAN MAIN STREET, HERRIMAN, UTAH
 
5:30 PM - WORK MEETING: (Fort Herriman Conference Room)

1.	Council Business
1.1.	Review of this Evening's Agenda
1.2.	Future Agenda Items
1.3.	Council discussion of future citizen recognitions

2.	Administrative Reports
2.1.	City Status Report: August 2026 - Trevor Ram, Assistant to the City Manager

2.2.	CIP Review: General Fund Projects - Trevor Ram, Assistant to the City Manager 

2.3.	Legislative priorities for 2027 - Nathan Cherpeski, City Manager

2.4.	Discussion of proposed amendment to Herriman City Ordinance 5-1-11 - Replace 'Licenses Required' with 'Identification Required' - Brent Adamson, Commander | Matt Brooks, Assistant City Attorney

3.	Adjournment

7:00 PM - GENERAL MEETING:
4.	Call to Order
4.1.	Invocation/Thought/Reading and Pledge of Allegiance
4.2.	City Council Comments and Recognitions

5.	Public Comment
Audience members may bring any item within the City's purview to the City Council's attention. Comments will be limited to two minutes. State Law prohibits the Council from acting on items that do not appear on the agenda. Public comments for this meeting will also be conducted electronically. Any person interested in addressing the Council may submit a comment by emailing recorder@herriman.gov or by visiting Herriman.gov/agendas-and-minutes, where there is a link to fill out an online public comment form. Your statement will be incorporated into the public record.

6.	City Council Reports
6.1.	Councilmember Jared Henderson
6.2.	Councilmember Teddy Hodges
6.3.	Councilmember Matt Basham
6.4.	Councilmember Terrah Anderson

7.	Mayor Report

8.	*Reports, Presentations and Appointments
8.1.	*Herriman Police Department Oath of Office and Badge P",pmn,2026-10-05T16:59:19.071007Z
pmn_1112247,Herriman,Planning Commission,2026-10-07,Regular Session,,,https://www.utah.gov/pmn/sitemap/notice/1112247.html,"PLANNING COMMISSION AGENDA

Wednesday, October 07, 2026

NOTICE IS HEREBY GIVEN that the Herriman Planning Commission shall assemble for a 
meeting in the City Council Chambers, located at
5355 WEST HERRIMAN MAIN STREET, HERRIMAN, UTAH
 

6:00 PM WORK MEETING (Fort Herriman Conference Room)


1.	Commission Business
  
1.1.	  
Review of City Council Decisions 
  
1.2.	  
Review of Agenda Items - Planning Staff
  
1.3.	  
Herriman City Code Title 10 Discussion


2.	Adjournment


7:00 PM REGULAR PLANNING COMMISSION MEETING (Council Chambers)
 


3.	Call to Order
  
3.1.	  
Invocation, Thought, Reading and/or Pledge of Allegiance
  
3.2.	  
Roll Call
  
3.3.	  
Conflicts of Interest
  
3.4.	  
Approval of Minutes for the September 02, 2026 Planning Commission Meeting


4.	Legislative Items 
Legislative items are recommendations to the City Council. Broad public input will be taken and considered on each item. All legislative items recommended at this meeting will be scheduled for a decision at the next available City Council meeting. 
  
4.1.
	  
Review and consider a request to recommend an amendment to the Herriman City Zoning Map from A-1-43 (1-acre per lot minimum) to A-1-10 (10,000 square feet per lot minimum) for property located approximately at 7162 W Gina Road.
Applicant:      Lorena Iorg (Owner)
Acres:             (+/-)0.91
City File No:  Z2026-139
 
  
4.2.	  
Review and consider a request to amend Chapter 10-10: Residential Zones and related sections of the Herriman City Land Development Code to establish R-1-6 and R-1-8 Zones.
Applicant: Herriman City
City File No: Z2024-015
  
4.3.	  
Review and consider a request to amend the Olympia Master Development Agreement to add a definition for affordable New Homes, include the requirements of the Affordable Housing Infrastructure Grant Board, and modify the Development Standards.
Applicant: Herriman City
City File No: M2026-140


5.	Chair and Com",pmn,2026-10-05T16:59:19.070612Z
pmn_1078137,Lehi,City Council,2026-05-11,Lehi City Council Work Session Agenda,,,https://www.utah.gov/pmn/sitemap/notice/1078137.html,"Lehi City Council Meeting
Agenda
May 11, 2026
12:00 PM - Lehi Civic Center, Council Chambers (131 N. 100 E., Lehi, Utah)
I. Lunch, Welcome and Opening Comment
II. Discussion Items
A. Discussion of the Electric Cost of Service and Rate Design Study Lehi Draft Report May 4.pdf
B. Continue with Budget Review Discussions
1. Power Department
2. Fiber Department
3. Development Services (Building Inspections)
4. Economic Development
5. Streets
6. Engineering
7. Water/PI/Sewer/Drainage
8. Fleet
9. Recreation
10. Non-Departmental
C. Discuss any Revisions to the Budget
III. Adjournment",pmn,2026-10-05T16:59:19.073018Z
pmn_1080695,Lehi,Planning Commission,2026-05-28,Public Hearings Notice,,,https://www.utah.gov/pmn/sitemap/notice/1080695.html,"LEHI CITY PLANNING COMMISSION NOTICE OF PUBLIC HEARING


On May 28, 2026, at 7:00 p.m. in the Lehi Civic Center Council Chambers located at 131 North 100 East, the Lehi City Planning Commission will hold a public hearing to receive public comment on the following items:

Public hearing and consideration of Terry Bishop's request for review of the Bishop Development Agreement, allowing to increase the number of lots in a subdivision to 13, for a 7-acre parcel located at 2424 West 900 North. 

Public hearing and recommendation of Lehi City's request review of amendments to the Lehi City Development Code Chapter 35, Urban Forestry, adding requirements for trees affected by migratory birds and clarifying the City's recommended public tree planting list. 

Public hearing and recommendation of Lehi City's request for review of an amendment to Chapter 26 of the Development Code, Accessory Uses updating the requirements for Detached Accessory Dwelling Units (DADUs) to meet 2026 State Legislation.",pmn,2026-10-05T16:59:19.073229Z
pmn_1087839,Lehi,Planning Commission,2026-06-11,Planning Commission Agenda,,,https://www.utah.gov/pmn/sitemap/notice/1087839.html,"Lehi Planning Commission Meeting

Agenda

June 11, 2026

7:00 PM - Lehi City Council Chambers, (131 N. 100 E., Lehi, UT 84043)

1.	Call to Order

2.	Consent Agenda

2.1. Approval of the minutes from the May 7, 2026 meeting

2.2. Approval of the minutes from the May 14, 2026 meeting

2.3. Approval of the minutes from the May 28, 2026 meeting

3.	Regular Agenda

3.1. Public hearing and recommendation of TN Contracting LLC's request for review of the Prestwich Zone Change on 1.09-acres located at 2004 North 900 West changing the zoning from RA-1to R-2.


3.2. Public hearing and consideration of Trademark Visual's request for conditional use approval of two pylon signs for The Collective commercial development located at 1050 West Sunrise Way and requesting an exception for greater height and sign area.


3.3. Public hearing and consideration of Grow Development's request for approval of the Cortese
Preliminary Subdivision, an 8-lot residential development located at 1450 West 1220 North in the R-1-22 zone.


3.4. Public hearing and recommendation of Deborah Walker's request for review of the Walker Zone Change on 2.58-acres located at 915 West State Street, changing the zoning from R-1-8 to C-H (Heavy Commercial).


3.5. Public hearing and consideration of Thanksgiving Point's request for approval of the Thanksgiving Point Science Center site plan located at 2356 West Wheatley Lane, requesting exceptions to the EIFS, glass, and setback requirements.


3.6. Public hearing and recommendation of Lehi City's request for review of a Development Code Amendment to both Table 05.030-B and Section 12.130, updating the regulations for Automobile Sales businesses.

3.7. Public hearing and recommendation of Lehi City's request for review of a Development Code Amendment to Chapter 12, Chapter 39, Table 05.030A, and Table 05.030B adding a Neighborhood Exchange Structure Use.


4.	City Business

5.	Adjournment



Public is invited to att",pmn,2026-10-05T16:59:19.073226Z
pmn_1084221,Lehi,Planning Commission,2026-06-11,Public Hearings Notice,,,https://www.utah.gov/pmn/sitemap/notice/1084221.html,"LEHI CITY PLANNING COMMISSION NOTICE OF PUBLIC HEARING


On May 28, 2026, at 7:00 p.m. in the Lehi Civic Center Council Chambers located at 131 North 100 East, the Lehi City Planning Commission will hold a public hearing to receive public comment on the following items:

Public hearing and recommendation of TN Contracting LLC's request for review of the Prestwich Zone Change on 1.09-acres located at 2004 North 900 West changing the zoning from RA-1to R-2.   

Public hearing and consideration of Trademark Visual's request for conditional use approval of two pylon signs for The Collective commercial development located at 1050 West Sunrise Way and requesting an exception for greater height and sign area. 

Public hearing and consideration of Grow Development's request for approval of the Cortese Preliminary Subdivision, an 8-lot residential development located at 1450 West 1220 North in the R-1-22 zone. 

Public hearing and recommendation of Deborah Walker's request for review of the Walker Zone Change on 2.58-acres located at 915 West State Street, changing the zoning from R-1-8 to C-H (Heavy Commercial).   

Public hearing and recommendation of Lehi City's request for review of a Development Code Amendment to both Table 05.030-B and Section 12.130, updating the regulations for Automobile Sales businesses. 

Public hearing and recommendation of Lehi City's request for review of a Development Code Amendment to Chapter 12, Chapter 39, Table 05.030A, and Table 05.030B adding a Neighborhood Exchange Structure Use.",pmn,2026-10-05T16:59:19.073220Z
pmn_1094047,Lehi,Planning Commission,2026-07-09,Planning Commission Agenda,,,https://www.utah.gov/pmn/sitemap/notice/1094047.html,"Lehi Planning Commission Meeting

Agenda

July 9, 2026

7:00 PM - Lehi City Council Chambers, (131 N. 100 E., Lehi, UT 84043)

1.	Call to Order

2.	Consent Agenda

2.1. Approval of the minutes from the June 4, 2026 meeting

2.2. Approval of the minutes from the June 11, 2026 meeting

3.	Regular Agenda

3.1. Consideration of Trademark Visual's request for conditional use approval of two pylon signs for The Collective commercial development located at 3700 North Morning Vista Road and requesting an exception for greater height and sign area. (Tabled from 6/11/26 meeting)


3.2. Public hearing and consideration of Andrew Ward's request for approval of an exception for an 8-foot fence located at 1337 S 1880 W.


3.3. Public hearing and consideration of JDH Development's request for approval of Vivian Estates Phase 5A preliminary subdivision including 2 single family lots located at 2070 North 600 East in the RA-1 Zone.


3.4. Public hearing and consideration of JDH Development's request for approval of the Vivian Estates 5B preliminary subdivision including 10 single family lots located at approximately 600 East and 300 East.


3.5. Public hearing and consideration of Kevin and Sarah Gordon's request for approval of the Lehi Childcare Facility Site Plan located at 808 North 2300 W and requesting exceptions for buffering standards and building footprint size.


3.6. Public hearing and recommendation of Symphony Home's request for review of the Fox Trail Subdivision Concept Plan, now requesting nine lots and a development agreement, located at 2850 West 1500 North.


3.7. Public hearing and recommendation of Gardner-Plumb Group's request for review of an amendment to the Gardner Plumb Development Agreement, requesting to transfer 124 equivalent residential units from the northern portion of the development agreement to the southern.


3.8. Public hearing and recommendation of Lehi City's request for review of a comprehensive Developm",pmn,2026-10-05T16:59:19.073213Z
pmn_1091639,Lehi,Planning Commission,2026-07-09,Public Hearings Notice,,,https://www.utah.gov/pmn/sitemap/notice/1091639.html,"LEHI CITY PLANNING COMMISSION NOTICE OF PUBLIC HEARING


On July 9, 2026, at 7:00 p.m. in the Lehi Civic Center Council Chambers located at 131 North 100 East, the Lehi City Planning Commission will hold a public hearing to receive public comment on the following items:


Public hearing and consideration of Andrew Ward's request for approval of an exception for an 8-foot fence located at 1337 S 1880 W. 

Public hearing and consideration of JDH Development's request for approval of Vivian Estates Phase 5A preliminary subdivision including 2 single family lots located at 2070 North 600 East in the RA-1 Zone. 

Public hearing and consideration of JDH Development's request for approval of the Vivian Estates 5B preliminary subdivision including 10 single family lots located at approximately 600 East and 300 East.   

Public hearing and consideration of Kevin and Sarah Gordon's request for approval of the Lehi Childcare Facility Site Plan located at 808 North 2300 W and requesting exceptions for buffering standards and building footprint size.  

Public hearing and recommendation of Symphony Home's request for review of the Fox Trail Subdivision Concept Plan, now requesting nine lots and a development agreement, located at 2850 West 1500 North.

Public hearing and recommendation of Gardner-Plumb Group's request for review of an amendment to the Gardner Plumb Development Agreement, requesting to transfer 124 equivalent residential units from the northern portion of the development agreement to the southern. 

Public hearing and recommendation of Lehi City's request for review of a comprehensive Development Code Amendment to Chapter 23, Signs updating requirements and simplifying the text. 

Public hearing and recommendation of Lehi City's request for review of an amendment to the Lehi City Design Standards and Public Improvement Specifications Manual adding Section 3.08- Temporary Construction Site Safety Measures for commercial and residential construc",pmn,2026-10-05T16:59:19.073217Z
pmn_1095523,Lehi,City Council,2026-07-28,Public Hearing Notice Impact Fee Enactment,,,https://www.utah.gov/pmn/sitemap/notice/1095523.html,"July 14, 2026
Lehi City
Public Hearing Notice
Impact Fee Enactment

Notice is hereby given that Lehi City intends to adopt an Impact Fee Enactment Ordinance, Impact Fee Facilities Plan and Impact Fee Analysis for the provision of public safety facilities within Lehi City. The Lehi City Council will hold a public hearing on Tuesday, July 28, 2026, at 7:00 p.m. at Lehi City Hall in the Council Chambers, 131 N 100 E, Lehi, Utah. The purpose of the public hearing is to receive input and consider approval and adoption of the Impact Fee Enactment Ordinance, Impact Fee Facilities Plan, and Impact Fee Analysis. All interested persons shall be given the opportunity to be heard. Written comments are welcome.

Copies of the Impact Fee Enactment Ordinance, Impact Fee Facilities Plan, and Impact Fee Analysis are available for public review at the Lehi City Office or by contacting the City Recorder, twilson@lehi-ut.gov; 385-201-2269. In accordance with the Americans with Disabilities Act, the city will make reasonable accommodations to participants in the hearing. Requests for assistance can be made by calling 385-201-2269 at least 48 hours in advance of the hearing.",pmn,2026-10-05T16:59:19.072957Z
pmn_1100071,Lehi,City Council,2026-08-10,Lehi City Council Work Meeting Agenda,,,https://www.utah.gov/pmn/sitemap/notice/1100071.html,"Lehi City Council Meeting

Agenda

August 10, 2026

4:00 PM - Lehi City Council Chambers (131 N. 100 E., Lehi, Utah)

1.	Welcome and Opening Comment

2.	Discussion Items

2.1. Hazardous Waste Disposal Discussion- Blake Leonelli, Waste Management

2.2. Lehi City PARC Tax Policy Review and Discussion Lehi City PARC Tax Policy - Original.pdf PARC Tax Revisions - Redlined.pdf

PARC Tax Revisions - Non-Redlined.pdf

2.3. Lehi City Data Privacy Policy Review and Discussion Lehi City Privacy Program Policy DRAFT.pdf

3.	Adjournment



Public is invited to attend all open meetings


In compliance with the Americans with Disabilities Act, the City of Lehi will make reasonable accommodations to participate in the meeting. Requests for assistance can be made by contacting the City Recorder at 385-201-2269 This Agenda has been posted in accordance with Utah Code §§ 63G-30-102 Agendas may be amended up to 24 hours prior to a meeting

A Closed Meeting may be called to order pursuant to Utah Code §§ 52-4-204 & 52-4-205


The order of agenda items may change to accommodate the needs of the legislative body, staff, or the public Electronic participation may be permitted for one or more members of the legislative body and staff",pmn,2026-10-05T16:59:19.072953Z
pmn_1100095,Lehi,City Council,2026-08-11,Lehi City Council Meeting Agenda,,,https://www.utah.gov/pmn/sitemap/notice/1100095.html,"Lehi City Council Meeting

Agenda

August 11, 2026

6:00 PM Pre Council / 7:00 PM Regular Meeting
Lehi City Council Chambers (131 N. 100 E., Lehi, Utah)

Pre-Council, 6:00 p.m.

1.	Welcome and Opening Comment

2.	Transportation Funding Resolution Discussion (continued from the January 27, 2026 Meeting)
 

3.	Agenda Questions

The Mayor and City Council discuss and ask questions on items on the Regular Session agenda.

4.	Administrative Report

5.	Mayor and Council Reports

Calendar items and outside Committee reports

Closed Session

The Council may consider a motion to enter into a closed session for specific purposes allowed under the Open and Public Meetings Act (Utah Code 52-4-205), including to discuss the purpose, exchange, lease, or sale of real property; pending or reasonably imminent litigation; the character, competence, or physical or mental health of an individual; or any other lawful purpose.

Regular Session, 7:00 p.m.

1.	Welcome, Roll Call, Pledge of Allegiance

2.	Presentations and Reports

2.1. Presentation of the Waterwise Yard of the Month

3.	Citizen Input

For public comments on items not listed on the agenda. Comments limited to 3 minutes per person, with a time limit not to exceed 20 minutes for this item.

4.	Consent Agenda

4.1. Approve City Council Meeting Minutes
 
4.2. Approve Purchase Orders

PO 8458.pdf

4.3. Consideration of Resolution #2026-48, approving an agreement with Hughes General Contractors for dirt work related to the construction of the Public Works storage building. Res 2026-48.docx

4.4 Reapprove Ordinance #26-2025, the Bart Christofferson #2 Annexation. 

Agreement for Public Works Storage Building (Dirt Work).pdf

Exhiibit A - GMP For Lehi Public Works - Water Storage Building Bid Package 01 Rev 01.pdf

5.	Regular Agenda

5.1. Consideration of Ordinance #35-2026, approving a comprehensive Development Code Amendment to Chapter 23, Signs updating requirements and",pmn,2026-10-05T16:59:19.072950Z
pmn_1099425,Lehi,Planning Commission,2026-08-13,Lehi City Planning Commission Meeting Agenda,,,https://www.utah.gov/pmn/sitemap/notice/1099425.html,"LEHI CITY PLANNING COMMISSION NOTICE OF PUBLIC HEARING


On August 13, 2026, at 7:00 p.m. in the Lehi Civic Center Council Chambers located at 131 North 100 East, the Lehi City Planning Commission will hold a public hearing to receive public comment on the following items:

Public hearing and consideration of JDH Development's request for approval of the Vivian Estates 5B preliminary subdivision including 10 single family lots located at approximately 600 East and 300 East.  (Tabled at the July 9, 2026 meeting) 

Public hearing and consideration of Bryan & Adrianne Summers' request for approval of an exception for the Shuman Homes' 8-foot fence located on the western property line at 1749 W 525 S. 

Public hearing and consideration of Mike Greene's request for approval of a conditional use permit for the Greene Flag Lot located at 2001 W 1500 N. 

Public hearing and consideration of Nathan McBride's request for conditional use approval of a flag lot located at 1175 East 900 North in the RA-1 and R-1-8 zones.   

Public hearing and recommendation of the Estate of Nancy Walker's request for review of the Nancy Walker Development Agreement on 2.581 acres of property located at 915 W State Street, allowing certain restricted Heavy Commercial uses on the property and other site restrictions for commercial development. 

Public hearing and recommendation of Perry Commercial's request for review of an amendment to the Traverse Mountain Area Plan changing approximately 5 acres located at Timpanogos Highway and Mountain View Road from High Density Residential to Highway Commercial.  

Public hearing and consideration of Brent Ventura's request for approval The Temple View Villas Plat B flag lot conditional use and preliminary subdivision for 2 single family lots located at 337 East Ohana Way in the RA-1 zone. 

Public hearing and consideration of Brent Ventura's request for approval The Temple View Villas Plat C flag lot conditional use and preliminary sub",pmn,2026-10-05T16:59:19.073209Z
pmn_1102397,Lehi,Planning Commission,2026-08-27,Lehi Planning Commission Notice of Public Hearings,,,https://www.utah.gov/pmn/sitemap/notice/1102397.html,"On August 27, 2026, at 7:00 p.m. in the Lehi Civic Center Council Chambers located at 131 North 100 East, the Lehi City Planning Commission will hold a public hearing to receive public comment on the following items:

Public hearing and consideration of Ryan Harmison's request for approval of an exception for the 235 Office Suites Concept located at 235 W State Street. 
 
Public hearing and recommendation of Jeanne Walker's request for review of R-1-22 zoning for the Pasture Walk Annexation on 4.4 acres located at approximately 900 North 1000 West. 
 
Public hearing and recommendation of Nick Nelson's request for review of the Nelson Zone Change, changing the zone from TH-5 to A-5 located at 1193 North 2300 West. 
 
Public hearing and consideration of AT&T's request for conditional use approval of the AT&T River Walk Preliminary Children's Antenna, requesting to place a telecommunications antenna on top of Primary Children's Hospital located at 2250 North Miller Campus Drive.",pmn,2026-10-05T16:59:19.073205Z
pmn_1105717,Lehi,City Council,2026-09-08,Lehi City Council Meeting Agenda,,,https://www.utah.gov/pmn/sitemap/notice/1105717.html,"Lehi City Council Meeting

Agenda

September 8, 2026

4:00 PM Pre Council / 7:00 PM Regular Meeting
Lehi City Council Chambers (131 N. 100 E., Lehi, Utah)

Pre-Council, 4:00 p.m.

1.	Welcome and Opening Comment

2.	Presentations and Reports

2.1. Power Purchase Adjustment Calculation Report- Joel Eves, Power Director

2.2. Quarterly Financial Report- Dean Lundell, Finance Director

2.3. Justice Court Operations and Costs Report and Discussion

3.	Working Discussion Items

3.1. Lehi City General Plan Overview and Discussion

3.2. Lehi City Master Transportation Plan - Overview, Status Report, and Discussion Regarding the Update

3.3. Discussion of Proposed Updates to Lehi Municipal Code Title 7 Chapter 3, Regarding Parking Code Violations.


4.	Agenda Questions

The Mayor and City Council discuss and ask questions on items on the Regular Session agenda.

5.	Administrative Report

6.	Mayor and Council Reports

Calendar items and outside Committee reports

Closed Session

The Council may consider a motion to enter into a closed session for specific purposes allowed under the Open and Public Meetings Act (Utah Code 52-4-205), including to discuss the purpose, exchange,
 
lease, or sale of real property; pending or reasonably imminent litigation; the character, competence, or physical or mental health of an individual; or any other lawful purpose.

Regular Session, 7:00 p.m.

1.	Welcome, Roll Call, Pledge of Allegiance

2.	Presentations and Reports

2.1. September Waterwise Yard of the Month Award Presentation

3.	Citizen Input

For public comments on items not listed on the agenda. Comments limited to 3 minutes per person, with a time limit not to exceed 20 minutes for this item.

4.	Consent Agenda

4.1. Approve Resolution #2026-50, an agreement with Rhino Pumps LLC for work related to the Thanksgiving Point Lift Station Overwatch Upgrade


4.2. Approve Purchase Orders

4.3. Approve City Council Meeting Mi",pmn,2026-10-05T16:59:19.072943Z
pmn_1105987,Lehi,City Council,2026-09-08,Lehi City Council Meeting Agenda- Amended,,,https://www.utah.gov/pmn/sitemap/notice/1105987.html,"Lehi City Council Meeting

Amended Agenda

September 8, 2026

4:00 PM Pre Council / 7:00 PM Regular Meeting
Lehi City Council Chambers (131 N. 100 E., Lehi, Utah)

Pre-Council, 4:00 p.m.

1.	Welcome and Opening Comment

2.	Presentations and Reports

2.1. Power Purchase Adjustment Calculation Report- Joel Eves, Power Director

2.2. Quarterly Financial Report- Dean Lundell, Finance Director

2.3. Justice Court Operations and Costs Report and Discussion

3.	Working Discussion Items

3.1. Lehi City General Plan Overview and Discussion 

3.2. Lehi City Master Transportation Plan - Overview, Status Report, and Discussion Regarding the Update.


3.3. Discussion of Proposed Updates to Lehi Municipal Code Title 7 Chapter 3, Regarding Parking Code Violations.


4.	Agenda Questions

The Mayor and City Council discuss and ask questions on items on the Regular Session agenda.

5.	Administrative Report

6.	Mayor and Council Reports

Calendar items and outside Committee reports
 
Closed Session

The Council may consider a motion to enter into a closed session for specific purposes allowed under the Open and Public Meetings Act (Utah Code 52-4-205), including to discuss the purpose, exchange, lease, or sale of real property; pending or reasonably imminent litigation; the character, competence, or physical or mental health of an individual; or any other lawful purpose.

Regular Session, 7:00 p.m.

1.	Welcome, Roll Call, Pledge of Allegiance

2.	Presentations and Reports

2.1. September Waterwise Yard of the Month Award Presentation

3.	Citizen Input

For public comments on items not listed on the agenda. Comments limited to 3 minutes per person, with a time limit not to exceed 20 minutes for this item.

4.	Consent Agenda

4.1. Approve Resolution #2026-50, an agreement with Rhino Pumps LLC for work related to the Thanksgiving Point Lift Station Overwatch Upgrade


4.2. Approve Purchase Orders 

4.3. Approve City Council ",pmn,2026-10-05T16:59:19.072946Z
pmn_1105421,Lehi,City Council,2026-09-10,Lehi City Planning Commission Public Hearing Items,,,https://www.utah.gov/pmn/sitemap/notice/1105421.html,"LEHI CITY PLANNING COMMISSION NOTICE OF PUBLIC HEARING


On September 10, 2026, at 7:00 p.m. in the Lehi Civic Center Council Chambers located at 131 North 100 East, the Lehi City Planning Commission will hold a public hearing to receive public comment on the following items:

Public hearing and consideration of Adam Albrecht's request for approval of an exception for the Garden Park Subdivision, revising a 6-foot no climb fence along the railroad corridor to be an 8-foot wall located at approximately 500 S Center Street. 
 
Public hearing and consideration of AT&T's request for conditional use approval of the AT&T River Walk Preliminary Children's Antenna, requesting to place a telecommunications antenna on top of Primary Children's Hospital located at 2250 North Miller Campus Drive. 
 
Public hearing and consideration of Alpine Bible Church's request for approval of an exception for the Alpine Bible Church located at 710 West Main Street requesting an exception to the glass requirement. 
 
Public hearing and recommendation of Lehi City's request for review of the Chapter 29 Development Code Amendment, clarifying the development agreement process.

Public hearing and consideration of Uncommon Architecture's request for approval of exceptions to the Outlets at Traverse Mountain Storage Building's architectural requirements including maximum EIFS percentages, architectural features, and glass requirements located at 3800 Cabela's Boulevard.",pmn,2026-10-05T16:59:19.072939Z
pmn_1105423,Lehi,Planning Commission,2026-09-10,Lehi City Planning Commission Public Hearing Items,,,https://www.utah.gov/pmn/sitemap/notice/1105423.html,"LEHI CITY PLANNING COMMISSION NOTICE OF PUBLIC HEARING


On September 10, 2026, at 7:00 p.m. in the Lehi Civic Center Council Chambers located at 131 North 100 East, the Lehi City Planning Commission will hold a public hearing to receive public comment on the following items:

Public hearing and consideration of Adam Albrecht's request for approval of an exception for the Garden Park Subdivision, revising a 6-foot no climb fence along the railroad corridor to be an 8-foot wall located at approximately 500 S Center Street. 
 
Public hearing and consideration of AT&T's request for conditional use approval of the AT&T River Walk Preliminary Children's Antenna, requesting to place a telecommunications antenna on top of Primary Children's Hospital located at 2250 North Miller Campus Drive. 
 
Public hearing and consideration of Alpine Bible Church's request for approval of an exception for the Alpine Bible Church located at 710 West Main Street requesting an exception to the glass requirement. 
 
Public hearing and recommendation of Lehi City's request for review of the Chapter 29 Development Code Amendment, clarifying the development agreement process.

Public hearing and consideration of Uncommon Architecture's request for approval of exceptions to the Outlets at Traverse Mountain Storage Building's architectural requirements including maximum EIFS percentages, architectural features, and glass requirements located at 3800 Cabela's Boulevard.",pmn,2026-10-05T16:59:19.073202Z
pmn_1108843,Lehi,City Council,2026-09-15,Notice of Justice Court Vacancy,,,https://www.utah.gov/pmn/sitemap/notice/1108843.html,"JUSTICE COURT VACANCY ANNOUNCED FOR LEHI 

Applications are being accepted for a full-time justice court judge position that will serve Lehi, Utah. The successful candidate will replace Judge Morgan Cummings who will resign his position in October. 

To be considered for a justice court judgeship in Utah County, candidates must be at least 25 years of age, a citizen of the United States, a Utah resident for at least three years, and have a degree from a law school that would make one eligible to apply for admission to a bar in any state in the United States. In addition, applicants must be a resident of Utah County or an adjacent county either upon appointment or before taking the bench. 

To be considered for this position, an application for judicial office must be completed online at justicecourtvacancies.utah.gov before the deadline. The salary range for the position is $147,886 to $190,139 per year and includes benefits. For additional information about working for Lehi, contact David Kitchen, the Human Resources Manager for Lehi, at (385) 201-2265 or dkitchen@lehiut.gov.  The deadline for applications is Friday, October 9, 2026, at 11:59 p.m. Applications cannot be submitted after the deadline. For questions about the justice courts or the process for filling this position, email Jim Peters, Justice Court Administrator, at jamesp@utcourts.gov. 

Utah law requires the Judicial Nominating Commission to submit at least three nominees to Mayor Paul Binns within 45 days of its first meeting. Mayor Binns will then have 30 days in which to select a finalist. His selection must then be ratified by the Lehi City Council and certified by the Utah Judicial Council.",pmn,2026-10-05T16:59:19.072935Z
pmn_1109169,Lehi,City Council,2026-09-21,Lehi City Council Meeting Work Session Agenda,,,https://www.utah.gov/pmn/sitemap/notice/1109169.html,"Lehi City Council Meeting

 Work Session Agenda

September 21, 2026

4:00 PM - Lehi City Council Chambers (131 N. 100 E., Lehi, Utah)

The allotted time for each item is intended as a guideline and may be adjusted as needed.

1.	Welcome and Opening Comment

2.	Presentation and Discussion Items

2.1. UTA On Demand Zone Presentation (10-15 min)

2.2. Waste Management Hazardous Waste Disposal Proposal and Discussion (10-15 min)

2.3. Library Board Code Amendment Discussion (10 min)

2.4. Parks Capitol Projects Presentation and Discussion (30-40 min)

2.5. 700 South Bike Lanes Discussion (10-15 min)

2.6. 2300 West Fence Discussion (10-15 min)

3.	Adjournment (approximately 6 p.m.)



Public is invited to attend all open meetings


In compliance with the Americans with Disabilities Act, the City of Lehi will make reasonable accommodations to participate in the meeting. Requests for assistance can be made by contacting the City Recorder at 385-201-2269 This Agenda has been posted in accordance with Utah Code §§ 63G-30-102 Agendas may be amended up to 24 hours prior to a meeting

A Closed Meeting may be called to order pursuant to Utah Code §§ 52-4-204 & 52-4-205


The order of agenda items may change to accommodate the needs of the legislative body, staff, or the public Electronic participation may be permitted for one or more members of the legislative body and staff",pmn,2026-10-05T16:59:19.072932Z
pmn_1109171,Lehi,City Council,2026-09-22,Lehi City Council Meeting Agenda,,,https://www.utah.gov/pmn/sitemap/notice/1109171.html,"Lehi City Council Meeting

Agenda

September 22, 2026

5:30 PM Pre Council / 7:00 Regular Meeting
Lehi City Council Chambers (131 N. 100 E., Lehi, Utah)

Pre-Council, 5:30 p.m.

1.	Welcome and Opening Comment

2.	Agenda Questions

The Mayor and City Council discuss and ask questions on items on the Regular Session agenda.

3.	Administrative Report

4.	Mayor and Council Reports

Calendar items and outside Committee reports

5.	Closed Session

The Council may consider a motion to enter into a closed session for specific purposes allowed under the Open and Public Meetings Act (Utah Code 52-4-205), including to discuss the purpose, exchange, lease, or sale of real property; pending or reasonably imminent litigation; the character, competence, or physical or mental health of an individual; or any other lawful purpose.

Regular Session, 7:00 p.m.

1.	Welcome, Roll Call, Pledge of Allegiance

2.	Presentations and Reports

2.1. September Yard of the Month Presentation

3.	Citizen Input

For public comments on items not listed on the agenda. Comments limited to 3 minutes per person, with a time limit not to exceed 20 minutes for this item.

4.	Consent Agenda

4.1. Approve City Council Meeting Minutes
 
4.2. Approve Purchase Orders

4.3. Consideration of Resolution #2026-52, approving a property acquisition agreement for the

2300 West widening project.

Res 2026-52.docx

Parcel 21 Agreement - For City Council Approval.pdf

4.4. Consideration of Resolution #2026-53, approving an extension of the agreement with Waste Management, include At Your Door Special Collection Services.

Res 2026-53.docx

Lehi 2028 Contract Renewal and AYDSC Program 8.25.2026 - Final 1.pdf

5.	Regular Agenda

5.1. Consideration of Resolution #2026-52, approval of the Nancy Walker Development Agreement on 2.581 acres of property located at 915 W State Street, allowing certain restricted Heavy Commercial uses on the property and other site rest",pmn,2026-10-05T16:59:19.072928Z
pmn_1110601,Lehi,City Council,2026-09-24,Lehi City Council Meeting Agenda,,,https://www.utah.gov/pmn/sitemap/notice/1110601.html,"Lehi City Council Meeting

Agenda

September 24, 2026

11:00 AM - Lehi City Council Chambers (131 N. 100 E., Lehi, Utah)

1.	Welcome and Opening Comment

2.	Consider a motion to hold a Closed Meeting to discuss pending or reasonably imminent litigation, and to discuss the character, professional competence, or physical or mental health of an individual.

3.	Adjournment",pmn,2026-10-05T16:59:19.072922Z
pmn_1108789,Lehi,Planning Commission,2026-09-24,Lehi City Planning Commission Public Hearing Items,,,https://www.utah.gov/pmn/sitemap/notice/1108789.html,"LEHI CITY PLANNING COMMISSION NOTICE OF PUBLIC HEARING


On September 24, 2026, at 7:00 p.m. in the Lehi Civic Center Council Chambers located at 131 North 100 East, the Lehi City Planning Commission will hold a public hearing to receive public comment on the following items:

Public hearing and recommendation of Cole Peck's request for review of the Lakeview Land and Rock General Plan Amendment located at approximately 600 South 600 East, changing the designation for LDR (Low Density Residential) to Commercial and Heavy Commercial. 
 
Public hearing and recommendation of Windy City Development's request for review of the Spring Meadow Villas Preliminary PRD Subdivision, a 71-lot residential subdivision located at 1630 S 500 E. 
 
Public hearing and recommendation of DR Horton's proposed amendment to the Skye Area Plan updating the number of ERUs allowed in the Mixed Use 1 Area but not increasing overall units in the Inverness area. 
 
Public hearing and consideration of Clark Robinson's request for conditional use approval of Inclined Indoor Wingsuit Lehi Concept Plan and with exceptions to the 40% glass requirement located at 2959 North Triumph Boulevard in the Commercial zone.  
 
Public hearing and consideration of McClure Engineering's request for conditional use approval of the Lehi Taco Bell site plan with exceptions to the 40% glass requirement located at 1937 North 3600 West

Public hearing and consideration of DR Horton's request for approval of Inverness Preliminary Plat E including 405 townhome units located at approximately Center Street and Traverse Terrace Road and requesting a substitution for required amenities.",pmn,2026-10-05T16:59:19.073198Z
pmn_1112669,Lehi,Planning Commission,2026-10-08,Lehi City Planning Commission Public Hearing Items,,,https://www.utah.gov/pmn/sitemap/notice/1112669.html,"On October 8, 2026, at 7:00 p.m. in the Lehi Civic Center Council Chambers located at 131 North 100 East, the Lehi City Planning Commission will hold a public hearing to receive public comment on the following items:

Public hearing and recommendation of Danny Logan's request for review of R-1-22 and TH-5 zoning for the Logan Annexation on 2.68 acres located at approximately 1300 S 1700 W. 
 
Public hearing and recommendation of Lawrence Snow's request for review of the 802 W State Street Zone Change, changing the zoning on .72 acres from Mixed Use to Heavy Commercial. 
 
Public hearing and consideration of Colby Anderson's request for approval of an exception on the building materials for the Moto United Phase 2 Concept located at 450 Millpond Drive. 
 
Public hearing and recommendation of Tapley Mitchell's request for review of the Tapley Project Concept located at 58 South 300 West, adding four townhome units and retaining the existing structures on site.",pmn,2026-10-05T16:59:19.073192Z
pmn_1098731,Saratoga Springs,City of Saratoga Springs Planning Commission,2026-08-13,Public Hearings for Planning Commission,,,https://www.utah.gov/pmn/sitemap/notice/1098731.html,"Notice of Public Hearing

Notice is hereby given that The City of Saratoga Springs Planning Commission will conduct a public hearing during their regular meeting beginning at 6:00 p.m. on August 13, 2026 in the City Council Chambers, 319 S. Saratoga Road, Saratoga Springs UT 84045, on the following:

1.	Wander Community Plan Amendment 6 (Community Plan Amendment) and Wander Village Plan 2 Amendment 3 (Village Plan Amendment), located at 50 North Redwood Road. The proposed amendment would add 'Hardware and Home Improvement Retail' to the list of permitted uses in the Community Commercial zoning designation under the Saratoga Springs Municipal Code. Greg Flint as applicant. 

Comments & questions may be directed to the Community Development Dept. 801-766-9793 ext. 155. Comments may also be submitted to comments@saratogasprings-ut.gov.",pmn,2026-10-05T16:59:19.072718Z
pmn_1102257,Saratoga Springs,City of Saratoga Springs City Council,2026-08-18,City Council Meeting,,,https://www.utah.gov/pmn/sitemap/notice/1102257.html,"CITY COUNCIL MEETING AGENDA CITY OF SARATOGA SPRINGS
Tuesday, August 18, 2026 @ 6:00 pm
City of Saratoga Springs Council Chambers
319 South Saratoga Road, Saratoga Springs, UT 84045

POLICY MEETING

CALL TO ORDER

1.	Roll Call. 
2.	Moment of Reflection. 
3.	Pledge of Allegiance. 
4.	Presentation: 25 Years of Service Award - City Employee.
5.	Public Input - This time has been set aside for the public to express ideas, concerns, and comments for subject matter not listed as public hearing on the agenda. Please avoid repetitive comments. Limit of 3 minutes per speaker, unused time may not be given to another. Time for Public Input is limited to no more than 15 minutes total. 

REPORTS

1.	Mayor.
2.	City Council.
3.	Administration.

CONSENT ITEMS
	The Council may approve these items without discussion or public comment and may remove an item to the Business Items for discussion and consideration.

1.	Award of Contract for 2026 Utah Lake Shoreline Trail Mitigation to Bio-West. Resolution R26-45 (08-18-26).
2.	Approval of Minutes: July 30, 2026, August 4, 2026, & August 11, 2026.

BUSINESS ITEMS
	The Council will discuss (without public comment) and may approve the following items:

1.	Major Site Plan Amendment for Taco Bell, located at 27 W. Crossroads Blvd. Ashley Wagner as applicant. 
2.	Bonneville Drive Road Dedication Plat located at Bonneville Drive, North of Mountain View Corridor and Hallmark Drive. City-Initiated 
3.	Amendments to Title 19 Land Development Code of the City of Saratoga Springs, Chapter 19.04 for Land Use Regulations - Residential and Mixed-Use Zones. City Initiated. Ordinance 26-36 (08-18-26).
4.	Amendments to Title 19 Land Development Code of the City of Saratoga Springs, Chapter 19.13, for New or Unlisted Business Uses. City-Initiated. Ordinance 26-37 (08-18-26).
5.	Pending Ordinance for updates to the City Code Chapter 18.02 - Flood Damage Prevention. Resolution R26-46 (08-18-26). 
6.	Council Comments: Council",pmn,2026-10-05T16:59:19.071286Z
pmn_1103425,Saratoga Springs,City of Saratoga Springs Planning Commission,2026-08-27,Planning Commission Meeting,,,https://www.utah.gov/pmn/sitemap/notice/1103425.html,"PLANNING COMMISSION MEETING

CITY OF SARATOGA SPRINGS
Thursday, August 27, 2026 @ 6:00 pm
City of Saratoga Springs Council Chambers
319 S. Saratoga Road, Saratoga Springs, UT 84045


CALL TO ORDER

1.	Pledge of Allegiance.
2.	Roll Call.
3.	Public Input - This time has been set aside for the public to express ideas, concerns, and comments for subject matter not listed as public hearing on the agenda. Please avoid repetitive comments. Limit of 3 minutes per speaker, unused time may not be given to another. Time for Public Input is limited to no more than 15 minutes total.

CONSENT ITEMS

The Commission may approve or recommend these items without discussion or public comment and may remove an item to the Business Items for discussion and consideration.

1.	Summerhill Phase 2 Amended Plat Amendment, located at 133 West Honeysuckle Drive. Shauna Kirkham as applicant. Planner II Caden Baines.
2.	Approval of Minutes: August 13, 2026

BUSINESS ITEMS

The Commission will discuss (without public comment) and may either make a recommendation to the City Council, or approve the following items as needed:

1.	Annexation Policy Plan and Expansion Area Map Update. Planner II Sam Stout.
(Affected entities will be allowed time to provide input on the proposed Amendment).
2.	Redwood Medical Preliminary Plat and Site Plan, located at 1843 North Redwood Road. Colton Burton as applicant. Planner II Sam Stout.
3.	SCI Wasatch Lawn Funeral Home Preliminary Plat and Site Plan, located at 877 West Peony Drive. Brayden Allsop as applicant. Senior Planner David Jellen.

PUBLIC HEARINGS

	The Commission will accept public comment and may make a recommendation to the City Council for the following items:

1.	Andover Rezone from Agricultural to R1-9 (Residential Single Family, 9,000), located at approximately northeast of Clark Drive and Pony Express Parkway. Scott Carlson as applicant. Planner II Sam Stout.
2.	Amendment to Title 19 Land Development Code of the",pmn,2026-10-05T16:59:19.072708Z
pmn_1101077,Saratoga Springs,City of Saratoga Springs Planning Commission,2026-08-27,Planning Commission Meeting Annexation Policy Plan Notice,,,https://www.utah.gov/pmn/sitemap/notice/1101077.html,"NOTICE OF PUBLIC MEETING


Notice is hereby given that The City of Saratoga Springs Planning Commission will hold a Public Meeting to allow affected entities to examine and provide input on a proposed Amendment to the City's Annexation Policy Plan and Expansion Area Map.

The public meeting will occur on Thursday August 27, 2026 at 6:00 p.m. in the Saratoga Springs City Offices, City Council Chambers, 319 So. Saratoga Road, Saratoga Springs, Utah 84045.

Questions or Comments regarding this proposed amendment may be directed to the Planning Dept. 801-766-9793.",pmn,2026-10-05T16:59:19.072712Z
pmn_1102169,Saratoga Springs,City of Saratoga Springs Planning Commission,2026-08-27,Public Hearings for Planning Commission,,,https://www.utah.gov/pmn/sitemap/notice/1102169.html,"Notice of Public Hearing for Planning Commission

Notice is hereby given that The City of Saratoga Springs Planning Commission will conduct a public hearing during their regular meeting beginning at 6:00 p.m. on August 27, 2026 in the City Council Chambers, 319 S. Saratoga Road, Saratoga Springs UT 84045, on the following:

1.	Andover Rezone from Agricultural to R1-9 (Residential Single Family, 9,000), located at approximately northeast of Clark Drive and Pony Express Parkway. Scott Carson as applicant.
2.	Amendment to Title 19 Land Development Code of the City of Saratoga Springs, Chapter 19.20 - Internal Accessory Dwelling Units (IADUs). The proposed amendment establishes regulations for detached accessory dwelling units (DADUs), in accordance with recent changes to Utah State Code. Citywide. City-Initiated.
3.	Amendment to Title 18, Building and Construction Code, Chapter 18.02 - Flood Damage Prevention. The proposed amendment would update the City's floodplain development requirements, including increasing the required elevation of structures above the floodplain and providing a permitting process and flowchart for projects involving Letters of Map Revision (LOMR) and hydraulic analyses. Citywide. City-Initiated.

Comments & questions may be directed to the Community Development Dept. 801-766-9793 ext. 155. Comments may also be submitted to comments@saratogasprings-ut.gov.",pmn,2026-10-05T16:59:19.072715Z
pmn_1104551,Saratoga Springs,City of Saratoga Springs City Council,2026-09-01,City Council Meeting,,,https://www.utah.gov/pmn/sitemap/notice/1104551.html,"AGENDA - City Council Meeting

CITY OF SARATOGA SPRINGS
Tuesday, September 1, 2026 @ 6:00 pm
City of Saratoga Springs Council Chambers
319 South Saratoga Road, Saratoga Springs, UT 84045
POLICY MEETING
CALL TO ORDER
1. Roll Call.
2. Moment of Reflection.
3. Pledge of Allegiance.
4. Presentation: The Children's Center Utah.
5. Public Input - This time has been set aside for the public to express ideas, concerns, and comments for subject matter not listed as public hearing on the agenda. Please avoid repetitive comments. Limit of 3 minutes per speaker, unused time may not be given to another. Time for Public Input is limited to no more than 15 minutes total.
REPORTS
1. Mayor.
2. City Council.
3. Administration.
4. Department Reports: Public Works/Engineering, Planning, Building, Code Enforcement, Economic Development.
CONSENT ITEMS
The Council may approve these items without discussion or public comment and may remove an item to the Business Items for discussion and consideration.
1. Updates to City Code Title 18.02 - Flood Damage Prevention. Ordinance 26-38 (09-01-26).
2. Change Order #14 for Drinking water Booster 8 at Pony Express Parkway/Mountain View Corridor with Condie Construction. Resolution R26-47 (09-01-26).
3. Approval of Minutes: August 18, 2026.
BUSINESS ITEMS
The Council will discuss (without public comment) and may approve the following items:
1. Development Agreement Amendment for Spring Heights, located at 2433 N. Redwood Road, Marty Beaumont, St. John Properties as applicant. Ordinance 26-39 (09-01-26).
2. Amendments for Wander Planned Community, Major Community Plan Amendment #6 and Major Village Plan 2 Amendment #3. Located at 50 N. Redwood Rd., Greg Flint as applicant. Ordinance 26-40 (09-01-26).
3. Council Comments: Council members may discuss specific topics or issues they wish to have formally considered for inclusion on a future meeting agenda. No action will be taken.
CLOSED MEETING
Possible motion to enter into ",pmn,2026-10-05T16:59:19.071282Z
pmn_1105853,Saratoga Springs,City of Saratoga Springs City Council,2026-09-02,Notice of Ordinance,,,https://www.utah.gov/pmn/sitemap/notice/1105853.html,"NOTICE OF ADOPTION OF ORDINANCE

Notice is hereby given that the City Council of the City of Saratoga Springs, Utah, at their meeting of September 1, 2026, passed and adopted the following Ordinances:

26-38 (09-01 26) Adopting an Amendment to Title 18 of City Code for Flood Damage Prevention.
26-39 (09-01 26) Adopting an Amendment to a Development Agreement for Springs Heights development.
26-40 (09-01 26) Approving Community Plan and Village Plan amendments for the Jordan Promenade (Wander) Project.

Copies of these Ordinances are on file in the office of the City of Saratoga Springs City Recorder and are available for review during business hours.",pmn,2026-10-05T16:59:19.071278Z
pmn_1105243,Saratoga Springs,City of Saratoga Springs Planning Commission,2026-09-10,Planning Commission Meeting - Canceled,,,https://www.utah.gov/pmn/sitemap/notice/1105243.html,"CITY OF SARATOGA SPRINGS

Thursday, September 10, 2026 @ 6:00 pm
City of Saratoga Springs Council Chambers
319 S. Saratoga Road, Saratoga Springs, UT 84045


The City of Saratoga Springs Planning Commission Meeting scheduled for Thursday, September 10, 2026 has been canceled due to conflict with other meetings.

The next Planning Commission Meeting is scheduled for Thursday, September 24, 2026 at 6:00 p.m. at the Saratoga Springs City Offices, City Council Chambers: 319 S. Saratoga Road, Saratoga Springs, Utah.",pmn,2026-10-05T16:59:19.072705Z
pmn_1107549,Saratoga Springs,City of Saratoga Springs City Council,2026-09-15,City Council Meeting,,,https://www.utah.gov/pmn/sitemap/notice/1107549.html,"AGENDA - City Council Meeting           
CITY OF SARATOGA SPRINGS
Tuesday, September 15, 2026 @ 6:00 pm
City of Saratoga Springs Council Chambers
319 South Saratoga Road, Saratoga Springs, UT 84045

POLICY MEETING

CALL TO ORDER

1.	Roll Call. 
2.	Moment of Reflection. 
3.	Pledge of Allegiance. 
4.	Public Input - This time has been set aside for the public to express ideas, concerns, and comments for subject matter not listed as public hearing on the agenda. Please avoid repetitive comments. Limit of 3 minutes per speaker, unused time may not be given to another. Time for Public Input is limited to no more than 15 minutes total. 

REPORTS

1.	Mayor.
2.	City Council.
3.	Administration.
4.	Department Reports: Finance 4th Quarter update.

CONSENT ITEMS
	The Council may approve these items without discussion or public comment and may remove an item to the Business Items for discussion and consideration.

1.	Approval of Minutes: September 1, 2026

PUBLIC HEARINGS
	The Council will accept public comment and may approve the following items:

1.	Budget Amendments for Fiscal Year 2026-2027. Resolution R26-48 (09-15-26).

BUSINESS ITEMS
	The Council will discuss (without public comment) and may approve the following items:

1.	Preliminary Plat and Site Plan for Redwood Medical, located at 1843 N Redwood Road. Colton Burton as applicant. 
2.	Preliminary Plat and Site Plan for SCI Wasatch Lawn Funeral Home, located at 877 W. Peony Drive. Brayden Allsop as applicant. 
3.	Rezone from Agricultural to R1-9 and Development Agreement for the Andover Property, located NE of Pony Express Parkway and Clark Drive. Scott Carlson as applicant. Ordinance 26-41 (09-15-26).
4.	Amendments to Title 19 Land Development Code of the City of Saratoga Springs, Chapter 19.20 regarding Detached Accessory Dwelling Units. City initiated, citywide. Ordinance 26-42 (09-15-26).  
5.	Council Comments: Council members may discuss specific topics or issues they wish to h",pmn,2026-10-05T16:59:19.071271Z
pmn_1105789,Saratoga Springs,City of Saratoga Springs City Council,2026-09-15,Public Hearing: Budget Amendments FY 2026-27,,,https://www.utah.gov/pmn/sitemap/notice/1105789.html,"Notice of Public Hearing

Notice is hereby given that the City of Saratoga Springs City Council will conduct a public hearing to receive comments on Budget Amendments for the Fiscal Year 2026-2027 Budget.

The public hearing will be held during City Council meeting on Tuesday, September 15th, 2026, at 6:00 p.m. in the City of Saratoga Springs Council Chambers located at 319 South Saratoga Road, Saratoga Springs, Utah. 

Questions may be directed to the City Finance Dept. 801-766-9793.
Public Comments may be submitted to comments@saratogasprings-ut.gov",pmn,2026-10-05T16:59:19.071275Z
pmn_1109373,Saratoga Springs,City of Saratoga Springs City Council,2026-09-16,Notice of Adoption of Ordinance,,,https://www.utah.gov/pmn/sitemap/notice/1109373.html,"NOTICE OF ADOPTION OF ORDINANCE

Notice is hereby given that the City Council of the City of Saratoga Springs, Utah, at their meeting of September 15, 2026, passed and adopted the following Ordinances:

26-41 (09-15-26) Adopting an amendment to the official zoning map and approving a Development Agreement for the Andover Property.
26-42 (09-15-26) Adopting an Amendments to Title 19 of City of Saratoga Springs Land Development Code for Accessory Dwelling Units.

Copies of these Ordinances are on file in the office of the City of Saratoga Springs City Recorder and are available for review during business hours.



This notice has been posted on:
The Utah Public Notice Website,
The City of Saratoga Springs Website, and
The City of Saratoga Springs administration building notice board.


Dated: September 16, 2026
/s/ Nicolette Fike, City Recorder",pmn,2026-10-05T16:59:19.071267Z
pmn_1109653,Saratoga Springs,City of Saratoga Springs Planning Commission,2026-09-24,Planning Commission Meeting,,,https://www.utah.gov/pmn/sitemap/notice/1109653.html,"PLANNING COMMISSION MEETING

CITY OF SARATOGA SPRINGS

Thursday, September 24, 2026 @ 6:00 pm
City of Saratoga Springs Council Chambers
319 S. Saratoga Road, Saratoga Springs, UT 84045

CALL TO ORDER

1.	Pledge of Allegiance.
2.	Roll Call
3.	Public Input - This time has been set aside for the public to express ideas, concerns, and comments for subject matter not listed as public hearing on the agenda. Please avoid repetitive comments. Limit of 3 minutes per speaker, unused time may not be given to another. Time for Public Input is limited to no more than 15 minutes total.

PUBLIC HEARINGS

	The Commission will accept public comment and may make a recommendation to the City Council for the following items:

1.	Annexation Policy Plan Update Public Hearing, located approximately in the Andover Annexation area northeast of Pony Express Parkway and Clark Drive. Planner II Sam Stout. 
2.	Spring Heights II Rezone, General Plan Amendment (GPA), located at 2300 N. Redwood Road. Marty Beaumont with St. John Properties as applicant. Senior Planner Austin Roy.
3.	Saratoga Springs Senior Seminary Rezone, and General Plan Amendment (GPA), located Northwest of New Alpine School District High School. Bradley Gygi as applicant. Senior Planner David Jellen and Planner II Caden Baines.
4.	Amendment to Title 19 Land Development Code of the City of Saratoga Springs, Chapter 19.05 - Supplementary Regulations - Fencing for Public Utilities, located at West Village Parkway Parcel 59:011:0083. Corey Pace as applicant. Senior Planner Kendal Black.

BUSINESS ITEMS

The Commission will discuss (without public comment) and may either make a recommendation to the City Council, or approve the following items as needed:

1.	RMP Jumbers Substation Site Plan, located at West Village Parkway Parcel 59:011:0083. Corey Pace as applicant. Senior Planner Kendal Black.
2.	Saratoga Springs Commercial Plat F Lot 606 Site Plan, located at 1199 North Redwood Road. Thomas Lehnardt a",pmn,2026-10-05T16:59:19.072695Z
pmn_1107267,Saratoga Springs,City of Saratoga Springs Planning Commission,2026-09-24,Planning Commission Meeting Annexation Policy Plan Public Hearing Notice,,,https://www.utah.gov/pmn/sitemap/notice/1107267.html,"NOTICE OF PUBLIC HEARING FOR PLANNING COMMISSION

Notice is hereby given that The City of Saratoga Springs, Utah Planning Commission will hold a Public Hearing for an Amendment to the City's Annexation Policy Plan and Expansion Area Map.

The public hearing will be held on Thursday, September 24, 2026 at 6:00 p.m. in the Saratoga Springs City Offices, City Council Chambers, 319 S. Saratoga Road, Saratoga Springs, Utah 84045.

Questions or Comments regarding this proposed amendment may be directed to the Planning Dept. 801-766-9793.

Posted: September 9, 2026",pmn,2026-10-05T16:59:19.072701Z
pmn_1108203,Saratoga Springs,City of Saratoga Springs Planning Commission,2026-09-24,Public Hearings for Planning Commission Meeting,,,https://www.utah.gov/pmn/sitemap/notice/1108203.html,"PLANNING COMMISSION MEETING

Notice of Public Hearing

Notice is hereby given that The City of Saratoga Springs Planning Commission will conduct a public hearing during their regular meeting beginning at 6:00 p.m. on September 24, 2026 in the City Council Chambers, 319 S. Saratoga Road, Saratoga Springs UT 84045, on the following:

1.	Saratoga Springs Senior Seminary General Plan Amendment and Rezone, located approximately northwest of the new Alpine School District High School. The proposed General Plan Amendment would change the designation on the Future Land Use Map from Low Density Residential to Institutional/Civic. The proposed Zoning Map Amendment would rezone the property from Planned Community (PC) to Institutional/Civic (I/C) to allow the seminary as a permitted use. Bradley Gygi as applicant. 
2.	Amendment to Title 19 Land Development Code of the City of Saratoga Springs, Chapter 19.05 - Supplementary Regulations.  Located at West Village Parkway Parcel 59:011:0083. The proposed amendment would provide an exception to allow a 10-foot wall or fence for public utilities. Corey Pace as applicant.
3.	Spring Heights II Rezone from Agricultural (A) to Light Industrial (LI)/ Regional Commercial (RC), General Plan Amendment from Business Park (BP) to Light Industrial (LI)/ Regional Commercial (RC), and Development Agreement. Located at 2300 North Redwood Road. Marty Beaumont with St. John Properties as applicant

Comments & questions may be directed to the Community Development Dept. 801-766-9793 ext. 155. Comments may also be submitted to comments@saratogasprings-ut.gov.",pmn,2026-10-05T16:59:19.072698Z
pmn_1112331,Saratoga Springs,City of Saratoga Springs City Council,2026-10-06,City Council Meeting,,,https://www.utah.gov/pmn/sitemap/notice/1112331.html,"CITY COUNCIL AGENDA
CITY OF SARATOGA SPRINGS
Tuesday, October 6, 2026 @ 6:00 pm
City of Saratoga Springs Council Chambers
319 South Saratoga Road, Saratoga Springs, UT 84045

POLICY MEETING

CALL TO ORDER

1.	Roll Call. 
2.	Moment of Reflection. 
3.	Pledge of Allegiance. 
4.	Introduction of Youth Council and Oath of Office. 
5.	Oath of Office: Police Officers Cameron Plouzek, Seth Taylor, & Jacob Leavitt.
6.	Public Input - This time has been set aside for the public to express ideas, concerns, and comments for subject matter not listed as public hearing on the agenda. Please avoid repetitive comments. Limit of 3 minutes per speaker, unused time may not be given to another. Time for Public Input is limited to no more than 15 minutes total. 

REPORTS

1.	Mayor.
2.	City Council.
3.	Administration.
-	Public Works - Mountainland Association of Governments Technical Advisory Committee update.
4.	Department Reports: Library, Recreation, Public Relations/Community Outreach.

PUBLIC HEARINGS - The Council will accept public comment and may approve the following items:

1.	Amendment to the City of Saratoga Springs' Annexation Policy Plan and Expansion Area Map. Ordinance 26-43 (10-06-26).  
2.	Vacation of rights-of-way and storm drain easements in the Fox Hollow N4 Development. Ordinance 26-49 (10-06-26).
3.	Adopting an amended Storm Drainage Impact Fee Facilities Plan, amended Impact Fee Analysis, and amended Facilities Impact Fee. Ordinance 26-44 (10-06-26).

CONSENT ITEMS - The Council may approve these items without discussion or public comment and may remove an item to the Business Items for discussion and consideration.

1.	Intent to Annex Andover Property located approximately NW of 1314 E Livi Lane. Scott Carlson as applicant. Resolution R26-50 (10-06-26).
2.	General Plan Amendment from Low Density Residential to Institutional/Civic, and Rezone from Planned Community to Institutional/Civic for the Saratoga Springs Senior Seminary. Loc",pmn,2026-10-05T16:59:19.071250Z
pmn_1110373,Saratoga Springs,City of Saratoga Springs City Council,2026-10-06,City Council Public Hearing - Notice of Vacating Easements,,,https://www.utah.gov/pmn/sitemap/notice/1110373.html,"NOTICE OF PUBLIC HEARING

The City of Saratoga Springs, Utah proposes to vacate easements and rights-of-way. The City Council will hold a public hearing on October 6th, 2026, at 6:00 p.m. at 319 S. Saratoga Rd., Saratoga Springs UT, to discuss the proposed the right-of-way, and easement vacations.

1.	Vacation of Sewer Easement S-1, Ut. County Document Recording Entry No. 2013-59717, The easement is no longer needed for sewer infrastructure.

2.	Vacation of Storm Drain Easement SD-11, Ut. County Document Recording Entry No.2013-59717, To remove the City as grantee and grant a new easement to the HOA for ongoing access and maintenance of the SD-11 storm drain pond.

3.	Vacation of 2013 SD-9 Storm Drain Easement, Ut. County Document Recording Entry No. 2013-59717, The easement is no longer needed.

4.	Vacation of 2014 SD-9 Storm Drain Easement, Ut. County Document Recording Entry No. 46496:2014, To remove the City as grantee and grant a new easement to the HOA for legal access and long-term maintenance of the SD-9 storm drain pond.

5.	Vacation of Stub Road Right-of-Way on Swainson Avenue, The stub road is no longer needed for access. 
6.	Modification of Public Utility Easement (PUE) - Swainson Avenue, Ut. County Document Recording Entry No. 46495:2014, With the vacation of the stub road ROW, this jog is no longer necessary.
Public Hearing Comments may be submitted to comments@saratogaspringscity.com.  
Comments & Questions may be directed to the Planning dept. 801-766-9793 x155.",pmn,2026-10-05T16:59:19.071260Z
pmn_1111017,Saratoga Springs,City of Saratoga Springs City Council,2026-10-06,Notice of Intent to Amend Impact Fee Facilities Plan & Analysis,,,https://www.utah.gov/pmn/sitemap/notice/1111017.html,"NOTICE OF PUBLIC HEARING

Notice is hereby given that the City of Saratoga Springs City Council will conduct a public hearing to consider public input regarding the adoption of an amended Impact Fee Facilities Plans Impact Fee Analyses, and Amended Impact Fees for Storm Drainage.

The hearing will be conducted during the regular City Council meeting beginning at 6:00 p.m. on Tuesday, October 6, 2025, at the City Offices located at 319 S. Saratoga Road, Saratoga Springs, Utah 84045. Following the public hearing, the City Council will vote on whether to approve the items. 

The Impact Fees Facilities Plan, executive summary of the Impact Facilities Plan and Impact Fee Analysis, executive summaries of the Impact Fee Analysis, and a draft of the proposed enactment/ordinance wherein the amended impact fees are enacted are available at the Saratoga Springs Public Library building at 1307 N Commerce Dr. Suite 100, on the City's website at www.saratogasprings-ut.gov and upon request. 

Questions may be directed to the Engineering dept. 801-766-9793.  
Public Comments may also be submitted to comments@saratogasprings-ut.gov",pmn,2026-10-05T16:59:19.071264Z
pmn_1109271,Saratoga Springs,City of Saratoga Springs City Council,2026-10-06,Public Hearing for City Council,,,https://www.utah.gov/pmn/sitemap/notice/1109271.html,"NOTICE OF PUBLIC HEARING

Notice is hereby given that The City of Saratoga Springs, Utah City Council will hold a Public Hearing for an Amendment to the City's Annexation Policy Plan and Expansion Area Map.

The public hearing will be held on Tuesday, October 6, 2026 at 6:00 p.m. in the Saratoga Springs City Offices, City Council Chambers, 319 S. Saratoga Road, Saratoga Springs, Utah 84045.

Questions or Comments regarding this proposed amendment may be directed to the Planning Dept. 801-766-9793.

Posted: September 16, 2026.",pmn,2026-10-05T16:59:19.071257Z
pmn_1111983,Saratoga Springs,City of Saratoga Springs Planning Commission,2026-10-08,Planning Commission Meeting,,,https://www.utah.gov/pmn/sitemap/notice/1111983.html,"PLANNING COMMISSION MEETING

CITY OF SARATOGA SPRINGS
Thursday, October 8, 2026 @ 6:00 pm
City of Saratoga Springs Council Chambers
319 S. Saratoga Road, Saratoga Springs, UT 84045
CALL TO ORDER
1. Pledge of Allegiance.
2. Roll Call
3. Public Input - This time has been set aside for the public to express ideas, concerns, and comments for subject matter not listed as public hearing on the agenda. Please avoid repetitive comments. Limit of 3 minutes per speaker, unused time may not be given to another. Time for Public Input is limited to no more than 15 minutes total.
PUBLIC HEARINGS
The Commission will accept public comment and may make a recommendation to the City Council for the following items:
1. Rezone for Lake Mountain School District Support Services Building and Expansion - Rezone from Public School Bus Lot (PSBL) and Agriculture (A) to Institutional/Civic (I/C) and Public School Bus Lot (PSBL). Located approximately at the southwest corner of 400 North Thunder Boulevard. Julie King as applicant. Senior Planner David Jellen.
2. Amendments to Title 19 Land Development Code of the City of Saratoga Springs, Chapter 19.18 - Sign Regulations for City Informational and Political Signs. Citywide. City-Initiated. Code Compliance Inspector Manny Monroy.
BUSINESS ITEMS
The Commission will discuss (without public comment) and may either make a recommendation to the City Council, or approve the following items as needed:
1. Approval of Minutes: September 24, 2026.
REPORTS
1. Commissioner's Comments.
2. Director's Report.
CLOSED SESSION
Possible motion to enter into closed session for the purchase, exchange, or lease of property; pending or reasonably imminent litigation; the character, professional competence, or the physical or mental health of an individual; or the deployment of security personnel, devices, or systems.
ADJOURNMENT",pmn,2026-10-05T16:59:19.072685Z
pmn_1111051,Saratoga Springs,City of Saratoga Springs Planning Commission,2026-10-08,Public Hearings for Planning Commission,,,https://www.utah.gov/pmn/sitemap/notice/1111051.html,"Notice of Public Hearing for Planning Commission

Notice is hereby given that The City of Saratoga Springs Planning Commission will conduct a public hearing during their regular meeting beginning at 6:00 p.m. on October 8, 2026 in the City Council Chambers, 319 S. Saratoga Road, Saratoga Springs UT 84045, on the following:

1.	Amendment to Title 19 Land Development Code of the City of Saratoga Springs, Chapter 19.18 - Sign Regulations for City Informational and Political Signs. Citywide. City-Initiated. The amendment would allow city signs on city-owned property including City right-of-way and allow political signs per Utah State Code 20A-17-101, as amended. 
2.	Lake Mountain School District Support Services Building and Expansion. The Lake Mountain School District is proposing a new support services building and an expansion of the existing public school bus lot. The proposed rezone would change the zoning designation from Public School Bus Lot and Agriculture to Institutional/Civic and Public School Bus Lot, along with an accompanying Concept Plan. Located approximately at the southwest corner of 400 North and Thunder Boulevard. Julie King as applicant.


Comments & questions may be directed to the Community Development Dept. 801-766-9793 ext. 155. Comments may also be submitted to comments@saratogasprings-ut.gov.",pmn,2026-10-05T16:59:19.072691Z
pmn_1077539,South Jordan,City Council,2026-05-05,Notice of Potential Quorum,,,https://www.utah.gov/pmn/sitemap/notice/1077539.html,"PUBLIC NOTICE Notice of Potential Quorum

South Jordan City
Mayor & City Council Members
may Attend the Following Event:

South Valley Chamber Small Business 
Glenmoor Golf Club
9800 Monroe St #806, Sandy, UT 84070
Tuesday, May 5, 2026
11:30 a.m. - 1:00 p.m.
NOTE:   'No Motions or Actions will be taken by the South Jordan Council Members attending this Event.'



CERTIFICATE OF POSTING
STATE OF UTAH		)
			: §
COUNTY OF SALT LAKE	)
	
I, Anna Crookston, the duly appointed City Recorder of South Jordan City, Utah, certify that the foregoing City Council Notice was emailed to at least one newspaper of general circulation within the geographic jurisdiction of the public body. The notice was also posted at the principal office of the public body and also posted on the Utah State Public Notice Website http://www.utah.gov/pmn/index.html and on South Jordan City's website at www.sjc.utah.gov.  Dated and posted 4th Day of May, 2026.",pmn,2026-10-05T16:59:19.070044Z
pmn_1077547,South Jordan,City Council,2026-05-08,Notice of Potential Quorum,,,https://www.utah.gov/pmn/sitemap/notice/1077547.html,"PUBLIC NOTICE
Notice of Potential Quorum

South Jordan City
Mayor & City Council Members
may Attend the Following Event:

USU Talmage Arena Ribbon Cutting
2100 West 11400 South
South Jordan, UT 84095
Friday, May 8, 2026
4:00 - 5:00 p.m.
NOTE:   'No Motions or Actions will be taken by the South Jordan Council Members attending this Event.'



CERTIFICATE OF POSTING
STATE OF UTAH		)
			: §
COUNTY OF SALT LAKE	)
	
I, Anna Crookston, the duly appointed City Recorder of South Jordan City, Utah, certify that the foregoing City Council Notice was emailed to at least one newspaper of general circulation within the geographic jurisdiction of the public body. The notice was also posted at the principal office of the public body and also posted on the Utah State Public Notice Website http://www.utah.gov/pmn/index.html and on South Jordan City's website at www.sjc.utah.gov.  Dated and posted 4th Day of May, 2026.",pmn,2026-10-05T16:59:19.070038Z
pmn_1096083,South Jordan,Planning Commission,2026-07-28,Notice of Public Hearing,,,https://www.utah.gov/pmn/sitemap/notice/1096083.html,"NOTICE OF PUBLIC HEARING

Notice is hereby given that the South Jordan City Planning Commission will hold an in-person meeting on Tuesday, July 28, 2026 beginning at 6:30 PM in the South Jordan City Hall, located at 1600 W. Towne Center Drive, South Jordan, Utah for the purpose of receiving public input on and reviewing each of the following:

-	PLMPA202600108 - Sri Ganesha Hindu Temple, Major Site Plan Amendment, 1131 W. 10290 S., Aditya Vinadhara (Applicant)

-	PLSPR202600118 - Beauty Barn, Site Plan, 10956 S. Jordan Gateway, Nichols Naylor Architects (applicant)

-	PLSPR202600076 - 7 Brew Coffee, Site Plan, 3634 W 11400 S, Janis Wren (applicant)

-	PLCUP202600093 - Peck Garage & ADU, Conditional Use Permit, 11756 S Gold Dust Drive, Sadi Peck (applicant)

-	PLZBA202600119 - Fitzgerald & Wagstaff Rezone, Zoning Amendment, 3250 W 11400 S, Mark Wagstaff (applicant)

The meeting may also be joined virtually via Zoom.us phone and video conferencing.  All those who desire to attend the meeting via Zoom, please visit https://www.sjc.utah.gov/planning-commission/  for further instructions on the day of the meeting. Ability to connect and view is dependent on an individual's internet connection, not the City. 

Public comment allowed only in person or written.  To assure your comments are reviewed and included in the record, written comments may be submitted in advance of the meeting by emailing Greg Schindler at gschindler@sjc.utah.gov, by 12:00 p.m. on July 28, 2026.  Any attachments to the email must be less than 10 Mb in size.
Questions may be addressed Monday through Friday during regular business hours at the South Jordan City Offices at 801-254-3742.",pmn,2026-10-05T16:59:19.070325Z
pmn_1097609,South Jordan,Planning Commission,2026-07-28,Planning Commission Agenda,,,https://www.utah.gov/pmn/sitemap/notice/1097609.html,"CITY OF SOUTH JORDAN	 
PLANNING COMMISSION MEETING AGENDA 	
CITY HALL	
TUESDAY, JULY 28, 2026 at 6:30 PM	
Notice is hereby given that the South Jordan Planning Commission will hold a meeting at 6:30 p.m. on Tuesday, July 28, 2026. The meeting will be conducted in person in the City Council Chambers, located at 1600 W. Towne Center Drive, South Jordan, Utah, and virtually via Zoom phone and video conferencing. Persons with disabilities requesting assistance should contact the City Recorder at least 24 hours prior to the meeting. Times listed are approximate and may be accelerated or delayed.
In addition to in-person attendance, individuals may join via phone or video using Zoom. Please note that attendees joining virtually or by phone may not comment during public comment or a public hearing; to comment, individuals must attend in person.  
If the meeting is disrupted in any way deemed inappropriate by the City, the City reserves the right to immediately remove the individual(s) from the meeting and, if necessary, end virtual access to the meeting. Reasons for removal or ending virtual access include, but are not limited to, posting offensive pictures or remarks, making disrespectful statements or actions, and other actions deemed inappropriate.
To ensure that comments are received, please submit them in writing to City Planner, Greg Schindler at gschindler@sjc.utah.gov by 3:00 p.m. on the day of the meeting. 
Instructions on how to join virtually are provided below.
Join South Jordan Planning Commission Electronic Meeting: 
-           Join on any device that has internet capability.
-           Zoom link, Meeting ID and Password will be provided 24 hours prior to meeting start time. 
-           Zoom instructions are posted https://www.sjc.utah.gov/254/Planning-Commission 
THE MEETING WILL BEGIN AT 6:30 P.M. AND THE AGENDA IS AS FOLLOWS:  
A.	WELCOME AND ROLL CALL - Commission Chair Nathan Gedge
B.	MOTION TO APPROVE AGENDA
C.	APPROVAL OF THE MINUTES",pmn,2026-10-05T16:59:19.070321Z
pmn_1098611,South Jordan,Planning Commission,2026-08-11,Notice of Meeting Cancellation,,,https://www.utah.gov/pmn/sitemap/notice/1098611.html,"NOTICE OF MEETING CANCELLATION


The regularly scheduled South Jordan City Planning Commission meeting for August 11, 2026 has been cancelled.

The next regularly scheduled meeting will be Tuesday, August 25, 2026 at 6:30 PM.",pmn,2026-10-05T16:59:19.070317Z
pmn_1101675,South Jordan,Planning Commission,2026-08-25,Notice of Public Hearing,,,https://www.utah.gov/pmn/sitemap/notice/1101675.html,"NOTICE OF PUBLIC HEARING

Notice is hereby given that the South Jordan City Planning Commission will hold an in-person meeting on Tuesday, August 25, 2026 beginning at 6:30 PM in the South Jordan City Hall, located at 1600 W. Towne Center Drive, South Jordan, Utah for the purpose of receiving public input on and reviewing each of the following:

-	PLPP202600059 - Park Place Phase 5 Preliminary Subdivision, 11011 S 1055 W, Derek Rindlisbacher (applicant)

The meeting may also be joined virtually via Zoom.us phone and video conferencing.  All those who desire to attend the meeting via Zoom, please visit https://www.sjc.utah.gov/planning-commission/  for further instructions on the day of the meeting. Ability to connect and view is dependent on an individual's internet connection, not the City. 

Public comment allowed only in person or written.  To assure your comments are reviewed and included in the record, written comments may be submitted in advance of the meeting by emailing Greg Schindler at gschindler@sjc.utah.gov, by 12:00 p.m. on August 25, 2026.  Any attachments to the email must be less than 20 Mb in size.
Questions may be addressed Monday through Friday during regular business hours at the South Jordan City Offices at 801-254-3742.",pmn,2026-10-05T16:59:19.070313Z
pmn_1103239,South Jordan,Planning Commission,2026-08-25,Planning Commission Agenda,,,https://www.utah.gov/pmn/sitemap/notice/1103239.html,"CITY OF SOUTH JORDAN	 
PLANNING COMMISSION MEETING AGENDA 	
CITY HALL	
TUESDAY, AUGUST 25, 2026 at 6:30 PM	
Notice is hereby given that the South Jordan Planning Commission will hold a meeting at 6:30 p.m. on Tuesday, August 25, 2026. The meeting will be conducted in person in the City Council Chambers, located at 1600 W. Towne Center Drive, South Jordan, Utah, and virtually via Zoom phone and video conferencing. Persons with disabilities requesting assistance should contact the City Recorder at least 24 hours prior to the meeting. Times listed are approximate and may be accelerated or delayed.
In addition to in-person attendance, individuals may join via phone or video using Zoom. Please note that attendees joining virtually or by phone may not comment during public comment or a public hearing; to comment, individuals must attend in person.  
If the meeting is disrupted in any way deemed inappropriate by the City, the City reserves the right to immediately remove the individual(s) from the meeting and, if necessary, end virtual access to the meeting. Reasons for removal or ending virtual access include, but are not limited to, posting offensive pictures or remarks, making disrespectful statements or actions, and other actions deemed inappropriate.
To ensure that comments are received, please submit them in writing to City Planner, Greg Schindler at gschindler@sjc.utah.gov by 3:00 p.m. on the day of the meeting. 
Instructions on how to join virtually are provided below.
Join South Jordan Planning Commission Electronic Meeting: 
-           Join on any device that has internet capability.
-           Zoom link, Meeting ID and Password will be provided 24 hours prior to meeting start time. 
-           Zoom instructions are posted https://www.sjc.utah.gov/254/Planning-Commission 
THE MEETING WILL BEGIN AT 6:30 P.M. AND THE AGENDA IS AS FOLLOWS:  
A.	WELCOME AND ROLL CALL - Commission Chair Nathan Gedge
B.	MOTION TO APPROVE AGENDA
B.1.	APPROVAL OF MINUT",pmn,2026-10-05T16:59:19.070310Z
pmn_1104623,South Jordan,Planning Commission,2026-09-08,Notice of Public Hearing,,,https://www.utah.gov/pmn/sitemap/notice/1104623.html,"NOTICE OF PUBLIC HEARING

Notice is hereby given that the South Jordan City Planning Commission will hold an in-person meeting on Tuesday, September 8, 2026 beginning at 6:30 PM in the South Jordan City Hall, located at 1600 W. Towne Center Drive, South Jordan, Utah for the purpose of receiving public input on and reviewing each of the following:

-	PLCUP202600160 - Master Auto Tech, Conditional Use Permit, 11048 Redwood Road, Applicant (David George)

-	PLZTA202600164 - ORDINANCE NO.  2026 - 24 Legislative Updates to ADU and Accessory Building Standards in Chapters 17.08, 17.30, 17.40, 17.130.030 of City Code, City of South Jordan (Applicant)

The meeting may also be joined virtually via Zoom.us phone and video conferencing.  All those who desire to attend the meeting via Zoom, please visit https://www.sjc.utah.gov/planning-commission/  for further instructions on the day of the meeting. Ability to connect and view is dependent on an individual's internet connection, not the City. 

Public comment allowed only in person or written.  To assure your comments are reviewed and included in the record, written comments may be submitted in advance of the meeting by emailing Greg Schindler at gschindler@sjc.utah.gov, by 12:00 p.m. on September 8, 2026.  Any attachments to the email must be less than 20 Mb in size.
Questions may be addressed Monday through Friday during regular business hours at the South Jordan City Offices at 801-254-3742.",pmn,2026-10-05T16:59:19.070306Z
pmn_1106493,South Jordan,Planning Commission,2026-09-08,Planning Commission Meeting,,,https://www.utah.gov/pmn/sitemap/notice/1106493.html,"CITY OF SOUTH JORDAN	 
PLANNING COMMISSION MEETING AGENDA 	
CITY HALL	
TUESDAY, SEPTEMBER 08, 2026 at 6:30 PM	
Notice is hereby given that the South Jordan Planning Commission will hold a meeting at 6:30 p.m. on Tuesday, September 8, 2026. The meeting will be conducted in person in the City Council Chambers, located at 1600 W. Towne Center Drive, South Jordan, Utah, and virtually via Zoom phone and video conferencing. Persons with disabilities requesting assistance should contact the City Recorder at least 24 hours prior to the meeting. Times listed are approximate and may be accelerated or delayed.
In addition to in-person attendance, individuals may join via phone or video using Zoom. Please note that attendees joining virtually or by phone may not comment during public comment or a public hearing; to comment, individuals must attend in person.  
If the meeting is disrupted in any way deemed inappropriate by the City, the City reserves the right to immediately remove the individual(s) from the meeting and, if necessary, end virtual access to the meeting. Reasons for removal or ending virtual access include, but are not limited to, posting offensive pictures or remarks, making disrespectful statements or actions, and other actions deemed inappropriate.
To ensure that comments are received, please submit them in writing to City Planner, Greg Schindler at gschindler@sjc.utah.gov by 3:00 p.m. on the day of the meeting. 
Instructions on how to join virtually are provided below.
Join South Jordan Planning Commission Electronic Meeting: 
-           Join on any device that has internet capability.
-           Zoom link, Meeting ID and Password will be provided 24 hours prior to meeting start time. 
-           Zoom instructions are posted https://www.sjc.utah.gov/254/Planning-Commission 
THE MEETING WILL BEGIN AT 6:30 P.M. AND THE AGENDA IS AS FOLLOWS:  
A.	WELCOME AND ROLL CALL - Commission Chair Nathan Gedge
A.1.	OATH OF OFFICE FOR NEW PLANNING COMMISSIO",pmn,2026-10-05T16:59:19.070302Z
pmn_1107119,South Jordan,City Council,2026-09-10,Notice of Potential Quorum,,,https://www.utah.gov/pmn/sitemap/notice/1107119.html,"PUBLIC NOTICE
Notice of Potential Quorum

South Jordan City
Mayor & City Council Members
may Attend the Following Event:

Annual Employee BBQ
Main City Park
11000 South Redwood Road
South Jordan, UT 84095
Thursday, September 10, 2026
11:30 a.m. to 1:00 p.m.

NOTE:   'No Motions or Actions will be taken by the South Jordan Council Members attending this Event.'

CERTIFICATE OF POSTING
STATE OF UTAH		)
			: §
COUNTY OF SALT LAKE	)
	
I, Anna Crookston, the duly appointed City Recorder of South Jordan City, Utah, certify that the foregoing City Council Notice was emailed to at least one newspaper of general circulation within the geographic jurisdiction of the public body. The notice was also posted at the principal office of the public body and also posted on the Utah State Public Notice Website http://www.utah.gov/pmn/index.html and on South Jordan City's website at www.sjc.utah.gov.  Dated and posted 8th Day of September, 2026.",pmn,2026-10-05T16:59:19.069939Z
pmn_1107117,South Jordan,City Council,2026-09-10,Notice of Potential Quorum,,,https://www.utah.gov/pmn/sitemap/notice/1107117.html,"PUBLIC NOTICE
Notice of Potential Quorum

South Jordan City
Mayor & City Council Members
may Attend the Following Event:

9/11 VIP Breakfast and Museum Tour
Bastian Center 
2100 West 11400 South
South Jordan, UT 84095
Thursday, September 10, 2026
8:00-10:00 a.m.

NOTE:   'No Motions or Actions will be taken by the South Jordan Council Members attending this Event.'

CERTIFICATE OF POSTING
STATE OF UTAH		)
			: §
COUNTY OF SALT LAKE	)
	
I, Anna Crookston, the duly appointed City Recorder of South Jordan City, Utah, certify that the foregoing City Council Notice was emailed to at least one newspaper of general circulation within the geographic jurisdiction of the public body. The notice was also posted at the principal office of the public body and also posted on the Utah State Public Notice Website http://www.utah.gov/pmn/index.html and on South Jordan City's website at www.sjc.utah.gov.  Dated and posted 8th Day of September, 2026.",pmn,2026-10-05T16:59:19.069943Z
pmn_1108267,South Jordan,City Council,2026-09-15,City Council Study Meeting,,,https://www.utah.gov/pmn/sitemap/notice/1108267.html,"CITY OF SOUTH JORDAN	 
CITY COUNCIL STUDY MEETING AGENDA 	
CITY COUNCIL WORK ROOM	
TUESDAY, SEPTEMBER 15, 2026 at 4:30 p.m.	

Notice is hereby given that the South Jordan City Council will hold a City Council Study Meeting at 4:30 p.m. on Tuesday, September 15, 2026, in person in the City Council Work Room, located at 1600 W. Towne Center Drive, South Jordan, Utah and virtually via Zoom phone and video conferencing. Persons with disabilities requesting assistance should contact the City Recorder at least 24 hours prior to the Meeting. The agenda may be amended, and an Executive Session may be held at the end of the Meeting. Times listed are approximate and may be accelerated or delayed. 

In addition to in-person attendance, the City intends to provide virtual access via Zoom for phone and video conferencing; however, virtual access is not guaranteed and may be limited by technical issues or connectivity constraints. Individuals may join via phone or video, using Zoom. In the event the Meeting is disrupted in any way that the City in its sole discretion deems inappropriate, the City reserves the right to immediately remove the individual(s) from the Meeting and, if needed, end virtual access to the Meeting. Reasons for removing an individual or ending virtual access to the Meeting include, but are not limited to, the posting of offensive pictures, remarks, or making offensive statements, disrespectful statements or actions, and any other action deemed inappropriate. 
Ability to participate virtually is dependent on an individual's internet connection. Instructions on how to join virtually are below.

Join Study Meeting Virtually:
-           Join on any device that has internet capability.
-           Zoom link, Meeting ID and Password will be provided 24 hours prior to meeting start time. 
-           Zoom instructions are posted https://ut-southjordan.civicplus.com/241/City-Council. 

Study Meeting Agenda: 4:30 p.m.
A.	Welcome, Roll Call, and Intro",pmn,2026-10-05T16:59:19.069936Z
pmn_1108275,South Jordan,City Council,2026-09-15,Combined City Council & Municipal Building Authority Board Meeting,,,https://www.utah.gov/pmn/sitemap/notice/1108275.html,"CITY OF SOUTH JORDAN	 
COMBINED CITY COUNCIL & MUNICIPAL BUILDING AUTHORITY BOARD MEETING AGENDA 	
CITY COUNCIL CHAMBERS	
TUESDAY, SEPTEMBER 15, 2026 at 6:30 PM	

Notice is hereby given that the South Jordan City Council will hold a Combined City Council and Municipal Building Authority Board meeting at 6:30 p.m. on Tuesday, September 15, 2026. The meeting will be conducted in person in the City Council Chambers, located at 1600 W. Towne Center Drive, South Jordan, Utah, and virtually via Zoom phone and video conferencing. Persons with disabilities requesting assistance should contact the City Recorder at least 24 hours prior to the meeting. The agenda may be amended, and an executive session may be held at the end of the meeting. Times listed are approximate and may be accelerated or delayed.

In addition to in-person attendance, the City intends to provide virtual access via Zoom for phone and video conferencing; however, virtual access is not guaranteed and may be limited by technical issues or connectivity constraints. Individuals may join via phone or video, using Zoom. In the event the Meeting is disrupted in any way that the City in its sole discretion deems inappropriate, the City reserves the right to immediately remove the individual(s) from the Meeting and, if needed, end virtual access to the Meeting. Reasons for removing an individual or ending virtual access to the Meeting include, but are not limited to, the posting of offensive pictures, remarks, or making offensive statements, disrespectful statements or actions, and any other action deemed inappropriate. 
Please note that attendees joining virtually or by phone may not comment during public comment or a public hearing; to comment, individuals must attend in person or submit written comments prior to the meeting. To ensure comments are received, please submit them in writing to City Recorder Anna Crookston at acrookston@sjc.utah.gov by 3:00 p.m. on the day of the meeting. 

The ability to ",pmn,2026-10-05T16:59:19.069924Z
pmn_1106483,South Jordan,City Council,2026-09-15,NOTICE OF INTENT TO ENACT OR MODIFY THE PUBLIC SAFETY IMPACT FEE FACILITIES PLAN (IFFP) AND IMPACT FEE ANALYSIS (IFA),,,https://www.utah.gov/pmn/sitemap/notice/1106483.html,"September 4, 2026

NOTICE OF INTENT TO ENACT OR MODIFY THE PUBLIC SAFETY IMPACT FEE FACILITIES PLAN (IFFP) AND IMPACT FEE ANALYSIS (IFA)

South Jordan City, located in Salt Lake County, Utah serving development within the City's current municipal boundaries, intends to enact or modify its Impact Fee Facilities Plan (IFFP) and Impact Fee Analysis (IFA) related to public safety (Ordinance 2026-13) see service areas map below.  

Notice is hereby given of a Public Hearing at 6:30pm on Tuesday, September 15, 2026 at South Jordan City Council Chambers (1600 W Towne Center Dr. South Jordan, UT 84095).  The City invites the public to attend the hearing and provide any comments related to the referenced documents.  The draft documents are also available for review at both South Jordan libraries (South Jordan Library, 10673 S Redwood Rd and Daybreak Library, 11358 Grandville Ave) and on the City's website at https://ut-southjordan.civicplus.com/500/Public-Notices",pmn,2026-10-05T16:59:19.069932Z
pmn_1106479,South Jordan,City Council,2026-09-15,Notice of Public Hearing,,,https://www.utah.gov/pmn/sitemap/notice/1106479.html,"NOTICE OF PUBLIC HEARING

Notice is hereby given that the South Jordan City Council will hold an in-person meeting on Tuesday, September 15, 2026, beginning at 6:30 PM in the South Jordan City Hall, located at 1600 W. Towne Center Drive, South Jordan, Utah for the purpose of receiving public input on and reviewing each of the following:

-	Ordinance 2026-24, Text Amendment - Sections of the Municipal Code 17.08, 17.30, 17.40, and 17.130.130; ADU & Accessory Building Code Amendments.

The meeting may also be joined virtually via Zoom.us phone and video conferencing.  All those who desire to attend the meeting via Zoom, please visit https://ut-southjordan.civicplus.com/241/City-Council for further instructions on the day of the meeting. Ability to connect is dependent on an individual's internet connection, not the City.

To assure your comments are reviewed and included in the record, written comments may be submitted in advance of the meeting by emailing Ryan Loose at rloose@sjc.utah.gov by 12:00 p.m. on September 15, 2026.  Attachments cannot exceed 20 Mb in size.
Questions may be addressed Monday through Friday during regular business hours at the South Jordan City Offices at 801-254-3742.

Greg Schindler, AICP
City Planner",pmn,2026-10-05T16:59:19.069928Z
pmn_1108469,South Jordan,Planning Commission,2026-09-22,Notice of Public Hearing,,,https://www.utah.gov/pmn/sitemap/notice/1108469.html,"NOTICE OF PUBLIC HEARING

Notice is hereby given that the South Jordan City Planning Commission will hold an in-person meeting on Tuesday, September 22, 2026 beginning at 6:30 PM in the South Jordan City Hall, located at 1600 W. Towne Center Drive, South Jordan, Utah for the purpose of receiving public input on and reviewing each of the following:

-	PLCUP202600160 - Master Auto Tech, Conditional Use Permit, 11048 Redwood Road, Applicant (David George)

-	PLCUP202600172 - John Patrick University, Conditional Use Permit, 10542 S. Jordan Gateway, Glenn Noble / John Patrick University (applicant), Damir Drozdek (planner)

The meeting may also be joined virtually via Zoom.us phone and video conferencing.  All those who desire to attend the meeting via Zoom, please visit https://www.sjc.utah.gov/planning-commission/  for further instructions on the day of the meeting. Ability to connect and view is dependent on an individual's internet connection, not the City. 

Public comment allowed only in person or written.  To assure your comments are reviewed and included in the record, written comments may be submitted in advance of the meeting by emailing Greg Schindler at gschindler@sjc.utah.gov, by 12:00 p.m. on September 22, 2026.  Any attachments to the email must be less than 20 Mb in size.
Questions may be addressed Monday through Friday during regular business hours at the South Jordan City Offices at 801-254-3742.",pmn,2026-10-05T16:59:19.070298Z
pmn_1109557,South Jordan,Planning Commission,2026-09-22,Planning Commission Meeting,,,https://www.utah.gov/pmn/sitemap/notice/1109557.html,"CITY OF SOUTH JORDAN	 
PLANNING COMMISSION MEETING AGENDA 	
CITY HALL	
TUESDAY, SEPTEMBER 22, 2026 at 6:30 PM	
Notice is hereby given that the South Jordan Planning Commission will hold a meeting at 6:30 p.m. on Tuesday, September 22, 2026. The meeting will be conducted in person in the City Council Chambers, located at 1600 W. Towne Center Drive, South Jordan, Utah, and virtually via Zoom phone and video conferencing. Persons with disabilities requesting assistance should contact the City Recorder at least 24 hours prior to the meeting. Times listed are approximate and may be accelerated or delayed.
In addition to in-person attendance, individuals may join via phone or video using Zoom. Please note that attendees joining virtually or by phone may not comment during public comment or a public hearing; to comment, individuals must attend in person.  
If the meeting is disrupted in any way deemed inappropriate by the City, the City reserves the right to immediately remove the individual(s) from the meeting and, if necessary, end virtual access to the meeting. Reasons for removal or ending virtual access include, but are not limited to, posting offensive pictures or remarks, making disrespectful statements or actions, and other actions deemed inappropriate.
To ensure that comments are received, please submit them in writing to City Planner, Greg Schindler at gschindler@sjc.utah.gov by 3:00 p.m. on the day of the meeting. 
Instructions on how to join virtually are provided below.
Join South Jordan Planning Commission Electronic Meeting: 
-           Join on any device that has internet capability.
-           Zoom link, Meeting ID and Password will be provided 24 hours prior to meeting start time. 
-           Zoom instructions are posted https://www.sjc.utah.gov/254/Planning-Commission 
THE MEETING WILL BEGIN AT 6:30 P.M. AND THE AGENDA IS AS FOLLOWS:  
A.	WELCOME AND ROLL CALL - Commission Chair Nathan Gedge
B.	MOTION TO APPROVE AGENDA
C.	APPROVAL OF T",pmn,2026-10-05T16:59:19.070294Z
pmn_1112605,South Jordan,City Council,2026-10-06,City Council Study Meeting,,,https://www.utah.gov/pmn/sitemap/notice/1112605.html,"CITY OF SOUTH JORDAN	 
CITY COUNCIL STUDY MEETING AGENDA 	
CITY COUNCIL WORK ROOM	
TUESDAY, OCTOBER 6, 2026 at 4:30 p.m.	
Notice is hereby given that the South Jordan City Council will hold a City Council Study Meeting at 4:30 p.m. on Tuesday, October 6, 2026, in person in the City Council Work Room, located at 1600 W. Towne Center Drive, South Jordan, Utah and virtually via Zoom phone and video conferencing. Persons with disabilities requesting assistance should contact the City Recorder at least 24 hours prior to the Meeting. The agenda may be amended, and an Executive Session may be held at the end of the Meeting. Times listed are approximate and may be accelerated or delayed. 
In addition to in-person attendance, the City intends to provide virtual access via Zoom for phone and video conferencing; however, virtual access is not guaranteed and may be limited by technical issues or connectivity constraints. Individuals may join via phone or video, using Zoom. In the event the Meeting is disrupted in any way that the City in its sole discretion deems inappropriate, the City reserves the right to immediately remove the individual(s) from the Meeting and, if needed, end virtual access to the Meeting. Reasons for removing an individual or ending virtual access to the Meeting include, but are not limited to, the posting of offensive pictures, remarks, or making offensive statements, disrespectful statements or actions, and any other action deemed inappropriate. 
Ability to participate virtually is dependent on an individual's internet connection. Instructions on how to join virtually are below.
Join Study Meeting Virtually:
-           Join on any device that has internet capability.
-           Zoom link, Meeting ID and Password will be provided 24 hours prior to meeting start time. 
-           Zoom instructions are posted https://ut-southjordan.civicplus.com/241/City-Council. 

Study Meeting Agenda: 4:30 p.m.
A.	Welcome, Roll Call, and Introduction: By ",pmn,2026-10-05T16:59:19.069920Z
pmn_1112609,South Jordan,City Council,2026-10-06,Combined City Council & Municipal Building Authority Board Meeting,,,https://www.utah.gov/pmn/sitemap/notice/1112609.html,"CITY OF SOUTH JORDAN	 
COMBINED CITY COUNCIL & MUNICIPAL BUILDING AUTHORITY BOARD MEETING AGENDA 	
CITY COUNCIL CHAMBERS	
TUESDAY, OCTOBER 06, 2026 at 6:30 p.m.	
Notice is hereby given that the South Jordan City Council will hold a Combined City Council and Municipal Building Authority Board meeting at 6:30 p.m. on Tuesday, October 6, 2026. The meeting will be conducted in person in the City Council Chambers, located at 1600 W. Towne Center Drive, South Jordan, Utah, and virtually via Zoom phone and video conferencing. Persons with disabilities requesting assistance should contact the City Recorder at least 24 hours prior to the meeting. The agenda may be amended, and an executive session may be held at the end of the meeting. Times listed are approximate and may be accelerated or delayed.
In addition to in-person attendance, the City intends to provide virtual access via Zoom for phone and video conferencing; however, virtual access is not guaranteed and may be limited by technical issues or connectivity constraints. Individuals may join via phone or video, using Zoom. In the event the Meeting is disrupted in any way that the City in its sole discretion deems inappropriate, the City reserves the right to immediately remove the individual(s) from the Meeting and, if needed, end virtual access to the Meeting. Reasons for removing an individual or ending virtual access to the Meeting include, but are not limited to, the posting of offensive pictures, remarks, or making offensive statements, disrespectful statements or actions, and any other action deemed inappropriate. 
Please note that attendees joining virtually or by phone may not comment during public comment or a public hearing; to comment, individuals must attend in person or submit written comments prior to the meeting. To ensure comments are received, please submit them in writing to City Recorder Anna Crookston at acrookston@sjc.utah.gov by 3:00 p.m. on the day of the meeting. 
The ability to participa",pmn,2026-10-05T16:59:19.069887Z
pmn_1109401,South Jordan,City Council,2026-10-06,NOTICE OF INTENT TO ISSUE A LEASE REVENUE BOND AND PUBLIC HEARING,,,https://www.utah.gov/pmn/sitemap/notice/1109401.html,"NOTICE OF INTENT TO ISSUE A LEASE REVENUE BOND
AND PUBLIC HEARING

PUBLIC NOTICE IS HEREBY GIVEN pursuant to the provisions of the Local Building Authority Act, Title 17D, Chapter 2, Utah Code Annotated 1953, as amended, and the Local Government Bonding Act, Title 11, Chapter 14, Utah Code Annotated 1953, as amended (together, the 'Act'), that the Governing Board (the 'Board') of the Municipal Building Authority of the City of South Jordan, Utah (the 'Authority') intends to issue its Lease Revenue Bonds, Series 2026 (the 'Series 2026 Bonds') and will hold a public hearing to provide members of the public desiring to be heard an opportunity to present testimony on the proposed issuance of the Series 2026 Bonds in accordance with Sections 11-14-103 and 17D-2-501 of the Utah Code Annotated 1953, as amended.  Said public hearing will be held on October 6, 2026, at 6:30 p.m., at 1600 W. Towne Center Drive, South Jordan, Utah.  The purpose of the Series 2026 Bonds is to provide funds to finance the acquisition and construction of a new fire station and related improvements including a portion of fire training facilities located offsite (the 'Series 2026 Project'); (b) fund any required debt service reserve fund; and (c) pay costs associated with the issuance of the Series 2026 Bonds.  The length of term of the Series 2026 Bonds shall not exceed 26 years.  The average annual amount that the Authority will be required to pay in principal and interest on the Series 2026 Bonds is $1,732,500.  The intended lessee of the facility to be constructed using proceeds from the Series 2026 Bonds is the City of South Jordan, Utah (the 'City') and the expected annual amount of lease payments that the City will pay is $1,732,500.  The Authority anticipates taking action on the proposal to issue the Series 2026 Bonds directly following the public hearing at the same meeting listed above.


DATED this September 16, 2026. 
	/s/ Anna Crookston	
	Secretary-Treasurer",pmn,2026-10-05T16:59:19.069905Z
pmn_1109399,South Jordan,City Council,2026-10-06,NOTICE OF PUBLIC HEARING AND BONDS TO BE ISSUED,,,https://www.utah.gov/pmn/sitemap/notice/1109399.html,"NOTICE OF PUBLIC HEARING AND BONDS TO BE ISSUED

PUBLIC NOTICE IS HEREBY GIVEN pursuant to the provisions of the Local Building Authority Act, Title 17D, Chapter 2, Utah Code Annotated 1953, as amended, and the Local Government Bonding Act, Title 11, Chapter 14, Utah Code Annotated 1953, as amended (together, the 'Act'), that on September 15, 2026, the Governing Board (the 'Board') of the Municipal Building Authority of the City of South Jordan, Utah (the 'Authority') adopted a resolution (the 'Resolution') declaring its intention to issue its Lease Revenue Bonds, Series 2026 (the 'Bonds'), and calling a public hearing to receive input from the public with respect to the issuance of the Bonds.

TIME, PLACE AND LOCATION OF PUBLIC HEARING
The Authority shall hold a public hearing on October 6, 2026, at the hour of 6:30 p.m.  The location of the public hearing is at the City offices of South Jordan, Utah (the 'City') located at 1600 W. Towne Center Drive, South Jordan, Utah.  The purpose of the hearing is to receive input from the public with respect to: (a) the proposed Bonds, and (b) any potential economic impact that the improvements, facility or property financed in whole or in part with the proceeds of the Bonds may have on the private sector.  All members of the public are invited to attend and participate. 

PURPOSE FOR ISSUING BONDS
The Authority intends to issue the Bonds to provide funds to (a) finance the acquisition and construction of a new fire station and related improvements including a portion of fire training facilities located offsite (the 'Series 2026 Project'); (b) fund any required deposits to a debt service reserve fund; and (c) pay costs associated with the issuance of the Bonds.  

PARAMETERS OF THE BONDS
The Authority intends to issue the Bonds in a principal amount of not to exceed Twenty-Seven Million Dollars ($27,000,000), to bear interest at a rate or rates of not to exceed six percent (6.00%) per annum, to mature in not more th",pmn,2026-10-05T16:59:19.069912Z
pmn_1111777,South Jordan,Planning Commission,2026-10-13,Notice of Public Hearing,,,https://www.utah.gov/pmn/sitemap/notice/1111777.html,"NOTICE OF PUBLIC HEARING

Notice is hereby given that the South Jordan City Planning Commission will hold an in-person meeting on Tuesday, October 13, 2026 beginning at 6:30 PM in the South Jordan City Hall, located at 1600 W. Towne Center Drive, South Jordan, Utah for the purpose of receiving public input on and reviewing each of the following:

-	PLPP202600181 - Autumn Ridge Dental, Preliminary Condominium Plat, 1326 W Shields Ln, Shea Bess (applicant)

The meeting may also be joined virtually via Zoom.us phone and video conferencing.  All those who desire to attend the meeting via Zoom, please visit https://www.sjc.utah.gov/planning-commission/  for further instructions on the day of the meeting. Ability to connect and view is dependent on an individual's internet connection, not the City. 

Public comment allowed only in person or written.  To assure your comments are reviewed and included in the record, written comments may be submitted in advance of the meeting by emailing Greg Schindler at gschindler@sjc.utah.gov, by 12:00 p.m. on October 13, 2026.  Any attachments to the email must be less than 20 Mb in size.
Questions may be addressed Monday through Friday during regular business hours at the South Jordan City Offices at 801-254-3742.",pmn,2026-10-05T16:59:19.070287Z
pmn_1076953,Spanish Fork,Planning Commission,2026-05-06,Spanish Fork City - Planning Commission,,,https://www.utah.gov/pmn/sitemap/notice/1076953.html,"SF Logo
Wednesday, May 6, 2026
Planning Commission
Planning Commission Agenda
PUBLIC NOTICE is hereby given that the Planning Commission of Spanish Fork, Utah, will hold a meeting in the City Council Chambers at Library Hall, on the second floor, 80 South Main Street, Spanish Fork, Utah, with a work session commencing at 5:15 p.m., and the Planning Commission Meeting commencing at 6:00 p.m. on May 6, 2026.
Planning Commissioners

Todd Mitchell
Shauna Warnick
Michelle Carroll
Michael Clayson
Paul Dayton
Dave Woodhouse

SPANISH FORK CITY does not discriminate on the basis of race, color, national origin, sex, religion, age or disability in the employment or the provision of services. The public is invited to participate in all Spanish Fork City Planning Commission Meetings located at the City Council Chambers at Library Hall, 80 South Main Street, Spanish Fork. If you need special accommodation to participate in the meeting, please contact the Community Development Office at 801-804-4580.
1. 5:15pm WORK SESSION - No formal actions are taken in a work session.
A. THOMAS MULTI-FAMILY CONCEPT REVIEW.
2. 6:00 Agenda Items
3. Minutes
A. April 1, 2026.
4. Zone Change (Public Hearing)
A. STATION 61 - ARGYLE SUBSTATION ZONE CHANGE. This proposal involves changing the zoning from R-O and R-1-6 to P-F to accommodate the development of a new City Fire Station and power substation at 137 West Center Street.
B. ARROWHEAD COMMERCIAL. This proposal involves changing the zoning from R-1-12 to C-2 General Commercial located at approximately 450 West 1675 South.
5. Project Signage Plans
A. MAVERIK CONVENIENCE STORE SIGNAGE PLAN. This proposal involves approval of a signage plan for a convenience store location at 1399 North Main Street.
B. DOUG SMITH PROJECT SIGNAGE PLAN. This proposal involves the approval of a signage plan for a proposed auto dealership located at approximately 200 East 2940 North.
6. Adjourn
End",pmn,2026-10-05T16:59:19.075419Z
pmn_1079665,Spanish Fork,Planning Commission,2026-05-12,Spanish Fork City - City Council & Planning Commission Joint Work Session,,,https://www.utah.gov/pmn/sitemap/notice/1079665.html,"SF Logo
Tuesday, May 12, 2026
City Council and Planning Commission Joint Work Session
CITY COUNCIL AND PLANNING COMMISSION JOINT WORK SESSION MEETING AGENDA
PUBLIC NOTICE is hereby given that the City Council and Planning Commission of Spanish Fork, Utah, will hold a special meeting in the Explorer Room in Library Hall, 80 South Main Street on the second floor commencing at 5:30 p.m. on May 12, 2026, Spanish Fork.

SPANISH FORK CITY does not discriminate on the basis of race, color, national origin, sex, religion, age or disability in the employment or the provision of services. The public is invited to participate in all Spanish Fork City Council and Planning Commission Meetings. If you need special accommodation to participate in the meeting, please contact the Community Development Department at 801-804-4580.
1. Work Session - No formal actions are taken in a work session.
2. Call to order 5:30 pm.
3. Required Training
A. Land Use Training provided by City Attorney Vaughn Pickell.
4. Concept Presentation
A. Heritage Community.
5. Discussion
A. City Council and Planning Commission discussion.
6. Adjourn 8:00 pm.
End",pmn,2026-10-05T16:59:19.075416Z
pmn_1084041,Spanish Fork,Planning Commission,2026-06-03,Spanish Fork City - Planning Commission,,,https://www.utah.gov/pmn/sitemap/notice/1084041.html,"SF Logo
Wednesday, June 3, 2026
Planning Commission
Planning Commission Agenda
PUBLIC NOTICE is hereby given that the Planning Commission of Spanish Fork, Utah, will hold a meeting in the City Council Chambers at Library Hall, on the second floor, 80 South Main Street, Spanish Fork, Utah, with a work session commencing at 5:15 p.m., and the Planning Commission Meeting commencing at 6:00 p.m. on June 3, 2026.
Planning Commissioners

Todd Mitchell
Shauna Warnick
Michelle Carroll
Michael Clayson
Paul Dayton
Dave Woodhouse

SPANISH FORK CITY does not discriminate on the basis of race, color, national origin, sex, religion, age or disability in the employment or the provision of services. The public is invited to participate in all Spanish Fork City Planning Commission Meetings located at the City Council Chambers at Library Hall, 80 South Main Street, Spanish Fork. If you need special accommodation to participate in the meeting, please contact the Community Development Office at 801-804-4580.
1. 5:15pm WORK SESSION - No formal actions are taken in a work session.
2. 6:00 Agenda Items
3. Minutes
A. April 1, 2026.
B. May 6, 2026.
4. Title 15 Amendments (Public Hearing)
A. TITLE 15 FLOOD DAMAGE PREVENTION. This proposal includes updates to the city's flood plain ordinance to current effective FIRM/FIS.
5. Construction Standards (Public Hearing)
A. CONSTRUCTION STANDARDS REVISION (26.01). This proposal involves various updates being made to the City's Construction Standards.
6. Adjourn
End",pmn,2026-10-05T16:59:19.075412Z
pmn_1092333,Spanish Fork,Planning Commission,2026-07-01,Spanish Fork City - Planning Commission,,,https://www.utah.gov/pmn/sitemap/notice/1092333.html,"SF Logo
Wednesday, July 1, 2026
Planning Commission
Planning Commission Agenda
PUBLIC NOTICE is hereby given that the Planning Commission of Spanish Fork, Utah, will hold a work session commencing at 5:30 p.m. During the work session, the Planning Commission will tour various sites throughout the city. The scheduled Planning Commission Meeting will commence at 7:30 p.m. on July 1, 2026 in the City Council Chambers at Library Hall, on the second floor, 80 South Main Street, Spanish Fork, Utah.
Planning Commissioners

Todd Mitchell
Shauna Warnick
Michelle Carroll
Michael Clayson
Paul Dayton
Dave Woodhouse

SPANISH FORK CITY does not discriminate on the basis of race, color, national origin, sex, religion, age or disability in the employment or the provision of services. The public is invited to participate in all Spanish Fork City Planning Commission Meetings located at the City Council Chambers at Library Hall, 80 South Main Street, Spanish Fork. If you need special accommodation to participate in the meeting, please contact the Community Development Office at 801-804-4580.
1. 5:30pm WORK SESSION - No formal actions are taken in a work session.
2. 7:30 Agenda Items
3. Minutes
A. June 3, 2026.
4. Preliminary Plat
A. NICOLSON INDUSTRIAL PARK. This proposal involves approval of a Preliminary Plat for a three-lot industrial subdivision located at 999 West 3800 North.
B. VERK 1 SUBSTATION. This proposal involves the approval of a Preliminary Plat for the development of a substation located at 1730 West 3400 North.
5. Adjourn
End",pmn,2026-10-05T16:59:19.075408Z
pmn_1098557,Spanish Fork,City Council,2026-08-04,Spanish Fork City Council,,,https://www.utah.gov/pmn/sitemap/notice/1098557.html,"CITY COUNCIL Agenda
Tuesday, August 4, 2026 at 6:00 PM

CITY COUNCIL AGENDA PUBLIC NOTICE is hereby given that the City Council of Spanish Fork, Utah, will hold a public meeting on August 4, 2026 in the Council Chambers, located on the second floor of Library Hall, 80 South Main Street.

-A Work Session Meeting will begin at 4:30 pm in the Explorer Room.

-City Council Meeting will begin at 6:00 pm in the Council Chambers.

Notice is hereby given that:

-In the event of an absence of a quorum, agenda items will be continued to the next regularly scheduled meeting.

-By motion of the Spanish Fork City Council, pursuant to Title 52, Chapter 4 of the Utah Code, the City Council may vote to hold a closed meeting for any of the purposes identified in that Chapter.

- Electronic Participation: Members of the City Council and City Staff may participate by phone, zoom, or other electronic means.

 

 

 

1.

CITY COUNCIL AGENDA
SPANISH FORK CITY does not discriminate on the basis of race, color, national origin, sex, religion, age or disability in the employment or the provision of services. The public is invited to participate in all Spanish Fork City Council Meetings located at 80 South Main Street, Utah 84660. If you need special accommodation to participate in the meeting, please contact the City Manager's Office at 801-804-4530

 

 

2.

WORK SESSION AT 4:30 PM - No formal actions are taken in a work session.
 

 

2.1

Nebo Beltway Study
 

2.2

lo Landarch Reconnaissance Survey Presentation
 

 

 

3.

ADJOURN TO CLOSED MEETING IF NEEDED- IN THE EXPLORER ROOM
The Spanish Fork City Council may temporarily recess the regular meeting and convene in a closed session to discuss (a) discussion of the character, professional competence, or physical or mental health of an individual (b) strategy sessions to discuss collective bargaining, (c) strategy sessions to discuss pending or reasonably imminent litigation, (d) ",pmn,2026-10-05T16:59:19.074016Z
pmn_1098235,Spanish Fork,Planning Commission,2026-08-05,Spanish Fork City - Planning Commission,,,https://www.utah.gov/pmn/sitemap/notice/1098235.html,"Planning Commission Agenda
Wednesday, August 5, 2026

80 South Main Street in the Council Chambers at Library Hall

Planning Commission Agenda

PUBLIC NOTICE is hereby given that the Planning Commission of Spanish Fork, Utah, will hold a meeting in the City Council Chambers at Library Hall, on the second floor, 80 South Main Street, Spanish Fork, Utah, with a work session commencing at 5:15 p.m., and the Planning Commission Meeting commencing at 6:00 p.m. on August 5, 2026.

Planning Commissioners

Shauna Warnick
Michelle Carroll
Michael Clayson
Paul Dayton
Dave Woodhouse
Darrin Mellor

 SPANISH FORK CITY does not discriminate on the basis of race, color, national origin, sex, religion, age or disability in the employment or the provision of services. The public is invited to participate in all Spanish Fork City Planning Commission Meetings located at the City Council Chambers at Library Hall, 80 South Main Street, Spanish Fork. If you need special accommodation to participate in the meeting, please contact the Community Development Office at 801-804-4580.

1. 5:15 pm WORK SESSION- No formal actions are taken in a work session
 
2. 6: 00 pm Agenda Items
 
3. ADOPTION OF MINUTES
 
3.1 July 1, 2026

Recommendation:  That the Minutes be adopted as presented

4. PRELIMINARY PLAT (Public Hearing)
 
4.1 Leland Meadows Preliminary Plat
This proposal involves approval of a Preliminary Plat for a Master Planned Development with 206 residential lots and garden homes to be located at approximately 1200 West 1400 South. 

5. ZONE CHANGE (Public Hearing)
 
5.1 Leland Meadows Zone Change
This proposal involves changing the current zoning of multiple properties from R-R to R-1-6 and R-1-15 with the Master Planned Development Overlay to accommodate a residential subdivision of 206 residential lots and garden homes as a Master Planned Development to be located at approximately 1200 West 1400 South. 

5.2 Hollow Acres Commercial Zone Change
Th",pmn,2026-10-05T16:59:19.075405Z
pmn_1101855,Spanish Fork,City Council,2026-08-18,Spanish Fork City Council,,,https://www.utah.gov/pmn/sitemap/notice/1101855.html,"CITY COUNCIL Agenda
Tuesday, August 18, 2026 at 6:00 PM

CITY COUNCIL AGENDA PUBLIC NOTICE is hereby given that the City Council of Spanish Fork, Utah, will hold a public meeting on August 18, 2026 in the Council Chambers, located on the second floor of Library Hall, 80 South Main Street.

-A Work Session Meeting will begin at 4:30 pm in the Explorer Room.

-City Council Meeting will begin at 6:00 pm in the Council Chambers.

Notice is hereby given that:

-In the event of an absence of a quorum, agenda items will be continued to the next regularly scheduled meeting.

-By motion of the Spanish Fork City Council, pursuant to Title 52, Chapter 4 of the Utah Code, the City Council may vote to hold a closed meeting for any of the purposes identified in that Chapter.

- Electronic Participation: Members of the City Council and City Staff may participate by phone, zoom, or other electronic means.


1. WORK SESSION AT 4:30 PM
No formal actions are taken in a work session.


1.1 Financing options and possible timelines for station 61 and public works building

1.2 TUF update and timeline for possible implementation
 
2. CALL TO ORDER

2.1 Prayer & Motivational Message

2.2 Pledge, led by invitation
 
3. PUBLIC COMMENTS
In order to be considerate of everyone attending the meeting and to more closely follow the published agenda times, public comment will be limited to three minutes per person - A spokesperson who has been asked by a group to summarize their concerns will be allowed five minutes to speak - Comments which cannot be made within these limits should be submitted in writing. The Mayor or Council may restrict the comments beyond these guidelines.

4. COUNCIL COMMENTS
 
5. STAFF REPORTS
 
6. CONSENT ITEMS
These items are considered by the City Council to be routine and will be enacted by a single motion. If discussion is desired on any particular consent item, that item may be removed from the consent agenda and considered separ",pmn,2026-10-05T16:59:19.074013Z
pmn_1104803,Spanish Fork,City Council,2026-09-01,AMENDED AGENDA Spanish Fork City Council,,,https://www.utah.gov/pmn/sitemap/notice/1104803.html,"CITY COUNCIL Agenda
Tuesday, September 1, 2026 at 6:00 PM

CITY COUNCIL AGENDA PUBLIC NOTICE is hereby given that the City Council of Spanish Fork, Utah, will hold a public meeting on September 1, 2026 in the Council Chambers, located on the second floor of Library Hall, 80 South Main Street.

-A Work Session Meeting will begin at 4:30 pm in the Explorer Room.

-City Council Meeting will begin at 6:00 pm in the Council Chambers.

Notice is hereby given that:

-In the event of an absence of a quorum, agenda items will be continued to the next regularly scheduled meeting.

-By motion of the Spanish Fork City Council, pursuant to Title 52, Chapter 4 of the Utah Code, the City Council may vote to hold a closed meeting for any of the purposes identified in that Chapter.

- Electronic Participation: Members of the City Council and City Staff may participate by phone, zoom, or other electronic means.

1. WORK SESSION AT 4:30 PM
No formal actions are taken in a work session.

1.1 Hillside Ordinances: landscaping, water, rock walls, enforcement, etc.

1.2 Agenda Review 

2. CALL TO ORDER
 
2.1Prayer & Motivational Message
2.2 Pledge, led by invitation
 
3. CEREMONIAL OATH OF OFFICE

3.1Police Officer Jacob Hager
3.2 Police Officers Hyrum Cox
 3.3 Police Officers Nikolas Thacker
 
4. RECOGNITION
 
4.1 Kenny Parcell Life Saving Award
Fire & EMS will recognize Kenny Parcell with the Life Saving Award for his prompt response in alerting a family to a working house fire and assisting two teenagers and the family dog to safety before crews arrived.

5. PUBLIC COMMENTS
In order to be considerate of everyone attending the meeting and to more closely follow the published agenda times, public comment will be limited to three minutes per person - A spokesperson who has been asked by a group to summarize their concerns will be allowed five minutes to speak - Comments which cannot be made within these limits should be submitted in writing. The May",pmn,2026-10-05T16:59:19.074006Z
pmn_1103577,Spanish Fork,City Council,2026-09-01,Public Notice,,,https://www.utah.gov/pmn/sitemap/notice/1103577.html,"Public hearings will be held with the Planning Commission and City Council as part of the review of the proposed Oak Village Subdivision Zone Change and Preliminary Plat approval request. This proposal involves changing the current zoning of multiple properties from R-R and R-1-12 to R-1-9 and R-1-12 with the Master Planned Development Overlay to accommodate a residential subdivision of 110 lots as a Master Planned Development to be located at approximately 100 South Spanish Fork Parkway. 
FOR MORE INFORMATION: Please contact Kasey Woodard, Community Development Division Secretary, by calling 801.804.4580 or emailing kwoodard@spanishfork.gov",pmn,2026-10-05T16:59:19.074009Z
pmn_1104629,Spanish Fork,Planning Commission,2026-09-02,Spanish Fork City - Planning Commission,,,https://www.utah.gov/pmn/sitemap/notice/1104629.html,"Planning Commission Agenda
Wednesday, September 2, 2026

80 S. Main Street in the Council Chambers at Library Hall

PUBLIC NOTICE is hereby given that the Planning Commission of Spanish Fork, Utah, will hold a meeting in the City Council Chambers at Library Hall, on the second floor, 80 S. Main Street, Spanish Fork, Utah, with a work session commencing at 5:15 p.m., and the Planning Commission Meeting commencing at 6:00 p.m. on September 2, 2026.

 
Planning Commissioners:

Michelle Carroll

Michael Clayson

Paul Dayton

Dave Woodhouse

Darrin Mellor

Megan Johnson

 
SPANISH FORK CITY does not discriminate on the basis of race, color, national origin, sex, religion, age or disability in the employment or the provision of services. The public is invited to participate in all Spanish Fork City Planning Commission Meetings located at the City Council Chambers at Library Hall, 80 South Main Street, Spanish Fork. If you need special accommodation to participate in the meeting, please contact the Community Development Office at 801-804-4580.

 
1. 5:15 pm WORK SESSION- No formal actions are taken in a work session
 
2. 6: 00 pm Agenda Items
 
3. ADOPTION OF MINUTES
 
3.1 August 5, 2026
 
4. Preliminary Plat
 
4.1 Meadow Subdivision Plat A
This proposal involves approval of a Preliminary plat for six single-family residential lots located at 1450 North Meadow Lane.

5. ZONE CHANGE (Public Hearing)
 
5.1 Oak Village Zone Change
This proposal involves a request to change the zoning of multiple properties from R-R and R-1-12 to P-F, R-1-12 and R-1-9 with the Master Planned Development Overlay. The property is located at approximately 100 South Spanish Fork Parkway. 

6. PRELIMINARY PLAT (Public Hearing)
 
6.1 Oak Village Subdivision
This proposal involves approval of a Preliminary Plat with the Master Planned Development Overlay for 110 single-family residential lots to be located at approximately 100 South Spanish Fork Parkway.",pmn,2026-10-05T16:59:19.075401Z
pmn_1109425,Spanish Fork,City Council,2026-09-21,Spanish Fork Special Meeting City Council,,,https://www.utah.gov/pmn/sitemap/notice/1109425.html,"CITY COUNCIL SPECIAL MEETING Agenda
September 21, 2026

80 South Main Street, in the Council Chambers on the 2nd floor in Library Hall

 

 

 

1.

WORK SESSION AT 4:30 PM
No formal actions are taken in a work session.

1.1 Employee Salary Study
1.2 Parks & Recreation Fee Proposals
 
2. CALL TO ORDER

2.1 Prayer & Motivational Message
2.2 Pledge, led by invitation
 
3. RECOGNITIONS

3.1 Matt Barton- Mountain Bike Trail Volunteer
3.2 Recognition - Spanish Fork City Recorder, Tara Silver - Master Municipal Clerk
 
4. PUBLIC COMMENTS
In order to be considerate of everyone attending the meeting and to more closely follow the published agenda times, public comment will be limited to three minutes per person - A spokesperson who has been asked by a group to summarize their concerns may be allowed five minutes to speak - Comments which cannot be made within these limits should be submitted in writing. The Mayor or Council may restrict the comments beyond these guidelines.

5. COUNCIL COMMENTS

6. STAFF REPORTS
 
7. CONSENT ITEMS
These items are considered by the City Council to be routine and will be enacted by a single motion. If discussion is desired on any particular consent item, that item may be removed from the consent agenda and considered separately.

7.1 Draft Minutes of City Council for 08-18-2026
City Council - Sep 01 2026 - Minutes - HtmlPublic attachment

7.2 Amendment No. 1 to the Vending Machines for Spanish Fork City FitCity Center Agreement: Addition of Location (Library)
This amendment to the original agreement adds the Spanish Fork Library as an additional location to be serviced by Stocked Vending Co. Other than the addition of the Library, there are no other amendments to the original agreement.

Spanish Fork Library Amendment No1.pdfPublic attachment

7.3 Patey Aviation Consent to Lease Assignment
This agreement allows Patey Aviation Development, LLC, to obtain a loan secured by its Development Ground L",pmn,2026-10-05T16:59:19.074002Z
pmn_1112227,Spanish Fork,City Council,2026-10-06,City Council Meeting,,,https://www.utah.gov/pmn/sitemap/notice/1112227.html,See attachment,pmn,2026-10-05T16:59:19.073997Z
pmn_1110857,Spanish Fork,City Council,2026-10-06,Spanish Fork City Council Public Hearing Notice 2027 Budget Revision 1,,,https://www.utah.gov/pmn/sitemap/notice/1110857.html,"NOTICE OF THE FISCAL YEAR 2027 BUDGET REVISION 1 PUBLIC HEARING  

A Public Hearing for the Spanish Fork City Fiscal Year 2027 Budget Revision 1 will be held before the Spanish Fork City Council on October 6, 2026, at 6:00 P.M. This hearing is to receive public comment for the following items:

 1) The proposed Budget Revision 1 for Fiscal Year 2027 Revenues, expenditures, and transfers for all funds adn all fees and utility rates schedule.

This will be held in the Spanish Fork City Council Chambers at 6 pm located at 80 S Main Street, Spanish Fork, Utah. All interested residents are invited to attend.

If you need special accommodation to participate in the meeting please contact the City Manager's office, 801-804-4530.
This was published on the Utah Public Notice Website, the City Website, and posted at the Parks and Recreation, Library Hall, and City Hall buildings by the City Recorder on 09-24-2026",pmn,2026-10-05T16:59:19.073990Z
pmn_1110855,Spanish Fork,City Council,2026-10-06,Spanish Fork City Council Public Hearing Notice Leland Meadows and Oak Village,,,https://www.utah.gov/pmn/sitemap/notice/1110855.html,"Notice of Public Hearings

The City Council will hold public hearings on Tuesday October 6, 2026, at 6:00 pm.

Zone Change & Preliminary Plat (Public Hearing):

- Leland Meadows: A public hearing will be held with the City Council as part of the
review of the proposed Leland Meadows Zone Change and Preliminary Plat approval
request. This proposal involves changing the current zoning of multiple properties from
R-R to R-1-6 and R-1-15 with the Master Planned Development Overlay to accommodate
a residential subdivision of 206 residential lots and garden homes as a Master Planned
Development to be located at approximately 1200 West 1400 South.

Zone Change & Preliminary Plat (Public Hearing):

- Oak Village: A public hearing will be held with the City Council as part of the review of
the proposed Oak Village Subdivision Zone Change and Preliminary Plat approval
request. This proposal involves changing the current zoning of multiple properties from
R-R and R-1-12 to R-1-9 and R-1-12 with the Master Planned Development Overlay to
accommodate a residential subdivision of 110 lots as a Master Planned Development to
be located at approximately 100 South Spanish Fork Parkway.

These hearings will be held in the Council Chambers at 80 South Main Street, Second Floor,
Spanish Fork. If you have any questions or comments concerning these requests, please
contact Kasey Woodard at 801.804.4580 or by email at kwoodard@spanishfork.gov. Written
questions and comments will be forwarded to the City Council.",pmn,2026-10-05T16:59:19.073993Z
pmn_1110859,Spanish Fork,City Council,2026-10-06,"Spanish Fork City Council Public Notice Regarding Fiscal Year 2027 Employee Compensation for Elective, Statutory, and Executive Municipal Officers",,,https://www.utah.gov/pmn/sitemap/notice/1110859.html,"NOTICE OF THE FISCAL YEAR 2027 EMPLOYEE COMPENSATION FOR ELECTIVE, STATUTORY, AND EXECUTIVE MUNICIPAL OFFICERS PUBLIC HEARING

A Public Hearing for the Fiscal Year 2027 employee compensation for elective, statutory, and executive municipal officers of Spanish Fork City will be held before the Spanish Fork City Council on October 6, 2026, at 6:00 P.M. This hearing is to receive public comment on proposed compensation increases for elected officials and municipal employees, including executive municipal officers, as set forth in the Fiscal Year 2027 Budget Revision 1.

This will be held in the Spanish Fork City Council Chambers at 6 pm located at 80 S Main Street, Spanish Fork, Utah. All interested residents are invited to attend.

If you need special accommodation to participate in the meeting please contact the City Manager's office, 801-804-4530.
This was published on the Utah Public Notice Website, the City Website, and posted at the Parks and Recreation, Library Hall, and City Hall buildings by the City Recorder on 09-24-2026.

Tara Silver
City Recorder",pmn,2026-10-05T16:59:19.073986Z
pmn_1112233,Spanish Fork,Planning Commission,2026-10-07,Planning Commission Meeting,,,https://www.utah.gov/pmn/sitemap/notice/1112233.html,See attachment,pmn,2026-10-05T16:59:19.075391Z
pmn_1111311,Spanish Fork,Planning Commission,2026-10-07,Planning Commission Public Hearing Notice Zone Changes and Title 15 Amendments General Plan Map Amendment,,,https://www.utah.gov/pmn/sitemap/notice/1111311.html,"Notice of Public Hearings

The City Council and Planning Commission will hold public hearings on Wednesday, October 7, 2026, and
Tuesday, October 20, 2026, at 6:00 pm.

Zone Change & General Plan Amendment (Public Hearing):
Shady Oaks Event Center
Public hearings will be held with the Planning Commission and City Council on a proposed Zone Map
Amendment and a General Plan Amendment on the subject property located at 3575 East River Bottoms
Road. The Zone Map Amendment would change the zoning from R-1-30 to C-O and the General Plan
Amendment would change the land use designation from Medium Density Residential to Mixed Use.

Zone Change (Public Hearing):
Builders FirstSource
Public hearings will be held with the Planning Commission and City Council on a proposed Zone Map
Amendment to change the zoning of the subject property located at 1617 North 300 West, from R-R to I-1.

Zone Change (Public Hearing):
Nelson Commercial
Public hearings will be held with the Planning Commission and City Council on a proposed Zone Change from
R-R Rural Residential to C-2 General Commercial for property located at 2162 South Main Street.

General Plan Map Amendment, Zone Change &amp; Preliminary Plat (Public Hearing):
Ridgeline Townhomes
Public hearings will be held with the Planning Commission and City Council to review the proposed Ridgeline
Townhomes development, located at approximately 1217 North SR-51. The proposal involves a General Plan
Map Amendment from Business Park to High Density Residential and a Zone Change request from C-2
General Commercial to R-3 Residential. This includes the Master Planned Development Overlay to allow for a
Preliminary Plat with 45 townhome units as a Master Planned Development.

Title 15 Amendments (Public Hearing):
Planning Commission: This proposal updates Title 15 regarding the procedures and training for the Planning
Commission based on recently adopted state code.

Title 15 Amendments (Public Hearing):
Volley",pmn,2026-10-05T16:59:19.075397Z
pmn_1111313,Spanish Fork,City Council,2026-10-20,"Spanish Fork City Council Public Hearing Notice Zone Changes, Title 15 Amendments, General Plan Map Amendment",,,https://www.utah.gov/pmn/sitemap/notice/1111313.html,"Information to post for the State Public Notice Website:
Notice of Public Hearings

The City Council and Planning Commission will hold public hearings on Wednesday, October 7, 2026, and
Tuesday, October 20, 2026, at 6:00 pm.

Zone Change &amp; General Plan Amendment (Public Hearing):
Shady Oaks Event Center
Public hearings will be held with the Planning Commission and City Council on a proposed Zone Map
Amendment and a General Plan Amendment on the subject property located at 3575 East River Bottoms
Road. The Zone Map Amendment would change the zoning from R-1-30 to C-O and the General Plan
Amendment would change the land use designation from Medium Density Residential to Mixed Use.

Zone Change (Public Hearing):
Builders FirstSource
Public hearings will be held with the Planning Commission and City Council on a proposed Zone Map
Amendment to change the zoning of the subject property located at 1617 North 300 West, from R-R to I-1.

Zone Change (Public Hearing):
Nelson Commercial
Public hearings will be held with the Planning Commission and City Council on a proposed Zone Change from
R-R Rural Residential to C-2 General Commercial for property located at 2162 South Main Street.

General Plan Map Amendment, Zone Change &amp; Preliminary Plat (Public Hearing):
Ridgeline Townhomes
Public hearings will be held with the Planning Commission and City Council to review the proposed Ridgeline
Townhomes development, located at approximately 1217 North SR-51. The proposal involves a General Plan
Map Amendment from Business Park to High Density Residential and a Zone Change request from C-2
General Commercial to R-3 Residential. This includes the Master Planned Development Overlay to allow for a
Preliminary Plat with 45 townhome units as a Master Planned Development.

Title 15 Amendments (Public Hearing):
Planning Commission: This proposal updates Title 15 regarding the procedures and training for the Planning
Commission based on recently adopte",pmn,2026-10-05T16:59:19.073979Z
pmn_1102565,Tooele,City Council,2026-08-19,Public Hearing Regarding Truth in Taxation During Business Meeting,,,https://www.utah.gov/pmn/sitemap/notice/1102565.html,"PUBLIC NOTICE

Notice is hereby given that the Tooele City Council will hold a Public Hearing regarding Truth in Taxation during its Business Meeting on Wednesday, August 19, 2026 at the hour of 7:00 p.m.  The meeting will be held in the Tooele City Hall Council Chambers, located at 90 North Main Street, Tooele, Utah. The complete public notice is posted on the Utah Public Notice Website www.utah.gov, the Tooele City Website www.tooelecity.gov, and at Tooele City Hall. To request a copy of the public notice or for additional inquiries please contact Shilo Baker, City Recorder at (435) 843-2111 or shilob@tooelecity.gov. 

Tooele City public meetings may be recorded and transcribed for documentation and quality assurance purposes. By attending this meeting, you consent to being recorded.  If you do not consent, we encourage you to join the City Council meeting electronically by visiting the Tooele City YouTube Channel, at https://www.youtube.com/@tooelecity or by going to YouTube.com and searching 'Tooele City Channel'. If you are attending electronically and would like to submit a written comment for the public comment period or for a public hearing item, please email cmpubliccomment@tooelecity.gov.  If submission by email is not an option, written comments may be submitted to the City Recorder.  Written comments must be submitted no later than the day prior to the meeting.  Written comments will be addressed at the designated points in the meeting.

*For the Truth in Taxation Public Hearings, the public may make oral comments by participating either in-person at Tooele City Hall or electronically (a link will be provided on our website www.tooelecity.gov at least 24 hours prior to the meeting).  Comments will be limited to no more than three (3) minutes per person. 


AGENDA

1.	Pledge of Allegiance

2.	Roll Call

3.	Presentation of the Proposed Property Tax Increase
-	Tooele City's proposed tax rate increase will generate an additional $238,092 in p",pmn,2026-10-05T16:59:19.075899Z
pmn_1102225,Tooele,Planning Commission,2026-08-26,Public Notice - Public Hearing for Compass Point CSD Land Use Map Amendment and Zoning Map Amendment,,,https://www.utah.gov/pmn/sitemap/notice/1102225.html,"PUBLIC NOTICE

NOTICE IS HERBY GIVEN THAT the Tooele Planning Commission will hold a public hearing during their business meeting scheduled for Wednesday, August 26, 2026 at 7:00 p.m. in the City Council Chambers of City Hall located at 90 North Main Street, Tooele, Utah. The complete public notice is posted on the Utah Public Notice Website www.utah.gov, the Tooele City Website www.tooelecity.gov, and at Tooele City Hall in Suite 227. To request a copy of the public notice and for additional inquiries please contact the Tooele City Planner, Andrew Aagard, at (435) 843-2132 or andrewa@tooelecity.gov

Public Hearing on a Land Use Map Amendment and Zoning Map Amendment request by Perry Homes and to consider approval for the Compass Point CSD Zoning Ordinance and to re-assign the land use designation and zoning for approximately 398 acres of property as described in the following: 

1.	Area 'A' consisting of 106 acres located at approximately 3100 North Main Street.  Proposes changing the land use from Medium Density Residential to Regional Commercial and the zoning from General Commercial and Compass Point RSD to the Compass Point CSD Zone.  

2.	Area 'B' consisting of 38.9 acres located at approximately 800 West 1000 North.  Proposes changing the zoning from Neighborhood Commercial to the Compass Point CSD Zone. 

3.	Area 'C' consisting of 51 acres located north of the Overlake Golf Course, east of the Tooele City wastewater treatment plant at 400 West.  Proposes changing the land use from Medium Density Residential to Regional Commercial and changing the zoning from the Compass Point RSD to the Compass Point CSD.  

4.	Area 'D' Consisting of 198.7 acres extending from 1800 North to 3300 North and 1200 West to the Overlake Golf Course.  Proposes changing the land use from Medium Density Residential to Regional Commercial and changing the zoning from Compass Point RSD to the Compass Point CSD.  

Tooele City public meetings may be recorded and transcribe",pmn,2026-10-05T16:59:19.076126Z
pmn_1105081,Tooele,City Council,2026-09-02,Tooele City Council & RDA Work Meeting,,,https://www.utah.gov/pmn/sitemap/notice/1105081.html,"PUBLIC NOTICE

Notice is hereby given that the Tooele City Council and the Redevelopment Agency (RDA) of Tooele City will meet in a Work Meeting on Wednesday, September 2, 2026 at 5:30 p.m.  The meeting will be held in the Tooele City Hall Council Chambers, located at 90 North Main Street, Tooele, Utah. The complete public notice is posted on the Utah Public Notice Website www.utah.gov, the Tooele City Website www.tooelecity.gov, and at Tooele City Hall. To request a copy of the public notice or for additional inquiries please contact Shilo Baker, City Recorder at (435) 843-2111 or shilob@tooelecity.gov. 

Tooele City public meetings may be recorded and transcribed for documentation and quality assurance purposes.  By attending this meeting, you consent to being recorded.  If you do not consent, we encourage you to join the City Council meeting electronically by visiting the Tooele City YouTube Channel, at https://www.youtube.com/@tooelecity or by going to YouTube.com and searching 'Tooele City Channel'.

AGENDA

1.	Open City Council Meeting

2.	Roll Call

3.	Mayor's Report

4.	Council Members' Report 

5.	Discussion Items

a.	Sewer Bond Discussion
Presented by Jason Burningham, LRB Public Finance Advisors

b.	Discussion on the History of the IS Industrial Service Zoning District and Possible Amendments to the Industrial, Light Industrial and Industrial Service Zoning Districts Regarding Land Uses Permitted Within Each Zone. 
Presented by Andrew Aagard, Community Development Director

c.	Discussion on a proposed City Code Text Amendment request by Perry Commercial to Amend Tooele City Code 7-16a-3, Residential Special Districts Eligibility and Size, Regarding the Minimum Land Requirements Necessary to Qualify for a Commercial Special District and Compliance with the Land Use Map of the General Plan.
Presented by Andrew Aagard, Community Development Director

d.	Water Discussion Regarding Interior Depletion
Presented by Paul Hansen, City E",pmn,2026-10-05T16:59:19.075895Z
pmn_1105075,Tooele,City Council,2026-09-02,Tooele City Council Business Meeting,,,https://www.utah.gov/pmn/sitemap/notice/1105075.html,"PUBLIC NOTICE

Notice is hereby given that the Tooele City Council will meet in a Business Meeting on Wednesday, September 2, 2026 immediately following the 7:00 p.m. RDA meeting.  The meeting will be held in the Tooele City Hall Council Chambers, located at 90 North Main Street, Tooele, Utah. The complete public notice is posted on the Utah Public Notice Website www.utah.gov, the Tooele City Website www.tooelecity.gov, and at Tooele City Hall. To request a copy of the public notice or for additional inquiries please contact Shilo Baker, City Recorder at (435) 843-2111 or shilob@tooelecity.gov. 

Tooele City public meetings may be recorded and transcribed for documentation and quality assurance purposes. By attending this meeting, you consent to being recorded.  If you do not consent, we encourage you to join the City Council meeting electronically by visiting the Tooele City YouTube Channel, at https://www.youtube.com/@tooelecity or by going to YouTube.com and searching 'Tooele City Channel'. If you are attending electronically and would like to submit a written comment for the public comment period or for a public hearing item, please email cmpubliccomment@tooelecity.gov.  If submission by email is not an option, written comments may be submitted to the City Recorder.  Written comments must be submitted no later than the day prior to the meeting.  Written comments will be addressed at the designated points in the meeting.

AGENDA

1.	Pledge of Allegiance

2.	Roll Call

3.	America250 Tribute - Girls Nation in Washington D.C. Presentation
Presented by Haley McCraken, Miss Teen Tooele City

4.	Presentation by Disabled American Veterans (DAV), Jordan M. Byrd, Tooele County Chapter 20

5.	Public Comment Period
The Public Comment Period is an opportunity for residents to address the City Council. Comments will be limited to no more than three (3) minutes per person unless additional time is authorized by the Governing Body.

6.	Public Hearing and Mot",pmn,2026-10-05T16:59:19.075891Z
pmn_1106113,Tooele,City Council,2026-09-03,Notice of Bonds to be Issued,,,https://www.utah.gov/pmn/sitemap/notice/1106113.html,"NOTICE OF BONDS TO BE ISSUED

NOTICE IS HEREBY GIVEN pursuant to the provisions of Section 11-14-316, Utah Code Annotated 1953, as amended, that on September 2, 2026, the City Council (the 'Council') of Tooele City, Utah (the 'City'), adopted a resolution (the 'Resolution') in which it authorized and approved the issuance of its Sewer Revenue Bonds (the 'Bonds'), in an aggregate principal amount of not to exceed $14,000,000 to bear interest at a rate or rates of not to exceed 5.50% per annum and to mature not later than 26 years from their date or dates and to be sold at a discount from par not to exceed 2.00%.  The Bonds shall be subject to such optional and mandatory redemption and other provisions as are contained in the General Indenture of Trust, described below, and the final form of the Bonds and Supplemental Indenture, described below.

Pursuant to the Resolution, the Bonds are to be issued for the purpose of (a) financing all or a portion of the cost of improvements (the 'Project') to the City's sewage collection and treatment system (collectively, the 'System'), (b) funding all or a portion of any necessary reserves in connection with the Bonds, and (c) paying all or a portion of the costs incurred in connection with the issuance and sale of the Bonds.  The Bonds are to be issued and sold by the City pursuant to the Resolution and a General Indenture of Trust (the 'General Indenture'), and a Supplemental Indenture  (the 'Supplemental Indenture') that were before the Council and attached to the Resolution at the time of the adoption of the Resolution; provided that the principal amount, interest rate or rates, maturity and discount, if any, will not exceed the respective maximums described above.

The repayment of the Bonds will be secured by a pledge of the net revenues from the System (the 'Net Revenues').

The City currently has $2,456,000 bonds currently outstanding that are secured by the Net Revenues.  More detailed information relating to the",pmn,2026-10-05T16:59:19.075885Z
pmn_1105365,Tooele,Planning Commission,2026-09-09,Public Notice - Public Hearing for a Conditional Use Permit for Automobile Repair,,,https://www.utah.gov/pmn/sitemap/notice/1105365.html,"PUBLIC NOTICE

NOTICE IS HEREBY GIVEN THAT the Tooele Planning Commission will hold a public hearing during their business meeting scheduled for Wednesday, September 9, 2026 at 7:00 p.m. in the City Council Chambers of City Hall located at 90 North Main Street, Tooele, Utah. The complete public notice is posted on the Utah Public Notice Website www.utah.gov, the Tooele City Website www.tooelecity.gov, and at Tooele City Hall in Suite 227. To request a copy of the public notice and for additional inquiries please contact the Tooele City Planner, Anna Anglin, at (435) 843-2132 or annaa@tooelecity.gov.

A Public Hearing to consider a Conditional Use Permit request by Lisa Hadzik, representing Awesome Auto Repair, to authorize the use of 'Automobile Repair' to occur at the property located at 310 East 2000 North in the General Commercial (GC) zoning district on .73 acres. Pursuant to Section 7-16-3 of the Tooele City Code, an automobile repair facility is permitted as a conditional use within the General Commercial (GC) zoning district.

Tooele City public meetings may be recorded and transcribed for documentation and quality assurance purposes. By attending this meeting, you consent to being recorded. If you do not consent, we encourage you to join the Planning Commission meeting electronically by visiting the Tooele City YouTube Channel, at https://www.youtube.com/@tooelecity or by going to YouTube.com and searching 'Tooele City Channel'. If you are attending electronically and would like to submit a written comment for a public hearing item, please email pcpubliccomment@tooelecity.gov. If submission by email is not an option, written comments may be submitted to the City Planner. Written comments must be submitted by 11:59 p.m. the day before the hearing. Written comments will be addressed at the designated points in the meeting.

Pursuant to the Americans with Disabilities Act, individuals needing special accommodation should notify Anna Anglin, Tooele City ",pmn,2026-10-05T16:59:19.076108Z
pmn_1105367,Tooele,Planning Commission,2026-09-09,Public Notice - Public Hearing for a Conditional Use Permit for a Detached Garage,,,https://www.utah.gov/pmn/sitemap/notice/1105367.html,"PUBLIC NOTICE

NOTICE IS HERBY GIVEN THAT the Tooele Planning Commission will hold a public hearing during their business meeting scheduled for Wednesday, September 9, 2026 at 7:00 p.m. in the City Council Chambers of City Hall located at 90 North Main Street, Tooele, Utah. The complete public notice is posted on the Utah Public Notice Website www.utah.gov, the Tooele City Website www.tooelecity.gov, and at Tooele City Hall in Suite 227. To request a copy of the public notice and for additional inquiries please contact the Tooele City Planner, Anna Anglin, at (435) 843-2132 or annaa@tooelecity.gov.

Public Hearing: Consider a Conditional Use Permit request submitted by Steven Laird, property owner, to allow construction of a detached garage that would cause the total lot coverage of accessory buildings to exceed the maximum 8% permitted by the zoning ordinance. The subject property is located at 576 Park Hill, consists of approximately 0.45 acres, and is zoned R1-12 Single-Family Residential.

Tooele City public meetings may be recorded and transcribed for documentation and quality assurance purposes. By attending this meeting, you consent to being recorded. If you do not consent, we encourage you to join the Planning Commission meeting electronically by visiting the Tooele City YouTube Channel, at https://www.youtube.com/@tooelecity or by going to YouTube.com and searching 'Tooele City Channel'. If you are attending electronically and would like to submit a written comment for a public hearing item, please email pcpubliccomment@tooelecity.gov. If submission by email is not an option, written comments may be submitted to the City Planner. Written comments must be submitted by 11:59 p.m. the day before the hearing. Written comments will be addressed at the designated points in the meeting.

Pursuant to the Americans with Disabilities Act, individuals needing special accommodation should notify Anna Anglin, Tooele City Planner at (435) 843-2132 prior to the me",pmn,2026-10-05T16:59:19.076111Z
pmn_1105371,Tooele,Planning Commission,2026-09-09,Public Notice - Public Hearing for a Conditional Use Permit for an Accessory Drive-Through Facility,,,https://www.utah.gov/pmn/sitemap/notice/1105371.html,"PUBLIC NOTICE

NOTICE IS HERBY GIVEN THAT the Tooele Planning Commission will hold a public hearing during their business meeting scheduled for Wednesday, September 9, 2026 at 7:00 p.m. in the City Council Chambers of City Hall located at 90 North Main Street, Tooele, Utah. The complete public notice is posted on the Utah Public Notice Website www.utah.gov, the Tooele City Website www.tooelecity.gov, and at Tooele City Hall in Suite 227. To request a copy of the public notice and for additional inquiries please contact the Tooele City Planner, Anna Anglin, at (435) 843-2132 or annaa@tooelecity.gov

Public Hearing to consider a Conditional Use Permit request by Kevin Watson, representing Chick-Fil-A Restaurants to authorize the use of an 'Accessory Drive Through Facility' for property located at approximately 967 North Main Street on approximately 1.67 acres in the GC General Commercial zoning district.

Tooele City public meetings may be recorded and transcribed for documentation and quality assurance purposes. By attending this meeting, you consent to being recorded. If you do not consent, we encourage you to join the Planning Commission meeting electronically by visiting the Tooele City YouTube Channel, at https://www.youtube.com/@tooelecity or by going to YouTube.com and searching 'Tooele City Channel'. If you are attending electronically and would like to submit a written comment for a public hearing item, please email pcpubliccomment@tooelecity.gov. If submission by email is not an option, written comments may be submitted to the City Planner. Written comments must be submitted by 11:59 p.m. the day before the hearing. Written comments will be addressed at the designated points in the meeting.

Pursuant to the Americans with Disabilities Act, individuals needing special accommodation should notify Anna Anglin, Tooele City Planner/ Zoning Administrator at (435) 843-2132 prior to the meeting.",pmn,2026-10-05T16:59:19.076115Z
pmn_1105373,Tooele,Planning Commission,2026-09-09,Public Notice - Public Hearing for a Zoning Map Amendment to Remove the Sensitive Area Overlay,,,https://www.utah.gov/pmn/sitemap/notice/1105373.html,"PUBLIC NOTICE

NOTICE IS HERBY GIVEN THAT the Tooele Planning Commission will hold a public hearing during their business meeting scheduled for Wednesday, September 9, 2026 at 7:00 p.m. in the City Council Chambers of City Hall located at 90 North Main Street, Tooele, Utah. The complete public notice is posted on the Utah Public Notice Website www.utah.gov, the Tooele City Website www.tooelecity.gov, and at Tooele City Hall in Suite 227. To request a copy of the public notice and for additional inquiries please contact the Tooele City Planner, Anna Anglin, at (435) 843-2132 or annaa@tooelecity.gov

Public Hearing Notice is hereby given that the Tooele City Planning Commission will hold a public hearing to consider a Zoning Map Amendment request submitted by Douglas Kinsman and Ron Hall, property owners, to remove the Sensitive Area Overlay from three parcels located at approximately 695 South Main Street and 598 South Canyon Road (Parcel Nos. 02-013-0-0083, 02-013-0-0090, and 02-013-0-0089). The three properties total approximately 2.02 acres and are currently zoned R1-7 Single-Family Residential and Open Space.

Tooele City public meetings may be recorded and transcribed for documentation and quality assurance purposes. By attending this meeting, you consent to being recorded. If you do not consent, we encourage you to join the Planning Commission meeting electronically by visiting the Tooele City YouTube Channel, at https://www.youtube.com/@tooelecity or by going to YouTube.com and searching 'Tooele City Channel'. If you are attending electronically and would like to submit a written comment for a public hearing item, please email pcpubliccomment@tooelecity.gov. If submission by email is not an option, written comments may be submitted to the City Planner. Written comments must be submitted by 11:59 p.m. the day before the hearing. Written comments will be addressed at the designated points in the meeting.

Pursuant to the Americans with Disabilities Act, ",pmn,2026-10-05T16:59:19.076123Z
pmn_1106657,Tooele,Planning Commission,2026-09-09,Tooele City Planning Commission Business Meeting,,,https://www.utah.gov/pmn/sitemap/notice/1106657.html,"PUBLIC NOTICE

NOTICE IS HEREBY GIVEN THAT the Tooele City Planning Commission will meet in a business meeting scheduled for Wednesday, September 9, 2026 at the hour of 7:00 p.m.  The meeting will be held in the City Council Chambers of Tooele City Hall, located at 90 North Main Street, Tooele, Utah.

Tooele City public meetings may be recorded and transcribed for documentation and quality assurance purposes. By attending this meeting, you consent to being recorded.  If you do not consent, we encourage you to join the Planning Commission meeting electronically by visiting the Tooele City YouTube Channel, at https://www.youtube.com/@tooelecity or by going to YouTube.com and searching 'Tooele City Channel'. If you are attending electronically and would like to submit a written comment for a public hearing item, please email pcpubliccomment@tooelecity.gov.  If submission by email is not an option, written comments may be submitted to the City Planner.  Written comments must be submitted by 11:59 p.m. the day before the hearing.  Written comments will be addressed at the designated points in the meeting.

AGENDA 

1.	Pledge of Allegiance

2.	Roll Call

3.	Public Hearing and Recommendation on a request for a Zoning Map Amendment to remove the Sensitive Area Overlay from three parcels located at approximately 695 South Main Street and 598 South Canyon Road on a combined total of 2.02 acres located in the Open Space & MU-160 Multiple Use Zones and the R1-7 Residential zoning district.

4.	Public Hearing and Decision to consider a Conditional Use Permit request by Steve Laird, property owner, to allow construction of a detached garage that would cause the total lot coverage of accessory buildings to exceed the maximum 8% permitted by the zoning ordinance. The subject property is located at 576 Park Hill, consists of approximately 0.45 acres, and is zoned R1-12 Single-Family Residential.

5.	Public Hearing and Decision to consider a Conditional Use Permit req",pmn,2026-10-05T16:59:19.076119Z
pmn_1105615,Tooele,City Council,2026-09-16,Notice of Public Hearing with Respect to the Issuance of Sewer Revenue Bonds,,,https://www.utah.gov/pmn/sitemap/notice/1105615.html,"PUBLIC NOTICE

TOOELE CITY, UTAH 
NOTICE OF PUBLIC HEARING WITH RESPECT TO 
SEWER REVENUE BONDS

PUBLIC NOTICE IS HEREBY GIVEN that the City Council (the 'Council') of Tooele City, Utah (the 'City'), shall hold a public hearing to receive input from the public with respect to the issuance of its Sewer Revenue Bonds (the 'Bonds') to finance all or a portion of the cost of improvements (the 'Project') to the City's sewage collection and treatment system (collectively, the 'System') and the potential economic impact that the Project will have on the private sector, pursuant to the Local Government Bonding Act, Title 11, Chapter 14, Utah Code Annotated 1953, as amended (the 'Act'). 


PURPOSE FOR ISSUING BONDS

The City intends to issue the Bonds for the purpose of (1) financing all or a portion of the costs of the acquisition, construction and improvement of the Project, (2) funding any necessary reserves and contingencies in connection with the Bonds, and (3) paying the costs incurred in connection with the issuance and sale of the Bonds. 


MAXIMUM PRINCIPAL AMOUNT OF THE BONDS

The City intends to issue the Bonds in an aggregate principal amount not exceeding $14,000,000. 


SEWER REVENUES PROPOSED TO BE PLEDGED
	
The City proposes to pledge to the payment of the Bonds the net revenues from the System (the 'Net Revenues'). 


TIME, PLACE AND LOCATION OF PUBLIC HEARING

The City will hold a public hearing during its City Council business meeting that begins at 7:00 p.m. on September 16, 2026. The public hearing will be held at the regular meeting place of the Council at 90 North Main Street, in Tooele, Utah. All members of the public are invited to attend and participate in the public hearing. Written comments may be submitted to the City, to the attention of the City Recorder, prior to the public hearing. 


PURPOSE FOR HEARING

The purpose of the hearing is to receive input from the public with respect to the issuance of the Bonds and",pmn,2026-10-05T16:59:19.075873Z
pmn_1108209,Tooele,City Council,2026-09-16,Tooele City Council Business Meeting,,,https://www.utah.gov/pmn/sitemap/notice/1108209.html,"PUBLIC NOTICE

Notice is hereby given that the Tooele City Council will meet in a Business Meeting on Wednesday, September 16, 2026 immediately following the 7:00 p.m. RDA meeting.  The meeting will be held in the Tooele City Hall Council Chambers, located at 90 North Main Street, Tooele, Utah. The complete public notice is posted on the Utah Public Notice Website www.utah.gov, the Tooele City Website www.tooelecity.gov, and at Tooele City Hall. To request a copy of the public notice or for additional inquiries please contact Shilo Baker, City Recorder at (435) 843-2111 or shilob@tooelecity.gov. 

Tooele City public meetings may be recorded and transcribed for documentation and quality assurance purposes. By attending this meeting, you consent to being recorded.  If you do not consent, we encourage you to join the City Council meeting electronically by visiting the Tooele City YouTube Channel, at https://www.youtube.com/@tooelecity or by going to YouTube.com and searching 'Tooele City Channel'. If you are attending electronically and would like to submit a written comment for the public comment period or for a public hearing item, please email cmpubliccomment@tooelecity.gov.  If submission by email is not an option, written comments may be submitted to the City Recorder.  Written comments must be submitted no later than the day prior to the meeting.  Written comments will be addressed at the designated points in the meeting.

AGENDA

1.	Pledge of Allegiance

2.	Roll Call

3.	America250 Tribute - Deseret Peak Cadet Squadron (RMR-UT-082), Civil Air Patrol - Utah Wing

4.	Public Comment Period
The Public Comment Period is an opportunity for residents to address the City Council. Comments will be limited to no more than three (3) minutes per person unless additional time is authorized by the Governing Body.

5.	Public Hearing and Motion on Ordinance 2026-27 An Ordinance of Tooele City Amending the Tooele City Zoning Map to Remove the Sensitive Area Over",pmn,2026-10-05T16:59:19.075877Z
pmn_1108191,Tooele,City Council,2026-09-16,Tooele City Council Work Meeting,,,https://www.utah.gov/pmn/sitemap/notice/1108191.html,"PUBLIC NOTICE

Notice is hereby given that the Tooele City Council will meet in a Work Meeting on Wednesday, September 16, 2026 at 6:15 p.m.  The meeting will be held in the Tooele City Hall Council Chambers, located at 90 North Main Street, Tooele, Utah. The complete public notice is posted on the Utah Public Notice Website www.utah.gov, the Tooele City Website www.tooelecity.gov, and at Tooele City Hall. To request a copy of the public notice or for additional inquiries please contact Shilo Baker, City Recorder at (435) 843-2111 or shilob@tooelecity.gov. 

Tooele City public meetings may be recorded and transcribed for documentation and quality assurance purposes.  By attending this meeting, you consent to being recorded.  If you do not consent, we encourage you to join the City Council meeting electronically by visiting the Tooele City YouTube Channel, at https://www.youtube.com/@tooelecity or by going to YouTube.com and searching 'Tooele City Channel'.

AGENDA

1.	Open City Council Meeting

2.	Roll Call

3.	Mayor's Report

4.	Council Members' Report 

5.	Discussion Items

a.	Transportation Master Plan Update
Presented by Nathan Farrer, Public Works Director

6.	Closed Meeting
~ Litigation, Property Acquisition, and/or Personnel

7.	Adjourn

					
Shilo Baker, Tooele City Recorder

Pursuant to the Americans with Disabilities Act, individuals needing special accommodations should notify Shilo Baker, Tooele City Recorder, at (435) 843-2111 or shilob@tooelecity.gov, prior to the meeting.",pmn,2026-10-05T16:59:19.075881Z
pmn_1108823,Tooele,Planning Commission,2026-09-23,Public Notice - Public Hearing to Consider Changes to City Water Rights Conveyance Requirements for New Development,,,https://www.utah.gov/pmn/sitemap/notice/1108823.html,"PUBLIC NOTICE

NOTICE IS HERBY GIVEN THAT the Tooele Planning Commission will hold a public hearing during their business meeting scheduled for Wednesday, September 23, 2026 at 7:00 p.m. in the City Council Chambers of City Hall located at 90 North Main Street, Tooele, Utah. The complete public notice is posted on the Utah Public Notice Website www.utah.gov, the Tooele City Website www.tooelecity.gov, and at Tooele City Hall in Suite 227. To request a copy of the public notice and for additional inquiries please contact the Tooele City Community Development Director, Andrew Aagard, at (435) 843-2132 or andrewa@tooelecity.gov

Public Hearing to consider amending Tooele City Code Section 7-26-2(3)(a) regarding water rights conveyance requirements and depletion rates for interior uses for new development.     

Tooele City public meetings may be recorded and transcribed for documentation and quality assurance purposes. By attending this meeting, you consent to being recorded.  If you do not consent, we encourage you to join the Planning Commission meeting electronically by visiting the Tooele City YouTube Channel, at https://www.youtube.com/@tooelecity or by going to YouTube.com and searching 'Tooele City Channel'. If you are attending electronically and would like to submit a written comment for a public hearing item, please email pcpubliccomment@tooelecity.gov.  If submission by email is not an option, written comments may be submitted to the City Planner.  Written comments must be submitted by 11:59 p.m. the day before the hearing.  Written comments will be addressed at the designated points in the meeting.

Pursuant to the Americans with Disabilities Act, individuals needing special accommodation should notify Andrew Aagard, Tooele City Planner at (435) 843-2132 prior to the meeting.",pmn,2026-10-05T16:59:19.076104Z
pmn_1108827,Tooele,Planning Commission,2026-09-23,Public Notice - Public Hearing to Consider a Conditional Use Permit for Outside Storage in the General Commercial District,,,https://www.utah.gov/pmn/sitemap/notice/1108827.html,"PUBLIC NOTICE

NOTICE IS HERBY GIVEN THAT the Tooele Planning Commission will hold a public hearing during their business meeting scheduled for Wednesday, September 23, 2026 at 7:00 p.m. in the City Council Chambers of City Hall located at 90 North Main Street, Tooele, Utah. 
The complete public notice is posted on the Utah Public Notice Website www.utah.gov, the Tooele City Website www.tooelecity.gov, and at Tooele City Hall in Suite 227. To request a copy of the public notice and for additional inquiries please contact the Tooele City Planner, Anna Anglin, at (435) 843-2132 or annaa@tooelecity.gov

PUBLIC HEARING: Consider a Conditional Use Permit request submitted by SGA Design Group to authorize Accessory Outside Storage within the General Commercial (GC) zoning district for a Walmart Drone Delivery area. The subject property is located at 99 West 1280 North on an 18.09-acre lot. Accessory Outside Storage is a conditional use in the GC zoning district pursuant to Tooele City Code Section 7-16-3, Table 1, Table of Uses.

Tooele City public meetings may be recorded and transcribed for documentation and quality assurance purposes. By attending this meeting, you consent to being recorded.  If you do not consent, we encourage you to join the Planning Commission meeting electronically by visiting the Tooele City YouTube Channel, at https://www.youtube.com/@tooelecity or by going to YouTube.com and searching 'Tooele City Channel'. If you are attending electronically and would like to submit a written comment for a public hearing item, please email pcpubliccomment@tooelecity.gov.  If submission by email is not an option, written comments may be submitted to the City Planner.  Written comments must be submitted by 11:59 p.m. the day before the hearing.  Written comments will be addressed at the designated points in the meeting.

Pursuant to the Americans with Disabilities Act, individuals needing special accommodation should notify Anna Anglin, Tooele City Plann",pmn,2026-10-05T16:59:19.076100Z
pmn_1108829,Tooele,Planning Commission,2026-09-23,Public Notice - Public Hearing to Consider a Conditional Use Permit for a Pet Shop and Grooming Use in the General Commercial Zone,,,https://www.utah.gov/pmn/sitemap/notice/1108829.html,"PUBLIC NOTICE

NOTICE IS HERBY GIVEN THAT the Tooele Planning Commission will hold a public hearing during their business meeting scheduled for Wednesday, September 23, 2026 at 7:00 p.m. in the City Council Chambers of City Hall located at 90 North Main Street, Tooele, Utah. 

The complete public notice is posted on the Utah Public Notice Website www.utah.gov, the Tooele City Website www.tooelecity.gov, and at Tooele City Hall in Suite 227. To request a copy of the public notice and for additional inquiries please contact the Tooele City Planner, Anna Anglin, at (435) 843-2132 or annaa@tooelecity.gov
Public Hearing: Consider a Conditional Use Permit request submitted by Ashlee Isbell, Business Owner of Ash's Little Shop of Howlers, to authorize the use of a pet shop/ pet grooming service within the General Commercial (GC) zone. The subject property is located at 134 W 1180 N Suite 13.

Tooele City public meetings may be recorded and transcribed for documentation and quality assurance purposes. By attending this meeting, you consent to being recorded.  If you do not consent, we encourage you to join the Planning Commission meeting electronically by visiting the Tooele City YouTube Channel, at https://www.youtube.com/@tooelecity or by going to YouTube.com and searching 'Tooele City Channel'. If you are attending electronically and would like to submit a written comment for a public hearing item, please email pcpubliccomment@tooelecity.gov.  If submission by email is not an option, written comments may be submitted to the City Planner.  Written comments must be submitted by 11:59 p.m. the day before the hearing.  Written comments will be addressed at the designated points in the meeting.

Pursuant to the Americans with Disabilities Act, individuals needing special accommodation should notify Anna Anglin, Tooele City Planner at (435) 843-2132 prior to the meeting.",pmn,2026-10-05T16:59:19.076097Z
pmn_1109993,Tooele,Planning Commission,2026-09-23,Tooele City Planning Commission Business Meeting,,,https://www.utah.gov/pmn/sitemap/notice/1109993.html,"PUBLIC NOTICE

NOTICE IS HEREBY GIVEN THAT the Tooele City Planning Commission will meet in a business meeting scheduled for Wednesday, September 23, 2026 at the hour of 7:00 p.m.  The meeting will be held in the City Council Chambers of Tooele City Hall, located at 90 North Main Street, Tooele, Utah.

Tooele City public meetings may be recorded and transcribed for documentation and quality assurance purposes. By attending this meeting, you consent to being recorded.  If you do not consent, we encourage you to join the Planning Commission meeting electronically by visiting the Tooele City YouTube Channel, at https://www.youtube.com/@tooelecity or by going to YouTube.com and searching 'Tooele City Channel'. If you are attending electronically and would like to submit a written comment for a public hearing item, please email pcpubliccomment@tooelecity.gov.  If submission by email is not an option, written comments may be submitted to the City Planner.  Written comments must be submitted by 11:59 p.m. the day before the hearing.  Written comments will be addressed at the designated points in the meeting.

AGENDA 

1.	Pledge of Allegiance

2.	Roll Call

3.	Public Hearing and Decision on a Conditional Use Permit request submitted by Ashlee Isbell, Business Owner of Ash's Little Shop of Howlers, to authorize the use of a pet shop/ pet grooming service within the General Commercial (GC) zone. The subject property is located at 134 W 1180 N Suite 13.

4.	Public Hearing and Decision on a Conditional Use Permit request submitted by SGA Design Group to authorize Accessory Outside Storage within the General Commercial (GC) zoning district for a Walmart Drone Delivery area. The subject property is located at 99 West 1280 North on an 18.09-acre lot.

5.	Decision on a Preliminary Subdivision Plan request by Perry Homes, Inc., for the Compass Point Village 5 subdivision proposed to be located at 3072 N 400 West consisting of 181 residential lots on 21.75 acres in th",pmn,2026-10-05T16:59:19.076091Z
pmn_1111711,Tooele,City Council,2026-10-07,Notice of Public Hearing to Consider FY27 Budget Amendments,,,https://www.utah.gov/pmn/sitemap/notice/1111711.html,"Public Notice

Notice is hereby given that the Tooele Council of Tooele City, Utah, will hold a Public Hearing to consider approving budget amendments for fiscal year 2026-2027. The hearing will be held on Wednesday, October 7, 2026, at 7:00 p.m. The meeting will be held at the Tooele City Hall Council Chambers, located at 90 North Main Street, Tooele, Utah.

Tooele City public meetings may be recorded and transcribed for documentation and quality assurance purposes. By attending this meeting, you consent to being recorded. If you do not consent, we encourage you to join the City Council meeting electronically by visiting the Tooele City YouTube Channel, at https://www.youtube.com/@tooelecity or by going to YouTube.com and searching 'Tooele City Channel'. If you are attending electronically and would like to submit a written comment for the public comment period or for a public hearing item, please email cmpubliccomment@tooelecity.gov. If submission by email is not an option, written comments may be submitted to the City Recorder. Written comments must be submitted by 11:59 p.m. the day before the hearing. Written comments will be addressed at the designated points in the meeting.

Pursuant to the Americans with Disabilities Act, individuals needing special accommodations should notify Shilo Baker, Tooele City Recorder, at 435-843-2113 or shilob@tooelecity.gov, prior to the meeting.",pmn,2026-10-05T16:59:19.075865Z
pmn_1112601,Tooele,City Council,2026-10-07,Tooele City Council Business Meeting,,,https://www.utah.gov/pmn/sitemap/notice/1112601.html,"PUBLIC NOTICE

Notice is hereby given that the Tooele City Council will meet in a Business Meeting on Wednesday, October 7, 2026 at 7:00 p.m.  The meeting will be held in the Tooele City Hall Council Chambers, located at 90 North Main Street, Tooele, Utah. The complete public notice is posted on the Utah Public Notice Website www.utah.gov, the Tooele City Website www.tooelecity.gov, and at Tooele City Hall. To request a copy of the public notice or for additional inquiries please contact Shilo Baker, City Recorder at (435) 843-2111 or shilob@tooelecity.gov. 

Tooele City public meetings may be recorded and transcribed for documentation and quality assurance purposes. By attending this meeting, you consent to being recorded.  If you do not consent, we encourage you to join the City Council meeting electronically by visiting the Tooele City YouTube Channel, at https://www.youtube.com/@tooelecity or by going to YouTube.com and searching 'Tooele City Channel'. If you are attending electronically and would like to submit a written comment for the public comment period or for a public hearing item, please email cmpubliccomment@tooelecity.gov.  If submission by email is not an option, written comments may be submitted to the City Recorder.  Written comments must be submitted no later than the day prior to the meeting.  Written comments will be addressed at the designated points in the meeting.

AGENDA

1.	Pledge of Allegiance

2.	Roll Call

3.	America250 Tribute - Tooele County Quilters

4.	Domestic Violence Awareness Month Proclamation 2026
Presented by Mayor Manzione

5.	Public Comment Period
The Public Comment Period is an opportunity for residents to address the City Council. Comments will be limited to no more than three (3) minutes per person unless additional time is authorized by the Governing Body.

6.	Public Hearing and Motion on Resolution 2026-74 A Resolution of the Tooele City Council Approving Budget Amendments for Fiscal Year 2026-2027.
",pmn,2026-10-05T16:59:19.075858Z
pmn_1112603,Tooele,City Council,2026-10-07,Tooele City Council Work Meeting,,,https://www.utah.gov/pmn/sitemap/notice/1112603.html,"PUBLIC NOTICE

Notice is hereby given that the Tooele City Council will meet in a Work Meeting on Wednesday, October 7, 2026 at 5:30 p.m.  The meeting will be held in the Tooele City Hall Council Chambers, located at 90 North Main Street, Tooele, Utah. The complete public notice is posted on the Utah Public Notice Website www.utah.gov, the Tooele City Website www.tooelecity.gov, and at Tooele City Hall. To request a copy of the public notice or for additional inquiries please contact Shilo Baker, City Recorder at (435) 843-2111 or shilob@tooelecity.gov. 

Tooele City public meetings may be recorded and transcribed for documentation and quality assurance purposes.  By attending this meeting, you consent to being recorded.  If you do not consent, we encourage you to join the City Council meeting electronically by visiting the Tooele City YouTube Channel, at https://www.youtube.com/@tooelecity or by going to YouTube.com and searching 'Tooele City Channel'.

AGENDA
1.	Open City Council Meeting

2.	Roll Call

3.	Mayor's Report

4.	Council Members' Report 

5.	Discussion Items
a.	Septic Systems - Sewer Connection Enforcement and Fee Schedules
Presented by Matt Johnson, City Attorney
b.	Parks Department Purchase Discussion - Articulating Lift	
Presented by Darwin Cook

6.	Closed Meeting
~ Litigation, Property Acquisition, and/or Personnel

7.	Adjourn

					
Shilo Baker, Tooele City Recorder

Pursuant to the Americans with Disabilities Act, individuals needing special accommodations should notify Shilo Baker, Tooele City Recorder, at (435) 843-2111 or shilob@tooelecity.gov, prior to the meeting.",pmn,2026-10-05T16:59:19.075869Z
pmn_1072411,Vineyard,Planning Commission,2026-04-15,CANCELED Planning Commission Meeting,,,https://www.utah.gov/pmn/sitemap/notice/1072411.html,"CANCELATION OF REGULAR MEETING
OF THE VINEYARD PLANNING COMMISSION,
Wednesday, April 15, 2026, 7:00 p.m.
CANCELATION NOTICE

PUBLIC NOTICE is hereby given that the Vineyard City Planning Commission's regularly scheduled meeting for April 15, 2026, has been canceled. 
 
The foregoing CANCELATION notice was posted on the Utah Public Notice Website and Vineyard Website, posted at the Vineyard City Offices and City Hall, and delivered electronically to city staff and each member of the Planning Commission.


CANCELLATION NOTICING COMPLETED ON: April 13, 2026

NOTICED BY:   /s/ Rachel Stevens
                          Rachel Stevens, Planner",pmn,2026-10-05T16:59:19.074400Z
pmn_1077143,Vineyard,Planning Commission,2026-05-06,Planning Commission Agenda - Amended,,,https://www.utah.gov/pmn/sitemap/notice/1077143.html,"Page 1 of 2; May 6, 2026, Planning Commission Agenda
NOTICE OF A REGULAR
PLANNING COMMISSION MEETING
May 6, 2026, at 7:00 PM
________________
PUBLIC NOTICE is hereby given that the Vineyard Planning Commission will hold a regularly 
scheduled Planning Commission meeting on Wednesday, May 6, 2026, at 7:00 PM, in the City 
Council Chambers at City Hall, 125 South Main Street, Vineyard, UT. This meeting can also be 
viewed on our live stream page.
1. CALL TO ORDER/INVOCATION/INSPIRATIONAL THOUGHT/PLEDGE OF 
ALLEGIANCE
2. PRESENTATIONS/RECOGNITIONS/AWARDS/PROCLAMATIONS
3. PUBLIC COMMENTS PC
Time dedicated for public comment. Comments will be limited to three (3) minutes. No 
actions may be taken by the Planning Commission due to the need for proper public 
noticing. Public comments can be submitted ahead of time to planning@vineyardutah.gov.
4. CONSENT ITEMS
5. BUSINESS ITEMS
5.1. Chair and Vice-Chair Re-election
The Commission will nominate and then elect the standing Chair and Vice-Chair 
positions for the 2026 calendar year.
5.2. Conditional Use and Site Plan Application- Tire Auto Body Shop and Retail at 
430 S Geneva Road, Regional Commercial Zone
Guilford Rand requests approval of a site plan for a two-building commercial 
development at 430 S Geneva Road in the Regional Commercial Zone, including a 
tire/auto body shop, general retail space, restaurant, parking, landscaping, and related 
site improvements.
5.3. Site Plan Amendment: Utah City Wellness Center and Resort Pool Phase 2
Flagborough requests approval of a site plan amendment for Utah City Wellness 
Center and Resort Pool Phase 2 to update building elevations and landscaping, with no 
other changes to the previously approved site plan.
6. WORK SESSION
6.4. Floodplain Regulation Update, National Flood Insurance Program (NFIP) 
Page 2 of 2; May 6, 2026, Planning Commission Agenda
Compliance
Updates to the City's floodplain management ordinance are required to maintain 
c",pmn,2026-10-05T16:59:19.074397Z
pmn_1085007,Vineyard,Planning Commission,2026-06-03,Planning Commission Cancellation Notice,,,https://www.utah.gov/pmn/sitemap/notice/1085007.html,"CANCELATION OF REGULAR MEETING
OF THE VINEYARD PLANNING COMMISSION,
Wednesday, June 3, 2026, 7:00 p.m.
CANCELATION NOTICE

PUBLIC NOTICE is hereby given that the Vineyard City Planning Commission's regularly scheduled meeting for June 3, 2026, has been canceled. 
 
The foregoing CANCELATION notice was posted on the Utah Public Notice Website and Vineyard Website, posted at the Vineyard City Offices and City Hall, and delivered electronically to city staff and each member of the Planning Commission.


CANCELLATION NOTICING COMPLETED ON: June 1, 2026

NOTICED BY:   /s/ Rachel Stevens
                          Rachel Stevens, Planner",pmn,2026-10-05T16:59:19.074393Z
pmn_1089445,Vineyard,Planning Commission,2026-06-17,Planning Commission Cancellation Notice 6.17.26 Meeting,,,https://www.utah.gov/pmn/sitemap/notice/1089445.html,"CANCELATION OF REGULAR MEETING
OF THE VINEYARD PLANNING COMMISSION,
Wednesday, June 17, 2026, 7:00 p.m.


CANCELATION NOTICE

PUBLIC NOTICE is hereby given that the Vineyard City Planning Commission's regularly scheduled meeting for June 17, 2026, has been canceled. 
The next scheduled meeting is on July 15, 2026.


The foregoing CANCELATION notice was posted on the Utah Public Notice Website and Vineyard Website, posted at the Vineyard City Offices and City Hall, and delivered electronically to city staff and each member of the Planning Commission.


CANCELLATION NOTICING COMPLETED ON: June 15, 2026

NOTICED BY:   /s/ Anthony Fletcher
                          Anthony Fletcher, Long Range Planner",pmn,2026-10-05T16:59:19.074390Z
pmn_1092729,Vineyard,City Council,2026-07-07,City Council Meeting,,,https://www.utah.gov/pmn/sitemap/notice/1092729.html,"NOTICE OF A REGULAR
CITY COUNCIL WORK MEETING
July 7, 2026, at 4:00 PM
	________________	
PUBLIC NOTICE is hereby given that the Vineyard City Council will hold a regularly scheduled City Council Work Meeting on Tuesday, July 7, 2026, at 4:00 PM, in the City Council Chambers at City Hall, 125 South Main Street, Vineyard, UT. This meeting can also be viewed on our live stream page.

AGENDA


1.	CALL TO ORDER

2.	INVOCATION AND PLEDGE OF ALLEGIANCE (BY INVITATION)


3.	PUBLIC COMMENTS (3 Mins)
 	'Public Comments' is defined as time set aside for citizens to express their views. Public comments can be submitted ahead of time to robinr@vineyardutah.gov.

4.	CONSENT ITEMS

 	4.1.	Approval of the June 23, 2026, City Council Meeting Minutes

5.	WORK SESSION

 	5.1.	Discuss 400 South Road Construction (Council Member Holdaway)

 	5.2.	Discuss Motorized Bikes, Scooters, and Other Means of Transportation (Deputy Chief Holden Rockwell)

        5.3  Discuss Resolution 2026-31 - Insignificant Land Resolution (Council Member Ezra Nair)

6.	COMMUNICATION ITEMS


7.	ADJOURNMENT",pmn,2026-10-05T16:59:19.074228Z
pmn_1094817,Vineyard,City Council,2026-07-14,City Council Meeting,,,https://www.utah.gov/pmn/sitemap/notice/1094817.html,"NOTICE OF A REGULAR CITY COUNCIL MEETING
 July 14, 2026, at 6:00 PM


PUBLIC NOTICE is hereby given that the Vineyard City Council will hold a regularly scheduled City Council meeting on Tuesday, July 14, 2026, at 6:00 PM, in the City Council Chambers at City Hall, 125 South Main Street, Vineyard, UT. This meeting can also be viewed on our live stream page.
AGENDA


1.	CALL TO ORDER

2.	INVOCATION AND PLEDGE OF ALLEGIANCE (BY INVITATION)

3.	PRESENTATIONS
        3.1.	Utah County Mosquito Abatement Program Presentation (Jason Bird, Utah County) 15 mins
Presentation from the Utah County Health Department regarding mosquito abatement services and ongoing mosquito control efforts within Vineyard City and throughout Utah County.

4.	PUBLIC COMMENTS
'Public Comments' is defined as time set aside for citizens to express their views. Public comments can be submitted ahead of time to robinr@vineyardutah.gov.

5.	CONSENT ITEMS
         5.1.	Acceptance of the West Rail Trail from Utah County

6.	BUSINESS ITEMS
        6.1.	Approve Resolution 2026-31 Insignificant Land

7.	ADJOURNMENT",pmn,2026-10-05T16:59:19.074224Z
pmn_1098945,Vineyard,City Council,2026-08-04,City Council Meeting,,,https://www.utah.gov/pmn/sitemap/notice/1098945.html,"NOTICE OF A REGULAR CITY COUNCIL MEETING
August 4, 2026, at 4:00 PM


PUBLIC NOTICE is hereby given that the Vineyard City Council will hold a regularly scheduled City Council meeting on Tuesday, August 4, 2026, at 4:00 PM, in the City Council Chambers at City Hall, 125 South Main Street, Vineyard, UT. This meeting can also be viewed on our live stream page.
AGENDA

1.	CALL TO ORDER

2.	INVOCATION AND PLEDGE OF ALLEGIANCE (BY INVITATION)

3.	WORK SESSION
        3.1.	Discuss Resolution 2026-33 400 South Road Design and Construction Proposal
        3.2.	Discuss design work and build out of Gammon Park Extension (Pumpkin Patch Area) (Brian Vawdrey)
                Discuss design work and build out of Gammon Park Extension (Pumpkin Patch Area)
       3.3.	Discussion on Geneva Ponds Lease Proposal
                The Utah Division of Forestry, Fire and State Lands' proposed sovereign lands lease and land exchange with Geneva Acquisitions, LLC, including the upcoming public meeting and state       review process.

4.	PUBLIC COMMENTS (3 MINUTES)
        'Public Comments' is defined as time set aside for citizens to express their views. Public comments can be submitted ahead of time to robinr@vineyardutah.gov.

5.	ADJOURNMENT",pmn,2026-10-05T16:59:19.074221Z
pmn_1098575,Vineyard,Planning Commission,2026-08-05,8.05.2026 - Planning Commission Meeting,,,https://www.utah.gov/pmn/sitemap/notice/1098575.html,"NOTICE OF A REGULAR
PLANNING COMMISSION MEETING
August 5, 2026, at 7:00 PM
	________________	
PUBLIC NOTICE is hereby given that the Vineyard Planning Commission will hold a regularly scheduled Planning Commission meeting on Wednesday, August 5, 2026, at 7:00 PM, in the City Council Chambers at City Hall, 125 South Main Street, Vineyard, UT. This meeting can also be viewed on our live stream page.


1.	CALL TO ORDER


2.	PRESENTATIONS, RECOGNITIONS, AWARDS, AND PROCLAMATIONS

3.	PUBLIC COMMENTS PC
 	Time dedicated for public comment. Comments will be limited to three (3) minutes. No actions may be taken by the Planning Commission due to the need for proper public noticing. Public comments can be submitted ahead of time to planning@vineyardutah.gov.

4.	CONSENT ITEMS


5.	BUSINESS ITEMS

 	5.1.	Review of Planning Commission Meeting Frequency
 	 	

 	5.2.	PLAN26-0010 Site Plan Application Amendment - Utah City Racquet Club - Clubhouse
 	 	

6.	WORK SESSION

 	6.3.	Land-use application review policy timelines
 	 	

7.	STAFF AND COMMISSION REPORTS


8.	ADJOURNMENT



The next regularly scheduled meeting is on  _________08.19.2026_____________

The public is invited to participate in all Planning Commission meetings. In compliance with the Americans with Disabilities Act, individuals needing special accommodations during this public meeting should notify the planning staff at least 24 hours prior to the meeting by calling (801) 226-1929 or email at planning@vineyardutah.gov.

The foregoing notice and agenda were posted on the Utah Public Notice Website and Vineyard Website, posted at Vineyard City Hall, and delivered electronically to city staff and each member of the Planning Commission. 

AGENDA NOTICING COMPLETED ON:	 July 30, 2026


CERTIFIED (NOTICED) BY:	
/s/ Anthony Fletcher

Anthony Fletcher, Planner.",pmn,2026-10-05T16:59:19.074387Z
pmn_1100091,Vineyard,City Council,2026-08-11,City Council Meeting,,,https://www.utah.gov/pmn/sitemap/notice/1100091.html,"NOTICE OF A REGULAR CITY COUNCIL MEETING
August 11, 2026, at 6:00 PM


PUBLIC NOTICE is hereby given that the Vineyard City Council will hold a regularly scheduled City Council meeting on Tuesday, August 11, 2026, at 6:00 PM, in the City Council Chambers at City Hall, 125 South Main Street, Vineyard, UT. This meeting can also be viewed on our live stream page.
AGENDA

1.	CALL TO ORDER

2.	INVOCATION AND PLEDGE OF ALLEGIANCE (BY INVITATION)

3.	PUBLIC HEARINGS
        3.1.	Public Hearing for an Amendment of Vineyard City Subdivision Code
        3.2.	Public Hearing for Proposed Amendment to the Vineyard Consolidated Fee Schedule Establishing a $150 Insignificant Land Disposal Application Fee

4.	PUBLIC COMMENTS (3 MINUTES)
'Public Comments' is defined as time set aside for citizens to express their views. Public comments can be submitted ahead of time to robinr@vineyardutah.gov.

5.	CONSENT ITEMS
        5.1.	Approval of the July 7, 2026, City Council Meeting Minutes
        5.2.	Approval of the July 14th, 2026, City Council Meeting Minutes
        5.3.	Approval of the August 4, 2026, City Council Meeting Minutes
        5.4.	Approve Ordinance 2026-07 Amending Municipal Code for the Planning Department (Anthony Fletcher)
        5.5.	Approve Resolution 2026-34 Amending the Consolidated Fee Schedule to include an Insignificant Land Disposal Application Fee (Evan Smith)

6.	CLOSED SESSION
The Mayor and City Council pursuant to Utah Code 52-4-205 may vote to go into a closed session for the purpose of litigation.

7.	ADJOURNMENT",pmn,2026-10-05T16:59:19.074217Z
pmn_1102489,Vineyard,City Council,2026-08-18,City Council Work Meeting,,,https://www.utah.gov/pmn/sitemap/notice/1102489.html,"NOTICE OF A REGULAR CITY COUNCIL MEETING
August 18, 2026, at 4:00 PM


PUBLIC NOTICE is hereby given that the Vineyard City Council will hold a regularly scheduled City Council meeting on Tuesday, August 18, 2026, at 4:00 PM, in the City Council Chambers at City Hall, 125 South Main Street, Vineyard, UT. This meeting can also be viewed on our live stream page.
AGENDA

1.	CALL TO ORDER

2.	INVOCATION AND PLEDGE OF ALLEGIANCE (BY INVITATION)

3.	WORK SESSION
        3.1.	Discuss 400 South Road Design Proposals
        3.2.	Discuss ALPR Cameras (Automatic License Plate Reading)
        3.3.	Discuss Vineyard City Fiscal Year 2026-2027 Budget

4.	PUBLIC COMMENTS (3 MINUTES)
'Public Comments' is defined as time set aside for citizens to express their views. Public comments can be submitted ahead of time to robinr@vineyardutah.gov.

5.	ADJOURNMENT",pmn,2026-10-05T16:59:19.074213Z
pmn_1103951,Vineyard,City Council,2026-08-25,City Council Meeting,,,https://www.utah.gov/pmn/sitemap/notice/1103951.html,"NOTICE OF A REGULAR CITY COUNCIL MEETING
August 25, 2026, at 5:30 PM


PUBLIC NOTICE is hereby given that the Vineyard City Council will hold a regularly scheduled City Council meeting on Tuesday, August 25, 2026, at 5:30 PM, in the City Council Chambers at City Hall, 125 South Main Street, Vineyard, UT. This meeting can also be viewed on our live stream page.
AGENDA

1.	CALL TO ORDER

2.	CLOSED SESSION
The Mayor and City Council, pursuant to Utah Code 52-4-205, may vote to go into a closed session for the purpose of litigation, real property, or personnel.

3.	INVOCATION AND PLEDGE OF ALLEGIANCE (BY INVITATION)

4.	PUBLIC HEARING
       4.1.	Public Hearing for Budget Amendments to the Fiscal Year 2026-2027 Budget
       4.2.	Public Hearing for Executive Officers' Compensation

5.	PUBLIC COMMENTS (3 MINUTES)
'Public Comments' is defined as time set aside for citizens to express their views. Public comments can be submitted ahead of time to robinr@vineyardutah.gov.

6.	WORK SESSION
        6.1.	Discuss 400 South Road Proposal and Cadence/Goodboro Vineyard Project Development Agreement

7.	CONSENT ITEMS
        7.1.	Approval of the August 18, 2026, City Council Meeting Minutes
        7.2.	Approval of the August 11, 2026, City Council Meeting Minutes
 
8.	BUSINESS ITEMS
        8.1.	Approve Ordinance 2026-10 Budget Amendments to the Fiscal Year 2026-2027 Budget, Including Municipal Executive Officers' Salaries.

9.	ADJOURNMENT",pmn,2026-10-05T16:59:19.074210Z
pmn_1102951,Vineyard,City Council,2026-08-25,Public Hearing Notice,,,https://www.utah.gov/pmn/sitemap/notice/1102951.html,"NOTICE OF PUBLIC HEARING
The Vineyard City Council will hold public hearings on Tuesday, August 25, 2026, starting at 6:00 PM or as soon thereafter as possible, in the City Council Chambers at 125 South Main Street, Vineyard, Utah, to hear public comment regarding a compensation increase for elective and statutory officials and amendments to the Fiscal Year 2026-2027 Budget.
Any persons having an interest in these matters may attend and be heard during the public hearings. Written comments and requests for copies of materials can be emailed to robinr@vineyardutah.gov prior to the meeting.
The related budget documents can be found on our website at vineyardutah.gov
In compliance with the Americans with Disabilities Act, individuals needing special accommodations during this meeting should notify the City Recorder at least 24 hours prior to the meeting by calling (385) 338.5183.
I, the undersigned Deputy City Recorder for Vineyard, Utah, hereby certify that the foregoing Public Notice was posted at the Vineyard City Office, on the Vineyard City website, and on the Utah Public Notice website.
Posted: August 18, 2026
Certified (Noticed) by: /s/ Tony Lara, Deputy City Recorder",pmn,2026-10-05T16:59:19.074206Z
pmn_1105123,Vineyard,Planning Commission,2026-09-02,Planning Commission Meeting,,,https://www.utah.gov/pmn/sitemap/notice/1105123.html,"NOTICE OF A REGULAR PLANNING COMMISSION MEETING
September 2, 2026, at 7:00 PM


PUBLIC NOTICE is hereby given that the Vineyard Planning Commission will hold a regularly scheduled Planning Commission meeting on Wednesday, September 2, 2026, at 7:00 PM, in the City Council Chambers at City Hall, 125 South Main Street, Vineyard, UT. This meeting can also be viewed on our live stream page.

1.	CALL TO ORDER

2.	PRESENTATIONS, RECOGNITIONS, AWARDS, AND PROCLAMATIONS

3.	PUBLIC COMMENTS PC
Time dedicated for public comment. Comments will be limited to three (3) minutes. No actions may be taken by the Planning Commission due to the need for proper public noticing. Public comments can be submitted ahead of time to planning@vineyardutah.gov.

4.	CONSENT ITEMS
        4.1.	No Consent Items

5.	BUSINESS ITEMS
        5.2.	Public Hearing - To Consider Ordinance 2026-11 for compliance to Senate Bill 284
        5.3.	PLAN26-0013 Conditional Use Permit - Family Entertainment (Coin-Operated Arcade Games)
        5.4.	PLAN25-0003 Site Plan Application - 1600 North Office Vineyard Propertiesof Utah

6.	WORK SESSION

7.	STAFF AND COMMISSION REPORTS

8.	ADJOURNMENT",pmn,2026-10-05T16:59:19.074383Z
pmn_1106709,Vineyard,City Council,2026-09-08,City Council Meeting,,,https://www.utah.gov/pmn/sitemap/notice/1106709.html,"NOTICE OF A REGULAR CITY COUNCIL MEETING
September 8, 2026, at 6:00 PM


PUBLIC NOTICE is hereby given that the Vineyard City Council will hold a regularly scheduled City Council meeting on Tuesday, September 8, 2026, at 6:00 PM, in the City Council Chambers at City Hall, 125 South Main Street, Vineyard, UT. This meeting can also be viewed on our live stream page.
AGENDA

1.	CALL TO ORDER

2.	INVOCATION AND PLEDGE OF ALLEGIANCE (BY INVITATION)

3.	PUBLIC HEARING
        3.1.	Public Hearing - Senate Bill 284/City Code Compliance

4.	PUBLIC COMMENTS (3 MINUTES)
        'Public Comments' is defined as time set aside for citizens to express their views. Public comments can be submitted ahead of time to robinr@vineyardutah.gov.

5.	APPOINTMENTS AND REMOVALS
        5.1.	Appoint Steffani Winder to the Vineyard Library Board

6.	PROCLAMATIONS
        6.1.	Constitution Week - September 17 through 23, 2026.

7.	WORK SESSION
        7.1 Review of the First Amendment to the Holdaway Fields Development Agreement with Cadence Homes and Goodboro Homes (Developers)

8.	CONSENT ITEMS
        8.1.	Approval of the August 25, 2026, City Council Meeting Minutes

9.	BUSINESS ITEMS
        9.1.	DISCUSSION AND ACTION - 300 West Parking and Striping Plan

10.	CLOSED SESSION
        The Mayor and City Council, pursuant to Utah Code 52-4-205, may vote to go into closed session for the purpose of real property, litigation, or personnel matters.

11.	ADJOURNMENT",pmn,2026-10-05T16:59:19.074203Z
pmn_1108003,Vineyard,City Council,2026-09-15,Special City Council Meeting,,,https://www.utah.gov/pmn/sitemap/notice/1108003.html,"NOTICE OF A SPECIAL CITY COUNCIL MEETING
September 15, 2026, at 6:00 PM


PUBLIC NOTICE is hereby given that the Vineyard City Council will hold a SPECIAL City Council meeting on Tuesday, September 15, 2026, at 6:00 PM, in the City Council Chambers at City Hall, 125 South Main Street, Vineyard, UT. This meeting can also be viewed on our live stream page.

AGENDA

1.	CALL TO ORDER

2.	INVOCATION AND PLEDGE OF ALLEGIANCE (BY INVITATION)

3.	PUBLIC COMMENTS (3 MINUTES)
'Public Comments' is defined as time set aside for citizens to express their views. Public comments can be submitted ahead of time to robinr@vineyardutah.gov.

4.	WORK SESSION
        4.1  Interview Candidates for City Council Vacancy

5.	PROCLAMATIONS
        5.1.	Charlie Kirk Day of Remembrance September 10, 2026

6.	CONSENT ITEMS
        6.1.	Approval of the September 8, 2026, City Council Meeting Minutes

7.	BUSINESS ITEMS
        7.1.	Approve the First Amendment to the Holdaway Fields Development Agreement with Cadence Homes and Goodboro Homes (Developers)
        7.2.	Accept Quit Claim Deed for Holdaway Properties 
        7.3.	Appoint A City Treasurer
        7.4	Select Candidate for City Council Vacancy
        7.5.	City Council Annual Meeting Schedule Amendment #3 (Resolution 2026-35)

8.	ADJOURNMENT",pmn,2026-10-05T16:59:19.074199Z
pmn_1110699,Vineyard,City Council,2026-09-24,ARCH Commission Meeting,,,https://www.utah.gov/pmn/sitemap/notice/1110699.html,"NOTICE OF A REGULAR ARCH COMMISSION MEETING
September 24, 2026, at 6:00 PM

PUBLIC NOTICE is hereby given that the Vineyard ARCH Commission will hold a regularly scheduled ARCH Commission meeting on Thursday, September 24, 2026, at 6:00 PM, in the City Council Chambers at City Hall, 125 South Main Street, Vineyard, UT.

AGENDA

1.	CALL TO ORDER

2.	INVOCATION AND PLEDGE OF ALLEGIANCE (By Invitation)

3.	WORK SESSION
        3.1.	Vineyard Days Art Show Follow-Up
        3.2.	ARCH Project for Fiscal Year '26-27
        3.3.	Review of ARCH Grant Docs

4.	BUSINESS ITEMS
       4.1.	Secretary Nomination

5.	STAFF AND COMMISSION REPORTS
        5.1.	Events Staff Report
        5.2.	Parks & Rec Director Staff Report

6.	ADJOURNMENT",pmn,2026-10-05T16:59:19.074193Z
pmn_1112263,Vineyard,Planning Commission,2026-10-07,Planning Commission Regular Meeting - 10/07/2026,,,https://www.utah.gov/pmn/sitemap/notice/1112263.html,"NOTICE OF A REGULAR
PLANNING COMMISSION MEETING
October 7, 2026, at 7:00 PM
	________________	
PUBLIC NOTICE is hereby given that the Vineyard Planning Commission will hold a regularly scheduled Planning Commission meeting on Wednesday, October 7, 2026, at 7:00 PM, in the City Council Chambers at City Hall, 125 South Main Street, Vineyard, UT. This meeting can also be viewed on our live stream page.


1.	CALL TO ORDER


2.	PRESENTATIONS, RECOGNITIONS, AWARDS, AND PROCLAMATIONS

3.	PUBLIC COMMENTS PC
 	Time dedicated for public comment. Comments will be limited to three (3) minutes. No actions may be taken by the Planning Commission due to the need for proper public noticing. Public comments can be submitted ahead of time to planning@vineyardutah.gov.

4.	BUSINESS ITEMS

 	4.1.	Conditional Use Permit - Coin Operated Claw and Arcade Machines
 	 	

 	4.2.	Conditional Use Permit - Sunlight Bilingual Preschool
 	 	The applicant, Georgia Fenn, is requesting a conditional use permit approval for a preschool within the Fenn home, located at 38 W Sycamore Ln. The applicant's home is zoned R1-8, which allows a home preschool with 8-10 children as a conditional use.

 	4.3.	PLAN26-0012 Site Plan Application - Minor Amendment - Lot 6 / Vineyard Properties of Utah LLC Martin Snow
 	 	

 	4.4.	PLAN26-0011 Site Plan Application - Minor Amendment Orchards Phase 7
 	 	

 	4.5.	Senate Bill 284/City Code Compliance - Consideration of Ordinance No. 2026-11 

5.	WORK SESSION

6.	STAFF AND COMMISSION REPORTS


7.	ADJOURNMENT



The next regularly scheduled meeting is on  _November 4, 2026_

The public is invited to participate in all Planning Commission meetings. In compliance with the Americans with Disabilities Act, individuals needing special accommodations during this public meeting should notify the planning staff at least 24 hours prior to the meeting by calling (801) 226-1929 or email at planning@vineyardutah.gov.

The foregoing notice a",pmn,2026-10-05T16:59:19.074377Z
