id,jurisdiction,body,meeting_date,title,item_type,confidence,signal_type,description,location,acres,units,developer,zoning_from,zoning_to,status_enum,growth_score,notes,url,agenda_text,source,scraped_at,lat,lng,geocode_source,geocode_confidence
pmn_1060999_item0,American Fork,Planning Commission,2026-03-02,Walton Lot Amended Final Plat at 794 W 1000 N Circle,nan,0.9,NEW_SUBDIVISION,"Application for an Amended Final Plat to clean up a prior subdivision and ensure all lots meet underlying zone requirements, allowing for construction of a single-family home on one of the lots.","794 W 1000 N Circle, American Fork City",2.38,1,,R1-12000 and RA-1,,PROPOSED,25,"Amended plat to clean up prior subdivision; single-family residential development; hearing scheduled for March 2, 2026 before Development Review Committee",https://www.utah.gov/pmn/sitemap/notice/1060999.html,,pmn,2026-06-15T14:00:27.326852Z,,,,
pmn_1061929,American Fork,Planning Commission,2026-03-04,Planning Commission Agenda - Meeting Canceled,nan,nan,,,,,,,,,PROPOSED,,,https://www.utah.gov/pmn/sitemap/notice/1061929.html,"CANCELED - AMERICAN FORK CITY
PLANNING COMMISSION AGENDA
________________________________________
Regular Session - CANCELED
March 04, 2026
Wednesday 6:30 PM

American Fork City Hall
31 North Church Street
American Fork City, UT 84003
https://www.americanfork.gov/AgendaCenter
________________________________________Planning Commission Members
 
Christine Anderson, Chair
Chris Christiansen, Vice Chair   
Geoff Dupaix
Rod Martin
David Bird
Harold Dudley
Claire Oldham 

 
Notice is hereby given that the American Fork City Planning Commission regular session on March 4, 2026, has been canceled. 

Dated this 24th day of February 2026
Patrick O'Brien
Development Services Director
*The order of agenda items may change at the discretion of the Planning Commission Chair",pmn,2026-06-15T14:00:27.326849Z,,,,
pmn_1064079_item0,American Fork,Planning Commission,2026-03-18,Chipman and Stake Center Annexation with PR-3.0 zoning designation,nan,0.9,ANNEXATION,"Property currently within Utah County Territory is proposing to annex into American Fork City. The recommended zoning designation upon annexation is PR-3.0 (Planned Residential Zone). Public hearing, review, and recommendation on proposed zoning for future annexation.","approximately 100 W 700 S, American Fork City",24,,,,PR-3.0,PROPOSED,72,"24-acre planned residential annexation. Currently in Utah County, seeking to bring into American Fork City limits with PR-3.0 (Planned Residential) zoning. Public hearing scheduled for March 18, 2026 at 6:30 PM.",https://www.utah.gov/pmn/sitemap/notice/1064079.html,,pmn,2026-06-15T14:00:27.326847Z,40.360702,-111.8015381,haiku_nominatim,0.70
pmn_1069503,American Fork,Planning Commission,2026-04-08,Planning Commission Agenda - Canceled,nan,nan,,,,,,,,,PROPOSED,,,https://www.utah.gov/pmn/sitemap/notice/1069503.html,"AMERICAN FORK CITY
PLANNING COMMISSION AGENDA - Canceled
________________________________________

Regular Session- Canceled 
April 8, 2026
Wednesday 6:30 PM

American Fork City Hall
31 North Church Street
American Fork City, UT 84003
https://www.americanfork.gov/AgendaCenter
________________________________________
Planning Commission Members
 
Christine Anderson, Chair
Chris Christiansen, Vice Chair   
Geoff Dupaix
Rod Martin
David Bird
Harold Dudley
Claire Oldham 

 
Notice is hereby given that the American Fork City Planning Commission regular session on April 8, 2026, has been canceled. 

Dated this 30th day of March 2026
Patrick O'Brien
Development Services Director

*The order of agenda items may change at the discretion of the Planning Commission Chair",pmn,2026-06-15T14:00:27.326844Z,,,,
pmn_1072501_item0,American Fork,Planning Commission,2026-04-15,"Discussion on proposed amendments to City Municipal Code, General Plan, and Zoning",nan,0.9,GENERAL_PLAN_AMENDMENT,"Work session to discuss proposed amendments to American Fork City's Municipal Code, General Plan, and Zoning regulations. This is a discussion item in a work session format.",,,,,,,PROPOSED,45,Work session item - substantive amendments are being considered but specific details are not provided in this agenda. Follow-up meetings will likely contain specific amendment proposals.,https://www.utah.gov/pmn/sitemap/notice/1072501.html,,pmn,2026-06-15T14:00:27.326841Z,,,,
pmn_1071687_item0,American Fork,Planning Commission,2026-04-22,Rockport Industrial Commercial Site Plan at 205 W Frontage Rd,nan,0.9,COMMERCIAL_PROJECT,"Review and action on a Commercial Site Plan for Rockport Industrial, approximately 1.43 acres in the Planned Industrial (PI-1) Zone","205 W Frontage Rd, American Fork City",1.43,,,,PI-1,PROPOSED,45,Industrial development on frontage road; site plan review required for final action,https://www.utah.gov/pmn/sitemap/notice/1071687.html,,pmn,2026-06-15T14:00:27.326839Z,40.3716091,-111.8041969,haiku_nominatim,0.70
pmn_1071687_item1,American Fork,Planning Commission,2026-04-22,Lone Automotive Auto Dealership Request for Consideration,nan,0.9,COMMERCIAL_PROJECT,Review and action on a Request for Consideration for Lone Automotive to operate an Auto Dealership in GC-1 General Commercial Zoning,,,,Lone Automotive,,GC-1,PROPOSED,35,Auto dealership proposal; location not specified in agenda item,https://www.utah.gov/pmn/sitemap/notice/1071687.html,,pmn,2026-06-15T14:00:27.326839Z,,,,
pmn_1071687_item2,American Fork,Planning Commission,2026-04-22,Mira Vista Phase 4 Commercial Site Plan at 530 S 1040 E,nan,0.9,COMMERCIAL_PROJECT,"Review and action on a Commercial Site Plan for Mira Vista Phase 4, approximately 1.05 acres in the R3-7500 Zone","530 S 1040 E, American Fork City",1.05,,,,R3-7500,PROPOSED,35,Phase 4 of Mira Vista project; commercial use in residential zoning may indicate mixed-use,https://www.utah.gov/pmn/sitemap/notice/1071687.html,,pmn,2026-06-15T14:00:27.326839Z,,,,
pmn_1071687_item3,American Fork,Planning Commission,2026-04-22,Climb Concrete Commercial Site Plan at 300 E 1700 S,nan,0.9,COMMERCIAL_PROJECT,"Review and action on a Commercial Site Plan for Climb Concrete, 5 acres in the I-1 Industrial Zone","approximately 300 E 1700 S, American Fork City",5.0,,,,I-1,PROPOSED,60,Industrial development; 5-acre site plan qualifies as substantial industrial project,https://www.utah.gov/pmn/sitemap/notice/1071687.html,,pmn,2026-06-15T14:00:27.326839Z,,,,
pmn_1074985_item0,American Fork,Planning Commission,2026-05-06,620 South Annexation - 7.03 acres at 6695 West 7300 North,nan,0.9,ANNEXATION,Review and recommendation on a proposed Annexation Agreement to annex approximately 7.03 acres into American Fork City with PF Public Facilities zoning designation,"6695 West 7300 North, American Fork City",7.03,,,,PF,PROPOSED,45,"Public hearing scheduled for May 6, 2026. Property being brought into city limits with public facilities zoning, suggesting potential municipal or institutional use.",https://www.utah.gov/pmn/sitemap/notice/1074985.html,,pmn,2026-06-15T14:00:27.326836Z,40.3641818,-111.8181763,haiku_nominatim,0.70
pmn_1077583_item0,American Fork,City Council,2026-05-12,Chipman/Stake Center Annexation - 24 acres at 515 South 100 West,nan,0.9,ANNEXATION,"Public hearing on petition to annex approximately 24 acres into American Fork City. Petition was filed and accepted by city council on October 22, 2024. A previous public hearing was held on February 25, 2025. City council will vote to deny or grant the annexation petition following this public hearing on May 12, 2025.","515 South 100 West, American Fork",24,,,,,PROPOSED,65,"Large annexation of unincorporated land. Previous public hearing held February 25, 2025. 30-day protest period has closed. Annexation petition available at American Fork City Recorder's office or by emailing tlurker@americanfork.gov. Future zoning/use not specified in notice.",https://www.utah.gov/pmn/sitemap/notice/1077583.html,,pmn,2026-06-15T14:00:27.326700Z,40.3659441,-111.8012456,nominatim,0.75
pmn_1078299,American Fork,Planning Commission,2026-05-20,Planning Commission Agenda - Canceled,nan,nan,,,,,,,,,PROPOSED,,,https://www.utah.gov/pmn/sitemap/notice/1078299.html,"CANCELED - AMERICAN FORK CITY
PLANNING COMMISSION AGENDA
________________________________________
Regular Session - Canceled
May 20, 2026
Wednesday 6:30 PM

American Fork City Hall
31 North Church Street
American Fork City, UT 84003
https://www.americanfork.gov/AgendaCenter
________________________________________Planning Commission Members
 
Christine Anderson, Chair
Chris Christiansen, Vice Chair   
Geoff Dupaix
Rod Martin
David Bird
Harold Dudley
Claire Oldham 

 
Notice is hereby given that the American Fork City Planning Commission regular session on May 20, 2026, has been canceled.

Dated this 6th day of May 2026
Patrick O'Brien
Development Services Director
*The order of agenda items may change at the discretion of the Planning Commission Chair",pmn,2026-06-15T14:00:27.326833Z,,,,
pmn_1082821_item0,American Fork,City Council,2026-05-26,620 South Annexation - 6.816 acres at approximately 700 West 620 South,nan,0.9,ANNEXATION,Public hearing and action on annexation of approximately 6.816 acres located at approximately 700 West 620 South into American Fork City limits.,700 West 620 South,6.816,,,,,PROPOSED,65,Annexation hearing scheduled; no development proposal details provided in agenda packet,https://www.utah.gov/pmn/sitemap/notice/1082821.html,,pmn,2026-06-15T14:00:27.326646Z,40.519643,-112.319001,nominatim,0.75
pmn_1082821_item1,American Fork,City Council,2026-05-26,Chipman/Stake Center Annexation - Withdrawal of Application,nan,0.9,ANNEXATION,Action on acceptance of the withdrawal of application for the Chipman/Stake Center Annexation.,,,,,,,TABLED,0,Applicant withdrawing previously submitted annexation application,https://www.utah.gov/pmn/sitemap/notice/1082821.html,,pmn,2026-06-15T14:00:27.326646Z,,,,
pmn_1076037_item0,American Fork,City Council,2026-05-26,620 South Annexation - 700 West 620 South,nan,0.9,ANNEXATION,"American Fork City Council has adopted Resolution No. 2026-04-15R indicating intent to annex real property located at approximately 700 West 620 South. Public hearing scheduled for May 26, 2026 at 7:00 p.m. to receive public comment on the proposed annexation. Annexation is being pursued without a petition under UCA 10-2-812.","700 West 620 South, American Fork, Utah",,,,,,PROPOSED,35,"Property described by metes and bounds beginning south of Section 22, Township 5 South, Range 1 East. Annexation can proceed unless written protests are filed by property owners within the annexation area prior to the May 26, 2026 public hearing.",https://www.utah.gov/pmn/sitemap/notice/1076037.html,,pmn,2026-06-15T14:00:27.326641Z,40.3641702,-111.8235381,nominatim,0.75
pmn_1081857,American Fork,City Council,2026-05-26,05.26.26 Public Hearing - FYE2026 Budget amendments,nan,nan,,,,,,,,,PROPOSED,,,https://www.utah.gov/pmn/sitemap/notice/1081857.html,"AMERICAN FORK CITY COUNCIL
MAY 26, 2026
PUBLIC HEARING


	

NOTICE OF PUBLIC HEARING
Notice is hereby given that the American Fork City Council will hold a public hearing in conjunction with a regular session on Tuesday, May 26, 2026, at 7:00 p.m. at the American Fork City Hall, 31 North Church Street. The City Council will receive public comment for the purpose of amending the American Fork City FY 2026 Budget. All interested people are invited to attend.
Dated this 18th day of May 2026

/s/Terilyn Lurker
City Recorder",pmn,2026-06-15T14:00:27.326644Z,40.3775031,-111.7975657,haiku_pdf_address,0.55
pmn_1084457,American Fork,City Council,2026-06-02,06.02.26 City Council work session agenda,nan,nan,,,,,,,,,PROPOSED,,,https://www.utah.gov/pmn/sitemap/notice/1084457.html,"AMERICAN FORK CITY COUNCIL
JUNE 2, 2026
		WORK SESSION AGENDA




*Notice of Electronic Meeting*
One or more City Council members may be physically absent from this meeting but may participate electronically.

Notice is hereby given that the American Fork City Council will hold a work session on Tuesday, June 2, 2026, in the City Administration Conference Room, located at 51 East Main Street, commencing at 4:00 p.m. The agenda shall be as follows:
WORK SESSION
The purpose of the City Work Sessions is to prepare the City Council for upcoming agenda items on future City Council Meetings. The Work Session is not an action item meeting. No one attending the meeting should rely on any discussion or any perceived consensus as action or authorization. These come only from the City Council Meeting.

1.	Presentation of progress on the American Fork Transit Circulator Study and Polycentric City Master Plan.
2.	Report by Dawna Whiting on the American Fork Victim's Assistance Program.
3.	Discussion on Master Plans, Impact Fee Facility Plans, and Impact Fee Analysis for Culinary Water, Parks, Pressurized Irrigation, Public Safety, Sewer, Storm Drain, and Transportation. 
4.	Adjourn.

Dated the 28th day of May 2026.

/s/Terilyn Lurker
City Recorder

-	In accordance with the Americans with Disabilities Act, the City of American Fork will make reasonable accommodations to participate in the meeting. Requests for assistance can be made by contacting the City Recorder at 801-763-3000 at least 48 hours in advance of the meeting.
-	The order of agenda items may be changed to accommodate the needs of the City Council, staff, and the public.",pmn,2026-06-15T14:00:27.326638Z,40.3769706,-111.7973189,haiku_pdf_address,0.55
pmn_1082813_item0,American Fork,Planning Commission,2026-06-03,Land Use Map Amendment for 375 S 860 E from Planned Community to Design Commercial,nan,0.9,GENERAL_PLAN_AMENDMENT,"Proposed Land Use Map Amendment (parcel 13:059:0130 & 13:059:0131) to change 1.96 acres from Planned Community land use designation to Design Commercial land use designation on the east side of American Fork City, intended to promote economic opportunity and development.","375 S 860 E, American Fork City",1.96,,,,,PROPOSED,65,Companion zone change also proposed for same parcels (PC and GC-2 to GC-1). Economic development focus on east side.,https://www.utah.gov/pmn/sitemap/notice/1082813.html,"{""parcel_ids"": [""13:059:0130"", ""13:059:0131""]}",pmn,2026-06-15T14:00:27.326830Z,,,,
pmn_1082813_item1,American Fork,Planning Commission,2026-06-03,Zone Change for 375 S 860 E from PC/GC-2 to GC-1,nan,0.9,REZONE,Proposed Zone Change (parcel 13:059:0130 & 13:059:0131) to rezone 1.96 acres from PC (Planned Community) and GC-2 (General Commercial-2) zones to GC-1 (General Commercial-1) zone to promote economic opportunity and development.,"375 S 860 E, American Fork City",1.96,,,PC/GC-2,GC-1,PROPOSED,70,Companion to Land Use Map Amendment for same parcels. Downzoning from GC-2 to GC-1 suggests refined commercial development intent.,https://www.utah.gov/pmn/sitemap/notice/1082813.html,"{""parcel_ids"": [""13:059:0130"", ""13:059:0131""]}",pmn,2026-06-15T14:00:27.326830Z,,,,
pmn_1082813_item2,American Fork,Planning Commission,2026-06-03,Land Use Map Amendment for 943 S 900 W from Residential Very-Low Density to Institutional/Public Facilities,nan,0.9,GENERAL_PLAN_AMENDMENT,"Proposed Land Use Map Amendment (Dixie Well site) to change 0.78 acres from Residential Very-Low Density land use designation to Institutional Lands, Schools and Public Facilities designation to accommodate construction of a city culinary well on the property.","943 S 900 W, American Fork City",0.78,,,,,PROPOSED,30,Property will transition from vacant residential designation to public utility facility use. City infrastructure project for water supply.,https://www.utah.gov/pmn/sitemap/notice/1082813.html,,pmn,2026-06-15T14:00:27.326830Z,,,,
pmn_1086791_item0,American Fork,City Council,2026-06-09,Vacation of public utility easement at 1032 East 1060 North,nan,0.9,INFRASTRUCTURE,Public hearing to receive comment on the vacation of a portion of a public utility easement at 1032 East 1060 North. This involves removal or abandonment of utility easement rights.,1032 East 1060 North,,,,,,PROPOSED,25,Utility easement vacation may facilitate private development or redevelopment of the affected property. Specific project context not provided in agenda.,https://www.utah.gov/pmn/sitemap/notice/1086791.html,,pmn,2026-06-15T14:00:27.326636Z,,,,
pmn_1085035,American Fork,City Council,2026-06-09,06.09.26 Public Hearing - FY2027 Municipal Officers compensation,nan,nan,,,,,,,,,PROPOSED,,,https://www.utah.gov/pmn/sitemap/notice/1085035.html,"NOTICE OF PUBLIC HEARING
Notice is hereby given that the American Fork City Council will hold a public hearing in conjunction with a regular session on Tuesday, June 9, 2026, at 7:00 p.m. at the American Fork City Hall, 31 North Church Street. The City Council will receive public comments regarding the American Fork City FY 2027 (July 1, 2026, to June 30, 2027) Executive Municipal Officers Compensation Increases. 
All interested people are invited to attend.
Dated the 1st day of June 2026",pmn,2026-06-15T14:00:27.326627Z,40.3775031,-111.7975657,haiku_pdf_address,0.55
pmn_1084385,American Fork,City Council,2026-06-09,06.09.26 Public Hearing - FYE2027 City Budget,nan,nan,,,,,,,,,PROPOSED,,,https://www.utah.gov/pmn/sitemap/notice/1084385.html,"NOTICE OF PUBLIC HEARING

Notice is hereby given that the American Fork City Council will hold a public hearing in conjunction with a regular session on Tuesday, June 9, 2026, at 7:00 p.m. at the American Fork City Hall, 31 North Church Street. The City Council will receive public comments regarding the American Fork City FY 2027 Budget (July 1, 2026, to June 30, 2027). 

The fiscal year ending June 30, 2027, tentative budget includes a proposed property tax rate increase. The Property Tax Impact Schedule and the Tentative Budget can be found at www.americanfork.gov/finance.

All interested people are invited to attend.

Dated this 27th day of May, 2026",pmn,2026-06-15T14:00:27.326630Z,40.3775031,-111.7975657,haiku_pdf_address,0.55
pmn_1085039_item0,American Fork,City Council,2026-06-09,Vacation of portion of public utility easement at 1032 East 1060 North,nan,0.9,INFRASTRUCTURE,"Public hearing and proposed vacation of 5 feet of public utility easement along the rear property line at 1032 East 1060 North, reducing the rear easement from 10 feet to 5 feet. Action scheduled for regular session.",1032 East 1060 North,,,,,,PROPOSED,15,Utility easement vacation typically requested by property owners to free up usable land. Small reduction from 10 feet to 5 feet suggests minor project or property improvement.,https://www.utah.gov/pmn/sitemap/notice/1085039.html,,pmn,2026-06-15T14:00:27.326632Z,40.398201,-111.7705674,haiku_pdf_address,0.70
pmn_1088897,American Fork,City Council,2026-06-16,06.16.2026 City Council Special Session agenda,nan,nan,,,,,,,,,PROPOSED,,,https://www.utah.gov/pmn/sitemap/notice/1088897.html,"AMERICAN FORK CITY COUNCIL
JUNE 16, 2026
		SPECIAL SESSION AGENDA




*Notice of Electronic Meeting*
One or more City Council members may be physically absent from this meeting but may participate electronically.

Notice is hereby given that the American Fork City Council will hold a special session on Tuesday, June 16, 2026, in the American Fork City Hall, located at 31 N. Church Street, commencing at 6:00 p.m. The agenda shall be as follows:

SPECIAL SESSION
1.	Review and action on a resolution regarding the Certified Tax Rate and setting the Truth in Taxation Public hearing date for August 11, 2026.
2.	Review of the resolution adopting the Property Tax Impact Schedule.
3.	Consideration and action on entering into a closed session to discuss the professional character or competence of an individual(s) as described in Utah State Code 52-4-204 and 52-4-205. 
4.	Adjournment.

Dated the 12th day of June 2026.

/s/Terilyn Lurker
City Recorder

-	In accordance with the Americans with Disabilities Act, the City of American Fork will make reasonable accommodations to participate in the meeting. Requests for assistance can be made by contacting the City Recorder at 801-763-3000 at least 48 hours in advance of the meeting.
-	The order of agenda items may be changed to accommodate the needs of the City Council, staff, and the public.",pmn,2026-06-15T14:00:27.326621Z,40.377922,-111.7974943,haiku_pdf_address,0.55
pmn_1088893_item0,American Fork,City Council,2026-06-16,Discussion on proposed amendments to the city's municipal code,nan,0.9,,Work session discussion on proposed amendments to American Fork's municipal code. This is a preparatory discussion for future City Council action.,,,,,,,PROPOSED,0,Work session item only - no action taken at this meeting. Details of specific code amendments not provided in agenda.,https://www.utah.gov/pmn/sitemap/notice/1088893.html,,pmn,2026-06-15T14:00:27.326625Z,,,,
pmn_1088893_item1,American Fork,City Council,2026-06-16,Discussion on automatic annexations,nan,0.9,ANNEXATION,Work session discussion on automatic annexations policy or procedures for American Fork. Preparatory discussion for future City Council consideration.,,,,,,,PROPOSED,25,Work session item only - no action taken at this meeting. Specific parcels or areas subject to automatic annexation not identified.,https://www.utah.gov/pmn/sitemap/notice/1088893.html,,pmn,2026-06-15T14:00:27.326625Z,,,,
pmn_1087445,American Fork,Planning Commission,2026-06-17,Planning Commission Agenda - Canceled,nan,nan,,,,,,,,,PROPOSED,,,https://www.utah.gov/pmn/sitemap/notice/1087445.html,"AMERICAN FORK CITY
PLANNING COMMISSION AGENDA - CANCELED
________________________________________

Regular Session - Canceled
June 17, 2026
Wednesday 6:30 PM

American Fork City Hall
31 North Church Street
American Fork City, UT 84003
https://www.americanfork.gov/AgendaCenter

Planning Commission Members 
Christine Anderson, Chair
Chris Christiansen, Vice Chair   
Geoff Dupaix
Rod Martin
David Bird
Harold Dudley
Claire Oldham 

Notice is hereby given that the American Fork City Planning Commission regular session on June 17, 2026, has been canceled. 

Dated this 9th day of June 2026
Patrick O'Brien
Development Services Director

*The order of agenda items may change at the discretion of the Planning Commission Chair",pmn,2026-06-15T14:00:27.326827Z,,,,
pmn_1059621_item0,Bluffdale,City Council & Planning Commission,2026-02-25,Ordinance amending Chapter 9.10.020 for adoption of Wildland Urban Interface Building Standards,nan,0.9,,Public hearing on ordinance amendment to adopt Wildland Urban Interface Building Standards in Bluffdale municipal code Chapter 9.10.020,,,,City of Bluffdale,,,PROPOSED,15,"Building code amendment for wildland-urban interface safety standards. Staff presenter: Fred Donaldson. Public hearing scheduled for February 25, 2026 at 6:00 p.m. at Bluffdale City Hall.",https://www.utah.gov/pmn/sitemap/notice/1059621.html,,pmn,2026-06-15T14:00:27.327900Z,,,,
pmn_1065863_item0,Bluffdale,City Council & Planning Commission,2026-03-25,Text Amendment to Bringhurst Station Commercial Sub-Districts diagram to allow non-retail businesses in certain areas,nan,0.9,GENERAL_PLAN_AMENDMENT,Proposed text amendment to modify the Bringhurst Station Commercial Sub-Districts diagram to permit non-retail businesses in specified areas within the commercial district.,"Bringhurst Station Commercial Sub-Districts, Bluffdale",,,"Bluffdale Industrial Park, LLC",,,PROPOSED,45,"Application 2026-06. Represented by Joshua F. Hunt, Esq. Staff presenter: Caitlyn Tubbs. Public hearing scheduled for March 25, 2026 at 6:00 PM at Bluffdale City Hall. This amendment would expand allowable uses in the commercial sub-district to include non-retail businesses, indicating potential for flex space, office, or light industrial uses.",https://www.utah.gov/pmn/sitemap/notice/1065863.html,,pmn,2026-06-15T14:00:27.327897Z,,,,
pmn_1077009_item0,Bluffdale,City Council & Planning Commission,2026-05-13,Text Amendment to City Code Chapter 11.220 - Gas Station Electronic Display Signs,signage,0.9,,"Proposed text amendment to update City Code Chapter 11.220.070.A to add provisions for gas station electronic display signs with a minimum display interval of three seconds, and add a new definition for 'Gas Station Electronic Display Sign' in Chapter 11.220.030.",,,,Yesco,,,PROPOSED,15,Application 2026-10. Sign code amendment for electronic display signs at gas stations only. Staff presenter: Ellen Oakman.,https://www.utah.gov/pmn/sitemap/notice/1077009.html,,pmn,2026-06-15T14:00:27.327894Z,,,,
pmn_1078659_item0,Bluffdale,City Council & Planning Commission,2026-05-27,Text Amendment to Chapter 3.40 and Section 11.180.020 of Bluffdale City Code regarding seasonal fireworks sales regulations,nan,0.9,,Proposed text amendment to update City regulations on seasonal fireworks sales and to allow outdoor fireworks sales as an allowed temporary use in the City Code.,,,,Joee Witter,,,PROPOSED,5,"Application 2026-16. This is a municipal code text amendment for fireworks sales regulations, not a development project. Staff presenter: Caitlyn Tubbs.",https://www.utah.gov/pmn/sitemap/notice/1078659.html,,pmn,2026-06-15T14:00:27.327892Z,,,,
pmn_1086063_item0,Bluffdale,City Council & Planning Commission,2026-06-24,General Plan Map Amendment for 1.90 acres at 13942 South 2700 West from Very Low Density Residential to Commercial,nan,0.9,GENERAL_PLAN_AMENDMENT,Request to amend the General Plan Map for approximately 1.90 acres from Very Low Density Residential to Commercial land use designation.,"13942 South 2700 West, Bluffdale",1.9,,,,,PROPOSED,65,"Paired with concurrent zoning map amendment from R-1-43 to General Commercial. Public hearing scheduled for June 24, 2026.",https://www.utah.gov/pmn/sitemap/notice/1086063.html,,pmn,2026-06-15T14:00:27.327889Z,40.4736009,-111.9591571,nominatim,0.75
pmn_1086063_item1,Bluffdale,City Council & Planning Commission,2026-06-24,Zoning Map Amendment for 1.90 acres at 13942 South 2700 West from R-1-43 Residential to General Commercial,nan,0.9,REZONE,Request to rezone approximately 1.90 acres from R-1-43 Residential to General Commercial zoning district.,"13942 South 2700 West, Bluffdale",1.9,,,R-1-43,General Commercial,PROPOSED,72,Paired with General Plan Map amendment. Supports flex retail development project.,https://www.utah.gov/pmn/sitemap/notice/1086063.html,,pmn,2026-06-15T14:00:27.327889Z,40.4736009,-111.9591571,haiku_nominatim,0.70
pmn_1086063_item2,Bluffdale,City Council & Planning Commission,2026-06-24,Development Agreement for four flex retail buildings on 3.914 acres at 2700 West and 2950 West,nan,0.9,MINIFLEX_OPPORTUNITY,"Request for Development Agreement to construct four flex retail buildings on approximately 3.914 acres with reduced glazing and brick requirements. Permitted uses include construction sales and service, data centers, loan centers, general and limited manufacturing, printing services, storage facilities for machinery and equipment, temporary job trailers and offices, and wholesale and warehousing.","13918 South 2700 West, 13942 South 2700 West, and 13937 South 2950 West, Bluffdale",3.914,,,,General Commercial,PROPOSED,78,"Flex retail project allowing diverse light industrial and commercial uses. Development agreement includes reduced design standards (glazing and brick percentages). Public hearing scheduled for June 24, 2026.",https://www.utah.gov/pmn/sitemap/notice/1086063.html,,pmn,2026-06-15T14:00:27.327889Z,40.4736009,-111.9591571,haiku_nominatim,0.70
pmn_1084347_item0,Draper,City Council,2026-06-09,Draper-Highland Boundary Adjustment #2 Land Use and Zoning Map Amendment at 16377 S. Suncrest Drive,nan,0.9,GENERAL_PLAN_AMENDMENT,City-initiated request to add land use designation and zoning designations for approximately 0.31 acres of property to the Draper City Land Use Map and Zoning Map. Related to a prior enacted city boundary adjustment between Draper City and Highland City.,"16377 S. Suncrest Drive, Draper, UT",0.31,,,,,PROPOSED,15,City-initiated boundary adjustment follow-up. Small parcel (0.31 acres) requiring map amendments post-boundary adjustment with Highland City.,https://www.utah.gov/pmn/sitemap/notice/1084347.html,,pmn,2026-06-15T14:00:27.329119Z,40.4730933,-111.824605,nominatim,0.75
pmn_1084337_item0,Draper,City Council,2026-06-09,City-Initiated Short-Term Rentals Text Amendment - DCMC Titles 6 and 9,nan,0.9,,"Amendment to Draper City Municipal Code to require short-term rentals to be licensed and permitted, and to add associated standards and regulations",,,,,,,PROPOSED,15,"City-initiated regulatory amendment affecting short-term rental operations citywide. Public hearing scheduled for June 9, 2026 at 7:00 p.m. at Draper City Hall",https://www.utah.gov/pmn/sitemap/notice/1084337.html,,pmn,2026-06-15T14:00:27.329122Z,,,,
pmn_1087971_item0,Draper,City Council,2026-06-10,Nielsen Zoning Map Amendment - 12738 S. 300 E. from RA1 to R3,nan,0.9,REZONE,"Ordinance #1718 amends the official zoning map of Draper City, rezoning approximately 0.33 acres from RA1 (Residential Agriculture) to R3 (Single-Family Residential) at 12738 S. 300 E. Ordinance was adopted by City Council on June 9, 2026.","12738 S. 300 E., Draper City",0.33,,,RA1,R3,APPROVED,25,Small residential rezone from agricultural to single-family residential. Post-adoption notice publication. Property size indicates limited development potential.,https://www.utah.gov/pmn/sitemap/notice/1087971.html,,pmn,2026-06-15T14:00:27.329116Z,,,,
pmn_1087977_item0,Draper,City Council,2026-06-10,Ordinance #1719 - Veranda West Master Area Plan Amendment,nan,0.9,GENERAL_PLAN_AMENDMENT,Adoption of Ordinance #1719 amending the Master Area Plan for Veranda West per the Land Use and Development Code of Draper City Municipal Code,,,,,,,APPROVED,45,"Master Area Plan amendment adopted by city council on June 9, 2026. Full ordinance on file with Draper City Recorder and available online.",https://www.utah.gov/pmn/sitemap/notice/1087977.html,,pmn,2026-06-15T14:00:27.329114Z,,,,
pmn_1087981_item0,Draper,City Council,2026-06-10,Ordinance #1720 amending Land Use Code for Veranda West Master Area Plan TSD Sub-Zone Designation Map,nan,0.9,GENERAL_PLAN_AMENDMENT,"Draper City Council adopted Ordinance #1720 amending Section 9-14-110, Exhibit 9-14-1 of the Land Use and Development Code to modify the Veranda West Master Area Plan TSD Sub-Zone Designation Map.",,,,,,,APPROVED,50,"Ordinance adopted on June 9, 2026. This is a sub-zone designation map amendment affecting the Veranda West Master Area Plan. Full ordinance available at Draper City Recorder's Office.",https://www.utah.gov/pmn/sitemap/notice/1087981.html,,pmn,2026-06-15T14:00:27.329111Z,,,,
pmn_1087983,Draper,City Council,2026-06-10,"Notice of Ordinance Adoption: Ordinance #1722, amending the Compensation Schedule for Draper Citys Statutory Officers for Fiscal Year 2026-2027",nan,nan,,,,,,,,,PROPOSED,,,https://www.utah.gov/pmn/sitemap/notice/1087983.html,"Posted on June 10, 2026, on the Utah Public Notice Website https://www.utah.gov/pmn/, the Draper City Website https://www.draperutah.gov/ and at City Hall, 1020 E. Pioneer Road, Draper, UT

Notice of Ordinance Adoption - Ordinance #1722

On June 9, 2026, the Draper City Council Adopted Ordinance #1722 amending the Compensation Schedule for Draper City's Statutory Officers for Fiscal Year 2026-2027. The complete ordinance is on file at the Draper City Recorder's Office and available online at https://www.draperutah.gov/

Published this 10th day of June, 2026.

Attest: Nicole Smedley, City Recorder",pmn,2026-06-15T14:00:27.329109Z,40.5251449,-111.8757746,haiku_pdf_address,0.55
pmn_1087987,Draper,City Council,2026-06-10,"Notice of Ordinance Adoption: Ordinance #1723, adopting Updated Water Rates for Culinary Water Customers serviced by Draper City",nan,nan,,,,,,,,,PROPOSED,,,https://www.utah.gov/pmn/sitemap/notice/1087987.html,"Posted on June 10, 2026, on the Utah Public Notice Website https://www.utah.gov/pmn/, the Draper City Website https://www.draperutah.gov/ and at City Hall, 1020 E. Pioneer Road, Draper, UT

Notice of Ordinance Adoption - Ordinance #1723

On June 9, 2026, the Draper City Council Adopted Ordinance #1723 adopting Updated Water Rates for Culinary Water Customers serviced by Draper City. The complete ordinance is on file at the Draper City Recorder's Office and available online at https://www.draperutah.gov/

Published this 10th day of June, 2026.

Attest: Nicole Smedley, City Recorder",pmn,2026-06-15T14:00:27.329106Z,40.5251449,-111.8757746,haiku_pdf_address,0.55
pmn_1087993_item0,Draper,City Council,2026-06-10,Ordinance #1724 - Land Use Map Amendment for Draper-Highland Boundary Adjustment #2 at 16377 South Suncrest Drive,nan,0.9,GENERAL_PLAN_AMENDMENT,"City-initiated amendment to the Official Land Use Map of Draper City adding approximately 0.31 acres of property located at 16377 South Suncrest Drive to the map as part of the Draper-Highland Boundary Adjustment #2. Ordinance was adopted by City Council on June 9, 2026.","16377 South Suncrest Drive, Draper, UT",0.31,,,,,APPROVED,15,City-initiated boundary adjustment indicating coordination between Draper and Highland municipal governments. Small parcel addition suggests incremental boundary refinement rather than major development.,https://www.utah.gov/pmn/sitemap/notice/1087993.html,,pmn,2026-06-15T14:00:27.329104Z,40.4812482,-111.8272673,nominatim,0.75
pmn_1087997_item0,Draper,City Council,2026-06-10,Ordinance #1725 - Zoning Map Amendment for Draper-Highland Boundary Adjustment #2 at 16377 South Suncrest Drive,nan,0.9,REZONE,"City-initiated zoning map amendment adding approximately 0.31 acres of property located at 16377 South Suncrest Drive to the Official Zoning Map of Draper City as part of the Draper-Highland Boundary Adjustment #2. Ordinance was adopted by City Council on June 9, 2026.","16377 South Suncrest Drive, Draper, UT",0.31,,,,,APPROVED,15,City-initiated boundary adjustment suggests coordination with Highland City. Small parcel acreage indicates potential infill or boundary alignment rather than major development project.,https://www.utah.gov/pmn/sitemap/notice/1087997.html,,pmn,2026-06-15T14:00:27.329101Z,40.4812482,-111.8272673,nominatim,0.75
pmn_1084399_item0,Draper,Planning Commission,2026-06-11,Fox Landing Phase III Plat Amendment Request to add new lot at 773 W. Osbourne Vista Way,nan,0.9,NEW_SUBDIVISION,Plat amendment request to add a new lot into the Fox Landing Phase III Plat and to amend the boundaries of existing lots to the west and north of the new lot.,"773 W. Osbourne Vista Way, Draper, UT",,,,,,PROPOSED,45,"Public hearing scheduled for June 11, 2026 at 6:30 p.m. before the Planning Commission at Draper City Hall. This is a plat amendment for an existing subdivision phase, indicating infill or reconfiguration of lots rather than new development.",https://www.utah.gov/pmn/sitemap/notice/1084399.html,,pmn,2026-06-15T14:00:27.328007Z,,,,
pmn_1084401_item0,Draper,Planning Commission,2026-06-11,Huber Full Boundary Line Adjustment Request at 11730 S. 700 West,nan,0.9,DEVELOPER_ACTIVITY,Full boundary line adjustment request to split current lot into two lots through boundary adjustment with adjacent property to the west,"11730 S. 700 West, Draper, UT",,,Huber,,,PROPOSED,35,"Public hearing before Planning Commission scheduled for June 11, 2026 at 6:30 p.m. at Draper City Hall. Lot split transaction involving boundary adjustment with western adjacent property.",https://www.utah.gov/pmn/sitemap/notice/1084401.html,,pmn,2026-06-15T14:00:27.328010Z,,,,
pmn_1084761_item0,Draper,Planning Commission,2026-06-11,Rohr D-ADU Text Amendment Request - Detached Accessory Dwelling Unit Standards,nan,0.9,GENERAL_PLAN_AMENDMENT,Amendment to Chapter 9-31 of the Draper City Municipal Code to alter the standards under which an existing detached accessory structure may be converted into a Detached Accessory Dwelling Unit (D-ADU),,,,Rohr,,,PROPOSED,45,"Text amendment to municipal code affecting D-ADU conversion standards. Public hearing scheduled for June 11, 2026 at 6:30 p.m. at Draper City Hall. This could facilitate increased accessory dwelling unit conversions throughout the city.",https://www.utah.gov/pmn/sitemap/notice/1084761.html,,pmn,2026-06-15T14:00:27.328005Z,40.5247063,-111.8627199,haiku_nominatim,0.70
pmn_1084763_item0,Draper,Planning Commission,2026-06-11,Steeplechase Phase 2 Amended Subdivision Request - lot line adjustment at 13229 S. Springdale Way,nan,0.9,NEW_SUBDIVISION,"Amendment to Steeplechase Phase 2 Subdivision to relocate the property line between Lot 44 and Parcel D, including relocation of associated easements, HOA open space, and extension of buildable area for Lot 44","13229 S. Springdale Way, Draper, UT",,,,,,PROPOSED,35,"Public hearing scheduled for June 11, 2026 at 6:30 p.m. before Planning Commission. This is a lot line adjustment within an existing subdivision, not a new development.",https://www.utah.gov/pmn/sitemap/notice/1084763.html,,pmn,2026-06-15T14:00:27.328015Z,,,,
pmn_1084405_item0,Draper,Planning Commission,2026-06-11,Johnson I-ADU Deviation Request at 13164 S. City Point Cv.,nan,0.9,DEVELOPER_ACTIVITY,Request for deviation to allow an Accessory Dwelling Unit (I-ADU) within an area currently restricted from I-ADUs. Planning Commission hearing to review the deviation request.,"13164 S. City Point Cv., Draper, UT",,1,Johnson,,,PROPOSED,25,"I-ADU deviation requests are typically low-impact residential infill opportunities. Approval would allow single ADU unit in restricted area. Hearing scheduled for June 11, 2026 at 6:30 p.m. Public comment not taken at meeting but meeting open to public attendance.",https://www.utah.gov/pmn/sitemap/notice/1084405.html,,pmn,2026-06-15T14:00:27.328012Z,,,,
pmn_1074857,Draper,City Council,2026-06-16,City Council Agenda - Cancelled,nan,nan,,,,,,,,,PROPOSED,,,https://www.utah.gov/pmn/sitemap/notice/1074857.html,"CITY COUNCIL AGENDA

Tuesday, June 16, 2026, 5:30 PM
1020 E Pioneer Rd,
Draper, Utah 84020
Council Chambers


THE JUNE 16, 2026 CITY COUNCIL MEETING HAS BEEN CANCELLED


Nicole Smedley, CMC, City Recorder
Draper City, State of Utah

I, the City Recorder of Draper City, certify that copies of this agenda for the Draper City
Council meeting to be held June 16, 2026, were posted at Draper City Hall, Draper City
website www.draperutah.gov, and the Utah Public Notice website at www.utah.gov/pmn.",pmn,2026-06-15T14:00:27.329098Z,40.5251449,-111.8757746,haiku_pdf_address,0.70
pmn_1088425_item0,Draper,Planning Commission,2026-06-25,Adamo Zoning Map Amendment - 265 E 13275 S from RA1 to RA2,nan,0.9,REZONE,"Zoning map amendment request to change property zoning from RA1 (Residential Agricultural with 40,000 sq ft minimum lot size) to RA2 (Residential Agricultural with 20,000 sq ft minimum lot size), effectively allowing smaller lot sizes and increased density on the subject parcel.","265 E 13275 S, Draper, UT",,,Adamo,RA1,RA2,PROPOSED,45,"Zoning change reduces minimum lot size from 40,000 sq ft to 20,000 sq ft, allowing approximately double the density for residential agricultural use. Public hearing scheduled for June 25, 2026 at 6:30 p.m. before Planning Commission.",https://www.utah.gov/pmn/sitemap/notice/1088425.html,,pmn,2026-06-15T14:00:27.328002Z,40.5104541,-111.8884607,nominatim,0.75
pmn_1088429_item0,Draper,Planning Commission,2026-06-25,City Initiated Corner Lots Text Amendment to DCMC Titles 9 and 17,nan,0.9,,City-initiated amendment to clarify the definition of corner lots and how the definition is applied to certain properties in Draper City Municipal Code Titles 9 and 17.,,,,,,,PROPOSED,25,"Text amendment affecting corner lot definitions. Public hearing scheduled for June 25, 2026 at 6:30 p.m. at Draper City Hall. Contact Todd Taylor (801) 576-6510 for details.",https://www.utah.gov/pmn/sitemap/notice/1088429.html,,pmn,2026-06-15T14:00:27.327999Z,,,,
pmn_1088431_item0,Draper,Planning Commission,2026-06-25,"Kuwahara Nursery Land Use Map Amendment, Zoning Map Amendment, and Development Agreement for 21 Single-Family Dwellings",nan,0.9,REZONE,"Request to change Land Use Map designation from Commercial Office/Service to Residential High-Density, rezone from CO1 (Professional Office) to RM2 (Multiple-Family Residential), and approve a Development Agreement for construction of 21 detached single-family dwellings on the property.","762 W. 12300 S., Draper, UT",,21,Kuwahara Nursery,CO1,RM2,PROPOSED,72,"Public hearing scheduled for June 25, 2026 at 6:30 p.m. before Planning Commission at Draper City Hall. Involves rezoning from professional office to residential and general plan amendment. Contact Todd Draper at (801) 576-6335 for details.",https://www.utah.gov/pmn/sitemap/notice/1088431.html,,pmn,2026-06-15T14:00:27.327997Z,40.5460966,-111.9082494,nominatim,0.75
pmn_1088527_item0,Draper,Planning Commission,2026-06-25,Rivian Draper Site Plan and Deviation Requests for new Automobile Dealership at 11601 S Lone Peak Pkwy,nan,0.9,COMMERCIAL_PROJECT,Site plan and deviation requests for construction of a new Rivian automobile dealership facility,"11601 S Lone Peak Pkwy, Draper, UT",,,Rivian,,,PROPOSED,45,"Public hearing scheduled for June 25, 2026 at 6:30 p.m. before Planning Commission. Dealership is a significant commercial use. Contact Todd Draper at (801) 576-6335 for additional information.",https://www.utah.gov/pmn/sitemap/notice/1088527.html,,pmn,2026-06-15T14:00:27.327991Z,,,,
pmn_1088437_item0,Draper,Planning Commission,2026-06-25,Solid Construction Land Use Map and Zoning Map Amendment at 273 E. 13800 S.,nan,0.9,REZONE,"Request to change the Land Use Map designation from Commercial Office/Service to Regional Commercial and rezone the property from RA1 (Residential, Agricultural) to CR (Regional Commercial) zone.","273 E. 13800 S., Draper, UT",,,Solid Construction,RA1,CR,PROPOSED,72,"Public hearing scheduled for June 25, 2026 at 6:30 p.m. before Planning Commission. Applicant is Solid Construction. Rezoning from residential/agricultural to regional commercial represents significant land use change and commercial development opportunity.",https://www.utah.gov/pmn/sitemap/notice/1088437.html,,pmn,2026-06-15T14:00:27.327994Z,40.5007131,-111.8826361,nominatim,0.75
pmn_1073331_item0,Eagle Mountain,Planning Commission,2026-04-28,Spring Run Plaza Master Development Agreement for commercial development on Spring Run Parkway,nan,0.9,COMMERCIAL_PROJECT,"City negotiating master development agreement with Spring Run Parkway Partners II, LP and RCA65, LLC for commercial development on Spring Run Parkway across from Walmart. Agreement implements previously approved master development plan and provides exceptions to Commercial Community zoning requirements while governing necessary infrastructure improvements.","Spring Run Parkway, Eagle Mountain, Utah",,,"Spring Run Parkway Partners II, LP and RCA65, LLC",,Commercial Community,PROPOSED,65,"Master development plan previously approved December 2, 2025. Agreement includes zoning exceptions and infrastructure governance.",https://www.utah.gov/pmn/sitemap/notice/1073331.html,,pmn,2026-06-15T14:00:27.328999Z,40.3809947,-111.9742886,haiku_nominatim,0.70
pmn_1073331_item1,Eagle Mountain,Planning Commission,2026-04-28,Eagle Mountain Municipal Code Amendment EMMC 16.15 - Concept Plans,nan,0.9,GENERAL_PLAN_AMENDMENT,Ordinance to amend Eagle Mountain Municipal Code Chapter 16.15 regarding Concept Plans procedures or requirements.,,,,,,,PROPOSED,30,Procedural code amendment with limited development impact information provided.,https://www.utah.gov/pmn/sitemap/notice/1073331.html,,pmn,2026-06-15T14:00:27.328999Z,,,,
pmn_1073331_item2,Eagle Mountain,Planning Commission,2026-04-28,Eagle Mountain Municipal Code Amendments EMMC 17.10.030 and 17.25.040 - Wildland Urban Interface setback requirements,nan,0.9,GENERAL_PLAN_AMENDMENT,Proposal to add definition for 'Wildland Urban Interface (WUI) Boundary Lot' and amend Residential Development Standards table to establish rear setback requirements for parcels adjacent to WUI boundary.,,,,,,,PROPOSED,25,Addresses fire safety and wildland interface standards for residential development. Affects parcels near WUI boundaries.,https://www.utah.gov/pmn/sitemap/notice/1073331.html,,pmn,2026-06-15T14:00:27.328999Z,,,,
pmn_1075503_item0,Eagle Mountain,City Council,2026-05-05,"Parks, Trails and Open Space Master Plan and Impact Fee Facilities Plan update",nan,0.9,INFRASTRUCTURE,"Eagle Mountain City Council will receive public comments on an updated Parks, Trails and Open Space Master Plan prepared by MHTN, including comprehensive inventory of existing parks and recreational assets, evaluation of current conditions, level of service analysis, and strategic recommendations for parks development and improvements. An updated Impact Fee Facilities Plan (IFFP) is also proposed.","Eagle Mountain, Utah",,,MHTN,,,PROPOSED,45,"Contact: Zac Hilton, Assistant Public Works Director. Master plan updates guide future parks investment and development priorities.",https://www.utah.gov/pmn/sitemap/notice/1075503.html,,pmn,2026-06-15T14:00:27.328793Z,40.3093488,-112.0119825,nominatim,0.75
pmn_1075503_item1,Eagle Mountain,City Council,2026-05-05,Brandon Park Future Land Use Map and Zoning Map amendments (216 acres),nan,0.9,GENERAL_PLAN_AMENDMENT,Eagle Mountain City Council will conduct public hearings for proposed Future Land Use Map and Zoning Map amendments for properties within the Brandon Park development. Approximately 216 acres of land are included with multiple zoning and future land use designations proposed.,"Brandon Park, Eagle Mountain, Utah",216,,,,,PROPOSED,72,"Contact: Steven Lehmitz, Planner. Specific zoning and future land use designations available via QR code in meeting packet. Large acreage suggests potential for significant residential or mixed-use development.",https://www.utah.gov/pmn/sitemap/notice/1075503.html,,pmn,2026-06-15T14:00:27.328793Z,40.3156231,-112.0380586,nominatim,0.75
pmn_1075503_item2,Eagle Mountain,City Council,2026-05-05,EMMC Chapter 17.72 amendment regarding drive-through locations and structured parking,nan,0.9,,Eagle Mountain City Council will consider an amendment to Eagle Mountain Municipal Code Section 17.72 regarding regulations for drive-through locations and structured parking.,,,,,,,PROPOSED,35,"Contact: David Stroud, Senior Planner. Code amendment may affect commercial and mixed-use development standards.",https://www.utah.gov/pmn/sitemap/notice/1075503.html,,pmn,2026-06-15T14:00:27.328793Z,,,,
pmn_1075503_item3,Eagle Mountain,City Council,2026-05-05,EMMC Chapter 17.55 amendment (incomplete description),nan,0.9,,Consideration of an amendment to Eagle Mountain Municipal Code Chapter 17.55. Description incomplete in source document.,,,,,,,PROPOSED,25,Incomplete agenda item in source document. Requires follow-up for full details.,https://www.utah.gov/pmn/sitemap/notice/1075503.html,,pmn,2026-06-15T14:00:27.328793Z,,,,
pmn_1076475_item0,Eagle Mountain,Planning Commission,2026-05-12,"Overland ARMDA 5th Amendment - Terra Smith's Eagle Mountain, LLC",nan,0.9,DEVELOPER_ACTIVITY,"Amendment to existing Overland ARMDA to add Smith's Food & Drug Center, Inc. as a party to the agreement, request exception to slope requirements for retention basins, and correct clerical error in developer entity name",,,,"Terra Smith's Eagle Mountain, LLC / Smith's Food & Drug Center, Inc.",,,PROPOSED,45,"City Council pre-approved the amendment on March 25, 2026. Now in Planning Commission public hearing phase. Contact: Marcus Draper",https://www.utah.gov/pmn/sitemap/notice/1076475.html,,pmn,2026-06-15T14:00:27.328994Z,40.3606848,-111.9692868,haiku_pdf_legal,0.55
pmn_1076475_item1,Eagle Mountain,Planning Commission,2026-05-12,EMMC 16.15 Amendment - Concept Plans Code Revision,nan,0.9,,Ordinance amendment to Eagle Mountain Municipal Code Chapter 16.15 regarding Concept Plans procedures and requirements,,,,,,,PROPOSED,30,Code modernization or procedural amendment. Contact: Brandon Larsen,https://www.utah.gov/pmn/sitemap/notice/1076475.html,,pmn,2026-06-15T14:00:27.328994Z,,,,
pmn_1076475_item2,Eagle Mountain,Planning Commission,2026-05-12,EMMC 17.64 - Alternative Energy Overlay Zone Creation,nan,0.9,GENERAL_PLAN_AMENDMENT,"Proposed creation of new Alternative Energy Overlay Zone (AEOZ) to permit development of power generation facilities at approved locations, subject to state and federal approval requirements. Not being applied to any specific property at this time.",,,,,,AEOZ (overlay),PROPOSED,50,Enabling ordinance for future renewable/alternative energy projects. Will be applied on a case-by-case basis upon request. Includes state/federal approval conditions. Contact: Evan Berrett,https://www.utah.gov/pmn/sitemap/notice/1076475.html,,pmn,2026-06-15T14:00:27.328994Z,,,,
pmn_1078693_item0,Eagle Mountain,Planning Commission,2026-05-12,Corrigan Farms Rezone,nan,0.9,REZONE,Discussion of rezone proposal for Corrigan Farms property,,,,,,,PROPOSED,65,Work session discussion item; full details not provided in agenda packet,https://www.utah.gov/pmn/sitemap/notice/1078693.html,,pmn,2026-06-15T14:00:27.328996Z,,,,
pmn_1078693_item1,Eagle Mountain,Planning Commission,2026-05-12,Deer Run Concept Plan,nan,0.9,LARGE_PROJECT,Discussion of concept plan for Deer Run development,,,,,,,PROPOSED,70,Work session discussion item; full details not provided in agenda packet,https://www.utah.gov/pmn/sitemap/notice/1078693.html,,pmn,2026-06-15T14:00:27.328996Z,,,,
pmn_1078693_item2,Eagle Mountain,Planning Commission,2026-05-12,Scenic Mountain Area Rezoning of 223 Properties,nan,0.9,REZONE,Discussion of rezoning proposal affecting 223 properties in Scenic Mountain area,Scenic Mountain Area,,,,,,PROPOSED,80,Large-scale rezoning of 223 properties; work session discussion item; full details not provided in agenda packet,https://www.utah.gov/pmn/sitemap/notice/1078693.html,,pmn,2026-06-15T14:00:27.328996Z,,,,
pmn_1078693_item3,Eagle Mountain,Planning Commission,2026-05-12,Alternative Energy Overlay Zone (AEOZ) Code Amendment,nan,0.9,GENERAL_PLAN_AMENDMENT,Public hearing and action on ordinance to create Alternative Energy Overlay Zone allowing development of power generation facilities at approved locations with state/federal approval requirements,,,,,,,PROPOSED,55,Overlay zone framework only; not being applied to specific properties at this time. Requires state and federal approvals for power generation facilities.,https://www.utah.gov/pmn/sitemap/notice/1078693.html,,pmn,2026-06-15T14:00:27.328996Z,,,,
pmn_1078693_item4,Eagle Mountain,Planning Commission,2026-05-12,Concept Plans Code Amendment (Chapter 16.15),nan,0.9,GENERAL_PLAN_AMENDMENT,Public hearing and action on ordinance amending Concept Plans municipal code chapter,,,,,,,PROPOSED,40,Procedural/regulatory amendment; limited details provided in agenda packet,https://www.utah.gov/pmn/sitemap/notice/1078693.html,,pmn,2026-06-15T14:00:27.328996Z,,,,
pmn_1078693_item5,Eagle Mountain,Planning Commission,2026-05-12,Overland 5th Amendment to ARMDA Agreement,nan,0.9,LARGE_PROJECT,Public hearing and action on 5th amendment to ARMDA (Area Redevelopment and Manufacturing Development Area) agreement with Overland entity,,,,Overland,,,PROPOSED,70,ARMDA agreement amendment; full details not provided in agenda packet,https://www.utah.gov/pmn/sitemap/notice/1078693.html,,pmn,2026-06-15T14:00:27.328996Z,,,,
pmn_1080863_item0,Eagle Mountain,City Council,2026-05-19,Corrigan Farms Rezone,nan,0.9,REZONE,Discussion of rezone proposal for Corrigan Farms property,,,,,,,PROPOSED,65,Work session discussion item; rezone details to be presented by Senior Planner David Stroud,https://www.utah.gov/pmn/sitemap/notice/1080863.html,,pmn,2026-06-15T14:00:27.328790Z,,,,
pmn_1080863_item1,Eagle Mountain,City Council,2026-05-19,Deer Run Concept Plan,nan,0.9,DEVELOPER_ACTIVITY,Concept plan review and discussion for Deer Run development,,,,,,,PROPOSED,70,Work session discussion item; concept plan to be presented by Senior Planner David Stroud,https://www.utah.gov/pmn/sitemap/notice/1080863.html,,pmn,2026-06-15T14:00:27.328790Z,,,,
pmn_1080863_item2,Eagle Mountain,City Council,2026-05-19,Scenic Mountain Area Rezoning of 223 Properties,nan,0.9,GENERAL_PLAN_AMENDMENT,Rezoning discussion for 223 properties in Scenic Mountain Area,Scenic Mountain Area,,,,,,PROPOSED,75,Large-scale rezone affecting 223 properties; work session discussion item presented by Senior Planner Rob Hobbs,https://www.utah.gov/pmn/sitemap/notice/1080863.html,,pmn,2026-06-15T14:00:27.328790Z,,,,
pmn_1080087,Eagle Mountain,City Council,2026-05-20,Public Meeting,nan,nan,,,,,,,,,PROPOSED,,,https://www.utah.gov/pmn/sitemap/notice/1080087.html,"EAGLE MOUNTAIN 
 Library Advisory Board MEETING
 
 May 20th, 2026, 6:30 p.m.
 Eagle Mountain City Library 
 1650 East Stagecoach Run, Eagle Mountain, Utah 84005

1.	Call to Order 
-	Roll Call
2.	Public Comment
3.	Librarian Report
-	Stats
-	Discussion and approval of Use of Library Cameras Policy
-	Discussion and approval of amendment to the Collection Development Policy- regarding AI 
-	Discussion and approval of updated Library Board Bylaws
-	Other 
4.	Member reports
5.	Adjournment

CERTIFICATE OF POSTING
The undersigned, duly appointed City Recorder, does hereby certify that the above agenda notice was posted on this 13 day of May, 2026, on the Eagle Mountain City bulletin boards, the Eagle Mountain City website www.eaglemountain.gov and posted to the Utah State public notice website http://www.utah.gov/pmn/index.html, 

Lacie Messerly, City Recorder",pmn,2026-06-15T14:00:27.328787Z,40.3093503,-112.0120054,haiku_pdf_address,0.70
pmn_1080169_item0,Eagle Mountain,Planning Commission,2026-05-26,Annexation Policy Plan - Eagle Mountain City updated annexation policy identifying seven areas in unincorporated Utah County,nan,0.9,ANNEXATION,Eagle Mountain City is proposing an updated annexation policy plan that identifies six to seven areas of unincorporated Utah County that the city would potentially consider for annexation. The plan includes a map showing these areas in relation to current city boundaries and contains criteria and considerations to facilitate analysis and decision-making for future annexation proposals.,Unincorporated Utah County areas adjacent to Eagle Mountain City,,,,,,PROPOSED,75,"This is a policy-level planning document that establishes framework for future annexation decisions rather than a specific annexation proposal. The plan identifies target areas for potential future growth and expansion of city limits. Contact: Brandon Larsen, Community Development Director.",https://www.utah.gov/pmn/sitemap/notice/1080169.html,,pmn,2026-06-15T14:00:27.328988Z,,,,
pmn_1082575_item0,Eagle Mountain,Planning Commission,2026-05-26,Variance - Pony Express Business Park,nan,0.9,DEVELOPER_ACTIVITY,Variance request for Pony Express Business Park,,,,,,,PROPOSED,35,Variance application under review; insufficient detail in agenda to determine specific nature of variance or project scope,https://www.utah.gov/pmn/sitemap/notice/1082575.html,,pmn,2026-06-15T14:00:27.328991Z,,,,
pmn_1083205,Eagle Mountain,City Council,2026-05-26,Public Meeting,nan,nan,,,,,,,,,PROPOSED,,,https://www.utah.gov/pmn/sitemap/notice/1083205.html,"EAGLE MOUNTAIN CITY COUNCIL MEETING 
MAY 26, 2026, 3:00 PM 
EAGLE MOUNTAIN CITY COUNCIL CHAMBERS 
1650 E STAGECOACH RUN, EAGLE MOUNTAIN, UT 84005

3:00 PM BUDGET WORK SESSION - CITY COUNCIL CHAMBERS
A. INFORMATION/STATEMENT - The Mayor intends to state that the tentative budget includes a proposed property tax increase for public safety.
1. CALL TO ORDER
2. DISCUSSION OF PROPOSED BUDGET
2.A. INFORMATION - Property Tax Impact Schedule The City Council will hold a public hearing regarding the proposed property tax increase on August 6, 2026 at 6:00 p.m. Members of the public will have an opportunity to appear and be heard regarding the proposed tax increase. For more information please go to:
https://eaglemountain.gov/truth-in-taxation-property-tax/.
2.B. BUDGET DISCUSSION ITEM
The purpose of this Budget Work Meeting is for the City Council to review, discuss, and ask questions about the tentative budget. The tentative budget can be found online:
https://city-eagle-mountain-ut-cleardoc.cleargov.com/22130/845077/d.  It includes a proposed property tax increase to support public safety. The Truth in Taxation public hearing is scheduled for Thursday, August 6, 2026, at 6:00PM. The final budget for fiscal year 2026-2027 will be adopted on August 18, 2026. An Interim Budget will be adopted on June 16, 2026, and be in effect for the period beginning on July 1, 2026, and ending after August 18, 2026, upon the City Council's adoption of the final budget. A Public Hearing to accept public comment on the Interim Budget will be held at 7:00PM on Tuesday, June 16, 2026.
3.ADJOURNMENT

THE PUBLIC IS INVITED TO PARTICIPATE IN PUBLIC MEETINGS FOR ALL AGENDAS.
In accordance with the Americans with Disabilities Act, Eagle Mountain City will make reasonable accommodations for participation in all Public Meetings and Work Sessions. Please call the City Recorder's Office at least 3 working days prior to the meeting at 801-789-6611. This meeting may be held telephonically",pmn,2026-06-15T14:00:27.328785Z,40.3093503,-112.0120054,haiku_pdf_address,0.55
pmn_1082697_item0,Eagle Mountain,City Council,2026-06-02,Horizon Master Development Plan and Preliminary Plat Approval for 110 single-family detached residential lots on approximately 109 acres,nan,0.9,LARGE_PROJECT,Request for Master Development Plan and Preliminary Plat Approval for a residential development comprising 110 single-family detached residential lots with open space on approximately 109 acres. Located north of Pony Express Parkway and Lone Tree Parkway.,"2434 E. Pony Express Parkway, Eagle Mountain, Utah",109,110,Caden Hazard,,,PROPOSED,78,"Project named 'Horizon'. Located in Section 30, T5S, R1W. Point of contact: Senior Planner Robert Hobbs (rhobbs@eaglemountain.gov). Public hearing scheduled for June 2, 2026 at 7:00 PM.",https://www.utah.gov/pmn/sitemap/notice/1082697.html,"{""parcel_ids"": [""58:040:0378""]}",pmn,2026-06-15T14:00:27.328774Z,40.3620428,-111.9473717,haiku_nominatim,0.70
pmn_1082269_item0,Eagle Mountain,City Council,2026-06-02,Annexation Policy Plan - Eagle Mountain City proposes updated policy identifying seven areas for potential annexation,nan,0.9,ANNEXATION,Eagle Mountain City is proposing an updated annexation policy plan that identifies seven areas of unincorporated Utah County that the city would potentially consider for annexation. The plan includes a map of these areas in relation to current city boundaries and criteria for facilitating analysis and decision-making for future annexation proposals.,"Eagle Mountain, Utah County",,,,,,PROPOSED,75,This is a strategic planning document that signals the city's growth intentions. Seven unincorporated areas have been identified as potential annexation targets. Developers should monitor these designated areas for future development opportunities within city limits.,https://www.utah.gov/pmn/sitemap/notice/1082269.html,,pmn,2026-06-15T14:00:27.328777Z,40.3093488,-112.0119825,nominatim,0.75
pmn_1081649_item0,Eagle Mountain,City Council,2026-06-02,Land Disposal Application - Casey Hansen for approximately 0.01 acres of public property,nan,0.9,,"Eagle Mountain City Council public hearing to consider a Land Disposal Application from Casey Hansen to dispose of approximately 0.01 acres of real public property identified as a portion of Utah County Parcel No. 45:326:0109, designated as 'Significant Real Property'.",,0.01,,Casey Hansen,,,PROPOSED,5,Land disposal application for minimal acreage of public property. Low development significance. Parcel designated as 'Significant Real Property' per EMMC 3.30.,https://www.utah.gov/pmn/sitemap/notice/1081649.html,"{""parcel_ids"": [""45:326:0109""]}",pmn,2026-06-15T14:00:27.328779Z,,,,
pmn_1084319_item0,Eagle Mountain,City Council,2026-06-02,Scenic Mountain Area Rezoning of 223 Properties,nan,0.9,REZONE,Discussion of rezoning proposal affecting 223 properties in the Scenic Mountain Area. Senior Planner Rob Hobbs presenting information to City Council.,"Scenic Mountain Area, Eagle Mountain",,,,,,PROPOSED,65,Large-scale rezoning affecting 223 properties indicates significant area-wide planning initiative. Scope and zoning details not specified in agenda text. Information item only - no action anticipated at this meeting.,https://www.utah.gov/pmn/sitemap/notice/1084319.html,,pmn,2026-06-15T14:00:27.328782Z,,,,
pmn_1082967_item0,Eagle Mountain,Planning Commission,2026-06-09,Annexation Policy Plan update for Eagle Mountain City,nan,0.9,ANNEXATION,"Eagle Mountain City is proposing an updated annexation policy plan and seeking feedback from affected entities including special districts, school districts, and municipalities within 1/2 mile of proposed annexation areas. Public hearing for affected entities with 10-day written comment period following.","Eagle Mountain, Utah",,,,,,PROPOSED,65,"This is a policy-level annexation plan update rather than a specific project annexation. Hearing scheduled June 9, 2026 at 6:30 PM. Contact: Brandon Larsen, Community Development Director.",https://www.utah.gov/pmn/sitemap/notice/1082967.html,,pmn,2026-06-15T14:00:27.328983Z,40.3093488,-112.0119825,nominatim,0.75
pmn_1084211_item0,Eagle Mountain,Planning Commission,2026-06-09,Second Amendment to Master Development Agreement for Eagle Quest East,nan,0.9,DEVELOPER_ACTIVITY,Planning Commission recommendation on proposed second amendment to Eagle Quest East Master Development Agreement to extend initial development benchmarks and overall expiration of the agreement,North of Sunset Flats development,,,,,,PROPOSED,45,Extension of timeline for existing master development agreement; benchmark extension suggests phased development project,https://www.utah.gov/pmn/sitemap/notice/1084211.html,"{""parcel_ids"": [""59:006:0053""]}",pmn,2026-06-15T14:00:27.328980Z,,,,
pmn_1084211_item1,Eagle Mountain,Planning Commission,2026-06-09,Consolidated Fee Schedule Amendment - Building Department and Subdivision Development Fees,nan,0.9,,"Planning Commission review and recommendation of proposed amendments to City's Consolidated Fee Schedule Section 13 Building Department Fees, 10.7 Other Subdivision Development Fees and Appendix B Building Valuation Table",,,,,,,PROPOSED,20,Administrative fee structure adjustment; may impact development cost basis and feasibility,https://www.utah.gov/pmn/sitemap/notice/1084211.html,,pmn,2026-06-15T14:00:27.328980Z,,,,
pmn_1084211_item2,Eagle Mountain,Planning Commission,2026-06-09,"Senior Housing Overlay Zone - Municipal Code Amendments EMMC 17.10.030, 17.25.030, and 17.55",nan,0.9,GENERAL_PLAN_AMENDMENT,"Proposal to add definitions, amend Residential Development Standards table, and enact EMMC 17.55 to establish Senior Housing Overlay Zone and associated standards",,,,,,,PROPOSED,65,New overlay zone creation for senior housing; enables senior living development opportunities across applicable parcels; represents policy shift toward aging-in-place development,https://www.utah.gov/pmn/sitemap/notice/1084211.html,,pmn,2026-06-15T14:00:27.328980Z,,,,
pmn_1086305_item0,Eagle Mountain,Planning Commission,2026-06-09,"Senior Housing Overlay Zone - Amendment to Eagle Mountain Municipal Code Section 17.10.030, 17.25.030, and enactment of Chapter 17.55",nan,0.9,GENERAL_PLAN_AMENDMENT,"City Council directed staff to create an overlay zone to encourage construction of senior housing in Eagle Mountain. This ordinance amends definitions and land use table, and enacts a new Senior Housing Overlay Zone chapter.","Eagle Mountain, Utah",,,,,,PROPOSED,65,Senior housing overlay zone is a regulatory tool to incentivize age-restricted residential development. This is a policy-level amendment that will enable future senior housing projects to proceed under modified standards.,https://www.utah.gov/pmn/sitemap/notice/1086305.html,,pmn,2026-06-15T14:00:27.328986Z,40.3093488,-112.0119825,nominatim,0.75
pmn_1086305_item1,Eagle Mountain,Planning Commission,2026-06-09,General Plan Future Land Use Map Amendment for Annexation Policy,nan,0.9,GENERAL_PLAN_AMENDMENT,"Eagle Mountain City is proposing an updated annexation policy plan and seeking feedback from affected entities including special districts, school districts, and adjacent municipalities as required by Utah Code §10-2-801.","Eagle Mountain, Utah",,,,,,PROPOSED,70,This is a public hearing for feedback on proposed annexation policy updates. No specific annexation areas are identified in this agenda item; this is a policy framework revision affecting future annexation procedures.,https://www.utah.gov/pmn/sitemap/notice/1086305.html,,pmn,2026-06-15T14:00:27.328986Z,40.3093488,-112.0119825,nominatim,0.75
pmn_1086559,Eagle Mountain,City Council,2026-06-16,Public Hearing,nan,nan,,,,,,,,,PROPOSED,,,https://www.utah.gov/pmn/sitemap/notice/1086559.html,"EAGLE MOUNTAIN CITY COUNCIL
NOTICE OF PUBLIC HEARINGS

The Eagle Mountain City Council will hold public hearings on June 16, 2026, at 7:00 PM or as soon thereafter as business allows, in the Eagle Mountain City Council Chambers, 1650 E Stagecoach Run, Eagle Mountain, Utah 84005.  The City Council will receive public comments concerning the following items:


FY 2026-2027 Interim Budget Adoption:

-	FY 2026-2027 Interim Budget Adoption: Eagle Mountain City will hold a Public Hearing at 7:00 PM, on Tuesday, June 16, 2026, to accept public comment on the 2026-2027 fiscal year Interim Budget. The Public Hearing will be held at the Eagle Mountain City Municipal Building located at 1650 E Stagecoach Run, Eagle Mountain, in the City Council Chambers. Public comment is welcome. The proposed budget can be viewed at eaglemountain.gov/finance and in the office of the Eagle Mountain City Recorder. 

The Interim Budget will be in effect for the period beginning on July 1, 2026, and ending after August 18, 2026, upon the City Council's adoption of a final budget. The fiscal year 2026-2027 tentative budget presented to the City Council on May 5, 2026, proposes a property tax increase triggering the Truth-In-Taxation process. The Interim Budget sets aside, in a restricted budget account the additional property tax revenue generated by the proposed tax rate increase. The City may not expend or otherwise obligate the restricted revenue until the completion of the Truth-In-Taxation process and the City Council has taken action to adopt a final budget for fiscal year 2026-2027 subject to the requirements of Utah Code Section 52-2-919.  To view the property tax impact schedule and learn more about the proposed tax increase, visit eaglemountain.gov/truth-in-taxation-property-tax. 
EMC Point of Contact: Director of Administrative Services, Kimberly Ruesch: kruesch@eaglemountain.gov.

Budget Amendment: 

-	Amendment #3 to the Fiscal Year 2026-2027 Budget: The proposed budget",pmn,2026-06-15T14:00:27.328767Z,40.3093503,-112.0120054,haiku_pdf_address,0.55
pmn_1088445_item0,Eagle Mountain,City Council,2026-06-16,Proposed Update to Annexation Policy Plan (Addition of Area 7),nan,0.9,ANNEXATION,Discussion of proposed update to the city's annexation policy plan to add Area 7. This is an information and discussion item only with no action required at this time.,,,,,,,PROPOSED,65,Early-stage policy discussion; Area 7 annexation area being evaluated for future potential.,https://www.utah.gov/pmn/sitemap/notice/1088445.html,,pmn,2026-06-15T14:00:27.328771Z,,,,
pmn_1088445_item1,Eagle Mountain,City Council,2026-06-16,Transmission Lines and the AG Zone,nan,0.9,GENERAL_PLAN_AMENDMENT,Discussion regarding transmission lines and their relationship to the Agricultural (AG) zone designation. Information item for City Council consideration.,,,,,,,PROPOSED,35,May relate to future zoning or land use policy adjustments affecting agricultural areas.,https://www.utah.gov/pmn/sitemap/notice/1088445.html,,pmn,2026-06-15T14:00:27.328771Z,,,,
pmn_1088445_item2,Eagle Mountain,City Council,2026-06-16,Sage Valley Community Entrance Sign,signage,0.9,DEVELOPER_ACTIVITY,Discussion of entrance sign for Sage Valley community. Signage proposal for a named development.,,,,Sage Valley,,,PROPOSED,20,Community entrance signage for existing or planned Sage Valley development.,https://www.utah.gov/pmn/sitemap/notice/1088445.html,,pmn,2026-06-15T14:00:27.328771Z,,,,
pmn_1087667_item0,Eagle Mountain,Planning Commission,2026-06-23,Annexation Policy Plan - Eagle Mountain City updated annexation policy identifying seven areas for potential annexation,nan,0.9,ANNEXATION,Eagle Mountain City is proposing an updated annexation policy plan that identifies seven areas of unincorporated Utah County that the city would potentially consider for annexation. The plan includes a map of these areas in relation to current city boundaries and contains criteria and considerations to facilitate analysis and decision-making for future annexation proposals.,unincorporated Utah County areas (seven identified areas),,,,,,PROPOSED,65,"Policy-level annexation guidance document; identifies strategic expansion areas for Eagle Mountain. Contact: Brandon Larsen, Community Development Director (blarsen@eaglemountain.gov)",https://www.utah.gov/pmn/sitemap/notice/1087667.html,,pmn,2026-06-15T14:00:27.328977Z,,,,
pmn_1088095_item0,Eagle Mountain,Planning Commission,2026-06-23,Triumph Master Development Agreement Amendment for affordable housing pods,nan,0.9,LARGE_PROJECT,Request to amend Master Development Agreement for Triumph Subdivision to allow creation of four affordable housing pods with higher residential densities than the balance of the project. Pods range from 2.8 to 4.5 acres in size.,"Section 19, T6S, R1W, east and west sides of N. Lake Mountain Road south of E. Pole Canyon Blvd., Eagle Mountain",15.6,,Scot Hazard,,,PROPOSED,72,Four affordable housing pods proposed within existing Triumph Subdivision. Combined acreage of pods is approximately 15.6 acres (2.8 + 3.2 + 4.0 + 4.5 estimated range midpoints). Higher density than surrounding project area suggests potential for multifamily or townhome development.,https://www.utah.gov/pmn/sitemap/notice/1088095.html,"{""parcel_ids"": [""59:019:0031""]}",pmn,2026-06-15T14:00:27.328974Z,,,,
pmn_1057383,Erda,Erda Planning Commission,2026-02-10,**CANCELED*** Erda Planning Commission Meeting,nan,nan,,,,,,,,,PROPOSED,,,https://www.utah.gov/pmn/sitemap/notice/1057383.html,"****CANCELED***** Notice is hereby given that the Planning Commission's Scheduled Meeting on Tuesday February 10th, 2026 has been canceled. The Planning Commission will hold their next regularly scheduled meeting on Tuesday February 24th, 2026 at 7:00pm. At the Erda City Office, Erda Fire Station, 2163 W. Erda Way, Erda UT.",pmn,2026-06-15T14:00:27.329907Z,40.6008601,-112.3554442,haiku_pdf_address,0.55
pmn_1055539,Erda,Erda Planning Commission,2026-02-10,Erda Planning Commission Meeting Dates 2026,nan,nan,,,,,,,,,PROPOSED,,,https://www.utah.gov/pmn/sitemap/notice/1055539.html,"Erda Planning Commission 2026 Meeting dates

Meetings will be held the 2nd and 4th Tuesdays of the month. All meetings will be held at 7:00 pm at the Erda City Office/Fire Station at 2163 W Erda Way, Erda, UT

January 13
January 27
February 10
February 24
March 10
March 24
April 14
April 28
May 12
May 26  (Cancelled due to Holiday)
June 9
June 23
July 14
July 28 
August 11
August 25
September 08
September 22
October 13
October 27
November 10 
November 24 (Cancelled due to Holiday)
December 08
December 22 (Cancelled due to Holiday)",pmn,2026-06-15T14:00:27.329905Z,40.6008601,-112.3554442,haiku_pdf_address,0.55
pmn_1061791_item0,Erda,Erda Planning Commission,2026-02-24,Oquirrh Point Phase 1 Preliminary Plat - 2nd Amendment,nan,0.9,NEW_SUBDIVISION,"Second amendment to the Oquirrh Point Phase 1 preliminary plat. Lot count reduced from 887 to 851 lots due to required 84-foot right-of-way dedication for Erda Way (a major transportation corridor). Lots 1-9 reduced in size from 15,000 sq. ft. to 14,400 sq. ft. to accommodate the increased right-of-way requirement. Originally approved January 14, 2025; first amendment approved November 18, 2025.","Erda, UT (Erda Way corridor)",,851,,,,PROPOSED,78,Major residential subdivision in Erda. Lot reduction driven by transportation infrastructure requirements rather than market conditions. Right-of-way dedication on major corridor improves municipal infrastructure.,https://www.utah.gov/pmn/sitemap/notice/1061791.html,,pmn,2026-06-15T14:00:27.329902Z,40.601981,-112.2842338,haiku_nominatim,0.70
pmn_1065005_item0,Erda,Erda Planning Commission,2026-03-10,CUP 2026-25: Cottage Business at 3944 Spiral Springs Rd,nan,0.9,DEVELOPER_ACTIVITY,Cindy Toone seeking a Conditional Use Permit to operate a cottage business at 3944 Spiral Springs Rd in Erda.,"3944 Spiral Springs Rd, Erda, UT",,,Cindy Toone,,,PROPOSED,15,Cottage business CUP; low-intensity residential use; typical home-based business application.,https://www.utah.gov/pmn/sitemap/notice/1065005.html,,pmn,2026-06-15T14:00:27.329899Z,,,,
pmn_1068037,Erda,Erda Planning Commission,2026-03-24,**CANCELED*** Erda Planning Commission Meeting,nan,nan,,,,,,,,,PROPOSED,,,https://www.utah.gov/pmn/sitemap/notice/1068037.html,"****CANCELED*****Notice is hereby given that the Planning Commission's Scheduled Meeting on Tuesday March 24th, 2026 has been canceled. The Planning Commission will hold their next regularly scheduled meeting on Tuesday April 14th, 2026 at 7:00pm. At the Erda City Office, Erda Fire Station, 2163 W. Erda Way, Erda UT.",pmn,2026-06-15T14:00:27.329897Z,40.6008601,-112.3554442,haiku_pdf_address,0.55
pmn_1068537_item0,Erda,Erda City Council,2026-03-27,Resolution 26-05 Supporting America 250 Utah and Recognizing Erda Utah250 Community Committee,nan,0.9,,City Council consideration of resolution to support America 250 Utah initiative and recognize the Erda Utah250 Community Committee,,,,,,,PROPOSED,0,"Procedural/community recognition item, not a development project",https://www.utah.gov/pmn/sitemap/notice/1068537.html,,pmn,2026-06-15T14:00:27.329771Z,,,,
pmn_1068537_item1,Erda,Erda City Council,2026-03-27,Ordinance 26-03 Directing Removal of City of Erda from Lawsuit,nan,0.9,,City Council consideration of ordinance to remove City of Erda as a party to a lawsuit,,,,,,,PROPOSED,0,"Legal/procedural matter, not a development project",https://www.utah.gov/pmn/sitemap/notice/1068537.html,,pmn,2026-06-15T14:00:27.329771Z,,,,
pmn_1068537_item2,Erda,Erda City Council,2026-03-27,Letter of Support for Utah Nuclear Lifecycle Innovation Campus (NLIC),nan,0.9,LARGE_PROJECT,"City Council consideration of letter of support for Utah Nuclear Lifecycle Innovation Campus (NLIC), a potentially significant infrastructure and economic development project",,,,,,,PROPOSED,75,Nuclear research/innovation campus; significant economic development opportunity for the region,https://www.utah.gov/pmn/sitemap/notice/1068537.html,,pmn,2026-06-15T14:00:27.329771Z,,,,
pmn_1068537_item3,Erda,Erda City Council,2026-03-27,Boys Home in Bronzewood Circle,nan,0.9,DEVELOPER_ACTIVITY,City Council agenda item regarding Boys Home facility in Bronzewood Circle area,"Bronzewood Circle, Erda",,,,,,PROPOSED,20,Limited detail provided in agenda packet; appears to be discussion or action item regarding Boys Home facility,https://www.utah.gov/pmn/sitemap/notice/1068537.html,,pmn,2026-06-15T14:00:27.329771Z,40.584627,-112.2772261,nominatim,0.75
pmn_1068039,Erda,Erda City Council,2026-03-27,Erda City Council Meeting  **DATE CHANGE**,nan,nan,,,,,,,,,PROPOSED,,,https://www.utah.gov/pmn/sitemap/notice/1068039.html,"UPDATE
***NOTICE OF DATE CHANGE***
To accommodate the conflict in schedule at the Erda City Fire Station on the regularly scheduled City Council Meeting time, the City Council has chosen to meet on the FRIDAY March 27th, 2026 at 7pm.",pmn,2026-06-15T14:00:27.329769Z,,,,
pmn_1070977,Erda,Erda City Council,2026-04-09,**CANCELED*** Erda City Council Meeting,nan,nan,,,,,,,,,PROPOSED,,,https://www.utah.gov/pmn/sitemap/notice/1070977.html,"****CANCELED*****

Notice is hereby given that the Erda City Council's Scheduled Meeting on Thursday April 9th, 2026 has been canceled. The City Council will hold their next regularly scheduled meeting on Thursday April 23rd 2026 at 7:00pm. At the Erda City Office, Erda Fire Station, 2163 W. Erda Way, Erda UT",pmn,2026-06-15T14:00:27.329766Z,40.6008601,-112.3554442,haiku_pdf_address,0.70
pmn_1072573_item0,Erda,Erda Planning Commission,2026-04-15,Copper Cove Preliminary Plat Phase 1 - 45 lot residential subdivision,nan,0.9,NEW_SUBDIVISION,"Preliminary plat approval request for Copper Cove Phase 1 containing 45 residential lots ranging from 5,800 to 10,000 square feet each, located at the northeast corner of the development","northeast corner of Copper Cove development, Erda",,45,Derald Anderson,,,PROPOSED,72,Phase 1 of multi-phase residential subdivision. Lot sizes indicate standard single-family residential development. Preliminary plat stage suggests project is early in approval process.,https://www.utah.gov/pmn/sitemap/notice/1072573.html,,pmn,2026-06-15T14:00:27.329894Z,,,,
pmn_1074875,Erda,Erda City Council,2026-04-24,Erda City Council Meeting,nan,nan,,,,,,,,,PROPOSED,,,https://www.utah.gov/pmn/sitemap/notice/1074875.html,"Notice is hereby given that the Erda City Council will hold a meeting on Friday, April 24, 2026 at 12:00pm. The meeting will be held at the Erda City Fire Station/Office, located at 2163 West Erda Way, Erda, Utah

You may join in person or via Google Meet link: https://meet.google.com/vcv-qhyp-ajq
Or dial:  (US) +1 929-324-2862  PIN:  234 845 955 #

Call to Order
Roll Call
Pledge
Public Comment
Approve meeting minutes from 3-27-26
Treasurer Report
Sheriff's Report
NTFD Report
NTFD Mitigation Specialist Presentation
Consideration of Resolution 26-06 Approving Interlocal Cooperative Agreement with Tooele County for Dispatch Services
UDOT Letter of Support for Trail Network Study
Discussion of involvement in Lawsuits
Council Representative Reports
CLOSED SESSION- Per Utah Code Ann. §52-4-205(1)(c)
Adjournment 


**All handouts for this meeting can be found on the city's website erda.gov under the calendar section**

Board may elect to go into a closed session which will not be open to the public pursuant to Utah Code Ann. §52-4-205(1).
**Format and Verbiage to be used when going into a closed session",pmn,2026-06-15T14:00:27.329763Z,40.6008601,-112.3554442,haiku_pdf_address,0.55
pmn_1074883_item0,Erda,Erda Planning Commission,2026-04-28,Copper Cove Preliminary Plat Phase 1 - 45 lot residential subdivision,nan,0.9,NEW_SUBDIVISION,"Preliminary plat approval for Copper Cove Phase 1 containing 45 residential lots ranging from 5,800 to 10,000 square feet each, located at the northeast corner of the development",northeast corner of Copper Cove development,,45,Derald Anderson,,,PROPOSED,72,Phase 1 of multi-phase residential development; lot sizes suggest single-family residential; public hearing scheduled,https://www.utah.gov/pmn/sitemap/notice/1074883.html,,pmn,2026-06-15T14:00:27.329892Z,,,,
pmn_1078403,Erda,Erda Planning Commission,2026-05-12,**CANCELED*** Erda Planning Commission Meeting,nan,nan,,,,,,,,,PROPOSED,,,https://www.utah.gov/pmn/sitemap/notice/1078403.html,"****CANCELED*****Notice is hereby given that the Planning Commission's Scheduled Meeting on Tuesday May 12th, 2026 has been canceled. The Planning Commission will hold their next regularly scheduled meeting on Tuesday May 26th, 2026 at 7:00pm. At the Erda City Office, Erda Fire Station, 2163 W. Erda Way, Erda UT.",pmn,2026-06-15T14:00:27.329889Z,40.6008601,-112.3554442,haiku_pdf_address,0.55
pmn_1079709_item0,Erda,Erda City Council,2026-05-14,Ordinance 26-04: Remove Erda City as party to lawsuit against Grantsville City,nan,0.9,,Consideration of ordinance to remove Erda City as a party to the lawsuit captioned as Erda Community Association Inc VS Grantsville City and Deidre Handerson as Lt Governor,,,,,,,PROPOSED,0,"Litigation matter, not development-related",https://www.utah.gov/pmn/sitemap/notice/1079709.html,,pmn,2026-06-15T14:00:27.329758Z,,,,
pmn_1079709_item1,Erda,Erda City Council,2026-05-14,Ordinance 26-05: Temporary Land Use Regulation for Disconnect Areas,nan,0.9,GENERAL_PLAN_AMENDMENT,"Adoption of temporary land use regulation pursuant to Utah Code §10-20-504 for disconnect areas, likely related to areas being separated from city",Erda City disconnect areas,,,,,,PROPOSED,35,Temporary regulation adopted in context of pending disconnections from city,https://www.utah.gov/pmn/sitemap/notice/1079709.html,,pmn,2026-06-15T14:00:27.329758Z,,,,
pmn_1079709_item2,Erda,Erda City Council,2026-05-14,Ordinance 26-06: Vacate Copper Cove Development Agreement,nan,0.9,DEVELOPER_ACTIVITY,Ordinance to vacate (cancel or annul) the Copper Cove Development Agreement,Copper Cove,,,Copper Cove developer,,,PROPOSED,25,Agreement termination suggests prior development project is being abandoned or renegotiated,https://www.utah.gov/pmn/sitemap/notice/1079709.html,,pmn,2026-06-15T14:00:27.329758Z,,,,
pmn_1079709_item3,Erda,Erda City Council,2026-05-14,Infrastructure: 33rd Parkway Connection bid selection and award,nan,0.9,INFRASTRUCTURE,Select and award bid for 33rd Parkway Connection infrastructure project,33rd Parkway,,,,,,PROPOSED,45,Road/transportation infrastructure development supporting city connectivity,https://www.utah.gov/pmn/sitemap/notice/1079709.html,,pmn,2026-06-15T14:00:27.329758Z,40.5426011,-112.294399,nominatim,0.75
pmn_1079709_item4,Erda,Erda City Council,2026-05-14,Consideration of East and West Applications to Disconnect from Erda City,nan,0.9,ANNEXATION,Public hearing and consideration of applications from East and West areas to disconnect from Erda City,East and West areas of Erda,,,,,,PROPOSED,20,Disconnection/de-annexation activity that will impact city jurisdiction and planning,https://www.utah.gov/pmn/sitemap/notice/1079709.html,,pmn,2026-06-15T14:00:27.329758Z,,,,
pmn_1075207_item0,Erda,Erda City Council,2026-05-14,Disconnection petition for real property from Erda City corporate limits (Petition 1),nan,0.9,ANNEXATION,Public hearing to consider a petition for disconnection of certain real property from the corporate limits of Erda City. This is a land separation/de-annexation matter requiring public hearing and council consideration.,,,,,,,PROPOSED,25,"Two separate disconnection petitions being heard. Petition details available for public inspection at Erda City Fire Station (2163 W Erda Way) and erda.gov. Public hearing scheduled May 14, 2026 at 7:00 p.m. at Deseret Peak Complex.",https://www.utah.gov/pmn/sitemap/notice/1075207.html,,pmn,2026-06-15T14:00:27.329760Z,,,,
pmn_1075207_item1,Erda,Erda City Council,2026-05-14,Disconnection petition for real property from Erda City corporate limits (Petition 2),nan,0.9,ANNEXATION,Public hearing to consider a second petition for disconnection of certain real property from the corporate limits of Erda City. This is a land separation/de-annexation matter requiring public hearing and council consideration.,,,,,,,PROPOSED,25,"Second of two disconnection petitions being heard concurrently. Petition details available for public inspection at Erda City Fire Station (2163 W Erda Way) and erda.gov. Public hearing scheduled May 14, 2026 at 7:00 p.m. at Deseret Peak Complex.",https://www.utah.gov/pmn/sitemap/notice/1075207.html,,pmn,2026-06-15T14:00:27.329760Z,,,,
pmn_1083055_item0,Erda,Erda Planning Commission,2026-05-26,Copper Cove Preliminary Plat Phase 1 – 45 residential lots,nan,0.9,NEW_SUBDIVISION,"Derald Anderson requesting preliminary plat approval for Copper Cove Phase 1, a residential subdivision containing 45 lots ranging from 5,800 to 10,000 square feet, located at the northeast corner of the development.","Northeast corner of Copper Cove development, Erda, UT",,45,Derald Anderson,,,PROPOSED,72,"Phase 1 of multi-phase development. Lot sizes suggest single-family residential product. Planning Commission meeting scheduled for May 26, 2026.",https://www.utah.gov/pmn/sitemap/notice/1083055.html,,pmn,2026-06-15T14:00:27.329886Z,,,,
pmn_1083489,Erda,Erda City Council,2026-05-28,Erda City Council Meeting,nan,nan,,,,,,,,,PROPOSED,,,https://www.utah.gov/pmn/sitemap/notice/1083489.html,"Notice is hereby given that the Erda City Council will hold a meeting on Thursday, May 28th, 2026 at 7:00pm. The meeting will be held at the Erda City Fire Station/Office, located at 2163 West Erda Way, Erda, Utah

You may join in person or via Google Meet link: https://meet.google.com/nwi-afjy-fqa
Or dial:  (US) +1 732-844-0616  PIN:  256 462 625 #


Call to Order
Roll Call
Pledge
Public Comment
Approve meeting minutes from 5-14-26
Consideration of Ordinance 26-07 Regulating, Preventing, and Banning the Discharge of Fireworks Within Certain Areas of the City
2026-2027 Annual Budget Hearing, Discussion, and Adjuistments
Open Public Hearing
Close Public Hearing
Council Representative Reports
Adjournment 

FOLLOW UP ITEMS:

**All handouts for this meeting can be found on the city's website erda.gov under the calendar section**

Board may elect to go into a closed session which will not be open to the public pursuant to Utah Code Ann. §52-4-205(1).


Pursuant to the Americans with Disabilities Act, Individuals needing special accommodations should contact Erda City Office at either jpoole@erda.gov jstagg@erda.gov or 435-243-5577",pmn,2026-06-15T14:00:27.329752Z,40.6008601,-112.3554442,haiku_pdf_address,0.55
pmn_1081585,Erda,Erda City Council,2026-05-28,Notice of Public Hearing on Adoption of Annual Budget 2026-2027,nan,nan,,,,,,,,,PROPOSED,,,https://www.utah.gov/pmn/sitemap/notice/1081585.html,"ERDA
Notice of Public Hearing Regarding Adoption of Erda City Fiscal Year 2026-2027 Budget 


	Notice is hereby given by Erda City a municipal corporation of the state of Utah, located in Tooele County, of a public meeting to adopt Erda's Fiscal Year 2024-2025 Budget on Thursday May 28th, 2026 beginning at 7:00 p.m.  at the Erda City Offices next to the Fire Station on 2163 W Erda Way, Erda UT, 84074. The geographic area that will be affected by the City's Budget is the entire area of Erda.  Further information regarding the Erda City Annual Budget Fiscal Year 2026-2027 and a copy may be obtained from the City Recorder at the address and telephone number set forth below. Pursuant to the Americans with Disabilities Act, Individuals needing special accommodations should contact Craig Smith at 435-830-2802.

Erda
2163 W. Erda Way
Erda UT, 84074
435-243-5577
jpoole@erda.gov",pmn,2026-06-15T14:00:27.329755Z,40.6008601,-112.3554442,haiku_pdf_address,0.55
pmn_1086245,Erda,Erda Planning Commission,2026-06-09,**CANCELED*** Erda Planning Commission Meeting,nan,nan,,,,,,,,,PROPOSED,,,https://www.utah.gov/pmn/sitemap/notice/1086245.html,"****CANCELED*****Notice is hereby given that the Planning Commission's Scheduled Meeting on Tuesday June 9th, 2026 has been canceled. The Planning Commission will hold their next regularly scheduled meeting on Tuesday June 23rd, 2026 at 7:00pm. At the Erda City Office, Erda Fire Station, 2163 W. Erda Way, Erda UT.",pmn,2026-06-15T14:00:27.329883Z,40.6008601,-112.3554442,haiku_pdf_address,0.55
pmn_1087341_item0,Erda,Erda City Council,2026-06-11,Ordinance 26-08 Adopting the 2026-2027 Budget and Certified Tax Rate,nan,0.9,,City council consideration and adoption of the fiscal year 2026-2027 budget and certified tax rate,,,,,,,PROPOSED,0,Budget adoption item; procedural/fiscal governance,https://www.utah.gov/pmn/sitemap/notice/1087341.html,,pmn,2026-06-15T14:00:27.329746Z,,,,
pmn_1087341_item1,Erda,Erda City Council,2026-06-11,Resolution 26-08 Year-End Amendments to the 2025-2026 Fiscal Year Budget,nan,0.9,,City council consideration of year-end budget amendments for the 2025-2026 fiscal year,,,,,,,PROPOSED,0,Budget amendment item; procedural/fiscal governance,https://www.utah.gov/pmn/sitemap/notice/1087341.html,,pmn,2026-06-15T14:00:27.329746Z,,,,
pmn_1087341_item2,Erda,Erda City Council,2026-06-11,"East Disconnect Application - discussion, tentative decision, and direction to City Attorney",nan,0.9,INFRASTRUCTURE,Discussion and review of East Disconnect Application with tentative decision pending; city council to provide direction to City Attorney,,,,,,,CONTINUED,25,Disconnect application suggests utility or infrastructure modification; specifics not detailed in agenda,https://www.utah.gov/pmn/sitemap/notice/1087341.html,,pmn,2026-06-15T14:00:27.329746Z,,,,
pmn_1087341_item3,Erda,Erda City Council,2026-06-11,"West Disconnect Application - discussion, tentative decision, and direction to City Attorney",nan,0.9,INFRASTRUCTURE,Discussion and review of West Disconnect Application with tentative decision pending; city council to provide direction to City Attorney,,,,,,,CONTINUED,25,Disconnect application suggests utility or infrastructure modification; specifics not detailed in agenda,https://www.utah.gov/pmn/sitemap/notice/1087341.html,,pmn,2026-06-15T14:00:27.329746Z,,,,
pmn_1086409,Erda,Erda City Council,2026-06-11,Notice of Public Hearing on Budget Amendment for Fiscal Year 2025-2026,nan,nan,,,,,,,,,PROPOSED,,,https://www.utah.gov/pmn/sitemap/notice/1086409.html,"NOTICE OF PUBLIC HEARING
ERDA CITY - FISCAL YEAR 2025-2026 BUDGET AMENDMENT
Notice is hereby given that the Erda City Council will hold a public hearing to consider an amendment to the Fiscal Year 2025-2026 Budget.
Date: June 11, 2026
Time: 7:00PM
Location: Erda City Office: 2163 W Erda Way, Erda Ut,
The purpose of the hearing is to receive public comment regarding proposed amendments to the City's budget, including adjustments to revenues and expenditures within various funds.
All interested persons are invited to attend and provide comments. A copy of the proposed budget amendment is available for public inspection at Erda City Hall during regular business hours.",pmn,2026-06-15T14:00:27.329750Z,40.6008601,-112.3554442,haiku_pdf_address,0.55
web_8127571518576243095,Grantsville,nan,nan,Notice of 2026 Annual Meeting Schedule,other,0.0,,,,,,,,,PROPOSED,,,https://www.grantsvilleut.gov/Document_Center/Government/City%20Council/2026/2026%20Annual%20Meeting%20Schedule%20Notice.pdf?t=202601201257560,"GRANTSVILLE CITY
NOTICE OF ANNUAL MEETING SCHEDULES
The public is hereby given notice in accordance with Utah State Code §52-4-202, Public Notice of
Meetings, that the Grantsville City Council will hold its regular meetings on the first and third
Wednesdays of each month at the Grantsville City Offices, 429 East Main Street, Grantsville, Utah and
electronically via Zoom. The meetings start at 7:00 pm unless otherwise noticed.
The Grantsville City Planning Commission will hold its regular monthly",web,2026-06-15T13:54:31.999975+00:00,40.6000544,-112.4462816,haiku_pdf_address,0.55
web_9218009393613015895_item0,Grantsville,nan,2025-08-21,Appeal of Zoning Administrator's denial of large animal permit at 1076 Windflower Lane,other,0.9,,Tori McCurdy is appealing the Zoning Administrator's denial of a request to keep three large animals at 1076 Windflower Lane. The denial was based on the proposed barn location not meeting the required 100-foot setback from an adjacent residence.,"1076 Windflower Lane, Grantsville, UT",,,Tori McCurdy,,,PROPOSED,5,This is a variance/conditional use appeal matter. The barn setback requirement of 100 feet from adjacent residences is the key issue. Applicant is seeking relief from setback standards.,https://www.grantsvilleut.gov/Document_Center/Department/Community%20&%20Economic%20Development/P%20&%20Z%20Agendas/2025/Revised%20Combined%20Agenda%20and%20Notices.pdf?t=202508211557220,,web,2026-04-23T05:21:59.845714+00:00,40.6285237,-112.5045939,nominatim,0.75
web_743873552529012416_item0,Grantsville,nan,2025-09-04,Conditional Use Permit for Spence Rents equipment rental business at 40 E Main Street,conditional_use,0.9,COMMERCIAL_PROJECT,"Spencer Ostler is seeking a Conditional Use Permit to own and operate Spence Rents, an equipment rental business in the CS (Commercial Service) zone.","40 E Main Street, Grantsville, UT",,,Spencer Ostler,CS,,PROPOSED,25,Equipment rental business requires conditional use permit in CS zone. Appears to be existing commercial space repurposing.,https://www.grantsvilleut.gov/Document_Center/Department/Community%20&%20Economic%20Development/P%20&%20Z%20Agendas/2025/Combined%20Agenda%20and%20Notices%209-4-25.pdf?t=202508281725270,,web,2026-05-04T13:15:09.104774+00:00,40.5997625,-112.4618521,nominatim,0.75
web_3195774200769810191_item0,Grantsville,nan,2025-09-18,"General Plan amendment adding Water Element addressing supply, planning, and conservation",residential_subdivision,0.9,GENERAL_PLAN_AMENDMENT,"Recommendation of a General Plan amendment to add a Water Element addressing water supply, planning, and conservation as required by Utah Code §10-9a-403.",,,,,,,PROPOSED,35,Procedural/policy item. Statutory requirement for municipal general plans.,https://www.grantsvilleut.gov/Document_Center/Department/Community%20&%20Economic%20Development/P%20&%20Z%20Agendas/2025/PC%20Agenda%209-18-25.pdf?t=202509111736120,,web,2026-06-01T13:41:17.977335+00:00,,,,
web_3195774200769810191_item1,Grantsville,nan,2025-09-18,Harvest Meadows Subdivision plat amendment to modify front yard setbacks,residential_subdivision,0.9,NEW_SUBDIVISION,Recommendation of a proposed plat amendment for Harvest Meadows Subdivision to change front yard setbacks from 40 feet to an unspecified dimension.,,,,,,,PROPOSED,45,Text appears incomplete; final setback distance not stated in provided agenda excerpt. Plat amendment suggests existing subdivision with design modifications.,https://www.grantsvilleut.gov/Document_Center/Department/Community%20&%20Economic%20Development/P%20&%20Z%20Agendas/2025/PC%20Agenda%209-18-25.pdf?t=202509111736120,,web,2026-06-01T13:41:17.977335+00:00,,,,
web_2184920839153350535_item0,Grantsville,nan,2025-10-02,West Haven PUD subdivision preliminary plat application,residential_subdivision,0.9,NEW_SUBDIVISION,Consideration of preliminary plat application for West Haven PUD subdivision,,,,,,,PROPOSED,65,PUD (Planned Unit Development) application indicates mixed-use or master-planned residential development,https://www.grantsvilleut.gov/Document_Center/Department/Community%20&%20Economic%20Development/P%20&%20Z%20Agendas/2025/Revised%20PC%20Agenda%2010-2-25.pdf?t=202509261259510,,web,2026-06-15T13:55:15.132529+00:00,,,,
web_2184920839153350535_item1,Grantsville,nan,2025-10-02,Falcon Landing preliminary plat in RM-7 and R-1-12 zoning,residential_subdivision,0.9,NEW_SUBDIVISION,Consideration of preliminary plat for Falcon Landing subdivision located in RM-7 (Residential Multi-family) and R-1-12 (Residential Single-family) zones,,,,,"RM-7, R-1-12",,PROPOSED,70,Multi-zone subdivision suggests mixed residential densities,https://www.grantsvilleut.gov/Document_Center/Department/Community%20&%20Economic%20Development/P%20&%20Z%20Agendas/2025/Revised%20PC%20Agenda%2010-2-25.pdf?t=202509261259510,,web,2026-06-15T13:55:15.132529+00:00,,,,
web_2184920839153350535_item2,Grantsville,nan,2025-10-02,Twin home dwelling layout in Falcon Landing subdivision,residential_subdivision,0.9,NEW_SUBDIVISION,Consideration of twin home dwelling layout located within Falcon Landing subdivision,,,,,,,PROPOSED,60,Twin homes indicate duplex/attached residential product type within larger subdivision,https://www.grantsvilleut.gov/Document_Center/Department/Community%20&%20Economic%20Development/P%20&%20Z%20Agendas/2025/Revised%20PC%20Agenda%2010-2-25.pdf?t=202509261259510,,web,2026-06-15T13:55:15.132529+00:00,,,,
web_5237161629146468833_item0,Grantsville,nan,2025-10-02,West Haven PUD subdivision preliminary plat application,residential_subdivision,0.9,NEW_SUBDIVISION,Consideration of preliminary plat application for West Haven PUD subdivision,,,,,,,PROPOSED,65,PUD (Planned Unit Development) application indicates mixed-use or master-planned residential development,https://www.grantsvilleut.gov/Document_Center/Department/Community%20&%20Economic%20Development/P%20&%20Z%20Agendas/2025/Combined%20Planning%20Commission%20Packet%2010-2-25.pdf?t=202509261301430,,web,2026-06-15T13:55:32.903705+00:00,,,,
web_5237161629146468833_item1,Grantsville,nan,2025-10-02,Falcon Landing preliminary plat in RM-7 and R-1-12 zoning,residential_subdivision,0.9,NEW_SUBDIVISION,Consideration of preliminary plat for Falcon Landing subdivision located in RM-7 (Residential Multi-family) and R-1-12 (Residential Single-family) zones,,,,,"RM-7, R-1-12",,PROPOSED,70,Multi-zone subdivision suggests mixed residential densities,https://www.grantsvilleut.gov/Document_Center/Department/Community%20&%20Economic%20Development/P%20&%20Z%20Agendas/2025/Combined%20Planning%20Commission%20Packet%2010-2-25.pdf?t=202509261301430,,web,2026-06-15T13:55:32.903705+00:00,,,,
web_5237161629146468833_item2,Grantsville,nan,2025-10-02,Twin home dwelling layout in Falcon Landing subdivision,residential_subdivision,0.9,NEW_SUBDIVISION,Consideration of twin home dwelling layout located within Falcon Landing subdivision,,,,,,,PROPOSED,60,Twin homes indicate duplex/attached residential product type within larger subdivision,https://www.grantsvilleut.gov/Document_Center/Department/Community%20&%20Economic%20Development/P%20&%20Z%20Agendas/2025/Combined%20Planning%20Commission%20Packet%2010-2-25.pdf?t=202509261301430,,web,2026-06-15T13:55:32.903705+00:00,,,,
web_3207170962554340027_item0,Grantsville,nan,2025-10-08,West Haven PUD Subdivision Preliminary Plat Application,residential_subdivision,0.9,NEW_SUBDIVISION,Consideration of preliminary plat application for West Haven Planned Unit Development subdivision,,,,,,,PROPOSED,60,PUD subdivision indicates mixed-use or planned residential development; preliminary plat stage suggests early approval phase,https://www.grantsvilleut.gov/Document_Center/Department/Community%20&%20Economic%20Development/P%20&%20Z%20Agendas/2025/Planning%20Commission%20Combined%20Packet%2010-8-2025.pdf?t=202510101033140,,web,2026-06-15T13:55:14.714141+00:00,,,,
web_866516889059612005_item0,Grantsville,nan,2025-10-16,West Haven PUD Subdivision Preliminary Plat Application,residential_subdivision,0.9,NEW_SUBDIVISION,Consideration of preliminary plat application for West Haven Planned Unit Development subdivision,,,,,,,PROPOSED,60,PUD subdivision indicates mixed-use or planned residential development; preliminary plat stage suggests early approval phase,https://www.grantsvilleut.gov/Document_Center/Department/Community%20&%20Economic%20Development/P%20&%20Z%20Agendas/2025/PC%20Agenda%2010-16-25.pdf?t=202510101032280,,web,2026-06-15T13:54:57.820671+00:00,,,,
web_5011027691975862717_item0,Grantsville,nan,2025-11-04,Conditional use permit for Cirque Roskelley trapeze and aerial silks training business at 775 S Cedar Road,conditional_use,0.9,DEVELOPER_ACTIVITY,"Scott Roskelley is requesting a conditional use permit to own and operate Cirque Roskelley, a trapeze and aerial silks training business for performers, at his residence located at 775 S Cedar Road in the R-1-21 zone.","775 S Cedar Road, Grantsville, UT",,,Scott Roskelley,R-1-21,,PROPOSED,15,Home-based business use requiring conditional use permit. Activity is specialized entertainment/training use in residential zone.,https://www.grantsvilleut.gov/Document_Center/Department/Community%20&%20Economic%20Development/P%20&%20Z%20Agendas/2025/Revised%20PC%20Agenda%2011-4-25.pdf?t=202510241919270,,web,2026-06-15T13:54:57.674001+00:00,40.57682,-112.4461164,nominatim,0.75
web_589325598566598015_item0,Grantsville,nan,2025-11-18,"Rezone of multiple parcels on Willow Street, Nygreen Street, and Heritage Lane from RR-1 to R-1-21",rezone,0.9,REZONE,Proposed rezone of six parcels from RR-1 (Rural Residential) zoning designation to R-1-21 (Single-Family Residential) zoning designation,"655 S. Willow Street, 635 S. Willow Street, 387 E. Nygreen Street, 400 E. Heritage Lane, 420 E. Heritage Lane, and parcel #18-049-0-000R",,,,RR-1,R-1-21,PROPOSED,65,Multi-parcel rezone from rural residential to single-family residential. Indicates residential intensification and development readiness in Grantsville. Parcel IDs for remaining properties not provided in document.,https://www.grantsvilleut.gov/Document_Center/Department/Community%20&%20Economic%20Development/P%20&%20Z%20Agendas/2025/Revised%20PC%20Agenda%2011-18-25.pdf?t=202511141108290,"{""parcel_ids"": [""18-049-0-000R""]}",web,2026-06-15T13:54:57.285058+00:00,40.5805976,-112.4485164,haiku_nominatim,0.70
web_5330968609240939210,Grantsville,nan,2025-11-18,Agenda,other,0.0,,,,,,,,,PROPOSED,,,https://www.grantsvilleut.gov/Document_Center/Department/Community%20&%20Economic%20Development/P%20&%20Z%20Agendas/2025/PC%20Training%20Agenda%2011-18-2025.pdf?t=202511141040470,"PUBLIC NOTICE
The Grantsville City Council and Planning Commission will hold a Joint Work Meeting at 6:00 pm on Tuesday,
November 18, 2025 at 429 East Main Street, Grantsville, UT 84029. The agenda is as follows:
ROLL CALL
AGENDA
1. Training with the Property Rights Ombudsman.
2. Adjourn.
Shelby Moore
Zoning Administrator
Scan QR code
Grantsville City Community & Economic Development
to join Zoom
meeting.
Join Zoom Meeting
https://us02web.zoom.us/j/84449308949
Meeting ID: 844 4930 8949
In compli",web,2026-06-15T13:54:57.421923+00:00,40.6000544,-112.4462816,haiku_pdf_address,0.55
web_1984730566794499375_item0,Grantsville,nan,2025-12-02,Conditional use permit for home-based dumpster and trailer rental business at 334 S Banister Lane,conditional_use,0.9,MINIFLEX_OPPORTUNITY,Proposed conditional use permit for Russell Wallis to own and operate a home-based business for storage and rental of three 16'x7' roll-off dumpsters and one trailer unit,"334 S Banister Lane, Grantsville, UT",,,Russell Wallis,RR-1,,PROPOSED,25,Home-based business conditional use permit in rural-residential zone; relatively low-impact flex/storage operation,https://www.grantsvilleut.gov/Document_Center/Department/Community%20&%20Economic%20Development/P%20&%20Z%20Agendas/2025/Revised%20PC%20Agenda%2012-2-25.pdf?t=202511261537120,,web,2026-06-15T13:54:56.078619+00:00,40.5913001,-112.4421508,nominatim,0.75
web_3820034323202918062_item0,Grantsville,nan,2025-12-02,Conditional use permit for home-based dumpster and trailer rental business at 334 S Banister Lane,conditional_use,0.9,MINIFLEX_OPPORTUNITY,Proposed conditional use permit for Russell Wallis to own and operate a home-based business for storage and rental of three 16'x7' roll-off dumpsters and one trailer unit,"334 S Banister Lane, Grantsville, UT",,,Russell Wallis,RR-1,,PROPOSED,25,Home-based business conditional use permit in rural-residential zone; relatively low-impact flex/storage operation,https://www.grantsvilleut.gov/Document_Center/Department/Community%20&%20Economic%20Development/P%20&%20Z%20Agendas/2025/Combined%20Planning%20Commission%20Packet%2012-2-25.pdf?t=202511261537370,,web,2026-06-15T13:54:57.112747+00:00,40.5913001,-112.4421508,nominatim,0.75
web_8622091799529016651_item0,Grantsville,nan,2025-12-16,Rezone 587 E Main Street from C-D to RM-15,rezone,0.9,REZONE,Proposed rezone of property at 587 E Main Street from Commercial Development District (C-D) to Multiple Residential District (RM-15) zoning designation,"587 E Main Street, Grantsville, UT",,,,C-D,RM-15,PROPOSED,55,Commercial to residential rezone; conversion of Main Street commercial property to multiple residential use,https://www.grantsvilleut.gov/Document_Center/Department/Community%20&%20Economic%20Development/P%20&%20Z%20Agendas/2025/PC%20Agenda%2012-16-25.pdf?t=202512041718380,,web,2026-06-15T13:54:55.846893+00:00,40.5997152,-112.4385364,nominatim,0.75
web_8622091799529016651_item1,Grantsville,nan,2025-12-16,Rezone 15 N Center Street and 9 N Center Street,rezone,0.9,REZONE,Proposed rezone for properties at 15 N Center Street and 9 N Center Street (specific zoning designations not fully stated in document),"15 N Center Street and 9 N Center Street, Grantsville, UT",,,,,,PROPOSED,45,Document text appears truncated; full rezone details not provided in excerpt,https://www.grantsvilleut.gov/Document_Center/Department/Community%20&%20Economic%20Development/P%20&%20Z%20Agendas/2025/PC%20Agenda%2012-16-25.pdf?t=202512041718380,,web,2026-06-15T13:54:55.846893+00:00,,,,
web_8160758024053340449_item0,Grantsville,nan,2026-01-06,Cloward Court Subdivision Master Development Agreement at 713 E Main Street,residential_subdivision,0.9,NEW_SUBDIVISION,Consideration of the proposed Master Development Agreement for Cloward Court Subdivision,"713 E Main Street, Grantsville, UT",,,,,,PROPOSED,65,Master Development Agreement submission suggests multi-phase or complex development; requires access/easement coordination,https://www.grantsvilleut.gov/Document_Center/Department/Community%20&%20Economic%20Development/P%20&%20Z%20Agendas/2026/PC%20Agenda%201-6-26.pdf?t=202512181847470,,web,2026-06-15T13:54:55.660330+00:00,40.5996747,-112.4315367,nominatim,0.75
web_8160758024053340449_item1,Grantsville,nan,2026-01-06,Cloward Court Subdivision Access and Maintenance Easement Agreement at 713 E Main Street,residential_subdivision,0.9,NEW_SUBDIVISION,Consideration of the proposed Access and Maintenance Easement Agreement for Cloward Court Subdivision,"713 E Main Street, Grantsville, UT",,,,,,PROPOSED,55,Easement agreement associated with Cloward Court Subdivision; indicates infrastructure or shared access requirements,https://www.grantsvilleut.gov/Document_Center/Department/Community%20&%20Economic%20Development/P%20&%20Z%20Agendas/2026/PC%20Agenda%201-6-26.pdf?t=202512181847470,,web,2026-06-15T13:54:55.660330+00:00,40.5996747,-112.4315367,nominatim,0.75
web_775291627360819578_item0,Grantsville,nan,2026-01-20,"General Plan Amendment for Apple Street Townhomes Subdivision - parcels 01-066-0-0006, 23-001-0-00A, 01-112-0-0012, 01-112-0-0011",general_plan_amendment,0.9,GENERAL_PLAN_AMENDMENT,Proposed General Plan Amendment to change land use designation from Single-Family Density to Mixed-Use Density for four parcels comprising the Apple Street Townhomes Subdivision,"Apple Street, Grantsville, UT",,,,Single-Family Density,Mixed-Use Density,PROPOSED,72,Public hearing item; mixed-use density designation suggests townhome or multi-family residential with potential commercial component; four-parcel consolidation indicates coordinated development,https://www.grantsvilleut.gov/Document_Center/Department/Community%20&%20Economic%20Development/P%20&%20Z%20Agendas/2026/Updated%20Agenda%201-20-2026.pdf?t=202601091411410,"{""parcel_ids"": [""01-066-0-0006"", ""23-001-0-00A"", ""01-112-0-0012"", ""01-112-0-0011""]}",web,2026-06-15T13:54:55.485849+00:00,40.598138489208594,-112.48145912983809,parcel_id,0.95
web_2207023297075838513,Grantsville,nan,2026-01-26,Agenda,other,0.0,,,,,,,,,PROPOSED,,,https://www.grantsvilleut.gov/Document_Center/Government/City%20Council/2026/01.26.2026/01.26%20Special%20Meeting%20Agenda.pdf?t=202601231853540,"PUBLIC NOTICE:
The Grantsville City Council will hold a Special Meeting on Monday, January 26, 2026 in person at
429 East Main Street, Grantsville UT 84029 and electronically via Zoom at 6:00 pm.
The agenda is as follows:
ROLL CALL
AGENDA:
1. Closed Session – (Imminent Litigation, Real Estate Negotiations, or Personnel)
2. Consideration of approving Resolution 2026-11 authorizing the city attorney, with the approval of the city
manager and mayor, to take any reasonable legal action necessary to ",web,2026-05-04T13:14:17.974962+00:00,40.6000544,-112.4462816,haiku_pdf_address,0.55
web_8371916968241654783_item0,Grantsville,nan,2026-01-26,Authorization for legal action to enforce annexation of Six Mile Ranch into Grantsville City,annexation,0.9,ANNEXATION,City Council is authorizing the city attorney to take legal action necessary to enforce the annexation of Six Mile Ranch into Grantsville City. This represents a contested or challenged annexation requiring legal enforcement.,Six Mile Ranch,,,,,,PROPOSED,65,Annexation is being contested and requires legal action for enforcement. This indicates a significant land acquisition into city limits that may have faced opposition or procedural challenges.,https://www.grantsvilleut.gov/Document_Center/Government/City%20Council/2026/01.26.2026/01.26%20Agenda%20Packet.pdf?t=202601231854040,,web,2026-04-27T13:09:33.286047+00:00,,,,
web_2610983799580073657,Grantsville,nan,2026-01-30,Agenda,other,0.0,,,,,,,,,PROPOSED,,,https://www.grantsvilleut.gov/Document_Center/Government/City%20Council/2026/01.30.2026/01.30.2026%20Site%20Visit%20Notice.pdf?t=202601281624080,"Public Notice of Site Visit / Traveling Tour
PUBLIC NOTICE IS HEREBY GIVEN that members of the Grantsville City Council will
participate in a site visit on Friday, January 30, 2026, from 10:00 a.m. to 2:00 p.m.
at Burt Brothers Motorpark / Utah Motorsports Campus, located at 512 Sheep
Ln, Tooele, UT 84074, pursuant to Utah Code § 52-4-203(7).
A quorum of the City Council will be present. The site visit will consist of a traveling
tour to view various locations. No public business will be conduct",web,2026-05-04T13:14:17.808893+00:00,40.5800481,-112.3790569,haiku_pdf_address,0.70
web_5715228669524013057_item0,Grantsville,nan,2026-02-03,Proposed new use allowing Micro-Entrepreneurship within the RM-7 zoning designation,general_plan_amendment,0.9,GENERAL_PLAN_AMENDMENT,Consideration of a proposed new use allowing Micro-Entrepreneurship within the RM-7 zoning designation. This represents a zoning code modification to permit micro-entrepreneurship activities in residential mixed-use zones.,,,,,RM-7,,PROPOSED,35,Zoning code amendment to allow micro-entrepreneurship uses in RM-7 zone; likely supportive of home-based or small-scale business operations in residential areas,https://www.grantsvilleut.gov/Document_Center/Department/Community%20&%20Economic%20Development/P%20&%20Z%20Agendas/2026/Amended%20PC%20Agenda%202-3-26..pdf?t=202601291627340,,web,2026-06-15T13:54:55.232227+00:00,,,,
web_5715228669524013057_item1,Grantsville,nan,2026-02-03,"General Plan Amendment for parcels 01-131-0-0002, 01-130-0-0009, 01-130-0-0008, 01-130-0-0016, and 01-130-0-0014",general_plan_amendment,0.9,GENERAL_PLAN_AMENDMENT,Consideration of a proposed General Plan Amendment affecting five parcels to change the land use designation. Document text is truncated but indicates a future land use map change.,,,,,,,PROPOSED,45,Multi-parcel General Plan Amendment; five parcels identified by parcel ID; proposed land use change is incomplete in source document,https://www.grantsvilleut.gov/Document_Center/Department/Community%20&%20Economic%20Development/P%20&%20Z%20Agendas/2026/Amended%20PC%20Agenda%202-3-26..pdf?t=202601291627340,"{""parcel_ids"": [""01-131-0-0002"", ""01-130-0-0009"", ""01-130-0-0008"", ""01-130-0-0016"", ""01-130-0-0014""]}",web,2026-06-15T13:54:55.232227+00:00,40.578411893065756,-112.39062428125462,parcel_id,0.95
web_7509702091426963848,Grantsville,nan,2026-02-04,Agenda,other,0.0,,,,,,,,,PROPOSED,,,https://www.grantsvilleut.gov/Document_Center/Government/City%20Council/2026/02.04.2026/02.04.2026%20Agenda%20AMENDED.pdf?t=202602041900340,"PUBLIC NOTICE:
The Grantsville City Council will hold a Regular Meeting on Wednesday, February 4, 2026 in person at
429 East Main Street, Grantsville UT 84029 and electronically via Zoom at 7:00 pm.
The agenda is as follows:
ROLL CALL
AGENDA (amended 2/3/2026 5:30 pm):
1. Public Comment
2. Summary Action Items
a. Approval of Minutes from the January 22, 2026 City Council Regular Meeting and January
26, 2026 Special Meeting
b. Approval of Bills
3. Consideration of approving Resolution 2026-02 aut",web,2026-05-04T13:14:13.368710+00:00,40.6000544,-112.4462816,haiku_pdf_address,0.55
web_1800324128807179939,Grantsville,nan,2026-02-04,Minutes,other,0.0,,,,,,,,,PROPOSED,,,https://www.grantsvilleut.gov/Document_Center/Government/City%20Council/2026/02.04.2026/02.04.2026%20City%20Council%20Meeting%20Minutes%20FINAL.pdf?t=202603241811430,"MINUTES OF THE BUSINESS MEETING OF THE GRANTSVILLE CITY COUNCIL,
HELD ON FEBRUARY 4TH, 2026 AT THE GRANTSVILLE CITY HALL, LOCATED AT
429 EAST MAIN STREET, GRANTSVILLE, UTAH AND ELECTRONICALLY VIA
ZOOM. THE MEETING BEGAN AT 7:00 P.M.
Mayor and Council Members Present:
Mayor Hammond Brittany Skinner
Rhett Butler Jake Thomas
Derek Dalton Jeff Williams
Council Members Excused: none.
Appointed Officers and Employees Present:
Michael Resare, City Manager Fire Chief Jason Remick
Alicia Fairbourne, City",web,2026-05-04T13:14:17.687673+00:00,40.6000544,-112.4462816,haiku_pdf_address,0.55
web_627769394324073046,Grantsville,nan,2026-02-04,Packet,other,0.0,,,,,,,,,PROPOSED,,,https://www.grantsvilleut.gov/Document_Center/Government/City%20Council/2026/02.04.2026/02.04.2026%20Council%20Meeting%20Packet%20v5.pdf?t=202602041901140,"February 4, 2026
City Council Meeting
Information Packet
Agenda Item # 1
Public Comment
Agenda Item # 2
Summary Action Items
a. Approval of Minutes from the
January 22, 2026 City Council
Regular Meeting and January
26, 2026 Special Meeting
b. Approval of Bills
MINUTES OF THE BUSINESS MEETING OF THE GRANTSVILLE CITY COUNCIL,
HELD ON JANUARY 22nd, 2026 AT THE GRANTSVILLE CITY HALL, LOCATED AT
429 EAST MAIN STREET, GRANTSVILLE, UTAH AND ELECTRONICALLY VIA
ZOOM. THE MEETING BEGAN AT 6:00 P.M.
Mayor ",web,2026-05-04T13:14:15.924883+00:00,40.6000544,-112.4462816,haiku_pdf_address,0.70
web_4275311800912190467,Grantsville,nan,2026-02-18,Agenda,other,0.0,,,,,,,,,PROPOSED,,,https://www.grantsvilleut.gov/Document_Center/Government/City%20Council/2026/02.18.2026/02.18.2026%20City%20Council%20Meeting%20Agenda.pdf?t=202602132011090,"PUBLIC NOTICE:
The Grantsville City Council will hold a Regular Meeting and Public Hearing on Wednesday, February 18,
2026 in person at 429 East Main Street, Grantsville UT 84029 and electronically via Zoom beginning at 7:00
pm.
The agenda is as follows:
ROLL CALL
AGENDA:
1. Public Comment
2. Summary Action Items
a. Approval of Minutes from the February 4, 2026 City Council Regular Meeting
b. Approval of Bills
3. Presentation from the Tooele Technical College introducing the 2026 Student of the ",web,2026-05-04T13:14:10.146978+00:00,40.6000544,-112.4462816,haiku_pdf_address,0.55
web_4262660014176920506,Grantsville,nan,2026-02-18,Minutes,other,0.0,,,,,,,,,PROPOSED,,,https://www.grantsvilleut.gov/Document_Center/Government/City%20Council/2026/02.18.2026/02.18.2026%20City%20Council%20Regular%20Meeting%20Minutes%20DRAFT.pdf?t=202603241810530,"MINUTES OF THE BUSINESS MEETING OF THE GRANTSVILLE CITY COUNCIL,
HELD ON FEBRUARY 18TH, 2026 AT THE GRANTSVILLE CITY HALL, LOCATED AT
429 EAST MAIN STREET, GRANTSVILLE, UTAH AND ELECTRONICALLY VIA
ZOOM. THE MEETING BEGAN AT 7:00 P.M.
Mayor and Council Members Present:
Mayor Hammond Jake Thomas
Derek Dalton Jeff Williams
Brittany Skinner
Council Members Excused: Rhett Butler
Appointed Officers and Employees Present:
Michael Resare, City Manager Christy Montierth, Public Works Director
Alicia Fair",web,2026-05-04T13:14:13.050927+00:00,40.6000544,-112.4462816,haiku_pdf_address,0.55
web_7363937881665339561,Grantsville,nan,2026-02-18,Packet,other,0.0,,,,,,,,,PROPOSED,,,https://www.grantsvilleut.gov/Document_Center/Government/City%20Council/2026/02.18.2026/02.18.2026%20Packet.pdf?t=202602132011160,"February 18, 2026
City Council Meeting
Information Packet
Agenda Item # 1
Public Comment
Agenda Item # 2
Summary Action Items
a. Approval of Minutes from the
February 4, 2026 City Council
Regular Meeting
b. Approval of the Bills
MINUTES OF THE BUSINESS MEETING OF THE GRANTSVILLE CITY COUNCIL,
HELD ON FEBRUARY 4TH, 2026 AT THE GRANTSVILLE CITY HALL, LOCATED AT
429 EAST MAIN STREET, GRANTSVILLE, UTAH AND ELECTRONICALLY VIA
ZOOM. THE MEETING BEGAN AT 7:00 P.M.
Mayor and Council Members Present:
May",web,2026-05-04T13:14:11.764332+00:00,40.6000544,-112.4462816,haiku_pdf_address,0.70
web_6979995177541978554_item0,Grantsville,nan,2026-03-03,Rezone Parcel 01-066-0-0030 from A-10 Agricultural to C-S Shopping Commercial District at 519 W Main Street,commercial,0.9,REZONE,Proposed rezone of agricultural land to shopping commercial district zoning. This represents a conversion of agricultural property to commercial use in central Grantsville.,"519 W Main Street, Grantsville, UT",,,,A-10,C-S,PROPOSED,72,Main Street commercial rezone in Grantsville city center. Typical signal of commercial development interest in downtown corridor. No specific project details provided in agenda.,https://www.grantsvilleut.gov/Document_Center/Department/Community%20&%20Economic%20Development/P%20&%20Z%20Agendas/2026/PC%20Agenda%203-3-26.pdf?t=202602191903290,"{""parcel_ids"": [""01-066-0-0030""]}",web,2026-06-15T13:54:55.040508+00:00,40.599113411526105,-112.48107370775165,parcel_id,0.95
pmn_1061015_item0,Grantsville,Grantsville City Planning Commission,2026-03-03,Rezone Parcel 01-066-0-0030 from A-10 Agricultural to C-S Shopping Commercial District at 519 W Main Street,nan,0.9,REZONE,Proposed rezone of approximately 0.25 acres from Agricultural (A-10) to Shopping Commercial District (C-S) zoning at 519 W Main Street,"519 W Main Street, Grantsville, UT",,,,A-10,C-S,PROPOSED,45,Main Street commercial frontage property; moderate development signal for commercial expansion in city center,https://www.utah.gov/pmn/sitemap/notice/1061015.html,"{""parcel_ids"": [""01-066-0-0030""]}",pmn,2026-06-15T14:00:27.327314Z,40.599113411526105,-112.48107370775165,parcel_id,0.95
pmn_1061015_item1,Grantsville,Grantsville City Planning Commission,2026-03-03,"Amendments to Grantsville City Land Use and Management Code Chapters 2, 4, 6, 7, 8, 9, 14, 15, 16, 20, and 21",nan,0.9,GENERAL_PLAN_AMENDMENT,"Proposed comprehensive amendments to multiple chapters of the Grantsville City Land Use and Management Code affecting zoning regulations, development standards, and land use policies",,,,,,,PROPOSED,60,Comprehensive code amendments suggest modernization of development regulations; potential impact on future development patterns and approval processes,https://www.utah.gov/pmn/sitemap/notice/1061015.html,,pmn,2026-06-15T14:00:27.327314Z,,,,
pmn_1061015_item2,Grantsville,Grantsville City Planning Commission,2026-03-03,Grantsville City Annexation Policy Plan,nan,0.9,ANNEXATION,Consideration of the proposed Grantsville City Annexation Policy Plan establishing framework and criteria for future municipal annexations,,,,,,,PROPOSED,70,Policy-level annexation framework; critical signal for understanding future growth boundaries and development feasibility outside current city limits,https://www.utah.gov/pmn/sitemap/notice/1061015.html,,pmn,2026-06-15T14:00:27.327314Z,,,,
web_5626114840507599078_item0,Grantsville,nan,2026-03-04,Ordinance 2026-13: Rezone for real property (location incomplete in document),rezone,0.9,REZONE,Consideration of Ordinance 2026-13 to approve a rezone for certain real property. Full location and zoning details not provided in the agenda text.,,,,,,,PROPOSED,45,"Agenda item text appears truncated - location, parcel ID, current zoning, and proposed zoning not fully provided in document excerpt",https://www.grantsvilleut.gov/Document_Center/Government/City%20Council/2026/03.04.2026/03.04.2026%20City%20Council%20Meeting%20Agenda.pdf?t=202602271855040,,web,2026-05-11T17:14:59.025237+00:00,,,,
web_453798742211819622_item0,Grantsville,nan,2026-03-04,Rezone 519 W Main Street from A-10 (Agricultural) to C-S (Shopping Commercial District),commercial,0.9,REZONE,City Council consideration of ordinance to rezone approximately 519 W Main Street from A-10 (Agricultural) zoning to C-S (Shopping Commercial District) zoning,519 W Main Street,,,,A-10,C-S,PROPOSED,65,Commercial rezoning in Grantsville City; agricultural to shopping commercial represents significant land use change potential for Main Street corridor development,https://www.grantsvilleut.gov/Document_Center/Government/City%20Council/2026/03.04.2026/03.04.2026%20City%20Council%20Meeting%20Materials.pdf?t=202603041633320,,web,2026-05-04T13:14:09.952663+00:00,40.5999004,-112.4818335,nominatim,0.75
web_6467707041287737575_item0,Grantsville,nan,2026-03-17,Mack Canyon Subdivision Master Development Agreement discussion,residential_subdivision,0.9,NEW_SUBDIVISION,Presentation and discussion of a proposed Master Development Agreement for Mack Canyon Subdivision located near Mack Canyon Road,"near Mack Canyon Road, Grantsville, UT",,,,,,PROPOSED,45,Agenda text appears incomplete; full location and developer details not provided in packet,https://www.grantsvilleut.gov/Document_Center/Department/Community%20&%20Economic%20Development/P%20&%20Z%20Agendas/2026/Revised%20Agenda%203-17-26.pdf?t=202603061720210,,web,2026-06-15T13:54:54.845888+00:00,,,,
web_6467707041287737575_item1,Grantsville,nan,2026-03-17,Residential District (R-1-21) concept proposal discussion,residential_subdivision,0.9,DEVELOPER_ACTIVITY,Presentation and discussion of a proposed concept in Residential District (R-1-21),,,,,R-1-21,,PROPOSED,30,Limited information provided; appears to be preliminary discussion phase,https://www.grantsvilleut.gov/Document_Center/Department/Community%20&%20Economic%20Development/P%20&%20Z%20Agendas/2026/Revised%20Agenda%203-17-26.pdf?t=202603061720210,,web,2026-06-15T13:54:54.845888+00:00,,,,
pmn_1064203_item0,Grantsville,Grantsville City Planning Commission,2026-03-17,Proposed concept discussion in Residential District (R-1-21),nan,0.9,,Presentation and discussion of a proposed concept in Residential District (R-1-21). Specific details about the proposal are not provided in the agenda.,,,,,R-1-21,,PROPOSED,25,Vague agenda item; insufficient detail to determine project type or significance.,https://www.utah.gov/pmn/sitemap/notice/1064203.html,,pmn,2026-06-15T14:00:27.327308Z,,,,
pmn_1064203_item1,Grantsville,Grantsville City Planning Commission,2026-03-17,Mack Canyon Subdivision Master Development Agreement near Mack Canyon Road and SR-138,nan,0.9,NEW_SUBDIVISION,Presentation and discussion of a proposed Master Development Agreement for Mack Canyon Subdivision.,Mack Canyon Road and SR-138,,,,,,PROPOSED,60,Master Development Agreement suggests coordinated multi-phase development. Related to concurrent rezone item.,https://www.utah.gov/pmn/sitemap/notice/1064203.html,,pmn,2026-06-15T14:00:27.327308Z,,,,
pmn_1064203_item2,Grantsville,Grantsville City Planning Commission,2026-03-17,Rezone parcels 01-065-0-0074 and 01-065-0014 from R-1-21 to R-1-12 for Mack Canyon Subdivision,nan,0.9,REZONE,Proposed rezone of two parcels from R-1-21 (less dense residential) to R-1-12 (more dense residential) for the Mack Canyon Subdivision.,Mack Canyon Road and SR-138,,,,R-1-21,R-1-12,PROPOSED,70,"Densification rezone for subdivision. R-1-12 allows smaller lot sizes than R-1-21, indicating increased residential density.",https://www.utah.gov/pmn/sitemap/notice/1064203.html,"{""parcel_ids"": [""01-065-0-0074"", ""01-065-0014""]}",pmn,2026-06-15T14:00:27.327308Z,40.603643204437915,-112.49241158718596,parcel_id,0.95
pmn_1064203_item3,Grantsville,Grantsville City Planning Commission,2026-03-17,Rezone four parcels from R-1-21 to R-1-12 for Wellstone Subdivision near Pear Street and Quirk Street,nan,0.9,REZONE,"Proposed rezone of four parcels from R-1-21 to R-1-12 for the Wellstone Subdivision, enabling higher residential density.",Pear Street and Quirk Street,,,,R-1-21,R-1-12,PROPOSED,70,Densification rezone for subdivision. Four-parcel portfolio suggests meaningful residential project.,https://www.utah.gov/pmn/sitemap/notice/1064203.html,"{""parcel_ids"": [""01-071-0-0012"", ""01-074-0-0012"", ""01-074-0-0010"", ""11-010-0-0002""]}",pmn,2026-06-15T14:00:27.327308Z,40.5842439096203,-112.45330508026566,parcel_id,0.95
pmn_1064203_item4,Grantsville,Grantsville City Planning Commission,2026-03-17,Dave Christensen single lot development and private lane at 417 E Durfee Street,nan,0.9,DEVELOPER_ACTIVITY,Consideration of proposed single lot development and private lane for Dave Christensen.,417 E Durfee Street,,1,Dave Christensen,,,PROPOSED,20,Single lot infill project with private lane access.,https://www.utah.gov/pmn/sitemap/notice/1064203.html,,pmn,2026-06-15T14:00:27.327308Z,40.5922608,-112.4468607,haiku_nominatim,0.70
pmn_1064203_item5,Grantsville,Grantsville City Planning Commission,2026-03-17,"Amendments to Grantsville City Land Use and Management Code, Chapter 2",nan,0.9,GENERAL_PLAN_AMENDMENT,Consideration of proposed amendments to Chapter 2 of the Grantsville City Land Use and Management Code.,,,,,,,PROPOSED,40,Code amendment to Chapter 2; specific provisions not detailed in agenda.,https://www.utah.gov/pmn/sitemap/notice/1064203.html,,pmn,2026-06-15T14:00:27.327308Z,,,,
pmn_1064203_item6,Grantsville,Grantsville City Planning Commission,2026-03-17,"Amendments to Grantsville City Land Use and Management Code, Chapters 4, 6, 7, 8, 9, 14, 15, 16, 20, and 21",nan,0.9,GENERAL_PLAN_AMENDMENT,"Consideration of proposed amendments to multiple chapters (4, 6, 7, 8, 9, 14, 15, 16, 20, and 21) of the Grantsville City Land Use and Management Code.",,,,,,,PROPOSED,55,Comprehensive multi-chapter code amendments suggest significant policy changes affecting land use regulations.,https://www.utah.gov/pmn/sitemap/notice/1064203.html,,pmn,2026-06-15T14:00:27.327308Z,,,,
web_848962026677392308,Grantsville,nan,2026-03-24,Agenda,other,0.0,,,,,,,,,PROPOSED,,,https://www.grantsvilleut.gov/Document_Center/Department/Community%20&%20Economic%20Development/P%20&%20Z%20Agendas/2026/2026.03.24%20-%20PC%20Agenda.pdf?t=202603201417570,"PUBLIC NOTICE
The Grantsville City Planning Commission will hold a training session with staff at 6:30 p.m. on
Tuesday, March 24, 2026 at 429 East Main Street, Grantsville, UT 84029. The agenda is as follows:
ROLL CALL
AGENDA
1. Training Topics
2. Questions and Discussion
3. Adjourn
Shelby Moore
Zoning Administrator
Scan QR code
Grantsville City Community & Economic Development
to join Zoom
meeting.
Join Zoom Meeting
Join Zoom Meeting: https://us02web.zoom.us/j/4358843411
By Phone, Dial: 1-253-2",web,2026-06-15T13:54:54.649289+00:00,40.6000544,-112.4462816,haiku_pdf_address,0.55
pmn_1067817,Grantsville,Grantsville City Planning Commission,2026-03-24,"Planning Commission Training Meeting March 24, 2026",nan,nan,,,,,,,,,PROPOSED,,,https://www.utah.gov/pmn/sitemap/notice/1067817.html,"PUBLIC NOTICE
The Grantsville City Planning Commission will hold a training session with staff at 6:30 p.m. on Tuesday, March 24, 2026 at 429 East Main Street, Grantsville, UT 84029. The agenda is as follows:
ROLL CALL

AGENDA

1.	Training Topics
2.	Questions and Discussion
3.	Adjourn










 
Shelby Moore
Zoning Administrator
Grantsville City Community & Economic Development

Join Zoom Meeting
Join Zoom Meeting: https://us02web.zoom.us/j/4358843411 By Phone, Dial: 1-253-215-8782
Meeting ID: 435 884 3411
 


Scan QR code to join Zoom meeting.",pmn,2026-06-15T14:00:27.327306Z,40.6000544,-112.4462816,haiku_pdf_address,0.55
web_5934300461287514144,Grantsville,nan,2026-03-25,Agenda,other,0.0,,,,,,,,,PROPOSED,,,https://www.grantsvilleut.gov/Document_Center/Government/City%20Council/2026/03.25.2026/03.25.2026%20City%20Council%20Meeting%20Agenda.pdf?t=202603241807210,"PUBLIC NOTICE:
The Grantsville City Council will hold a Regular Meeting and Public Hearing on Wednesday, March 25, 2026
in person at 429 East Main Street, Grantsville UT 84029 and electronically via Zoom beginning at 7:00 p.m.
The agenda is as follows:
ROLL CALL
AGENDA:
1. Public Comment
2. Summary Action Items
a. Approval of Minutes from the February 18, 2026 City Council Regular Meeting
b. Approval of Minutes from the March 4, 2026 City Council Regular Meeting
c. Approval of bills
3. Presentat",web,2026-05-25T16:36:12.935992+00:00,40.6000544,-112.4462816,haiku_pdf_address,0.55
web_1538110644019417180,Grantsville,nan,2026-03-25,Minutes,other,0.0,,,,,,,,,PROPOSED,,,https://www.grantsvilleut.gov/Document_Center/Government/City%20Council/2026/03.25.2026/03.25.2026%20City%20Council%20Minutes%20FINAL.pdf?t=202605042246380,"MINUTES OF THE BUSINESS MEETING OF THE GRANTSVILLE CITY COUNCIL,
HELD ON MARCH 25, 2026 AT THE GRANTSVILLE CITY HALL, LOCATED AT 429
EAST MAIN STREET, GRANTSVILLE, UTAH AND ELECTRONICALLY VIA ZOOM.
THE MEETING BEGAN AT 7:00 P.M.
Mayor and Council Members Present:
Mayor Hammond Brittany Skinner
Rhett Butler Jake Thomas
Derek Dalton Jeff Williams
Council Members Excused: none.
Appointed Officers and Employees Present:
Michael Resare, City Manager Fire Chief Jason Remick
Alicia Fairbourne, City Rec",web,2026-05-11T17:14:58.753159+00:00,40.6000544,-112.4462816,haiku_pdf_address,0.55
web_8676173849918909634,Grantsville,nan,2026-03-25,Packet,other,0.0,,,,,,,,,PROPOSED,,,https://www.grantsvilleut.gov/Document_Center/Government/City%20Council/2026/03.25.2026/03.25.2026%20Agenda%20Packet.pdf?t=202603241807430,"March 25, 2026
City Council Meeting
Information Packet
Agenda Item # 1
Public Comment
Agenda Item # 2
Summary Action Items
a. Approval of Minutes from the
February 18, 2026 City Council
Regular Meeting
b. Approval of Minutes from the
March 4, 2026 City Council
Regular Meeting
c. Approval of bills
February 18, 2026 City
Council Meeting Minutes
MINUTES OF THE BUSINESS MEETING OF THE GRANTSVILLE CITY COUNCIL,
HELD ON FEBRUARY 18TH, 2026 AT THE GRANTSVILLE CITY HALL, LOCATED AT
429 EAST MAIN STREET,",web,2026-05-25T16:36:14.478799+00:00,40.6000544,-112.4462816,haiku_pdf_address,0.55
web_7951727361159128824,Grantsville,nan,2026-04-01,Agenda,other,0.0,,,,,,,,,PROPOSED,,,https://www.grantsvilleut.gov/Document_Center/Government/City%20Council/2026/04.01.2026/04.01.2026%20Council%20Meeting%20Agenda%20AMENDED.pdf?t=202603311736360,"PUBLIC NOTICE:
The Grantsville City Council will hold a Regular Meeting and Public Hearing on Wednesday, April 1, 2026 in
person at 429 East Main Street, Grantsville UT 84029 and electronically via Zoom beginning at 7:00 pm.
AGENDA AMENDED 3/31/2026 1:40 PM
The agenda is as follows:
ROLL CALL
AGENDA:
1. Public Comment
2. Summary Action Items
a. Approval of Minutes from the March 25, 2026 City Council Regular Meeting
b. Approval of bills
3. Presentation of a Community Enhancement grant for the Gr",web,2026-05-25T16:36:10.450754+00:00,40.6000544,-112.4462816,haiku_pdf_address,0.55
web_5272024737703449048,Grantsville,nan,2026-04-01,Minutes,other,0.0,,,,,,,,,PROPOSED,,,https://www.grantsvilleut.gov/Document_Center/Government/City%20Council/2026/04.01.2026/04.01.2026%20City%20Council%20Meeting%20Minutes%20DRAFT.pdf?t=202605042244340,"MINUTES OF THE BUSINESS MEETING OF THE GRANTSVILLE CITY COUNCIL,
HELD ON APRIL 1, 2026 AT THE GRANTSVILLE CITY HALL, LOCATED AT 429
EAST MAIN STREET, GRANTSVILLE, UTAH AND ELECTRONICALLY VIA ZOOM.
THE MEETING BEGAN AT 7:00 P.M.
Mayor and Council Members Present:
Mayor Hammond Jake Thomas
Rhett Butler Jeff Williams
Derek Dalton
Council Members Excused: Brittany Skinner
Appointed Officers and Employees Present:
Michael Resare, City Manager Bill Cobabe, Comm. Development Director
Alicia Fairbourne,",web,2026-05-25T16:36:12.728000+00:00,40.6000544,-112.4462816,haiku_pdf_address,0.55
web_7228264913887019903_item0,Grantsville,nan,2026-04-01,Resolution 2026-17: Contract award for professional landscape and memorial design services at Veterans Memorial Park,other,0.9,INFRASTRUCTURE,City Council is considering approval of Resolution 2026-17 to award a contract for professional landscape and memorial design services for the Veterans Memorial Park. The contract appears to be going to Fritz Custom C (entity name incomplete in document).,Veterans Memorial Park,,,Fritz Custom C,,,PROPOSED,15,Infrastructure/public improvement project for memorial park. Applicant name appears truncated in source document.,https://www.grantsvilleut.gov/Document_Center/Government/City%20Council/2026/04.01.2026/04.01.2026%20Agenda%20Packet%20AMENDED.pdf?t=202604060016340,,web,2026-05-25T16:36:11.044648+00:00,40.5303007,-112.2993634,nominatim,0.75
web_4321941414445672705_item0,Grantsville,nan,2026-04-07,Falcon's Landing Subdivision concept presentation and discussion,residential_subdivision,0.9,NEW_SUBDIVISION,Presentation and discussion of a proposed concept for Falcon's Landing Subdivision,,,,,,,PROPOSED,50,Concept stage presentation; no final plat or detailed specifications provided in agenda,https://www.grantsvilleut.gov/Document_Center/Department/Community%20&%20Economic%20Development/P%20&%20Z%20Agendas/2026/PC%20Agenda%204-7-26%20Updated.pdf?t=202604031047010,,web,2026-06-15T13:54:54.512220+00:00,,,,
web_4321941414445672705_item1,Grantsville,nan,2026-04-07,"Conditional Use Permit for BnP Firearms and So Much More, LLC (Patsy Perry)",residential_subdivision,0.9,COMMERCIAL_PROJECT,"Conditional Use Permit application for Patsy Perry to own and operate BnP Firearms and So Much More, LLC",,,,"Patsy Perry / BnP Firearms and So Much More, LLC",,,PROPOSED,25,Conditional Use Permit indicates existing zoning may allow use with conditions; firearms/retail business,https://www.grantsvilleut.gov/Document_Center/Department/Community%20&%20Economic%20Development/P%20&%20Z%20Agendas/2026/PC%20Agenda%204-7-26%20Updated.pdf?t=202604031047010,,web,2026-06-15T13:54:54.512220+00:00,,,,
pmn_1068897_item0,Grantsville,Grantsville City Planning Commission,2026-04-07,Falcon's Landing Subdivision concept presentation and discussion,nan,0.9,NEW_SUBDIVISION,Presentation and discussion of a proposed concept for Falcon's Landing Subdivision,,,,,,,PROPOSED,45,"Early-stage concept presentation; limited details available on scale, location, or developer",https://www.utah.gov/pmn/sitemap/notice/1068897.html,,pmn,2026-06-15T14:00:27.327303Z,,,,
pmn_1068897_item1,Grantsville,Grantsville City Planning Commission,2026-04-07,"Conditional Use Permit for BnP Firearms and So Much More, LLC home-based business at 176 S Hale Street",nan,0.9,,"Conditional Use Permit application for Patsy Perry to own and operate BnP Firearms and So Much More, LLC, a home-based business involving firearm transfers and related services in the R-1-21 zone","176 S Hale Street, Grantsville, UT",,,Patsy Perry,R-1-21,,PROPOSED,15,Home-based business conditional use permit; firearms-related commercial activity in residential zone,https://www.utah.gov/pmn/sitemap/notice/1068897.html,,pmn,2026-06-15T14:00:27.327303Z,40.5958293,-112.4639572,haiku_nominatim,0.70
pmn_1068897_item2,Grantsville,Grantsville City Planning Commission,2026-04-07,Conditional Use Permit for Accessory Farm Employee Housing at 587 E Durfee Street,nan,0.9,,Conditional Use Permit application for Cody Johnson to establish Accessory Farm Employee Housing on property in the A-10 agricultural zone,"587 E Durfee Street, Grantsville, UT",,,Cody Johnson,A-10,,PROPOSED,20,Agricultural accessory use; farm employee housing conditional use permit,https://www.utah.gov/pmn/sitemap/notice/1068897.html,,pmn,2026-06-15T14:00:27.327303Z,40.5922829,-112.4364545,nominatim,0.75
pmn_1068897_item3,Grantsville,Grantsville City Planning Commission,2026-04-07,Master Development Agreement for Mack Canyon Subdivision near Mack Canyon Road and SR-138,nan,0.9,LARGE_PROJECT,Consideration of proposed Master Development Agreement for Mack Canyon Subdivision,"near Mack Canyon Road and SR-138, Grantsville, UT",,,,,,PROPOSED,70,Master Development Agreement paired with General Plan Amendment and rezone; indicates significant mixed-use residential project,https://www.utah.gov/pmn/sitemap/notice/1068897.html,"{""parcel_ids"": [""01-065-0-0074"", ""01-065-0-0014""]}",pmn,2026-06-15T14:00:27.327303Z,,,,
pmn_1068897_item4,Grantsville,Grantsville City Planning Commission,2026-04-07,General Plan Amendment for Mack Canyon Subdivision parcels to Medium Density Residential,nan,0.9,GENERAL_PLAN_AMENDMENT,"General Plan Amendment to change land use designation from Mixed-Use Density, High Single-Family Density Residential, and Low Density Residential to Medium Density Residential for Mack Canyon Subdivision","near Mack Canyon Road and SR-138, Grantsville, UT",,,,"Mixed-Use Density, High Single-Family Density Residential, Low Density Residential",Medium Density Residential,PROPOSED,75,Consolidates diverse land uses into single medium-density residential designation; part of coordinated Mack Canyon development,https://www.utah.gov/pmn/sitemap/notice/1068897.html,"{""parcel_ids"": [""01-065-0-0074"", ""01-065-0-0014""]}",pmn,2026-06-15T14:00:27.327303Z,40.603643204437915,-112.49241158718596,parcel_id,0.95
pmn_1068897_item5,Grantsville,Grantsville City Planning Commission,2026-04-07,Rezone of Mack Canyon Subdivision parcels from R-1-21 to R-1-12,nan,0.9,REZONE,Proposed rezone of parcels 01-065-0-0074 and 01-065-0-0014 from R-1-21 to R-1-12 for Mack Canyon Subdivision,"near Mack Canyon Road and SR-138, Grantsville, UT",,,,R-1-21,R-1-12,PROPOSED,75,Rezone to smaller lot size (1-12 vs 1-21); increases density potential; part of coordinated Mack Canyon development with MDA and General Plan Amendment,https://www.utah.gov/pmn/sitemap/notice/1068897.html,"{""parcel_ids"": [""01-065-0-0074"", ""01-065-0-0014""]}",pmn,2026-06-15T14:00:27.327303Z,40.603643204437915,-112.49241158718596,parcel_id,0.95
web_2272036378799673908_item0,Grantsville,nan,2026-04-14,Grantsville City Master Transportation Plan - Presentation and Discussion,other,0.9,INFRASTRUCTURE,"Presentation and discussion regarding the Grantsville City Master Transportation Plan, including review of current conditions and future transportation needs",,,,,,,PROPOSED,45,City-wide transportation planning initiative; planning-level discussion without specific project details provided in agenda text,https://www.grantsvilleut.gov/Document_Center/Government/City%20Council/2026/04.14.2026/04.14.2026%20Work%20Session%20Agenda.pdf?t=202604131125330,,web,2026-06-15T13:54:52.289469+00:00,,,,
web_1121599711081681993,Grantsville,nan,2026-04-14,Minutes,other,0.0,,,,,,,,,PROPOSED,,,https://www.grantsvilleut.gov/Document_Center/Government/City%20Council/2026/04.14.2026/04.14.2026%20City%20Council%20and%20Planning%20Commission%20Joint%20Work%20Meeting%20Minutes%20APPROVED.pdf?t=202605071507490,"MINUTES OF THE COMBINED WORK MEETING OF THE GRANTSVILLE CITY
COUNCIL AND GRANTSVILLE CITY PLANNING COMMISSION HELD ON APRIL
14, 2026 AT THE GRANTSVILLE CITY HALL, LOCATED AT 429 EAST MAIN
STREET, GRANTSVILLE, UTAH AND ELECTRONICALLY VIA ZOOM. THE
MEETING BEGAN AT 7:00 P.M.
Mayor and Council Members Present:
Mayor Hammond Derek Dalton
Rhett Butler Brittany Skinner
Jeff Williams joined at 7:15 pm
Council Members Excused: Jake Thomas
Cameron Moulton
Planning Commissioners Present:
Jason Hill
Chair ",web,2026-05-25T16:36:10.231892+00:00,40.6000544,-112.4462816,haiku_pdf_address,0.55
web_6269037023735129880_item0,Grantsville,nan,2026-04-14,Grantsville City Master Transportation Plan - Presentation and Discussion,other,0.9,INFRASTRUCTURE,"Work meeting presentation and discussion regarding the Grantsville City Master Transportation Plan, including current conditions, future transportation needs, and potential improvements. No formal action will be taken at this meeting.","Grantsville, UT",,,,,,PROPOSED,45,This is a work meeting with no formal action. The agenda appears incomplete (item 2 is cut off in the provided text).,https://www.grantsvilleut.gov/Document_Center/Government/City%20Council/2026/04.14.2026/Combined%20Work%20Meeting%20Packet%204-14-26.pdf?t=202604131125430,,web,2026-06-15T13:54:53.598714+00:00,40.6000817,-112.463531,nominatim,0.75
pmn_1071699_item0,Grantsville,Grantsville City Planning Commission,2026-04-14,Grantsville City Master Transportation Plan presentation and discussion,nan,0.9,INFRASTRUCTURE,"Work meeting presentation and discussion regarding the Grantsville City Master Transportation Plan, including review of current conditions, future transportation needs, and potential improvements. No formal action will be taken at this meeting.","Grantsville, UT",,,,,,PROPOSED,35,This is a planning-stage discussion item. Formal action expected at future meeting.,https://www.utah.gov/pmn/sitemap/notice/1071699.html,,pmn,2026-06-15T14:00:27.327300Z,40.6000817,-112.463531,nominatim,0.75
pmn_1071699_item1,Grantsville,Grantsville City Planning Commission,2026-04-14,"Amendments to Parks and Transportation Capital Facilities Plans, Impact Fee Facilities Plans, and Impact Fee Analyses",nan,0.9,INFRASTRUCTURE,"Work meeting presentation and discussion of proposed amendments to the Parks and Transportation Capital Facilities Plans (CFPs), Impact Fee Facilities Plans (IFFPs), and Impact Fee Analyses (IFAs) for Grantsville City. No formal action will be taken at this meeting.","Grantsville, UT",,,,,,PROPOSED,30,CFP and impact fee amendments typically signal upcoming growth or infrastructure constraints. Formal action expected at future meeting.,https://www.utah.gov/pmn/sitemap/notice/1071699.html,,pmn,2026-06-15T14:00:27.327300Z,40.6000817,-112.463531,nominatim,0.75
web_6955518494050093974,Grantsville,nan,2026-04-15,Agenda,other,0.0,,,,,,,,,PROPOSED,,,https://www.grantsvilleut.gov/Document_Center/Government/City%20Council/2026/04.15.2026/04.15.2026%20Council%20Meeting%20Agenda.pdf?t=202604131126580,"PUBLIC NOTICE:
The Grantsville City Council will hold a Regular Meeting and Public Hearing on Wednesday, April 15, 2026 in
person at 429 East Main Street, Grantsville UT 84029 and electronically via Zoom beginning at 7:00 pm.
The agenda is as follows:
ROLL CALL
AGENDA:
1. Public Comment
2. Summary Action Items
a. Approval of Minutes from the April 1, 2026 City Council Regular Meeting
b. Approval of bills
3. Consideration of Resolution 2026-24 approving the appointment of Candy Swallom to the Gra",web,2026-06-15T13:54:48.457771+00:00,40.6000544,-112.4462816,haiku_pdf_address,0.55
web_4556128041387957036,Grantsville,nan,2026-04-15,Minutes,other,0.0,,,,,,,,,PROPOSED,,,https://www.grantsvilleut.gov/Document_Center/Government/City%20Council/2026/04.15.2026/04.15.2026%20City%20Council%20Regular%20Meeting%20and%20Public%20Hearing%20Minutes%20FINAL.pdf?t=202605071507040,"MINUTES OF THE BUSINESS MEETING OF THE GRANTSVILLE CITY COUNCIL,
HELD ON APRIL 15TH, 2026 AT THE GRANTSVILLE CITY HALL, LOCATED AT 429
EAST MAIN STREET, GRANTSVILLE, UTAH AND ELECTRONICALLY VIA ZOOM.
THE MEETING BEGAN AT 7:00 P.M.
Mayor and Council Members Present:
Mayor Hammond Brittany Skinner
Rhett Butler Jake Thomas
Derek Dalton Jeff Williams
Council Members Excused: none.
Appointed Officers and Employees Present:
Michael Resare, City Manager Aspen Clegg, Finance Director
Alicia Fairbourne, ",web,2026-06-15T13:54:51.941894+00:00,40.6000544,-112.4462816,haiku_pdf_address,0.55
web_7708588391264480767,Grantsville,nan,2026-04-15,Packet,other,0.0,,,,,,,,,PROPOSED,,,https://www.grantsvilleut.gov/Document_Center/Government/City%20Council/2026/04.15.2026/04.15.2026%20Agenda%20Packet.pdf?t=202604131127060,"April 15, 2026
City Council Meeting
Information Packet
Agenda Item # 1
Public Comment
Agenda Item # 2
Summary Action Items
a. Approval of Minutes from April 1,
2026 City Council Regular Meeting
b. Approval of the bills
Agenda Item #3
Consideration of Resolution 2026-24
approving the appointment of Candy
Swallom to the Grantsville City Library
Board
GRANTSVILLE CITY
RESOLUTION NO. 2026-24
A RESOLUTION APPROVING THE APPOINTMENT OF CANDY SWALLOM TO
THE GRANTSVILLE CITY LIBRARY BOARD
Be it resolved ",web,2026-05-04T13:14:03.466372+00:00,,,,
web_3813382305152299470,Grantsville,nan,2026-04-15,Packet,other,0.0,,,,,,,,,PROPOSED,,,https://www.grantsvilleut.gov/Document_Center/Government/City%20Council/2026/04.15.2026/04.15.2026%20Agenda%20Packet%20w%20public%20comments.pdf?t=202605081504310,"April 15, 2026
City Council Meeting
Information Packet
Agenda Item # 1
Public Comment
Agenda Item # 2
Summary Action Items
a. Approval of Minutes from April 1,
2026 City Council Regular Meeting
b. Approval of the bills
April 14, 2026
To: Grantsville Mayor and City Council,
The citizens of Grantsville voted you in to LEAD and PROTECT
the “citizens” of Grantsville. From last weeks meeting it didn’t
appear so by the frail voices and weak backbones that I / we
witnessed. It appeared that the investo",web,2026-06-15T13:54:50.213516+00:00,,,,
pmn_1071703_item0,Grantsville,Grantsville City Planning Commission,2026-04-21,Conditional Use Permit for outdoor RV storage at 519 West Main Street,nan,0.9,COMMERCIAL_PROJECT,Shelton Ross is applying for a Conditional Use Permit to operate outdoor RV storage within the Commercial Shopping (C-S) Zone at 519 West Main Street.,"519 West Main Street, Grantsville, UT",,,Shelton Ross,C-S,,PROPOSED,35,Conditional use permit required within existing C-S zone; outdoor storage use,https://www.utah.gov/pmn/sitemap/notice/1071703.html,"{""parcel_ids"": [""01-066-0-0033""]}",pmn,2026-06-15T14:00:27.327298Z,40.5999072,-112.4667431,nominatim,0.75
pmn_1071703_item1,Grantsville,Grantsville City Planning Commission,2026-04-21,Plat amendment for Moody Acres Subdivision at 415 S Worthington Street,nan,0.9,NEW_SUBDIVISION,Proposed plat amendment for the Moody Acres Subdivision located at 415 S Worthington Street.,"415 S Worthington Street, Grantsville, UT",,,,,,PROPOSED,45,Plat amendment suggests modification to existing or approved subdivision,https://www.utah.gov/pmn/sitemap/notice/1071703.html,,pmn,2026-06-15T14:00:27.327298Z,40.5814996,-112.4330401,nominatim,0.75
pmn_1071703_item2,Grantsville,Grantsville City Planning Commission,2026-04-21,General Plan Amendment for Wellstone Subdivision - Low Density to High Single-Family Density,nan,0.9,GENERAL_PLAN_AMENDMENT,Proposed General Plan Amendment to change land use designation from Low Density Residential to High Single-Family Density for four parcels comprising the Wellstone Subdivision near Pear Street and Quirk Street.,"near Pear Street and Quirk Street, Grantsville, UT",,,,,,PROPOSED,70,Upzoning from low to high single-family density; coordinated with concurrent rezone,https://www.utah.gov/pmn/sitemap/notice/1071703.html,"{""parcel_ids"": [""01-071-0-0012"", ""01-074-0-0012"", ""01-074-0-0010"", ""11-010-0-0002""]}",pmn,2026-06-15T14:00:27.327298Z,,,,
pmn_1071703_item3,Grantsville,Grantsville City Planning Commission,2026-04-21,Rezone for Wellstone Subdivision from R-1-21 to R-1-12,nan,0.9,REZONE,Proposed rezone of four parcels from R-1-21 (lower density) to R-1-12 (higher density) for the Wellstone Subdivision near Pear Street and Quirk Street.,"near Pear Street and Quirk Street, Grantsville, UT",,,,R-1-21,R-1-12,PROPOSED,75,Residential intensification; allows smaller lot sizes; paired with General Plan Amendment,https://www.utah.gov/pmn/sitemap/notice/1071703.html,"{""parcel_ids"": [""01-071-0-0012"", ""01-074-0-0012"", ""01-074-0-0010"", ""11-010-0-0002""]}",pmn,2026-06-15T14:00:27.327298Z,,,,
pmn_1071703_item4,Grantsville,Grantsville City Planning Commission,2026-04-21,Amendments to Parks and Transportation Capital Facilities Plans and Impact Fee Documents,nan,0.9,INFRASTRUCTURE,"Proposed amendments to the Parks and Transportation Capital Facilities Plans (CFPs), Impact Fee Facilities Plans (IFFPs), and Impact Fee Analyses (IFAs) for Grantsville City.",,,,,,,PROPOSED,50,City-wide infrastructure and impact fee policy updates; affects future development feasibility and costs,https://www.utah.gov/pmn/sitemap/notice/1071703.html,,pmn,2026-06-15T14:00:27.327298Z,,,,
web_1953339281928855989,Grantsville,nan,2026-05-01,Agenda,other,0.0,,,,,,,,,PROPOSED,,,https://www.grantsvilleut.gov/Document_Center/Government/City%20Council/2026/05.01.2026/05.01.2026%20Special%20Work%20Meeting%20Agenda.pdf?t=202604301730240,"PUBLIC NOTICE:
The Grantsville City Council will hold a Special Work Session on Friday, May 1, 2026 in person at 429 East
Main Street, Grantsville UT 84029 and electronically via Zoom beginning at 3:25 pm.
Please note: There will be no public comments or action taken by the Council during this meeting.
The agenda is as follows:
ROLL CALL
AGENDA:
1. Training of roles and responsibilities of Legal Department
2. Training of roles and responsibilities of City Recorder and Open Public Meetings Act tr",web,2026-06-15T13:54:46.334620+00:00,40.6000544,-112.4462816,haiku_pdf_address,0.55
web_1561714358610192521,Grantsville,nan,2026-05-01,Minutes,other,0.0,,,,,,,,,PROPOSED,,,https://www.grantsvilleut.gov/Document_Center/Government/City%20Council/2026/05.01.2026/05.01.2026%20City%20Council%20Special%20Work%20Session%20Minutes%20FINAL.pdf?t=202605261915080,"MINUTES OF THE SPECIAL WORK MEETING OF THE GRANTSVILLE CITY
COUNCIL, HELD ON MAY 1ST, 2026 AT GRANTSVILLE CITY HALL, LOCATED AT
429 EAST MAIN STREET, GRANTSVILLE, UTAH AND ELECTRONICALLY VIA
ZOOM. THE MEETING BEGAN AT 3:25 P.M.
Mayor and Council Members Present:
Mayor Hammond Brittany Skinner
Rhett Butler Jake Thomas
Derek Dalton Jeff Williams
Council Members Excused: none.
Appointed Officers and Employees Present:
Michael Resare, City Manager Heidi Jeffries, Human Resources / Treasurer
Alicia F",web,2026-06-15T13:54:48.199820+00:00,40.6000544,-112.4462816,haiku_pdf_address,0.55
web_7909654632750362254,Grantsville,nan,2026-05-01,Packet,other,0.0,,,,,,,,,PROPOSED,,,https://www.grantsvilleut.gov/Document_Center/Government/City%20Council/2026/05.01.2026/05.01.2026%20Council%20Work%20Meeting%20Packet.pdf?t=202605071515260,"May 1, 2026
City Council Special
Work Meeting
Information Packet
Agenda Item # 1
Training of roles and responsibilities of
Legal Department
2026 Grantsville City
Effective Municipal Leadership
A Guide to Leadership in
Grantsville
Grantsville City Council Retreat | 2026
1/16 Next
2026
Five-Member Council (Traditional)
Utah's Three
The most common form in Utah. Mayor serves as a voting member of the
Forms of council, participating equally in all decisions with full voting rights on
every matter.
G",web,2026-06-15T13:54:47.892239+00:00,,,,
web_3565561346858168676_item0,Grantsville,nan,2026-05-05,Amendments to Grantsville Land Use Ordinance Section 4.5 - Lot Standards and Street Frontage,other,0.9,GENERAL_PLAN_AMENDMENT,"The Planning Commission will consider proposed amendments to the city's Land Use Ordinance Section 4.5 regarding lot standards and street frontage requirements. This includes presentation, public hearing, discussion, and consideration of the proposed changes.",,,,,,,PROPOSED,35,Ordinance amendment affecting lot and frontage standards city-wide; may impact future development feasibility and project economics,https://www.grantsvilleut.gov/Document_Center/Department/Community%20&%20Economic%20Development/P%20&%20Z%20Agendas/2026/PC%20Agenda%205-5-26.pdf?t=202604241659560,,web,2026-04-27T13:09:33.738090+00:00,,,,
web_3565561346858168676_item1,Grantsville,nan,2026-05-05,Appeal by Teresa Outzs,other,0.9,,Planning Commission will consider an appeal filed by Teresa Outzs. Details of the appeal are not provided in the agenda excerpt.,,,,Teresa Outzs,,,PROPOSED,0,Incomplete agenda text; insufficient detail to classify appeal type or assess development impact,https://www.grantsvilleut.gov/Document_Center/Department/Community%20&%20Economic%20Development/P%20&%20Z%20Agendas/2026/PC%20Agenda%205-5-26.pdf?t=202604241659560,,web,2026-04-27T13:09:33.738090+00:00,,,,
web_1112432069619582331_item0,Grantsville,nan,2026-05-05,Amendments to Grantsville Land Use Ordinance Section 4.5 - Lot Standards and Street Frontage,other,0.9,GENERAL_PLAN_AMENDMENT,"The Planning Commission will consider proposed amendments to the city's Land Use Ordinance Section 4.5 regarding lot standards and street frontage requirements. This includes presentation, public hearing, discussion, and consideration of the proposed changes.",,,,,,,PROPOSED,35,Ordinance amendment affecting lot and frontage standards city-wide; may impact future development feasibility and project economics,https://www.grantsvilleut.gov/Document_Center/Department/Community%20&%20Economic%20Development/P%20&%20Z%20Agendas/2026/PC%20Updated%20Agenda%205-5-26.pdf?t=202604291936510,,web,2026-06-15T13:54:54.247494+00:00,,,,
web_1112432069619582331_item1,Grantsville,nan,2026-05-05,Appeal by Teresa Outzs,other,0.9,,Planning Commission will consider an appeal filed by Teresa Outzs. Details of the appeal are not provided in the agenda excerpt.,,,,Teresa Outzs,,,PROPOSED,0,Incomplete agenda text; insufficient detail to classify appeal type or assess development impact,https://www.grantsvilleut.gov/Document_Center/Department/Community%20&%20Economic%20Development/P%20&%20Z%20Agendas/2026/PC%20Updated%20Agenda%205-5-26.pdf?t=202604291936510,,web,2026-06-15T13:54:54.247494+00:00,,,,
pmn_1075645_item0,Grantsville,Grantsville City Planning Commission,2026-05-05,"Amendment to Grantsville Land Use Ordinance Section 4.5, Lot Standards and Street Frontage",nan,0.9,GENERAL_PLAN_AMENDMENT,Proposed amendments to ordinance standards governing lot dimensions and street frontage requirements,,,,,,,PROPOSED,35,This is a code amendment that may affect future development standards city-wide; outcome will impact density and lot configuration feasibility for future projects,https://www.utah.gov/pmn/sitemap/notice/1075645.html,,pmn,2026-06-15T14:00:27.327295Z,,,,
pmn_1075645_item1,Grantsville,Grantsville City Planning Commission,2026-05-05,Appeal of Zoning Administrator denial of Kennel Permit and Conditional Use Permit at 176 E Elisabeth Court,nan,0.9,,Teresa Outzs appealing denial of kennel permit (6 dogs) and conditional use permit (12 hens) in R-1-21 zone due to open space requirement non-compliance,176 E Elisabeth Court,,,Teresa Outzs,R-1-21,,PROPOSED,5,Residential use appeal; not a development opportunity for commercial or residential projects,https://www.utah.gov/pmn/sitemap/notice/1075645.html,,pmn,2026-06-15T14:00:27.327295Z,,,,
pmn_1075645_item2,Grantsville,Grantsville City Planning Commission,2026-05-05,Concept presentation for Le Property mixed-use development at 454 East Main Street,nan,0.9,COMMERCIAL_PROJECT,Presentation and discussion of proposed concept for development on Le Property zoned Mixed Use (M-U),454 East Main Street,,,,M-U,,PROPOSED,60,Mixed-use zoning on Main Street corridor; downtown infill opportunity; early-stage concept discussion,https://www.utah.gov/pmn/sitemap/notice/1075645.html,,pmn,2026-06-15T14:00:27.327295Z,40.6060545,-112.4087498,nominatim,0.75
pmn_1075645_item3,Grantsville,Grantsville City Planning Commission,2026-05-05,Request for Second Extension of Matthews Meadows Subdivision Phase 2 Plat Approval,nan,0.9,NEW_SUBDIVISION,Extension request for previously approved Matthews Meadows Subdivision Phase 2; seeking second time extension of plat approval,,,,,,,CONTINUED,50,Project already approved; extension indicates development delay or financing/construction timeline challenges; monitor for activation or potential abandonment,https://www.utah.gov/pmn/sitemap/notice/1075645.html,,pmn,2026-06-15T14:00:27.327295Z,,,,
web_590468887235054802,Grantsville,nan,2026-05-06,Agenda,other,0.0,,,,,,,,,PROPOSED,,,https://www.grantsvilleut.gov/Document_Center/Government/City%20Council/2026/05.06.2026/05.06.2026%20City%20Council%20Meeting%20Agenda%20AMENDED%20630.pdf?t=202605052048220,"AMENDED AGENDA 5/5/2026 6:30 PM
PUBLIC NOTICE:
The Grantsville City Council will hold a Regular Meeting and Public Hearing on Wednesday, May 6,
2026 in person at 429 East Main Street, Grantsville UT 84029 and electronically via Zoom beginning
at 7:00 pm.
The agenda is as follows:
ROLL CALL
AGENDA:
1. Public Comment
2. Summary Action Items
a. Approval of Minutes from the April 1, 2026 City Council Regular Meeting
b. Approval of Minutes from the April 14, 2026 City Council and Planning Commission
",web,2026-06-15T13:54:41.148503+00:00,40.6000544,-112.4462816,haiku_pdf_address,0.55
pmn_1077925_item0,Grantsville,Grantsville City Council,2026-05-06,General Plan Amendment for Wellstone Subdivision,nan,0.9,GENERAL_PLAN_AMENDMENT,"Consideration of Ordinance 2026-19 approving a General Plan Amendment for the Wellstone Subdivision. Item continued to May 20, 2026 City Council Meeting.",,,,,,,CONTINUED,65,Wellstone Subdivision project includes both General Plan Amendment and rezone components. Item not discussed at this meeting.,https://www.utah.gov/pmn/sitemap/notice/1077925.html,,pmn,2026-06-15T14:00:27.327117Z,,,,
pmn_1077925_item1,Grantsville,Grantsville City Council,2026-05-06,Rezone R-1-21 to R-1-12 for Wellstone Subdivision,nan,0.9,REZONE,"Consideration of Ordinance 2026-20 approving a rezone from R-1-21 to R-1-12 for the Wellstone subdivision. Item continued to May 20, 2026 City Council Meeting.",,,,,R-1-21,R-1-12,CONTINUED,70,Rezone to R-1-12 (smaller lot requirement) indicates residential densification. Item not discussed at this meeting.,https://www.utah.gov/pmn/sitemap/notice/1077925.html,,pmn,2026-06-15T14:00:27.327117Z,,,,
pmn_1077925_item2,Grantsville,Grantsville City Council,2026-05-06,Plat amendment to Moody Acres Subdivision at 415 South Worthington Street,nan,0.9,NEW_SUBDIVISION,"Consideration of Resolution 2026-30 approving a plat amendment to the Moody Acres Subdivision, located at approximately 415 South Worthington Street.",415 South Worthington Street,,,,,,PROPOSED,50,Plat amendment to existing subdivision indicates modification to lot configuration or platting.,https://www.utah.gov/pmn/sitemap/notice/1077925.html,,pmn,2026-06-15T14:00:27.327117Z,,,,
pmn_1077925_item3,Grantsville,Grantsville City Council,2026-05-06,"Amendments to Capital Facilities Plan, Impact Fee Facilities Plan, and Impact Fee Analysis",nan,0.9,INFRASTRUCTURE,"Public hearing item considering amendments to the Capital Facilities Plan, Impact Fee Facilities Plan, and Impact Fee Analysis.",,,,,,,PROPOSED,55,Impact fee analysis updates typically follow significant development activity or growth projections.,https://www.utah.gov/pmn/sitemap/notice/1077925.html,,pmn,2026-06-15T14:00:27.327117Z,,,,
pmn_1077925_item4,Grantsville,Grantsville City Council,2026-05-06,"Amendments to Grantsville City Land Use and Management Code Chapters 4, 6, 7, 8, 9, 14, 15, 16, 20, and 21",nan,0.9,GENERAL_PLAN_AMENDMENT,"Consideration of Ordinance 2026-18 approving amendments to the Grantsville City Land Use and Management Code affecting multiple chapters (4, 6, 7, 8, 9, 14, 15, 16, 20, and 21).",,,,,,,PROPOSED,60,Comprehensive land use code amendments affecting 10 chapters indicate significant regulatory changes to development standards or procedures.,https://www.utah.gov/pmn/sitemap/notice/1077925.html,,pmn,2026-06-15T14:00:27.327117Z,,,,
web_9043096477437079715,Grantsville,nan,2026-05-06,Minutes,other,0.0,,,,,,,,,PROPOSED,,,https://www.grantsvilleut.gov/Document_Center/Government/City%20Council/2026/05.06.2026/05.06.2026%20City%20Council%20Meeting%20Minutes%20FINAL.pdf?t=202605261914110,"MINUTES OF THE BUSINESS MEETING OF THE GRANTSVILLE CITY COUNCIL,
HELD ON MAY 6TH, 2026 AT THE GRANTSVILLE CITY HALL, LOCATED AT 429
EAST MAIN STREET, GRANTSVILLE, UTAH AND ELECTRONICALLY VIA ZOOM.
THE MEETING BEGAN AT 7:00 P.M.
Mayor and Council Members Present:
Mayor Hammond Brittany Skinner
Rhett Butler Jake Thomas
Derek Dalton Jeff Williams
Council Members Excused: none.
Appointed Officers and Employees Present:
Michael Resare, City Manager Christy Montierth, Public Works Director
Alicia Fair",web,2026-06-15T13:54:45.973051+00:00,40.6000544,-112.4462816,haiku_pdf_address,0.55
web_9098263870656153224,Grantsville,nan,2026-05-06,Packet,other,0.0,,,,,,,,,PROPOSED,,,https://www.grantsvilleut.gov/Document_Center/Government/City%20Council/2026/05.06.2026/05.06.2026%20Agenda%20Item%20Packet%20(Full)%20v5.pdf?t=202605062036260,"May 6, 2026
City Council Meeting
Information Packet
Agenda Item # 1
Public Comment
Agenda Item # 2
Summary Action Items
a. Approval of Minutes from April 1,
2026 City Council Regular
Meeting
b. Approval of Minutes from the
April 14, 2026 City Council and
Planning Commission Work
Meeting
c. Approval of Minutes from the
April 15, 2026 City Council
Regular Meeting
d. Approval of bills
Alicia Fairbourne <afairbourne@grantsvilleut.gov>
Public Comment- May 6, 2026 City Council Meeting
1 message
Krysta",web,2026-06-15T13:54:44.540784+00:00,,,,
pmn_1079311_item0,Grantsville,Grantsville City Council,2026-05-08,Rezone 519 W Main Street from A-10 (Agricultural) to C-S (Shopping Commercial District),nan,0.9,REZONE,Rezoning of property at 519 W Main Street from A-10 Agricultural to C-S Shopping Commercial District to allow for commercial uses consistent with the City's General Plan and zoning objectives.,"519 W Main Street, Grantsville",,,,A-10,C-S,APPROVED,45,"Ordinance 2026-13 adopted March 4, 2026. Commercial rezoning in downtown area consistent with general plan.",https://www.utah.gov/pmn/sitemap/notice/1079311.html,,pmn,2026-06-15T14:00:27.327062Z,40.5999004,-112.4818335,nominatim,0.75
pmn_1079311_item1,Grantsville,Grantsville City Council,2026-05-08,Grantsville City Annexation Policy Plan - 20-year framework,nan,0.9,ANNEXATION,"Adoption of updated Grantsville City Annexation Policy Plan establishing a 20-year framework for future annexations, municipal service planning, infrastructure coordination, and growth management within identified expansion areas.",,,,,,,APPROVED,60,"Ordinance 2026-16 adopted April 15, 2026. Policy-level framework for future municipal expansion and service delivery.",https://www.utah.gov/pmn/sitemap/notice/1079311.html,,pmn,2026-06-15T14:00:27.327062Z,,,,
pmn_1079311_item2,Grantsville,Grantsville City Council,2026-05-08,Land Use Code amendments - development standards and procedures update,nan,0.9,GENERAL_PLAN_AMENDMENT,"Comprehensive amendments to multiple chapters of Grantsville City Land Use and Management Code to revise development standards, conditional use procedures, landscaping regulations, driveway requirements, home occupation standards, and related land use regulations intended to improve administration and clarity of the City Code.",,,,,,,APPROVED,35,"Ordinance 2026-18 adopted May 6, 2026. Affects Chapters 4, 6, 7, 8, 9, 14, 15, 16, 20, and 21. Administrative and regulatory clarifications.",https://www.utah.gov/pmn/sitemap/notice/1079311.html,,pmn,2026-06-15T14:00:27.327062Z,,,,
web_4858558227490772907,Grantsville,nan,2026-05-11,Agenda,other,0.0,,,,,,,,,PROPOSED,,,https://www.grantsvilleut.gov/Document_Center/Government/City%20Council/2026/05.11.2026/05.11.2026%20City%20Council%20Special%20Work%20Meeting%20Agenda.pdf?t=202605081937040,"PUBLIC NOTICE:
The Grantsville City Council will hold a Special Work Meeting on Monday, May 11, 2026 in person
at 429 East Main Street, Grantsville UT 84029 and electronically via Zoom beginning at 6:00 pm.
The agenda is as follows:
ROLL CALL
AGENDA:
1. Discussion of the Memorandum of Understanding with the Tooele County School District
2. Presentation and discussion of the FY27 budget (this is a discussion item only. No public comment
or action will be taken.)
a. Presentation of the proposed pr",web,2026-06-15T13:54:38.857774+00:00,40.6000544,-112.4462816,haiku_pdf_address,0.55
pmn_1079295,Grantsville,Grantsville City Council,2026-05-11,Grantsville City Council Special Work Meeting,nan,nan,,,,,,,,,PROPOSED,,,https://www.utah.gov/pmn/sitemap/notice/1079295.html,"PUBLIC NOTICE:

The Grantsville City Council will hold a Special Work Meeting on Monday, May 11, 2026 in person at 429 East Main Street, Grantsville UT 84029 and electronically via Zoom beginning at 6:00 pm. 

The agenda is as follows: 

ROLL CALL 

AGENDA: 
1.	Discussion of the Memorandum of Understanding with the Tooele County School District
2.	Presentation and discussion of the FY27 budget (this is a discussion item only. No public comment or action will be taken.)
     a.	Presentation of the proposed property tax impact schedule
3.	Adjournment


Alicia Fairbourne		
City Recorder",pmn,2026-06-15T14:00:27.327059Z,40.6000544,-112.4462816,haiku_pdf_address,0.55
web_2986971388153367198,Grantsville,nan,2026-05-11,Minutes,other,0.0,,,,,,,,,PROPOSED,,,https://www.grantsvilleut.gov/Document_Center/Government/City%20Council/2026/05.11.2026/05.11.2026%20City%20Council%20Work%20Session%20Minutes%20FINAL.pdf?t=202605261912470,"MINUTES OF THE SPECIAL WORK SESSION OF THE GRANTSVILLE CITY
COUNCIL, HELD ON MAY 11TH, 2026 AT THE GRANTSVILLE CITY HALL,
LOCATED AT 429 EAST MAIN STREET, GRANTSVILLE, UTAH AND
ELECTRONICALLY VIA ZOOM. THE MEETING BEGAN AT 6:00 P.M.
Mayor and Council Members Present:
Mayor Hammond Brittany Skinner
Rhett Butler Jake Thomas
Derek Dalton Jeff Williams
Council Members Excused: none.
Appointed Officers and Employees Present:
Michael Resare, City Manager Bill Cobabe, Comm. Development Director
Alicia ",web,2026-06-15T13:54:40.557283+00:00,40.6000544,-112.4462816,haiku_pdf_address,0.55
web_4667900790702807289,Grantsville,nan,2026-05-11,Packet,other,0.0,,,,,,,,,PROPOSED,,,https://www.grantsvilleut.gov/Document_Center/Government/City%20Council/2026/05.11.2026/Property%20Tax%20Impact%20Schedule%2005.06.2026.pdf?t=202605081937140,"GRANTSVILLE CITY CORPORATION
PROPERTY TAX IMPACT SCHEDULE
FISCAL YEAR 2026-2027
Proposed Property Tax Impact Schedule
Grantsville City will consider an increase to its property tax rate from .001368 to .002517, which exceeds the estimated
certified tax rate and is estimated to generate an additional $1,749,701 in property tax revenue. The following
information is intended to provide the City Council and the public with an explanation of how the City's
operations would be affected if the proposed",web,2026-05-25T16:36:00.604556+00:00,,,,
web_8489546131538546813,Grantsville,nan,2026-05-11,Packet,other,0.0,,,,,,,,,PROPOSED,,,https://www.grantsvilleut.gov/Document_Center/Government/City%20Council/2026/05.11.2026/Property%20Tax%20Impact%20Schedule%2005.06.2026.pdf?t=202605261916110,"GRANTSVILLE CITY CORPORATION
PROPERTY TAX IMPACT SCHEDULE
FISCAL YEAR 2026-2027
Proposed Property Tax Impact Schedule
Grantsville City will consider an increase to its property tax rate from .001368 to .002517, which exceeds the estimated
certified tax rate and is estimated to generate an additional $1,749,701 in property tax revenue. The following
information is intended to provide the City Council and the public with an explanation of how the City's
operations would be affected if the proposed",web,2026-06-15T13:54:39.099225+00:00,,,,
web_234420903066118204,Grantsville,nan,2026-05-18,Agenda,other,0.0,,,,,,,,,PROPOSED,,,https://www.grantsvilleut.gov/Document_Center/Government/City%20Council/2026/05.18.2026/05.18.2026%20City%20Council%20Meeting%20Agenda.pdf?t=202605152115050,"PUBLIC NOTICE:
The Grantsville City Council will hold a Rescheduled Regular Meeting and Public Hearing on Monday,
May 18, 2026 in person at 429 East Main Street, Grantsville UT 84029 and electronically via Zoom beginning
at 6:30 p.m.
The agenda is as follows:
ROLL CALL
AGENDA:
6:30 p.m. – 7:00 p.m.
1. Closed Session – (Imminent Litigation, Real Estate Negotiations, Personnel)
This portion of the meeting is closed to the public pursuant to the Open and Public Meetings Act,
UCA § 52-4-205
7:00 p.m",web,2026-06-15T13:54:35.385614+00:00,40.6000544,-112.4462816,haiku_pdf_address,0.55
pmn_1081392_item0,Grantsville,Grantsville City Council,2026-05-18,Council Appeal Decision for driveway deviation at 175 N Hatchet Ranch Drive,nan,0.9,,"Consideration of Resolution 2026-15 approving a driveway deviation for property located at 175 N Hatchet Ranch Drive, subject to certain conditions","175 N Hatchet Ranch Drive, Grantsville UT",,,,,,PROPOSED,10,Appeal decision on a driveway deviation; minor development activity,https://www.utah.gov/pmn/sitemap/notice/1081392.html,,pmn,2026-06-15T14:00:27.327056Z,40.6056675,-112.47154,nominatim,0.75
pmn_1081392_item1,Grantsville,Grantsville City Council,2026-05-18,Townhomes on Willow sidewalks discussion and direction,nan,0.9,LARGE_PROJECT,Discussion and Council direction of the Townhomes on Willow sidewalks,"Willow Street area, Grantsville UT",,,,,,PROPOSED,35,Townhome project in discussion phase; infrastructure/sidewalk work needed,https://www.utah.gov/pmn/sitemap/notice/1081392.html,,pmn,2026-06-15T14:00:27.327056Z,,,,
pmn_1081392_item2,Grantsville,Grantsville City Council,2026-05-18,General Plan Amendment for Wellstone Subdivision,nan,0.9,GENERAL_PLAN_AMENDMENT,Public hearing and consideration of Ordinance 2026-19 approving a General Plan Amendment for the Wellstone Subdivision,"Wellstone Subdivision area, Grantsville UT",,,,,,PROPOSED,50,General Plan Amendment paired with concurrent rezone for Wellstone Subdivision,https://www.utah.gov/pmn/sitemap/notice/1081392.html,,pmn,2026-06-15T14:00:27.327056Z,,,,
pmn_1081392_item3,Grantsville,Grantsville City Council,2026-05-18,Rezone from R-1-21 to R-1-12 for Wellstone Subdivision,nan,0.9,REZONE,Public hearing and consideration of Ordinance 2026-20 approving a rezone from R-1-21 to R-1-12 for the Wellstone Subdivision,"Wellstone Subdivision area, Grantsville UT",,,,R-1-21,R-1-12,PROPOSED,60,Rezone allowing smaller lot sizes (R-1-12 vs R-1-21); indicates subdivision intensification,https://www.utah.gov/pmn/sitemap/notice/1081392.html,,pmn,2026-06-15T14:00:27.327056Z,,,,
web_6879333549881348504,Grantsville,nan,2026-05-18,Minutes,other,0.0,,,,,,,,,PROPOSED,,,https://www.grantsvilleut.gov/Document_Center/Government/City%20Council/2026/05.18.2026/05.18.2026%20City%20Council%20Meeting%20Minutes%20DRAFT.pdf?t=202605261911490,"MINUTES OF THE RESCHEDULED REGULAR BUSINESS MEETING OF THE
GRANTSVILLE CITY COUNCIL, HELD ON MAY 18, 2026 AT THE GRANTSVILLE
CITY HALL, LOCATED AT 429 EAST MAIN STREET, GRANTSVILLE, UTAH AND
ELECTRONICALLY VIA ZOOM. THE MEETING BEGAN AT 6:30 P.M.
Mayor and Council Members Present:
Mayor Heidi Hammond Brittany Skinner
Rhett Butler Jake Thomas
Derek Dalton excused at 9:24 p.m. Jeff Williams
Council Members Excused: none.
Appointed Officers and Employees Present:
Michael Resare, City Manager via Zo",web,2026-06-15T13:54:38.562327+00:00,40.6000544,-112.4462816,haiku_pdf_address,0.55
web_1117682392613420102,Grantsville,nan,2026-05-18,Packet,other,0.0,,,,,,,,,PROPOSED,,,https://www.grantsvilleut.gov/Document_Center/Government/City%20Council/2026/05.18.2026/05.18.2026%20Council%20Meeting%20Materials%20v1.pdf?t=202605152115170,"May 18, 2026
City Council Meeting
Information Packet
Agenda Item # 1
6:30 p.m. – 7:00 p.m.
Closed Session – (Imminent Litigation,
Real Estate Negotiations, Personnel)
This portion of the meeting is closed to
the public pursuant to the Open and
Public Meetings Act, UCA § 52-4-205
Agenda Item # 2
7:00 p.m.
Public Comment
Agenda Item #3
Summary Action Items
a. Approval of Minutes from the
May 1, 2026 City Council Special
Work Meeting
b. Approval of Minutes from the May 6,
2026 Regular City Council ",web,2026-06-15T13:54:37.022379+00:00,,,,
web_4142582792757023105_item0,Grantsville,nan,2026-05-19,Conditional Use Permit for Tinman's Gunworks home-based firearm business,conditional_use,0.9,DEVELOPER_ACTIVITY,"Consideration of a Conditional Use Permit application for Andrew Christiansen to own and operate Tinman's Gunworks, a home-based business providing firearm repair, maintenance, restoration, and purchases.",,,,Andrew Christiansen,,,PROPOSED,15,Home-based business conditional use permit; limited growth impact; firearm-related services require conditional use approval in most zones,https://www.grantsvilleut.gov/Document_Center/Department/Community%20&%20Economic%20Development/P%20&%20Z%20Agendas/2026/PC%20Agenda%205-19-26.pdf?t=202605081535520,,web,2026-06-15T13:54:54.080300+00:00,,,,
pmn_1079143_item0,Grantsville,Grantsville City Planning Commission,2026-05-19,Conditional Use Permit for Tinman's Gunworks home-based firearm repair business at 332 West Apple Street,nan,0.9,DEVELOPER_ACTIVITY,"Andrew Christiansen is seeking a Conditional Use Permit to own and operate Tinman's Gunworks, a home-based business providing firearm repairs, maintenance, restoration, purchases and transfers in the RM-7 zone.","332 West Apple Street, Grantsville, UT",,,Andrew Christiansen,RM-7,,PROPOSED,15,Home-based business conditional use permit; limited development impact,https://www.utah.gov/pmn/sitemap/notice/1079143.html,,pmn,2026-06-15T14:00:27.327292Z,40.5976956,-112.4748985,nominatim,0.75
pmn_1079143_item1,Grantsville,Grantsville City Planning Commission,2026-05-19,Conditional Use Permit for farm stand at 463 S High Pasture Way,nan,0.9,DEVELOPER_ACTIVITY,"Falysia and Joseph Mangrum are seeking a Conditional Use Permit to own and operate a farm stand for the sale of eggs, produce, and sourdough bread in the R-1-21 zoning district.","463 S High Pasture Way, Grantsville, UT",,,Falysia and Joseph Mangrum,R-1-21,,PROPOSED,10,Agricultural farm stand conditional use permit; minimal commercial impact,https://www.utah.gov/pmn/sitemap/notice/1079143.html,,pmn,2026-06-15T14:00:27.327292Z,40.5852161,-112.4591178,nominatim,0.75
pmn_1079143_item2,Grantsville,Grantsville City Planning Commission,2026-05-19,Amendment to Kenneth Fawson Subdivision and Commercial Final Plat Application for Holiday Oil at 794 E Main Street,nan,0.9,COMMERCIAL_PROJECT,Proposed amendment to the Kenneth Fawson Subdivision with a Commercial Final Plat Application for Holiday Oil in the CG (Commercial General) zone.,"794 E Main Street, Grantsville, UT",,,Holiday Oil,CG,,PROPOSED,45,Commercial development with subdivision amendment; likely fuel/oil service facility,https://www.utah.gov/pmn/sitemap/notice/1079143.html,,pmn,2026-06-15T14:00:27.327292Z,40.5994921,-112.4263587,nominatim,0.75
pmn_1079143_item3,Grantsville,Grantsville City Planning Commission,2026-05-19,Preliminary Plat Application for Presidents Park Townhomes at Nygreen Street and Washington Avenue,nan,0.9,NEW_SUBDIVISION,Proposed Preliminary Plat Application for Presidents Park Townhomes residential development.,"Approximately Nygreen Street and Washington Avenue, Grantsville, UT",,,Presidents Park Townhomes,,,PROPOSED,60,Townhome subdivision; preliminary plat stage indicates early development phase,https://www.utah.gov/pmn/sitemap/notice/1079143.html,,pmn,2026-06-15T14:00:27.327292Z,,,,
pmn_1083189_item0,Grantsville,Grantsville City Planning Commission,2026-05-22,Preliminary Plat Application for Arbon Acres at 500 South and Hale Street,nan,0.9,NEW_SUBDIVISION,Consideration of a proposed preliminary plat application for Arbon Acres residential subdivision located approximately at 500 South and Hale Street in Grantsville.,"500 South and Hale Street, Grantsville, UT",,,,,,PROPOSED,65,Preliminary plat stage; typical for residential subdivision development in Utah,https://www.utah.gov/pmn/sitemap/notice/1083189.html,,pmn,2026-06-15T14:00:27.327289Z,,,,
pmn_1083189_item1,Grantsville,Grantsville City Planning Commission,2026-05-22,Master Development Agreement for Willow Fields Subdivision at Old Lincoln Highway and Champion Drive,nan,0.9,NEW_SUBDIVISION,Recommendation of the proposed Master Development Agreement for Willow Fields Subdivision located approximately at Old Lincoln Highway and Champion Drive.,"Old Lincoln Highway and Champion Drive, Grantsville, UT",,,,,,PROPOSED,70,Master Development Agreement stage indicates larger or more complex subdivision development,https://www.utah.gov/pmn/sitemap/notice/1083189.html,,pmn,2026-06-15T14:00:27.327289Z,,,,
pmn_1083189_item2,Grantsville,Grantsville City Planning Commission,2026-05-22,Amendments to Grantsville City Master Transportation Plan,nan,0.9,INFRASTRUCTURE,Recommendation of proposed amendments to the Grantsville City Master Transportation Plan.,,,,,,,PROPOSED,50,City-wide infrastructure planning document; may support future development projects,https://www.utah.gov/pmn/sitemap/notice/1083189.html,,pmn,2026-06-15T14:00:27.327289Z,,,,
web_2971709518655188135,Grantsville,nan,2026-06-03,Agenda,other,0.0,,,,,,,,,PROPOSED,,,https://www.grantsvilleut.gov/Document_Center/Government/City%20Council/2026/06.03.2026/06.03.2026%20Council%20Agenda.pdf?t=202605292018430,"PUBLIC NOTICE:
The Grantsville City Council will hold a Regular Meeting and Public Hearing on Wednesday, June 3, 2026 in
person at 429 East Main Street, Grantsville UT 84029 and electronically via Zoom beginning at 7:00 pm.
The agenda is as follows:
ROLL CALL
AGENDA:
1. Public Comment
2. Summary Action Items
a. Approval of Minutes from the May 18, 2026 City Council Regular Meeting
b. Approval of bills
3. Update from the victim advocate
4. Consideration of Resolution 2026-40 authorizing the addit",web,2026-06-15T13:54:32.342847+00:00,40.6000544,-112.4462816,haiku_pdf_address,0.55
pmn_1084941_item0,Grantsville,Grantsville City Council,2026-06-03,Resolution 2026-40: Solar energy component addition to Wastewater Treatment Plant capital project,nan,0.9,INFRASTRUCTURE,Authorization to add a solar energy component to the Wastewater Treatment Plant capital project and authorization to use bond proceeds for solar development,,,,,,,PROPOSED,25,Municipal infrastructure improvement; sustainability/renewable energy initiative,https://www.utah.gov/pmn/sitemap/notice/1084941.html,,pmn,2026-06-15T14:00:27.327053Z,,,,
pmn_1084941_item1,Grantsville,Grantsville City Council,2026-06-03,Ordinance 2026-22: General Plan Amendment for Mack Canyon Subdivision near Mack Canyon Road and SR-138,nan,0.9,GENERAL_PLAN_AMENDMENT,"General Plan Amendment changing future land use map for two parcels from Mixed-Use Density, High Single-Family Density Residential, and Low Density Residential to Medium Density Residential for the Mack Canyon Subdivision",Mack Canyon Road and SR-138,,,,,,PROPOSED,60,Part of coordinated Mack Canyon Subdivision approval package; upzoning land to medium density residential,https://www.utah.gov/pmn/sitemap/notice/1084941.html,"{""parcel_ids"": [""01-065-0-0074"", ""01-065-0-0014""]}",pmn,2026-06-15T14:00:27.327053Z,40.603643204437915,-112.49241158718596,parcel_id,0.95
pmn_1084941_item2,Grantsville,Grantsville City Council,2026-06-03,Ordinance 2026-23: Rezone Mack Canyon Subdivision from R-1-21 to R-1-12,nan,0.9,REZONE,"Rezone two parcels from R-1-21 (Single Family Residential, 21,000 sq ft minimum lot size) to R-1-12 (Single Family Residential, 12,000 sq ft minimum lot size) for the Mack Canyon Subdivision",Mack Canyon Road and SR-138,,,,R-1-21,R-1-12,PROPOSED,70,"Reduces minimum lot size from 21,000 to 12,000 sq ft, enabling higher density development; part of Mack Canyon Subdivision master plan",https://www.utah.gov/pmn/sitemap/notice/1084941.html,"{""parcel_ids"": [""01-065-0-0074"", ""01-065-0-0014""]}",pmn,2026-06-15T14:00:27.327053Z,40.603643204437915,-112.49241158718596,parcel_id,0.95
pmn_1084941_item3,Grantsville,Grantsville City Council,2026-06-03,Ordinance 2026-24: Master Development Agreement for Mack Canyon Subdivision,nan,0.9,LARGE_PROJECT,Approval of Master Development Agreement for the Mack Canyon Subdivision located near Mack Canyon Road and SR-138,Mack Canyon Road and SR-138,,,,,,PROPOSED,75,Master Development Agreement establishing development framework; coordinated with concurrent rezone and general plan amendment,https://www.utah.gov/pmn/sitemap/notice/1084941.html,"{""parcel_ids"": [""01-065-0-0074"", ""01-065-0-0014""]}",pmn,2026-06-15T14:00:27.327053Z,,,,
pmn_1084941_item4,Grantsville,Grantsville City Council,2026-06-03,Ordinance 2026-25: Land Use Code Amendment regarding lot standards and street frontage,nan,0.9,GENERAL_PLAN_AMENDMENT,Amendment to Section 4.5 of Grantsville Land Use Management Code modifying lot standards and street frontage requirements; amending the applicability of the lot proportion requirement,,,,,,,PROPOSED,50,Code amendment likely supporting Mack Canyon Subdivision development or broader zoning policy update,https://www.utah.gov/pmn/sitemap/notice/1084941.html,,pmn,2026-06-15T14:00:27.327053Z,,,,
pmn_1083293,Grantsville,Grantsville City Council,2026-06-03,Notice of Public Hearing - FY27 Tentative Budget,nan,nan,,,,,,,,,PROPOSED,,,https://www.utah.gov/pmn/sitemap/notice/1083293.html,"GRANTSVILLE CITY
NOTICE OF PUBLIC HEARING
FISCAL YEAR 2027 TENTATIVE BUDGET


PUBLIC NOTICE IS HEREBY GIVEN that the Grantsville City Council will hold a Public Hearing on Wednesday, June 3, 2026, at 7:00 p.m. for the purpose of receiving public input regarding the proposed Fiscal Year 2027 Tentative Budget and the adoption of the tentative budget on an interim basis pending final budget adoption. 

The Grantsville City Council will also consider a Resolution declaring the City's intent to consider an increase in property tax revenue above the certified tax rate for Fiscal Year 2027 and establishing the date, time, and place of the future Truth in Taxation public hearing required by Utah Code Section 59-2-919.

The public hearing will be held in person at Grantsville City Hall, located at 429 E. Main Street, Grantsville, Utah, 84029, and electronically via Zoom.

Public comments are welcome and may be provided in person during the meeting, or electronically using the following information:

Meeting URL: https://us02web.zoom.us/j/4358843411
Dial-In: 1-253-215-8782
Meeting ID: 435 884 3411

Written comments may also be submitted to the City Recorder, Alicia Fairbourne, at afairbourne@grantsvilleut.gov. All written comments will be distributed to the City Council and entered into the public record. To ensure consideration, written comments must be received no later than 12:00 p.m. (noon) on the day of the meeting.

Copies of the proposed tentative budget, proposed resolution, and Property Tax Impact Schedule may be reviewed during regular business hours at Grantsville City Hall or online at: https://www.grantsvilleut.gov/transparency/public_notices.php#outer-18sub-382, or on the Utah Public Notice website at https://www.utah.gov/pmn/sitemap/publicbody/1840.html. 


DATED this 22nd day of May, 2026.
Alicia Fairbourne
Grantsville City Recorder",pmn,2026-06-15T14:00:27.327050Z,40.6000544,-112.4462816,haiku_pdf_address,0.55
pmn_1083285_item0,Grantsville,Grantsville City Council,2026-06-03,General Plan amendment for Mack Canyon Subdivision - parcels 01-065-0-0074 and 01-065-0-0014,nan,0.9,GENERAL_PLAN_AMENDMENT,"Amendment to Future Land Use Map changing parcels from Mixed-Use Density, High Single-Family Density Residential, and Low Density Residential to Medium Density Residential","Mack Canyon Road and SR-138, Grantsville",,,,,,PROPOSED,65,Part of Mack Canyon Subdivision master development; Future Land Use Map amendment is prerequisite to rezone,https://www.utah.gov/pmn/sitemap/notice/1083285.html,"{""parcel_ids"": [""01-065-0-0074"", ""01-065-0-0014""]}",pmn,2026-06-15T14:00:27.327048Z,40.603643204437915,-112.49241158718596,parcel_id,0.95
pmn_1083285_item1,Grantsville,Grantsville City Council,2026-06-03,Rezone of Mack Canyon Subdivision parcels from R-1-21 to R-1-12,nan,0.9,REZONE,"Rezone of parcels 01-065-0-0074 and 01-065-0-0014 from R-1-21 (Single-Family Residential, 21,000 sq ft minimum lot) to R-1-12 (Single-Family Residential, 12,000 sq ft minimum lot), allowing smaller lot sizes","Mack Canyon Road and SR-138, Grantsville",,,,R-1-21,R-1-12,PROPOSED,72,"Rezone allows increased density by reducing minimum lot size from 21,000 to 12,000 square feet; coordinated with General Plan amendment",https://www.utah.gov/pmn/sitemap/notice/1083285.html,"{""parcel_ids"": [""01-065-0-0074"", ""01-065-0-0014""]}",pmn,2026-06-15T14:00:27.327048Z,40.603643204437915,-112.49241158718596,parcel_id,0.95
pmn_1083285_item2,Grantsville,Grantsville City Council,2026-06-03,Master Development Agreement approval for Mack Canyon Subdivision,nan,0.9,LARGE_PROJECT,Approval of Master Development Agreement for Mack Canyon Subdivision governing overall development standards and requirements,"Mack Canyon Road and SR-138, Grantsville",,,,,,PROPOSED,68,"Master Development Agreement typically establishes design standards, phasing, infrastructure requirements, and development conditions for subdivision; public hearing scheduled for June 3, 2026 at 7:00 p.m.",https://www.utah.gov/pmn/sitemap/notice/1083285.html,"{""parcel_ids"": [""01-065-0-0074"", ""01-065-0-0014""]}",pmn,2026-06-15T14:00:27.327048Z,,,,
pmn_1083289_item0,Grantsville,Grantsville City Council,2026-06-03,Amendment to Section 4.5 of Grantsville Land Use Management Code regarding lot standards and street frontage,nan,0.9,GENERAL_PLAN_AMENDMENT,"Proposed ordinance amendment to modify the lot proportion standard applicability threshold from one-half (1/2) acre or less to 14,000 square feet or less in the Land Use Management Code.",Grantsville City,,,,,,PROPOSED,35,"Code amendment affecting lot standards city-wide; public hearing scheduled for June 3rd, 2026 at 7:00 p.m. at Grantsville City Hall (429 E. Main Street). Electronic participation via Zoom available.",https://www.utah.gov/pmn/sitemap/notice/1083289.html,,pmn,2026-06-15T14:00:27.327045Z,40.6000544,-112.4462816,nominatim,0.75
web_6381801915574906258,Grantsville,nan,2026-06-03,Packet,other,0.0,,,,,,,,,PROPOSED,,,https://www.grantsvilleut.gov/Document_Center/Government/City%20Council/2026/06.03.2026/06.03.2026%20Packet.pdf?t=202605292018560,"June 3, 2026
City Council Meeting
Information Packet
Agenda Item # 1
Public Comment
Agenda Item #2
Summary Action Items
a. Approval of Minutes from the
May 18, 2026 City Council Regular
Meeting
b. Approval of bills
MINUTES OF THE RESCHEDULED REGULAR BUSINESS MEETING OF THE
GRANTSVILLE CITY COUNCIL, HELD ON MAY 18, 2026 AT THE GRANTSVILLE
CITY HALL, LOCATED AT 429 EAST MAIN STREET, GRANTSVILLE, UTAH AND
ELECTRONICALLY VIA ZOOM. THE MEETING BEGAN AT 6:30 P.M.
Mayor and Council Members Present:
May",web,2026-06-01T13:40:07.612179+00:00,40.6000544,-112.4462816,haiku_pdf_address,0.70
web_1603954446432539746,Grantsville,nan,2026-06-03,Packet,other,0.0,,,,,,,,,PROPOSED,,,https://www.grantsvilleut.gov/Document_Center/Government/City%20Council/2026/06.03.2026/06.03.2026%20Packet%20v3.1.pdf?t=202606031802500,"June 3, 2026
City Council Meeting
Information Packet
Agenda Item # 1
Public Comment
Agenda Item #2
Summary Action Items
a. Approval of Minutes from the
May 18, 2026 City Council Regular
Meeting
b. Approval of bills
MINUTES OF THE RESCHEDULED REGULAR BUSINESS MEETING OF THE
GRANTSVILLE CITY COUNCIL, HELD ON MAY 18, 2026 AT THE GRANTSVILLE
CITY HALL, LOCATED AT 429 EAST MAIN STREET, GRANTSVILLE, UTAH AND
ELECTRONICALLY VIA ZOOM. THE MEETING BEGAN AT 6:30 P.M.
Mayor and Council Members Present:
May",web,2026-06-15T13:54:35.097396+00:00,40.6000544,-112.4462816,haiku_pdf_address,0.55
web_5229788274341017986_item0,Grantsville,nan,2026-06-16,Hold Harmless Agreement for 641 S Maxwell Drive,other,0.9,,"Planning Commission recommendation on a proposed Hold Harmless Agreement for property in R-1-21 zone. Hold Harmless Agreements typically relate to hazard mitigation, infrastructure, or development compliance issues.",641 S Maxwell Drive,,,,R-1-21,,PROPOSED,15,Document text is incomplete; full scope of agreement not provided. Hold Harmless Agreements typically address liability or compliance obligations related to existing conditions or development constraints.,https://www.grantsvilleut.gov/Document_Center/Department/Community%20&%20Economic%20Development/P%20&%20Z%20Agendas/2026/PC%20Agenda%206-16-26.pdf?t=202606051503230,,web,2026-06-08T12:28:26.491429+00:00,40.5795481,-112.4732295,nominatim,0.75
web_7289967423580575207_item0,Grantsville,nan,2026-06-16,Hold Harmless Agreement for 641 S Maxwell Drive,other,0.9,,"Planning Commission recommendation on a proposed Hold Harmless Agreement for property in R-1-21 zone. Hold Harmless Agreements typically relate to hazard mitigation, infrastructure, or development compliance issues.",641 S Maxwell Drive,,,,R-1-21,,PROPOSED,15,Document text is incomplete; full scope of agreement not provided. Hold Harmless Agreements typically address liability or compliance obligations related to existing conditions or development constraints.,https://www.grantsvilleut.gov/Document_Center/Department/Community%20&%20Economic%20Development/P%20&%20Z%20Agendas/2026/PC%20Agenda%206-16-26.pdf?t=202606051506280,,web,2026-06-15T13:54:53.901135+00:00,40.5795481,-112.4732295,nominatim,0.75
pmn_1086735_item0,Grantsville,Grantsville City Planning Commission,2026-06-16,Hold Harmless Agreement for 641 S Maxwell Drive,nan,0.9,DEVELOPER_ACTIVITY,Planning Commission recommendation on a proposed Hold Harmless Agreement for property in R-1-21 zone,"641 S Maxwell Drive, Grantsville, UT",,,,R-1-21,,PROPOSED,25,Hold Harmless Agreements typically relate to development impact mitigation or infrastructure requirements,https://www.utah.gov/pmn/sitemap/notice/1086735.html,,pmn,2026-06-15T14:00:27.327286Z,40.5795481,-112.4732295,nominatim,0.75
pmn_1086735_item1,Grantsville,Grantsville City Planning Commission,2026-06-16,Sun Sage Terrace Master Development Agreement (MDA) and lot layout for phases 3-6,nan,0.9,LARGE_PROJECT,Planning Commission recommendation on Sun Sage Terrace Master Development Agreement and lot layout for phases 3-6 in R-1-21 zoning,"approximately 1161 West Main Street, Grantsville, UT",,,Sun Sage Terrace,R-1-21,,PROPOSED,72,Multi-phase residential development with MDA approval; phases 3-6 layout under review,https://www.utah.gov/pmn/sitemap/notice/1086735.html,,pmn,2026-06-15T14:00:27.327286Z,40.5999676,-112.4968905,nominatim,0.75
pmn_1086735_item2,Grantsville,Grantsville City Planning Commission,2026-06-16,Alington Plat PUD in Mixed-Use zone,nan,0.9,NEW_SUBDIVISION,Discussion of proposed Alington Plat Planned Unit Development for two parcels in MU zoning district,"approximately 948 East and SR-138, Grantsville, UT",,,Alington,MU,,PROPOSED,65,Mixed-use PUD development at significant intersection location,https://www.utah.gov/pmn/sitemap/notice/1086735.html,"{""parcel_ids"": [""01-059-0-0040"", ""01-059-0-0039""]}",pmn,2026-06-15T14:00:27.327286Z,,,,
pmn_1086735_item3,Grantsville,Grantsville City Planning Commission,2026-06-16,Orion Subdivision General Plan Amendment at 800 East Main Street,nan,0.9,GENERAL_PLAN_AMENDMENT,Discussion of proposed General Plan Amendment to change land use designation from Rural Residential 1 and High Single-Family Residential to High Single-Family Residential for four parcels,"approximately 800 East Main Street, Grantsville, UT",,,Orion Subdivision,,High Single-Family Residential,PROPOSED,55,General Plan Amendment paired with rezone for same parcels; densification from rural to residential,https://www.utah.gov/pmn/sitemap/notice/1086735.html,"{""parcel_ids"": [""01-059-0-0041"", ""01-059-0-0001"", ""01-059-0-0028"", ""01-059-0-0027""]}",pmn,2026-06-15T14:00:27.327286Z,40.599493,-112.425818,nominatim,0.75
pmn_1086735_item4,Grantsville,Grantsville City Planning Commission,2026-06-16,Orion Subdivision Rezone from RR-1/RM-7 to RM-15 at 800 East Main Street,nan,0.9,REZONE,Discussion of proposed rezone for four parcels from RR-1 and RM-7 to RM-15 zoning for Orion Subdivision,"approximately 800 East Main Street, Grantsville, UT",,,Orion Subdivision,"RR-1, RM-7",RM-15,PROPOSED,68,Rezone to higher-density multi-family (RM-15); paired with General Plan Amendment; represents significant densification from rural,https://www.utah.gov/pmn/sitemap/notice/1086735.html,"{""parcel_ids"": [""01-059-0-0041"", ""01-059-0-0001"", ""01-059-0-0028"", ""01-059-0-0027""]}",pmn,2026-06-15T14:00:27.327286Z,40.599493,-112.425818,nominatim,0.75
pmn_1088129,Grantsville,Grantsville City Council,2026-06-17,Notice of Public Hearing,nan,nan,,,,,,,,,PROPOSED,,,https://www.utah.gov/pmn/sitemap/notice/1088129.html,"GRANTSVILLE CITY
NOTICE OF PUBLIC HEARING
FISCAL YEAR 2027 INTERIM BUDGET


PUBLIC NOTICE IS HEREBY GIVEN that the Grantsville City Council will hold a Public Hearing on Wednesday, June 17, 2026, at 7:00 p.m. for the purpose of receiving public input regarding the proposed Fiscal Year 2027 Interim Budget.

The Grantsville City Council will also consider adoption of Resolution No. 2026-47 approving and adopting the Fiscal Year 2027 Interim Budget.

The public hearing will be held in person at Grantsville City Hall, located at 429 E. Main Street, Grantsville, Utah 84029, and electronically via Zoom.

Public comments are welcome and may be provided in person during the meeting, or electronically using the following information:
Meeting URL: https://us02web.zoom.us/j/4358843411
Dial-In: 1-253-215-8782
Meeting ID: 435 884 3411

Written comments may also be submitted to the City Recorder, Alicia Fairbourne, at afairbourne@grantsvilleut.gov. All written comments will be distributed to the City Council and entered into the public record. To ensure consideration, written comments must be received no later than 12:00 p.m. (noon) on the day of the meeting.

Copies of the proposed Fiscal Year 2027 Interim Budget and Resolution No. 2026-47 may be reviewed during regular business hours at Grantsville City Hall or online at the Grantsville City website and the Utah Public Notice Website.

DATED this 10th day of June, 2026.
Alicia Fairbourne
Grantsville City Recorder",pmn,2026-06-15T14:00:27.327039Z,40.6000544,-112.4462816,haiku_pdf_address,0.55
pmn_1088123,Grantsville,Grantsville City Council,2026-06-17,Notice of Public Hearing,nan,nan,,,,,,,,,PROPOSED,,,https://www.utah.gov/pmn/sitemap/notice/1088123.html,"GRANTSVILLE CITY
NOTICE OF PUBLIC HEARING
FISCAL YEAR 2026 FINAL AMENDED BUDGET


PUBLIC NOTICE IS HEREBY GIVEN that the Grantsville City Council will hold a Public Hearing on Wednesday, June 17, 2026, at 7:00 p.m. for the purpose of receiving public input regarding the proposed Fiscal Year 2026 Year-End Budget Amendments and Fiscal Year 2026 Year-End Budget.

The Grantsville City Council will also consider adoption of Resolution No. 2026-45, approving the Fiscal Year 2026 Year-End Budget Amendments and adopting the Fiscal Year 2026 Year-End Budget.

The public hearing will be held in person at Grantsville City Hall, located at 429 E. Main Street, Grantsville, Utah 84029, and electronically via Zoom.

Public comments are welcome and may be provided in person during the meeting, or electronically using the following information:
Meeting URL: https://us02web.zoom.us/j/4358843411
Dial-In: 1-253-215-8782
Meeting ID: 435 884 3411

Written comments may also be submitted to the City Recorder, Alicia Fairbourne, at afairbourne@grantsvilleut.gov. All written comments will be distributed to the City Council and entered into the public record. To ensure consideration, written comments must be received no later than 12:00 p.m. (noon) on the day of the meeting.

Copies of the proposed Fiscal Year 2026 Final Amended Budget and proposed resolution may be reviewed during regular business hours at Grantsville City Hall or online at the Grantsville City website and the Utah Public Notice Website.

DATED this 10th day of June, 2026.
Alicia Fairbourne
Grantsville City Recorder",pmn,2026-06-15T14:00:27.327042Z,40.6000544,-112.4462816,haiku_pdf_address,0.55
pmn_1088127,Grantsville,Grantsville City Council,2027-06-17,Notice of Public Hearing,nan,nan,,,,,,,,,PROPOSED,,,https://www.utah.gov/pmn/sitemap/notice/1088127.html,"GRANTSVILLE CITY
NOTICE OF PUBLIC HEARING
FISCAL YEAR 2027 COMPENSATION SCHEDULE


PUBLIC NOTICE IS HEREBY GIVEN that the Grantsville City Council will hold a Public Hearing on Wednesday, June 17, 2026, at 7:00 p.m. for the purpose of receiving public input regarding the proposed Fiscal Year 2027 Compensation Schedule for Grantsville City Department Heads and Elected Officials.

The Grantsville City Council will also consider adoption of Resolution No. 2026-46 approving and adopting the Fiscal Year 2027 Compensation Schedule for Grantsville City Department Heads and Elected Officials.

The public hearing will be held in person at Grantsville City Hall, located at 429 E. Main Street, Grantsville, Utah 84029, and electronically via Zoom.

Public comments are welcome and may be provided in person during the meeting, or electronically using the following information:
Meeting URL: https://us02web.zoom.us/j/4358843411
Dial-In: 1-253-215-8782
Meeting ID: 435 884 3411

Written comments may also be submitted to the City Recorder, Alicia Fairbourne, at afairbourne@grantsvilleut.gov. All written comments will be distributed to the City Council and entered into the public record. To ensure consideration, written comments must be received no later than 12:00 p.m. (noon) on the day of the meeting.

Copies of the proposed Fiscal Year 2027 Compensation Schedule and Resolution No. 2026-46 may be reviewed during regular business hours at Grantsville City Hall or online at the Grantsville City website and the Utah Public Notice Website.


DATED this 10th day of June, 2026.
Alicia Fairbourne
Grantsville City Recorder",pmn,2026-06-15T14:00:27.327036Z,40.6000544,-112.4462816,haiku_pdf_address,0.55
pmn_1054199,Herriman,City Council,2026-01-28,Regular Session,nan,nan,,,,,,,,,PROPOSED,,,https://www.utah.gov/pmn/sitemap/notice/1054199.html,"CITY COUNCIL AGENDA

Wednesday, January 28, 2026

NOTICE IS HEREBY GIVEN that the Herriman City Council shall assemble for a 
meeting in the City Council Chambers, located at
5355 WEST HERRIMAN MAIN STREET, HERRIMAN, UTAH
 

5:30 PM - WORK MEETING: (Fort Herriman Conference Room)


1.	Council Business
  
1.1.	  
Review of this Evening's Agenda
  
1.2.	  
Future Agenda Items
  
1.3.	  
Council discussion of future citizen recognitions


2.	Administrative Reports
  
2.1.	  
Open and Public Meetings Act training - Todd Sheeran, City Attorney
  
2.2.	  
Annual Review of Strategic Plan - Nathan Cherpeski, City Manager
  
2.3.	  
Discuss Fiscal Year 2027 and 2028 Budgets for the Community Development and Renewal Area, Administrative Services Division, Administration Department, and Legislative Department - Kyle Maurer, Director of Finance and Administrative Services
  
2.4.	  
Review and discuss the selection and appointment process for a new Planning Commission Alternate Member - Michael Maloy, City Planner
  


2.5.	
Discussion Regarding a Proposed Rental Fee Schedule for Athletic Fields and the Herriman Community Center - Wendy Thomas, Assistant City Manager and Trevor Ram, Assistant to the City Manager
  
2.6.
	  
Update on Parks Department Fertilization Program - Anthony Teuscher, Deputy Director of Parks, Recreation and Events
  
2.7.	  
December 2025 City Status Report - Trevor Ram, Assistant to the City Manager
  
2.8.	  
Legislative Update - Todd Sheeran, City Attorney


3.	Adjournment



7:00 PM - GENERAL MEETING:


4.	Call to Order
  
4.1.	  
Invocation/Thought/Reading and Pledge of Allegiance
  
4.2.	  
City Council Comments and Recognitions
  
4.3.	  
Jordan School District presentation Chinese New Year Cultural Activities


5.	Public Comment
Audience members may bring any item within the City's purview to the City Council's attention. Comments will be limited to two minutes. State Law ",pmn,2026-06-15T14:00:27.326285Z,40.5164932,-112.0168329,haiku_pdf_address,0.55
pmn_1057507_item0,Herriman,City Council,2026-02-11,Quarterly Capital Projects Update,nan,0.9,INFRASTRUCTURE,City Engineer presentation on quarterly capital projects status and progress,,,,,,,PROPOSED,25,Routine infrastructure update; no specific project details provided in agenda,https://www.utah.gov/pmn/sitemap/notice/1057507.html,,pmn,2026-06-15T14:00:27.326282Z,,,,
pmn_1057507_item1,Herriman,City Council,2026-02-11,Mountain View Corridor Freeway Intersections - Betterments and City Signage Discussion,nan,0.9,INFRASTRUCTURE,Discussion regarding betterments and city signage for Mountain View Corridor Freeway intersections,Mountain View Corridor Freeway,,,,,,PROPOSED,35,Blake Thomas (Community Development Director) presenting; focus on freeway corridor improvements and signage coordination,https://www.utah.gov/pmn/sitemap/notice/1057507.html,,pmn,2026-06-15T14:00:27.326282Z,,,,
pmn_1060869_item0,Herriman,City Council,2026-02-25,Multi-tenant sign easement/encroachment permit for Mountain Point Retail development at 3512 W Maradona Drive,nan,0.9,COMMERCIAL_PROJECT,Review and discussion of a request for an easement or revocable encroachment permit to facilitate construction of a multi-tenant sign for the Mountain Point Retail development,"3512 W Maradona Drive, Herriman",,,,,,PROPOSED,25,This is a discussion item for a multi-tenant sign infrastructure element at an existing or planned retail development. The primary action is permitting an easement or encroachment for signage purposes.,https://www.utah.gov/pmn/sitemap/notice/1060869.html,,pmn,2026-06-15T14:00:27.326279Z,,,,
pmn_1064063_item0,Herriman,City Council,2026-03-11,Panorama Development off-site Juniper Crest landscaping improvement plans discussion,nan,0.9,DEVELOPER_ACTIVITY,City Council discussion of Panorama Development's off-site landscaping improvement plans for Juniper Crest,Juniper Crest,,,Panorama Development,,,PROPOSED,35,Off-site improvement discussion suggests active development project with landscape mitigation requirements,https://www.utah.gov/pmn/sitemap/notice/1064063.html,,pmn,2026-06-15T14:00:27.326276Z,,,,
pmn_1064063_item1,Herriman,City Council,2026-03-11,Salt Lake Community College Property Purchase Agreement,nan,0.9,DEVELOPER_ACTIVITY,City Council consideration of property purchase agreement with Salt Lake Community College,,,,Salt Lake Community College,,,PROPOSED,50,Educational institutional property acquisition; potential for future development or use,https://www.utah.gov/pmn/sitemap/notice/1064063.html,,pmn,2026-06-15T14:00:27.326276Z,,,,
pmn_1064159_item0,Herriman,Planning Commission,2026-03-18,POD 7 South Hills ARMDA subdivision plat - 108 residential units at 15590 S Mountain View Corridor,nan,0.9,NEW_SUBDIVISION,Preliminary approval of a subdivision plat for POD 7 within the South Hills Amended & Restated Master Planned Development Agreement (ARMDA). The plat contains 108 residential dwelling units on approximately 19.9 acres in the R-2-10 Multifamily Residential Zone.,"15590 S Mountain View Corridor, Herriman, Utah",19.9,108,"Leif Smith, Wasatch Commercial",R-2-10,,PROPOSED,75,"This is a preliminary plat approval for a phase within an existing master planned development (ARMDA). City File No: S2025-145. Public hearing scheduled for March 18, 2026.",https://www.utah.gov/pmn/sitemap/notice/1064159.html,,pmn,2026-06-15T14:00:27.325981Z,,,,
pmn_1064161_item0,Herriman,Planning Commission,2026-03-18,POD 16 South Hills ARMDA preliminary subdivision plat - 69 residential units at 15590 S Mountain View Corridor Highway,nan,0.9,NEW_SUBDIVISION,Review and consideration of approval for a preliminary subdivision plat for POD 16 within the South Hills Amended & Restated Master Planned Development Agreement. The plat contains 69 residential dwelling units on approximately 10.275 acres in the R-20-43 Multifamily Residential Zone.,"15590 S Mountain View Corridor Highway, Herriman, Utah",10.275,69,Wasatch Commercial,R-20-43,,PROPOSED,72,Part of larger South Hills Master Planned Development. Multifamily residential project. City File No: S2025-144. Property owner listed as Leif Smith.,https://www.utah.gov/pmn/sitemap/notice/1064161.html,,pmn,2026-06-15T14:00:27.325976Z,,,,
pmn_1064165_item0,Herriman,Planning Commission,2026-03-18,POD 17 South Hills ARMDA preliminary subdivision plat - 205 residential units at 15590 S Mountain View Corridor Highway,nan,0.9,NEW_SUBDIVISION,Preliminary subdivision plat approval for POD 17 within the South Hills Amended & Restated Master Planned Development Agreement (ARMDA). The plat contains 205 residential dwelling units on approximately 35.79 acres in an R-20-43 Multi-family Residential Zone.,"15590 S Mountain View Corridor Highway, Herriman, Utah",35.79,205,"Leif Smith, Wasatch Commercial",R-20-43,,PROPOSED,72,Part of larger South Hills ARMDA master planned development. City File No: S2025-143. Preliminary plat stage - final approval still required.,https://www.utah.gov/pmn/sitemap/notice/1064165.html,,pmn,2026-06-15T14:00:27.325978Z,,,,
pmn_1065867_item0,Herriman,Planning Commission,2026-03-18,South Hills POD 7 preliminary subdivision plat - 108 units at 15590 S Mountain View Corridor,nan,0.9,NEW_SUBDIVISION,Preliminary approval of a subdivision plat for POD 7 in the South Hills Amended & Restated Master Planned Development Agreement (ARMDA) containing 108 residential dwelling units in the R-2-10 Multifamily Residential Zone.,"15590 S Mountain View Corridor, Herriman, Utah",51.37,108,"Leif Smith, Wasatch Commercial",R-2-10,,PROPOSED,72,Part of South Hills ARMDA master planned development. Public hearing scheduled. City File No: S2025-145,https://www.utah.gov/pmn/sitemap/notice/1065867.html,,pmn,2026-06-15T14:00:27.325984Z,,,,
pmn_1065867_item1,Herriman,Planning Commission,2026-03-18,South Hills POD 16 preliminary subdivision plat,nan,0.9,NEW_SUBDIVISION,Review and consider approval of a preliminary subdivision plat for POD 16 in the South Hills Amended & Restated Master Planned Development Agreement (ARMDA).,,,,,,,PROPOSED,35,Agenda item text appears incomplete in source document. Part of South Hills ARMDA.,https://www.utah.gov/pmn/sitemap/notice/1065867.html,,pmn,2026-06-15T14:00:27.325984Z,,,,
pmn_1067623,Herriman,City Council,2026-03-25,Regular Session,nan,nan,,,,,,,,,PROPOSED,,,https://www.utah.gov/pmn/sitemap/notice/1067623.html,"CITY COUNCIL AGENDA

Wednesday, March 25, 2026

NOTICE IS HEREBY GIVEN that the Herriman City Council shall assemble for a 
meeting in the City Council Chambers, located at
5355 WEST HERRIMAN MAIN STREET, HERRIMAN, UTAH
 

5:30 PM - WORK MEETING: (Fort Herriman Conference Room)


1.	Council Business
  
1.1.	  
Review of this Evening's Agenda
  
1.2.	  
Future Agenda Items
  
1.3.	  
Council discussion of future citizen recognitions


2.	Administrative Reports
  
2.1.	  
Discussion of the department requested fiscal year 2027 and 2028 budgets for Public Safety (Police, Animal Services, Community Services, Emergency Management, and Crossing Guards) - Kyle Maurer, Director of Finance and Administrative Services
  
2.2.	  
City Status Report: February 2026 - Trevor Ram, Assistant to the City Manager


3.	Adjournment



7:00 PM - GENERAL MEETING:


4.	Call to Order
  
4.1.	  
Invocation/Thought/Reading and Pledge of Allegiance
  
4.2.	  
City Council Comments and Recognitions


5.	Public Comment
Audience members may bring any item within the City's purview to the City Council's attention. Comments will be limited to two minutes. State Law prohibits the Council from acting on items that do not appear on the agenda. Public comments for this meeting will also be conducted electronically. Any person interested in addressing the Council may submit a comment by emailing recorder@herriman.gov or by visiting Herriman.gov/agendas-and-minutes, where there is a link to fill out an online public comment form. Your statement will be incorporated into the public record.



6.	City Council Reports
  
6.1.	  
Councilmember Jared Henderson
  
6.2.	  
Councilmember Teddy Hodges
  
6.3.	  
Councilmember Matt Basham
  
6.4.	  
Councilmember Terrah Anderson


7.	Mayor Report


8.	Reports, Presentations and Appointments 
  
8.1.	  
UFA 2025 Annual Report - Division Chief Anthony Widdison


9.	Public Hearing
  
9.1",pmn,2026-06-15T14:00:27.326273Z,40.5164932,-112.0168329,haiku_pdf_address,0.70
pmn_1068943_item0,Herriman,Planning Commission,2026-04-01,Conditional Use Permit for Nickelmania at 3585 W Maradona Drive,nan,0.9,COMMERCIAL_PROJECT,"Review and approval of a Conditional Use Permit for Nickelmania, a commercial use in the C-2 Commercial Zone.",3585 W Maradona Drive,2.37,,"Guilford Rand, Architectural Coalition",C-2 Commercial,,PROPOSED,35,Administrative item requiring conditional use permit approval. File No: C2025-138,https://www.utah.gov/pmn/sitemap/notice/1068943.html,,pmn,2026-06-15T14:00:27.325973Z,,,,
pmn_1068943_item1,Herriman,Planning Commission,2026-04-01,General Plan Future Land Use Map Amendment from C2 Commercial to Mixed-Use Neighborhood Two at 15101 Mountain View Corridor Highway,nan,0.9,GENERAL_PLAN_AMENDMENT,Request to amend the General Plan Future Land Use Map from C2 Commercial to Mixed-Use Zone 'Neighborhood Two' for approximately 15.47 acres of property. Legislative item requiring City Council recommendation and decision.,15101 Mountain View Corridor Highway,15.47,,Edge Homes,C2 Commercial,Mixed-Use Zone 'Neighborhood Two',PROPOSED,72,Legislative item scheduled for City Council decision at next available meeting. File No: G2026-031. Significant acreage for mixed-use development by Edge Homes.,https://www.utah.gov/pmn/sitemap/notice/1068943.html,,pmn,2026-06-15T14:00:27.325973Z,,,,
pmn_1070259,Herriman,City Council,2026-04-08,Regular Session,nan,nan,,,,,,,,,PROPOSED,,,https://www.utah.gov/pmn/sitemap/notice/1070259.html,"CITY COUNCIL AGENDA

Wednesday, April 08, 2026

NOTICE IS HEREBY GIVEN that the Herriman City Council shall assemble for a 
meeting in the City Council Chambers, located at
5355 WEST HERRIMAN MAIN STREET, HERRIMAN, UTAH

5:30 PM - WORK MEETING: (Fort Herriman Conference Room)
1.	Council Business
1.1.	Review of this Evening's Agenda
1.2.	Future Agenda Items
1.3.	Council discussion of future citizen recognitions

2.	Closed Session
The Herriman City Council may temporarily recess the City Council work meeting to convene in a closed session to discuss the character, professional competence, or physical or mental health of an individual, pending or reasonable imminent litigation, and the purchase, exchange, or lease of real property, as provided by Utah Code Annotated §52-4-205

3.	Administrative Reports
3.1.	Additional Items for the City's Strategic Plan
3.2.	Discussion of the proposed Capital Improvement Plan (CIP) for fiscal years 2027 to 2036 - Kyle Maurer, Director of Finance and Administrative Services

4.	Adjournment

7:00 PM - GENERAL MEETING:

5.	Call to Order
5.1.	Invocation/Thought/Reading and Pledge of Allegiance
5.2.	City Council Comments and Recognitions

6.	Public Comment
Audience members may bring any item within the City's purview to the City Council's attention. Comments will be limited to two minutes. State Law prohibits the Council from acting on items that do not appear on the agenda. Public comments for this meeting will also be conducted electronically. Any person interested in addressing the Council may submit a comment by emailing recorder@herriman.gov or by visiting Herriman.gov/agendas-and-minutes, where there is a link to fill out an online public comment form. Your statement will be incorporated into the public record.

7.	City Council Reports
7.1.	Councilmember Jared Henderson
7.2.	Councilmember Teddy Hodges
7.3.	Councilmember Matt Basham
7.4.	Councilmember Terrah Anderson

8.	Mayor Report

9.	Consent ",pmn,2026-06-15T14:00:27.326270Z,40.5164932,-112.0168329,haiku_pdf_address,0.55
pmn_1071977_item0,Herriman,Planning Commission,2026-04-15,"Conditional Use Permit for SMPL MFG, LLC - Low-intensity manufacturing operation at 15897 S Axia Drive",nan,0.9,COMMERCIAL_PROJECT,"Review and approval of Conditional Use Permit for SMPL MFG, LLC, a low-intensity product formulation, packaging, and fulfillment operation conducted entirely within an enclosed building in the M-1 Manufacturing Zone.",15897 S Axia Drive,18.08,,"Axia Partners, LLC",M-1,,PROPOSED,35,"Conditional Use Permit application; low-intensity enclosed manufacturing operation; applicant is Judy Bodell representing Axia Partners, LLC; File No. C2026-044",https://www.utah.gov/pmn/sitemap/notice/1071977.html,,pmn,2026-06-15T14:00:27.325970Z,,,,
pmn_1071977_item1,Herriman,Planning Commission,2026-04-15,Conditional Use Permit for DIME Beauty - Manufacturing and fulfillment operation,nan,0.9,COMMERCIAL_PROJECT,"Review and approval of Conditional Use Permit for DIME Beauty, a direct-to-consumer company offering skincare, cosmetics, and fragrances, for manufacturing operations.",,,,DIME Beauty,,,PROPOSED,30,Conditional Use Permit application; item text appears truncated in source document,https://www.utah.gov/pmn/sitemap/notice/1071977.html,,pmn,2026-06-15T14:00:27.325970Z,,,,
pmn_1073489,Herriman,City Council,2026-04-22,Cancellation Notice,nan,nan,,,,,,,,,PROPOSED,,,https://www.utah.gov/pmn/sitemap/notice/1073489.html,"City Council Agenda 

Wednesday, April 22, 2026


NOTICE IS HEREBY GIVEN that the 
Herriman City Council Meeting scheduled for Wednesday, April 22, 2026, has been CANCELLED 


Please plan to join us for the next City Council meeting 
scheduled for Wednesday, May 13, 2026",pmn,2026-06-15T14:00:27.326267Z,,,,
pmn_1076839_item0,Herriman,Planning Commission,2026-05-06,Conditional Use Permit for 7-11 Convenience Store and Gas Station at 11833 S Teton Falls Lane,nan,0.9,COMMERCIAL_PROJECT,Review and approval of a conditional use permit for a 7-11 convenience store and gas station in the C-2 Commercial Zone,11833 S Teton Falls Lane,1.56,,"Elliott Smith, TerraForm Companies, LLC",C-2,,PROPOSED,35,File No: C2026-041. Convenience retail with fuel service in existing commercial zone.,https://www.utah.gov/pmn/sitemap/notice/1076839.html,,pmn,2026-06-15T14:00:27.325967Z,,,,
pmn_1076839_item1,Herriman,Planning Commission,2026-05-06,Conditional Use Permit to Relocate Transmission Lines and Utility Poles at Redwood Road and Porter Rockwell,nan,0.9,INFRASTRUCTURE,Review and approval of a conditional use permit to relocate existing transmission lines and four transmission utility poles,Corner of Redwood Road and Porter Rockwell,60,,"Brad Knoles, Rocky Mountain Power",,,PROPOSED,20,File No: C2026-051. Utility infrastructure relocation project.,https://www.utah.gov/pmn/sitemap/notice/1076839.html,,pmn,2026-06-15T14:00:27.325967Z,,,,
pmn_1076839_item2,Herriman,Planning Commission,2026-05-06,"Conditional Use Permit for Brazilian Jiu-Jitsu Gym at 14352 S Via Molvero Way, Suite D",nan,0.9,COMMERCIAL_PROJECT,Review and approval of a conditional use permit for a personal instruction service (Brazilian Jiu-Jitsu Gym) in the MU-2 Mixed Use Zone,"14352 S Via Molvero Way, Suite D",,,Bruno Lopes,MU-2,,PROPOSED,25,Personal instruction service in mixed-use zone. Applicant information incomplete in source document.,https://www.utah.gov/pmn/sitemap/notice/1076839.html,,pmn,2026-06-15T14:00:27.325967Z,,,,
pmn_1078749,Herriman,City Council,2026-05-13,Regular Session,nan,nan,,,,,,,,,PROPOSED,,,https://www.utah.gov/pmn/sitemap/notice/1078749.html,"CITY COUNCIL AGENDA

Wednesday, May 13, 2026

NOTICE IS HEREBY GIVEN that the Herriman City Council shall assemble for a 
meeting in the City Council Chambers, located at
5355 WEST HERRIMAN MAIN STREET, HERRIMAN, UTAH
 

5:30 PM - WORK MEETING: (Fort Herriman Conference Room)


1.	Council Business
  
1.1.	  
Review of this Evening's Agenda
  
1.2.	  
Future Agenda Items
  
1.3.	  
Council discussion of future citizen recognitions


2.	Administrative Reports
  
2.1.	  
City Status Report: March 2026 - Trevor Ram, Assistant to the City Manager
  
2.2.	  
2026 Drought Monitoring and Conservation Efforts - Justun Edwards, Public Works Director
  
2.3.	  
Quarterly Capital Project Report - Bryce Terry, City Engineer
  
2.4.	  
Discussion of proposed Community Development budgets for fiscal years 2027 and 2028; discussion of proposed personnel and compensation changes


3.	Adjournment



7:00 PM (or as soon as possible thereafter) - GENERAL MEETING:


4.	Call to Order
  
4.1.	  
Invocation/Thought/Reading and Pledge of Allegiance
  

4.2.	  
City Council Comments and Recognitions


5.	Public Comment
Audience members may bring any item within the City's purview to the City Council's attention. Comments will be limited to two minutes. State Law prohibits the Council from acting on items that do not appear on the agenda. Public comments for this meeting will also be conducted electronically. Any person interested in addressing the Council may submit a comment by emailing recorder@herriman.gov or by visiting Herriman.gov/agendas-and-minutes, where there is a link to fill out an online public comment form. Your statement will be incorporated into the public record.


6.	City Council Reports
  
6.1.	  
Councilmember Jared Henderson
  
6.2.	  
Councilmember Teddy Hodges
  
6.3.	  
Councilmember Matt Basham
  
6.4.	  
Councilmember Terrah Anderson


7.	Mayor Report


8.	Consent Agenda
  
8.1.	  
Appr",pmn,2026-06-15T14:00:27.326265Z,40.5164932,-112.0168329,haiku_pdf_address,0.70
pmn_1080795_item0,Herriman,Planning Commission,2026-05-20,Preliminary Subdivision Plat amendment for Ivie's Place Subdivision to create one new residential lot at 7411 W Hi Country Road,nan,0.9,NEW_SUBDIVISION,Request to approve a Preliminary Subdivision Plat to amend Lot 1 of Ivie's Place Subdivision and create one new residential lot in the A-1-10 Agricultural Zone with a zoning condition restricting density to two lots per acre.,"7411 W Hi Country Road, Herriman, Utah",0.311,1,Rodger Duke,A-1-10,,PROPOSED,15,Small lot subdivision in agricultural zone with density restriction of 2 lots per acre. City File No: S2025-071,https://www.utah.gov/pmn/sitemap/notice/1080795.html,,pmn,2026-06-15T14:00:27.325964Z,,,,
pmn_1080795_item1,Herriman,Planning Commission,2026-05-20,"Conditional Use Permit for 500,000-gallon water tank at 15506 S Spring Canyon Drive for The Cove at Herriman Springs PUD",nan,0.9,INFRASTRUCTURE,Request to approve a Conditional Use Permit to construct a one-half-million-gallon water tank in Water Zone 9 to provide culinary water supply for undeveloped portions of The Cove at Herriman Springs residential planned unit development.,"15506 S Spring Canyon Drive, Herriman, Utah",,,,,,PROPOSED,45,Infrastructure supporting larger residential PUD development. Applicant name truncated in document.,https://www.utah.gov/pmn/sitemap/notice/1080795.html,,pmn,2026-06-15T14:00:27.325964Z,,,,
pmn_1082927_item0,Herriman,City Council,2026-05-27,Development agreement for 17.95 acre mixed-use development at 3700 West 15000 South,nan,0.9,LARGE_PROJECT,Discussion and review of a new development agreement for a proposed mixed-use development on approximately 17.95 acres located at 3700 West 15000 South in Herriman. This item appears to be in preliminary discussion phase before formal action.,"3700 West 15000 South, Herriman, Utah",17.95,,,,,PROPOSED,72,Mixed-use development on significant acreage; project in discussion phase with Community Development Director presenting. Likely to advance to formal application and approval process.,https://www.utah.gov/pmn/sitemap/notice/1082927.html,,pmn,2026-06-15T14:00:27.326262Z,40.5369525,-112.0213058,nominatim,0.75
pmn_1084213_item0,Herriman,Planning Commission,2026-06-03,Conditional Use Permit for Daycare/Preschool Center at 14702 Marketplace Drive,nan,0.9,COMMERCIAL_PROJECT,"Review and approval of a Conditional Use Permit for a commercial daycare/preschool center in the C-2 Commercial Zone. Applicant is Academy Market Holdings, LLC (property owner Alex Dahlstrom).","14702 Marketplace Drive, Herriman, Utah",1.74,,"Academy Market Holdings, LLC",C-2,,PROPOSED,35,Administrative item under conditional use permit process. File No: C2026-070. Daycare/preschool is a permitted use requiring conditional use approval in C-2 zone.,https://www.utah.gov/pmn/sitemap/notice/1084213.html,,pmn,2026-06-15T14:00:27.325961Z,40.4832921,-111.985639,nominatim,0.75
pmn_1084213_item1,Herriman,Planning Commission,2026-06-03,Preliminary Subdivision Amendment for Mountain View Plaza at 5117 W Miller Crossing Drive,nan,0.9,NEW_SUBDIVISION,"Review and approval of a Preliminary Subdivision Amendment for Mountain View Plaza, a commercial subdivision located in the C-2 Commercial Zone. Applicant is Mountain View Plaza, LLC (property owner Aaron Osmond).","5117 W Miller Crossing Drive, Herriman, Utah",6.0,,"Mountain View Plaza, LLC",C-2,,PROPOSED,45,Preliminary subdivision amendment suggests modification to existing Mountain View Plaza subdivision. File No: S2026-056. Commercial subdivision in established C-2 zone.,https://www.utah.gov/pmn/sitemap/notice/1084213.html,,pmn,2026-06-15T14:00:27.325961Z,40.5291205,-112.0129526,nominatim,0.75
pmn_1087023_item0,Herriman,Planning Commission,2026-06-09,Variance request to reduce rear yard setback for single-family home at 14171 S Summit Top Lane,nan,0.9,DEVELOPER_ACTIVITY,Variance request to reduce minimum rear yard (building setback) from 20 feet 0 inches to 7 feet 9 inches to facilitate construction of a new single-family home in the A-1-10 Agricultural Single Family Zone.,14171 S Summit Top Lane,,1,Fairbanks Homes,A-1-10,,PROPOSED,15,Variance request only; no zone change. Single-family infill development with non-conforming setback requirement. City File No. V2026-080.,https://www.utah.gov/pmn/sitemap/notice/1087023.html,,pmn,2026-06-15T14:00:27.325957Z,,,,
pmn_1086499,Herriman,City Council,2026-06-10,Regular Session,nan,nan,,,,,,,,,PROPOSED,,,https://www.utah.gov/pmn/sitemap/notice/1086499.html,"CITY COUNCIL AGENDA

Wednesday, June 10, 2026

NOTICE IS HEREBY GIVEN that the Herriman City Council shall assemble for a 
meeting in the City Council Chambers, located at
5355 WEST HERRIMAN MAIN STREET, HERRIMAN, UTAH
 

5:30 PM - WORK MEETING: (Fort Herriman Conference Room)


1.	Council Business
  
1.1.	  
Review of this Evening's Agenda
  
1.2.	  
Future Agenda Items
  
1.3.	  
Council discussion of future citizen recognitions


2.	Administrative Reports
  
2.1.	  
City Status Report - May 2025 - Trevor Ram, Assistant to the City Manager


3.	Adjournment



7:00 PM - GENERAL MEETING:


4.	Call to Order
  
4.1.	  
Invocation/Thought/Reading and Pledge of Allegiance
  
4.2.	  
City Council Comments and Recognitions


5.	Public Comment
Audience members may bring any item within the City's purview to the City Council's attention. Comments will be limited to two minutes. State Law prohibits the Council from acting on items that do not appear on the agenda. Public comments for this meeting will also be conducted electronically. Any person interested in addressing the Council may submit a comment by emailing recorder@herriman.gov or by visiting Herriman.gov/agendas-and-minutes, where there is a link to fill out an online public comment form. Your statement will be incorporated into the public record.



6.	City Council Reports
  
6.1.	  
Councilmember Jared Henderson
  
6.2.	  
Councilmember Teddy Hodges
  
6.3.	  
Councilmember Matt Basham
  
6.4.	  
Councilmember Terrah Anderson


7.	Mayor Report


8.	Reports, Presentations and Appointments 
  
8.1.	  
Youth Council Legacy Project Presentation
  
8.2.	  
Fiscal year 2026 Office of the State Auditor's Fraud Risk Assessment - Kyle Maurer, Director of Finance and Administrative Services


9.	Public Hearing
  
9.1.	  
Public Hearing and consideration of an Ordinance fixing the compensation for the City of Herriman Elected Officials - Kyle Ma",pmn,2026-06-15T14:00:27.326257Z,40.5164932,-112.0168329,haiku_pdf_address,0.55
pmn_1071149_item0,Lehi,Planning Commission,2026-04-14,Spring Meadow Villas (PUD) Concept – 72-lot single family residential project at 1630 South 500 East,nan,0.9,NEW_SUBDIVISION,Windy City Development LLC requesting review of a 72-lot single family residential planned unit development (PUD) concept.,"1630 South 500 East, Lehi",,72,Windy City Development LLC,,,PROPOSED,75,PUD concept stage; 72 single-family lots indicate moderate residential infill development.,https://www.utah.gov/pmn/sitemap/notice/1071149.html,,pmn,2026-06-15T14:00:27.327816Z,40.3830738,-111.8415705,nominatim,0.75
pmn_1071149_item1,Lehi,Planning Commission,2026-04-14,Development Code Amendment – Table of Uses and Chapter 12 converting conditional uses to permitted uses,nan,0.9,GENERAL_PLAN_AMENDMENT,Lehi City requesting review of a Development Code Amendment to the Table of Uses and Chapter 12 to convert conditional uses to permitted uses based on preexisting supplementary requirements.,,,,Lehi City,,,PROPOSED,60,Code streamlining that may accelerate conditional use approvals city-wide.,https://www.utah.gov/pmn/sitemap/notice/1071149.html,,pmn,2026-06-15T14:00:27.327816Z,,,,
pmn_1071149_item2,Lehi,Planning Commission,2026-04-14,Development Code Amendment – Chapter 12 buffering and screening requirements for residential homes in non-residential zones,nan,0.9,GENERAL_PLAN_AMENDMENT,Lehi City requesting review of a Development Code Amendment to Chapter 12 to require buffering and screening requirements for existing residential homes in non-residential zones.,,,,Lehi City,,,PROPOSED,40,Protective code amendment for residential-nonresidential interface; likely addresses compatibility issues.,https://www.utah.gov/pmn/sitemap/notice/1071149.html,,pmn,2026-06-15T14:00:27.327816Z,,,,
pmn_1071149_item3,Lehi,Planning Commission,2026-04-14,Development Code Amendment – Table 05.030-B and Chapter 39 adding Flex Commercial Building use,nan,0.9,GENERAL_PLAN_AMENDMENT,X Development requesting approval of a Development Code Amendment to Table 05.030-B and Chapter 39 to add a Flex Commercial Building use to the code.,,,,X Development,,,PROPOSED,65,Addition of flex commercial building use category may enable light industrial/flex space development.,https://www.utah.gov/pmn/sitemap/notice/1071149.html,,pmn,2026-06-15T14:00:27.327816Z,,,,
pmn_1071149_item4,Lehi,Planning Commission,2026-04-14,General Plan Amendment – 7.1 acres at 2424 West 900 North from VLDRA to VLDR,nan,0.9,GENERAL_PLAN_AMENDMENT,Terry Bishop requesting a General Plan Amendment on 7.1 acres to change the future land use designation from Very-Low Density Residential Agriculture (VLDRA) to Very-Low Density Residential (VLDR).,"2424 West 900 North, Lehi",7.1,,Terry Bishop,,,PROPOSED,55,Removal of agriculture designation; positions land for residential development at very-low density.,https://www.utah.gov/pmn/sitemap/notice/1071149.html,,pmn,2026-06-15T14:00:27.327816Z,,,,
pmn_1071149_item5,Lehi,Planning Commission,2026-04-14,General Plan Amendment – 2.8 acres at 41 East 900 North from LDR to Mixed-Use,nan,0.9,GENERAL_PLAN_AMENDMENT,Georgetown Development requesting a General Plan Amendment on 2.8 acres to change the future land use designation from Low Density Residential (LDR) to Mixed-Use (MU).,"41 East 900 North, Lehi",2.8,,Georgetown Development,,,PROPOSED,70,Upgrade to mixed-use designation signals commercial/residential opportunity; smaller acreage but higher intensity.,https://www.utah.gov/pmn/sitemap/notice/1071149.html,,pmn,2026-06-15T14:00:27.327816Z,,,,
pmn_1074945_item0,Lehi,Planning Commission,2026-04-23,Golden West Advertising pylon sign conditional use for Smith's at 3808 West Hardman Way,signage,0.9,,Conditional use approval request for a pylon sign for Smith's grocery store,3808 West Hardman Way,,,Golden West Advertising,,,TABLED,5,"Tabled from March 12, 2026 meeting",https://www.utah.gov/pmn/sitemap/notice/1074945.html,,pmn,2026-06-15T14:00:27.327813Z,40.4103954,-111.9045151,nominatim,0.75
pmn_1074945_item1,Lehi,Planning Commission,2026-04-23,Holden Rockwell conditional use for Skull Valley Plat B Flag Lot at 208 East 200 South,nan,0.9,DEVELOPER_ACTIVITY,Conditional use approval request for flag lot development,208 East 200 South,,,Holden Rockwell,,,PROPOSED,35,,https://www.utah.gov/pmn/sitemap/notice/1074945.html,,pmn,2026-06-15T14:00:27.327813Z,40.3854251,-111.8455975,nominatim,0.75
pmn_1074945_item2,Lehi,Planning Commission,2026-04-23,Perry Homes Bull River Road preliminary subdivision with 3 single family lots at 425 West Bull River Road,nan,0.9,NEW_SUBDIVISION,Preliminary subdivision approval for 3 single family residential lots in R-1-10 zone,425 West Bull River Road,,3,Perry Homes,R-1-10,,PROPOSED,45,,https://www.utah.gov/pmn/sitemap/notice/1074945.html,,pmn,2026-06-15T14:00:27.327813Z,40.4316772,-111.8532635,nominatim,0.75
pmn_1074945_item3,Lehi,Planning Commission,2026-04-23,Perry Commercial Traverse Mountain Area Plan amendment concept review relocating units,nan,0.9,GENERAL_PLAN_AMENDMENT,Concept review for amendment to Traverse Mountain Area Plan moving units out of West Canyon and adding them to locations near Timpanogos Highway,Traverse Mountain Area,,,Perry Commercial,,,PROPOSED,65,Units being redistributed within area plan,https://www.utah.gov/pmn/sitemap/notice/1074945.html,,pmn,2026-06-15T14:00:27.327813Z,,,,
pmn_1074945_item4,Lehi,Planning Commission,2026-04-23,Greene zone change from A-1 to R-1-22 on 1.57 acres at 2001 West 1500 North,nan,0.9,REZONE,Zone change request from agricultural (A-1) to residential (R-1-22) for 1.57 acres,2001 West 1500 North,1.57,,Mike Greene,A-1,R-1-22,PROPOSED,55,,https://www.utah.gov/pmn/sitemap/notice/1074945.html,,pmn,2026-06-15T14:00:27.327813Z,40.4058511,-111.8843098,nominatim,0.75
pmn_1074945_item5,Lehi,Planning Commission,2026-04-23,Jeffrey White conditional use for detached ADU conversion at 1420 North 4200 West,nan,0.9,DEVELOPER_ACTIVITY,Conditional use approval for conversion of existing accessory building into detached ADU (accessory dwelling unit),1420 North 4200 West,,1,Jeffrey White,,,PROPOSED,25,,https://www.utah.gov/pmn/sitemap/notice/1074945.html,,pmn,2026-06-15T14:00:27.327813Z,40.4216106,-111.9163749,nominatim,0.75
pmn_1074945_item6,Lehi,Planning Commission,2026-04-23,Symphony Development preliminary subdivision review for Heritage Meadows 14-lot residential update,nan,0.9,NEW_SUBDIVISION,Preliminary subdivision review for updated Heritage Meadows residential development now comprising 14 lots,,,14,Symphony Development,,,PROPOSED,50,Update to existing development plan,https://www.utah.gov/pmn/sitemap/notice/1074945.html,,pmn,2026-06-15T14:00:27.327813Z,,,,
pmn_1071783_item0,Lehi,Planning Commission,2026-04-26,"Golden West Advertising conditional use approval for pylon sign at Smith's, 3808 West Hardman Way",signage,0.9,,Golden West Advertising requesting conditional use approval for a pylon sign at Smith's location. Item tabled from March 12th meeting.,3808 West Hardman Way,,,Golden West Advertising,,,TABLED,5,Signage-only permit; previously tabled,https://www.utah.gov/pmn/sitemap/notice/1071783.html,,pmn,2026-06-15T14:00:27.327807Z,,,,
pmn_1071783_item1,Lehi,Planning Commission,2026-04-26,Dan Beavers LifeTime Fitness site plan exception for EIFS/stucco at 240 East Traverse Terrace Drive,nan,0.9,COMMERCIAL_PROJECT,LifeTime Fitness requesting site plan exception to exceed the 40% maximum EIFS/stucco requirement for building materials.,240 East Traverse Terrace Drive,,,Dan Beavers,,,TABLED,15,LifeTime Fitness facility; previously tabled from March 26th meeting,https://www.utah.gov/pmn/sitemap/notice/1071783.html,,pmn,2026-06-15T14:00:27.327807Z,,,,
pmn_1071783_item2,Lehi,Planning Commission,2026-04-26,Mike Greene zone change from A-1 to R-1-22 on 1.57 acres at 2001 West 1500 North,nan,0.9,REZONE,Zone change request on 1.57 acres from Agricultural (A-1) to Residential (R-1-22) zoning classification.,2001 West 1500 North,1.57,,Mike Greene,A-1,R-1-22,PROPOSED,55,Agricultural to residential rezoning; modest acreage suggests potential for small residential subdivision,https://www.utah.gov/pmn/sitemap/notice/1071783.html,,pmn,2026-06-15T14:00:27.327807Z,40.5581749,-112.3120736,nominatim,0.75
pmn_1071783_item3,Lehi,Planning Commission,2026-04-26,Jeffrey White conditional use approval for detached ADU conversion at 1420 North 4200 West,nan,0.9,,Conditional use approval request for conversion of an existing accessory building into a detached accessory dwelling unit (ADU).,1420 North 4200 West,,1,Jeffrey White,,,PROPOSED,10,ADU conversion from existing accessory structure,https://www.utah.gov/pmn/sitemap/notice/1071783.html,,pmn,2026-06-15T14:00:27.327807Z,,,,
pmn_1071783_item4,Lehi,Planning Commission,2026-04-26,Perry Commercial concept amendment to Traverse Mountain Area Plan redistributing units from West Canyon to Timpanogos Highway areas,nan,0.9,GENERAL_PLAN_AMENDMENT,Concept amendment request to the Traverse Mountain Area Plan to move residential units out of West Canyon area and add them to locations near Timpanogos Highway.,Traverse Mountain area,,,Perry Commercial,,,PROPOSED,60,Area plan amendment affecting unit distribution across planning area; signals potential major development activity,https://www.utah.gov/pmn/sitemap/notice/1071783.html,,pmn,2026-06-15T14:00:27.327807Z,,,,
pmn_1071783_item5,Lehi,Planning Commission,2026-04-26,Symphony Development preliminary subdivision approval for Heritage Meadows 14-lot residential development at 1250 West 800 North,nan,0.9,NEW_SUBDIVISION,"Preliminary subdivision approval for Heritage Meadows update, a 14-lot residential development.",1250 West 800 North,,14,Symphony Development,,,PROPOSED,45,14-lot residential plat; preliminary approval stage,https://www.utah.gov/pmn/sitemap/notice/1071783.html,,pmn,2026-06-15T14:00:27.327807Z,,,,
pmn_1071783_item6,Lehi,Planning Commission,2026-04-26,Holden Rockwell conditional use approval for Skull Valley Plat B Flag Lot at 208 East 200 South,nan,0.9,,"Conditional use approval request for Skull Valley Plat B Flag Lot, a non-standard lot configuration.",208 East 200 South,,,Holden Rockwell,,,PROPOSED,20,Flag lot conditional use; irregular lot configuration,https://www.utah.gov/pmn/sitemap/notice/1071783.html,,pmn,2026-06-15T14:00:27.327807Z,40.3854251,-111.8455975,nominatim,0.75
pmn_1078335_item0,Lehi,Planning Commission,2026-05-07,Discussion of creating an Environmental Sensitive Area (ESA) chapter in the Development Code,nan,0.9,GENERAL_PLAN_AMENDMENT,Planning Commission discussion regarding the creation of a new Environmental Sensitive Area (ESA) chapter to be added to the city's Development Code. This appears to be a code amendment and policy development item.,,,,,,,PROPOSED,25,This is a development code amendment discussion that would establish standards for Environmental Sensitive Areas. Relevant to developers as it may affect future project feasibility in environmentally sensitive zones.,https://www.utah.gov/pmn/sitemap/notice/1078335.html,,pmn,2026-06-15T14:00:27.327804Z,,,,
pmn_1078137,Lehi,City Council,2026-05-11,Lehi City Council Work Session Agenda,nan,nan,,,,,,,,,PROPOSED,,,https://www.utah.gov/pmn/sitemap/notice/1078137.html,"Lehi City Council Meeting
Agenda
May 11, 2026
12:00 PM - Lehi Civic Center, Council Chambers (131 N. 100 E., Lehi, Utah)
I. Lunch, Welcome and Opening Comment
II. Discussion Items
A. Discussion of the Electric Cost of Service and Rate Design Study Lehi Draft Report May 4.pdf
B. Continue with Budget Review Discussions
1. Power Department
2. Fiber Department
3. Development Services (Building Inspections)
4. Economic Development
5. Streets
6. Engineering
7. Water/PI/Sewer/Drainage
8. Fleet
9. Recreation
10. Non-Departmental
C. Discuss any Revisions to the Budget
III. Adjournment",pmn,2026-06-15T14:00:27.327660Z,40.4213651,-111.8480146,haiku_pdf_address,0.55
pmn_1076371_item0,Lehi,City Council,2026-05-12,Lehi City FY2027 Budget and Consolidated Fee Schedule adoption,nan,0.9,,Public hearing for adoption of Lehi City's fiscal year 2027 budget and consolidated fee schedule,"131 N 100 E, Lehi, Utah",,,,,,PROPOSED,0,Municipal budget hearing; may affect development fees and timelines,https://www.utah.gov/pmn/sitemap/notice/1076371.html,,pmn,2026-06-15T14:00:27.327616Z,40.4213651,-111.8480146,nominatim,0.75
pmn_1076379_item0,Lehi,City Council,2026-05-12,Disposition of 4-acre city property at 535 South Mill Pond Drive,nan,0.9,DEVELOPER_ACTIVITY,Lehi City Council public hearing to consider the sale of approximately 4 acres of city-owned real property located at 535 South Mill Pond Drive. No development project specified; this is a property disposition action.,"535 South Mill Pond Drive, Lehi",4,,,,,PROPOSED,35,"City-initiated property sale. Outcome depends on buyer and intended use. No applicant or developer named. Hearing scheduled for May 12, 2026 at 7:00 p.m.",https://www.utah.gov/pmn/sitemap/notice/1076379.html,,pmn,2026-06-15T14:00:27.327613Z,,,,
pmn_1080311_item0,Lehi,Planning Commission,2026-05-14,Symphony Development preliminary subdivision review of Heritage Meadows update - 15-lot residential development at 1250 West 800 North,nan,0.9,NEW_SUBDIVISION,"Public hearing and recommendation on Symphony Development's request for preliminary subdivision review of an updated Heritage Meadows project, a 15-lot residential development with density in lieu for connectivity. Item was tabled from April 23, 2026 meeting.","1250 West 800 North, Lehi, UT",,15,Symphony Development,,,CONTINUED,65,Density in lieu provision for connectivity suggests mixed-use or walkable design component. Tabled item indicates prior discussion or conditions to be addressed.,https://www.utah.gov/pmn/sitemap/notice/1080311.html,,pmn,2026-06-15T14:00:27.327802Z,40.3973135,-111.8676547,nominatim,0.75
pmn_1080311_item1,Lehi,Planning Commission,2026-05-14,Michael Southwick preliminary subdivision approval of Southwick Estates Plat A - 2-lot residential development at 477 North 200 West,nan,0.9,NEW_SUBDIVISION,"Public hearing and consideration of Michael Southwick's request for preliminary subdivision approval of Southwick Estates Plat A, a 2-lot residential development.","477 North 200 West, Lehi, UT",,2,Michael Southwick,,,PROPOSED,15,"Small residential plat, likely infill or minor subdivision.",https://www.utah.gov/pmn/sitemap/notice/1080311.html,,pmn,2026-06-15T14:00:27.327802Z,40.3933186,-111.8528726,nominatim,0.75
pmn_1080311_item2,Lehi,Planning Commission,2026-05-14,Gardner plat amendment to View 21 East Plat Amendment - lot split at 3543 West 1940 North,nan,0.9,NEW_SUBDIVISION,"Public hearing and consideration of Gardner's request for a plat amendment to View 21 East Plat Amendment, splitting one lot into two.","3543 West 1940 North, Lehi, UT",,,Gardner,,,PROPOSED,20,"Plat amendment involving lot split, likely minor residential modification.",https://www.utah.gov/pmn/sitemap/notice/1080311.html,,pmn,2026-06-15T14:00:27.327802Z,40.4114095,-111.904482,nominatim,0.75
pmn_1080311_item3,Lehi,Planning Commission,2026-05-14,Grow Development plat amendment to Gardner Point Phase 1 Parcel H - additional lot at 3625 West 1500 North,nan,0.9,NEW_SUBDIVISION,"Public hearing and consideration of Grow Development's request for a plat amendment to the Gardner Point Phase 1 Parcel H Plat Amendment, adding an additional lot.","3625 West 1500 North, Lehi, UT",,,Grow Development,,,PROPOSED,25,"Plat amendment adding a lot to established Gardner Point Phase 1 development, part of phased project.",https://www.utah.gov/pmn/sitemap/notice/1080311.html,,pmn,2026-06-15T14:00:27.327802Z,40.4059935,-111.9034987,nominatim,0.75
pmn_1076755_item0,Lehi,Planning Commission,2026-05-14,"Symphony Development preliminary subdivision review update to Heritage Meadows, 15-lot residential development at 1250 West 800 North",nan,0.9,NEW_SUBDIVISION,"Preliminary subdivision review of an update to Heritage Meadows, a 15-lot residential development with density in lieu for connectivity provisions","1250 West 800 North, Lehi, UT",,15,Symphony Development,,,PROPOSED,65,Includes density in lieu for connectivity; update to existing project,https://www.utah.gov/pmn/sitemap/notice/1076755.html,,pmn,2026-06-15T14:00:27.327799Z,40.3972962,-111.8737423,nominatim,0.75
pmn_1076755_item1,Lehi,Planning Commission,2026-05-14,"Michael Southwick preliminary subdivision approval of Southwick Estates Plat A, 2-lot residential development at 477 North 200 West",nan,0.9,NEW_SUBDIVISION,"Preliminary subdivision approval for Southwick Estates Plat A, a 2-lot residential development","477 North 200 West, Lehi, UT",,2,Michael Southwick,,,PROPOSED,20,,https://www.utah.gov/pmn/sitemap/notice/1076755.html,,pmn,2026-06-15T14:00:27.327799Z,40.5400908,-112.3044697,nominatim,0.75
pmn_1076755_item2,Lehi,Planning Commission,2026-05-14,"Gardner plat amendment to View 21 East, splitting one lot into two at 1940 North 3600 West",nan,0.9,NEW_SUBDIVISION,"Plat amendment to the View 21 East Plat Amendment, splitting one existing lot into two lots","1940 North 3600 West, Lehi, UT",,,Gardner,,,PROPOSED,25,Lot split; plat amendment,https://www.utah.gov/pmn/sitemap/notice/1076755.html,,pmn,2026-06-15T14:00:27.327799Z,40.4189962,-111.906951,nominatim,0.75
pmn_1076755_item3,Lehi,Planning Commission,2026-05-14,"Grow Development plat amendment to Gardner Point Phase 1 Parcel H, adding additional lot at 3625 West 1500 North",nan,0.9,NEW_SUBDIVISION,"Plat amendment to the Gardner Point Phase 1 Parcel H Plat Amendment, adding an additional lot","3625 West 1500 North, Lehi, UT",,,Grow Development,,,PROPOSED,30,Lot addition via plat amendment; phase 1 development,https://www.utah.gov/pmn/sitemap/notice/1076755.html,,pmn,2026-06-15T14:00:27.327799Z,40.5581749,-112.3120736,nominatim,0.75
pmn_1082307_item0,Lehi,City Council,2026-05-20,Impact Fee Facilities Plan and Analysis for Public Safety,nan,0.9,INFRASTRUCTURE,Lehi City is preparing an Impact Fee Facilities Plan and Impact Fee Analysis for the provision of public safety services and facilities.,,,,,,,PROPOSED,35,This is a planning-level infrastructure study related to public safety impact fees. May affect future development impact fee requirements in Lehi City.,https://www.utah.gov/pmn/sitemap/notice/1082307.html,,pmn,2026-06-15T14:00:27.327610Z,,,,
pmn_1082291_item0,Lehi,City Council,2026-05-26,Life Safety Signage Ordinance Discussion,signage,0.9,,"Discussion of a proposed Life Safety Signage Ordinance by the Fire Department. This appears to be a code amendment discussion item, not a specific development project.",,,,,,,PROPOSED,0,Fire Department initiated ordinance discussion; life safety focus indicates public safety code amendment rather than commercial signage approval,https://www.utah.gov/pmn/sitemap/notice/1082291.html,,pmn,2026-06-15T14:00:27.327608Z,,,,
pmn_1082291_item1,Lehi,City Council,2026-05-26,Neighborhood Exchange Structures Ordinance Discussion,nan,0.9,,"Parks and Facilities Department discussion of a proposed Neighborhood Exchange Structures Ordinance, likely relating to code standards for neighborhood structures.",,,,,,,PROPOSED,0,Working discussion item; relates to development standards (Chapter 12 referenced),https://www.utah.gov/pmn/sitemap/notice/1082291.html,,pmn,2026-06-15T14:00:27.327608Z,,,,
pmn_1082291_item2,Lehi,City Council,2026-05-26,Engineering Services Agreement for Pony Express Parkway Infrastructure,nan,0.9,INFRASTRUCTURE,Consideration of Resolution #2026-36 approving an agreement with Wilson and Company for Engineering Services related to Pony Express Parkway infrastructure project.,Pony Express Parkway,,,Wilson and Company,,,PROPOSED,35,Agenda item appears truncated; engineering services contract for major corridor project,https://www.utah.gov/pmn/sitemap/notice/1082291.html,,pmn,2026-06-15T14:00:27.327608Z,,,,
pmn_1082295,Lehi,City Council,2026-05-26,Public Hearing Notice for Executive Municipal Officers Compensation Increases,nan,nan,,,,,,,,,PROPOSED,,,https://www.utah.gov/pmn/sitemap/notice/1082295.html,"PUBLIC NOTICE

LEHI CITY 
PUBLIC HEARING


Notice is hereby given that the Lehi City Council will conduct a public hearing on Tuesday, May 26, 2026, which begins at 7:00 p.m. at the Lehi City Council Chambers located at 131 N 100 E, Lehi, Utah, for the purpose of receiving input regarding the FY2027 Executive Municipal Officers Compensation Increases. Public comment is invited.",pmn,2026-06-15T14:00:27.327604Z,40.4213651,-111.8480146,haiku_pdf_address,0.55
pmn_1083851_item0,Lehi,Planning Commission,2026-05-27,Bishop Development Agreement review to increase subdivision lots to 13 on 7-acre parcel at 2424 West 900 North,nan,0.9,NEW_SUBDIVISION,Public hearing and consideration of Terry Bishop's request to review and approve a development agreement allowing an increase in the number of lots within an existing subdivision from an unstated current number to 13 lots on a 7-acre parcel.,"2424 West 900 North, Lehi, UT",7,13,Terry Bishop,,,PROPOSED,72,Development agreement amendment; existing subdivision being modified to add lots. Public hearing indicates this requires planning commission recommendation or approval.,https://www.utah.gov/pmn/sitemap/notice/1083851.html,,pmn,2026-06-15T14:00:27.327796Z,40.3987621,-111.8883871,nominatim,0.75
pmn_1083851_item1,Lehi,Planning Commission,2026-05-27,Amendment to Lehi City Development Code Chapter 35 regarding Community Forestry and migratory bird protections,nan,0.9,,Public hearing and recommendation of Lehi City's request to amend Chapter 35 of the Development Code to add requirements for trees affected by migratory birds and to clarify the City's recommended public tree planting list.,,,,,,,PROPOSED,15,Code amendment regarding environmental/conservation standards for trees and bird habitat; affects future development standards but is not a specific project.,https://www.utah.gov/pmn/sitemap/notice/1083851.html,,pmn,2026-06-15T14:00:27.327796Z,,,,
pmn_1083851_item2,Lehi,Planning Commission,2026-05-27,Amendment to Lehi City Development Code Chapter 26 updating Detached Accessory Dwelling Unit (DADU) requirements to comply with 2026 State Legislation,nan,0.9,,Public hearing and recommendation of Lehi City's request to amend Chapter 26 (Accessory Uses) of the Development Code to update requirements for Detached Accessory Dwelling Units to align with 2026 State Legislation.,,,,,,,PROPOSED,35,State-mandated code update to enable ADUs; affects regulatory environment for residential infill development and density opportunities across the city.,https://www.utah.gov/pmn/sitemap/notice/1083851.html,,pmn,2026-06-15T14:00:27.327796Z,,,,
pmn_1080695_item0,Lehi,Planning Commission,2026-05-28,Bishop Development Agreement review to increase subdivision lots to 13 on 7-acre parcel at 2424 West 900 North,nan,0.9,NEW_SUBDIVISION,Terry Bishop requests review of Development Agreement to increase the number of lots in a subdivision from an unspecified current number to 13 lots on a 7-acre parcel.,2424 West 900 North,7,13,Terry Bishop,,,PROPOSED,72,"Public hearing scheduled for May 28, 2026. Development agreement modification allowing lot count increase; density approximately 1.86 units per acre suggests potential single-family residential development.",https://www.utah.gov/pmn/sitemap/notice/1080695.html,,pmn,2026-06-15T14:00:27.327794Z,,,,
pmn_1080695_item1,Lehi,Planning Commission,2026-05-28,Development Code Chapter 35 amendment - Urban Forestry requirements for migratory birds and public tree planting list,nan,0.9,GENERAL_PLAN_AMENDMENT,"Lehi City requests review and recommendation of amendments to Chapter 35 of the Development Code regarding Urban Forestry, adding requirements for trees affected by migratory birds and clarifying the City's recommended public tree planting list.",,,,,,,PROPOSED,15,Code amendment with environmental focus; may impact tree removal/preservation requirements for future development projects.,https://www.utah.gov/pmn/sitemap/notice/1080695.html,,pmn,2026-06-15T14:00:27.327794Z,,,,
pmn_1080695_item2,Lehi,Planning Commission,2026-05-28,Development Code Chapter 26 amendment - Detached Accessory Dwelling Units (DADUs) to comply with 2026 State Legislation,nan,0.9,GENERAL_PLAN_AMENDMENT,"Lehi City requests review and recommendation of amendments to Chapter 26 of the Development Code, Accessory Uses, updating requirements for Detached Accessory Dwelling Units (DADUs) to meet 2026 State Legislation requirements.",,,,,,,PROPOSED,45,State-mandated code update likely expanding or clarifying DADU development allowances; impacts residential infill potential across all residential zones.,https://www.utah.gov/pmn/sitemap/notice/1080695.html,,pmn,2026-06-15T14:00:27.327794Z,,,,
pmn_1087261_item0,Lehi,City Council,2026-06-09,Mixed Use Standards and Transit Oriented Development Zone District Requirements Discussion,nan,0.9,GENERAL_PLAN_AMENDMENT,Working discussion item regarding amendments to Community Development Chapter 38 related to Transit Oriented Development Zone and addition of Mixed Use District Requirements,,,,,,Mixed Use District (proposed requirements),PROPOSED,65,This is a policy-level discussion on updating zoning standards for mixed-use and transit-oriented development. Indicates city is positioning for TOD projects and mixed-use development.,https://www.utah.gov/pmn/sitemap/notice/1087261.html,,pmn,2026-06-15T14:00:27.327602Z,,,,
pmn_1082329,Lehi,City Council,2026-06-09,Lehi City Notice of Public Hearing FY 2026 Budget Amendment,nan,nan,,,,,,,,,PROPOSED,,,https://www.utah.gov/pmn/sitemap/notice/1082329.html,"LEHI CITY NOTICE OF PUBLIC HEARING

 FY2026 BUDGET AMENDMENT
 

Notice is hereby given that the Lehi City Council will conduct a public hearing on Tuesday, June 9, 2026, which begins at 7:00 p.m., at the Lehi City Council Chambers located at 131 N. 100 E., Lehi, Utah, for the purpose of receiving input regarding an amendment to the Lehi City FY2026 Budget.

Dated this 20th day of May, 2026.",pmn,2026-06-15T14:00:27.327599Z,40.4213651,-111.8480146,haiku_pdf_address,0.55
pmn_1082333,Lehi,City Council,2026-06-09,Lehi City Notice of Public Hearing- Fee Schedule Amendment Power,nan,nan,,,,,,,,,PROPOSED,,,https://www.utah.gov/pmn/sitemap/notice/1082333.html,"LEHI CITY NOTICE OF PUBLIC HEARING
FEE SCHEDULE AMENDMENT 

Notice is hereby given that the Lehi City Council will conduct a public hearing on Tuesday, June 9, 2026, which begins at 7:00 p.m., in the Council Chambers at 153 N 100 E, Lehi, UT  84043, for the purpose of receiving input from the public regarding and amendment to the Lehi City FY2027 Consolidated Fee Schedule for Power Fees.

Dated this 20th day of May, 2026.",pmn,2026-06-15T14:00:27.327596Z,40.4213651,-111.8480146,haiku_pdf_address,0.70
pmn_1085509,Lehi,City Council,2026-06-09,NOTICE OF PUBLIC HEARING FOR ELECTED OFFICERS COMPENSATION,nan,nan,,,,,,,,,PROPOSED,,,https://www.utah.gov/pmn/sitemap/notice/1085509.html,"Notice is hereby given that the Lehi City Council will conduct a public hearing on Tuesday, June 9, 2026, which begins at 7:00 p.m., at the Lehi City Council Chambers located at 131 N. 100 E., Lehi, Utah, for the purpose of receiving input regarding the FY 2027 compensation for Elected Officials.",pmn,2026-06-15T14:00:27.327589Z,40.3881114,-111.8486019,haiku_pdf_address,0.55
pmn_1085283,Lehi,City Council,2026-06-09,Notice of Public Hearing for Executive Officers Compensation Increases,nan,nan,,,,,,,,,PROPOSED,,,https://www.utah.gov/pmn/sitemap/notice/1085283.html,"LEHI CITY PUBLIC NOTICE

PUBLIC HEARING FOR EXECUTIVE OFFICERS 
COMPENSATION INCREASES


Notice is hereby given that the Lehi City Council will conduct a public hearing on Tuesday, June 9, 2026, which begins at 7:00 p.m. at the Lehi City Council Chambers located at 131 N 100 E, Lehi, Utah, for the purpose of receiving input regarding the FY2027 Executive Municipal Officers Compensation Increases. Public comments are invited.


Dated this 1st day of June, 2026.

CITY OF LEHI, UTAH",pmn,2026-06-15T14:00:27.327593Z,40.4213651,-111.8480146,haiku_pdf_address,0.55
pmn_1087839_item0,Lehi,Planning Commission,2026-06-11,"Prestwich Zone Change - 2004 North 900 West, 1.09 acres, RA-1 to R-2",nan,0.9,REZONE,TN Contracting LLC requesting zone change from RA-1 (Agricultural Residential) to R-2 (Residential) for 1.09-acre parcel,"2004 North 900 West, Lehi",1.09,,TN Contracting LLC,RA-1,R-2,PROPOSED,45,"Small residential rezone, likely enabling single-family or duplex development",https://www.utah.gov/pmn/sitemap/notice/1087839.html,,pmn,2026-06-15T14:00:27.327788Z,,,,
pmn_1087839_item1,Lehi,Planning Commission,2026-06-11,The Collective - Two Pylon Signs with Height and Area Exceptions,signage,0.9,,Trademark Visual requesting conditional use approval for two pylon signs at The Collective commercial development with exceptions to height and sign area requirements,"1050 West Sunrise Way, Lehi",,,Trademark Visual,,,PROPOSED,10,Sign-only approval request; underlying commercial development appears pre-approved,https://www.utah.gov/pmn/sitemap/notice/1087839.html,,pmn,2026-06-15T14:00:27.327788Z,,,,
pmn_1087839_item2,Lehi,Planning Commission,2026-06-11,Cortese Preliminary Subdivision - 8-lot residential development at 1450 West 1220 North,nan,0.9,NEW_SUBDIVISION,Grow Development requesting approval of preliminary plat for 8-lot residential subdivision in R-1-22 zone,"1450 West 1220 North, Lehi",,8,Grow Development,,,PROPOSED,55,8-lot subdivision indicates modest infill development; R-1-22 zoning suggests larger lot single-family product,https://www.utah.gov/pmn/sitemap/notice/1087839.html,,pmn,2026-06-15T14:00:27.327788Z,,,,
pmn_1087839_item3,Lehi,Planning Commission,2026-06-11,"Walker Zone Change - 915 West State Street, 2.58 acres, R-1-8 to C-H",nan,0.9,REZONE,Deborah Walker requesting zone change from R-1-8 (Residential) to C-H (Heavy Commercial) for 2.58-acre parcel on State Street corridor,"915 West State Street, Lehi",2.58,,Deborah Walker,R-1-8,C-H,PROPOSED,65,Residential to heavy commercial rezone on State Street corridor indicates significant commercial development potential; corridor location is strategic,https://www.utah.gov/pmn/sitemap/notice/1087839.html,,pmn,2026-06-15T14:00:27.327788Z,,,,
pmn_1087839_item4,Lehi,Planning Commission,2026-06-11,Thanksgiving Point Science Center Site Plan with Exceptions,nan,0.9,COMMERCIAL_PROJECT,"Thanksgiving Point requesting approval of Science Center site plan with exceptions to EIFS materials, glass, and setback requirements","2356 West Wheatley Lane, Lehi",,,Thanksgiving Point,,,PROPOSED,70,Institutional/museum use with design exceptions; Thanksgiving Point is anchor entertainment/education tenant for Lehi,https://www.utah.gov/pmn/sitemap/notice/1087839.html,,pmn,2026-06-15T14:00:27.327788Z,,,,
pmn_1087839_item5,Lehi,Planning Commission,2026-06-11,Development Code Amendment - Automobile Sales Business Regulations,nan,0.9,,Lehi City reviewing development code amendment to Tables 05.030-B and Section 12.130 to update regulations governing automobile sales businesses,,,,,,,PROPOSED,25,Code clarification for auto sales use; likely responding to specific applicant or policy gap,https://www.utah.gov/pmn/sitemap/notice/1087839.html,,pmn,2026-06-15T14:00:27.327788Z,,,,
pmn_1087839_item6,Lehi,Planning Commission,2026-06-11,Development Code Amendment - Neighborhood Exchange Structure Use,nan,0.9,,"Lehi City reviewing development code amendment to Chapter 12, Chapter 39, Table 05.030A, and Table 05.030B adding Neighborhood Exchange Structure as a new use category",,,,,,,PROPOSED,30,"New use type (possibly community marketplace, shared retail, or exchange use); requires broad code updates across multiple tables and chapters",https://www.utah.gov/pmn/sitemap/notice/1087839.html,,pmn,2026-06-15T14:00:27.327788Z,,,,
pmn_1084221_item0,Lehi,Planning Commission,2026-06-11,Prestwich Zone Change - 2004 North 900 West (1.09 acres),nan,0.9,REZONE,TN Contracting LLC requesting zone change from RA-1 (Agricultural Residential) to R-2 (Residential) for 1.09-acre parcel,"2004 North 900 West, Lehi",1.09,,TN Contracting LLC,RA-1,R-2,PROPOSED,35,Small residential rezone from agricultural to residential use; Planning Commission recommendation stage,https://www.utah.gov/pmn/sitemap/notice/1084221.html,,pmn,2026-06-15T14:00:27.327791Z,,,,
pmn_1084221_item1,Lehi,Planning Commission,2026-06-11,Trademark Visual - Pylon Signs for The Collective at 1050 West Sunrise Way,signage,0.9,,Trademark Visual requesting conditional use approval for two pylon signs with exceptions for greater height and sign area at The Collective commercial development,"1050 West Sunrise Way, Lehi",,,Trademark Visual,,,PROPOSED,5,Sign-only application; requesting variances on height and area for pylon signage,https://www.utah.gov/pmn/sitemap/notice/1084221.html,,pmn,2026-06-15T14:00:27.327791Z,,,,
pmn_1084221_item2,Lehi,Planning Commission,2026-06-11,Cortese Preliminary Subdivision - 1450 West 1220 North (8 lots),nan,0.9,NEW_SUBDIVISION,Grow Development requesting approval of 8-lot residential preliminary subdivision in R-1-22 zone,"1450 West 1220 North, Lehi",,8,Grow Development,,,PROPOSED,45,Residential subdivision plat approval; small-scale 8-unit development,https://www.utah.gov/pmn/sitemap/notice/1084221.html,,pmn,2026-06-15T14:00:27.327791Z,,,,
pmn_1084221_item3,Lehi,Planning Commission,2026-06-11,Walker Zone Change - 915 West State Street (2.58 acres),nan,0.9,REZONE,Deborah Walker requesting zone change from R-1-8 (residential) to C-H (Heavy Commercial) for 2.58-acre parcel,"915 West State Street, Lehi",2.58,,Deborah Walker,R-1-8,C-H,PROPOSED,65,Commercial rezone opportunity; conversion from residential to heavy commercial use; Planning Commission recommendation stage,https://www.utah.gov/pmn/sitemap/notice/1084221.html,,pmn,2026-06-15T14:00:27.327791Z,,,,
pmn_1084221_item4,Lehi,Planning Commission,2026-06-11,Development Code Amendment - Automobile Sales Regulations (Table 05.030-B and Section 12.130),nan,0.9,GENERAL_PLAN_AMENDMENT,Lehi City requesting amendment to development code updating regulations for Automobile Sales businesses,,,,Lehi City,,,PROPOSED,20,Code text amendment affecting automobile sales use classification; citywide regulatory change,https://www.utah.gov/pmn/sitemap/notice/1084221.html,,pmn,2026-06-15T14:00:27.327791Z,,,,
pmn_1084221_item5,Lehi,Planning Commission,2026-06-11,Development Code Amendment - Neighborhood Exchange Structure Use (Multiple Chapters),nan,0.9,GENERAL_PLAN_AMENDMENT,"Lehi City requesting amendment to development code adding Neighborhood Exchange Structure as new use in Chapter 12, Chapter 39, Table 05.030A, and Table 05.030B",,,,Lehi City,,,PROPOSED,25,Code text amendment adding new use category (Neighborhood Exchange Structure); affects multiple regulatory tables and chapters,https://www.utah.gov/pmn/sitemap/notice/1084221.html,,pmn,2026-06-15T14:00:27.327791Z,,,,
pmn_1067635_item0,Saratoga Springs,City of Saratoga Springs Planning Commission,2026-03-26,North Lake Meadows Phase 2 Preliminary Plat at 145 North 1700 West,nan,0.9,NEW_SUBDIVISION,Preliminary plat approval for Phase 2 of North Lake Meadows residential subdivision,145 North 1700 West,,,Keaton Morton,,,PROPOSED,55,Phase 2 of multi-phase development; planner Sam Stout,https://www.utah.gov/pmn/sitemap/notice/1067635.html,,pmn,2026-06-15T14:00:27.327460Z,,,,
pmn_1067635_item1,Saratoga Springs,City of Saratoga Springs Planning Commission,2026-03-26,The Hub Lot 5 Site Plan at 2438 North Stagecoach Drive,nan,0.9,COMMERCIAL_PROJECT,Site plan approval for Lot 5 of The Hub commercial development,2438 North Stagecoach Drive,,,Michael McIntire,,,PROPOSED,45,Part of larger Hub development; planner Sam Stout,https://www.utah.gov/pmn/sitemap/notice/1067635.html,,pmn,2026-06-15T14:00:27.327460Z,40.4023401,-111.9179048,nominatim,0.75
pmn_1067635_item2,Saratoga Springs,City of Saratoga Springs Planning Commission,2026-03-26,Lighthouse Cove Concept Plan and Rezone from Agricultural/Rural Residential to R1-10 at 4200 South Schooner Drive,nan,0.9,REZONE,Rezone and concept plan for residential development from Agricultural and Rural Residential zones to R1-10 single-family residential zone,approximately 4200 South Schooner Drive,,,Lynsi Neve,"Agricultural, Rural Residential",R1-10,PROPOSED,70,Residential rezone with concept plan; public hearing scheduled; planner Sam Stout,https://www.utah.gov/pmn/sitemap/notice/1067635.html,,pmn,2026-06-15T14:00:27.327460Z,40.2861575,-111.8723508,nominatim,0.75
pmn_1067635_item3,Saratoga Springs,City of Saratoga Springs Planning Commission,2026-03-26,Title 19 Land Development Code Amendment - Chapter 19.02 Definitions (Loading Bays),nan,0.9,,City-initiated code amendment to add definition for loading bays in land development code,,,,,,,PROPOSED,15,Definitional update; citywide applicability; planner Austin Roy,https://www.utah.gov/pmn/sitemap/notice/1067635.html,,pmn,2026-06-15T14:00:27.327460Z,,,,
pmn_1067635_item4,Saratoga Springs,City of Saratoga Springs Planning Commission,2026-03-26,Title 19 Land Development Code Amendment - Chapter 19.16 Site and Architectural Design Standards (Office Warehouse/Industrial Exemption),nan,0.9,,"City-initiated code amendment to allow architectural and design exceptions for Office Warehouse, Heavy Commercial, and Light Industrial/Industrial buildings not exceeding 200 ft. front width and 15,000 square feet",,,,,,,PROPOSED,35,Flexibility for smaller industrial/flex buildings; citywide code change; planner Kendal Black,https://www.utah.gov/pmn/sitemap/notice/1067635.html,,pmn,2026-06-15T14:00:27.327460Z,,,,
pmn_1070005_item0,Saratoga Springs,City of Saratoga Springs Planning Commission,2026-04-16,Amendment to Title 19 Land Development Code Chapter 19.04 - Increase Maximum Building Footprint Size in Neighborhood Commercial Zone,nan,0.9,GENERAL_PLAN_AMENDMENT,"Proposed amendment to allow larger buildings in the Neighborhood Commercial Zone by increasing the Maximum Building Footprint Size from 15,000 square feet to 60,000 square feet. This is a city-wide code amendment initiated by developer Mike Williamson.",City-wide,,,Mike Williamson,Neighborhood Commercial Zone,Neighborhood Commercial Zone (modified),PROPOSED,72,Developer-initiated code amendment that would significantly increase building size allowances in NC zones (from 15k to 60k sq ft). This facilitates larger commercial development opportunities across the city. Public hearing scheduled for April 16.,https://www.utah.gov/pmn/sitemap/notice/1070005.html,,pmn,2026-06-15T14:00:27.327457Z,,,,
pmn_1072019_item0,Saratoga Springs,City of Saratoga Springs Planning Commission,2026-04-16,"Amendment to Title 19 Land Development Code Chapter 19.04 - Increase Maximum Building Footprint Size in Neighborhood Commercial Zone from 15,000 to 60,000 square feet",nan,0.9,GENERAL_PLAN_AMENDMENT,"City-wide amendment to Land Development Code allowing larger buildings in the Neighborhood Commercial Zone by increasing the Maximum Building Footprint Size from 15,000 square feet to 60,000 square feet. Developer-initiated proposal by Mike Williamson.",City-wide,,,Mike Williamson,,,PROPOSED,65,Code amendment enabling larger commercial buildings in neighborhood commercial zones; could facilitate future commercial development. Developer-initiated suggests market demand for larger footprints.,https://www.utah.gov/pmn/sitemap/notice/1072019.html,,pmn,2026-06-15T14:00:27.327454Z,,,,
pmn_1072019_item1,Saratoga Springs,City of Saratoga Springs Planning Commission,2026-04-16,Redwood Sports Harvest Point B Site Plan at 2113 North Hillcrest Road,nan,0.9,COMMERCIAL_PROJECT,Site plan review and approval for Redwood Sports Harvest Point B project. Nathan Brown listed as applicant.,2113 North Hillcrest Road,,,Redwood Sports,,,PROPOSED,50,Commercial site plan approval item; limited details provided in agenda packet. Project name suggests sports-related commercial use.,https://www.utah.gov/pmn/sitemap/notice/1072019.html,,pmn,2026-06-15T14:00:27.327454Z,40.4005871,-111.9209058,nominatim,0.75
pmn_1075421_item0,Saratoga Springs,City of Saratoga Springs Planning Commission,2026-04-30,Mt. Saratoga Veterinary Clinic Site Plan at 30 North Mt. Saratoga Boulevard,nan,0.9,COMMERCIAL_PROJECT,Site plan review for Mt. Saratoga Veterinary Clinic commercial project,30 North Mt. Saratoga Boulevard,,,Daniel Harris,,,PROPOSED,35,Veterinary clinic; Senior Planner Kendal Black,https://www.utah.gov/pmn/sitemap/notice/1075421.html,,pmn,2026-06-15T14:00:27.327449Z,40.372496,-111.9561512,nominatim,0.75
pmn_1075421_item1,Saratoga Springs,City of Saratoga Springs Planning Commission,2026-04-30,Westport Business Park Lot 4 Site Plan at 2078 North Stagecoach Drive,nan,0.9,COMMERCIAL_PROJECT,Site plan review for Lot 4 of Westport Business Park commercial development,2078 North Stagecoach Drive,,,Larry Lindstrom and Mark Johnson,,,PROPOSED,40,Business park lot; Senior Planner Kendal Black,https://www.utah.gov/pmn/sitemap/notice/1075421.html,,pmn,2026-06-15T14:00:27.327449Z,40.4023401,-111.9179048,nominatim,0.75
pmn_1075421_item2,Saratoga Springs,City of Saratoga Springs Planning Commission,2026-04-30,Riders Station Site Plan and Preliminary Plat at 1193 West Fairfield Road,nan,0.9,LARGE_PROJECT,Site plan and preliminary plat approval for Riders Station development including residential/mixed-use component,1193 West Fairfield Road,,,Adam Hurd of BlackSpire Capital Group,,,PROPOSED,65,Includes site plan and preliminary plat; Senior Planner Austin Roy,https://www.utah.gov/pmn/sitemap/notice/1075421.html,,pmn,2026-06-15T14:00:27.327449Z,40.3638168,-111.9459561,nominatim,0.75
pmn_1075421_item3,Saratoga Springs,City of Saratoga Springs Planning Commission,2026-04-30,Amendment to Title 18 Building Construction Code Chapters 18.05 - Grading and Land Use Regulations,nan,0.9,GENERAL_PLAN_AMENDMENT,City-initiated amendment to Title 18 Building Construction Code regarding grading standards and incorporation into land use regulations citywide,,,,,,,PROPOSED,30,Citywide code amendment for grading and land use; Engineer Ken Knight,https://www.utah.gov/pmn/sitemap/notice/1075421.html,,pmn,2026-06-15T14:00:27.327449Z,,,,
pmn_1073749_item0,Saratoga Springs,City of Saratoga Springs Planning Commission,2026-04-30,Amendment to Title 18 Building and Construction Code Chapter 18.05 - Grading regulations for slope standards,nan,0.9,INFRASTRUCTURE,City-initiated amendment to allow steeper slopes for final cuts and fills to be consistent with regulations in other parts of the code and Standard Technical Specifications & Drawings. Amendment will also define maximum slopes in grading setbacks citywide.,,,,,,,PROPOSED,25,"City-initiated code amendment affecting grading standards throughout Saratoga Springs. Public hearing scheduled April 30, 2026.",https://www.utah.gov/pmn/sitemap/notice/1073749.html,,pmn,2026-06-15T14:00:27.327452Z,,,,
pmn_1078515_item0,Saratoga Springs,City of Saratoga Springs City Council,2026-05-05,Village Plan 8 for the Beacon Pointe Community,nan,0.9,LARGE_PROJECT,Approval of Village Plan 8 for the Beacon Pointe Community,,,,,,,APPROVED,70,"Ordinance 26-19 approved at May 5, 2026 council meeting. Beacon Pointe is a named community development project indicating significant residential or mixed-use growth activity.",https://www.utah.gov/pmn/sitemap/notice/1078515.html,,pmn,2026-06-15T14:00:27.326476Z,,,,
pmn_1077243_item0,Saratoga Springs,City of Saratoga Springs Planning Commission,2026-05-14,Amendment to Title 19 Land Development Code Chapter 19.09.11 - Drive-thru Requirements,nan,0.9,,Proposed amendment to remove the requirement that a three-foot raised median or planter be required between a drive-thru lane and the parking area. This is a citywide code modification affecting drive-thru design standards.,Citywide,,,Meghana Chachra,,,PROPOSED,35,"Developer-initiated code amendment. Reduces design requirements for drive-thru facilities, potentially enabling easier development or modification of commercial properties with drive-thru services.",https://www.utah.gov/pmn/sitemap/notice/1077243.html,,pmn,2026-06-15T14:00:27.327447Z,,,,
pmn_1078867_item0,Saratoga Springs,City of Saratoga Springs Planning Commission,2026-05-14,Mt. Saratoga Veterinary Clinic Preliminary Plat at 30 North Mt. Saratoga Blvd,nan,0.9,NEW_SUBDIVISION,Preliminary plat approval for Mt. Saratoga Veterinary Clinic,"30 North Mt. Saratoga Blvd, Saratoga Springs, UT",,,Daniel Harris,,,PROPOSED,35,Veterinary clinic preliminary plat; small commercial/professional use development,https://www.utah.gov/pmn/sitemap/notice/1078867.html,,pmn,2026-06-15T14:00:27.327444Z,40.372496,-111.9561512,nominatim,0.75
pmn_1078867_item1,Saratoga Springs,City of Saratoga Springs Planning Commission,2026-05-14,WinCo Foods Site Plan at 353 West Lake Drive,nan,0.9,COMMERCIAL_PROJECT,Site plan approval for WinCo Foods grocery store location,"353 West Lake Drive, Saratoga Springs, UT",,,Lee Lizama / WPI,,,PROPOSED,72,Major grocery retailer; likely significant regional draw and employment generator,https://www.utah.gov/pmn/sitemap/notice/1078867.html,,pmn,2026-06-15T14:00:27.327444Z,40.3866351,-111.9201144,nominatim,0.75
pmn_1078867_item2,Saratoga Springs,City of Saratoga Springs Planning Commission,2026-05-14,McDonald's at Jacob Ranch Marketplace Site Plan at 1900 South Redwood Road,nan,0.9,COMMERCIAL_PROJECT,Site plan approval for McDonald's restaurant at Jacob Ranch Marketplace,"1900 South Redwood Road, Saratoga Springs, UT",,,Meghana Chachra / McDonald's,,,PROPOSED,45,Quick-service restaurant within established marketplace development,https://www.utah.gov/pmn/sitemap/notice/1078867.html,,pmn,2026-06-15T14:00:27.327444Z,40.728619,-111.939067,nominatim,0.75
pmn_1078867_item3,Saratoga Springs,City of Saratoga Springs Planning Commission,2026-05-14,Amendment to Title 19 Land Development Code Chapter 19.09.11 - Drive-thru Requirements,nan,0.9,,"Code amendment to remove the drive-thru landscape median requirement citywide, developer-initiated",,,,Meghana Chachra,,,PROPOSED,55,Developer-initiated code change affecting drive-thru design standards; likely associated with McDonald's or other QSR projects; may facilitate faster approvals for fast-food locations,https://www.utah.gov/pmn/sitemap/notice/1078867.html,,pmn,2026-06-15T14:00:27.327444Z,,,,
pmn_1081112_item0,Saratoga Springs,City of Saratoga Springs City Council,2026-05-19,Addendum to Corridor Agreement with UDOT for SR-68 South Signals,nan,0.9,INFRASTRUCTURE,Addendum to existing corridor agreement with Utah Department of Transportation for SR-68 South traffic signals project,SR-68 South,,,,,,PROPOSED,25,Infrastructure improvement; Resolution R26-24,https://www.utah.gov/pmn/sitemap/notice/1081112.html,,pmn,2026-06-15T14:00:27.326474Z,40.5449181,-111.938839,nominatim,0.75
pmn_1081112_item1,Saratoga Springs,City of Saratoga Springs City Council,2026-05-19,Amendments to Title 18 of the City Code for Building and Fire codes,nan,0.9,,Code amendments updating City building and fire code provisions,,,,,,,PROPOSED,10,Regulatory update; Ordinance 26-22,https://www.utah.gov/pmn/sitemap/notice/1081112.html,,pmn,2026-06-15T14:00:27.326474Z,,,,
pmn_1081112_item2,Saratoga Springs,City of Saratoga Springs City Council,2026-05-19,"Right of Way Purchase and Sales Agreement with Fire, Forestry, and State Lands for Saratoga Road and Pony Express Parkway Widening",nan,0.9,INFRASTRUCTURE,ROW acquisition agreement with state agency for Saratoga Road and Pony Express Parkway widening project,Saratoga Road and Pony Express Parkway,,,"Fire, Forestry, and State Lands (FFSL)",,,PROPOSED,30,Infrastructure expansion project; Resolution R26-25,https://www.utah.gov/pmn/sitemap/notice/1081112.html,,pmn,2026-06-15T14:00:27.326474Z,,,,
pmn_1081112_item3,Saratoga Springs,City of Saratoga Springs City Council,2026-05-19,Wilson Property Right of Way Purchase and Sales Agreement for Saratoga Road and Pony Express Parkway Widening,nan,0.9,INFRASTRUCTURE,ROW acquisition from Wilson Property for Saratoga Road and Pony Express Parkway widening project,Saratoga Road and Pony Express Parkway,,,,,,PROPOSED,30,Infrastructure expansion project; Resolution R26-26,https://www.utah.gov/pmn/sitemap/notice/1081112.html,,pmn,2026-06-15T14:00:27.326474Z,,,,
pmn_1081112_item4,Saratoga Springs,City of Saratoga Springs City Council,2026-05-19,"Debris Basin Purchase Agreement with SCP Fox Hollow, LLC",nan,0.9,INFRASTRUCTURE,"Purchase agreement for debris basin with SCP Fox Hollow, LLC",,,,"SCP Fox Hollow, LLC",,,PROPOSED,20,Infrastructure/drainage facility; Resolution R26-27,https://www.utah.gov/pmn/sitemap/notice/1081112.html,,pmn,2026-06-15T14:00:27.326474Z,,,,
pmn_1078547,Saratoga Springs,City of Saratoga Springs City Council,2026-05-19,City Council Public Hearing - Notice of Tentative Budget,nan,nan,,,,,,,,,PROPOSED,,,https://www.utah.gov/pmn/sitemap/notice/1078547.html,"Notice of Public Hearing


Notice is hereby given that the City of Saratoga Springs City Council will conduct a public hearing to receive comments on the City of Saratoga Springs Tentative Budget for Fiscal Year 2026-2027.

The hearing will be held on Tuesday, May 19, 2026 at 6:00 p.m. in the Council Chambers at the City of Saratoga Springs City Offices located at 319 So. Saratoga Road, Saratoga Springs, Utah, 84045.

Comments and questions may be submitted to comments@saratogasprings-ut.gov.   
Questions and comments may be directed to the Finance Dept. 801-766-9793.",pmn,2026-06-15T14:00:27.326471Z,,,,
pmn_1082421,Saratoga Springs,City of Saratoga Springs City Council,2026-05-20,Notice of Ordinance,nan,nan,,,,,,,,,PROPOSED,,,https://www.utah.gov/pmn/sitemap/notice/1082421.html,"NOTICE OF ADOPTION OF ORDINANCE

Notice is hereby given that the City Council of the City of Saratoga Springs, Utah, at their meeting of May 19, 2026, passed and adopted the following Ordinances:

-	Ordinance 26-22 (05-19-26) Adopting Amendments to the Building Code and Fire Code of City of Saratoga Springs.
-	Ordinance 26-23 (05-19-26) Adopting Amendments to the City of Saratoga Springs Land Development Code.

Copies of these Ordinances are on file in the office of the City of Saratoga Springs City Recorder and are available for review during business hours.",pmn,2026-06-15T14:00:27.326468Z,,,,
pmn_1082847_item0,Saratoga Springs,City of Saratoga Springs Planning Commission,2026-05-28,Site Plan approval for Westport Business Park Lot 5 at 2056 N. Stagecoach Drive,nan,0.9,COMMERCIAL_PROJECT,Planning Commission review and recommendation on site plan for Westport Business Park Lot 5. Applicants Larry Lindstrom and Mark Johnson are seeking site plan approval.,"2056 N. Stagecoach Drive, Saratoga Springs, UT",,,Larry Lindstrom and Mark Johnson,,,PROPOSED,55,Business park development suggests commercial/industrial use. Senior Planner Kendal Black is assigned staff contact.,https://www.utah.gov/pmn/sitemap/notice/1082847.html,,pmn,2026-06-15T14:00:27.327441Z,,,,
pmn_1084489,Saratoga Springs,City of Saratoga Springs City Council,2026-06-02,City Council Meeting,nan,nan,,,,,,,,,PROPOSED,,,https://www.utah.gov/pmn/sitemap/notice/1084489.html,"CITY COUNCIL MEETING AGENDA
CITY OF SARATOGA SPRINGS
Tuesday, June 2, 2026 @ 6:00 pm
City of Saratoga Springs Council Chambers
319 South Saratoga Road, Saratoga Springs, UT 84045

POLICY MEETING

CALL TO ORDER

1.	Roll Call. 
2.	Moment of Reflection. 
3.	Pledge of Allegiance. 
4.	Public Input - This time has been set aside for the public to express ideas, concerns, and comments for subject matter not listed as public hearing on the agenda. Limit of 3 minutes per speaker, unused time may not be given to another. Time for Public Input is limited to no more than 15 minutes total. 

REPORTS

1.	Mayor.
2.	City Council.
3.	Administration.
4.	Department Updates: Public Works/Engineering, Community Development, Finance.

CONSENT ITEMS
	The Council may approve these items without discussion or public comment and may remove an item to the Business Items for discussion and consideration.

1.	Approval of Minutes: May 19, 2026.

BUDGET FY 2026-27
	The Council may discuss (without public comment) and may approve the following items:

1.	Presentation from a budget officer or executive officer of a property tax impact schedule as a separate document from other budget documents.

PUBLIC HEARINGS
The Council will accept public comment and may approve the following items:

1.	Compensation Increase for Defined Executive Municipal Officers.
2.	Consideration of Ordinance 26-26 (06-02-26). An ordinance of the Council of the City of Saratoga Springs, adopting an Interim Budget, which includes a proposed property tax rate increase for Fiscal Year 2026-2027, a compensation schedule for appointed and elected municipal officers, and a compensation increase for defined executive municipal officers, and will be in effect from July 1, 2026, until the date before September 1, 2026, on which the City will adopt a final budget, subject to the requirements of Utah Code Subsection 59-2-919.
3.	Budget Amendment #5 for Fiscal Year 2025-2026. Resolution R26-31 (06-02-",pmn,2026-06-15T14:00:27.326458Z,40.3567918,-111.9008823,haiku_pdf_address,0.55
pmn_1082945,Saratoga Springs,City of Saratoga Springs City Council,2026-06-02,City Council Public Hearing - Interim Budget for FY 26-27,nan,nan,,,,,,,,,PROPOSED,,,https://www.utah.gov/pmn/sitemap/notice/1082945.html,"Notice of Public Hearing



Notice is hereby given that the City of Saratoga Springs City Council will conduct a public hearing to receive comments on the City of Saratoga Springs Interim Budget for Fiscal Year 2026-2027. The interim budget includes a property tax rate increase for Fiscal Year 2026-2027 as an option if the tax rate increase is approved. The interim budget will be in effect from July 1, 2026, to August 11, 2026, the date when the Final Budget for Fiscal Year 2026-2027 is adopted. The Final Budget will officially adopt the property tax rate increase if approved by the City Council after a public hearing.

The public hearing on the interim budget will be held on Tuesday, June 2, 2026 at 6:00 p.m. in the Council Chambers at the City of Saratoga Springs City Offices located 1307 N. Commerce Drive Suite 200, Saratoga Springs, Utah. 

Comments and questions may be submitted to comments@saratogasprings-ut.gov and directed to the Finance Dept. 801-766-9793.",pmn,2026-06-15T14:00:27.326460Z,,,,
pmn_1082909,Saratoga Springs,City of Saratoga Springs City Council,2026-06-02,City Council Public Hearing - Notice of compensation Schedule public hearing,nan,nan,,,,,,,,,PROPOSED,,,https://www.utah.gov/pmn/sitemap/notice/1082909.html,"Notice of Public Hearing

Notice is hereby given that the City of Saratoga Springs City Council will conduct a public hearing to receive comments on the City of Saratoga Springs compensation schedule for municipal appointed, statutory, and elected officers, as well as municipal executive officers as defined in Utah Code § 10-3-818(2), for Fiscal Year 2026-2027.

The public hearing on the compensation schedule will be held on Tuesday, June 2, 2026 at 6:00 p.m. in the Council Chambers at the City of Saratoga Springs City Offices located 1307 N. Commerce Drive Suite 200, Saratoga Springs, Utah. 

Comments and questions may be submitted to comments@saratogasprings-ut.gov  and directed to the Finance Dept. 801-766-9793.",pmn,2026-06-15T14:00:27.326463Z,,,,
pmn_1082645,Saratoga Springs,City of Saratoga Springs City Council,2026-06-02,City Council Public Hearing - Public Hearing on Budget Amendment FY 25-26,nan,nan,,,,,,,,,PROPOSED,,,https://www.utah.gov/pmn/sitemap/notice/1082645.html,"Notice of Public Hearing

Notice is hereby given that the City of Saratoga Springs City Council will conduct a public hearing to receive comments on Budget Amendments for the Fiscal Year 2025-2026 Budget.

The public hearing will be held during City Council meeting on Tuesday, June 2, 2026, at 6:00 p.m. in the City of Saratoga Springs Council Chambers located at 319 South Saratoga Road, Saratoga Springs, Utah. 

Questions may be directed to the City Finance Dept. 801-766-9793.
Public Comments may be submitted to comments@saratogasprings-ut.gov",pmn,2026-06-15T14:00:27.326466Z,40.353067,-111.9026002,haiku_pdf_address,0.55
pmn_1087137,Saratoga Springs,City of Saratoga Springs City Council,2026-06-09,City Council Workshop,nan,nan,,,,,,,,,PROPOSED,,,https://www.utah.gov/pmn/sitemap/notice/1087137.html,"AGENDA - City Council Workshop          
CITY OF SARATOGA SPRINGS
June 9, 2026 - 4:00 p.m.
City of Saratoga Springs Council Chambers
319 South Saratoga Road, Saratoga Springs, UT 84045

WORKSHOP MEETING


1.	Welcome
2.	Discussion on Interim Budget

Adjournment",pmn,2026-06-15T14:00:27.326455Z,40.3511886,-111.9034445,haiku_pdf_address,0.55
pmn_1086329,Saratoga Springs,City of Saratoga Springs Planning Commission,2026-06-11,Planning Commission Meeting - Canceled,nan,nan,,,,,,,,,PROPOSED,,,https://www.utah.gov/pmn/sitemap/notice/1086329.html,"PLANNING COMMISSION MEETING

CITY OF SARATOGA SPRINGS

Thursday, June 11, 2026 @ 6:00 pm
City of Saratoga Springs Council Chambers
319 S. Saratoga Road, Saratoga Springs, UT 84045


The City of Saratoga Springs Planning Commission Meeting scheduled for Thursday, June 11, 2026 has been canceled due to lack of business.

The next Planning Commission Meeting is scheduled for Thursday, June 25, 2026 at 6:00 p.m. at the Saratoga Springs City Offices, City Council Chambers: 319 S. Saratoga Road, Saratoga Springs, Utah.",pmn,2026-06-15T14:00:27.327439Z,40.3511886,-111.9034445,haiku_pdf_address,0.55
pmn_1088511_item0,Saratoga Springs,City of Saratoga Springs City Council,2026-06-16,Development Agreement Major Amendment for North Cove development at 1967 E. Pony Express Parkway,nan,0.9,LARGE_PROJECT,Major amendment to development agreement for North Cove development project. Applicant is GH Enterprise LLC (Jen Hall and Chris Haertel). This represents a substantive modification to an existing development agreement.,"1967 E. Pony Express Parkway, Saratoga Springs, UT",,,GH Enterprise LLC (Jen Hall and Chris Haertel),,,PROPOSED,65,Major amendment to existing development agreement suggests ongoing master-planned community development. North Cove appears to be a significant project in Saratoga Springs. Ordinance 26-28 required for approval.,https://www.utah.gov/pmn/sitemap/notice/1088511.html,,pmn,2026-06-15T14:00:27.326452Z,40.3620947,-111.9107968,nominatim,0.75
pmn_1088599_item0,Saratoga Springs,City of Saratoga Springs Planning Commission,2026-06-25,Amendments to Title 19 Land Development Code Chapter 19.12 (Subdivisions) and Chapter 19.14 (Site Plan Review),nan,0.9,GENERAL_PLAN_AMENDMENT,"City-initiated amendments to update the subdivision process and approval procedures in Chapter 19.12, and add regulations for phased non-residential developments in Chapter 19.14 of the Land Development Code.",Citywide,,,,,,PROPOSED,45,Procedural/regulatory update affecting subdivision and site plan review processes citywide. Addition of phased non-residential development regulations suggests city anticipation of larger commercial projects.,https://www.utah.gov/pmn/sitemap/notice/1088599.html,,pmn,2026-06-15T14:00:27.327436Z,,,,
pmn_1071937,South Jordan,Planning Commission,2026-04-14,Amended Planning Commission Agenda,nan,nan,,,,,,,,,PROPOSED,,,https://www.utah.gov/pmn/sitemap/notice/1071937.html,"CITY OF SOUTH JORDAN	 
AMENEDED PLANNING COMMISSION MEETING AGENDA 	
CITY HALL	
TUESDAY, APRIL 14, 2026 at 6:30 PM	
Notice is hereby given that the South Jordan Planning Commission will hold a meeting at 6:30 p.m. on Tuesday, April 14, 2026. The meeting will be conducted in person in the City Council Chambers, located at 1600 W. Towne Center Drive, South Jordan, Utah, and virtually via Zoom phone and video conferencing. Persons with disabilities requesting assistance should contact the City Recorder at least 24 hours prior to the meeting. Times listed are approximate and may be accelerated or delayed.
In addition to in-person attendance, individuals may join via phone or video using Zoom. Please note that attendees joining virtually or by phone may not comment during public comment or a public hearing; to comment, individuals must attend in person.  
If the meeting is disrupted in any way deemed inappropriate by the City, the City reserves the right to immediately remove the individual(s) from the meeting and, if necessary, end virtual access to the meeting. Reasons for removal or ending virtual access include, but are not limited to, posting offensive pictures or remarks, making disrespectful statements or actions, and other actions deemed inappropriate.
To ensure that comments are received, please submit them in writing to City Planner, Greg Schindler at gschindler@sjc.utah.gov by 3:00 p.m. on the day of the meeting.
Instructions on how to join virtually are provided below.
Join South Jordan Planning Commission Electronic Meeting: 
-           Join on any device that has internet capability.
-           Zoom link, Meeting ID and Password will be provided 24 hours prior to meeting start time. 
-           Zoom instructions are posted https://www.sjc.utah.gov/254/Planning-Commission
THE MEETING WILL BEGIN AT 6:30 P.M. AND THE AGENDA IS AS FOLLOWS:

A.	WELCOME AND ROLL CALL - Commission Chair Nathan Gedge
B.	MOTION TO APPROVE AGENDA
C.	APPROVAL OF MI",pmn,2026-06-15T14:00:27.325759Z,40.5582032,-111.9364438,haiku_pdf_address,0.55
pmn_1069903_item0,South Jordan,Planning Commission,2026-04-14,Brewer Rezone at 10981 S Temple Dr,nan,0.9,REZONE,Rezone application for property at 10981 S Temple Dr submitted by Zerin Dixon Brewer. Public hearing to receive input and review the proposal.,"10981 S Temple Dr, South Jordan",,,Zerin Dixon Brewer,,,PROPOSED,60,Case number PLZBA202600031. Zoning change details not provided in notice; applicant should consult planning staff for existing and proposed zone codes.,https://www.utah.gov/pmn/sitemap/notice/1069903.html,,pmn,2026-06-15T14:00:27.325762Z,,,,
pmn_1069903_item1,South Jordan,Planning Commission,2026-04-14,Text Amendment to City Code §17.16.010 and §17.18.030.010 - General Use Regulations,nan,0.9,GENERAL_PLAN_AMENDMENT,Ordinance 2026-11 proposing text amendment to South Jordan City Code sections governing planning commission procedures and general use regulations. Planning Commission-initiated amendment.,,,,,,,PROPOSED,30,City-initiated code amendment; details of specific regulatory changes not included in notice. Developers should review full ordinance text for impact on future projects.,https://www.utah.gov/pmn/sitemap/notice/1069903.html,,pmn,2026-06-15T14:00:27.325762Z,,,,
pmn_1071741,South Jordan,Planning Commission,2026-04-14,Planning Commission Agenda,nan,nan,,,,,,,,,PROPOSED,,,https://www.utah.gov/pmn/sitemap/notice/1071741.html,"CITY OF SOUTH JORDAN	 
PLANNING COMMISSION MEETING AGENDA 	
CITY HALL	
TUESDAY, APRIL 14, 2026 at 6:30 PM	
Notice is hereby given that the South Jordan Planning Commission will hold a meeting at 6:30 p.m. on Tuesday, April 14, 2026. The meeting will be conducted in person in the City Council Chambers, located at 1600 W. Towne Center Drive, South Jordan, Utah, and virtually via Zoom phone and video conferencing. Persons with disabilities requesting assistance should contact the City Recorder at least 24 hours prior to the meeting. Times listed are approximate and may be accelerated or delayed.
In addition to in-person attendance, individuals may join via phone or video using Zoom. Please note that attendees joining virtually or by phone may not comment during public comment or a public hearing; to comment, individuals must attend in person.  
If the meeting is disrupted in any way deemed inappropriate by the City, the City reserves the right to immediately remove the individual(s) from the meeting and, if necessary, end virtual access to the meeting. Reasons for removal or ending virtual access include, but are not limited to, posting offensive pictures or remarks, making disrespectful statements or actions, and other actions deemed inappropriate.
To ensure that comments are received, please submit them in writing to City Planner, Greg Schindler at gschindler@sjc.utah.gov by 3:00 p.m. on the day of the meeting.
Instructions on how to join virtually are provided below.
Join South Jordan Planning Commission Electronic Meeting: 
-           Join on any device that has internet capability.
-           Zoom link, Meeting ID and Password will be provided 24 hours prior to meeting start time. 
-           Zoom instructions are posted https://www.sjc.utah.gov/254/Planning-Commission 
THE MEETING WILL BEGIN AT 6:30 P.M. AND THE AGENDA IS AS FOLLOWS:

A.	WELCOME AND ROLL CALL - Commission Chair Michele Hollist
B.	MOTION TO APPROVE AGENDA
C.	WELCOME AND ROLL CA",pmn,2026-06-15T14:00:27.325765Z,40.5582032,-111.9364438,haiku_pdf_address,0.55
pmn_1073525_item0,South Jordan,Planning Commission,2026-04-28,Weller Detached Accessory Building - Conditional Use Permit at 10672 S Bison Creek Cv.,nan,0.9,,Conditional Use Permit application for a detached accessory building at residential property,"10672 S Bison Creek Cv., South Jordan",,,"Mark Watson / NorthFace Construction, Inc.",,,PROPOSED,15,Minor residential accessory structure CUP; application number PLCUP202500164,https://www.utah.gov/pmn/sitemap/notice/1073525.html,,pmn,2026-06-15T14:00:27.325756Z,40.5578083,-111.9618539,nominatim,0.75
pmn_1073525_item1,South Jordan,Planning Commission,2026-04-28,Allan Boldt Event Center - Site Plan at 1188 W 10400 S,nan,0.9,COMMERCIAL_PROJECT,Site plan review for Allan Boldt Event Center commercial facility,"1188 W 10400 S, South Jordan",,,Nichols Naylor Architects,,,PROPOSED,55,Application number PLSPR202500109; appears to be event venue development,https://www.utah.gov/pmn/sitemap/notice/1073525.html,,pmn,2026-06-15T14:00:27.325756Z,40.5401051,-111.9271072,nominatim,0.75
pmn_1073525_item2,South Jordan,Planning Commission,2026-04-28,Allan Boldt Event Center - Conditional Use Permit at 1188 W 10400 S,nan,0.9,COMMERCIAL_PROJECT,Conditional Use Permit for Allan Boldt Event Center commercial use,"1188 W 10400 S, South Jordan",,,Nichols Naylor Architects,,,PROPOSED,55,Application number PLCUP202600015; companion application with site plan review for same project,https://www.utah.gov/pmn/sitemap/notice/1073525.html,,pmn,2026-06-15T14:00:27.325756Z,40.5401051,-111.9271072,nominatim,0.75
pmn_1073525_item3,South Jordan,Planning Commission,2026-04-28,The Reserve Rezone at 9633 S Temple Dr,nan,0.9,REZONE,Zoning change application for The Reserve property,"9633 S Temple Dr, South Jordan",,,Derek Rindlisbacher,,,PROPOSED,70,Application number PLZBA202600048; rezone application suggests potential for significant development activity pending zone change approval,https://www.utah.gov/pmn/sitemap/notice/1073525.html,,pmn,2026-06-15T14:00:27.325756Z,,,,
pmn_1075399,South Jordan,Planning Commission,2026-04-28,Planning Commission Agenda,nan,nan,,,,,,,,,PROPOSED,,,https://www.utah.gov/pmn/sitemap/notice/1075399.html,"CITY OF SOUTH JORDAN	 
PLANNING COMMISSION MEETING AGENDA 	
SOUTH JORDAN CITY HALL - COUNCIL CHAMBERS	
TUESDAY, APRIL 28, 2026 at 6:30 PM	
Notice is hereby given that the South Jordan Planning Commission will hold a meeting at 6:30 p.m. on Tuesday, April 28, 2025. The meeting will be conducted in person in the City Council Chambers, located at 1600 W. Towne Center Drive, South Jordan, Utah, and virtually via Zoom phone and video conferencing. Persons with disabilities requesting assistance should contact the City Recorder at least 24 hours prior to the meeting. Times listed are approximate and may be accelerated or delayed.
In addition to in-person attendance, individuals may join via phone or video using Zoom. Please note that attendees joining virtually or by phone may not comment during public comment or a public hearing; to comment, individuals must attend in person.  
If the meeting is disrupted in any way deemed inappropriate by the City, the City reserves the right to immediately remove the individual(s) from the meeting and, if necessary, end virtual access to the meeting. Reasons for removal or ending virtual access include, but are not limited to, posting offensive pictures or remarks, making disrespectful statements or actions, and other actions deemed inappropriate.
To ensure that comments are received, please submit them in writing to City Planner, Greg Schindler at gschindler@sjc.utah.gov by 3:00 p.m. on the day of the meeting. 
Instructions on how to join virtually are provided below.
Join South Jordan Planning Commission Electronic Meeting: 
-           Join on any device that has internet capability.
-           Zoom link, Meeting ID and Password will be provided 24 hours prior to meeting start time. 
-           Zoom instructions are posted https://www.sjc.utah.gov/254/Planning-Commission 
THE MEETING WILL BEGIN AT 6:30 P.M. AND THE AGENDA IS AS FOLLOWS:  
A.	WELCOME AND ROLL CALL - Commission Chair Nathan Gedge
B.	MOTION TO APPROVE ",pmn,2026-06-15T14:00:27.325754Z,40.5582032,-111.9364438,haiku_pdf_address,0.55
pmn_1077539,South Jordan,City Council,2026-05-05,Notice of Potential Quorum,nan,nan,,,,,,,,,PROPOSED,,,https://www.utah.gov/pmn/sitemap/notice/1077539.html,"PUBLIC NOTICE Notice of Potential Quorum

South Jordan City
Mayor & City Council Members
may Attend the Following Event:

South Valley Chamber Small Business 
Glenmoor Golf Club
9800 Monroe St #806, Sandy, UT 84070
Tuesday, May 5, 2026
11:30 a.m. - 1:00 p.m.
NOTE:   'No Motions or Actions will be taken by the South Jordan Council Members attending this Event.'



CERTIFICATE OF POSTING
STATE OF UTAH		)
			: §
COUNTY OF SALT LAKE	)
	
I, Anna Crookston, the duly appointed City Recorder of South Jordan City, Utah, certify that the foregoing City Council Notice was emailed to at least one newspaper of general circulation within the geographic jurisdiction of the public body. The notice was also posted at the principal office of the public body and also posted on the Utah State Public Notice Website http://www.utah.gov/pmn/index.html and on South Jordan City's website at www.sjc.utah.gov.  Dated and posted 4th Day of May, 2026.",pmn,2026-06-15T14:00:27.325494Z,,,,
pmn_1077547,South Jordan,City Council,2026-05-08,Notice of Potential Quorum,nan,nan,,,,,,,,,PROPOSED,,,https://www.utah.gov/pmn/sitemap/notice/1077547.html,"PUBLIC NOTICE
Notice of Potential Quorum

South Jordan City
Mayor & City Council Members
may Attend the Following Event:

USU Talmage Arena Ribbon Cutting
2100 West 11400 South
South Jordan, UT 84095
Friday, May 8, 2026
4:00 - 5:00 p.m.
NOTE:   'No Motions or Actions will be taken by the South Jordan Council Members attending this Event.'



CERTIFICATE OF POSTING
STATE OF UTAH		)
			: §
COUNTY OF SALT LAKE	)
	
I, Anna Crookston, the duly appointed City Recorder of South Jordan City, Utah, certify that the foregoing City Council Notice was emailed to at least one newspaper of general circulation within the geographic jurisdiction of the public body. The notice was also posted at the principal office of the public body and also posted on the Utah State Public Notice Website http://www.utah.gov/pmn/index.html and on South Jordan City's website at www.sjc.utah.gov.  Dated and posted 4th Day of May, 2026.",pmn,2026-06-15T14:00:27.325486Z,40.5442318,-111.9366076,haiku_pdf_address,0.70
pmn_1077051,South Jordan,Planning Commission,2026-05-12,Notice of Meeting Cancellation,nan,nan,,,,,,,,,PROPOSED,,,https://www.utah.gov/pmn/sitemap/notice/1077051.html,"NOTICE OF MEETING CANCELLATION


The regularly scheduled South Jordan City Planning Commission meeting for May 12, 2026 has been cancelled.

The next regularly scheduled meeting will be Tuesday, May 26, 2026 at 6:30 PM.",pmn,2026-06-15T14:00:27.325751Z,,,,
pmn_1080751_item0,South Jordan,Planning Commission,2026-05-26,Veendendaal Garage Conditional Use Permit at 11739 S 1220 W,nan,0.9,DEVELOPER_ACTIVITY,Conditional Use Permit application for Veendendaal Garage at 11739 S 1220 W,"11739 S 1220 W, South Jordan, Utah",,,Chip Galloway,,,PROPOSED,25,Conditional use permit; applicant is Chip Galloway. Limited development impact information available from notice.,https://www.utah.gov/pmn/sitemap/notice/1080751.html,,pmn,2026-06-15T14:00:27.325748Z,40.5659433,-112.0581985,nominatim,0.75
pmn_1080751_item1,South Jordan,Planning Commission,2026-05-26,Ordinance 2026-15 Amending Water Share Exaction Requirements,nan,0.9,INFRASTRUCTURE,Municipal Code amendment to Section 16.04.320 regarding water share exactions policy,,,,,,,PROPOSED,35,Infrastructure policy amendment affecting development exaction requirements; may impact future development feasibility and cost structures.,https://www.utah.gov/pmn/sitemap/notice/1080751.html,,pmn,2026-06-15T14:00:27.325748Z,,,,
pmn_1083033,South Jordan,Planning Commission,2026-05-26,South Jordan Planning Commission Meeting,nan,nan,,,,,,,,,PROPOSED,,,https://www.utah.gov/pmn/sitemap/notice/1083033.html,"Planning Commission Meeting CITY OF SOUTH JORDAN PLANNING COMMISSION MEETING AGENDA
CITY HALL
TUESDAY, MAY 26, 2026 at 6:30 PM

Notice is hereby given that the South Jordan Planning Commission will hold a meeting at 6:30 p.m. on Tuesday, May 26, 2026. The meeting will be conducted in person in the City Council Chambers, located at 1600 W. Towne Center Drive, South Jordan, Utah, and virtually via Zoom phone and video conferencing. Persons with disabilities requesting assistance should contact the City Recorder at least 24 hours prior to the meeting. Times listed are approximate and may be accelerated or delayed.

In addition to in-person attendance, individuals may join via phone or video using Zoom. Please note that attendees joining virtually or by phone may not comment during public comment or a public hearing; to comment, individuals must attend in person. If the meeting is disrupted in any way deemed inappropriate by the City, the City reserves the right to immediately remove the individual(s) from the meeting and, if necessary, end virtual access to the meeting. Reasons for removal or ending virtual access include, but are not limited to, posting offensive
pictures or remarks, making disrespectful statements or actions, and other actions deemed inappropriate.

To ensure that comments are received, please submit them in writing to City Planner, Greg Schindler at gschindler@sjc.utah.gov by 3:00 p.m. on the day of the meeting.

Instructions on how to join virtually are provided below.
Join South Jordan Planning Commission Electronic Meeting:
- Join on any device that has internet capability.
- Zoom link, Meeting ID and Password will be provided 24 hours prior to meeting start time.
- Zoom instructions are posted https://www.sjc.utah.gov/254/Planning-Commission

THE MEETING WILL BEGIN AT 6:30 P.M. AND THE AGENDA IS AS FOLLOWS:
A. WELCOME AND ROLL CALL - Commission Chair Nathan Gedge
B. MOTION TO APPROVE AGENDA
C. APPROVAL OF THE MINUTES
C.1. Ap",pmn,2026-06-15T14:00:27.325745Z,40.5582032,-111.9364438,haiku_pdf_address,0.55
pmn_1087165,South Jordan,City Council,2026-06-02,City of South Jordan Notice of Ordinance Adoption,nan,nan,,,,,,,,,PROPOSED,,,https://www.utah.gov/pmn/sitemap/notice/1087165.html,"Posted on June 8, 2026, on the Utah Public Notice Website https://www.utah.gov/pmn/index.html, South Jordan City Website  https://sjc.utah.gov/241/City-Council and at City Hall, 1600 W. Towne Center Drive, South Jordan, UT 84095 

City of South Jordan Notice of Ordinance Adoption - Ordinance 2026-15 and Ordinance 2026-18. 

ORDINANCE 2026-15, AMENDING SECTION 16.04.320 OF THE CITY CODE REGARDING WATER SHARE EXACTIONS. APPROVED 06-02-2026 BY 5-0 VOTE.

ORDINANCE 2026-18, FIXING THE COMPENSATION FOR THE SOUTH JORDAN STATUTORY OFFICERS. APPROVED 06-02-2026 BY 5-0 VOTE.

The complete ordinance is on file at the South Jordan City Recorder's Office and attached to this notice. Published this 8th day of June, 2026. 

 
Anna Crookston, South Jordan City Recorder.",pmn,2026-06-15T14:00:27.325366Z,40.5582032,-111.9364438,haiku_pdf_address,0.55
pmn_1084955,South Jordan,City Council,2026-06-02,Combined City Council & Redevelopment Agency Meeting,nan,nan,,,,,,,,,PROPOSED,,,https://www.utah.gov/pmn/sitemap/notice/1084955.html,"CITY OF SOUTH JORDAN	 
COMBINED CITY COUNCIL & 
REDEVELOPMENT AGENCY MEETING AGENDA 	
CITY COUNCIL CHAMBERS	
TUESDAY, JUNE 02, 2026 at 6:30 p.m.	
Notice is hereby given that the South Jordan City Council will hold a Combined City Council and Redevelopment Agency meeting at 6:30 p.m. on Tuesday, June 2, 2026. The meeting will be conducted in person in the City Council Chambers, located at 1600 W. Towne Center Drive, South Jordan, Utah, and virtually via Zoom phone and video conferencing. Persons with disabilities requesting assistance should contact the City Recorder at least 24 hours prior to the meeting. The agenda may be amended, and an executive session may be held at the end of the meeting. Times listed are approximate and may be accelerated or delayed.
In addition to in-person attendance, the City intends to provide virtual access via Zoom for phone and video conferencing; however, virtual access is not guaranteed and may be limited by technical issues or connectivity constraints. Individuals may join via phone or video, using Zoom. In the event the Meeting is disrupted in any way that the City in its sole discretion deems inappropriate, the City reserves the right to immediately remove the individual(s) from the Meeting and, if needed, end virtual access to the Meeting. Reasons for removing an individual or ending virtual access to the Meeting include, but are not limited to, the posting of offensive pictures, remarks, or making offensive statements, disrespectful statements or actions, and any other action deemed inappropriate. 
Please note that attendees joining virtually or by phone may not comment during public comment or a public hearing; to comment, individuals must attend in person or submit written comments prior to the meeting. To ensure comments are received, please submit them in writing to City Recorder Anna Crookston at acrookston@sjc.utah.gov by 3:00 p.m. on the day of the meeting. 
The ability to participate virtually depends on the indi",pmn,2026-06-15T14:00:27.325355Z,40.5582032,-111.9364438,haiku_pdf_address,0.55
pmn_1085269,South Jordan,City Council,2026-06-02,Notice of Potential Quorum,nan,nan,,,,,,,,,PROPOSED,,,https://www.utah.gov/pmn/sitemap/notice/1085269.html,"PUBLIC NOTICE
Notice of Potential Quorum

South Jordan City
Mayor & City Council Members
may Attend the Following Event:

City of South Jordan Summerfest Events 
June 2 - June 6, 2026

Full Event & Location Schedule: https://sjc.utah.gov/199/SoJo-Summerfest 



NOTE:   'No Motions or Actions will be taken by the South Jordan Council Members attending this Event.'




CERTIFICATE OF POSTING
STATE OF UTAH		)
			: §
COUNTY OF SALT LAKE	)
	
I, Anna Crookston, the duly appointed City Recorder of South Jordan City, Utah, certify that the foregoing City Council Notice was also posted at the principal office of the public body and also posted on the Utah State Public Notice Website http://www.utah.gov/pmn/index.html and on South Jordan City's website at www.sjc.utah.gov . 
Dated and posted 1st Day of June, 2026.",pmn,2026-06-15T14:00:27.325369Z,,,,
pmn_1082979,South Jordan,City Council,2026-06-02,Notice of Public Hearing,nan,nan,,,,,,,,,PROPOSED,,,https://www.utah.gov/pmn/sitemap/notice/1082979.html,"CITY OF SOUTH JORDAN
NOTICE OF PUBLIC HEARING
Notice is hereby given that the South Jordan City Council will hold a public hearing on Tuesday, June 2, 2026 at 6:30 p.m., to receive comment regarding the proposed compensation increases for specific City Officers. 
The hearing will be held in the City Council Chambers at South Jordan City Hall, 1600 West Towne Center Drive and also electronically via Zoom.us phone and video conferencing. Citizens of South Jordan City are invited to offer oral comments and questions during the hearing regarding the Budget. Written statements may be submitted prior to the hearing date to the Recorder's Office. Information regarding the increases will be available beginning May 22, 2026, between the hours of 8:00 am and 5:00 pm, Monday through Thursday, and 8:00 am to 12:00 pm on Friday at the Recorder's Office, 1600 West Towne Center Drive and online at www.sjc.utah.gov. 

All those who desire to attend the meeting electronically, please visit www.sjc.utah.gov/241/City-Council for further instructions.",pmn,2026-06-15T14:00:27.325358Z,,,,
pmn_1082981,South Jordan,City Council,2026-06-02,Notice of Public Hearing,nan,nan,,,,,,,,,PROPOSED,,,https://www.utah.gov/pmn/sitemap/notice/1082981.html,"CITY OF SOUTH JORDAN
NOTICE OF PUBLIC HEARING
Notice is hereby given that the South Jordan City Council will hold a public hearing on Tuesday, June 2, 2026 at 6:30 p.m., to receive comment regarding the Budget of South Jordan City for fiscal year 2026-2027. 
The hearing will be held in the City Council Chambers at South Jordan City Hall, 1600 West Towne Center Drive and also electronically via Zoom.us phone and video conferencing. Citizens of South Jordan City are invited to offer oral comments and questions during the hearing regarding the Budget. Written statements may be submitted prior to the hearing date to the Recorder's Office. Copies of the Budget will be available beginning May 22, 2026, between the hours of 8:00 am and 5:00 pm, Monday through Thursday, and 8:00 am to 12:00 pm on Friday at the Recorder's Office, 1600 West Towne Center Drive and online at www.sjc.utah.gov. 

All those who desire to attend the meeting electronically, please visit www.sjc.utah.gov/241/City-Council for further instructions.",pmn,2026-06-15T14:00:27.325361Z,40.5584954,-111.9367887,haiku_pdf_address,0.55
pmn_1082983_item0,South Jordan,City Council,2026-06-02,Ordinance 2026-15: Amending Water Shares Required regulations,nan,0.9,INFRASTRUCTURE,"Amendment to municipal code section 16.04.320 regarding water share requirements, likely adjusting utility infrastructure standards for development",,,,,,,PROPOSED,25,Infrastructure/utility code amendment affecting development standards citywide,https://www.utah.gov/pmn/sitemap/notice/1082983.html,,pmn,2026-06-15T14:00:27.325363Z,,,,
pmn_1082983_item1,South Jordan,City Council,2026-06-02,Zoning Ordinance 2026-05-z: The Reserve Residential Rezone at 9633 S Temple Drive,nan,0.9,REZONE,"Residential rezone application for The Reserve project at 9633 S Temple Drive, applicant Derek Rindlisbacher","9633 S Temple Drive, South Jordan",,,Derek Rindlisbacher,,,PROPOSED,65,Residential rezone; project name 'The Reserve' suggests residential development; specific zone codes and acreage not provided in notice,https://www.utah.gov/pmn/sitemap/notice/1082983.html,,pmn,2026-06-15T14:00:27.325363Z,,,,
pmn_1084671,South Jordan,Planning Commission,2026-06-09,Notice of Meeting Cancellation,nan,nan,,,,,,,,,PROPOSED,,,https://www.utah.gov/pmn/sitemap/notice/1084671.html,"NOTICE OF MEETING CANCELLATION


The regularly scheduled South Jordan City Planning Commission meeting for June 9, 2026 has been cancelled.

The next regularly scheduled meeting will be Tuesday, June 23, 2026 at 6:30 PM.",pmn,2026-06-15T14:00:27.325742Z,,,,
pmn_1088907,South Jordan,City Council,2026-06-16,City Council Meeting,nan,nan,,,,,,,,,PROPOSED,,,https://www.utah.gov/pmn/sitemap/notice/1088907.html,"CITY OF SOUTH JORDAN	 
CITY COUNCIL MEETING AGENDA 	
CITY COUNCIL CHAMBERS	
TUESDAY, JUNE 16, 2026 at 6:30 p.m.	
Notice is hereby given that the South Jordan City Council will hold a City Council meeting at 6:30 p.m. on Tuesday, June 16, 2026. The meeting will be conducted in person in the City Council Chambers, located at 1600 W. Towne Center Drive, South Jordan, Utah, and virtually via Zoom phone and video conferencing. Persons with disabilities requesting assistance should contact the City Recorder at least 24 hours prior to the meeting. The agenda may be amended, and an executive session may be held at the end of the meeting. Times listed are approximate and may be accelerated or delayed.
In addition to in-person attendance, the City intends to provide virtual access via Zoom for phone and video conferencing; however, virtual access is not guaranteed and may be limited by technical issues or connectivity constraints. Individuals may join via phone or video, using Zoom. In the event the Meeting is disrupted in any way that the City in its sole discretion deems inappropriate, the City reserves the right to immediately remove the individual(s) from the Meeting and, if needed, end virtual access to the Meeting. Reasons for removing an individual or ending virtual access to the Meeting include, but are not limited to, the posting of offensive pictures, remarks, or making offensive statements, disrespectful statements or actions, and any other action deemed inappropriate. 
Please note that attendees joining virtually or by phone may not comment during public comment or a public hearing; to comment, individuals must attend in person or submit written comments prior to the meeting. To ensure comments are received, please submit them in writing to City Recorder Anna Crookston at acrookston@sjc.utah.gov by 3:00 p.m. on the day of the meeting. 
The ability to participate virtually depends on the individual's internet connection. Instructions on how to join virtually",pmn,2026-06-15T14:00:27.325321Z,40.5582032,-111.9364438,haiku_pdf_address,0.55
pmn_1088905,South Jordan,City Council,2026-06-16,City Council Study Meeting,nan,nan,,,,,,,,,PROPOSED,,,https://www.utah.gov/pmn/sitemap/notice/1088905.html,"CITY OF SOUTH JORDAN	 
CITY COUNCIL STUDY MEETING AGENDA 	
CITY COUNCIL WORK ROOM	
TUESDAY, JUNE 16, 2026 at 4:30 p.m.	
Notice is hereby given that the South Jordan City Council will hold a City Council Study Meeting at 4:30 p.m. on Tuesday, June 16, 2026, in person in the City Council Work Room, located at 1600 W. Towne Center Drive, South Jordan, Utah and virtually via Zoom phone and video conferencing. Persons with disabilities requesting assistance should contact the City Recorder at least 24 hours prior to the Meeting. The Agenda may be amended, and an Executive Session may be held at the end of the Meeting. Times listed are approximate and may be accelerated or delayed. 
In addition to in-person attendance, the City intends to provide virtual access via Zoom for phone and video conferencing; however, virtual access is not guaranteed and may be limited by technical issues or connectivity constraints. Individuals may join via phone or video, using Zoom. In the event the Meeting is disrupted in any way that the City in its sole discretion deems inappropriate, the City reserves the right to immediately remove the individual(s) from the Meeting and, if needed, end virtual access to the Meeting. Reasons for removing an individual or ending virtual access to the Meeting include, but are not limited to, the posting of offensive pictures, remarks, or making offensive statements, disrespectful statements or actions, and any other action deemed inappropriate. 
Ability to participate virtually is dependent on an individual's internet connection. Instructions on how to join virtually are below.
Join Study Meeting Virtually:
-           Join on any device that has internet capability.
-           Zoom link, Meeting ID and Password will be provided 24 hours prior to meeting start time. 
-           Zoom instructions are posted https://ut-southjordan.civicplus.com/241/City-Council. 

Study Meeting Agenda: 4:30 p.m.
A.	Welcome, Roll Call, and Introduction: By Mayo",pmn,2026-06-15T14:00:27.325351Z,,,,
pmn_1086535_item0,South Jordan,City Council,2026-06-16,The Reserve Residential Rezone at 9633 S Temple Dr,nan,0.9,REZONE,Zoning ordinance amendment for residential rezone of property at 9633 S Temple Dr. Public hearing scheduled before South Jordan City Council.,"9633 S Temple Dr, South Jordan, Utah",,,Derek Rindlisbacher,,,PROPOSED,60,"Ordinance 2026-05-Z. Public hearing scheduled for June 16, 2026 at 6:30 PM. Virtual participation available via Zoom.",https://www.utah.gov/pmn/sitemap/notice/1086535.html,,pmn,2026-06-15T14:00:27.325338Z,,,,
pmn_1086485,South Jordan,City Council,2026-06-16,Notice of Public Hearing,nan,nan,,,,,,,,,PROPOSED,,,https://www.utah.gov/pmn/sitemap/notice/1086485.html,"CITY OF SOUTH JORDAN NOTICE OF PUBLIC HEARING

Notice is hereby given that the South Jordan City Council will hold a public hearing on Tuesday, June 16, 2026 at 6:30 p.m., to receive comment on a proposed resolution to reopen the fiscal year 2025-2026 budget for the purpose of changes experienced in revenues and expenses.

The hearing will be held in the City Council Chambers at South Jordan City Hall, 1600 West Towne Center Drive and also electronically via Zoom.us phone and video conferencing. Citizens of South Jordan City are invited to offer oral comments and questions during the hearing regarding the Budget. Written statements may be submitted prior to the hearing date to the Recorder's Office. Copies of the Budget will be available beginning June 5, 2026, between the hours of 8:00 am and 5:00 pm, Monday through Thursday, and 8:00 am to 12:00 pm on Friday at the Recorder's Office, 1600 West Towne Center Drive and online at www.sjc.utah.gov. All those who desire to attend the meeting electronically, please visit
https://www.sjc.utah.gov/241/City-Council for further instructions.",pmn,2026-06-15T14:00:27.325344Z,40.5584954,-111.9367887,haiku_pdf_address,0.55
pmn_1088529,South Jordan,Planning Commission,2026-06-23,Notice of Meeting Cancellation,nan,nan,,,,,,,,,PROPOSED,,,https://www.utah.gov/pmn/sitemap/notice/1088529.html,"NOTICE OF MEETING CANCELLATION

The regularly scheduled South Jordan City Planning Commission meeting for June 23, 2026 has been cancelled.

The next regularly scheduled meeting will be Tuesday, July 14, 2026 at 6:30 p.m.",pmn,2026-06-15T14:00:27.325736Z,,,,
pmn_1056677_item0,Spanish Fork,Planning Commission,2026-02-04,Chicken Processing Facility Conditional Use Permit at 3500 North 1150 West,nan,0.9,COMMERCIAL_PROJECT,Request for Conditional Use Permit to allow a chicken processing facility to operate at the specified location,"3500 North 1150 West, Spanish Fork",,,,,,PROPOSED,35,Industrial/agricultural processing use; conditional use permit required indicating special land use compatibility review needed,https://www.utah.gov/pmn/sitemap/notice/1056677.html,,pmn,2026-06-15T14:00:27.329247Z,40.5530201,-112.317538,nominatim_title,0.65
pmn_1056677_item1,Spanish Fork,Planning Commission,2026-02-04,Let Them Grow Montessori Preschool Enhancement Overlay Zone Change at 75 West 300 North,nan,0.9,REZONE,Zone change to apply Development Enhancement Overlay to accommodate a preschool facility,"75 West 300 North, Spanish Fork",,,,,Development Enhancement Overlay,PROPOSED,30,Educational use (preschool); overlay designation indicates site-specific development standards being applied,https://www.utah.gov/pmn/sitemap/notice/1056677.html,,pmn,2026-06-15T14:00:27.329247Z,40.456586,-112.3596797,nominatim,0.75
pmn_1056677_item2,Spanish Fork,Planning Commission,2026-02-04,Title 15 Amendment - Old Dominion Fencing Requirements,nan,0.9,GENERAL_PLAN_AMENDMENT,Amendment to City fencing requirements in Title 15 code,,,,,,,PROPOSED,15,Code amendment affecting development standards citywide; may impact residential or commercial projects,https://www.utah.gov/pmn/sitemap/notice/1056677.html,,pmn,2026-06-15T14:00:27.329247Z,,,,
pmn_1056677_item3,Spanish Fork,Planning Commission,2026-02-04,Title 15 Amendment - Temporary Storage Yard Fencing Requirements,nan,0.9,GENERAL_PLAN_AMENDMENT,Amendment to City fencing requirements for outdoor storage yards in Title 15 code,,,,,,,PROPOSED,20,Code amendment affecting industrial/storage uses; may facilitate flex space and contractor operations,https://www.utah.gov/pmn/sitemap/notice/1056677.html,,pmn,2026-06-15T14:00:27.329247Z,,,,
pmn_1056677_item4,Spanish Fork,Planning Commission,2026-02-04,General Plan Update - Land Use Element Amendment,nan,0.9,GENERAL_PLAN_AMENDMENT,Updated Land Use Element of the General Plan,,,,,,,PROPOSED,50,Citywide comprehensive plan update; establishes future development framework and land use vision,https://www.utah.gov/pmn/sitemap/notice/1056677.html,,pmn,2026-06-15T14:00:27.329247Z,,,,
pmn_1062915_item0,Spanish Fork,Planning Commission,2026-03-04,Tietjen Subdivision - Preliminary Plat approval for 11-lot residential subdivision,nan,0.9,NEW_SUBDIVISION,Approval of a Preliminary Plat for a standard residential subdivision with 11 lots,2850 East 700 South,,11,,,,PROPOSED,35,Small residential subdivision; preliminary plat approval stage,https://www.utah.gov/pmn/sitemap/notice/1062915.html,,pmn,2026-06-15T14:00:27.329244Z,,,,
pmn_1062915_item1,Spanish Fork,Planning Commission,2026-03-04,The Villas at Annie's Acres Subdivision Amended - Preliminary Plat with MPD Overlay for 111 units,nan,0.9,LARGE_PROJECT,Amended approval for a Preliminary Plat with Master Planned Development Overlay for 111 residential units,1172 South Bradford Lane,,111,,,,PROPOSED,75,Large master planned development with 111 units; amended preliminary plat indicates revisions to previously submitted proposal,https://www.utah.gov/pmn/sitemap/notice/1062915.html,,pmn,2026-06-15T14:00:27.329244Z,,,,
pmn_1062915_item2,Spanish Fork,Planning Commission,2026-03-04,The Villas at Annie's Acres Zone Change - Rezone from R-R to R-1-6 with MPD Overlay,nan,0.9,REZONE,Zone change from R-R (Rural Residential) to R-1-6 (Residential) with Master Planned Development Overlay to accommodate a residential subdivision,1172 South Bradford Lane,,,,R-R,R-1-6,PROPOSED,70,Rezoning to facilitate The Villas at Annie's Acres development; companion to preliminary plat application,https://www.utah.gov/pmn/sitemap/notice/1062915.html,,pmn,2026-06-15T14:00:27.329244Z,,,,
pmn_1069033_item0,Spanish Fork,Planning Commission,2026-04-01,Andy Ridge Subdivision preliminary plat approval for six single-family residential lots,nan,0.9,NEW_SUBDIVISION,Approval of a Preliminary Plat for a standard subdivision with six single-family residential lots located at 418 West Quail Run Road.,"418 West Quail Run Road, Spanish Fork",,6,,,,PROPOSED,45,This item is paired with a concurrent zone change from R-R to R-1-12. Standard subdivision with modest unit count.,https://www.utah.gov/pmn/sitemap/notice/1069033.html,,pmn,2026-06-15T14:00:27.329241Z,,,,
pmn_1069033_item1,Spanish Fork,Planning Commission,2026-04-01,Andy Ridge Zone Change from R-R to R-1-12 for six-lot subdivision,nan,0.9,REZONE,Zone change application to rezone a property from R-R (Rural Residential) to R-1-12 (Single-Family Residential) to enable development of a standard subdivision with six residential lots at 418 West Quail Run Road.,"418 West Quail Run Road, Spanish Fork",,6,,R-R,R-1-12,PROPOSED,55,Zone change from rural to standard single-family residential. Tied to Andy Ridge preliminary plat.,https://www.utah.gov/pmn/sitemap/notice/1069033.html,,pmn,2026-06-15T14:00:27.329241Z,40.0832358,-111.6627324,haiku_pdf_address,0.70
pmn_1069033_item2,Spanish Fork,Planning Commission,2026-04-01,Hales 2-Lot Infill Zone Change applying Infill Overlay to R-1-6 zoning,nan,0.9,REZONE,Zone Change application to apply the Infill Overlay to the R-1-6 Zone at 208 North 600 East to allow development of two single-family residences with modified setbacks.,"208 North 600 East, Spanish Fork",,2,,R-1-6,R-1-6 with Infill Overlay,PROPOSED,35,Infill project with modified setbacks in an established area. Two-lot development indicating density increase opportunity.,https://www.utah.gov/pmn/sitemap/notice/1069033.html,,pmn,2026-06-15T14:00:27.329241Z,40.5529425,-112.2819549,nominatim_title,0.65
pmn_1069033_item3,Spanish Fork,Planning Commission,2026-04-01,Title 15 Amendments - various modifications to municipal code,nan,0.9,GENERAL_PLAN_AMENDMENT,Proposal involving various modifications to Title 15 (Municipal Code). Specific amendments not detailed in agenda text.,,,,,,,PROPOSED,40,Agenda item incomplete - specific Title 15 amendments not detailed. Likely affects development standards or procedures.,https://www.utah.gov/pmn/sitemap/notice/1069033.html,,pmn,2026-06-15T14:00:27.329241Z,,,,
pmn_1077015,Spanish Fork,City Council,2026-05-05,Spanish Fork City Council and Redevelopment Agency & Local Building Authority,nan,nan,,,,,,,,,PROPOSED,,,https://www.utah.gov/pmn/sitemap/notice/1077015.html,"Tuesday, May 5, 2026
Spanish Fork City Council, Local Building Authority, and Redevelopment Agency Meeting

CITY COUNCIL AGENDA
PUBLIC NOTICE is hereby given that the City Council, Local Building Authority, and Redevelopment Agency of Spanish Fork, Utah, will hold a public meeting on May 5, 2026 in the Council Chambers, located on the second floor of Library Hall, 80 South Main Street.

-A Work Session Meeting will begin at 4:30 pm in the Explorer Room.
-City Council Meeting will begin at 6:00 pm in the Council Chambers.
Notice is hereby given that:
-In the event of an absence of a quorum, agenda items will be continued to the next regularly scheduled meeting.
-By motion of the Spanish Fork City Council, pursuant to Title 52, Chapter 4 of the Utah Code, the City Council may vote to hold a closed meeting for any of the purposes identified in that Chapter.
- Electronic Participation: Members of the City Council and City Staff may participate by phone, zoom, or other electronic means.

SPANISH FORK CITY does not discriminate on the basis of race, color, national origin, sex, religion, age or disability in the employment or the provision of services. The public is invited to participate in all Spanish Fork City Council Meetings located at 80 South Main Street, Utah 84660. If you need special accommodation to participate in the meeting, please contact the City Manager's Office at 801-804-4530
1. 4:30 pm WORK MEETING - No formal actions are taken in a work session.
A. Resident Satisfaction Survey Results
B. Budget

2. 6:00pm CITY COUNCIL MEETING
3. CALL TO ORDER, PLEDGE, OPENING CEREMONY, RECOGNITIONS
A. Prayer & Motivational Message
B. Pledge, led by invitation
C. Recognitions

4. PUBLIC COMMENTS: In order to be considerate of everyone attending the meeting and to more closely follow the published agenda times, public comment will be limited to three minutes per person - A spokesperson who has been asked by a group to summarize their concerns will",pmn,2026-06-15T14:00:27.328260Z,40.1088636,-111.6553552,haiku_pdf_address,0.55
pmn_1076953_item0,Spanish Fork,Planning Commission,2026-05-06,Thomas Multi-Family Concept Review,nan,0.9,LARGE_PROJECT,Work session concept review for a multi-family residential development project,,,,Thomas,,,PROPOSED,65,Early-stage concept review; no formal action taken in work session,https://www.utah.gov/pmn/sitemap/notice/1076953.html,,pmn,2026-06-15T14:00:27.329238Z,,,,
pmn_1076953_item1,Spanish Fork,Planning Commission,2026-05-06,Station 61 - Argyle Substation Zone Change at 137 West Center Street,nan,0.9,REZONE,Zone change from R-O and R-1-6 to P-F (Public Facilities) to accommodate development of a new City Fire Station and power substation,137 West Center Street,,,Spanish Fork City,"R-O, R-1-6",P-F,PROPOSED,45,Public hearing item; infrastructure/municipal use project,https://www.utah.gov/pmn/sitemap/notice/1076953.html,,pmn,2026-06-15T14:00:27.329238Z,,,,
pmn_1076953_item2,Spanish Fork,Planning Commission,2026-05-06,Arrowhead Commercial Zone Change at 450 West 1675 South,nan,0.9,REZONE,Zone change from R-1-12 (single-family residential) to C-2 (General Commercial) for commercial development,450 West 1675 South,,,Arrowhead,R-1-12,C-2,PROPOSED,75,Residential-to-commercial conversion; public hearing item,https://www.utah.gov/pmn/sitemap/notice/1076953.html,,pmn,2026-06-15T14:00:27.329238Z,40.3674271,-111.85944,nominatim,0.75
pmn_1076953_item3,Spanish Fork,Planning Commission,2026-05-06,Maverik Convenience Store Signage Plan at 1399 North Main Street,signage,0.9,,Approval of signage plan for a Maverik convenience store location,1399 North Main Street,,,Maverik,,,PROPOSED,20,Signage-only approval for existing or approved convenience store,https://www.utah.gov/pmn/sitemap/notice/1076953.html,,pmn,2026-06-15T14:00:27.329238Z,40.557908,-112.297096,nominatim,0.75
pmn_1076953_item4,Spanish Fork,Planning Commission,2026-05-06,Doug Smith Project Signage Plan at 200 East 2940 North,signage,0.9,,Approval of signage plan for a proposed auto dealership,200 East 2940 North,,,Doug Smith,,,PROPOSED,25,Signage-only approval for proposed auto dealership,https://www.utah.gov/pmn/sitemap/notice/1076953.html,,pmn,2026-06-15T14:00:27.329238Z,,,,
pmn_1079665_item0,Spanish Fork,Planning Commission,2026-05-12,Heritage Community concept presentation,nan,0.9,DEVELOPER_ACTIVITY,Concept presentation for Heritage Community project to City Council and Planning Commission in joint work session,,,,Heritage Community,,,PROPOSED,50,Work session format - no formal actions taken. Concept stage presentation suggests early development planning phase. Developer should monitor for formal application filing.,https://www.utah.gov/pmn/sitemap/notice/1079665.html,,pmn,2026-06-15T14:00:27.329235Z,,,,
pmn_1080923,Spanish Fork,City Council,2026-05-19,Spanish Fork City Council,nan,nan,,,,,,,,,PROPOSED,,,https://www.utah.gov/pmn/sitemap/notice/1080923.html,"Tuesday, May 19, 2026
Spanish Fork City Council Meeting
CITY COUNCIL AGENDA

PUBLIC NOTICE is hereby given that the City Council of Spanish Fork, Utah, will hold a public meeting on May 19, 2026 in the Council Chambers, located on the second floor of Library Hall, 80 South Main Street.

-A Work Session Meeting will begin at 5:00 pm in the Explorer Room.
-City Council Meeting will begin at 6:00 pm in the Council Chambers.

Notice is hereby given that:
-In the event of an absence of a quorum, agenda items will be continued to the next regularly scheduled meeting.
-By motion of the Spanish Fork City Council, pursuant to Title 52, Chapter 4 of the Utah Code, the City Council may vote to hold a closed meeting for any of the purposes identified in that Chapter.
- Electronic Participation: Members of the City Council and City Staff may participate by phone, zoom, or other electronic means.

SPANISH FORK CITY does not discriminate on the basis of race, color, national origin, sex, religion, age or disability in the employment or the provision of services. The public is invited to participate in all Spanish Fork City Council Meetings located at 80 South Main Street, Utah 84660. If you need special accommodation to participate in the meeting, please contact the City Manager's Office at 801-804-4530

1. 5:00 pm WORK MEETING
A. Budget Document

B. Adjourn to a Closed Meeting
2. ADJOURN TO CLOSED MEETING If Needed-The Spanish Fork City Council may temporarily recess the regular meeting and convene in a closed session to discuss (a) discussion of the character, professional competence, or physical or mental health of an individual (b) strategy sessions to discuss collective bargaining, (c) strategy sessions to discuss pending or reasonably imminent litigation, (d) strategy sessions to discuss the purchase, exchange, or lease of real property, including any form of a water right or water shares, or to discuss a proposed development agreement, project proposal, ",pmn,2026-06-15T14:00:27.328257Z,40.1088635,-111.6553552,haiku_pdf_address,0.55
pmn_1084333,Spanish Fork,City Council,2026-06-02,AMENDED Spanish Fork City Council and Redevelopment Agency & Local Building Authority,nan,nan,,,,,,,,,PROPOSED,,,https://www.utah.gov/pmn/sitemap/notice/1084333.html,"Tuesday, June 2, 2026
Spanish Fork City Council, Local Building Authority, and Redevelopment Agency Meeting

CITY COUNCIL AGENDA
PUBLIC NOTICE is hereby given that the City Council, Local Building Authority, and Redevelopment Agency of Spanish Fork, Utah, will hold a public meeting on June 2, 2026 in the Council Chambers, located on the second floor of Library Hall, 80 South Main Street.
-A Work Session Meeting will begin at 4:30 pm in the Explorer Room.
-City Council Meeting will begin at 6:00 pm in the Council Chambers.

Notice is hereby given that:
-In the event of an absence of a quorum, agenda items will be continued to the next regularly scheduled meeting.
-By motion of the Spanish Fork City Council, pursuant to Title 52, Chapter 4 of the Utah Code, the City Council may vote to hold a closed meeting for any of the purposes identified in that Chapter.
- Electronic Participation: Members of the City Council and City Staff may participate by phone, zoom, or other electronic means.

SPANISH FORK CITY does not discriminate on the basis of race, color, national origin, sex, religion, age or disability in the employment or the provision of services. The public is invited to participate in all Spanish Fork City Council Meetings located at 80 South Main Street, Utah 84660. If you need special accommodation to participate in the meeting, please contact the City Manager's Office at 801-804-4530

1. 4:30 pm WORK MEETING - No formal actions are taken in a work session.
A. Fiscal Year 2026 Revision 2 Work Session
B. Review of LBA Parameters Resolution and Process

2. 6:00pm CITY COUNCIL MEETING
3. CALL TO ORDER, PLEDGE, OPENING CEREMONY, RECOGNITIONS
A. Prayer & Motivational Message
B. Pledge, led by invitation
C. Recognitions

4. PUBLIC COMMENTS: In order to be considerate of everyone attending the meeting and to more closely follow the published agenda times, public comment will be limited to three minutes per person - A spokesperson who has been ",pmn,2026-06-15T14:00:27.328248Z,40.1088635,-111.6553552,haiku_pdf_address,0.55
pmn_1083409,Spanish Fork,City Council,2026-06-02,Spanish Fork City Council Notice of the Fiscal Year 2027 Budget Public Hearing,nan,nan,,,,,,,,,PROPOSED,,,https://www.utah.gov/pmn/sitemap/notice/1083409.html,"NOTICE OF THE FISCAL YEAR 2027 BUDGET PUBLIC HEARING  
A Public Hearing for the Spanish Fork City Fiscal Year 2027 Budget will be held before the Spanish Fork City Council on June 2nd, 2026 at 6:00 P.M. This hearing is to receive public comment for the following items:
 1) The proposed Budget for Fiscal Year 2027
Revenues, expenditures, and transfers for all funds;
Donations in the form of cash and fee waivers;
All fees and utility rates schedule; 
This will be held in the Spanish Fork City Council Chambers at 6 pm located at 80 S Main Street, Spanish Fork, Utah. All interested residents are invited to attend.
If you need special accommodation to participate in the meeting please contact the City Manager's office, 801-804-4530.
This was published on the Utah Public Notice Website, the City Website, and posted at the Parks and Recreation, Library Hall, and City Hall buildings by the City Recorder on 05-26-2026",pmn,2026-06-15T14:00:27.328251Z,40.1088635,-111.6553552,haiku_pdf_address,0.55
pmn_1083411,Spanish Fork,City Council,2026-06-02,Spanish Fork City Council Notice to Spanish Fork City Utility Customers 2027,nan,nan,,,,,,,,,PROPOSED,,,https://www.utah.gov/pmn/sitemap/notice/1083411.html,"NOTICE TO SPANISH FORK CITY UTILITY CUSTOMERS

State law requires that the City provide an annual disclosure on funds transferred from a utility enterprise fund to any other fund. The City has budgeted the following transfers. 

The City of Spanish Fork has budgeted for the transfer from each utility fund to the general fund as a dividend to Spanish Fork taxpayers. This dividend is the result of the rate payers' investment in the City's utility infrastructure. These funds are used each year to help cover costs of important city services like police, fire, library, senior center, parks and recreation, and other city functions. The utility transfer helps keep property taxes low in Spanish Fork. If City utility services were provided by private utility vendors, these dividends would instead be paid to the private investor-owners. Because Spanish Fork residents are the investor-owners, these dividends are used to offset what otherwise would be a significant increase in property tax rates. These transfers are of funds which cannot be defined as a reasonable allocation of costs between funds. These amounts will not be repaid. 

The amounts of the transfers are as follows:	Dollar Amount          	% of Expenditures 
From the Power Fund to the General Fund	$ 1,310,000	  3.3 % From the Water Fund to the General Fund 	$ 352,000		2.6 % 
From the Sewer Fund to the General Fund	$ 152,000	0.9 %
From the Solid Waste Fund to the General Fund 	$ 50,000 	 1.3 % 
From the Broadband Fund to the General Fund 	$ 633,171 	  5.7 % 

Spanish Fork City also has a debt obligation that the Power Fund is helping make payments on. The funds are to pay for the Justice Center (Police/Court Building). This transfer is for funds which cannot be defined as a reasonable allocation of costs between funds. These amounts will not be repaid. 

The amount of this transfer is as follows:        	Dollar Amount	 % of Expenditures 
From the Power Fund to the Debt Service Fund 	$ 679,503 	1.7 %
",pmn,2026-06-15T14:00:27.328254Z,,,,
pmn_1084041_item0,Spanish Fork,Planning Commission,2026-06-03,Title 15 Flood Damage Prevention Ordinance Amendment,nan,0.9,,Update to the city's flood plain ordinance to align with current effective FIRM/FIS (Flood Insurance Rate Map/Flood Insurance Study) standards,,,,,,,PROPOSED,15,Procedural/regulatory update with public hearing; flood plain compliance mechanism,https://www.utah.gov/pmn/sitemap/notice/1084041.html,,pmn,2026-06-15T14:00:27.329232Z,,,,
pmn_1084041_item1,Spanish Fork,Planning Commission,2026-06-03,Construction Standards Revision (26.01),nan,0.9,,Various updates to the City's Construction Standards ordinance,,,,,,,PROPOSED,10,Procedural/regulatory update with public hearing; affects development standards and procedures,https://www.utah.gov/pmn/sitemap/notice/1084041.html,,pmn,2026-06-15T14:00:27.329232Z,,,,
pmn_1086471,Spanish Fork,City Council,2026-06-16,Spanish Fork City Council  NOTICE OF THE FISCAL YEAR 2026 BUDGET REVISION 2 PUBLIC HEARING,nan,nan,,,,,,,,,PROPOSED,,,https://www.utah.gov/pmn/sitemap/notice/1086471.html,"NOTICE OF THE FISCAL YEAR 2026 BUDGET REVISION 2 PUBLIC HEARING  
A Public Hearing for the Spanish Fork City Fiscal Year 2026 Budget Revision 2  will be held before the Spanish Fork City Council on June 16th, 2026 at 6:00 P.M. This hearing is to receive public comment for the following items:

 1) The proposed Budget for Fiscal Year 2026 Revision 2

Revenues, expenditures, and transfers for all funds;

This will be held in the Spanish Fork City Council Chambers at 6 pm located at 80 S Main Street, Spanish Fork, Utah. All interested residents are invited to attend.
If you need special accommodation to participate in the meeting please contact the City Manager's office, 801-804-4530.
This was published on the Utah Public Notice Website, the City Website, and posted at the Parks and Recreation, Library Hall, and City Hall buildings by the City Recorder on 06-04-2026",pmn,2026-06-15T14:00:27.328243Z,40.1088635,-111.6553552,haiku_pdf_address,0.55
pmn_1085433_item0,Spanish Fork,City Council,2026-06-16,"Amendment to City Construction Standards for engineering, utility, and infrastructure specifications",nan,0.9,INFRASTRUCTURE,"Spanish Fork City Council public hearing and proposed ordinance to amend Construction Standards. Amendments include boring inspections and testing, excavation permit communication plans, sewer manhole requirements, sewer main minimum depth, inlet placement restrictions, electrical standards, water standard drawings, mow strip/curb wall/tree planting specifications, PI Filter standard drawings, and Power & Light standards. Purpose is to update and clarify engineering, utility, construction, and infrastructure standards for public improvements and development.",Spanish Fork City,,,,,,PROPOSED,35,"Procedural/administrative update to city standards affecting future development. Public hearing scheduled for June 16, 2026 at 6:00 p.m. at Spanish Fork City Hall, 80 South Main Street. Copies available at Engineering Department or 801-804-4543.",https://www.utah.gov/pmn/sitemap/notice/1085433.html,,pmn,2026-06-15T14:00:27.328245Z,,,,
pmn_1088485,Spanish Fork,City Council,2026-06-16,Spanish Fork City Council and Redevelopment Agency & Local Building Authority,nan,nan,,,,,,,,,PROPOSED,,,https://www.utah.gov/pmn/sitemap/notice/1088485.html,"Tuesday, June 16, 2026
Spanish Fork City Council, Local Building Authority, and Redevelopment Agency Meeting

CITY COUNCIL AGENDA
PUBLIC NOTICE is hereby given that the City Council, Local Building Authority, and Redevelopment Agency of Spanish Fork, Utah, will hold a public meeting on June 16, 2026 in the Council Chambers, located on the second floor of Library Hall, 80 South Main Street.
-A Work Session Meeting will begin at 4:30 pm in the Explorer Room.

-City Council Meeting will begin at 6:00 pm in the Council Chambers.

Notice is hereby given that:
-In the event of an absence of a quorum, agenda items will be continued to the next regularly scheduled meeting.
-By motion of the Spanish Fork City Council, pursuant to Title 52, Chapter 4 of the Utah Code, the City Council may vote to hold a closed meeting for any of the purposes identified in that Chapter.
- Electronic Participation: Members of the City Council and City Staff may participate by phone, zoom, or other electronic means.

SPANISH FORK CITY does not discriminate on the basis of race, color, national origin, sex, religion, age or disability in the employment or the provision of services. The public is invited to participate in all Spanish Fork City Council Meetings located at 80 South Main Street, Utah 84660. If you need special accommodation to participate in the meeting, please contact the City Manager's Office at 801-804-4530

1. 4:30 pm WORK MEETING - No formal actions are taken in a work session.
A. Code Enforcement
B. Diligent - Council Agenda Software Training

2. 6:00pm CITY COUNCIL MEETING

3. CALL TO ORDER, PLEDGE, OPENING CEREMONY, RECOGNITIONS
A. Prayer & Motivational Message
B. Pledge, led by invitation
C. Recognitions

4. PUBLIC COMMENTS: In order to be considerate of everyone attending the meeting and to more closely follow the published agenda times, public comment will be limited to three minutes per person - A spokesperson who has been asked by a group to su",pmn,2026-06-15T14:00:27.328240Z,40.1088635,-111.6553552,haiku_pdf_address,0.55
pmn_1085785_item0,Spanish Fork,City Council,2026-07-07,"Local Building Authority Lease Revenue and Refunding Bonds, Series 2026 - Fire Station and Public Works Building",nan,0.9,INFRASTRUCTURE,"Public hearing to receive input on the proposed issuance of Lease Revenue and Refunding Bonds, Series 2026 in an amount not to exceed $83,000,000. Proceeds will finance construction of a fire station and public works building with all related improvements, refund certain outstanding bonds, fund debt service reserve fund deposits, and pay bond issuance costs.","Spanish Fork, Utah",,,"Local Building Authority of Spanish Fork City, Utah",,,PROPOSED,35,"Public hearing scheduled for July 7, 2026 at 6:00 p.m. at Spanish Fork City offices, 40 South Main Street. Bond issuance is for municipal infrastructure (fire station and public works facility) rather than private development. Principal amount not to exceed $83,000,000.",https://www.utah.gov/pmn/sitemap/notice/1085785.html,,pmn,2026-06-15T14:00:27.328233Z,,,,
pmn_1085767_item0,Spanish Fork,City Council,2026-07-07,"Lease Revenue and Refunding Bonds, Series 2026 for fire station and public works building construction",nan,0.9,INFRASTRUCTURE,"Public hearing and bond issuance for financing construction of a fire station and public works building with related improvements in Spanish Fork City. The Local Building Authority intends to issue Lease Revenue and Refunding Bonds, Series 2026, with an average annual debt service of $5,655,595 and expected annual lease payments of $5,684,834 over a term not to exceed 21 years. Spanish Fork City will be the lessee of the facility.","Spanish Fork City, Utah",,,,,,PROPOSED,35,"This is a municipal infrastructure financing mechanism, not a private development proposal. The bonds will finance public facilities (fire station and public works building). Meeting scheduled for July 7, 2026 at 6:00 p.m. at 40 South Main Street, Spanish Fork, Utah.",https://www.utah.gov/pmn/sitemap/notice/1085767.html,,pmn,2026-06-15T14:00:27.328237Z,,,,
pmn_1077305_item0,Tooele,City Council,2026-05-06,Ordinance 2026-11: Amending landscaping and water conservation requirements for residential development regarding sod use and irrigation systems,nan,0.9,,"Public hearing and motion on ordinance amending Section 7-14-11 to modify landscaping and water conservation requirements for new residential development, specifically addressing the use of sod in residential landscaping and associated irrigation systems.",,,,,,,PROPOSED,15,Regulatory/code amendment affecting all future residential development in Tooele City. May impact project feasibility and landscaping costs for developers.,https://www.utah.gov/pmn/sitemap/notice/1077305.html,,pmn,2026-06-15T14:00:27.329399Z,,,,
pmn_1077301_item0,Tooele,City Council,2026-05-06,Text Amendment to Tooele City Code Title 7 Chapter 4 regarding Off-Street Parking Requirements for Automobile Related Commercial Uses,nan,0.9,,Discussion on a proposed text amendment to establish specific parking and storage standards for automobile related commercial uses in Tooele City Code,,,,,,,PROPOSED,15,Code amendment affecting parking standards for auto-related commercial uses; presented by Community Development Director Andrew Aagard,https://www.utah.gov/pmn/sitemap/notice/1077301.html,,pmn,2026-06-15T14:00:27.329402Z,,,,
pmn_1077301_item1,Tooele,City Council,2026-05-06,Text Amendment to Tooele City Code 7-14-11 regarding Landscaping and Water Conservation with New Development,nan,0.9,,Discussion on a proposed city code text amendment regarding the use of sod in residential landscaping and irrigation systems associated with residential landscaping,,,,,,,PROPOSED,10,Code amendment affecting landscaping and water conservation standards for residential development; presented by Community Development Director Andrew Aagard,https://www.utah.gov/pmn/sitemap/notice/1077301.html,,pmn,2026-06-15T14:00:27.329402Z,,,,
pmn_1077323_item0,Tooele,Planning Commission,2026-05-13,Text amendment to Tooele City Code 7-11a-17 regarding fencing exceptions for multi-family residential projects adjacent to single-family developments,nan,0.9,GENERAL_PLAN_AMENDMENT,Proposed text amendment to Design Standards: Walls and Fences code to allow exceptions to current fencing requirements when new multi-family residential projects are constructed adjacent to existing single-family residential developments where fencing has already been installed.,,,,,,,PROPOSED,35,Code amendment intended to provide flexibility for multi-family projects in areas adjacent to established single-family neighborhoods; affects fencing standards city-wide,https://www.utah.gov/pmn/sitemap/notice/1077323.html,,pmn,2026-06-15T14:00:27.329540Z,,,,
pmn_1081210,Tooele,City Council,2026-05-20,City Council Business Meeting Cancelled,nan,nan,,,,,,,,,PROPOSED,,,https://www.utah.gov/pmn/sitemap/notice/1081210.html,"PUBLIC NOTICE

Notice is Hereby Given that the Tooele City Council Work and Business Meetings Scheduled for Wednesday, May 20, 2026, have been Cancelled. The Next Regularly Scheduled City Council Meeting will be held on Wednesday, June 3, 2026. 


___________________________
Shilo Baker
Tooele City Recorder",pmn,2026-06-15T14:00:27.329391Z,,,,
pmn_1081208,Tooele,City Council,2026-05-20,City Council Work Meeting Cancelled,nan,nan,,,,,,,,,PROPOSED,,,https://www.utah.gov/pmn/sitemap/notice/1081208.html,"PUBLIC NOTICE

Notice is Hereby Given that the Tooele City Council Work and Business Meetings Scheduled for Wednesday, May 20, 2026, have been Cancelled. The Next Regularly Scheduled City Council Meeting will be held on Wednesday, June 3, 2026. 



___________________________
Shilo Baker
Tooele City Recorder",pmn,2026-06-15T14:00:27.329396Z,,,,
pmn_1081232_item0,Tooele,Planning Commission,2026-05-27,"Text amendment to Tooele City Code Title 7, Chapter 25 regarding political signs in public rights-of-way",signage,0.9,,"Proposed text amendment to city code governing the display, removal, and regulation of political signs in public rights-of-way, required by Utah Code Title 20A, Chapter 17",,,,,,,PROPOSED,5,Code amendment only; no development or real estate impact,https://www.utah.gov/pmn/sitemap/notice/1081232.html,,pmn,2026-06-15T14:00:27.329535Z,,,,
pmn_1081240_item0,Tooele,Planning Commission,2026-05-27,Text amendment to Tooele City Code 7-16b-6 regarding minimum landscaping requirements in heavy industrial sections of Tooele City Business Park,nan,0.9,GENERAL_PLAN_AMENDMENT,Proposed text amendment to landscaping standards code affecting minimum landscaping requirements specifically in the heavy industrial zones of the Tooele City Business Park,Tooele City Business Park,,,,,,PROPOSED,25,"This is a code amendment affecting landscaping standards in industrial areas, likely to either increase or decrease landscaping requirements. Details on the direction of change are not specified in the notice.",https://www.utah.gov/pmn/sitemap/notice/1081240.html,,pmn,2026-06-15T14:00:27.329532Z,,,,
pmn_1083449_item0,Tooele,Planning Commission,2026-05-27,Text amendment to Tooele City Code 7-16b-6 regarding minimum landscaping requirements in heavy industrial sections of Tooele City Business Park,nan,0.9,GENERAL_PLAN_AMENDMENT,Proposed text amendment to modify landscaping standards and minimum landscaping requirements specifically for heavy industrial sections of the Tooele City Business Park,Tooele City Business Park,,,,,,PROPOSED,35,Code modification affecting industrial park standards; may indicate future development activity or code enforcement issues in business park,https://www.utah.gov/pmn/sitemap/notice/1083449.html,,pmn,2026-06-15T14:00:27.329538Z,,,,
pmn_1083449_item1,Tooele,Planning Commission,2026-05-27,"Text amendment to Tooele City Code Title 7, Chapter 25 regarding political signs in public rights-of-way",signage,0.9,,"Proposed text amendment to regulate display, removal, and overall regulations of political signs in public rights-of-way in compliance with Utah Code Title 20A, Chapter 17",,,,,,,PROPOSED,5,Signage code amendment for political signs only; required compliance with state statute,https://www.utah.gov/pmn/sitemap/notice/1083449.html,,pmn,2026-06-15T14:00:27.329538Z,,,,
pmn_1084581_item0,Tooele,City Council,2026-06-03,Ordinance 2026-12: Amendment to Design Standards for Walls and Fences in Multi-Family Residential Projects,nan,0.9,,Amendment to Section 7-11a-17 (Design Standards: Walls and Fences) adding an exception to current fencing requirements when a new multi-family residential project is constructed adjacent to existing fencing,,,,,,,PROPOSED,25,Code amendment affecting multi-family residential development standards. Presented by City Planner Anna Anglin. This appears to be a regulatory adjustment to facilitate multi-family development by providing fencing relief.,https://www.utah.gov/pmn/sitemap/notice/1084581.html,,pmn,2026-06-15T14:00:27.329386Z,,,,
pmn_1084579_item0,Tooele,City Council,2026-06-03,Text Amendment to Tooele City Code 7-11a-17 regarding fencing exceptions for multi-family residential projects adjacent to single-family developments,nan,0.9,GENERAL_PLAN_AMENDMENT,Discussion of a proposed text amendment to Design Standards regarding an exception to fencing requirements when new multi-family residential projects are constructed adjacent to existing single-family residential developments where fencing has already been installed.,,,,,,,PROPOSED,25,This is a code text amendment discussion that would affect multi-family residential development standards. Favorable to multi-family infill projects near existing single-family areas.,https://www.utah.gov/pmn/sitemap/notice/1084579.html,,pmn,2026-06-15T14:00:27.329388Z,,,,
pmn_1084579_item1,Tooele,City Council,2026-06-03,Amendments to Tooele City Code 7-16a-3 regarding Residential Special Districts minimum land requirements,nan,0.9,GENERAL_PLAN_AMENDMENT,"Discussion on proposed amendments to Residential Special Districts Eligibility and Size provisions, regarding minimum land requirements necessary to qualify for a Commercial Special District.",,,,,,,PROPOSED,35,Incomplete agenda text (appears truncated). Relates to special district eligibility thresholds which could impact development feasibility for certain projects.,https://www.utah.gov/pmn/sitemap/notice/1084579.html,,pmn,2026-06-15T14:00:27.329388Z,,,,
pmn_1084857_item0,Tooele,Planning Commission,2026-06-10,Partial vacation of nine-foot strip of public right-of-way along James Way,nan,0.9,INFRASTRUCTURE,"Tooele City has initiated a petition to vacate a 9-foot strip of public right-of-way along the northern portion of James Way, extending approximately 1,982 linear feet between Industrial Loop and Lodestone Way intersections. This would reduce the existing right-of-way width from 85 feet to 76 feet.","James Way between Industrial Loop and Lodestone Way intersections, Tooele",,,,,,PROPOSED,25,"Right-of-way vacation requires Planning Commission approval. Approximately 1,982 linear feet of road corridor being reduced. Likely industrial area based on street names (Industrial Loop).",https://www.utah.gov/pmn/sitemap/notice/1084857.html,,pmn,2026-06-15T14:00:27.329530Z,,,,
pmn_1087037_item0,Tooele,Planning Commission,2026-06-10,Partial vacation of nine-foot strip of public right-of-way along James Way,nan,0.9,INFRASTRUCTURE,"Tooele City initiated application proposing the partial vacation of a nine (9) foot strip of public right-of-way along the northern portion of James Way, extending approximately 1,982 linear feet between the Industrial Loop intersection and the Lodestone Way intersection. This would reduce the existing right-of-way width from eighty-five (85) feet to seventy-six (76) feet.","James Way, between Industrial Loop intersection and Lodestone Way intersection, Tooele, Utah",,,,,,PROPOSED,25,"City-initiated right-of-way vacation project. Affects approximately 1,982 linear feet of roadway. Infrastructure modification reducing public right-of-way width by 9 feet.",https://www.utah.gov/pmn/sitemap/notice/1087037.html,,pmn,2026-06-15T14:00:27.329527Z,,,,
pmn_1087805,Tooele,City Council,2026-06-17,Public Notice Budget Amendments FY2025-2026,nan,nan,,,,,,,,,PROPOSED,,,https://www.utah.gov/pmn/sitemap/notice/1087805.html,"Public Notice

Notice is hereby given that the Tooele City Council of Tooele City, Utah, will hold a Public Hearing to consider approving budget amendments for fiscal year 2025-2026. The hearing will be held on Wednesday, June 17, 2026, at 7:00 p.m. The meeting will be held at the Tooele City Hall Council Chambers, located at 90 North Main Street, Tooele, Utah.

Tooele City public meetings may be recorded and transcribed for documentation and quality assurance purposes. By attending this meeting, you consent to being recorded. If you do not consent, we encourage you to join the City Council meeting electronically by visiting the Tooele City YouTube Channel, at https://www.youtube.com/@tooelecity or by going to YouTube.com and searching 'Tooele City Channel'. If you are attending electronically and would like to submit a written comment for the public comment period or for a public hearing item, please email cmpubliccomment@tooelecity.gov. If submission by email is not an option, written comments may be submitted to the City Recorder. Written comments must be submitted no later than the day prior to the meeting. Written comments will be addressed at the designated points in the meeting.

Pursuant to the Americans with Disabilities Act, Individuals Needing Special Accommodations Should Notify Shilo Baker, Tooele City Recorder, at 435-843-2113 or shilob@tooelecity.gov, Prior to the Meeting.",pmn,2026-06-15T14:00:27.329383Z,40.532347,-112.2984153,haiku_pdf_address,0.55
pmn_1087815,Tooele,City Council,2026-06-17,Public Notice Executive Compensation Schedule FY2026-2027,nan,nan,,,,,,,,,PROPOSED,,,https://www.utah.gov/pmn/sitemap/notice/1087815.html,"Public Notice

Notice is hereby given that the Tooele City Council of Tooele City, Utah, will hold a Public Hearing on Ordinance 2026-16 An Ordinance of the Tooele City Council Adopting an Executive Compensation Schedule for Fiscal Year 2026-2027.  The hearing will be held on Wednesday, June 17, 2026, at 7:00 p.m. The public hearing will be held at Tooele City Hall, in the City Council Chambers, located at 90 North Main Street, Tooele, Utah.

Tooele City public meetings may be recorded and transcribed for documentation and quality assurance purposes. By attending this meeting, you consent to being recorded. If you do not consent, we encourage you to join the City Council meeting electronically by visiting the Tooele City YouTube Channel, at https://www.youtube.com/@tooelecity or by going to YouTube.com and searching 'Tooele City Channel'. If you are attending electronically and would like to submit a written comment for the public comment period or for a public hearing item, please email cmpubliccomment@tooelecity.gov. If submission by email is not an option, written comments may be submitted to the City Recorder. Written comments must be submitted no later than the day prior to the meeting. Written comments will be addressed at the designated points in the meeting.

Pursuant to the Americans with Disabilities Act, Individuals Needing Special Accommodations Should Notify Shilo Baker, Tooele City Recorder, at 435-843-2113 or shilob@tooelecity.gov, Prior to the Meeting.",pmn,2026-06-15T14:00:27.329380Z,40.532347,-112.2984153,haiku_pdf_address,0.55
pmn_1087827,Tooele,City Council,2026-06-17,Public Notice Interim Budget FY2026-2027,nan,nan,,,,,,,,,PROPOSED,,,https://www.utah.gov/pmn/sitemap/notice/1087827.html,"PUBLIC NOTICE

Notice is Hereby Given that the Tooele City Council of Tooele City, Utah, will hold a Public Hearing to Consider the Adoption of the Interim Budget for Tooele City for Fiscal Year 2026 - 2027.  The Hearing will be held on Wednesday, June 17, 2026 at the hour of 7:00 p.m.  The Meeting will be held in the Tooele City Council Room Located at 90 North Main Street, Tooele, Utah.

The Entire Proposed Budget will be Available for Inspection by the Public at Tooele City's Website at https://tooelecity.gov/budget and in the Recorder's Office.

Tooele City public meetings may be recorded and transcribed for documentation and quality assurance purposes. By attending this meeting, you consent to being recorded. If you do not consent, we encourage you to join the City Council meeting electronically by visiting the Tooele City YouTube Channel, at https://www.youtube.com/@tooelecity or by going to YouTube.com and searching 'Tooele City Channel'. If you are attending electronically and would like to submit a written comment for the public comment period or for a public hearing item, please email cmpubliccomment@tooelecity.gov. If submission by email is not an option, written comments may be submitted to the City Recorder. Written comments must be submitted no later than the day prior to the meeting. Written comments will be addressed at the designated points in the meeting.

Pursuant to the Americans with Disabilities Act, Individuals Needing Special Accommodations Should Notify Shilo Baker, Tooele City Recorder, at 435-843-2113 or shilob@tooelecity.gov, Prior to the Meeting.",pmn,2026-06-15T14:00:27.329377Z,40.532347,-112.2984153,haiku_pdf_address,0.55
pmn_1088655,Tooele,City Council,2026-06-17,Tooele City Council Business Meeting,nan,nan,,,,,,,,,PROPOSED,,,https://www.utah.gov/pmn/sitemap/notice/1088655.html,"PUBLIC NOTICE

Notice is hereby given that the Tooele City Council will meet in a Business Meeting on Wednesday, June 17, 2026 immediately following the 7:00 p.m. Redevelopment Meeting. The meeting will be held in the Tooele City Hall Council Chambers, located at 90 North Main Street, Tooele, Utah. The complete public notice is posted on the Utah Public Notice Website www.utah.gov, the Tooele City Website www.tooelecity.gov, and at Tooele City Hall. To request a copy of the public notice or for additional inquiries please contact Shilo Baker, City Recorder at (435)843-2111 or shilob@tooelecity.gov. 

Tooele City public meetings may be recorded and transcribed for documentation and quality assurance purposes. By attending this meeting, you consent to being recorded.  If you do not consent, we encourage you to join the City Council meeting electronically by visiting the Tooele City YouTube Channel, at https://www.youtube.com/@tooelecity or by going to YouTube.com and searching 'Tooele City Channel'. If you are attending electronically and would like to submit a written comment for the public comment period or for a public hearing item, please email cmpubliccomment@tooelecity.gov.  If submission by email is not an option, written comments may be submitted to the City Recorder.  Written comments must be submitted no later than the day prior to the meeting.  Written comments will be addressed at the designated points in the meeting.

AGENDA

1.	Pledge of Allegiance

2.	Roll Call

3.	America 250 - TooeleServes Day

4.	Public Comment Period

5.	Public Hearing and Motion on Resolution 2026-41 A Resolution of the Tooele City Council Approving Budget Amendments for Fiscal Year 2025-2026
Presented by Shannon Wimmer, Finance Director

6.	Public Hearing and Motion on Ordinance 2026-16 An Ordinance of the Tooele City Council Adopting an Executive Compensation Schedule for Fiscal Year 2026-2027
Presented by Kami Perkins, HR Director

7.	Property Tax Impact Sc",pmn,2026-06-15T14:00:27.329374Z,40.532347,-112.2984153,haiku_pdf_address,0.55
pmn_1088591_item0,Tooele,Planning Commission,2026-06-24,Text amendment to Tooele City Code Title 7 Chapter 16a-3 regarding Commercial Special Districts contiguity requirement,nan,0.9,GENERAL_PLAN_AMENDMENT,"Proposed text amendment by Perry Homes and LH Perry Investments to modify Residential Special Districts Eligibility and Size code, specifically addressing the contiguity requirement qualification for proposed Commercial Special Districts.",,,,Perry Homes and LH Perry Investments,,,PROPOSED,65,This is a code text amendment request that may affect future commercial district development standards. The contiguity requirement change could enable larger or differently-configured commercial districts in Tooele.,https://www.utah.gov/pmn/sitemap/notice/1088591.html,,pmn,2026-06-15T14:00:27.329525Z,,,,
pmn_1088889_item0,Tooele,Planning Commission,2026-06-24,Conditional Use Permit for Accessory Drive Through Facility at 2400 North and SR-36,nan,0.9,COMMERCIAL_PROJECT,Conditional Use Permit request to authorize an 'Accessory Drive Through Facility' on approximately 1.56 acres in the GC General Commercial zoning district.,"2400 North and SR-36, Tooele, Utah",1.56,,"Perry Commercial (Jake Finlinson, representative)",GC,,PROPOSED,45,Drive-through use requires conditional use permit in GC zoning; likely associated with commercial retail or food service. Small parcel size suggests infill or accessory use to existing commercial development.,https://www.utah.gov/pmn/sitemap/notice/1088889.html,,pmn,2026-06-15T14:00:27.329519Z,,,,
pmn_1088899_item0,Tooele,Planning Commission,2026-06-24,"Text amendment to Tooele City Code Title 7, Chapter 25 regarding political signs in public rights-of-way",signage,0.9,,"Public hearing on a proposed text amendment to regulate the display, removal, and regulations of political signs in public rights-of-way in compliance with Utah Code Title 20A, Chapter 17.",,,,,,,PROPOSED,5,Sign code amendment for political signs in public rights-of-way only; compliance with state statute required,https://www.utah.gov/pmn/sitemap/notice/1088899.html,,pmn,2026-06-15T14:00:27.329516Z,,,,
pmn_1088861_item0,Tooele,Planning Commission,2026-06-24,General Plan Land Use Map amendment for 4.1-acre parcel at 1280 North and 200 East from Medium Density Residential to Light Industrial,nan,0.9,GENERAL_PLAN_AMENDMENT,Public hearing to consider amending the General Plan's Land Use Map designation for a 4.1-acre parcel from 'Medium Density Residential' to 'Light Industrial' to facilitate a light industrial development.,"1280 North and 200 East, Tooele",4.1,,"Grow Development, LLC (Boyd Brown, representative)",Medium Density Residential,Light Industrial,PROPOSED,65,"Light industrial development proposed; General Plan amendment required before zoning change can proceed. Public hearing scheduled for June 24, 2026.",https://www.utah.gov/pmn/sitemap/notice/1088861.html,,pmn,2026-06-15T14:00:27.329522Z,,,,
pmn_1048525_item0,Vineyard,Planning Commission,2026-01-07,Greenline Block 4 Site Plan Amendment - Retail Village,nan,0.9,COMMERCIAL_PROJECT,"Bronson Tatton with Flagborough is requesting approval of a site plan amendment for The Greenline Block 4, a retail village development.",,,,Flagborough,,,PROPOSED,45,Site plan amendment indicates this is a modification to an existing approved project. Retail village component suggests mixed-use or commercial-focused development.,https://www.utah.gov/pmn/sitemap/notice/1048525.html,,pmn,2026-06-15T14:00:27.328575Z,,,,
pmn_1052447,Vineyard,Planning Commission,2026-01-21,Planning Commission Meeting Cancelation,nan,nan,,,,,,,,,PROPOSED,,,https://www.utah.gov/pmn/sitemap/notice/1052447.html,"CANCELATION OF REGULAR MEETING
OF THE VINEYARD PLANNING COMMISSION,
Wednesday, January 21, 2026, 6:00 p.m.
CANCELATION NOTICE

PUBLIC NOTICE is hereby given that the Vineyard City Planning Commission's regularly scheduled meeting for January 21, 2026, has been canceled. 
 
The foregoing CANCELATION notice was posted on the Utah Public Notice Website and Vineyard Website, posted at the Vineyard City Offices and City Hall, and delivered electronically to city staff and each member of the Planning Commission.


CANCELATION NOTICING COMPLETED ON: January 15, 2026.

NOTICED BY:   /s/ Madison Reed
                          Madison Reed, Planning Technician",pmn,2026-06-15T14:00:27.328572Z,,,,
pmn_1055711,Vineyard,Planning Commission,2026-02-04,Planning Commission Meeting Cancelation,nan,nan,,,,,,,,,PROPOSED,,,https://www.utah.gov/pmn/sitemap/notice/1055711.html,"CANCELATION OF REGULAR MEETING
OF THE VINEYARD PLANNING COMMISSION,
Wednesday, February 4, 2026, 6:00 p.m.
CANCELATION NOTICE

PUBLIC NOTICE is hereby given that the Vineyard City Planning Commission's regularly scheduled meeting for February 4, 2026, has been canceled. 
 
The foregoing CANCELATION notice was posted on the Utah Public Notice Website and Vineyard Website, posted at the Vineyard City Offices and City Hall, and delivered electronically to city staff and each member of the Planning Commission.


CANCELATION NOTICING COMPLETED ON: January 29, 2026.

NOTICED BY:   /s/ Madison Reed
                          Madison Reed, Planning Technician",pmn,2026-06-15T14:00:27.328570Z,,,,
pmn_1059381,Vineyard,Planning Commission,2026-02-18,Planning Commission Meeting Cancelation,nan,nan,,,,,,,,,PROPOSED,,,https://www.utah.gov/pmn/sitemap/notice/1059381.html,"CANCELATION OF REGULAR MEETING
OF THE VINEYARD PLANNING COMMISSION,
Wednesday, February 18, 2026, 6:00 p.m.
CANCELATION NOTICE

PUBLIC NOTICE is hereby given that the Vineyard City Planning Commission's regularly scheduled meeting for February 18, 2026, has been canceled. 
 
The foregoing CANCELATION notice was posted on the Utah Public Notice Website and Vineyard Website, posted at the Vineyard City Offices and City Hall, and delivered electronically to city staff and each member of the Planning Commission.


CANCELATION NOTICING COMPLETED ON: February 12, 2026.

NOTICED BY:   /s/ Madison Reed
                          Madison Reed, Planning Technician",pmn,2026-06-15T14:00:27.328567Z,,,,
pmn_1062551_item0,Vineyard,Planning Commission,2026-03-04,The Forge Development Agreement Amendment,nan,0.9,DEVELOPER_ACTIVITY,Public hearing on a proposed amendment to an existing development agreement for The Forge project. Hearing has been rescheduled from March 4th to March 18th at Planning Commission level.,,,,The Forge,,,PROPOSED,35,Development agreement amendment undergoing public hearing process; rescheduled to March 18th Planning Commission and March 24th City Council.,https://www.utah.gov/pmn/sitemap/notice/1062551.html,,pmn,2026-06-15T14:00:27.328564Z,,,,
pmn_1062551_item1,Vineyard,Planning Commission,2026-03-04,Intermountain Health Development Agreement,nan,0.9,COMMERCIAL_PROJECT,Public hearing on a development agreement for an Intermountain Health project. Hearing has been rescheduled from March 4th to March 18th at Planning Commission level.,,,,Intermountain Health,,,PROPOSED,50,Healthcare/medical development agreement undergoing public hearing process; rescheduled to March 18th Planning Commission and March 24th City Council.,https://www.utah.gov/pmn/sitemap/notice/1062551.html,,pmn,2026-06-15T14:00:27.328564Z,,,,
pmn_1062551_item2,Vineyard,Planning Commission,2026-03-04,Holdaway Fields Development Agreement Amendment,nan,0.9,DEVELOPER_ACTIVITY,Public hearing on a proposed amendment to the existing development agreement for Holdaway Fields project.,,,,Holdaway Fields,,,PROPOSED,40,Development agreement amendment; full details and intent statement appear to be cut off in source document.,https://www.utah.gov/pmn/sitemap/notice/1062551.html,,pmn,2026-06-15T14:00:27.328564Z,,,,
pmn_1065873_item0,Vineyard,Planning Commission,2026-03-18,The Forge Development Agreement Amendment,nan,0.9,DEVELOPER_ACTIVITY,Public hearing on a Development Agreement Amendment for the Forge Development submitted by Jason Head with Dakota Pacific Real Estate. Details of the amendment are not fully specified in the agenda.,,,,Dakota Pacific Real Estate,,,PROPOSED,45,Development Agreement Amendment - likely involves modifications to existing approved development terms or conditions.,https://www.utah.gov/pmn/sitemap/notice/1065873.html,,pmn,2026-06-15T14:00:27.328544Z,,,,
pmn_1065873_item1,Vineyard,Planning Commission,2026-03-18,Intermountain Health Development Agreement,nan,0.9,COMMERCIAL_PROJECT,Public hearing on a Development Agreement for Intermountain Health property located within the Forge development. Represented by Kirton McConkie Law on behalf of Intermountain Health.,"Within Forge development, Vineyard, UT",,,Intermountain Health,,,PROPOSED,55,Healthcare facility development within larger Forge development project. Legal representation indicates significant institutional development.,https://www.utah.gov/pmn/sitemap/notice/1065873.html,,pmn,2026-06-15T14:00:27.328544Z,,,,
pmn_1065873_item2,Vineyard,Planning Commission,2026-03-18,Utah City Wellness Center and Resort Pool Phase 2 Site Plan Amendment,nan,0.9,LARGE_PROJECT,"Site plan amendment for Phase 2 of Utah City Wellness Center and Resort Pool. Amendment updates building elevations for the wellness building on the west side of the project. Proposed wellness building height is 44 feet with materials including stone, painted Tuscon plaster, architectural concrete, and slate shingles.","Utah City Wellness Center and Resort, Vineyard, UT",,,Flagborough,,,PROPOSED,60,Phase 2 of multi-phase wellness and resort project. Site plan amendment reflects architectural refinements during design development. Substantial commercial/hospitality use development.,https://www.utah.gov/pmn/sitemap/notice/1065873.html,,pmn,2026-06-15T14:00:27.328544Z,,,,
pmn_1069031,Vineyard,Planning Commission,2026-04-01,4.1.2026 Planning Commission Cancelation Notice,nan,nan,,,,,,,,,PROPOSED,,,https://www.utah.gov/pmn/sitemap/notice/1069031.html,"CANCELATION OF REGULAR MEETING
OF THE VINEYARD PLANNING COMMISSION,
Wednesday, April 1, 2026, 7:00 p.m.
CANCELATION NOTICE

PUBLIC NOTICE is hereby given that the Vineyard City Planning Commission's regularly scheduled meeting for April 1, 2026, has been canceled. 
 
The foregoing CANCELATION notice was posted on the Utah Public Notice Website and Vineyard Website, posted at the Vineyard City Offices and City Hall, and delivered electronically to city staff and each member of the Planning Commission.


CANCELLATION NOTICING COMPLETED ON: March 27, 2026

NOTICED BY:   /s/ Rachel Stevens
                          Rachel Stevens, Planner",pmn,2026-06-15T14:00:27.328541Z,,,,
pmn_1072411,Vineyard,Planning Commission,2026-04-15,CANCELED Planning Commission Meeting,nan,nan,,,,,,,,,PROPOSED,,,https://www.utah.gov/pmn/sitemap/notice/1072411.html,"CANCELATION OF REGULAR MEETING
OF THE VINEYARD PLANNING COMMISSION,
Wednesday, April 15, 2026, 7:00 p.m.
CANCELATION NOTICE

PUBLIC NOTICE is hereby given that the Vineyard City Planning Commission's regularly scheduled meeting for April 15, 2026, has been canceled. 
 
The foregoing CANCELATION notice was posted on the Utah Public Notice Website and Vineyard Website, posted at the Vineyard City Offices and City Hall, and delivered electronically to city staff and each member of the Planning Commission.


CANCELLATION NOTICING COMPLETED ON: April 13, 2026

NOTICED BY:   /s/ Rachel Stevens
                          Rachel Stevens, Planner",pmn,2026-06-15T14:00:27.328538Z,,,,
pmn_1075401,Vineyard,City Council,2026-04-28,City Council Meeting,nan,nan,,,,,,,,,PROPOSED,,,https://www.utah.gov/pmn/sitemap/notice/1075401.html,"NOTICE OF A REGULAR
CITY COUNCIL MEETING
APRIL 28, 2026, AT 4 PM
_______________________

PUBLIC NOTICE is hereby given that the Vineyard City Council will hold a regularly scheduled City Council meeting on Tuesday, April 28, 2026, at 4:00 PM, in the City Council Chambers at City Hall, 125 South Main Street, Vineyard, UT. This meeting can also be viewed on our live stream page.

AGENDA

Presiding Mayor Zack Stratton

1.	 CALL TO ORDER

2.	CLOSED SESSION
The Mayor and City Council pursuant to Utah Code 52-4-205 may vote to go into a closed session for the purpose of discussing an individual's character, professional competence, or physical or mental health.

3.	INVOCATION OR INSPIRATIONAL THOUGHT AND PLEDGE OF ALLEGIANCE  (By Invitation) 

4.	PUBLIC HEARING FOR CHANGES TO THE CONSOLIDATED FEE SCHEDULE
        4.1	Consolidated Fee Schedule

5.	WORK SESSION
         5.1 Organizational Structure
         5.2 Budget Update
         5.3 Purchase Policy Draft Review

6.	PUBLIC COMMENTS

7.	RECOGNITION / AWARDS
        7.1	Stephanie Mecham
        7.2  Cache Hancey
        7.3  Chris Jackson
        7.4  Chris Thomas, Clint Roundy, and Tyson Gerbach

8.	CONSENT ITEMS
        8.1Approval of March 10, 2026, City Council Meeting Minutes
        8.2	Approval of March 17, 2026, City Council Meeting Minutes
        8.3	Approval of March 24, 2026, City Council Meeting Minutes
        8.4	Approval of the April 14, 2026, City Council Meeting Minutes
        8.5	Update to Concession Code

9.	BUSINESS ITEMS
        9.1	Approve the Updated Consolidated Fee Schedule

10.	 ADJOURNMENT",pmn,2026-06-15T14:00:27.328422Z,,,,
pmn_1072523,Vineyard,City Council,2026-04-28,Public Hearing for the Consolidated Fee Schedule,nan,nan,,,,,,,,,PROPOSED,,,https://www.utah.gov/pmn/sitemap/notice/1072523.html,"PUBLIC NOTICE OF PUBLIC HEARING
VINEYARD CITY COUNCIL

Notice is hereby given that the Vineyard City Council will hold a Public Hearing on Tuesday, April 28, 2026, at 6:00 p.m., at Vineyard City Hall, 125 South Main Street, Vineyard, Utah.

The purpose of the Public Hearing is to receive public comment regarding proposed amendments to the Vineyard City Consolidated Fee Schedule, including updates and modifications to fees associated with:
-	Parks and Recreation programs and services
-	Vineyard Days events and activities
-	Library services

All interested persons are invited to attend the hearing and provide comment. Written comments may also be submitted to the City Recorder prior to the meeting at robinr@vineyardutah.gov

In compliance with the Americans with Disabilities Act, individuals needing special accommodations (including auxiliary communicative aids and services) should notify the City Recorder at least three (3) business days prior to the hearing. 801-226-1929

I, the undersigned City Recorder for Vineyard, Utah, hereby certify that the foregoing Public Notice as posted at the Vineyard City Office, on the Vineyard City website, and on the Utah Public Notice Website.

Published this 13 day of April 2026.
Robin Bond, Vineyard City Recorder",pmn,2026-06-15T14:00:27.328419Z,,,,
pmn_1077209_item0,Vineyard,City Council,2026-05-05,Vineyard City's Floodplain Regulation Update for National Flood Insurance Program Compliance,nan,0.9,INFRASTRUCTURE,Vineyard City is proposing updates to its floodplain management regulations to maintain compliance with the National Flood Insurance Program (NFIP) following updated flood hazard determinations issued by the Federal Emergency Management Agency (FEMA).,,,,,,,PROPOSED,15,"Regulatory compliance update; work session presentation item, not a formal approval.",https://www.utah.gov/pmn/sitemap/notice/1077209.html,,pmn,2026-06-15T14:00:27.328416Z,,,,
pmn_1077143_item0,Vineyard,Planning Commission,2026-05-06,Conditional Use and Site Plan for Tire Auto Body Shop and Retail at 430 S Geneva Road,nan,0.9,COMMERCIAL_PROJECT,"Guilford Rand requests approval of a site plan for a two-building commercial development including a tire/auto body shop, general retail space, restaurant, parking, landscaping, and related site improvements in the Regional Commercial Zone.","430 S Geneva Road, Vineyard, UT",,,Guilford Rand,Regional Commercial Zone,,PROPOSED,45,Multi-use commercial development with auto service and retail components. Includes restaurant use.,https://www.utah.gov/pmn/sitemap/notice/1077143.html,,pmn,2026-06-15T14:00:27.328536Z,,,,
pmn_1077143_item1,Vineyard,Planning Commission,2026-05-06,Site Plan Amendment: Utah City Wellness Center and Resort Pool Phase 2,nan,0.9,COMMERCIAL_PROJECT,"Flagborough requests approval of a site plan amendment to update building elevations and landscaping for Phase 2 of the Utah City Wellness Center and Resort Pool, with no other changes to the previously approved site plan.",,,,Flagborough,,,PROPOSED,35,Amendment to existing approved project; modifications limited to building elevations and landscaping only.,https://www.utah.gov/pmn/sitemap/notice/1077143.html,,pmn,2026-06-15T14:00:27.328536Z,,,,
pmn_1078885,Vineyard,City Council,2026-05-12,City Council Meeting,nan,nan,,,,,,,,,PROPOSED,,,https://www.utah.gov/pmn/sitemap/notice/1078885.html,"Page 1 of 2; May 12, 2026, City Council Agenda
NOTICE OF TWO PUBLIC HEARINGS HELD DURING THE REGULAR CITY COUNCIL MEETING
May 12, 2026, at 6:00 PM
________________
PUBLIC NOTICE is hereby given that the Vineyard City Council will hold two Public Hearings and a regularly scheduled City Council meeting on Tuesday, May 12, 2026, at 6:00 PM, in the City Council Chambers at City Hall, 125 South Main Street, Vineyard, UT. This meeting can also be viewed on our live stream page.

AGENDA

Presiding Mayor Zack Stratton

1. CALL TO ORDER

2. PLEDGE OF ALLEGIANCE AND INVOCATION

3. RECOGNITIONS, AWARDS, OR PROCLAMATIONS
    3.1. Hunter Campbell and Tony Tienda, Environmental Utilities Operators The City recognizes Hunter Campbell and Tyson Tienda, Water Operator 1, for earning their Grade 2 Water Operator Certification. This certification reflects expertise in water systems and qualifies them to operate, treat, and distribute water in large, complex municipal systems.

3.2. Blaine Nielson, Public Works Technician The city recognizes Blaine Nielson, Public Works Technician, for receiving his ISA (International Society of Arboriculture) Arborist certification. This certificate reflects his continued professional growth and recognizes his level of knowledge and skill in the art and science of arboriculture, encompassing areas such as tree biology, diagnosis, maintenance, and safety.

4. CONFLICT OF INTEREST DISCLOSURE

5. PUBLIC HEARING FOR THE CONSOLIDATED FEE SCHEDULE
    5.1. Consolidated Fee Schedule

6. PUBLIC HEARING FOR THE TENTATIVE 2026-2027 FISCAL YEAR BUDGET
    6.1. Tentative 2026-2027 Fiscal Year Budget

7. CONSENT ITEMS
     7.1. Approval of the April 28, 2026, City Council Meeting Minutes
     7.2. Approval of the May 5, 2026, City Council Work Meeting Minutes
     7.3. Approval of Central Utah Water Conservancy District (CUWCD) CWP Water Supply Agreement and Takedown Schedule

8. PUBLIC COMMENTS (3 MINUTES)
'Public Comments' is def",pmn,2026-06-15T14:00:27.328411Z,,,,
pmn_1077157,Vineyard,City Council,2026-05-12,NOTICE OF PUBLIC HEARING FOR TENTATIVE FISCAL YEAR 2026-2027 BUDGET,nan,nan,,,,,,,,,PROPOSED,,,https://www.utah.gov/pmn/sitemap/notice/1077157.html,"VINEYARD CITY COUNCIL
VINEYARD RDA BOARD
NOTICE OF PUBLIC HEARING FOR TENATIVE FISCAL YEAR 2026-2027 BUDGET

Notice is hereby given that the Vineyard Redevelopment Agency (RDA) will hold a public hearing on Tuesday, May 12, 2026, starting at 6:00 PM in the City Council Chambers at 125 South Main Street, Vineyard, Utah, to hear public comment regarding the RDA Tentative Fiscal Year 2026-2027 Budget. 

Vineyard City Council will hold a public hearing on Tuesday, May 12, 2026, starting at 6:00 PM or as soon thereafter as possible, following the Redevelopment Agency Board Meeting, in the City Council Chambers at 125 South Main Street, Vineyard, Utah, to hear public comment regarding the Tentative Fiscal Year 2026-2027 Budget. 

Any person who has an interest in these matters may attend and be heard during the public hearings. Written comments and requests for copies of materials can be emailed to robinr@vineyardutah.gov prior to the meeting. The related budget documents can be found on our website at www.vineyardutah.gov/government/budget.php#outer-366

Robin Bond
Vineyard City Recorder",pmn,2026-06-15T14:00:27.328414Z,,,,
pmn_1080985_item0,Vineyard,City Council,2026-05-19,Tree Inventory & Planting Updates - Urban Forestry Program,nan,0.9,INFRASTRUCTURE,"Presentation on Vineyard City's urban forestry and tree management efforts, including Tree City USA program status, Grove Park tree replacement, tree loss causes, updated planting and maintenance practices, and comprehensive tree inventory initiative implementation.",,,,,,,PROPOSED,15,Infrastructure and quality-of-life initiative; Grove Park tree replacement suggests ongoing development considerations,https://www.utah.gov/pmn/sitemap/notice/1080985.html,,pmn,2026-06-15T14:00:27.328408Z,,,,
pmn_1080985_item1,Vineyard,City Council,2026-05-19,Pavement Preservation Program Update - Roadway Maintenance,nan,0.9,INFRASTRUCTURE,"Update on Vineyard City's Pavement Preservation Program including roadway condition overview, preservation planning, maintenance funding strategies, and HA5 rejuvenation treatment applications for street maintenance.",,,,,,,PROPOSED,10,Infrastructure maintenance and funding discussion; relevant for understanding development readiness and city capacity,https://www.utah.gov/pmn/sitemap/notice/1080985.html,,pmn,2026-06-15T14:00:27.328408Z,,,,
pmn_1080985_item2,Vineyard,City Council,2026-05-19,Discuss Cadence Homes,nan,0.9,DEVELOPER_ACTIVITY,Discussion item regarding Cadence Homes (major regional builder); specific project details not provided in agenda.,,,,Cadence Homes,,,PROPOSED,45,Cadence Homes is a significant developer in Utah; agenda item title only with no details suggests preliminary discussion or undisclosed project parameters,https://www.utah.gov/pmn/sitemap/notice/1080985.html,,pmn,2026-06-15T14:00:27.328408Z,,,,
pmn_1083107_item0,Vineyard,City Council,2026-05-26,"$694,500 Utah Outdoor Recreation Grant for All-Wheels Concrete Skate Park",nan,0.9,INFRASTRUCTURE,"Vineyard City has been awarded a $694,500 Utah Outdoor Recreation Grant for construction of an All-Wheels Concrete Skate Park. This is a presentation and recognition of the grant award.",Vineyard City,,,,,,APPROVED,35,Public recreation infrastructure project funded by state grant. Skate park will serve community recreational needs.,https://www.utah.gov/pmn/sitemap/notice/1083107.html,,pmn,2026-06-15T14:00:27.328405Z,,,,
pmn_1083107_item1,Vineyard,City Council,2026-05-26,Cosmo at the Park - Special Event Fee Waiver,nan,0.9,,Request for a special event fee waiver for Cosmo at the Park event.,,,,,,,PROPOSED,0,Municipal event permit matter; limited real estate development relevance.,https://www.utah.gov/pmn/sitemap/notice/1083107.html,,pmn,2026-06-15T14:00:27.328405Z,,,,
pmn_1085007,Vineyard,Planning Commission,2026-06-03,Planning Commission Cancellation Notice,nan,nan,,,,,,,,,PROPOSED,,,https://www.utah.gov/pmn/sitemap/notice/1085007.html,"CANCELATION OF REGULAR MEETING
OF THE VINEYARD PLANNING COMMISSION,
Wednesday, June 3, 2026, 7:00 p.m.
CANCELATION NOTICE

PUBLIC NOTICE is hereby given that the Vineyard City Planning Commission's regularly scheduled meeting for June 3, 2026, has been canceled. 
 
The foregoing CANCELATION notice was posted on the Utah Public Notice Website and Vineyard Website, posted at the Vineyard City Offices and City Hall, and delivered electronically to city staff and each member of the Planning Commission.


CANCELLATION NOTICING COMPLETED ON: June 1, 2026

NOTICED BY:   /s/ Rachel Stevens
                          Rachel Stevens, Planner",pmn,2026-06-15T14:00:27.328532Z,,,,
pmn_1086367_item0,Vineyard,City Council,2026-06-09,Holdaway Fields Development Agreement Amendment,nan,0.9,DEVELOPER_ACTIVITY,Public hearing for amendment to development agreement for Holdaway Fields project,,,,,,,PROPOSED,55,Development agreement amendment suggests ongoing project with potential modifications to terms or conditions,https://www.utah.gov/pmn/sitemap/notice/1086367.html,,pmn,2026-06-15T14:00:27.328400Z,,,,
pmn_1086367_item1,Vineyard,City Council,2026-06-09,Vineyard City Floodplain Regulation Update for NFIP Compliance,nan,0.9,INFRASTRUCTURE,Updates to floodplain management regulations to maintain compliance with National Flood Insurance Program (NFIP) following updated flood hazard determinations from FEMA,,,,,,,PROPOSED,30,Regulatory compliance update; may affect future development in floodplain areas,https://www.utah.gov/pmn/sitemap/notice/1086367.html,,pmn,2026-06-15T14:00:27.328400Z,,,,
pmn_1083079_item0,Vineyard,City Council,2026-06-09,Holdaway Fields Development Agreement Amendment,nan,0.9,LARGE_PROJECT,"Amendment to existing development agreement for Holdaway Fields to align with current build strategy and implementation schedule. Proposal includes phasing plan, park dedication timing, amenities, and lot frontage standards. Key staff recommendation: impact fees (city and pass-through) to be assessed at building permit application rather than locked in at development agreement execution.",,,,Holdaway Fields developer,,,PROPOSED,72,"Public hearing scheduled June 9, 2026 at 6 pm. Staff recommends deferring impact fee calculations to building permit stage to avoid locking in fees at agreement execution, which could negatively impact city fiscal projections and other residents. Contact: Anthony Fletcher, Long Range Planner, anthony@vineyardutah.gov",https://www.utah.gov/pmn/sitemap/notice/1083079.html,,pmn,2026-06-15T14:00:27.328403Z,40.8899274,-111.8509562,nominatim,0.75
pmn_1087283,Vineyard,City Council,2026-06-09,Redevelopment Agency Board Meeting,nan,nan,,,,,,,,,PROPOSED,,,https://www.utah.gov/pmn/sitemap/notice/1087283.html,"Page 1 of 2; June 9, 2026, Redevelopment Agency Board Agenda
NOTICE OF A REDEVELOPMENT AGENCY BOARD MEETING
June 9, 2026, at 6:00 PM
________________
PUBLIC NOTICE is hereby given that the Vineyard Redevelopment Agency Board will hold a regularly scheduled Redevelopment Agency Board meeting on Tuesday, June 9, 2026, at 6:00 PM, in the City Council Chambers at City Hall, 125 South Main Street, Vineyard, UT. This meeting can also be viewed on our live stream page.
AGENDA

1. CALL TO ORDER

2. PRESENTATIONS, RECOGNITIONS, AWARDS, AND PROCLAMATIONS
     2.1. Report from the RDA subcommittee regarding interviews with applicants for RDA Advisor positions.

3. CONSENT ITEMS
     3.1. Approval of the April 28, 2026, RDA Meeting Minutes
     3.2. Approval of the May 12, 2026, RDA Meeting Minutes

4. BUSINESS ITEMS
     4.1. Approve the appointment of Kim Cornelius to serve as an RDA Advisor.
     4.2. Approve the appointment of Keith Vincent to serve as an RDA Advisor
     4.3. Approve the appointment of Jared Tamez to serve as an RDA Advisor.

5. CLOSED SESSION
The Vineyard Redevelopment Agency Board, pursuant to Utah Code 52-4-205, may vote to go into a closed session for the purpose of personnel, real property, or litigation.

6. ADJOURNMENT",pmn,2026-06-15T14:00:27.328396Z,,,,
